solid OpenSCAD_Model
  facet normal -1 0 0
    outer loop
      vertex -51.5 -51.25 -2
      vertex -51.5 -51.25 20
      vertex -51.5 51.25 20
    endloop
  endfacet
  facet normal 0 0 -1
    outer loop
      vertex -51.5 -51.25 -2
      vertex -51.5 51.25 -2
      vertex 51.5 51.25 -2
    endloop
  endfacet
  facet normal -1 0 0
    outer loop
      vertex -51.5 -51.25 -2
      vertex -51.5 51.25 20
      vertex -51.5 51.25 -2
    endloop
  endfacet
  facet normal 0 -1 0
    outer loop
      vertex -51.5 -51.25 -2
      vertex 51.5 -51.25 -2
      vertex 51.5 -51.25 20
    endloop
  endfacet
  facet normal 0 -1 0
    outer loop
      vertex -51.5 -51.25 -2
      vertex 51.5 -51.25 20
      vertex -51.5 -51.25 20
    endloop
  endfacet
  facet normal 0 0 -1
    outer loop
      vertex -51.5 -51.25 -2
      vertex 51.5 51.25 -2
      vertex 51.5 -51.25 -2
    endloop
  endfacet
  facet normal 0 0 1
    outer loop
      vertex -51.5 -51.25 20
      vertex -51 0 20
      vertex -50.992232452975955 0.8900727283014591 20
    endloop
  endfacet
  facet normal 0 0 1
    outer loop
      vertex -51.5 -51.25 20
      vertex -50.992232452975955 -0.8900727283014591 20
      vertex -51 0 20
    endloop
  endfacet
  facet normal 0 0 1
    outer loop
      vertex -51.5 -51.25 20
      vertex -50.992232452975955 0.8900727283014591 20
      vertex -51.5 51.25 20
    endloop
  endfacet
  facet normal 0 0 1
    outer loop
      vertex -51.5 -51.25 20
      vertex -50.96893217797388 -1.7798743318275494 20
      vertex -50.992232452975955 -0.8900727283014591 20
    endloop
  endfacet
  facet normal 0 0 1
    outer loop
      vertex -51.5 -51.25 20
      vertex -50.930106272483265 -2.6691337683901355 20
      vertex -50.96893217797388 -1.7798743318275494 20
    endloop
  endfacet
  facet normal 0 0 1
    outer loop
      vertex -51.5 -51.25 20
      vertex -50.875766563251034 -3.5575801609503905 20
      vertex -50.930106272483265 -2.6691337683901355 20
    endloop
  endfacet
  facet normal 0 0 1
    outer loop
      vertex -51.5 -51.25 20
      vertex -50.80592960267902 -4.444942880130567 20
      vertex -50.875766563251034 -3.5575801609503905 20
    endloop
  endfacet
  facet normal 0 0 1
    outer loop
      vertex -51.5 -51.25 20
      vertex -50.72061666378194 -5.330951626650327 20
      vertex -50.80592960267902 -4.444942880130567 20
    endloop
  endfacet
  facet normal 0 0 1
    outer loop
      vertex -51.5 -51.25 20
      vertex -50.61985373370742 -6.215336513662521 20
      vertex -50.72061666378194 -5.330951626650327 20
    endloop
  endfacet
  facet normal 0 0 1
    outer loop
      vertex -51.5 -51.25 20
      vertex -50.50367150582009 -7.0978281489633375 20
      vertex -50.61985373370742 -6.215336513662521 20
    endloop
  endfacet
  facet normal 0 0 1
    outer loop
      vertex -51.5 -51.25 20
      vertex -50.372105370352024 -7.978157717051774 20
      vertex -50.50367150582009 -7.0978281489633375 20
    endloop
  endfacet
  facet normal 0 0 1
    outer loop
      vertex -51.5 -51.25 20
      vertex -50.22519540362261 -8.856057061013447 20
      vertex -50.372105370352024 -7.978157717051774 20
    endloop
  endfacet
  facet normal 0 0 1
    outer loop
      vertex -51.5 -51.25 20
      vertex -50.062986355830866 -9.731258764203785 20
      vertex -50.22519540362261 -8.856057061013447 20
    endloop
  endfacet
  facet normal 0 0 1
    outer loop
      vertex -51.5 -51.25 20
      vertex -49.88552763742409 -10.603496231705726 20
      vertex -50.062986355830866 -9.731258764203785 20
    endloop
  endfacet
  facet normal 0 0 1
    outer loop
      vertex -51.5 -51.25 20
      vertex -49.692873304047 -11.472503771537115 20
      vertex -49.88552763742409 -10.603496231705726 20
    endloop
  endfacet
  facet normal 0 0 1
    outer loop
      vertex -51.5 -51.25 20
      vertex -49.48508204007582 -12.338016675583054 20
      vertex -49.692873304047 -11.472503771537115 20
    endloop
  endfacet
  facet normal 0 0 1
    outer loop
      vertex -51.5 -51.25 20
      vertex -49.262217140742486 -13.199771300228559 20
      vertex -49.48508204007582 -12.338016675583054 20
    endloop
  endfacet
  facet normal 0 0 1
    outer loop
      vertex -51.5 -51.25 20
      vertex -49.024346492854264 -14.057505146666957 20
      vertex -49.262217140742486 -13.199771300228559 20
    endloop
  endfacet
  facet normal 0 0 1
    outer loop
      vertex -51.5 -51.25 20
      vertex -48.77154255411481 -14.910956940859576 20
      vertex -49.024346492854264 -14.057505146666957 20
    endloop
  endfacet
  facet normal 0 0 1
    outer loop
      vertex -51.5 -51.25 20
      vertex -48.50388233105283 -15.759866713122317 20
      vertex -48.77154255411481 -14.910956940859576 20
    endloop
  endfacet
  facet normal 0 0 1
    outer loop
      vertex -51.5 -51.25 20
      vertex -48.22144735556516 -16.60397587731499 20
      vertex -48.50388233105283 -15.759866713122317 20
    endloop
  endfacet
  facet normal 0 0 1
    outer loop
      vertex -51.5 -51.25 20
      vertex -47.92432366008133 -17.443027309609104 20
      vertex -48.22144735556516 -16.60397587731499 20
    endloop
  endfacet
  facet normal 0 0 1
    outer loop
      vertex -51.5 -51.25 20
      vertex -47.61260175135729 -18.276765426810314 20
      vertex -47.92432366008133 -17.443027309609104 20
    endloop
  endfacet
  facet normal 0 0 1
    outer loop
      vertex -51.5 -51.25 20
      vertex -47.28637658290616 -19.104936264211513 20
      vertex -47.61260175135729 -18.276765426810314 20
    endloop
  endfacet
  facet normal 0 0 1
    outer loop
      vertex -51.5 -51.25 20
      vertex -46.945747526074456 -19.92728755295296 20
      vertex -47.28637658290616 -19.104936264211513 20
    endloop
  endfacet
  facet normal 0 0 1
    outer loop
      vertex -51.5 -51.25 20
      vertex -46.590818339772646 -20.743568796865812 20
      vertex -46.945747526074456 -19.92728755295296 20
    endloop
  endfacet
  facet normal 0 0 1
    outer loop
      vertex -51.5 -51.25 20
      vertex -46.221697138869146 -21.55353134877567 20
      vertex -46.590818339772646 -20.743568796865812 20
    endloop
  endfacet
  facet normal 0 0 1
    outer loop
      vertex -51.5 -51.25 20
      vertex -45.83849636125752 -22.356928486242946 20
      vertex -46.221697138869146 -21.55353134877567 20
    endloop
  endfacet
  facet normal 0 0 1
    outer loop
      vertex -51.5 -51.25 20
      vertex -45.441332733606764 -23.153515486716884 20
      vertex -45.83849636125752 -22.356928486242946 20
    endloop
  endfacet
  facet normal 0 0 1
    outer loop
      vertex -51.5 -51.25 20
      vertex -45.030327235805274 -23.94304970208043 20
      vertex -45.441332733606764 -23.153515486716884 20
    endloop
  endfacet
  facet normal 0 0 1
    outer loop
      vertex -51.5 -51.25 20
      vertex -44.605605064109184 -24.72529063256319 20
      vertex -45.030327235805274 -23.94304970208043 20
    endloop
  endfacet
  facet normal 0 0 1
    outer loop
      vertex -51.5 -51.25 20
      vertex -44.167295593006365 -25.5 20
      vertex -44.605605064109184 -24.72529063256319 20
    endloop
  endfacet
  facet normal 0 0 1
    outer loop
      vertex -51.5 -51.25 20
      vertex -43.71553233580773 -26.26694182041276 20
      vertex -44.167295593006365 -25.5 20
    endloop
  endfacet
  facet normal 0 0 1
    outer loop
      vertex -51.5 -51.25 20
      vertex -43.250452903977724 -27.02588247589345 20
      vertex -43.71553233580773 -26.26694182041276 20
    endloop
  endfacet
  facet normal 0 0 1
    outer loop
      vertex -51.5 -51.25 20
      vertex -42.772198965216624 -27.77659078576638 20
      vertex -43.250452903977724 -27.02588247589345 20
    endloop
  endfacet
  facet normal 0 0 1
    outer loop
      vertex -51.5 -51.25 20
      vertex -42.280916200307125 -28.51883807700809 20
      vertex -42.772198965216624 -27.77659078576638 20
    endloop
  endfacet
  facet normal 0 0 1
    outer loop
      vertex -51.5 -51.25 20
      vertex -41.776754258738585 -29.252398253903348 20
      vertex -42.280916200307125 -28.51883807700809 20
    endloop
  endfacet
  facet normal 0 0 1
    outer loop
      vertex -51.5 -51.25 20
      vertex -41.25986671312232 -29.97704786691613 20
      vertex -41.776754258738585 -29.252398253903348 20
    endloop
  endfacet
  facet normal 0 0 1
    outer loop
      vertex -51.5 -51.25 20
      vertex -40.730411012411935 -30.69256618075446 20
      vertex -41.25986671312232 -29.97704786691613 20
    endloop
  endfacet
  facet normal 0 0 1
    outer loop
      vertex -51.5 -51.25 20
      vertex -40.18854843394282 -31.398735241608573 20
      vertex -40.730411012411935 -30.69256618075446 20
    endloop
  endfacet
  facet normal 0 0 1
    outer loop
      vertex -51.5 -51.25 20
      vertex -39.63444403430552 -32.09533994354171 20
      vertex -40.18854843394282 -31.398735241608573 20
    endloop
  endfacet
  facet normal 0 0 1
    outer loop
      vertex -51.5 -51.25 20
      vertex -39.068266599067876 -32.7821680940135 20
      vertex -39.63444403430552 -32.09533994354171 20
    endloop
  endfacet
  facet normal 0 0 1
    outer loop
      vertex -51.5 -51.25 20
      vertex -38.490188591361374 -33.45901047851587 20
      vertex -39.068266599067876 -32.7821680940135 20
    endloop
  endfacet
  facet normal 0 0 1
    outer loop
      vertex -51.5 -51.25 20
      vertex -37.90038609934711 -34.12566092430177 20
      vertex -38.490188591361374 -33.45901047851587 20
    endloop
  endfacet
  facet normal 0 0 1
    outer loop
      vertex -51.5 -51.25 20
      vertex -37.299038782577696 -34.78191636318742 20
      vertex -37.90038609934711 -34.12566092430177 20
    endloop
  endfacet
  facet normal 0 0 1
    outer loop
      vertex -51.5 -51.25 20
      vertex -36.68632981727121 -35.42757689340886 20
      vertex -37.299038782577696 -34.78191636318742 20
    endloop
  endfacet
  facet normal 0 0 1
    outer loop
      vertex -51.5 -51.25 20
      vertex -36.062445840513924 -36.062445840513924 20
      vertex -36.68632981727121 -35.42757689340886 20
    endloop
  endfacet
  facet normal 0 0 1
    outer loop
      vertex -51.5 -51.25 20
      vertex -35.42757689340886 -36.68632981727121 20
      vertex -36.062445840513924 -36.062445840513924 20
    endloop
  endfacet
  facet normal 0 0 1
    outer loop
      vertex -51.5 -51.25 20
      vertex -34.78191636318742 -37.299038782577696 20
      vertex -35.42757689340886 -36.68632981727121 20
    endloop
  endfacet
  facet normal 0 0 1
    outer loop
      vertex -51.5 -51.25 20
      vertex -34.12566092430177 -37.90038609934711 20
      vertex -34.78191636318742 -37.299038782577696 20
    endloop
  endfacet
  facet normal 0 0 1
    outer loop
      vertex -51.5 -51.25 20
      vertex -33.45901047851587 -38.490188591361374 20
      vertex -34.12566092430177 -37.90038609934711 20
    endloop
  endfacet
  facet normal 0 0 1
    outer loop
      vertex -51.5 -51.25 20
      vertex -32.7821680940135 -39.068266599067876 20
      vertex -33.45901047851587 -38.490188591361374 20
    endloop
  endfacet
  facet normal 0 0 1
    outer loop
      vertex -51.5 -51.25 20
      vertex -32.09533994354171 -39.63444403430552 20
      vertex -32.7821680940135 -39.068266599067876 20
    endloop
  endfacet
  facet normal 0 0 1
    outer loop
      vertex -51.5 -51.25 20
      vertex -31.398735241608573 -40.18854843394282 20
      vertex -32.09533994354171 -39.63444403430552 20
    endloop
  endfacet
  facet normal 0 0 1
    outer loop
      vertex -51.5 -51.25 20
      vertex -30.69256618075446 -40.730411012411935 20
      vertex -31.398735241608573 -40.18854843394282 20
    endloop
  endfacet
  facet normal 0 0 1
    outer loop
      vertex -51.5 -51.25 20
      vertex -29.97704786691613 -41.25986671312232 20
      vertex -30.69256618075446 -40.730411012411935 20
    endloop
  endfacet
  facet normal 0 0 1
    outer loop
      vertex -51.5 -51.25 20
      vertex -29.252398253903348 -41.776754258738585 20
      vertex -29.97704786691613 -41.25986671312232 20
    endloop
  endfacet
  facet normal 0 0 1
    outer loop
      vertex -51.5 -51.25 20
      vertex -28.51883807700809 -42.280916200307125 20
      vertex -29.252398253903348 -41.776754258738585 20
    endloop
  endfacet
  facet normal 0 0 1
    outer loop
      vertex -51.5 -51.25 20
      vertex -27.77659078576638 -42.772198965216624 20
      vertex -28.51883807700809 -42.280916200307125 20
    endloop
  endfacet
  facet normal 0 0 1
    outer loop
      vertex -51.5 -51.25 20
      vertex -27.02588247589345 -43.250452903977724 20
      vertex -27.77659078576638 -42.772198965216624 20
    endloop
  endfacet
  facet normal 0 0 1
    outer loop
      vertex -51.5 -51.25 20
      vertex -26.26694182041276 -43.71553233580773 20
      vertex -27.02588247589345 -43.250452903977724 20
    endloop
  endfacet
  facet normal 0 0 1
    outer loop
      vertex -51.5 -51.25 20
      vertex -25.5 -44.167295593006365 20
      vertex -26.26694182041276 -43.71553233580773 20
    endloop
  endfacet
  facet normal 0 0 1
    outer loop
      vertex -51.5 -51.25 20
      vertex -24.72529063256319 -44.605605064109184 20
      vertex -25.5 -44.167295593006365 20
    endloop
  endfacet
  facet normal 0 0 1
    outer loop
      vertex -51.5 -51.25 20
      vertex -23.94304970208043 -45.030327235805274 20
      vertex -24.72529063256319 -44.605605064109184 20
    endloop
  endfacet
  facet normal 0 0 1
    outer loop
      vertex -51.5 -51.25 20
      vertex -23.153515486716884 -45.441332733606764 20
      vertex -23.94304970208043 -45.030327235805274 20
    endloop
  endfacet
  facet normal 0 0 1
    outer loop
      vertex -51.5 -51.25 20
      vertex -22.356928486242946 -45.83849636125752 20
      vertex -23.153515486716884 -45.441332733606764 20
    endloop
  endfacet
  facet normal 0 0 1
    outer loop
      vertex -51.5 -51.25 20
      vertex -21.55353134877567 -46.221697138869146 20
      vertex -22.356928486242946 -45.83849636125752 20
    endloop
  endfacet
  facet normal 0 0 1
    outer loop
      vertex -51.5 -51.25 20
      vertex -20.743568796865812 -46.590818339772646 20
      vertex -21.55353134877567 -46.221697138869146 20
    endloop
  endfacet
  facet normal 0 0 1
    outer loop
      vertex -51.5 -51.25 20
      vertex -19.92728755295296 -46.945747526074456 20
      vertex -20.743568796865812 -46.590818339772646 20
    endloop
  endfacet
  facet normal 0 0 1
    outer loop
      vertex -51.5 -51.25 20
      vertex -19.104936264211513 -47.28637658290616 20
      vertex -19.92728755295296 -46.945747526074456 20
    endloop
  endfacet
  facet normal 0 0 1
    outer loop
      vertex -51.5 -51.25 20
      vertex -18.276765426810314 -47.61260175135729 20
      vertex -19.104936264211513 -47.28637658290616 20
    endloop
  endfacet
  facet normal 0 0 1
    outer loop
      vertex -51.5 -51.25 20
      vertex -17.443027309609104 -47.92432366008133 20
      vertex -18.276765426810314 -47.61260175135729 20
    endloop
  endfacet
  facet normal 0 0 1
    outer loop
      vertex -51.5 -51.25 20
      vertex -16.60397587731499 -48.22144735556516 20
      vertex -17.443027309609104 -47.92432366008133 20
    endloop
  endfacet
  facet normal 0 0 1
    outer loop
      vertex -51.5 -51.25 20
      vertex -15.759866713122317 -48.50388233105283 20
      vertex -16.60397587731499 -48.22144735556516 20
    endloop
  endfacet
  facet normal 0 0 1
    outer loop
      vertex -51.5 -51.25 20
      vertex -14.910956940859576 -48.77154255411481 20
      vertex -15.759866713122317 -48.50388233105283 20
    endloop
  endfacet
  facet normal 0 0 1
    outer loop
      vertex -51.5 -51.25 20
      vertex -14.057505146666957 -49.024346492854264 20
      vertex -14.910956940859576 -48.77154255411481 20
    endloop
  endfacet
  facet normal 0 0 1
    outer loop
      vertex -51.5 -51.25 20
      vertex -13.199771300228559 -49.262217140742486 20
      vertex -14.057505146666957 -49.024346492854264 20
    endloop
  endfacet
  facet normal 0 0 1
    outer loop
      vertex -51.5 -51.25 20
      vertex -12.338016675583054 -49.48508204007582 20
      vertex -13.199771300228559 -49.262217140742486 20
    endloop
  endfacet
  facet normal 0 0 1
    outer loop
      vertex -51.5 -51.25 20
      vertex -11.472503771537115 -49.692873304047 20
      vertex -12.338016675583054 -49.48508204007582 20
    endloop
  endfacet
  facet normal 0 0 1
    outer loop
      vertex -51.5 -51.25 20
      vertex -10.603496231705726 -49.88552763742409 20
      vertex -11.472503771537115 -49.692873304047 20
    endloop
  endfacet
  facet normal 0 0 1
    outer loop
      vertex -51.5 -51.25 20
      vertex -9.731258764203785 -50.062986355830866 20
      vertex -10.603496231705726 -49.88552763742409 20
    endloop
  endfacet
  facet normal 0 0 1
    outer loop
      vertex -51.5 -51.25 20
      vertex -8.856057061013447 -50.22519540362261 20
      vertex -9.731258764203785 -50.062986355830866 20
    endloop
  endfacet
  facet normal 0 0 1
    outer loop
      vertex -51.5 -51.25 20
      vertex -7.978157717051774 -50.372105370352024 20
      vertex -8.856057061013447 -50.22519540362261 20
    endloop
  endfacet
  facet normal 0 0 1
    outer loop
      vertex -51.5 -51.25 20
      vertex -7.0978281489633375 -50.50367150582009 20
      vertex -7.978157717051774 -50.372105370352024 20
    endloop
  endfacet
  facet normal 0 0 1
    outer loop
      vertex -51.5 -51.25 20
      vertex -6.215336513662521 -50.61985373370742 20
      vertex -7.0978281489633375 -50.50367150582009 20
    endloop
  endfacet
  facet normal 0 0 1
    outer loop
      vertex -51.5 -51.25 20
      vertex -5.330951626650327 -50.72061666378194 20
      vertex -6.215336513662521 -50.61985373370742 20
    endloop
  endfacet
  facet normal 0 0 1
    outer loop
      vertex -51.5 -51.25 20
      vertex -4.444942880130567 -50.80592960267902 20
      vertex -5.330951626650327 -50.72061666378194 20
    endloop
  endfacet
  facet normal 0 0 1
    outer loop
      vertex -51.5 -51.25 20
      vertex -3.5575801609503905 -50.875766563251034 20
      vertex -4.444942880130567 -50.80592960267902 20
    endloop
  endfacet
  facet normal 0 0 1
    outer loop
      vertex -51.5 -51.25 20
      vertex -2.6691337683901355 -50.930106272483265 20
      vertex -3.5575801609503905 -50.875766563251034 20
    endloop
  endfacet
  facet normal 0 0 1
    outer loop
      vertex -51.5 -51.25 20
      vertex -1.7798743318275494 -50.96893217797388 20
      vertex -2.6691337683901355 -50.930106272483265 20
    endloop
  endfacet
  facet normal 0 0 1
    outer loop
      vertex -51.5 -51.25 20
      vertex -0.8900727283014591 -50.992232452975955 20
      vertex -1.7798743318275494 -50.96893217797388 20
    endloop
  endfacet
  facet normal 0 0 1
    outer loop
      vertex -51.5 -51.25 20
      vertex 0 -51 20
      vertex -0.8900727283014591 -50.992232452975955 20
    endloop
  endfacet
  facet normal 0 0 1
    outer loop
      vertex -51.5 -51.25 20
      vertex 51.5 -51.25 20
      vertex 0 -51 20
    endloop
  endfacet
  facet normal 0 1 0
    outer loop
      vertex -51.5 51.25 -2
      vertex -51.5 51.25 20
      vertex 51.5 51.25 -2
    endloop
  endfacet
  facet normal 0 0 1
    outer loop
      vertex -51.5 51.25 20
      vertex -50.992232452975955 0.8900727283014591 20
      vertex -50.96893217797388 1.7798743318275494 20
    endloop
  endfacet
  facet normal 0 0 1
    outer loop
      vertex -51.5 51.25 20
      vertex -50.96893217797388 1.7798743318275494 20
      vertex -50.930106272483265 2.6691337683901355 20
    endloop
  endfacet
  facet normal 0 0 1
    outer loop
      vertex -51.5 51.25 20
      vertex -50.930106272483265 2.6691337683901355 20
      vertex -50.875766563251034 3.5575801609503905 20
    endloop
  endfacet
  facet normal 0 0 1
    outer loop
      vertex -51.5 51.25 20
      vertex -50.875766563251034 3.5575801609503905 20
      vertex -50.80592960267902 4.444942880130567 20
    endloop
  endfacet
  facet normal 0 0 1
    outer loop
      vertex -51.5 51.25 20
      vertex -50.80592960267902 4.444942880130567 20
      vertex -50.72061666378194 5.330951626650327 20
    endloop
  endfacet
  facet normal 0 0 1
    outer loop
      vertex -51.5 51.25 20
      vertex -50.72061666378194 5.330951626650327 20
      vertex -50.61985373370742 6.215336513662521 20
    endloop
  endfacet
  facet normal 0 0 1
    outer loop
      vertex -51.5 51.25 20
      vertex -50.61985373370742 6.215336513662521 20
      vertex -50.50367150582009 7.0978281489633375 20
    endloop
  endfacet
  facet normal 0 0 1
    outer loop
      vertex -51.5 51.25 20
      vertex -50.50367150582009 7.0978281489633375 20
      vertex -50.372105370352024 7.978157717051774 20
    endloop
  endfacet
  facet normal 0 0 1
    outer loop
      vertex -51.5 51.25 20
      vertex -50.372105370352024 7.978157717051774 20
      vertex -50.22519540362261 8.856057061013447 20
    endloop
  endfacet
  facet normal 0 0 1
    outer loop
      vertex -51.5 51.25 20
      vertex -50.22519540362261 8.856057061013447 20
      vertex -50.062986355830866 9.731258764203785 20
    endloop
  endfacet
  facet normal 0 0 1
    outer loop
      vertex -51.5 51.25 20
      vertex -50.062986355830866 9.731258764203785 20
      vertex -49.88552763742409 10.603496231705726 20
    endloop
  endfacet
  facet normal 0 0 1
    outer loop
      vertex -51.5 51.25 20
      vertex -49.88552763742409 10.603496231705726 20
      vertex -49.692873304047 11.472503771537115 20
    endloop
  endfacet
  facet normal 0 0 1
    outer loop
      vertex -51.5 51.25 20
      vertex -49.692873304047 11.472503771537115 20
      vertex -49.48508204007582 12.338016675583054 20
    endloop
  endfacet
  facet normal 0 0 1
    outer loop
      vertex -51.5 51.25 20
      vertex -49.48508204007582 12.338016675583054 20
      vertex -49.262217140742486 13.199771300228559 20
    endloop
  endfacet
  facet normal 0 0 1
    outer loop
      vertex -51.5 51.25 20
      vertex -49.262217140742486 13.199771300228559 20
      vertex -49.024346492854264 14.057505146666957 20
    endloop
  endfacet
  facet normal 0 0 1
    outer loop
      vertex -51.5 51.25 20
      vertex -49.024346492854264 14.057505146666957 20
      vertex -48.77154255411481 14.910956940859576 20
    endloop
  endfacet
  facet normal 0 0 1
    outer loop
      vertex -51.5 51.25 20
      vertex -48.77154255411481 14.910956940859576 20
      vertex -48.50388233105283 15.759866713122317 20
    endloop
  endfacet
  facet normal 0 0 1
    outer loop
      vertex -51.5 51.25 20
      vertex -48.50388233105283 15.759866713122317 20
      vertex -48.22144735556516 16.60397587731499 20
    endloop
  endfacet
  facet normal 0 0 1
    outer loop
      vertex -51.5 51.25 20
      vertex -48.22144735556516 16.60397587731499 20
      vertex -47.92432366008133 17.443027309609104 20
    endloop
  endfacet
  facet normal 0 0 1
    outer loop
      vertex -51.5 51.25 20
      vertex -47.92432366008133 17.443027309609104 20
      vertex -47.61260175135729 18.276765426810314 20
    endloop
  endfacet
  facet normal 0 0 1
    outer loop
      vertex -51.5 51.25 20
      vertex -47.61260175135729 18.276765426810314 20
      vertex -47.28637658290616 19.104936264211513 20
    endloop
  endfacet
  facet normal 0 0 1
    outer loop
      vertex -51.5 51.25 20
      vertex -47.28637658290616 19.104936264211513 20
      vertex -46.945747526074456 19.92728755295296 20
    endloop
  endfacet
  facet normal 0 0 1
    outer loop
      vertex -51.5 51.25 20
      vertex -46.945747526074456 19.92728755295296 20
      vertex -46.590818339772646 20.743568796865812 20
    endloop
  endfacet
  facet normal 0 0 1
    outer loop
      vertex -51.5 51.25 20
      vertex -46.590818339772646 20.743568796865812 20
      vertex -46.221697138869146 21.55353134877567 20
    endloop
  endfacet
  facet normal 0 0 1
    outer loop
      vertex -51.5 51.25 20
      vertex -46.221697138869146 21.55353134877567 20
      vertex -45.83849636125752 22.356928486242946 20
    endloop
  endfacet
  facet normal 0 0 1
    outer loop
      vertex -51.5 51.25 20
      vertex -45.83849636125752 22.356928486242946 20
      vertex -45.441332733606764 23.153515486716884 20
    endloop
  endfacet
  facet normal 0 0 1
    outer loop
      vertex -51.5 51.25 20
      vertex -45.441332733606764 23.153515486716884 20
      vertex -45.030327235805274 23.94304970208043 20
    endloop
  endfacet
  facet normal 0 0 1
    outer loop
      vertex -51.5 51.25 20
      vertex -45.030327235805274 23.94304970208043 20
      vertex -44.605605064109184 24.72529063256319 20
    endloop
  endfacet
  facet normal 0 0 1
    outer loop
      vertex -51.5 51.25 20
      vertex -44.605605064109184 24.72529063256319 20
      vertex -44.167295593006365 25.5 20
    endloop
  endfacet
  facet normal 0 0 1
    outer loop
      vertex -51.5 51.25 20
      vertex -44.167295593006365 25.5 20
      vertex -43.71553233580773 26.26694182041276 20
    endloop
  endfacet
  facet normal 0 0 1
    outer loop
      vertex -51.5 51.25 20
      vertex -43.71553233580773 26.26694182041276 20
      vertex -43.250452903977724 27.02588247589345 20
    endloop
  endfacet
  facet normal 0 0 1
    outer loop
      vertex -51.5 51.25 20
      vertex -43.250452903977724 27.02588247589345 20
      vertex -42.772198965216624 27.77659078576638 20
    endloop
  endfacet
  facet normal 0 0 1
    outer loop
      vertex -51.5 51.25 20
      vertex -42.772198965216624 27.77659078576638 20
      vertex -42.280916200307125 28.51883807700809 20
    endloop
  endfacet
  facet normal 0 0 1
    outer loop
      vertex -51.5 51.25 20
      vertex -42.280916200307125 28.51883807700809 20
      vertex -41.776754258738585 29.252398253903348 20
    endloop
  endfacet
  facet normal 0 0 1
    outer loop
      vertex -51.5 51.25 20
      vertex -41.776754258738585 29.252398253903348 20
      vertex -41.25986671312232 29.97704786691613 20
    endloop
  endfacet
  facet normal 0 0 1
    outer loop
      vertex -51.5 51.25 20
      vertex -41.25986671312232 29.97704786691613 20
      vertex -40.730411012411935 30.69256618075446 20
    endloop
  endfacet
  facet normal 0 0 1
    outer loop
      vertex -51.5 51.25 20
      vertex -40.730411012411935 30.69256618075446 20
      vertex -40.18854843394282 31.398735241608573 20
    endloop
  endfacet
  facet normal 0 0 1
    outer loop
      vertex -51.5 51.25 20
      vertex -40.18854843394282 31.398735241608573 20
      vertex -39.63444403430552 32.09533994354171 20
    endloop
  endfacet
  facet normal 0 0 1
    outer loop
      vertex -51.5 51.25 20
      vertex -39.63444403430552 32.09533994354171 20
      vertex -39.068266599067876 32.7821680940135 20
    endloop
  endfacet
  facet normal 0 0 1
    outer loop
      vertex -51.5 51.25 20
      vertex -39.068266599067876 32.7821680940135 20
      vertex -38.490188591361374 33.45901047851587 20
    endloop
  endfacet
  facet normal 0 0 1
    outer loop
      vertex -51.5 51.25 20
      vertex -38.490188591361374 33.45901047851587 20
      vertex -37.90038609934711 34.12566092430177 20
    endloop
  endfacet
  facet normal 0 0 1
    outer loop
      vertex -51.5 51.25 20
      vertex -37.90038609934711 34.12566092430177 20
      vertex -37.299038782577696 34.78191636318742 20
    endloop
  endfacet
  facet normal 0 0 1
    outer loop
      vertex -51.5 51.25 20
      vertex -37.299038782577696 34.78191636318742 20
      vertex -36.68632981727121 35.42757689340886 20
    endloop
  endfacet
  facet normal 0 0 1
    outer loop
      vertex -51.5 51.25 20
      vertex -36.68632981727121 35.42757689340886 20
      vertex -36.062445840513924 36.062445840513924 20
    endloop
  endfacet
  facet normal 0 0 1
    outer loop
      vertex -51.5 51.25 20
      vertex -36.062445840513924 36.062445840513924 20
      vertex -35.42757689340886 36.68632981727121 20
    endloop
  endfacet
  facet normal 0 0 1
    outer loop
      vertex -51.5 51.25 20
      vertex -35.42757689340886 36.68632981727121 20
      vertex -34.78191636318742 37.299038782577696 20
    endloop
  endfacet
  facet normal 0 0 1
    outer loop
      vertex -51.5 51.25 20
      vertex -34.78191636318742 37.299038782577696 20
      vertex -34.12566092430177 37.90038609934711 20
    endloop
  endfacet
  facet normal 0 0 1
    outer loop
      vertex -51.5 51.25 20
      vertex -34.12566092430177 37.90038609934711 20
      vertex -33.45901047851587 38.490188591361374 20
    endloop
  endfacet
  facet normal 0 0 1
    outer loop
      vertex -51.5 51.25 20
      vertex -33.45901047851587 38.490188591361374 20
      vertex -32.7821680940135 39.068266599067876 20
    endloop
  endfacet
  facet normal 0 0 1
    outer loop
      vertex -51.5 51.25 20
      vertex -32.7821680940135 39.068266599067876 20
      vertex -32.09533994354171 39.63444403430552 20
    endloop
  endfacet
  facet normal 0 0 1
    outer loop
      vertex -51.5 51.25 20
      vertex -32.09533994354171 39.63444403430552 20
      vertex -31.398735241608573 40.18854843394282 20
    endloop
  endfacet
  facet normal 0 0 1
    outer loop
      vertex -51.5 51.25 20
      vertex -31.398735241608573 40.18854843394282 20
      vertex -30.69256618075446 40.730411012411935 20
    endloop
  endfacet
  facet normal 0 0 1
    outer loop
      vertex -51.5 51.25 20
      vertex -30.69256618075446 40.730411012411935 20
      vertex -29.97704786691613 41.25986671312232 20
    endloop
  endfacet
  facet normal 0 0 1
    outer loop
      vertex -51.5 51.25 20
      vertex -29.97704786691613 41.25986671312232 20
      vertex -29.252398253903348 41.776754258738585 20
    endloop
  endfacet
  facet normal 0 0 1
    outer loop
      vertex -51.5 51.25 20
      vertex -29.252398253903348 41.776754258738585 20
      vertex -28.51883807700809 42.280916200307125 20
    endloop
  endfacet
  facet normal 0 0 1
    outer loop
      vertex -51.5 51.25 20
      vertex -28.51883807700809 42.280916200307125 20
      vertex -27.77659078576638 42.772198965216624 20
    endloop
  endfacet
  facet normal 0 0 1
    outer loop
      vertex -51.5 51.25 20
      vertex -27.77659078576638 42.772198965216624 20
      vertex -27.02588247589345 43.250452903977724 20
    endloop
  endfacet
  facet normal 0 0 1
    outer loop
      vertex -51.5 51.25 20
      vertex -27.02588247589345 43.250452903977724 20
      vertex -26.26694182041276 43.71553233580773 20
    endloop
  endfacet
  facet normal 0 0 1
    outer loop
      vertex -51.5 51.25 20
      vertex -26.26694182041276 43.71553233580773 20
      vertex -25.5 44.167295593006365 20
    endloop
  endfacet
  facet normal 0 0 1
    outer loop
      vertex -51.5 51.25 20
      vertex -25.5 44.167295593006365 20
      vertex -24.72529063256319 44.605605064109184 20
    endloop
  endfacet
  facet normal 0 0 1
    outer loop
      vertex -51.5 51.25 20
      vertex -24.72529063256319 44.605605064109184 20
      vertex -23.94304970208043 45.030327235805274 20
    endloop
  endfacet
  facet normal 0 0 1
    outer loop
      vertex -51.5 51.25 20
      vertex -23.94304970208043 45.030327235805274 20
      vertex -23.153515486716884 45.441332733606764 20
    endloop
  endfacet
  facet normal 0 0 1
    outer loop
      vertex -51.5 51.25 20
      vertex -23.153515486716884 45.441332733606764 20
      vertex -22.356928486242946 45.83849636125752 20
    endloop
  endfacet
  facet normal 0 0 1
    outer loop
      vertex -51.5 51.25 20
      vertex -22.356928486242946 45.83849636125752 20
      vertex -21.55353134877567 46.221697138869146 20
    endloop
  endfacet
  facet normal 0 0 1
    outer loop
      vertex -51.5 51.25 20
      vertex -21.55353134877567 46.221697138869146 20
      vertex -20.743568796865812 46.590818339772646 20
    endloop
  endfacet
  facet normal 0 0 1
    outer loop
      vertex -51.5 51.25 20
      vertex -20.743568796865812 46.590818339772646 20
      vertex -19.92728755295296 46.945747526074456 20
    endloop
  endfacet
  facet normal 0 0 1
    outer loop
      vertex -51.5 51.25 20
      vertex -19.92728755295296 46.945747526074456 20
      vertex -19.104936264211513 47.28637658290616 20
    endloop
  endfacet
  facet normal 0 0 1
    outer loop
      vertex -51.5 51.25 20
      vertex -19.104936264211513 47.28637658290616 20
      vertex -18.276765426810314 47.61260175135729 20
    endloop
  endfacet
  facet normal 0 0 1
    outer loop
      vertex -51.5 51.25 20
      vertex -18.276765426810314 47.61260175135729 20
      vertex -17.443027309609104 47.92432366008133 20
    endloop
  endfacet
  facet normal 0 0 1
    outer loop
      vertex -51.5 51.25 20
      vertex -17.443027309609104 47.92432366008133 20
      vertex -16.60397587731499 48.22144735556516 20
    endloop
  endfacet
  facet normal 0 0 1
    outer loop
      vertex -51.5 51.25 20
      vertex -16.60397587731499 48.22144735556516 20
      vertex -15.759866713122317 48.50388233105283 20
    endloop
  endfacet
  facet normal 0 0 1
    outer loop
      vertex -51.5 51.25 20
      vertex -15.759866713122317 48.50388233105283 20
      vertex -14.910956940859576 48.77154255411481 20
    endloop
  endfacet
  facet normal 0 0 1
    outer loop
      vertex -51.5 51.25 20
      vertex -14.910956940859576 48.77154255411481 20
      vertex -14.057505146666957 49.024346492854264 20
    endloop
  endfacet
  facet normal 0 0 1
    outer loop
      vertex -51.5 51.25 20
      vertex -14.057505146666957 49.024346492854264 20
      vertex -13.199771300228559 49.262217140742486 20
    endloop
  endfacet
  facet normal 0 0 1
    outer loop
      vertex -51.5 51.25 20
      vertex -13.199771300228559 49.262217140742486 20
      vertex -12.338016675583054 49.48508204007582 20
    endloop
  endfacet
  facet normal 0 0 1
    outer loop
      vertex -51.5 51.25 20
      vertex -12.338016675583054 49.48508204007582 20
      vertex -11.472503771537115 49.692873304047 20
    endloop
  endfacet
  facet normal 0 0 1
    outer loop
      vertex -51.5 51.25 20
      vertex -11.472503771537115 49.692873304047 20
      vertex -10.603496231705726 49.88552763742409 20
    endloop
  endfacet
  facet normal 0 0 1
    outer loop
      vertex -51.5 51.25 20
      vertex -10.603496231705726 49.88552763742409 20
      vertex -9.731258764203785 50.062986355830866 20
    endloop
  endfacet
  facet normal 0 0 1
    outer loop
      vertex -51.5 51.25 20
      vertex -9.731258764203785 50.062986355830866 20
      vertex -8.856057061013447 50.22519540362261 20
    endloop
  endfacet
  facet normal 0 0 1
    outer loop
      vertex -51.5 51.25 20
      vertex -8.856057061013447 50.22519540362261 20
      vertex -7.978157717051774 50.372105370352024 20
    endloop
  endfacet
  facet normal 0 0 1
    outer loop
      vertex -51.5 51.25 20
      vertex -7.978157717051774 50.372105370352024 20
      vertex -7.0978281489633375 50.50367150582009 20
    endloop
  endfacet
  facet normal 0 0 1
    outer loop
      vertex -51.5 51.25 20
      vertex -7.0978281489633375 50.50367150582009 20
      vertex -6.215336513662521 50.61985373370742 20
    endloop
  endfacet
  facet normal 0 0 1
    outer loop
      vertex -51.5 51.25 20
      vertex -6.215336513662521 50.61985373370742 20
      vertex -5.330951626650327 50.72061666378194 20
    endloop
  endfacet
  facet normal 0 0 1
    outer loop
      vertex -51.5 51.25 20
      vertex -5.330951626650327 50.72061666378194 20
      vertex -4.444942880130567 50.80592960267902 20
    endloop
  endfacet
  facet normal 0 0 1
    outer loop
      vertex -51.5 51.25 20
      vertex -4.444942880130567 50.80592960267902 20
      vertex -3.5575801609503905 50.875766563251034 20
    endloop
  endfacet
  facet normal 0 0 1
    outer loop
      vertex -51.5 51.25 20
      vertex -3.5575801609503905 50.875766563251034 20
      vertex -2.6691337683901355 50.930106272483265 20
    endloop
  endfacet
  facet normal 0 0 1
    outer loop
      vertex -51.5 51.25 20
      vertex -2.6691337683901355 50.930106272483265 20
      vertex -1.7798743318275494 50.96893217797388 20
    endloop
  endfacet
  facet normal 0 0 1
    outer loop
      vertex -51.5 51.25 20
      vertex -1.7798743318275494 50.96893217797388 20
      vertex -0.8900727283014591 50.992232452975955 20
    endloop
  endfacet
  facet normal 0 0 1
    outer loop
      vertex -51.5 51.25 20
      vertex -0.8900727283014591 50.992232452975955 20
      vertex 0 51 20
    endloop
  endfacet
  facet normal 0 0 1
    outer loop
      vertex -51.5 51.25 20
      vertex 0 51 20
      vertex 51.5 51.25 20
    endloop
  endfacet
  facet normal 0 1 0
    outer loop
      vertex -51.5 51.25 20
      vertex 51.5 51.25 20
      vertex 51.5 51.25 -2
    endloop
  endfacet
  facet normal 0.9999619230641712 0.008726535498371943 0
    outer loop
      vertex -51 0 0
      vertex -51 0 20
      vertex -50.992232452975955 -0.8900727283014591 0
    endloop
  endfacet
  facet normal 0 0 1
    outer loop
      vertex -51 0 0
      vertex -50.992232452975955 -0.8900727283014591 0
      vertex -50.992232452975955 0.8900727283014591 0
    endloop
  endfacet
  facet normal 0.9999619230641712 -0.008726535498371943 0
    outer loop
      vertex -51 0 0
      vertex -50.992232452975955 0.8900727283014591 0
      vertex -50.992232452975955 0.8900727283014591 20
    endloop
  endfacet
  facet normal 0.9999619230641712 -0.008726535498371943 0
    outer loop
      vertex -51 0 0
      vertex -50.992232452975955 0.8900727283014591 20
      vertex -51 0 20
    endloop
  endfacet
  facet normal 0.9999619230641712 0.008726535498371943 0
    outer loop
      vertex -51 0 20
      vertex -50.992232452975955 -0.8900727283014591 20
      vertex -50.992232452975955 -0.8900727283014591 0
    endloop
  endfacet
  facet normal 0.9996573249755573 0.026176948307873933 0
    outer loop
      vertex -50.992232452975955 -0.8900727283014591 0
      vertex -50.992232452975955 -0.8900727283014591 20
      vertex -50.96893217797388 -1.7798743318275494 0
    endloop
  endfacet
  facet normal 0 0 1
    outer loop
      vertex -50.992232452975955 -0.8900727283014591 0
      vertex -50.96893217797388 -1.7798743318275494 0
      vertex -50.96893217797388 1.7798743318275494 0
    endloop
  endfacet
  facet normal 0 0 1
    outer loop
      vertex -50.992232452975955 -0.8900727283014591 0
      vertex -50.96893217797388 1.7798743318275494 0
      vertex -50.992232452975955 0.8900727283014591 0
    endloop
  endfacet
  facet normal 0.9996573249755573 0.026176948307873933 0
    outer loop
      vertex -50.992232452975955 -0.8900727283014591 20
      vertex -50.96893217797388 -1.7798743318275494 20
      vertex -50.96893217797388 -1.7798743318275494 0
    endloop
  endfacet
  facet normal 0.9996573249755573 -0.026176948307873933 0
    outer loop
      vertex -50.992232452975955 0.8900727283014591 0
      vertex -50.96893217797388 1.7798743318275494 0
      vertex -50.96893217797388 1.7798743318275494 20
    endloop
  endfacet
  facet normal 0.9996573249755573 -0.026176948307873933 0
    outer loop
      vertex -50.992232452975955 0.8900727283014591 0
      vertex -50.96893217797388 1.7798743318275494 20
      vertex -50.992232452975955 0.8900727283014591 20
    endloop
  endfacet
  facet normal 0.9990482215818576 0.04361938736534039 0
    outer loop
      vertex -50.96893217797388 -1.7798743318275494 0
      vertex -50.96893217797388 -1.7798743318275494 20
      vertex -50.930106272483265 -2.6691337683901355 0
    endloop
  endfacet
  facet normal 0 0 1
    outer loop
      vertex -50.96893217797388 -1.7798743318275494 0
      vertex -50.930106272483265 -2.6691337683901355 0
      vertex -50.930106272483265 2.6691337683901355 0
    endloop
  endfacet
  facet normal 0 0 1
    outer loop
      vertex -50.96893217797388 -1.7798743318275494 0
      vertex -50.930106272483265 2.6691337683901355 0
      vertex -50.96893217797388 1.7798743318275494 0
    endloop
  endfacet
  facet normal 0.9990482215818576 0.04361938736534039 0
    outer loop
      vertex -50.96893217797388 -1.7798743318275494 20
      vertex -50.930106272483265 -2.6691337683901355 20
      vertex -50.930106272483265 -2.6691337683901355 0
    endloop
  endfacet
  facet normal 0.9990482215818576 -0.04361938736534039 0
    outer loop
      vertex -50.96893217797388 1.7798743318275494 0
      vertex -50.930106272483265 2.6691337683901355 0
      vertex -50.930106272483265 2.6691337683901355 20
    endloop
  endfacet
  facet normal 0.9990482215818576 -0.04361938736534039 0
    outer loop
      vertex -50.96893217797388 1.7798743318275494 0
      vertex -50.930106272483265 2.6691337683901355 20
      vertex -50.96893217797388 1.7798743318275494 20
    endloop
  endfacet
  facet normal 0.9981347984218669 0.061048539534856776 0
    outer loop
      vertex -50.930106272483265 -2.6691337683901355 0
      vertex -50.930106272483265 -2.6691337683901355 20
      vertex -50.875766563251034 -3.5575801609503905 0
    endloop
  endfacet
  facet normal 0 0 1
    outer loop
      vertex -50.930106272483265 -2.6691337683901355 0
      vertex -50.875766563251034 -3.5575801609503905 0
      vertex -50.875766563251034 3.5575801609503905 0
    endloop
  endfacet
  facet normal 0 0 1
    outer loop
      vertex -50.930106272483265 -2.6691337683901355 0
      vertex -50.875766563251034 3.5575801609503905 0
      vertex -50.930106272483265 2.6691337683901355 0
    endloop
  endfacet
  facet normal 0.9981347984218669 0.061048539534856776 0
    outer loop
      vertex -50.930106272483265 -2.6691337683901355 20
      vertex -50.875766563251034 -3.5575801609503905 20
      vertex -50.875766563251034 -3.5575801609503905 0
    endloop
  endfacet
  facet normal 0.9981347984218669 -0.061048539534856776 0
    outer loop
      vertex -50.930106272483265 2.6691337683901355 0
      vertex -50.875766563251034 3.5575801609503905 0
      vertex -50.875766563251034 3.5575801609503905 20
    endloop
  endfacet
  facet normal 0.9981347984218669 -0.061048539534856776 0
    outer loop
      vertex -50.930106272483265 2.6691337683901355 0
      vertex -50.875766563251034 3.5575801609503905 20
      vertex -50.930106272483265 2.6691337683901355 20
    endloop
  endfacet
  facet normal 0.9969173337331281 0.07845909572784188 0
    outer loop
      vertex -50.875766563251034 -3.5575801609503905 0
      vertex -50.875766563251034 -3.5575801609503905 20
      vertex -50.80592960267902 -4.444942880130567 0
    endloop
  endfacet
  facet normal 0 0 1
    outer loop
      vertex -50.875766563251034 -3.5575801609503905 0
      vertex -50.80592960267902 -4.444942880130567 0
      vertex -50.80592960267902 4.444942880130567 0
    endloop
  endfacet
  facet normal 0 0 1
    outer loop
      vertex -50.875766563251034 -3.5575801609503905 0
      vertex -50.80592960267902 4.444942880130567 0
      vertex -50.875766563251034 3.5575801609503905 0
    endloop
  endfacet
  facet normal 0.9969173337331281 0.07845909572784188 0
    outer loop
      vertex -50.875766563251034 -3.5575801609503905 20
      vertex -50.80592960267902 -4.444942880130567 20
      vertex -50.80592960267902 -4.444942880130567 0
    endloop
  endfacet
  facet normal 0.9969173337331281 -0.07845909572784188 0
    outer loop
      vertex -50.875766563251034 3.5575801609503905 0
      vertex -50.80592960267902 4.444942880130567 0
      vertex -50.80592960267902 4.444942880130567 20
    endloop
  endfacet
  facet normal 0.9969173337331281 -0.07845909572784188 0
    outer loop
      vertex -50.875766563251034 3.5575801609503905 0
      vertex -50.80592960267902 4.444942880130567 20
      vertex -50.875766563251034 3.5575801609503905 20
    endloop
  endfacet
  facet normal 0.9953961983671787 0.09584575252022492 0
    outer loop
      vertex -50.80592960267902 -4.444942880130567 0
      vertex -50.80592960267902 -4.444942880130567 20
      vertex -50.72061666378194 -5.330951626650327 0
    endloop
  endfacet
  facet normal 0 0 1
    outer loop
      vertex -50.80592960267902 -4.444942880130567 0
      vertex -50.72061666378194 -5.330951626650327 0
      vertex -50.72061666378194 5.330951626650327 0
    endloop
  endfacet
  facet normal 0 0 1
    outer loop
      vertex -50.80592960267902 -4.444942880130567 0
      vertex -50.72061666378194 5.330951626650327 0
      vertex -50.80592960267902 4.444942880130567 0
    endloop
  endfacet
  facet normal 0.9953961983671787 0.09584575252022492 0
    outer loop
      vertex -50.80592960267902 -4.444942880130567 20
      vertex -50.72061666378194 -5.330951626650327 20
      vertex -50.72061666378194 -5.330951626650327 0
    endloop
  endfacet
  facet normal 0.9953961983671787 -0.09584575252022492 0
    outer loop
      vertex -50.80592960267902 4.444942880130567 0
      vertex -50.72061666378194 5.330951626650327 0
      vertex -50.72061666378194 5.330951626650327 20
    endloop
  endfacet
  facet normal 0.9953961983671787 -0.09584575252022492 0
    outer loop
      vertex -50.80592960267902 4.444942880130567 0
      vertex -50.72061666378194 5.330951626650327 20
      vertex -50.80592960267902 4.444942880130567 20
    endloop
  endfacet
  facet normal 0.9935718556765873 0.11320321376790689 0
    outer loop
      vertex -50.72061666378194 -5.330951626650327 0
      vertex -50.72061666378194 -5.330951626650327 20
      vertex -50.61985373370742 -6.215336513662521 0
    endloop
  endfacet
  facet normal 0 0 1
    outer loop
      vertex -50.72061666378194 -5.330951626650327 0
      vertex -50.61985373370742 -6.215336513662521 0
      vertex -50.61985373370742 6.215336513662521 0
    endloop
  endfacet
  facet normal 0 0 1
    outer loop
      vertex -50.72061666378194 -5.330951626650327 0
      vertex -50.61985373370742 6.215336513662521 0
      vertex -50.72061666378194 5.330951626650327 0
    endloop
  endfacet
  facet normal 0.9935718556765873 0.11320321376790689 0
    outer loop
      vertex -50.72061666378194 -5.330951626650327 20
      vertex -50.61985373370742 -6.215336513662521 20
      vertex -50.61985373370742 -6.215336513662521 0
    endloop
  endfacet
  facet normal 0.9935718556765873 -0.11320321376790689 0
    outer loop
      vertex -50.72061666378194 5.330951626650327 0
      vertex -50.61985373370742 6.215336513662521 0
      vertex -50.61985373370742 6.215336513662521 20
    endloop
  endfacet
  facet normal 0.9935718556765873 -0.11320321376790689 0
    outer loop
      vertex -50.72061666378194 5.330951626650327 0
      vertex -50.61985373370742 6.215336513662521 20
      vertex -50.72061666378194 5.330951626650327 20
    endloop
  endfacet
  facet normal 0.9914448613738106 0.13052619222004955 0
    outer loop
      vertex -50.61985373370742 -6.215336513662521 0
      vertex -50.61985373370742 -6.215336513662521 20
      vertex -50.50367150582009 -7.0978281489633375 0
    endloop
  endfacet
  facet normal 0 0 1
    outer loop
      vertex -50.61985373370742 -6.215336513662521 0
      vertex -50.50367150582009 -7.0978281489633375 0
      vertex -50.50367150582009 7.0978281489633375 0
    endloop
  endfacet
  facet normal 0 0 1
    outer loop
      vertex -50.61985373370742 -6.215336513662521 0
      vertex -50.50367150582009 7.0978281489633375 0
      vertex -50.61985373370742 6.215336513662521 0
    endloop
  endfacet
  facet normal 0.9914448613738106 0.13052619222004955 0
    outer loop
      vertex -50.61985373370742 -6.215336513662521 20
      vertex -50.50367150582009 -7.0978281489633375 20
      vertex -50.50367150582009 -7.0978281489633375 0
    endloop
  endfacet
  facet normal 0.9914448613738106 -0.13052619222004955 0
    outer loop
      vertex -50.61985373370742 6.215336513662521 0
      vertex -50.50367150582009 7.0978281489633375 0
      vertex -50.50367150582009 7.0978281489633375 20
    endloop
  endfacet
  facet normal 0.9914448613738106 -0.13052619222004955 0
    outer loop
      vertex -50.61985373370742 6.215336513662521 0
      vertex -50.50367150582009 7.0978281489633375 20
      vertex -50.61985373370742 6.215336513662521 20
    endloop
  endfacet
  facet normal 0.9890158633619166 0.14780941112961152 0
    outer loop
      vertex -50.50367150582009 -7.0978281489633375 0
      vertex -50.50367150582009 -7.0978281489633375 20
      vertex -50.372105370352024 -7.978157717051774 0
    endloop
  endfacet
  facet normal 0 0 1
    outer loop
      vertex -50.50367150582009 -7.0978281489633375 0
      vertex -50.372105370352024 -7.978157717051774 0
      vertex -50.372105370352024 7.978157717051774 0
    endloop
  endfacet
  facet normal 0 0 1
    outer loop
      vertex -50.50367150582009 -7.0978281489633375 0
      vertex -50.372105370352024 7.978157717051774 0
      vertex -50.50367150582009 7.0978281489633375 0
    endloop
  endfacet
  facet normal 0.9890158633619166 0.14780941112961152 0
    outer loop
      vertex -50.50367150582009 -7.0978281489633375 20
      vertex -50.372105370352024 -7.978157717051774 20
      vertex -50.372105370352024 -7.978157717051774 0
    endloop
  endfacet
  facet normal 0.9890158633619166 -0.14780941112961152 0
    outer loop
      vertex -50.50367150582009 7.0978281489633375 0
      vertex -50.372105370352024 7.978157717051774 0
      vertex -50.372105370352024 7.978157717051774 20
    endloop
  endfacet
  facet normal 0.9890158633619166 -0.14780941112961152 0
    outer loop
      vertex -50.50367150582009 7.0978281489633375 0
      vertex -50.372105370352024 7.978157717051774 20
      vertex -50.50367150582009 7.0978281489633375 20
    endloop
  endfacet
  facet normal 0.9862856015372305 0.16504760586068254 0
    outer loop
      vertex -50.372105370352024 -7.978157717051774 0
      vertex -50.372105370352024 -7.978157717051774 20
      vertex -50.22519540362261 -8.856057061013447 0
    endloop
  endfacet
  facet normal 0 0 1
    outer loop
      vertex -50.372105370352024 -7.978157717051774 0
      vertex -50.22519540362261 -8.856057061013447 0
      vertex -50.22519540362261 8.856057061013447 0
    endloop
  endfacet
  facet normal 0 0 1
    outer loop
      vertex -50.372105370352024 -7.978157717051774 0
      vertex -50.22519540362261 8.856057061013447 0
      vertex -50.372105370352024 7.978157717051774 0
    endloop
  endfacet
  facet normal 0.9862856015372305 0.16504760586068254 0
    outer loop
      vertex -50.372105370352024 -7.978157717051774 20
      vertex -50.22519540362261 -8.856057061013447 20
      vertex -50.22519540362261 -8.856057061013447 0
    endloop
  endfacet
  facet normal 0.9862856015372305 -0.16504760586068254 0
    outer loop
      vertex -50.372105370352024 7.978157717051774 0
      vertex -50.22519540362261 8.856057061013447 0
      vertex -50.22519540362261 8.856057061013447 20
    endloop
  endfacet
  facet normal 0.9862856015372305 -0.16504760586068254 0
    outer loop
      vertex -50.372105370352024 7.978157717051774 0
      vertex -50.22519540362261 8.856057061013447 20
      vertex -50.372105370352024 7.978157717051774 20
    endloop
  endfacet
  facet normal 0.9832549075639564 0.18223552549213823 0
    outer loop
      vertex -50.22519540362261 -8.856057061013447 0
      vertex -50.22519540362261 -8.856057061013447 20
      vertex -50.062986355830866 -9.731258764203785 0
    endloop
  endfacet
  facet normal 0 0 1
    outer loop
      vertex -50.22519540362261 -8.856057061013447 0
      vertex -50.062986355830866 -9.731258764203785 0
      vertex -50.062986355830866 9.731258764203785 0
    endloop
  endfacet
  facet normal 0 0 1
    outer loop
      vertex -50.22519540362261 -8.856057061013447 0
      vertex -50.062986355830866 9.731258764203785 0
      vertex -50.22519540362261 8.856057061013447 0
    endloop
  endfacet
  facet normal 0.9832549075639564 0.18223552549213823 0
    outer loop
      vertex -50.22519540362261 -8.856057061013447 20
      vertex -50.062986355830866 -9.731258764203785 20
      vertex -50.062986355830866 -9.731258764203785 0
    endloop
  endfacet
  facet normal 0.9832549075639564 -0.18223552549213823 0
    outer loop
      vertex -50.22519540362261 8.856057061013447 0
      vertex -50.062986355830866 9.731258764203785 0
      vertex -50.062986355830866 9.731258764203785 20
    endloop
  endfacet
  facet normal 0.9832549075639564 -0.18223552549213823 0
    outer loop
      vertex -50.22519540362261 8.856057061013447 0
      vertex -50.062986355830866 9.731258764203785 20
      vertex -50.22519540362261 8.856057061013447 20
    endloop
  endfacet
  facet normal 0.9799247046208293 0.19936793441719858 0
    outer loop
      vertex -50.062986355830866 -9.731258764203785 0
      vertex -50.062986355830866 -9.731258764203785 20
      vertex -49.88552763742409 -10.603496231705726 0
    endloop
  endfacet
  facet normal 0 0 1
    outer loop
      vertex -50.062986355830866 -9.731258764203785 0
      vertex -49.88552763742409 -10.603496231705726 0
      vertex -49.88552763742409 10.603496231705726 0
    endloop
  endfacet
  facet normal 0 0 1
    outer loop
      vertex -50.062986355830866 -9.731258764203785 0
      vertex -49.88552763742409 10.603496231705726 0
      vertex -50.062986355830866 9.731258764203785 0
    endloop
  endfacet
  facet normal 0.9799247046208293 0.19936793441719858 0
    outer loop
      vertex -50.062986355830866 -9.731258764203785 20
      vertex -49.88552763742409 -10.603496231705726 20
      vertex -49.88552763742409 -10.603496231705726 0
    endloop
  endfacet
  facet normal 0.9799247046208293 -0.19936793441719858 0
    outer loop
      vertex -50.062986355830866 9.731258764203785 0
      vertex -49.88552763742409 10.603496231705726 0
      vertex -49.88552763742409 10.603496231705726 20
    endloop
  endfacet
  facet normal 0.9799247046208293 -0.19936793441719858 0
    outer loop
      vertex -50.062986355830866 9.731258764203785 0
      vertex -49.88552763742409 10.603496231705726 20
      vertex -50.062986355830866 9.731258764203785 20
    endloop
  endfacet
  facet normal 0.9762960071199329 0.21643961393810443 0
    outer loop
      vertex -49.88552763742409 -10.603496231705726 0
      vertex -49.88552763742409 -10.603496231705726 20
      vertex -49.692873304047 -11.472503771537115 0
    endloop
  endfacet
  facet normal 0 0 1
    outer loop
      vertex -49.88552763742409 -10.603496231705726 0
      vertex -49.692873304047 -11.472503771537115 0
      vertex -49.692873304047 11.472503771537115 0
    endloop
  endfacet
  facet normal 0 0 1
    outer loop
      vertex -49.88552763742409 -10.603496231705726 0
      vertex -49.692873304047 11.472503771537115 0
      vertex -49.88552763742409 10.603496231705726 0
    endloop
  endfacet
  facet normal 0.9762960071199329 0.21643961393810443 0
    outer loop
      vertex -49.88552763742409 -10.603496231705726 20
      vertex -49.692873304047 -11.472503771537115 20
      vertex -49.692873304047 -11.472503771537115 0
    endloop
  endfacet
  facet normal 0.9762960071199329 -0.21643961393810443 0
    outer loop
      vertex -49.88552763742409 10.603496231705726 0
      vertex -49.692873304047 11.472503771537115 0
      vertex -49.692873304047 11.472503771537115 20
    endloop
  endfacet
  facet normal 0.9762960071199329 -0.21643961393810443 0
    outer loop
      vertex -49.88552763742409 10.603496231705726 0
      vertex -49.692873304047 11.472503771537115 20
      vertex -49.88552763742409 10.603496231705726 20
    endloop
  endfacet
  facet normal 0.9723699203976754 0.23344536385591025 0
    outer loop
      vertex -49.692873304047 -11.472503771537115 0
      vertex -49.692873304047 -11.472503771537115 20
      vertex -49.48508204007582 -12.338016675583054 0
    endloop
  endfacet
  facet normal 0 0 1
    outer loop
      vertex -49.692873304047 -11.472503771537115 0
      vertex -49.48508204007582 -12.338016675583054 0
      vertex -49.48508204007582 12.338016675583054 0
    endloop
  endfacet
  facet normal 0 0 1
    outer loop
      vertex -49.692873304047 -11.472503771537115 0
      vertex -49.48508204007582 12.338016675583054 0
      vertex -49.692873304047 11.472503771537115 0
    endloop
  endfacet
  facet normal 0.9723699203976754 0.23344536385591025 0
    outer loop
      vertex -49.692873304047 -11.472503771537115 20
      vertex -49.48508204007582 -12.338016675583054 20
      vertex -49.48508204007582 -12.338016675583054 0
    endloop
  endfacet
  facet normal 0.9723699203976754 -0.23344536385591025 0
    outer loop
      vertex -49.692873304047 11.472503771537115 0
      vertex -49.48508204007582 12.338016675583054 0
      vertex -49.48508204007582 12.338016675583054 20
    endloop
  endfacet
  facet normal 0.9723699203976754 -0.23344536385591025 0
    outer loop
      vertex -49.692873304047 11.472503771537115 0
      vertex -49.48508204007582 12.338016675583054 20
      vertex -49.692873304047 11.472503771537115 20
    endloop
  endfacet
  facet normal 0.9681476403781096 0.2503800040544346 0
    outer loop
      vertex -49.48508204007582 -12.338016675583054 0
      vertex -49.48508204007582 -12.338016675583054 20
      vertex -49.262217140742486 -13.199771300228559 0
    endloop
  endfacet
  facet normal 0 0 1
    outer loop
      vertex -49.48508204007582 -12.338016675583054 0
      vertex -49.262217140742486 -13.199771300228559 0
      vertex -49.262217140742486 13.199771300228559 0
    endloop
  endfacet
  facet normal 0 0 1
    outer loop
      vertex -49.48508204007582 -12.338016675583054 0
      vertex -49.262217140742486 13.199771300228559 0
      vertex -49.48508204007582 12.338016675583054 0
    endloop
  endfacet
  facet normal 0.9681476403781096 0.2503800040544346 0
    outer loop
      vertex -49.48508204007582 -12.338016675583054 20
      vertex -49.262217140742486 -13.199771300228559 20
      vertex -49.262217140742486 -13.199771300228559 0
    endloop
  endfacet
  facet normal 0.9681476403781096 -0.2503800040544346 0
    outer loop
      vertex -49.48508204007582 12.338016675583054 0
      vertex -49.262217140742486 13.199771300228559 0
      vertex -49.262217140742486 13.199771300228559 20
    endloop
  endfacet
  facet normal 0.9681476403781096 -0.2503800040544346 0
    outer loop
      vertex -49.48508204007582 12.338016675583054 0
      vertex -49.262217140742486 13.199771300228559 20
      vertex -49.48508204007582 12.338016675583054 20
    endloop
  endfacet
  facet normal 0.9636304532086223 0.2672383760782589 0
    outer loop
      vertex -49.262217140742486 -13.199771300228559 0
      vertex -49.262217140742486 -13.199771300228559 20
      vertex -49.024346492854264 -14.057505146666957 0
    endloop
  endfacet
  facet normal 0 0 1
    outer loop
      vertex -49.262217140742486 -13.199771300228559 0
      vertex -49.024346492854264 -14.057505146666957 0
      vertex -49.024346492854264 14.057505146666957 0
    endloop
  endfacet
  facet normal 0 0 1
    outer loop
      vertex -49.262217140742486 -13.199771300228559 0
      vertex -49.024346492854264 14.057505146666957 0
      vertex -49.262217140742486 13.199771300228559 0
    endloop
  endfacet
  facet normal 0.9636304532086223 0.2672383760782589 0
    outer loop
      vertex -49.262217140742486 -13.199771300228559 20
      vertex -49.024346492854264 -14.057505146666957 20
      vertex -49.024346492854264 -14.057505146666957 0
    endloop
  endfacet
  facet normal 0.9636304532086223 -0.2672383760782589 0
    outer loop
      vertex -49.262217140742486 13.199771300228559 0
      vertex -49.024346492854264 14.057505146666957 0
      vertex -49.024346492854264 14.057505146666957 20
    endloop
  endfacet
  facet normal 0.9636304532086223 -0.2672383760782589 0
    outer loop
      vertex -49.262217140742486 13.199771300228559 0
      vertex -49.024346492854264 14.057505146666957 20
      vertex -49.262217140742486 13.199771300228559 20
    endloop
  endfacet
  facet normal 0.9588197348681927 0.2840153447039232 0
    outer loop
      vertex -49.024346492854264 -14.057505146666957 0
      vertex -49.024346492854264 -14.057505146666957 20
      vertex -48.77154255411481 -14.910956940859576 0
    endloop
  endfacet
  facet normal 0 0 1
    outer loop
      vertex -49.024346492854264 -14.057505146666957 0
      vertex -48.77154255411481 -14.910956940859576 0
      vertex -48.77154255411481 14.910956940859576 0
    endloop
  endfacet
  facet normal 0 0 1
    outer loop
      vertex -49.024346492854264 -14.057505146666957 0
      vertex -48.77154255411481 14.910956940859576 0
      vertex -49.024346492854264 14.057505146666957 0
    endloop
  endfacet
  facet normal 0.9588197348681927 0.2840153447039232 0
    outer loop
      vertex -49.024346492854264 -14.057505146666957 20
      vertex -48.77154255411481 -14.910956940859576 20
      vertex -48.77154255411481 -14.910956940859576 0
    endloop
  endfacet
  facet normal 0.9588197348681927 -0.2840153447039232 0
    outer loop
      vertex -49.024346492854264 14.057505146666957 0
      vertex -48.77154255411481 14.910956940859576 0
      vertex -48.77154255411481 14.910956940859576 20
    endloop
  endfacet
  facet normal 0.9588197348681927 -0.2840153447039232 0
    outer loop
      vertex -49.024346492854264 14.057505146666957 0
      vertex -48.77154255411481 14.910956940859576 20
      vertex -49.024346492854264 14.057505146666957 20
    endloop
  endfacet
  facet normal 0.9537169507482255 0.3007057995042777 0
    outer loop
      vertex -48.77154255411481 -14.910956940859576 0
      vertex -48.77154255411481 -14.910956940859576 20
      vertex -48.50388233105283 -15.759866713122317 0
    endloop
  endfacet
  facet normal 0 0 1
    outer loop
      vertex -48.77154255411481 -14.910956940859576 0
      vertex -48.50388233105283 -15.759866713122317 0
      vertex -48.50388233105283 15.759866713122317 0
    endloop
  endfacet
  facet normal 0 0 1
    outer loop
      vertex -48.77154255411481 -14.910956940859576 0
      vertex -48.50388233105283 15.759866713122317 0
      vertex -48.77154255411481 14.910956940859576 0
    endloop
  endfacet
  facet normal 0.9537169507482255 0.3007057995042777 0
    outer loop
      vertex -48.77154255411481 -14.910956940859576 20
      vertex -48.50388233105283 -15.759866713122317 20
      vertex -48.50388233105283 -15.759866713122317 0
    endloop
  endfacet
  facet normal 0.9537169507482255 -0.3007057995042777 0
    outer loop
      vertex -48.77154255411481 14.910956940859576 0
      vertex -48.50388233105283 15.759866713122317 0
      vertex -48.50388233105283 15.759866713122317 20
    endloop
  endfacet
  facet normal 0.9537169507482255 -0.3007057995042777 0
    outer loop
      vertex -48.77154255411481 14.910956940859576 0
      vertex -48.50388233105283 15.759866713122317 20
      vertex -48.77154255411481 14.910956940859576 20
    endloop
  endfacet
  facet normal 0.9483236552062019 0.31730465640508443 0
    outer loop
      vertex -48.50388233105283 -15.759866713122317 0
      vertex -48.50388233105283 -15.759866713122317 20
      vertex -48.22144735556516 -16.60397587731499 0
    endloop
  endfacet
  facet normal 0 0 1
    outer loop
      vertex -48.50388233105283 -15.759866713122317 0
      vertex -48.22144735556516 -16.60397587731499 0
      vertex -48.22144735556516 16.60397587731499 0
    endloop
  endfacet
  facet normal 0 0 1
    outer loop
      vertex -48.50388233105283 -15.759866713122317 0
      vertex -48.22144735556516 16.60397587731499 0
      vertex -48.50388233105283 15.759866713122317 0
    endloop
  endfacet
  facet normal 0.9483236552062019 0.31730465640508443 0
    outer loop
      vertex -48.50388233105283 -15.759866713122317 20
      vertex -48.22144735556516 -16.60397587731499 20
      vertex -48.22144735556516 -16.60397587731499 0
    endloop
  endfacet
  facet normal 0.9483236552062019 -0.31730465640508443 0
    outer loop
      vertex -48.50388233105283 15.759866713122317 0
      vertex -48.22144735556516 16.60397587731499 0
      vertex -48.22144735556516 16.60397587731499 20
    endloop
  endfacet
  facet normal 0.9483236552062019 -0.31730465640508443 0
    outer loop
      vertex -48.50388233105283 15.759866713122317 0
      vertex -48.22144735556516 16.60397587731499 20
      vertex -48.50388233105283 15.759866713122317 20
    endloop
  endfacet
  facet normal 0.9426414910921769 0.33380685923377523 0
    outer loop
      vertex -48.22144735556516 -16.60397587731499 0
      vertex -48.22144735556516 -16.60397587731499 20
      vertex -47.92432366008133 -17.443027309609104 0
    endloop
  endfacet
  facet normal 0 0 1
    outer loop
      vertex -48.22144735556516 -16.60397587731499 0
      vertex -47.92432366008133 -17.443027309609104 0
      vertex -47.92432366008133 17.443027309609104 0
    endloop
  endfacet
  facet normal 0 0 1
    outer loop
      vertex -48.22144735556516 -16.60397587731499 0
      vertex -47.92432366008133 17.443027309609104 0
      vertex -48.22144735556516 16.60397587731499 0
    endloop
  endfacet
  facet normal 0.9426414910921769 0.33380685923377523 0
    outer loop
      vertex -48.22144735556516 -16.60397587731499 20
      vertex -47.92432366008133 -17.443027309609104 20
      vertex -47.92432366008133 -17.443027309609104 0
    endloop
  endfacet
  facet normal 0.9426414910921769 -0.33380685923377523 0
    outer loop
      vertex -48.22144735556516 16.60397587731499 0
      vertex -47.92432366008133 17.443027309609104 0
      vertex -47.92432366008133 17.443027309609104 20
    endloop
  endfacet
  facet normal 0.9426414910921769 -0.33380685923377523 0
    outer loop
      vertex -48.22144735556516 16.60397587731499 0
      vertex -47.92432366008133 17.443027309609104 20
      vertex -48.22144735556516 16.60397587731499 20
    endloop
  endfacet
  facet normal 0.9366721892483979 0.3502073812594669 0
    outer loop
      vertex -47.92432366008133 -17.443027309609104 0
      vertex -47.92432366008133 -17.443027309609104 20
      vertex -47.61260175135729 -18.276765426810314 0
    endloop
  endfacet
  facet normal 0 0 1
    outer loop
      vertex -47.92432366008133 -17.443027309609104 0
      vertex -47.61260175135729 -18.276765426810314 0
      vertex -47.61260175135729 18.276765426810314 0
    endloop
  endfacet
  facet normal 0 0 1
    outer loop
      vertex -47.92432366008133 -17.443027309609104 0
      vertex -47.61260175135729 18.276765426810314 0
      vertex -47.92432366008133 17.443027309609104 0
    endloop
  endfacet
  facet normal 0.9366721892483979 0.3502073812594669 0
    outer loop
      vertex -47.92432366008133 -17.443027309609104 20
      vertex -47.61260175135729 -18.276765426810314 20
      vertex -47.61260175135729 -18.276765426810314 0
    endloop
  endfacet
  facet normal 0.9366721892483979 -0.3502073812594669 0
    outer loop
      vertex -47.92432366008133 17.443027309609104 0
      vertex -47.61260175135729 18.276765426810314 0
      vertex -47.61260175135729 18.276765426810314 20
    endloop
  endfacet
  facet normal 0.9366721892483979 -0.3502073812594669 0
    outer loop
      vertex -47.92432366008133 17.443027309609104 0
      vertex -47.61260175135729 18.276765426810314 20
      vertex -47.92432366008133 17.443027309609104 20
    endloop
  endfacet
  facet normal 0.9304175679820247 0.3665012267242971 0
    outer loop
      vertex -47.61260175135729 -18.276765426810314 0
      vertex -47.61260175135729 -18.276765426810314 20
      vertex -47.28637658290616 -19.104936264211513 0
    endloop
  endfacet
  facet normal 0 0 1
    outer loop
      vertex -47.61260175135729 -18.276765426810314 0
      vertex -47.28637658290616 -19.104936264211513 0
      vertex -47.28637658290616 19.104936264211513 0
    endloop
  endfacet
  facet normal 0 0 1
    outer loop
      vertex -47.61260175135729 -18.276765426810314 0
      vertex -47.28637658290616 19.104936264211513 0
      vertex -47.61260175135729 18.276765426810314 0
    endloop
  endfacet
  facet normal 0.9304175679820247 0.3665012267242971 0
    outer loop
      vertex -47.61260175135729 -18.276765426810314 20
      vertex -47.28637658290616 -19.104936264211513 20
      vertex -47.28637658290616 -19.104936264211513 0
    endloop
  endfacet
  facet normal 0.9304175679820247 -0.3665012267242971 0
    outer loop
      vertex -47.61260175135729 18.276765426810314 0
      vertex -47.28637658290616 19.104936264211513 0
      vertex -47.28637658290616 19.104936264211513 20
    endloop
  endfacet
  facet normal 0.9304175679820247 -0.3665012267242971 0
    outer loop
      vertex -47.61260175135729 18.276765426810314 0
      vertex -47.28637658290616 19.104936264211513 20
      vertex -47.61260175135729 18.276765426810314 20
    endloop
  endfacet
  facet normal 0.9238795325112863 0.3826834323650907 0
    outer loop
      vertex -47.28637658290616 -19.104936264211513 0
      vertex -47.28637658290616 -19.104936264211513 20
      vertex -46.945747526074456 -19.92728755295296 0
    endloop
  endfacet
  facet normal 0 0 1
    outer loop
      vertex -47.28637658290616 -19.104936264211513 0
      vertex -46.945747526074456 -19.92728755295296 0
      vertex -46.945747526074456 19.92728755295296 0
    endloop
  endfacet
  facet normal 0 0 1
    outer loop
      vertex -47.28637658290616 -19.104936264211513 0
      vertex -46.945747526074456 19.92728755295296 0
      vertex -47.28637658290616 19.104936264211513 0
    endloop
  endfacet
  facet normal 0.9238795325112863 0.3826834323650907 0
    outer loop
      vertex -47.28637658290616 -19.104936264211513 20
      vertex -46.945747526074456 -19.92728755295296 20
      vertex -46.945747526074456 -19.92728755295296 0
    endloop
  endfacet
  facet normal 0.9238795325112863 -0.3826834323650907 0
    outer loop
      vertex -47.28637658290616 19.104936264211513 0
      vertex -46.945747526074456 19.92728755295296 0
      vertex -46.945747526074456 19.92728755295296 20
    endloop
  endfacet
  facet normal 0.9238795325112863 -0.3826834323650907 0
    outer loop
      vertex -47.28637658290616 19.104936264211513 0
      vertex -46.945747526074456 19.92728755295296 20
      vertex -47.28637658290616 19.104936264211513 20
    endloop
  endfacet
  facet normal 0.9170600743851249 0.39874906892524437 0
    outer loop
      vertex -46.945747526074456 -19.92728755295296 0
      vertex -46.945747526074456 -19.92728755295296 20
      vertex -46.590818339772646 -20.743568796865812 0
    endloop
  endfacet
  facet normal 0 0 1
    outer loop
      vertex -46.945747526074456 -19.92728755295296 0
      vertex -46.590818339772646 -20.743568796865812 0
      vertex -46.590818339772646 20.743568796865812 0
    endloop
  endfacet
  facet normal 0 0 1
    outer loop
      vertex -46.945747526074456 -19.92728755295296 0
      vertex -46.590818339772646 20.743568796865812 0
      vertex -46.945747526074456 19.92728755295296 0
    endloop
  endfacet
  facet normal 0.9170600743851249 0.39874906892524437 0
    outer loop
      vertex -46.945747526074456 -19.92728755295296 20
      vertex -46.590818339772646 -20.743568796865812 20
      vertex -46.590818339772646 -20.743568796865812 0
    endloop
  endfacet
  facet normal 0.9170600743851249 -0.39874906892524437 0
    outer loop
      vertex -46.945747526074456 19.92728755295296 0
      vertex -46.590818339772646 20.743568796865812 0
      vertex -46.590818339772646 20.743568796865812 20
    endloop
  endfacet
  facet normal 0.9170600743851249 -0.39874906892524437 0
    outer loop
      vertex -46.945747526074456 19.92728755295296 0
      vertex -46.590818339772646 20.743568796865812 20
      vertex -46.945747526074456 19.92728755295296 20
    endloop
  endfacet
  facet normal 0.9099612708765419 0.41469324265624197 0
    outer loop
      vertex -46.590818339772646 -20.743568796865812 0
      vertex -46.590818339772646 -20.743568796865812 20
      vertex -46.221697138869146 -21.55353134877567 0
    endloop
  endfacet
  facet normal 0 0 1
    outer loop
      vertex -46.590818339772646 -20.743568796865812 0
      vertex -46.221697138869146 -21.55353134877567 0
      vertex -46.221697138869146 21.55353134877567 0
    endloop
  endfacet
  facet normal 0 0 1
    outer loop
      vertex -46.590818339772646 -20.743568796865812 0
      vertex -46.221697138869146 21.55353134877567 0
      vertex -46.590818339772646 20.743568796865812 0
    endloop
  endfacet
  facet normal 0.9099612708765419 0.41469324265624197 0
    outer loop
      vertex -46.590818339772646 -20.743568796865812 20
      vertex -46.221697138869146 -21.55353134877567 20
      vertex -46.221697138869146 -21.55353134877567 0
    endloop
  endfacet
  facet normal 0.9099612708765419 -0.41469324265624197 0
    outer loop
      vertex -46.590818339772646 20.743568796865812 0
      vertex -46.221697138869146 21.55353134877567 0
      vertex -46.221697138869146 21.55353134877567 20
    endloop
  endfacet
  facet normal 0.9099612708765419 -0.41469324265624197 0
    outer loop
      vertex -46.590818339772646 20.743568796865812 0
      vertex -46.221697138869146 21.55353134877567 20
      vertex -46.590818339772646 20.743568796865812 20
    endloop
  endfacet
  facet normal 0.9025852843498622 0.4305110968082919 0
    outer loop
      vertex -46.221697138869146 -21.55353134877567 0
      vertex -46.221697138869146 -21.55353134877567 20
      vertex -45.83849636125752 -22.356928486242946 0
    endloop
  endfacet
  facet normal 0 0 1
    outer loop
      vertex -46.221697138869146 -21.55353134877567 0
      vertex -45.83849636125752 -22.356928486242946 0
      vertex -45.83849636125752 22.356928486242946 0
    endloop
  endfacet
  facet normal 0 0 1
    outer loop
      vertex -46.221697138869146 -21.55353134877567 0
      vertex -45.83849636125752 22.356928486242946 0
      vertex -46.221697138869146 21.55353134877567 0
    endloop
  endfacet
  facet normal 0.9025852843498622 0.4305110968082919 0
    outer loop
      vertex -46.221697138869146 -21.55353134877567 20
      vertex -45.83849636125752 -22.356928486242946 20
      vertex -45.83849636125752 -22.356928486242946 0
    endloop
  endfacet
  facet normal 0.9025852843498622 -0.4305110968082919 0
    outer loop
      vertex -46.221697138869146 21.55353134877567 0
      vertex -45.83849636125752 22.356928486242946 0
      vertex -45.83849636125752 22.356928486242946 20
    endloop
  endfacet
  facet normal 0.9025852843498622 -0.4305110968082919 0
    outer loop
      vertex -46.221697138869146 21.55353134877567 0
      vertex -45.83849636125752 22.356928486242946 20
      vertex -46.221697138869146 21.55353134877567 20
    endloop
  endfacet
  facet normal 0.8949343616020252 0.4461978131098086 0
    outer loop
      vertex -45.83849636125752 -22.356928486242946 0
      vertex -45.83849636125752 -22.356928486242946 20
      vertex -45.441332733606764 -23.153515486716884 0
    endloop
  endfacet
  facet normal 0 0 1
    outer loop
      vertex -45.83849636125752 -22.356928486242946 0
      vertex -45.441332733606764 -23.153515486716884 0
      vertex -45.441332733606764 23.153515486716884 0
    endloop
  endfacet
  facet normal 0 0 1
    outer loop
      vertex -45.83849636125752 -22.356928486242946 0
      vertex -45.441332733606764 23.153515486716884 0
      vertex -45.83849636125752 22.356928486242946 0
    endloop
  endfacet
  facet normal 0.8949343616020252 0.4461978131098086 0
    outer loop
      vertex -45.83849636125752 -22.356928486242946 20
      vertex -45.441332733606764 -23.153515486716884 20
      vertex -45.441332733606764 -23.153515486716884 0
    endloop
  endfacet
  facet normal 0.8949343616020252 -0.4461978131098086 0
    outer loop
      vertex -45.83849636125752 22.356928486242946 0
      vertex -45.441332733606764 23.153515486716884 0
      vertex -45.441332733606764 23.153515486716884 20
    endloop
  endfacet
  facet normal 0.8949343616020252 -0.4461978131098086 0
    outer loop
      vertex -45.83849636125752 22.356928486242946 0
      vertex -45.441332733606764 23.153515486716884 20
      vertex -45.83849636125752 22.356928486242946 20
    endloop
  endfacet
  facet normal 0.8870108331782208 0.46174861323503574 0
    outer loop
      vertex -45.441332733606764 -23.153515486716884 0
      vertex -45.441332733606764 -23.153515486716884 20
      vertex -45.030327235805274 -23.94304970208043 0
    endloop
  endfacet
  facet normal 0 0 1
    outer loop
      vertex -45.441332733606764 -23.153515486716884 0
      vertex -45.030327235805274 -23.94304970208043 0
      vertex -45.030327235805274 23.94304970208043 0
    endloop
  endfacet
  facet normal 0 0 1
    outer loop
      vertex -45.441332733606764 -23.153515486716884 0
      vertex -45.030327235805274 23.94304970208043 0
      vertex -45.441332733606764 23.153515486716884 0
    endloop
  endfacet
  facet normal 0.8870108331782208 0.46174861323503574 0
    outer loop
      vertex -45.441332733606764 -23.153515486716884 20
      vertex -45.030327235805274 -23.94304970208043 20
      vertex -45.030327235805274 -23.94304970208043 0
    endloop
  endfacet
  facet normal 0.8870108331782208 -0.46174861323503574 0
    outer loop
      vertex -45.441332733606764 23.153515486716884 0
      vertex -45.030327235805274 23.94304970208043 0
      vertex -45.030327235805274 23.94304970208043 20
    endloop
  endfacet
  facet normal 0.8870108331782208 -0.46174861323503574 0
    outer loop
      vertex -45.441332733606764 23.153515486716884 0
      vertex -45.030327235805274 23.94304970208043 20
      vertex -45.441332733606764 23.153515486716884 20
    endloop
  endfacet
  facet normal 0.8788171126619653 0.47715876025960846 0
    outer loop
      vertex -45.030327235805274 -23.94304970208043 0
      vertex -45.030327235805274 -23.94304970208043 20
      vertex -44.605605064109184 -24.72529063256319 0
    endloop
  endfacet
  facet normal 0 0 1
    outer loop
      vertex -45.030327235805274 -23.94304970208043 0
      vertex -44.605605064109184 -24.72529063256319 0
      vertex -44.605605064109184 24.72529063256319 0
    endloop
  endfacet
  facet normal 0 0 1
    outer loop
      vertex -45.030327235805274 -23.94304970208043 0
      vertex -44.605605064109184 24.72529063256319 0
      vertex -45.030327235805274 23.94304970208043 0
    endloop
  endfacet
  facet normal 0.8788171126619653 0.47715876025960846 0
    outer loop
      vertex -45.030327235805274 -23.94304970208043 20
      vertex -44.605605064109184 -24.72529063256319 20
      vertex -44.605605064109184 -24.72529063256319 0
    endloop
  endfacet
  facet normal 0.8788171126619653 -0.47715876025960846 0
    outer loop
      vertex -45.030327235805274 23.94304970208043 0
      vertex -44.605605064109184 24.72529063256319 0
      vertex -44.605605064109184 24.72529063256319 20
    endloop
  endfacet
  facet normal 0.8788171126619653 -0.47715876025960846 0
    outer loop
      vertex -45.030327235805274 23.94304970208043 0
      vertex -44.605605064109184 24.72529063256319 20
      vertex -45.030327235805274 23.94304970208043 20
    endloop
  endfacet
  facet normal 0.8703556959398969 0.4924235601034718 0
    outer loop
      vertex -44.605605064109184 -24.72529063256319 0
      vertex -44.605605064109184 -24.72529063256319 20
      vertex -44.167295593006365 -25.5 0
    endloop
  endfacet
  facet normal 0 0 1
    outer loop
      vertex -44.605605064109184 -24.72529063256319 0
      vertex -44.167295593006365 -25.5 0
      vertex -44.167295593006365 25.5 0
    endloop
  endfacet
  facet normal 0 0 1
    outer loop
      vertex -44.605605064109184 -24.72529063256319 0
      vertex -44.167295593006365 25.5 0
      vertex -44.605605064109184 24.72529063256319 0
    endloop
  endfacet
  facet normal 0.8703556959398969 0.4924235601034718 0
    outer loop
      vertex -44.605605064109184 -24.72529063256319 20
      vertex -44.167295593006365 -25.5 20
      vertex -44.167295593006365 -25.5 0
    endloop
  endfacet
  facet normal 0.8703556959398969 -0.4924235601034718 0
    outer loop
      vertex -44.605605064109184 24.72529063256319 0
      vertex -44.167295593006365 25.5 0
      vertex -44.167295593006365 25.5 20
    endloop
  endfacet
  facet normal 0.8703556959398969 -0.4924235601034718 0
    outer loop
      vertex -44.605605064109184 24.72529063256319 0
      vertex -44.167295593006365 25.5 20
      vertex -44.605605064109184 24.72529063256319 20
    endloop
  endfacet
  facet normal 0.861629160441529 0.5075383629606987 0
    outer loop
      vertex -44.167295593006365 -25.5 0
      vertex -44.167295593006365 -25.5 20
      vertex -43.71553233580773 -26.26694182041276 0
    endloop
  endfacet
  facet normal 0 0 1
    outer loop
      vertex -44.167295593006365 -25.5 0
      vertex -43.71553233580773 -26.26694182041276 0
      vertex -43.71553233580773 26.26694182041276 0
    endloop
  endfacet
  facet normal 0 0 1
    outer loop
      vertex -44.167295593006365 -25.5 0
      vertex -43.71553233580773 26.26694182041276 0
      vertex -44.167295593006365 25.5 0
    endloop
  endfacet
  facet normal 0.861629160441529 0.5075383629606987 0
    outer loop
      vertex -44.167295593006365 -25.5 20
      vertex -43.71553233580773 -26.26694182041276 20
      vertex -43.71553233580773 -26.26694182041276 0
    endloop
  endfacet
  facet normal 0.861629160441529 -0.5075383629606987 0
    outer loop
      vertex -44.167295593006365 25.5 0
      vertex -43.71553233580773 26.26694182041276 0
      vertex -43.71553233580773 26.26694182041276 20
    endloop
  endfacet
  facet normal 0.861629160441529 -0.5075383629606987 0
    outer loop
      vertex -44.167295593006365 25.5 0
      vertex -43.71553233580773 26.26694182041276 20
      vertex -44.167295593006365 25.5 20
    endloop
  endfacet
  facet normal 0.8526401643540907 0.5224985647159511 0
    outer loop
      vertex -43.71553233580773 -26.26694182041276 0
      vertex -43.71553233580773 -26.26694182041276 20
      vertex -43.250452903977724 -27.02588247589345 0
    endloop
  endfacet
  facet normal 0 0 1
    outer loop
      vertex -43.71553233580773 -26.26694182041276 0
      vertex -43.250452903977724 -27.02588247589345 0
      vertex -43.250452903977724 27.02588247589345 0
    endloop
  endfacet
  facet normal 0 0 1
    outer loop
      vertex -43.71553233580773 -26.26694182041276 0
      vertex -43.250452903977724 27.02588247589345 0
      vertex -43.71553233580773 26.26694182041276 0
    endloop
  endfacet
  facet normal 0.8526401643540907 0.5224985647159511 0
    outer loop
      vertex -43.71553233580773 -26.26694182041276 20
      vertex -43.250452903977724 -27.02588247589345 20
      vertex -43.250452903977724 -27.02588247589345 0
    endloop
  endfacet
  facet normal 0.8526401643540907 -0.5224985647159511 0
    outer loop
      vertex -43.71553233580773 26.26694182041276 0
      vertex -43.250452903977724 27.02588247589345 0
      vertex -43.250452903977724 27.02588247589345 20
    endloop
  endfacet
  facet normal 0.8526401643540907 -0.5224985647159511 0
    outer loop
      vertex -43.71553233580773 26.26694182041276 0
      vertex -43.250452903977724 27.02588247589345 20
      vertex -43.71553233580773 26.26694182041276 20
    endloop
  endfacet
  facet normal 0.843391445812886 0.5372996083468234 0
    outer loop
      vertex -43.250452903977724 -27.02588247589345 0
      vertex -43.250452903977724 -27.02588247589345 20
      vertex -42.772198965216624 -27.77659078576638 0
    endloop
  endfacet
  facet normal 0 0 1
    outer loop
      vertex -43.250452903977724 -27.02588247589345 0
      vertex -42.772198965216624 -27.77659078576638 0
      vertex -42.772198965216624 27.77659078576638 0
    endloop
  endfacet
  facet normal 0 0 1
    outer loop
      vertex -43.250452903977724 -27.02588247589345 0
      vertex -42.772198965216624 27.77659078576638 0
      vertex -43.250452903977724 27.02588247589345 0
    endloop
  endfacet
  facet normal 0.843391445812886 0.5372996083468234 0
    outer loop
      vertex -43.250452903977724 -27.02588247589345 20
      vertex -42.772198965216624 -27.77659078576638 20
      vertex -42.772198965216624 -27.77659078576638 0
    endloop
  endfacet
  facet normal 0.843391445812886 -0.5372996083468234 0
    outer loop
      vertex -43.250452903977724 27.02588247589345 0
      vertex -42.772198965216624 27.77659078576638 0
      vertex -42.772198965216624 27.77659078576638 20
    endloop
  endfacet
  facet normal 0.843391445812886 -0.5372996083468234 0
    outer loop
      vertex -43.250452903977724 27.02588247589345 0
      vertex -42.772198965216624 27.77659078576638 20
      vertex -43.250452903977724 27.02588247589345 20
    endloop
  endfacet
  facet normal 0.8338858220671693 0.5519369853120564 0
    outer loop
      vertex -42.772198965216624 -27.77659078576638 0
      vertex -42.772198965216624 -27.77659078576638 20
      vertex -42.280916200307125 -28.51883807700809 0
    endloop
  endfacet
  facet normal 0 0 1
    outer loop
      vertex -42.772198965216624 -27.77659078576638 0
      vertex -42.280916200307125 -28.51883807700809 0
      vertex -42.280916200307125 28.51883807700809 0
    endloop
  endfacet
  facet normal 0 0 1
    outer loop
      vertex -42.772198965216624 -27.77659078576638 0
      vertex -42.280916200307125 28.51883807700809 0
      vertex -42.772198965216624 27.77659078576638 0
    endloop
  endfacet
  facet normal 0.8338858220671693 0.5519369853120564 0
    outer loop
      vertex -42.772198965216624 -27.77659078576638 20
      vertex -42.280916200307125 -28.51883807700809 20
      vertex -42.280916200307125 -28.51883807700809 0
    endloop
  endfacet
  facet normal 0.8338858220671693 -0.5519369853120564 0
    outer loop
      vertex -42.772198965216624 27.77659078576638 0
      vertex -42.280916200307125 28.51883807700809 0
      vertex -42.280916200307125 28.51883807700809 20
    endloop
  endfacet
  facet normal 0.8338858220671693 -0.5519369853120564 0
    outer loop
      vertex -42.772198965216624 27.77659078576638 0
      vertex -42.280916200307125 28.51883807700809 20
      vertex -42.772198965216624 27.77659078576638 20
    endloop
  endfacet
  facet normal 0.824126188622016 0.5664062369248325 0
    outer loop
      vertex -42.280916200307125 -28.51883807700809 0
      vertex -42.280916200307125 -28.51883807700809 20
      vertex -41.776754258738585 -29.252398253903348 0
    endloop
  endfacet
  facet normal 0 0 1
    outer loop
      vertex -42.280916200307125 -28.51883807700809 0
      vertex -41.776754258738585 -29.252398253903348 0
      vertex -41.776754258738585 29.252398253903348 0
    endloop
  endfacet
  facet normal 0 0 1
    outer loop
      vertex -42.280916200307125 -28.51883807700809 0
      vertex -41.776754258738585 29.252398253903348 0
      vertex -42.280916200307125 28.51883807700809 0
    endloop
  endfacet
  facet normal 0.824126188622016 0.5664062369248325 0
    outer loop
      vertex -42.280916200307125 -28.51883807700809 20
      vertex -41.776754258738585 -29.252398253903348 20
      vertex -41.776754258738585 -29.252398253903348 0
    endloop
  endfacet
  facet normal 0.824126188622016 -0.5664062369248325 0
    outer loop
      vertex -42.280916200307125 28.51883807700809 0
      vertex -41.776754258738585 29.252398253903348 0
      vertex -41.776754258738585 29.252398253903348 20
    endloop
  endfacet
  facet normal 0.824126188622016 -0.5664062369248325 0
    outer loop
      vertex -42.280916200307125 28.51883807700809 0
      vertex -41.776754258738585 29.252398253903348 20
      vertex -42.280916200307125 28.51883807700809 20
    endloop
  endfacet
  facet normal 0.8141155183563202 0.5807029557109383 0
    outer loop
      vertex -41.776754258738585 -29.252398253903348 0
      vertex -41.776754258738585 -29.252398253903348 20
      vertex -41.25986671312232 -29.97704786691613 0
    endloop
  endfacet
  facet normal 0 0 1
    outer loop
      vertex -41.776754258738585 -29.252398253903348 0
      vertex -41.25986671312232 -29.97704786691613 0
      vertex -41.25986671312232 29.97704786691613 0
    endloop
  endfacet
  facet normal 0 0 1
    outer loop
      vertex -41.776754258738585 -29.252398253903348 0
      vertex -41.25986671312232 29.97704786691613 0
      vertex -41.776754258738585 29.252398253903348 0
    endloop
  endfacet
  facet normal 0.8141155183563202 0.5807029557109383 0
    outer loop
      vertex -41.776754258738585 -29.252398253903348 20
      vertex -41.25986671312232 -29.97704786691613 20
      vertex -41.25986671312232 -29.97704786691613 0
    endloop
  endfacet
  facet normal 0.8141155183563202 -0.5807029557109383 0
    outer loop
      vertex -41.776754258738585 29.252398253903348 0
      vertex -41.25986671312232 29.97704786691613 0
      vertex -41.25986671312232 29.97704786691613 20
    endloop
  endfacet
  facet normal 0.8141155183563202 -0.5807029557109383 0
    outer loop
      vertex -41.776754258738585 29.252398253903348 0
      vertex -41.25986671312232 29.97704786691613 20
      vertex -41.776754258738585 29.252398253903348 20
    endloop
  endfacet
  facet normal 0.803856860617215 0.5948227867513443 0
    outer loop
      vertex -41.25986671312232 -29.97704786691613 0
      vertex -41.25986671312232 -29.97704786691613 20
      vertex -40.730411012411935 -30.69256618075446 0
    endloop
  endfacet
  facet normal 0 0 1
    outer loop
      vertex -41.25986671312232 -29.97704786691613 0
      vertex -40.730411012411935 -30.69256618075446 0
      vertex -40.730411012411935 30.69256618075446 0
    endloop
  endfacet
  facet normal 0 0 1
    outer loop
      vertex -41.25986671312232 -29.97704786691613 0
      vertex -40.730411012411935 30.69256618075446 0
      vertex -41.25986671312232 29.97704786691613 0
    endloop
  endfacet
  facet normal 0.803856860617215 0.5948227867513443 0
    outer loop
      vertex -41.25986671312232 -29.97704786691613 20
      vertex -40.730411012411935 -30.69256618075446 20
      vertex -40.730411012411935 -30.69256618075446 0
    endloop
  endfacet
  facet normal 0.803856860617215 -0.5948227867513443 0
    outer loop
      vertex -41.25986671312232 29.97704786691613 0
      vertex -40.730411012411935 30.69256618075446 0
      vertex -40.730411012411935 30.69256618075446 20
    endloop
  endfacet
  facet normal 0.803856860617215 -0.5948227867513443 0
    outer loop
      vertex -41.25986671312232 29.97704786691613 0
      vertex -40.730411012411935 30.69256618075446 20
      vertex -41.25986671312232 29.97704786691613 20
    endloop
  endfacet
  facet normal 0.7933533402912365 0.6087614290087189 0
    outer loop
      vertex -40.730411012411935 -30.69256618075446 0
      vertex -40.730411012411935 -30.69256618075446 20
      vertex -40.18854843394282 -31.398735241608573 0
    endloop
  endfacet
  facet normal 0 0 1
    outer loop
      vertex -40.730411012411935 -30.69256618075446 0
      vertex -40.18854843394282 -31.398735241608573 0
      vertex -40.18854843394282 31.398735241608573 0
    endloop
  endfacet
  facet normal 0 0 1
    outer loop
      vertex -40.730411012411935 -30.69256618075446 0
      vertex -40.18854843394282 31.398735241608573 0
      vertex -40.730411012411935 30.69256618075446 0
    endloop
  endfacet
  facet normal 0.7933533402912365 0.6087614290087189 0
    outer loop
      vertex -40.730411012411935 -30.69256618075446 20
      vertex -40.18854843394282 -31.398735241608573 20
      vertex -40.18854843394282 -31.398735241608573 0
    endloop
  endfacet
  facet normal 0.7933533402912365 -0.6087614290087189 0
    outer loop
      vertex -40.730411012411935 30.69256618075446 0
      vertex -40.18854843394282 31.398735241608573 0
      vertex -40.18854843394282 31.398735241608573 20
    endloop
  endfacet
  facet normal 0.7933533402912365 -0.6087614290087189 0
    outer loop
      vertex -40.730411012411935 30.69256618075446 0
      vertex -40.18854843394282 31.398735241608573 20
      vertex -40.730411012411935 30.69256618075446 20
    endloop
  endfacet
  facet normal 0.782608156852414 0.6225146366376193 0
    outer loop
      vertex -40.18854843394282 -31.398735241608573 0
      vertex -40.18854843394282 -31.398735241608573 20
      vertex -39.63444403430552 -32.09533994354171 0
    endloop
  endfacet
  facet normal 0 0 1
    outer loop
      vertex -40.18854843394282 -31.398735241608573 0
      vertex -39.63444403430552 -32.09533994354171 0
      vertex -39.63444403430552 32.09533994354171 0
    endloop
  endfacet
  facet normal 0 0 1
    outer loop
      vertex -40.18854843394282 -31.398735241608573 0
      vertex -39.63444403430552 32.09533994354171 0
      vertex -40.18854843394282 31.398735241608573 0
    endloop
  endfacet
  facet normal 0.782608156852414 0.6225146366376193 0
    outer loop
      vertex -40.18854843394282 -31.398735241608573 20
      vertex -39.63444403430552 -32.09533994354171 20
      vertex -39.63444403430552 -32.09533994354171 0
    endloop
  endfacet
  facet normal 0.782608156852414 -0.6225146366376193 0
    outer loop
      vertex -40.18854843394282 31.398735241608573 0
      vertex -39.63444403430552 32.09533994354171 0
      vertex -39.63444403430552 32.09533994354171 20
    endloop
  endfacet
  facet normal 0.782608156852414 -0.6225146366376193 0
    outer loop
      vertex -40.18854843394282 31.398735241608573 0
      vertex -39.63444403430552 32.09533994354171 20
      vertex -40.18854843394282 31.398735241608573 20
    endloop
  endfacet
  facet normal 0.7716245833877139 0.6360782202777711 0
    outer loop
      vertex -39.63444403430552 -32.09533994354171 0
      vertex -39.63444403430552 -32.09533994354171 20
      vertex -39.068266599067876 -32.7821680940135 0
    endloop
  endfacet
  facet normal 0 0 1
    outer loop
      vertex -39.63444403430552 -32.09533994354171 0
      vertex -39.068266599067876 -32.7821680940135 0
      vertex -39.068266599067876 32.7821680940135 0
    endloop
  endfacet
  facet normal 0 0 1
    outer loop
      vertex -39.63444403430552 -32.09533994354171 0
      vertex -39.068266599067876 32.7821680940135 0
      vertex -39.63444403430552 32.09533994354171 0
    endloop
  endfacet
  facet normal 0.7716245833877139 0.6360782202777711 0
    outer loop
      vertex -39.63444403430552 -32.09533994354171 20
      vertex -39.068266599067876 -32.7821680940135 20
      vertex -39.068266599067876 -32.7821680940135 0
    endloop
  endfacet
  facet normal 0.7716245833877139 -0.6360782202777711 0
    outer loop
      vertex -39.63444403430552 32.09533994354171 0
      vertex -39.068266599067876 32.7821680940135 0
      vertex -39.068266599067876 32.7821680940135 20
    endloop
  endfacet
  facet normal 0.7716245833877139 -0.6360782202777711 0
    outer loop
      vertex -39.63444403430552 32.09533994354171 0
      vertex -39.068266599067876 32.7821680940135 20
      vertex -39.63444403430552 32.09533994354171 20
    endloop
  endfacet
  facet normal 0.7604059656000373 0.6494480483301763 0
    outer loop
      vertex -39.068266599067876 -32.7821680940135 0
      vertex -39.068266599067876 -32.7821680940135 20
      vertex -38.490188591361374 -33.45901047851587 0
    endloop
  endfacet
  facet normal 0 0 1
    outer loop
      vertex -39.068266599067876 -32.7821680940135 0
      vertex -38.490188591361374 -33.45901047851587 0
      vertex -38.490188591361374 33.45901047851587 0
    endloop
  endfacet
  facet normal 0 0 1
    outer loop
      vertex -39.068266599067876 -32.7821680940135 0
      vertex -38.490188591361374 33.45901047851587 0
      vertex -39.068266599067876 32.7821680940135 0
    endloop
  endfacet
  facet normal 0.7604059656000373 0.6494480483301763 0
    outer loop
      vertex -39.068266599067876 -32.7821680940135 20
      vertex -38.490188591361374 -33.45901047851587 20
      vertex -38.490188591361374 -33.45901047851587 0
    endloop
  endfacet
  facet normal 0.7604059656000373 -0.6494480483301763 0
    outer loop
      vertex -39.068266599067876 32.7821680940135 0
      vertex -38.490188591361374 33.45901047851587 0
      vertex -38.490188591361374 33.45901047851587 20
    endloop
  endfacet
  facet normal 0.7604059656000373 -0.6494480483301763 0
    outer loop
      vertex -39.068266599067876 32.7821680940135 0
      vertex -38.490188591361374 33.45901047851587 20
      vertex -39.068266599067876 32.7821680940135 20
    endloop
  endfacet
  facet normal 0.7489557207890031 0.6626200482157365 0
    outer loop
      vertex -38.490188591361374 -33.45901047851587 0
      vertex -38.490188591361374 -33.45901047851587 20
      vertex -37.90038609934711 -34.12566092430177 0
    endloop
  endfacet
  facet normal 0 0 1
    outer loop
      vertex -38.490188591361374 -33.45901047851587 0
      vertex -37.90038609934711 -34.12566092430177 0
      vertex -37.90038609934711 34.12566092430177 0
    endloop
  endfacet
  facet normal 0 0 1
    outer loop
      vertex -38.490188591361374 -33.45901047851587 0
      vertex -37.90038609934711 34.12566092430177 0
      vertex -38.490188591361374 33.45901047851587 0
    endloop
  endfacet
  facet normal 0.7489557207890031 0.6626200482157365 0
    outer loop
      vertex -38.490188591361374 -33.45901047851587 20
      vertex -37.90038609934711 -34.12566092430177 20
      vertex -37.90038609934711 -34.12566092430177 0
    endloop
  endfacet
  facet normal 0.7489557207890031 -0.6626200482157365 0
    outer loop
      vertex -38.490188591361374 33.45901047851587 0
      vertex -37.90038609934711 34.12566092430177 0
      vertex -37.90038609934711 34.12566092430177 20
    endloop
  endfacet
  facet normal 0.7489557207890031 -0.6626200482157365 0
    outer loop
      vertex -38.490188591361374 33.45901047851587 0
      vertex -37.90038609934711 34.12566092430177 20
      vertex -38.490188591361374 33.45901047851587 20
    endloop
  endfacet
  facet normal 0.7372773368101214 0.6755902076156632 0
    outer loop
      vertex -37.90038609934711 -34.12566092430177 0
      vertex -37.90038609934711 -34.12566092430177 20
      vertex -37.299038782577696 -34.78191636318742 0
    endloop
  endfacet
  facet normal 0 0 1
    outer loop
      vertex -37.90038609934711 -34.12566092430177 0
      vertex -37.299038782577696 -34.78191636318742 0
      vertex -37.299038782577696 34.78191636318742 0
    endloop
  endfacet
  facet normal 0 0 1
    outer loop
      vertex -37.90038609934711 -34.12566092430177 0
      vertex -37.299038782577696 34.78191636318742 0
      vertex -37.90038609934711 34.12566092430177 0
    endloop
  endfacet
  facet normal 0.7372773368101214 0.6755902076156632 0
    outer loop
      vertex -37.90038609934711 -34.12566092430177 20
      vertex -37.299038782577696 -34.78191636318742 20
      vertex -37.299038782577696 -34.78191636318742 0
    endloop
  endfacet
  facet normal 0.7372773368101214 -0.6755902076156632 0
    outer loop
      vertex -37.90038609934711 34.12566092430177 0
      vertex -37.299038782577696 34.78191636318742 0
      vertex -37.299038782577696 34.78191636318742 20
    endloop
  endfacet
  facet normal 0.7372773368101214 -0.6755902076156632 0
    outer loop
      vertex -37.90038609934711 34.12566092430177 0
      vertex -37.299038782577696 34.78191636318742 20
      vertex -37.90038609934711 34.12566092430177 20
    endloop
  endfacet
  facet normal 0.7253743710122882 0.6883545756937534 0
    outer loop
      vertex -37.299038782577696 -34.78191636318742 0
      vertex -37.299038782577696 -34.78191636318742 20
      vertex -36.68632981727121 -35.42757689340886 0
    endloop
  endfacet
  facet normal 0 0 1
    outer loop
      vertex -37.299038782577696 -34.78191636318742 0
      vertex -36.68632981727121 -35.42757689340886 0
      vertex -36.68632981727121 35.42757689340886 0
    endloop
  endfacet
  facet normal 0 0 1
    outer loop
      vertex -37.299038782577696 -34.78191636318742 0
      vertex -36.68632981727121 35.42757689340886 0
      vertex -37.299038782577696 34.78191636318742 0
    endloop
  endfacet
  facet normal 0.7253743710122882 0.6883545756937534 0
    outer loop
      vertex -37.299038782577696 -34.78191636318742 20
      vertex -36.68632981727121 -35.42757689340886 20
      vertex -36.68632981727121 -35.42757689340886 0
    endloop
  endfacet
  facet normal 0.7253743710122882 -0.6883545756937534 0
    outer loop
      vertex -37.299038782577696 34.78191636318742 0
      vertex -36.68632981727121 35.42757689340886 0
      vertex -36.68632981727121 35.42757689340886 20
    endloop
  endfacet
  facet normal 0.7253743710122882 -0.6883545756937534 0
    outer loop
      vertex -37.299038782577696 34.78191636318742 0
      vertex -36.68632981727121 35.42757689340886 20
      vertex -37.299038782577696 34.78191636318742 20
    endloop
  endfacet
  facet normal 0.7132504491541815 0.7009092642998508 0
    outer loop
      vertex -36.68632981727121 -35.42757689340886 0
      vertex -36.68632981727121 -35.42757689340886 20
      vertex -36.062445840513924 -36.062445840513924 0
    endloop
  endfacet
  facet normal 0 0 1
    outer loop
      vertex -36.68632981727121 -35.42757689340886 0
      vertex -36.062445840513924 -36.062445840513924 0
      vertex -36.062445840513924 36.062445840513924 0
    endloop
  endfacet
  facet normal 0 0 1
    outer loop
      vertex -36.68632981727121 -35.42757689340886 0
      vertex -36.062445840513924 36.062445840513924 0
      vertex -36.68632981727121 35.42757689340886 0
    endloop
  endfacet
  facet normal 0.7132504491541815 0.7009092642998508 0
    outer loop
      vertex -36.68632981727121 -35.42757689340886 20
      vertex -36.062445840513924 -36.062445840513924 20
      vertex -36.062445840513924 -36.062445840513924 0
    endloop
  endfacet
  facet normal 0.7132504491541815 -0.7009092642998508 0
    outer loop
      vertex -36.68632981727121 35.42757689340886 0
      vertex -36.062445840513924 36.062445840513924 0
      vertex -36.062445840513924 36.062445840513924 20
    endloop
  endfacet
  facet normal 0.7132504491541815 -0.7009092642998508 0
    outer loop
      vertex -36.68632981727121 35.42757689340886 0
      vertex -36.062445840513924 36.062445840513924 20
      vertex -36.68632981727121 35.42757689340886 20
    endloop
  endfacet
  facet normal 0.7009092642998508 0.7132504491541815 0
    outer loop
      vertex -36.062445840513924 -36.062445840513924 0
      vertex -36.062445840513924 -36.062445840513924 20
      vertex -35.42757689340886 -36.68632981727121 20
    endloop
  endfacet
  facet normal 0 0 1
    outer loop
      vertex -36.062445840513924 -36.062445840513924 0
      vertex -35.42757689340886 -36.68632981727121 0
      vertex -35.42757689340886 36.68632981727121 0
    endloop
  endfacet
  facet normal 0.7009092642998508 0.7132504491541815 0
    outer loop
      vertex -36.062445840513924 -36.062445840513924 0
      vertex -35.42757689340886 -36.68632981727121 20
      vertex -35.42757689340886 -36.68632981727121 0
    endloop
  endfacet
  facet normal 0 0 1
    outer loop
      vertex -36.062445840513924 -36.062445840513924 0
      vertex -35.42757689340886 36.68632981727121 0
      vertex -36.062445840513924 36.062445840513924 0
    endloop
  endfacet
  facet normal 0.7009092642998508 -0.7132504491541815 0
    outer loop
      vertex -36.062445840513924 36.062445840513924 0
      vertex -35.42757689340886 36.68632981727121 0
      vertex -36.062445840513924 36.062445840513924 20
    endloop
  endfacet
  facet normal 0.7009092642998508 -0.7132504491541815 0
    outer loop
      vertex -36.062445840513924 36.062445840513924 20
      vertex -35.42757689340886 36.68632981727121 0
      vertex -35.42757689340886 36.68632981727121 20
    endloop
  endfacet
  facet normal 0.6883545756937534 0.7253743710122882 0
    outer loop
      vertex -35.42757689340886 -36.68632981727121 0
      vertex -35.42757689340886 -36.68632981727121 20
      vertex -34.78191636318742 -37.299038782577696 20
    endloop
  endfacet
  facet normal 0 0 1
    outer loop
      vertex -35.42757689340886 -36.68632981727121 0
      vertex -34.78191636318742 -37.299038782577696 0
      vertex -34.78191636318742 37.299038782577696 0
    endloop
  endfacet
  facet normal 0.6883545756937534 0.7253743710122882 0
    outer loop
      vertex -35.42757689340886 -36.68632981727121 0
      vertex -34.78191636318742 -37.299038782577696 20
      vertex -34.78191636318742 -37.299038782577696 0
    endloop
  endfacet
  facet normal 0 0 1
    outer loop
      vertex -35.42757689340886 -36.68632981727121 0
      vertex -34.78191636318742 37.299038782577696 0
      vertex -35.42757689340886 36.68632981727121 0
    endloop
  endfacet
  facet normal 0.6883545756937534 -0.7253743710122882 0
    outer loop
      vertex -35.42757689340886 36.68632981727121 0
      vertex -34.78191636318742 37.299038782577696 0
      vertex -35.42757689340886 36.68632981727121 20
    endloop
  endfacet
  facet normal 0.6883545756937534 -0.7253743710122882 0
    outer loop
      vertex -35.42757689340886 36.68632981727121 20
      vertex -34.78191636318742 37.299038782577696 0
      vertex -34.78191636318742 37.299038782577696 20
    endloop
  endfacet
  facet normal 0.6755902076156632 0.7372773368101214 0
    outer loop
      vertex -34.78191636318742 -37.299038782577696 0
      vertex -34.78191636318742 -37.299038782577696 20
      vertex -34.12566092430177 -37.90038609934711 20
    endloop
  endfacet
  facet normal 0 0 1
    outer loop
      vertex -34.78191636318742 -37.299038782577696 0
      vertex -34.12566092430177 -37.90038609934711 0
      vertex -34.12566092430177 37.90038609934711 0
    endloop
  endfacet
  facet normal 0.6755902076156632 0.7372773368101214 0
    outer loop
      vertex -34.78191636318742 -37.299038782577696 0
      vertex -34.12566092430177 -37.90038609934711 20
      vertex -34.12566092430177 -37.90038609934711 0
    endloop
  endfacet
  facet normal 0 0 1
    outer loop
      vertex -34.78191636318742 -37.299038782577696 0
      vertex -34.12566092430177 37.90038609934711 0
      vertex -34.78191636318742 37.299038782577696 0
    endloop
  endfacet
  facet normal 0.6755902076156632 -0.7372773368101214 0
    outer loop
      vertex -34.78191636318742 37.299038782577696 0
      vertex -34.12566092430177 37.90038609934711 0
      vertex -34.78191636318742 37.299038782577696 20
    endloop
  endfacet
  facet normal 0.6755902076156632 -0.7372773368101214 0
    outer loop
      vertex -34.78191636318742 37.299038782577696 20
      vertex -34.12566092430177 37.90038609934711 0
      vertex -34.12566092430177 37.90038609934711 20
    endloop
  endfacet
  facet normal 0.6626200482157365 0.7489557207890031 0
    outer loop
      vertex -34.12566092430177 -37.90038609934711 0
      vertex -34.12566092430177 -37.90038609934711 20
      vertex -33.45901047851587 -38.490188591361374 20
    endloop
  endfacet
  facet normal 0 0 1
    outer loop
      vertex -34.12566092430177 -37.90038609934711 0
      vertex -33.45901047851587 -38.490188591361374 0
      vertex -33.45901047851587 38.490188591361374 0
    endloop
  endfacet
  facet normal 0.6626200482157365 0.7489557207890031 0
    outer loop
      vertex -34.12566092430177 -37.90038609934711 0
      vertex -33.45901047851587 -38.490188591361374 20
      vertex -33.45901047851587 -38.490188591361374 0
    endloop
  endfacet
  facet normal 0 0 1
    outer loop
      vertex -34.12566092430177 -37.90038609934711 0
      vertex -33.45901047851587 38.490188591361374 0
      vertex -34.12566092430177 37.90038609934711 0
    endloop
  endfacet
  facet normal 0.6626200482157365 -0.7489557207890031 0
    outer loop
      vertex -34.12566092430177 37.90038609934711 0
      vertex -33.45901047851587 38.490188591361374 0
      vertex -34.12566092430177 37.90038609934711 20
    endloop
  endfacet
  facet normal 0.6626200482157365 -0.7489557207890031 0
    outer loop
      vertex -34.12566092430177 37.90038609934711 20
      vertex -33.45901047851587 38.490188591361374 0
      vertex -33.45901047851587 38.490188591361374 20
    endloop
  endfacet
  facet normal 0.6494480483301763 0.7604059656000373 0
    outer loop
      vertex -33.45901047851587 -38.490188591361374 0
      vertex -33.45901047851587 -38.490188591361374 20
      vertex -32.7821680940135 -39.068266599067876 20
    endloop
  endfacet
  facet normal 0 0 1
    outer loop
      vertex -33.45901047851587 -38.490188591361374 0
      vertex -32.7821680940135 -39.068266599067876 0
      vertex -32.7821680940135 39.068266599067876 0
    endloop
  endfacet
  facet normal 0.6494480483301763 0.7604059656000373 0
    outer loop
      vertex -33.45901047851587 -38.490188591361374 0
      vertex -32.7821680940135 -39.068266599067876 20
      vertex -32.7821680940135 -39.068266599067876 0
    endloop
  endfacet
  facet normal 0 0 1
    outer loop
      vertex -33.45901047851587 -38.490188591361374 0
      vertex -32.7821680940135 39.068266599067876 0
      vertex -33.45901047851587 38.490188591361374 0
    endloop
  endfacet
  facet normal 0.6494480483301763 -0.7604059656000373 0
    outer loop
      vertex -33.45901047851587 38.490188591361374 0
      vertex -32.7821680940135 39.068266599067876 0
      vertex -33.45901047851587 38.490188591361374 20
    endloop
  endfacet
  facet normal 0.6494480483301763 -0.7604059656000373 0
    outer loop
      vertex -33.45901047851587 38.490188591361374 20
      vertex -32.7821680940135 39.068266599067876 0
      vertex -32.7821680940135 39.068266599067876 20
    endloop
  endfacet
  facet normal 0.6360782202777711 0.7716245833877139 0
    outer loop
      vertex -32.7821680940135 -39.068266599067876 0
      vertex -32.7821680940135 -39.068266599067876 20
      vertex -32.09533994354171 -39.63444403430552 20
    endloop
  endfacet
  facet normal 0 0 1
    outer loop
      vertex -32.7821680940135 -39.068266599067876 0
      vertex -32.09533994354171 -39.63444403430552 0
      vertex -32.09533994354171 39.63444403430552 0
    endloop
  endfacet
  facet normal 0.6360782202777711 0.7716245833877139 0
    outer loop
      vertex -32.7821680940135 -39.068266599067876 0
      vertex -32.09533994354171 -39.63444403430552 20
      vertex -32.09533994354171 -39.63444403430552 0
    endloop
  endfacet
  facet normal 0 0 1
    outer loop
      vertex -32.7821680940135 -39.068266599067876 0
      vertex -32.09533994354171 39.63444403430552 0
      vertex -32.7821680940135 39.068266599067876 0
    endloop
  endfacet
  facet normal 0.6360782202777711 -0.7716245833877139 0
    outer loop
      vertex -32.7821680940135 39.068266599067876 0
      vertex -32.09533994354171 39.63444403430552 0
      vertex -32.7821680940135 39.068266599067876 20
    endloop
  endfacet
  facet normal 0.6360782202777711 -0.7716245833877139 0
    outer loop
      vertex -32.7821680940135 39.068266599067876 20
      vertex -32.09533994354171 39.63444403430552 0
      vertex -32.09533994354171 39.63444403430552 20
    endloop
  endfacet
  facet normal 0.6225146366376193 0.782608156852414 0
    outer loop
      vertex -32.09533994354171 -39.63444403430552 0
      vertex -32.09533994354171 -39.63444403430552 20
      vertex -31.398735241608573 -40.18854843394282 20
    endloop
  endfacet
  facet normal 0 0 1
    outer loop
      vertex -32.09533994354171 -39.63444403430552 0
      vertex -31.398735241608573 -40.18854843394282 0
      vertex -31.398735241608573 40.18854843394282 0
    endloop
  endfacet
  facet normal 0.6225146366376193 0.782608156852414 0
    outer loop
      vertex -32.09533994354171 -39.63444403430552 0
      vertex -31.398735241608573 -40.18854843394282 20
      vertex -31.398735241608573 -40.18854843394282 0
    endloop
  endfacet
  facet normal 0 0 1
    outer loop
      vertex -32.09533994354171 -39.63444403430552 0
      vertex -31.398735241608573 40.18854843394282 0
      vertex -32.09533994354171 39.63444403430552 0
    endloop
  endfacet
  facet normal 0.6225146366376193 -0.782608156852414 0
    outer loop
      vertex -32.09533994354171 39.63444403430552 0
      vertex -31.398735241608573 40.18854843394282 0
      vertex -32.09533994354171 39.63444403430552 20
    endloop
  endfacet
  facet normal 0.6225146366376193 -0.782608156852414 0
    outer loop
      vertex -32.09533994354171 39.63444403430552 20
      vertex -31.398735241608573 40.18854843394282 0
      vertex -31.398735241608573 40.18854843394282 20
    endloop
  endfacet
  facet normal 0.6087614290087189 0.7933533402912365 0
    outer loop
      vertex -31.398735241608573 -40.18854843394282 0
      vertex -31.398735241608573 -40.18854843394282 20
      vertex -30.69256618075446 -40.730411012411935 20
    endloop
  endfacet
  facet normal 0 0 1
    outer loop
      vertex -31.398735241608573 -40.18854843394282 0
      vertex -30.69256618075446 -40.730411012411935 0
      vertex -30.69256618075446 40.730411012411935 0
    endloop
  endfacet
  facet normal 0.6087614290087189 0.7933533402912365 0
    outer loop
      vertex -31.398735241608573 -40.18854843394282 0
      vertex -30.69256618075446 -40.730411012411935 20
      vertex -30.69256618075446 -40.730411012411935 0
    endloop
  endfacet
  facet normal 0 0 1
    outer loop
      vertex -31.398735241608573 -40.18854843394282 0
      vertex -30.69256618075446 40.730411012411935 0
      vertex -31.398735241608573 40.18854843394282 0
    endloop
  endfacet
  facet normal 0.6087614290087189 -0.7933533402912365 0
    outer loop
      vertex -31.398735241608573 40.18854843394282 0
      vertex -30.69256618075446 40.730411012411935 0
      vertex -31.398735241608573 40.18854843394282 20
    endloop
  endfacet
  facet normal 0.6087614290087189 -0.7933533402912365 0
    outer loop
      vertex -31.398735241608573 40.18854843394282 20
      vertex -30.69256618075446 40.730411012411935 0
      vertex -30.69256618075446 40.730411012411935 20
    endloop
  endfacet
  facet normal 0.5948227867513443 0.803856860617215 0
    outer loop
      vertex -30.69256618075446 -40.730411012411935 0
      vertex -30.69256618075446 -40.730411012411935 20
      vertex -29.97704786691613 -41.25986671312232 20
    endloop
  endfacet
  facet normal 0 0 1
    outer loop
      vertex -30.69256618075446 -40.730411012411935 0
      vertex -29.97704786691613 -41.25986671312232 0
      vertex -29.97704786691613 41.25986671312232 0
    endloop
  endfacet
  facet normal 0.5948227867513443 0.803856860617215 0
    outer loop
      vertex -30.69256618075446 -40.730411012411935 0
      vertex -29.97704786691613 -41.25986671312232 20
      vertex -29.97704786691613 -41.25986671312232 0
    endloop
  endfacet
  facet normal 0 0 1
    outer loop
      vertex -30.69256618075446 -40.730411012411935 0
      vertex -29.97704786691613 41.25986671312232 0
      vertex -30.69256618075446 40.730411012411935 0
    endloop
  endfacet
  facet normal 0.5948227867513443 -0.803856860617215 0
    outer loop
      vertex -30.69256618075446 40.730411012411935 0
      vertex -29.97704786691613 41.25986671312232 0
      vertex -30.69256618075446 40.730411012411935 20
    endloop
  endfacet
  facet normal 0.5948227867513443 -0.803856860617215 0
    outer loop
      vertex -30.69256618075446 40.730411012411935 20
      vertex -29.97704786691613 41.25986671312232 0
      vertex -29.97704786691613 41.25986671312232 20
    endloop
  endfacet
  facet normal 0.5807029557109383 0.8141155183563202 0
    outer loop
      vertex -29.97704786691613 -41.25986671312232 0
      vertex -29.97704786691613 -41.25986671312232 20
      vertex -29.252398253903348 -41.776754258738585 20
    endloop
  endfacet
  facet normal 0 0 1
    outer loop
      vertex -29.97704786691613 -41.25986671312232 0
      vertex -29.252398253903348 -41.776754258738585 0
      vertex -29.252398253903348 41.776754258738585 0
    endloop
  endfacet
  facet normal 0.5807029557109383 0.8141155183563202 0
    outer loop
      vertex -29.97704786691613 -41.25986671312232 0
      vertex -29.252398253903348 -41.776754258738585 20
      vertex -29.252398253903348 -41.776754258738585 0
    endloop
  endfacet
  facet normal 0 0 1
    outer loop
      vertex -29.97704786691613 -41.25986671312232 0
      vertex -29.252398253903348 41.776754258738585 0
      vertex -29.97704786691613 41.25986671312232 0
    endloop
  endfacet
  facet normal 0.5807029557109383 -0.8141155183563202 0
    outer loop
      vertex -29.97704786691613 41.25986671312232 0
      vertex -29.252398253903348 41.776754258738585 0
      vertex -29.97704786691613 41.25986671312232 20
    endloop
  endfacet
  facet normal 0.5807029557109383 -0.8141155183563202 0
    outer loop
      vertex -29.97704786691613 41.25986671312232 20
      vertex -29.252398253903348 41.776754258738585 0
      vertex -29.252398253903348 41.776754258738585 20
    endloop
  endfacet
  facet normal 0.5664062369248325 0.824126188622016 0
    outer loop
      vertex -29.252398253903348 -41.776754258738585 0
      vertex -29.252398253903348 -41.776754258738585 20
      vertex -28.51883807700809 -42.280916200307125 20
    endloop
  endfacet
  facet normal 0 0 1
    outer loop
      vertex -29.252398253903348 -41.776754258738585 0
      vertex -28.51883807700809 -42.280916200307125 0
      vertex -28.51883807700809 42.280916200307125 0
    endloop
  endfacet
  facet normal 0.5664062369248325 0.824126188622016 0
    outer loop
      vertex -29.252398253903348 -41.776754258738585 0
      vertex -28.51883807700809 -42.280916200307125 20
      vertex -28.51883807700809 -42.280916200307125 0
    endloop
  endfacet
  facet normal 0 0 1
    outer loop
      vertex -29.252398253903348 -41.776754258738585 0
      vertex -28.51883807700809 42.280916200307125 0
      vertex -29.252398253903348 41.776754258738585 0
    endloop
  endfacet
  facet normal 0.5664062369248325 -0.824126188622016 0
    outer loop
      vertex -29.252398253903348 41.776754258738585 0
      vertex -28.51883807700809 42.280916200307125 0
      vertex -29.252398253903348 41.776754258738585 20
    endloop
  endfacet
  facet normal 0.5664062369248325 -0.824126188622016 0
    outer loop
      vertex -29.252398253903348 41.776754258738585 20
      vertex -28.51883807700809 42.280916200307125 0
      vertex -28.51883807700809 42.280916200307125 20
    endloop
  endfacet
  facet normal 0.5519369853120564 0.8338858220671693 0
    outer loop
      vertex -28.51883807700809 -42.280916200307125 0
      vertex -28.51883807700809 -42.280916200307125 20
      vertex -27.77659078576638 -42.772198965216624 20
    endloop
  endfacet
  facet normal 0 0 1
    outer loop
      vertex -28.51883807700809 -42.280916200307125 0
      vertex -27.77659078576638 -42.772198965216624 0
      vertex -27.77659078576638 42.772198965216624 0
    endloop
  endfacet
  facet normal 0.5519369853120564 0.8338858220671693 0
    outer loop
      vertex -28.51883807700809 -42.280916200307125 0
      vertex -27.77659078576638 -42.772198965216624 20
      vertex -27.77659078576638 -42.772198965216624 0
    endloop
  endfacet
  facet normal 0 0 1
    outer loop
      vertex -28.51883807700809 -42.280916200307125 0
      vertex -27.77659078576638 42.772198965216624 0
      vertex -28.51883807700809 42.280916200307125 0
    endloop
  endfacet
  facet normal 0.5519369853120564 -0.8338858220671693 0
    outer loop
      vertex -28.51883807700809 42.280916200307125 0
      vertex -27.77659078576638 42.772198965216624 0
      vertex -28.51883807700809 42.280916200307125 20
    endloop
  endfacet
  facet normal 0.5519369853120564 -0.8338858220671693 0
    outer loop
      vertex -28.51883807700809 42.280916200307125 20
      vertex -27.77659078576638 42.772198965216624 0
      vertex -27.77659078576638 42.772198965216624 20
    endloop
  endfacet
  facet normal 0.5372996083468234 0.843391445812886 0
    outer loop
      vertex -27.77659078576638 -42.772198965216624 0
      vertex -27.77659078576638 -42.772198965216624 20
      vertex -27.02588247589345 -43.250452903977724 20
    endloop
  endfacet
  facet normal 0 0 1
    outer loop
      vertex -27.77659078576638 -42.772198965216624 0
      vertex -27.02588247589345 -43.250452903977724 0
      vertex -27.02588247589345 43.250452903977724 0
    endloop
  endfacet
  facet normal 0.5372996083468234 0.843391445812886 0
    outer loop
      vertex -27.77659078576638 -42.772198965216624 0
      vertex -27.02588247589345 -43.250452903977724 20
      vertex -27.02588247589345 -43.250452903977724 0
    endloop
  endfacet
  facet normal 0 0 1
    outer loop
      vertex -27.77659078576638 -42.772198965216624 0
      vertex -27.02588247589345 43.250452903977724 0
      vertex -27.77659078576638 42.772198965216624 0
    endloop
  endfacet
  facet normal 0.5372996083468234 -0.843391445812886 0
    outer loop
      vertex -27.77659078576638 42.772198965216624 0
      vertex -27.02588247589345 43.250452903977724 0
      vertex -27.77659078576638 42.772198965216624 20
    endloop
  endfacet
  facet normal 0.5372996083468234 -0.843391445812886 0
    outer loop
      vertex -27.77659078576638 42.772198965216624 20
      vertex -27.02588247589345 43.250452903977724 0
      vertex -27.02588247589345 43.250452903977724 20
    endloop
  endfacet
  facet normal 0.5224985647159511 0.8526401643540907 0
    outer loop
      vertex -27.02588247589345 -43.250452903977724 0
      vertex -27.02588247589345 -43.250452903977724 20
      vertex -26.26694182041276 -43.71553233580773 20
    endloop
  endfacet
  facet normal 0 0 1
    outer loop
      vertex -27.02588247589345 -43.250452903977724 0
      vertex -26.26694182041276 -43.71553233580773 0
      vertex -26.26694182041276 43.71553233580773 0
    endloop
  endfacet
  facet normal 0.5224985647159511 0.8526401643540907 0
    outer loop
      vertex -27.02588247589345 -43.250452903977724 0
      vertex -26.26694182041276 -43.71553233580773 20
      vertex -26.26694182041276 -43.71553233580773 0
    endloop
  endfacet
  facet normal 0 0 1
    outer loop
      vertex -27.02588247589345 -43.250452903977724 0
      vertex -26.26694182041276 43.71553233580773 0
      vertex -27.02588247589345 43.250452903977724 0
    endloop
  endfacet
  facet normal 0.5224985647159511 -0.8526401643540907 0
    outer loop
      vertex -27.02588247589345 43.250452903977724 0
      vertex -26.26694182041276 43.71553233580773 0
      vertex -27.02588247589345 43.250452903977724 20
    endloop
  endfacet
  facet normal 0.5224985647159511 -0.8526401643540907 0
    outer loop
      vertex -27.02588247589345 43.250452903977724 20
      vertex -26.26694182041276 43.71553233580773 0
      vertex -26.26694182041276 43.71553233580773 20
    endloop
  endfacet
  facet normal 0.5075383629606987 0.861629160441529 0
    outer loop
      vertex -26.26694182041276 -43.71553233580773 0
      vertex -26.26694182041276 -43.71553233580773 20
      vertex -25.5 -44.167295593006365 20
    endloop
  endfacet
  facet normal 0 0 1
    outer loop
      vertex -26.26694182041276 -43.71553233580773 0
      vertex -25.5 -44.167295593006365 0
      vertex -25.5 44.167295593006365 0
    endloop
  endfacet
  facet normal 0.5075383629606987 0.861629160441529 0
    outer loop
      vertex -26.26694182041276 -43.71553233580773 0
      vertex -25.5 -44.167295593006365 20
      vertex -25.5 -44.167295593006365 0
    endloop
  endfacet
  facet normal 0 0 1
    outer loop
      vertex -26.26694182041276 -43.71553233580773 0
      vertex -25.5 44.167295593006365 0
      vertex -26.26694182041276 43.71553233580773 0
    endloop
  endfacet
  facet normal 0.5075383629606987 -0.861629160441529 0
    outer loop
      vertex -26.26694182041276 43.71553233580773 0
      vertex -25.5 44.167295593006365 0
      vertex -26.26694182041276 43.71553233580773 20
    endloop
  endfacet
  facet normal 0.5075383629606987 -0.861629160441529 0
    outer loop
      vertex -26.26694182041276 43.71553233580773 20
      vertex -25.5 44.167295593006365 0
      vertex -25.5 44.167295593006365 20
    endloop
  endfacet
  facet normal 0.4924235601034718 0.8703556959398969 0
    outer loop
      vertex -25.5 -44.167295593006365 0
      vertex -25.5 -44.167295593006365 20
      vertex -24.72529063256319 -44.605605064109184 20
    endloop
  endfacet
  facet normal 0 0 1
    outer loop
      vertex -25.5 -44.167295593006365 0
      vertex -24.72529063256319 -44.605605064109184 0
      vertex -24.72529063256319 44.605605064109184 0
    endloop
  endfacet
  facet normal 0.4924235601034718 0.8703556959398969 0
    outer loop
      vertex -25.5 -44.167295593006365 0
      vertex -24.72529063256319 -44.605605064109184 20
      vertex -24.72529063256319 -44.605605064109184 0
    endloop
  endfacet
  facet normal 0 0 1
    outer loop
      vertex -25.5 -44.167295593006365 0
      vertex -24.72529063256319 44.605605064109184 0
      vertex -25.5 44.167295593006365 0
    endloop
  endfacet
  facet normal 0.4924235601034718 -0.8703556959398969 0
    outer loop
      vertex -25.5 44.167295593006365 0
      vertex -24.72529063256319 44.605605064109184 0
      vertex -25.5 44.167295593006365 20
    endloop
  endfacet
  facet normal 0.4924235601034718 -0.8703556959398969 0
    outer loop
      vertex -25.5 44.167295593006365 20
      vertex -24.72529063256319 44.605605064109184 0
      vertex -24.72529063256319 44.605605064109184 20
    endloop
  endfacet
  facet normal 0.47715876025960846 0.8788171126619653 0
    outer loop
      vertex -24.72529063256319 -44.605605064109184 0
      vertex -24.72529063256319 -44.605605064109184 20
      vertex -23.94304970208043 -45.030327235805274 20
    endloop
  endfacet
  facet normal 0 0 1
    outer loop
      vertex -24.72529063256319 -44.605605064109184 0
      vertex -23.94304970208043 -45.030327235805274 0
      vertex -23.94304970208043 45.030327235805274 0
    endloop
  endfacet
  facet normal 0.47715876025960846 0.8788171126619653 0
    outer loop
      vertex -24.72529063256319 -44.605605064109184 0
      vertex -23.94304970208043 -45.030327235805274 20
      vertex -23.94304970208043 -45.030327235805274 0
    endloop
  endfacet
  facet normal 0 0 1
    outer loop
      vertex -24.72529063256319 -44.605605064109184 0
      vertex -23.94304970208043 45.030327235805274 0
      vertex -24.72529063256319 44.605605064109184 0
    endloop
  endfacet
  facet normal 0.47715876025960846 -0.8788171126619653 0
    outer loop
      vertex -24.72529063256319 44.605605064109184 0
      vertex -23.94304970208043 45.030327235805274 0
      vertex -24.72529063256319 44.605605064109184 20
    endloop
  endfacet
  facet normal 0.47715876025960846 -0.8788171126619653 0
    outer loop
      vertex -24.72529063256319 44.605605064109184 20
      vertex -23.94304970208043 45.030327235805274 0
      vertex -23.94304970208043 45.030327235805274 20
    endloop
  endfacet
  facet normal 0.46174861323503574 0.8870108331782208 0
    outer loop
      vertex -23.94304970208043 -45.030327235805274 0
      vertex -23.94304970208043 -45.030327235805274 20
      vertex -23.153515486716884 -45.441332733606764 20
    endloop
  endfacet
  facet normal 0 0 1
    outer loop
      vertex -23.94304970208043 -45.030327235805274 0
      vertex -23.153515486716884 -45.441332733606764 0
      vertex -23.153515486716884 45.441332733606764 0
    endloop
  endfacet
  facet normal 0.46174861323503574 0.8870108331782208 0
    outer loop
      vertex -23.94304970208043 -45.030327235805274 0
      vertex -23.153515486716884 -45.441332733606764 20
      vertex -23.153515486716884 -45.441332733606764 0
    endloop
  endfacet
  facet normal 0 0 1
    outer loop
      vertex -23.94304970208043 -45.030327235805274 0
      vertex -23.153515486716884 45.441332733606764 0
      vertex -23.94304970208043 45.030327235805274 0
    endloop
  endfacet
  facet normal 0.46174861323503574 -0.8870108331782208 0
    outer loop
      vertex -23.94304970208043 45.030327235805274 0
      vertex -23.153515486716884 45.441332733606764 0
      vertex -23.94304970208043 45.030327235805274 20
    endloop
  endfacet
  facet normal 0.46174861323503574 -0.8870108331782208 0
    outer loop
      vertex -23.94304970208043 45.030327235805274 20
      vertex -23.153515486716884 45.441332733606764 0
      vertex -23.153515486716884 45.441332733606764 20
    endloop
  endfacet
  facet normal 0.4461978131098086 0.8949343616020252 0
    outer loop
      vertex -23.153515486716884 -45.441332733606764 0
      vertex -23.153515486716884 -45.441332733606764 20
      vertex -22.356928486242946 -45.83849636125752 20
    endloop
  endfacet
  facet normal 0 0 1
    outer loop
      vertex -23.153515486716884 -45.441332733606764 0
      vertex -22.356928486242946 -45.83849636125752 0
      vertex -22.356928486242946 45.83849636125752 0
    endloop
  endfacet
  facet normal 0.4461978131098086 0.8949343616020252 0
    outer loop
      vertex -23.153515486716884 -45.441332733606764 0
      vertex -22.356928486242946 -45.83849636125752 20
      vertex -22.356928486242946 -45.83849636125752 0
    endloop
  endfacet
  facet normal 0 0 1
    outer loop
      vertex -23.153515486716884 -45.441332733606764 0
      vertex -22.356928486242946 45.83849636125752 0
      vertex -23.153515486716884 45.441332733606764 0
    endloop
  endfacet
  facet normal 0.4461978131098086 -0.8949343616020252 0
    outer loop
      vertex -23.153515486716884 45.441332733606764 0
      vertex -22.356928486242946 45.83849636125752 0
      vertex -23.153515486716884 45.441332733606764 20
    endloop
  endfacet
  facet normal 0.4461978131098086 -0.8949343616020252 0
    outer loop
      vertex -23.153515486716884 45.441332733606764 20
      vertex -22.356928486242946 45.83849636125752 0
      vertex -22.356928486242946 45.83849636125752 20
    endloop
  endfacet
  facet normal 0.4305110968082919 0.9025852843498622 0
    outer loop
      vertex -22.356928486242946 -45.83849636125752 0
      vertex -22.356928486242946 -45.83849636125752 20
      vertex -21.55353134877567 -46.221697138869146 20
    endloop
  endfacet
  facet normal 0 0 1
    outer loop
      vertex -22.356928486242946 -45.83849636125752 0
      vertex -21.55353134877567 -46.221697138869146 0
      vertex -21.55353134877567 46.221697138869146 0
    endloop
  endfacet
  facet normal 0.4305110968082919 0.9025852843498622 0
    outer loop
      vertex -22.356928486242946 -45.83849636125752 0
      vertex -21.55353134877567 -46.221697138869146 20
      vertex -21.55353134877567 -46.221697138869146 0
    endloop
  endfacet
  facet normal 0 0 1
    outer loop
      vertex -22.356928486242946 -45.83849636125752 0
      vertex -21.55353134877567 46.221697138869146 0
      vertex -22.356928486242946 45.83849636125752 0
    endloop
  endfacet
  facet normal 0.4305110968082919 -0.9025852843498622 0
    outer loop
      vertex -22.356928486242946 45.83849636125752 0
      vertex -21.55353134877567 46.221697138869146 0
      vertex -22.356928486242946 45.83849636125752 20
    endloop
  endfacet
  facet normal 0.4305110968082919 -0.9025852843498622 0
    outer loop
      vertex -22.356928486242946 45.83849636125752 20
      vertex -21.55353134877567 46.221697138869146 0
      vertex -21.55353134877567 46.221697138869146 20
    endloop
  endfacet
  facet normal 0.41469324265624197 0.9099612708765419 0
    outer loop
      vertex -21.55353134877567 -46.221697138869146 0
      vertex -21.55353134877567 -46.221697138869146 20
      vertex -20.743568796865812 -46.590818339772646 20
    endloop
  endfacet
  facet normal 0 0 1
    outer loop
      vertex -21.55353134877567 -46.221697138869146 0
      vertex -20.743568796865812 -46.590818339772646 0
      vertex -20.743568796865812 46.590818339772646 0
    endloop
  endfacet
  facet normal 0.41469324265624197 0.9099612708765419 0
    outer loop
      vertex -21.55353134877567 -46.221697138869146 0
      vertex -20.743568796865812 -46.590818339772646 20
      vertex -20.743568796865812 -46.590818339772646 0
    endloop
  endfacet
  facet normal 0 0 1
    outer loop
      vertex -21.55353134877567 -46.221697138869146 0
      vertex -20.743568796865812 46.590818339772646 0
      vertex -21.55353134877567 46.221697138869146 0
    endloop
  endfacet
  facet normal 0.41469324265624197 -0.9099612708765419 0
    outer loop
      vertex -21.55353134877567 46.221697138869146 0
      vertex -20.743568796865812 46.590818339772646 0
      vertex -21.55353134877567 46.221697138869146 20
    endloop
  endfacet
  facet normal 0.41469324265624197 -0.9099612708765419 0
    outer loop
      vertex -21.55353134877567 46.221697138869146 20
      vertex -20.743568796865812 46.590818339772646 0
      vertex -20.743568796865812 46.590818339772646 20
    endloop
  endfacet
  facet normal 0.39874906892524437 0.9170600743851249 0
    outer loop
      vertex -20.743568796865812 -46.590818339772646 0
      vertex -20.743568796865812 -46.590818339772646 20
      vertex -19.92728755295296 -46.945747526074456 20
    endloop
  endfacet
  facet normal 0 0 1
    outer loop
      vertex -20.743568796865812 -46.590818339772646 0
      vertex -19.92728755295296 -46.945747526074456 0
      vertex -19.92728755295296 46.945747526074456 0
    endloop
  endfacet
  facet normal 0.39874906892524437 0.9170600743851249 0
    outer loop
      vertex -20.743568796865812 -46.590818339772646 0
      vertex -19.92728755295296 -46.945747526074456 20
      vertex -19.92728755295296 -46.945747526074456 0
    endloop
  endfacet
  facet normal 0 0 1
    outer loop
      vertex -20.743568796865812 -46.590818339772646 0
      vertex -19.92728755295296 46.945747526074456 0
      vertex -20.743568796865812 46.590818339772646 0
    endloop
  endfacet
  facet normal 0.39874906892524437 -0.9170600743851249 0
    outer loop
      vertex -20.743568796865812 46.590818339772646 0
      vertex -19.92728755295296 46.945747526074456 0
      vertex -20.743568796865812 46.590818339772646 20
    endloop
  endfacet
  facet normal 0.39874906892524437 -0.9170600743851249 0
    outer loop
      vertex -20.743568796865812 46.590818339772646 20
      vertex -19.92728755295296 46.945747526074456 0
      vertex -19.92728755295296 46.945747526074456 20
    endloop
  endfacet
  facet normal 0.3826834323650907 0.9238795325112863 0
    outer loop
      vertex -19.92728755295296 -46.945747526074456 0
      vertex -19.92728755295296 -46.945747526074456 20
      vertex -19.104936264211513 -47.28637658290616 20
    endloop
  endfacet
  facet normal 0 0 1
    outer loop
      vertex -19.92728755295296 -46.945747526074456 0
      vertex -19.104936264211513 -47.28637658290616 0
      vertex -19.104936264211513 47.28637658290616 0
    endloop
  endfacet
  facet normal 0.3826834323650907 0.9238795325112863 0
    outer loop
      vertex -19.92728755295296 -46.945747526074456 0
      vertex -19.104936264211513 -47.28637658290616 20
      vertex -19.104936264211513 -47.28637658290616 0
    endloop
  endfacet
  facet normal 0 0 1
    outer loop
      vertex -19.92728755295296 -46.945747526074456 0
      vertex -19.104936264211513 47.28637658290616 0
      vertex -19.92728755295296 46.945747526074456 0
    endloop
  endfacet
  facet normal 0.3826834323650907 -0.9238795325112863 0
    outer loop
      vertex -19.92728755295296 46.945747526074456 0
      vertex -19.104936264211513 47.28637658290616 0
      vertex -19.92728755295296 46.945747526074456 20
    endloop
  endfacet
  facet normal 0.3826834323650907 -0.9238795325112863 0
    outer loop
      vertex -19.92728755295296 46.945747526074456 20
      vertex -19.104936264211513 47.28637658290616 0
      vertex -19.104936264211513 47.28637658290616 20
    endloop
  endfacet
  facet normal 0.3665012267242971 0.9304175679820247 0
    outer loop
      vertex -19.104936264211513 -47.28637658290616 0
      vertex -19.104936264211513 -47.28637658290616 20
      vertex -18.276765426810314 -47.61260175135729 20
    endloop
  endfacet
  facet normal 0 0 1
    outer loop
      vertex -19.104936264211513 -47.28637658290616 0
      vertex -18.276765426810314 -47.61260175135729 0
      vertex -18.276765426810314 47.61260175135729 0
    endloop
  endfacet
  facet normal 0.3665012267242971 0.9304175679820247 0
    outer loop
      vertex -19.104936264211513 -47.28637658290616 0
      vertex -18.276765426810314 -47.61260175135729 20
      vertex -18.276765426810314 -47.61260175135729 0
    endloop
  endfacet
  facet normal 0 0 1
    outer loop
      vertex -19.104936264211513 -47.28637658290616 0
      vertex -18.276765426810314 47.61260175135729 0
      vertex -19.104936264211513 47.28637658290616 0
    endloop
  endfacet
  facet normal 0.3665012267242971 -0.9304175679820247 0
    outer loop
      vertex -19.104936264211513 47.28637658290616 0
      vertex -18.276765426810314 47.61260175135729 0
      vertex -19.104936264211513 47.28637658290616 20
    endloop
  endfacet
  facet normal 0.3665012267242971 -0.9304175679820247 0
    outer loop
      vertex -19.104936264211513 47.28637658290616 20
      vertex -18.276765426810314 47.61260175135729 0
      vertex -18.276765426810314 47.61260175135729 20
    endloop
  endfacet
  facet normal 0.3502073812594669 0.9366721892483979 0
    outer loop
      vertex -18.276765426810314 -47.61260175135729 0
      vertex -18.276765426810314 -47.61260175135729 20
      vertex -17.443027309609104 -47.92432366008133 20
    endloop
  endfacet
  facet normal 0 0 1
    outer loop
      vertex -18.276765426810314 -47.61260175135729 0
      vertex -17.443027309609104 -47.92432366008133 0
      vertex -17.443027309609104 47.92432366008133 0
    endloop
  endfacet
  facet normal 0.3502073812594669 0.9366721892483979 0
    outer loop
      vertex -18.276765426810314 -47.61260175135729 0
      vertex -17.443027309609104 -47.92432366008133 20
      vertex -17.443027309609104 -47.92432366008133 0
    endloop
  endfacet
  facet normal 0 0 1
    outer loop
      vertex -18.276765426810314 -47.61260175135729 0
      vertex -17.443027309609104 47.92432366008133 0
      vertex -18.276765426810314 47.61260175135729 0
    endloop
  endfacet
  facet normal 0.3502073812594669 -0.9366721892483979 0
    outer loop
      vertex -18.276765426810314 47.61260175135729 0
      vertex -17.443027309609104 47.92432366008133 0
      vertex -18.276765426810314 47.61260175135729 20
    endloop
  endfacet
  facet normal 0.3502073812594669 -0.9366721892483979 0
    outer loop
      vertex -18.276765426810314 47.61260175135729 20
      vertex -17.443027309609104 47.92432366008133 0
      vertex -17.443027309609104 47.92432366008133 20
    endloop
  endfacet
  facet normal 0.33380685923377523 0.9426414910921769 0
    outer loop
      vertex -17.443027309609104 -47.92432366008133 0
      vertex -17.443027309609104 -47.92432366008133 20
      vertex -16.60397587731499 -48.22144735556516 20
    endloop
  endfacet
  facet normal 0 0 1
    outer loop
      vertex -17.443027309609104 -47.92432366008133 0
      vertex -16.60397587731499 -48.22144735556516 0
      vertex -16.60397587731499 48.22144735556516 0
    endloop
  endfacet
  facet normal 0.33380685923377523 0.9426414910921769 0
    outer loop
      vertex -17.443027309609104 -47.92432366008133 0
      vertex -16.60397587731499 -48.22144735556516 20
      vertex -16.60397587731499 -48.22144735556516 0
    endloop
  endfacet
  facet normal 0 0 1
    outer loop
      vertex -17.443027309609104 -47.92432366008133 0
      vertex -16.60397587731499 48.22144735556516 0
      vertex -17.443027309609104 47.92432366008133 0
    endloop
  endfacet
  facet normal 0.33380685923377523 -0.9426414910921769 0
    outer loop
      vertex -17.443027309609104 47.92432366008133 0
      vertex -16.60397587731499 48.22144735556516 0
      vertex -17.443027309609104 47.92432366008133 20
    endloop
  endfacet
  facet normal 0.33380685923377523 -0.9426414910921769 0
    outer loop
      vertex -17.443027309609104 47.92432366008133 20
      vertex -16.60397587731499 48.22144735556516 0
      vertex -16.60397587731499 48.22144735556516 20
    endloop
  endfacet
  facet normal 0.31730465640508443 0.9483236552062019 0
    outer loop
      vertex -16.60397587731499 -48.22144735556516 0
      vertex -16.60397587731499 -48.22144735556516 20
      vertex -15.759866713122317 -48.50388233105283 20
    endloop
  endfacet
  facet normal 0 0 1
    outer loop
      vertex -16.60397587731499 -48.22144735556516 0
      vertex -15.759866713122317 -48.50388233105283 0
      vertex -15.759866713122317 48.50388233105283 0
    endloop
  endfacet
  facet normal 0.31730465640508443 0.9483236552062019 0
    outer loop
      vertex -16.60397587731499 -48.22144735556516 0
      vertex -15.759866713122317 -48.50388233105283 20
      vertex -15.759866713122317 -48.50388233105283 0
    endloop
  endfacet
  facet normal 0 0 1
    outer loop
      vertex -16.60397587731499 -48.22144735556516 0
      vertex -15.759866713122317 48.50388233105283 0
      vertex -16.60397587731499 48.22144735556516 0
    endloop
  endfacet
  facet normal 0.31730465640508443 -0.9483236552062019 0
    outer loop
      vertex -16.60397587731499 48.22144735556516 0
      vertex -15.759866713122317 48.50388233105283 0
      vertex -16.60397587731499 48.22144735556516 20
    endloop
  endfacet
  facet normal 0.31730465640508443 -0.9483236552062019 0
    outer loop
      vertex -16.60397587731499 48.22144735556516 20
      vertex -15.759866713122317 48.50388233105283 0
      vertex -15.759866713122317 48.50388233105283 20
    endloop
  endfacet
  facet normal 0.3007057995042777 0.9537169507482255 0
    outer loop
      vertex -15.759866713122317 -48.50388233105283 0
      vertex -15.759866713122317 -48.50388233105283 20
      vertex -14.910956940859576 -48.77154255411481 20
    endloop
  endfacet
  facet normal 0 0 1
    outer loop
      vertex -15.759866713122317 -48.50388233105283 0
      vertex -14.910956940859576 -48.77154255411481 0
      vertex -14.910956940859576 48.77154255411481 0
    endloop
  endfacet
  facet normal 0.3007057995042777 0.9537169507482255 0
    outer loop
      vertex -15.759866713122317 -48.50388233105283 0
      vertex -14.910956940859576 -48.77154255411481 20
      vertex -14.910956940859576 -48.77154255411481 0
    endloop
  endfacet
  facet normal 0 0 1
    outer loop
      vertex -15.759866713122317 -48.50388233105283 0
      vertex -14.910956940859576 48.77154255411481 0
      vertex -15.759866713122317 48.50388233105283 0
    endloop
  endfacet
  facet normal 0.3007057995042777 -0.9537169507482255 0
    outer loop
      vertex -15.759866713122317 48.50388233105283 0
      vertex -14.910956940859576 48.77154255411481 0
      vertex -15.759866713122317 48.50388233105283 20
    endloop
  endfacet
  facet normal 0.3007057995042777 -0.9537169507482255 0
    outer loop
      vertex -15.759866713122317 48.50388233105283 20
      vertex -14.910956940859576 48.77154255411481 0
      vertex -14.910956940859576 48.77154255411481 20
    endloop
  endfacet
  facet normal 0.2840153447039232 0.9588197348681927 0
    outer loop
      vertex -14.910956940859576 -48.77154255411481 0
      vertex -14.910956940859576 -48.77154255411481 20
      vertex -14.057505146666957 -49.024346492854264 20
    endloop
  endfacet
  facet normal 0 0 1
    outer loop
      vertex -14.910956940859576 -48.77154255411481 0
      vertex -14.057505146666957 -49.024346492854264 0
      vertex -14.057505146666957 49.024346492854264 0
    endloop
  endfacet
  facet normal 0.2840153447039232 0.9588197348681927 0
    outer loop
      vertex -14.910956940859576 -48.77154255411481 0
      vertex -14.057505146666957 -49.024346492854264 20
      vertex -14.057505146666957 -49.024346492854264 0
    endloop
  endfacet
  facet normal 0 0 1
    outer loop
      vertex -14.910956940859576 -48.77154255411481 0
      vertex -14.057505146666957 49.024346492854264 0
      vertex -14.910956940859576 48.77154255411481 0
    endloop
  endfacet
  facet normal 0.2840153447039232 -0.9588197348681927 0
    outer loop
      vertex -14.910956940859576 48.77154255411481 0
      vertex -14.057505146666957 49.024346492854264 0
      vertex -14.910956940859576 48.77154255411481 20
    endloop
  endfacet
  facet normal 0.2840153447039232 -0.9588197348681927 0
    outer loop
      vertex -14.910956940859576 48.77154255411481 20
      vertex -14.057505146666957 49.024346492854264 0
      vertex -14.057505146666957 49.024346492854264 20
    endloop
  endfacet
  facet normal 0.2672383760782589 0.9636304532086223 0
    outer loop
      vertex -14.057505146666957 -49.024346492854264 0
      vertex -14.057505146666957 -49.024346492854264 20
      vertex -13.199771300228559 -49.262217140742486 20
    endloop
  endfacet
  facet normal 0 0 1
    outer loop
      vertex -14.057505146666957 -49.024346492854264 0
      vertex -13.199771300228559 -49.262217140742486 0
      vertex -13.199771300228559 49.262217140742486 0
    endloop
  endfacet
  facet normal 0.2672383760782589 0.9636304532086223 0
    outer loop
      vertex -14.057505146666957 -49.024346492854264 0
      vertex -13.199771300228559 -49.262217140742486 20
      vertex -13.199771300228559 -49.262217140742486 0
    endloop
  endfacet
  facet normal 0 0 1
    outer loop
      vertex -14.057505146666957 -49.024346492854264 0
      vertex -13.199771300228559 49.262217140742486 0
      vertex -14.057505146666957 49.024346492854264 0
    endloop
  endfacet
  facet normal 0.2672383760782589 -0.9636304532086223 0
    outer loop
      vertex -14.057505146666957 49.024346492854264 0
      vertex -13.199771300228559 49.262217140742486 0
      vertex -14.057505146666957 49.024346492854264 20
    endloop
  endfacet
  facet normal 0.2672383760782589 -0.9636304532086223 0
    outer loop
      vertex -14.057505146666957 49.024346492854264 20
      vertex -13.199771300228559 49.262217140742486 0
      vertex -13.199771300228559 49.262217140742486 20
    endloop
  endfacet
  facet normal 0.2503800040544346 0.9681476403781096 0
    outer loop
      vertex -13.199771300228559 -49.262217140742486 0
      vertex -13.199771300228559 -49.262217140742486 20
      vertex -12.338016675583054 -49.48508204007582 20
    endloop
  endfacet
  facet normal 0 0 1
    outer loop
      vertex -13.199771300228559 -49.262217140742486 0
      vertex -12.338016675583054 -49.48508204007582 0
      vertex -12.338016675583054 49.48508204007582 0
    endloop
  endfacet
  facet normal 0.2503800040544346 0.9681476403781096 0
    outer loop
      vertex -13.199771300228559 -49.262217140742486 0
      vertex -12.338016675583054 -49.48508204007582 20
      vertex -12.338016675583054 -49.48508204007582 0
    endloop
  endfacet
  facet normal 0 0 1
    outer loop
      vertex -13.199771300228559 -49.262217140742486 0
      vertex -12.338016675583054 49.48508204007582 0
      vertex -13.199771300228559 49.262217140742486 0
    endloop
  endfacet
  facet normal 0.2503800040544346 -0.9681476403781096 0
    outer loop
      vertex -13.199771300228559 49.262217140742486 0
      vertex -12.338016675583054 49.48508204007582 0
      vertex -13.199771300228559 49.262217140742486 20
    endloop
  endfacet
  facet normal 0.2503800040544346 -0.9681476403781096 0
    outer loop
      vertex -13.199771300228559 49.262217140742486 20
      vertex -12.338016675583054 49.48508204007582 0
      vertex -12.338016675583054 49.48508204007582 20
    endloop
  endfacet
  facet normal 0.23344536385591025 0.9723699203976754 0
    outer loop
      vertex -12.338016675583054 -49.48508204007582 0
      vertex -12.338016675583054 -49.48508204007582 20
      vertex -11.472503771537115 -49.692873304047 20
    endloop
  endfacet
  facet normal 0 0 1
    outer loop
      vertex -12.338016675583054 -49.48508204007582 0
      vertex -11.472503771537115 -49.692873304047 0
      vertex -11.472503771537115 49.692873304047 0
    endloop
  endfacet
  facet normal 0.23344536385591025 0.9723699203976754 0
    outer loop
      vertex -12.338016675583054 -49.48508204007582 0
      vertex -11.472503771537115 -49.692873304047 20
      vertex -11.472503771537115 -49.692873304047 0
    endloop
  endfacet
  facet normal 0 0 1
    outer loop
      vertex -12.338016675583054 -49.48508204007582 0
      vertex -11.472503771537115 49.692873304047 0
      vertex -12.338016675583054 49.48508204007582 0
    endloop
  endfacet
  facet normal 0.23344536385591025 -0.9723699203976754 0
    outer loop
      vertex -12.338016675583054 49.48508204007582 0
      vertex -11.472503771537115 49.692873304047 0
      vertex -12.338016675583054 49.48508204007582 20
    endloop
  endfacet
  facet normal 0.23344536385591025 -0.9723699203976754 0
    outer loop
      vertex -12.338016675583054 49.48508204007582 20
      vertex -11.472503771537115 49.692873304047 0
      vertex -11.472503771537115 49.692873304047 20
    endloop
  endfacet
  facet normal 0.21643961393810443 0.9762960071199329 0
    outer loop
      vertex -11.472503771537115 -49.692873304047 0
      vertex -11.472503771537115 -49.692873304047 20
      vertex -10.603496231705726 -49.88552763742409 20
    endloop
  endfacet
  facet normal 0 0 1
    outer loop
      vertex -11.472503771537115 -49.692873304047 0
      vertex -10.603496231705726 -49.88552763742409 0
      vertex -10.603496231705726 49.88552763742409 0
    endloop
  endfacet
  facet normal 0.21643961393810443 0.9762960071199329 0
    outer loop
      vertex -11.472503771537115 -49.692873304047 0
      vertex -10.603496231705726 -49.88552763742409 20
      vertex -10.603496231705726 -49.88552763742409 0
    endloop
  endfacet
  facet normal 0 0 1
    outer loop
      vertex -11.472503771537115 -49.692873304047 0
      vertex -10.603496231705726 49.88552763742409 0
      vertex -11.472503771537115 49.692873304047 0
    endloop
  endfacet
  facet normal 0.21643961393810443 -0.9762960071199329 0
    outer loop
      vertex -11.472503771537115 49.692873304047 0
      vertex -10.603496231705726 49.88552763742409 0
      vertex -11.472503771537115 49.692873304047 20
    endloop
  endfacet
  facet normal 0.21643961393810443 -0.9762960071199329 0
    outer loop
      vertex -11.472503771537115 49.692873304047 20
      vertex -10.603496231705726 49.88552763742409 0
      vertex -10.603496231705726 49.88552763742409 20
    endloop
  endfacet
  facet normal 0.19936793441719858 0.9799247046208293 0
    outer loop
      vertex -10.603496231705726 -49.88552763742409 0
      vertex -10.603496231705726 -49.88552763742409 20
      vertex -9.731258764203785 -50.062986355830866 20
    endloop
  endfacet
  facet normal 0 0 1
    outer loop
      vertex -10.603496231705726 -49.88552763742409 0
      vertex -9.731258764203785 -50.062986355830866 0
      vertex -9.731258764203785 50.062986355830866 0
    endloop
  endfacet
  facet normal 0.19936793441719858 0.9799247046208293 0
    outer loop
      vertex -10.603496231705726 -49.88552763742409 0
      vertex -9.731258764203785 -50.062986355830866 20
      vertex -9.731258764203785 -50.062986355830866 0
    endloop
  endfacet
  facet normal 0 0 1
    outer loop
      vertex -10.603496231705726 -49.88552763742409 0
      vertex -9.731258764203785 50.062986355830866 0
      vertex -10.603496231705726 49.88552763742409 0
    endloop
  endfacet
  facet normal 0.19936793441719858 -0.9799247046208293 0
    outer loop
      vertex -10.603496231705726 49.88552763742409 0
      vertex -9.731258764203785 50.062986355830866 0
      vertex -10.603496231705726 49.88552763742409 20
    endloop
  endfacet
  facet normal 0.19936793441719858 -0.9799247046208293 0
    outer loop
      vertex -10.603496231705726 49.88552763742409 20
      vertex -9.731258764203785 50.062986355830866 0
      vertex -9.731258764203785 50.062986355830866 20
    endloop
  endfacet
  facet normal 0.18223552549213823 0.9832549075639564 0
    outer loop
      vertex -9.731258764203785 -50.062986355830866 0
      vertex -9.731258764203785 -50.062986355830866 20
      vertex -8.856057061013447 -50.22519540362261 20
    endloop
  endfacet
  facet normal 0 0 1
    outer loop
      vertex -9.731258764203785 -50.062986355830866 0
      vertex -8.856057061013447 -50.22519540362261 0
      vertex -8.856057061013447 50.22519540362261 0
    endloop
  endfacet
  facet normal 0.18223552549213823 0.9832549075639564 0
    outer loop
      vertex -9.731258764203785 -50.062986355830866 0
      vertex -8.856057061013447 -50.22519540362261 20
      vertex -8.856057061013447 -50.22519540362261 0
    endloop
  endfacet
  facet normal 0 0 1
    outer loop
      vertex -9.731258764203785 -50.062986355830866 0
      vertex -8.856057061013447 50.22519540362261 0
      vertex -9.731258764203785 50.062986355830866 0
    endloop
  endfacet
  facet normal 0.18223552549213823 -0.9832549075639564 0
    outer loop
      vertex -9.731258764203785 50.062986355830866 0
      vertex -8.856057061013447 50.22519540362261 0
      vertex -9.731258764203785 50.062986355830866 20
    endloop
  endfacet
  facet normal 0.18223552549213823 -0.9832549075639564 0
    outer loop
      vertex -9.731258764203785 50.062986355830866 20
      vertex -8.856057061013447 50.22519540362261 0
      vertex -8.856057061013447 50.22519540362261 20
    endloop
  endfacet
  facet normal 0.16504760586068254 0.9862856015372305 0
    outer loop
      vertex -8.856057061013447 -50.22519540362261 0
      vertex -8.856057061013447 -50.22519540362261 20
      vertex -7.978157717051774 -50.372105370352024 20
    endloop
  endfacet
  facet normal 0 0 1
    outer loop
      vertex -8.856057061013447 -50.22519540362261 0
      vertex -7.978157717051774 -50.372105370352024 0
      vertex -7.978157717051774 50.372105370352024 0
    endloop
  endfacet
  facet normal 0.16504760586068254 0.9862856015372305 0
    outer loop
      vertex -8.856057061013447 -50.22519540362261 0
      vertex -7.978157717051774 -50.372105370352024 20
      vertex -7.978157717051774 -50.372105370352024 0
    endloop
  endfacet
  facet normal 0 0 1
    outer loop
      vertex -8.856057061013447 -50.22519540362261 0
      vertex -7.978157717051774 50.372105370352024 0
      vertex -8.856057061013447 50.22519540362261 0
    endloop
  endfacet
  facet normal 0.16504760586068254 -0.9862856015372305 0
    outer loop
      vertex -8.856057061013447 50.22519540362261 0
      vertex -7.978157717051774 50.372105370352024 0
      vertex -8.856057061013447 50.22519540362261 20
    endloop
  endfacet
  facet normal 0.16504760586068254 -0.9862856015372305 0
    outer loop
      vertex -8.856057061013447 50.22519540362261 20
      vertex -7.978157717051774 50.372105370352024 0
      vertex -7.978157717051774 50.372105370352024 20
    endloop
  endfacet
  facet normal 0.14780941112961152 0.9890158633619166 0
    outer loop
      vertex -7.978157717051774 -50.372105370352024 0
      vertex -7.978157717051774 -50.372105370352024 20
      vertex -7.0978281489633375 -50.50367150582009 20
    endloop
  endfacet
  facet normal 0 0 1
    outer loop
      vertex -7.978157717051774 -50.372105370352024 0
      vertex -7.0978281489633375 -50.50367150582009 0
      vertex -7.0978281489633375 50.50367150582009 0
    endloop
  endfacet
  facet normal 0.14780941112961152 0.9890158633619166 0
    outer loop
      vertex -7.978157717051774 -50.372105370352024 0
      vertex -7.0978281489633375 -50.50367150582009 20
      vertex -7.0978281489633375 -50.50367150582009 0
    endloop
  endfacet
  facet normal 0 0 1
    outer loop
      vertex -7.978157717051774 -50.372105370352024 0
      vertex -7.0978281489633375 50.50367150582009 0
      vertex -7.978157717051774 50.372105370352024 0
    endloop
  endfacet
  facet normal 0.14780941112961152 -0.9890158633619166 0
    outer loop
      vertex -7.978157717051774 50.372105370352024 0
      vertex -7.0978281489633375 50.50367150582009 0
      vertex -7.978157717051774 50.372105370352024 20
    endloop
  endfacet
  facet normal 0.14780941112961152 -0.9890158633619166 0
    outer loop
      vertex -7.978157717051774 50.372105370352024 20
      vertex -7.0978281489633375 50.50367150582009 0
      vertex -7.0978281489633375 50.50367150582009 20
    endloop
  endfacet
  facet normal 0.13052619222004955 0.9914448613738106 0
    outer loop
      vertex -7.0978281489633375 -50.50367150582009 0
      vertex -7.0978281489633375 -50.50367150582009 20
      vertex -6.215336513662521 -50.61985373370742 20
    endloop
  endfacet
  facet normal 0 0 1
    outer loop
      vertex -7.0978281489633375 -50.50367150582009 0
      vertex -6.215336513662521 -50.61985373370742 0
      vertex -6.215336513662521 50.61985373370742 0
    endloop
  endfacet
  facet normal 0.13052619222004955 0.9914448613738106 0
    outer loop
      vertex -7.0978281489633375 -50.50367150582009 0
      vertex -6.215336513662521 -50.61985373370742 20
      vertex -6.215336513662521 -50.61985373370742 0
    endloop
  endfacet
  facet normal 0 0 1
    outer loop
      vertex -7.0978281489633375 -50.50367150582009 0
      vertex -6.215336513662521 50.61985373370742 0
      vertex -7.0978281489633375 50.50367150582009 0
    endloop
  endfacet
  facet normal 0.13052619222004955 -0.9914448613738106 0
    outer loop
      vertex -7.0978281489633375 50.50367150582009 0
      vertex -6.215336513662521 50.61985373370742 0
      vertex -7.0978281489633375 50.50367150582009 20
    endloop
  endfacet
  facet normal 0.13052619222004955 -0.9914448613738106 0
    outer loop
      vertex -7.0978281489633375 50.50367150582009 20
      vertex -6.215336513662521 50.61985373370742 0
      vertex -6.215336513662521 50.61985373370742 20
    endloop
  endfacet
  facet normal 0.11320321376790689 0.9935718556765873 0
    outer loop
      vertex -6.215336513662521 -50.61985373370742 0
      vertex -6.215336513662521 -50.61985373370742 20
      vertex -5.330951626650327 -50.72061666378194 20
    endloop
  endfacet
  facet normal 0 0 1
    outer loop
      vertex -6.215336513662521 -50.61985373370742 0
      vertex -5.330951626650327 -50.72061666378194 0
      vertex -5.330951626650327 50.72061666378194 0
    endloop
  endfacet
  facet normal 0.11320321376790689 0.9935718556765873 0
    outer loop
      vertex -6.215336513662521 -50.61985373370742 0
      vertex -5.330951626650327 -50.72061666378194 20
      vertex -5.330951626650327 -50.72061666378194 0
    endloop
  endfacet
  facet normal 0 0 1
    outer loop
      vertex -6.215336513662521 -50.61985373370742 0
      vertex -5.330951626650327 50.72061666378194 0
      vertex -6.215336513662521 50.61985373370742 0
    endloop
  endfacet
  facet normal 0.11320321376790689 -0.9935718556765873 0
    outer loop
      vertex -6.215336513662521 50.61985373370742 0
      vertex -5.330951626650327 50.72061666378194 0
      vertex -6.215336513662521 50.61985373370742 20
    endloop
  endfacet
  facet normal 0.11320321376790689 -0.9935718556765873 0
    outer loop
      vertex -6.215336513662521 50.61985373370742 20
      vertex -5.330951626650327 50.72061666378194 0
      vertex -5.330951626650327 50.72061666378194 20
    endloop
  endfacet
  facet normal 0.09584575252022492 0.9953961983671787 0
    outer loop
      vertex -5.330951626650327 -50.72061666378194 0
      vertex -5.330951626650327 -50.72061666378194 20
      vertex -4.444942880130567 -50.80592960267902 20
    endloop
  endfacet
  facet normal 0 0 1
    outer loop
      vertex -5.330951626650327 -50.72061666378194 0
      vertex -4.444942880130567 -50.80592960267902 0
      vertex -4.444942880130567 50.80592960267902 0
    endloop
  endfacet
  facet normal 0.09584575252022492 0.9953961983671787 0
    outer loop
      vertex -5.330951626650327 -50.72061666378194 0
      vertex -4.444942880130567 -50.80592960267902 20
      vertex -4.444942880130567 -50.80592960267902 0
    endloop
  endfacet
  facet normal 0 0 1
    outer loop
      vertex -5.330951626650327 -50.72061666378194 0
      vertex -4.444942880130567 50.80592960267902 0
      vertex -5.330951626650327 50.72061666378194 0
    endloop
  endfacet
  facet normal 0.09584575252022492 -0.9953961983671787 0
    outer loop
      vertex -5.330951626650327 50.72061666378194 0
      vertex -4.444942880130567 50.80592960267902 0
      vertex -5.330951626650327 50.72061666378194 20
    endloop
  endfacet
  facet normal 0.09584575252022492 -0.9953961983671787 0
    outer loop
      vertex -5.330951626650327 50.72061666378194 20
      vertex -4.444942880130567 50.80592960267902 0
      vertex -4.444942880130567 50.80592960267902 20
    endloop
  endfacet
  facet normal 0.07845909572784188 0.9969173337331281 0
    outer loop
      vertex -4.444942880130567 -50.80592960267902 0
      vertex -4.444942880130567 -50.80592960267902 20
      vertex -3.5575801609503905 -50.875766563251034 20
    endloop
  endfacet
  facet normal 0 0 1
    outer loop
      vertex -4.444942880130567 -50.80592960267902 0
      vertex -3.5575801609503905 -50.875766563251034 0
      vertex -3.5575801609503905 50.875766563251034 0
    endloop
  endfacet
  facet normal 0.07845909572784188 0.9969173337331281 0
    outer loop
      vertex -4.444942880130567 -50.80592960267902 0
      vertex -3.5575801609503905 -50.875766563251034 20
      vertex -3.5575801609503905 -50.875766563251034 0
    endloop
  endfacet
  facet normal 0 0 1
    outer loop
      vertex -4.444942880130567 -50.80592960267902 0
      vertex -3.5575801609503905 50.875766563251034 0
      vertex -4.444942880130567 50.80592960267902 0
    endloop
  endfacet
  facet normal 0.07845909572784188 -0.9969173337331281 0
    outer loop
      vertex -4.444942880130567 50.80592960267902 0
      vertex -3.5575801609503905 50.875766563251034 0
      vertex -4.444942880130567 50.80592960267902 20
    endloop
  endfacet
  facet normal 0.07845909572784188 -0.9969173337331281 0
    outer loop
      vertex -4.444942880130567 50.80592960267902 20
      vertex -3.5575801609503905 50.875766563251034 0
      vertex -3.5575801609503905 50.875766563251034 20
    endloop
  endfacet
  facet normal 0.061048539534856776 0.9981347984218669 0
    outer loop
      vertex -3.5575801609503905 -50.875766563251034 0
      vertex -3.5575801609503905 -50.875766563251034 20
      vertex -2.6691337683901355 -50.930106272483265 20
    endloop
  endfacet
  facet normal 0 0 1
    outer loop
      vertex -3.5575801609503905 -50.875766563251034 0
      vertex -2.6691337683901355 -50.930106272483265 0
      vertex -2.6691337683901355 50.930106272483265 0
    endloop
  endfacet
  facet normal 0.061048539534856776 0.9981347984218669 0
    outer loop
      vertex -3.5575801609503905 -50.875766563251034 0
      vertex -2.6691337683901355 -50.930106272483265 20
      vertex -2.6691337683901355 -50.930106272483265 0
    endloop
  endfacet
  facet normal 0 0 1
    outer loop
      vertex -3.5575801609503905 -50.875766563251034 0
      vertex -2.6691337683901355 50.930106272483265 0
      vertex -3.5575801609503905 50.875766563251034 0
    endloop
  endfacet
  facet normal 0.061048539534856776 -0.9981347984218669 0
    outer loop
      vertex -3.5575801609503905 50.875766563251034 0
      vertex -2.6691337683901355 50.930106272483265 0
      vertex -3.5575801609503905 50.875766563251034 20
    endloop
  endfacet
  facet normal 0.061048539534856776 -0.9981347984218669 0
    outer loop
      vertex -3.5575801609503905 50.875766563251034 20
      vertex -2.6691337683901355 50.930106272483265 0
      vertex -2.6691337683901355 50.930106272483265 20
    endloop
  endfacet
  facet normal 0.04361938736534039 0.9990482215818576 0
    outer loop
      vertex -2.6691337683901355 -50.930106272483265 0
      vertex -2.6691337683901355 -50.930106272483265 20
      vertex -1.7798743318275494 -50.96893217797388 20
    endloop
  endfacet
  facet normal 0 0 1
    outer loop
      vertex -2.6691337683901355 -50.930106272483265 0
      vertex -1.7798743318275494 -50.96893217797388 0
      vertex -1.7798743318275494 50.96893217797388 0
    endloop
  endfacet
  facet normal 0.04361938736534039 0.9990482215818576 0
    outer loop
      vertex -2.6691337683901355 -50.930106272483265 0
      vertex -1.7798743318275494 -50.96893217797388 20
      vertex -1.7798743318275494 -50.96893217797388 0
    endloop
  endfacet
  facet normal 0 0 1
    outer loop
      vertex -2.6691337683901355 -50.930106272483265 0
      vertex -1.7798743318275494 50.96893217797388 0
      vertex -2.6691337683901355 50.930106272483265 0
    endloop
  endfacet
  facet normal 0.04361938736534039 -0.9990482215818576 0
    outer loop
      vertex -2.6691337683901355 50.930106272483265 0
      vertex -1.7798743318275494 50.96893217797388 0
      vertex -2.6691337683901355 50.930106272483265 20
    endloop
  endfacet
  facet normal 0.04361938736534039 -0.9990482215818576 0
    outer loop
      vertex -2.6691337683901355 50.930106272483265 20
      vertex -1.7798743318275494 50.96893217797388 0
      vertex -1.7798743318275494 50.96893217797388 20
    endloop
  endfacet
  facet normal 0.026176948307873933 0.9996573249755573 0
    outer loop
      vertex -1.7798743318275494 -50.96893217797388 0
      vertex -1.7798743318275494 -50.96893217797388 20
      vertex -0.8900727283014591 -50.992232452975955 20
    endloop
  endfacet
  facet normal 0 0 1
    outer loop
      vertex -1.7798743318275494 -50.96893217797388 0
      vertex -0.8900727283014591 -50.992232452975955 0
      vertex -0.8900727283014591 50.992232452975955 0
    endloop
  endfacet
  facet normal 0.026176948307873933 0.9996573249755573 0
    outer loop
      vertex -1.7798743318275494 -50.96893217797388 0
      vertex -0.8900727283014591 -50.992232452975955 20
      vertex -0.8900727283014591 -50.992232452975955 0
    endloop
  endfacet
  facet normal 0 0 1
    outer loop
      vertex -1.7798743318275494 -50.96893217797388 0
      vertex -0.8900727283014591 50.992232452975955 0
      vertex -1.7798743318275494 50.96893217797388 0
    endloop
  endfacet
  facet normal 0.026176948307873933 -0.9996573249755573 0
    outer loop
      vertex -1.7798743318275494 50.96893217797388 0
      vertex -0.8900727283014591 50.992232452975955 0
      vertex -1.7798743318275494 50.96893217797388 20
    endloop
  endfacet
  facet normal 0.026176948307873933 -0.9996573249755573 0
    outer loop
      vertex -1.7798743318275494 50.96893217797388 20
      vertex -0.8900727283014591 50.992232452975955 0
      vertex -0.8900727283014591 50.992232452975955 20
    endloop
  endfacet
  facet normal 0.008726535498371943 0.9999619230641712 0
    outer loop
      vertex -0.8900727283014591 -50.992232452975955 0
      vertex -0.8900727283014591 -50.992232452975955 20
      vertex 0 -51 20
    endloop
  endfacet
  facet normal 0 0 1
    outer loop
      vertex -0.8900727283014591 -50.992232452975955 0
      vertex 0 -51 0
      vertex 0 51 0
    endloop
  endfacet
  facet normal 0.008726535498371943 0.9999619230641712 0
    outer loop
      vertex -0.8900727283014591 -50.992232452975955 0
      vertex 0 -51 20
      vertex 0 -51 0
    endloop
  endfacet
  facet normal 0 0 1
    outer loop
      vertex -0.8900727283014591 -50.992232452975955 0
      vertex 0 51 0
      vertex -0.8900727283014591 50.992232452975955 0
    endloop
  endfacet
  facet normal 0.008726535498371943 -0.9999619230641712 0
    outer loop
      vertex -0.8900727283014591 50.992232452975955 0
      vertex 0 51 0
      vertex -0.8900727283014591 50.992232452975955 20
    endloop
  endfacet
  facet normal 0.008726535498371943 -0.9999619230641712 0
    outer loop
      vertex -0.8900727283014591 50.992232452975955 20
      vertex 0 51 0
      vertex 0 51 20
    endloop
  endfacet
  facet normal -0.008726535498371943 0.9999619230641712 0
    outer loop
      vertex 0 -51 0
      vertex 0 -51 20
      vertex 0.8900727283014591 -50.992232452975955 20
    endloop
  endfacet
  facet normal 0 0 1
    outer loop
      vertex 0 -51 0
      vertex 0.8900727283014591 -50.992232452975955 0
      vertex 0.8900727283014591 50.992232452975955 0
    endloop
  endfacet
  facet normal -0.008726535498371943 0.9999619230641712 0
    outer loop
      vertex 0 -51 0
      vertex 0.8900727283014591 -50.992232452975955 20
      vertex 0.8900727283014591 -50.992232452975955 0
    endloop
  endfacet
  facet normal 0 0 1
    outer loop
      vertex 0 -51 0
      vertex 0.8900727283014591 50.992232452975955 0
      vertex 0 51 0
    endloop
  endfacet
  facet normal 0 0 1
    outer loop
      vertex 0 -51 20
      vertex 51.5 -51.25 20
      vertex 0.8900727283014591 -50.992232452975955 20
    endloop
  endfacet
  facet normal -0.008726535498371943 -0.9999619230641712 0
    outer loop
      vertex 0 51 0
      vertex 0.8900727283014591 50.992232452975955 0
      vertex 0 51 20
    endloop
  endfacet
  facet normal -0.008726535498371943 -0.9999619230641712 0
    outer loop
      vertex 0 51 20
      vertex 0.8900727283014591 50.992232452975955 0
      vertex 0.8900727283014591 50.992232452975955 20
    endloop
  endfacet
  facet normal 0 0 1
    outer loop
      vertex 0 51 20
      vertex 0.8900727283014591 50.992232452975955 20
      vertex 51.5 51.25 20
    endloop
  endfacet
  facet normal -0.026176948307873933 0.9996573249755573 0
    outer loop
      vertex 0.8900727283014591 -50.992232452975955 0
      vertex 0.8900727283014591 -50.992232452975955 20
      vertex 1.7798743318275494 -50.96893217797388 20
    endloop
  endfacet
  facet normal 0 0 1
    outer loop
      vertex 0.8900727283014591 -50.992232452975955 0
      vertex 1.7798743318275494 -50.96893217797388 0
      vertex 1.7798743318275494 50.96893217797388 0
    endloop
  endfacet
  facet normal -0.026176948307873933 0.9996573249755573 0
    outer loop
      vertex 0.8900727283014591 -50.992232452975955 0
      vertex 1.7798743318275494 -50.96893217797388 20
      vertex 1.7798743318275494 -50.96893217797388 0
    endloop
  endfacet
  facet normal 0 0 1
    outer loop
      vertex 0.8900727283014591 -50.992232452975955 0
      vertex 1.7798743318275494 50.96893217797388 0
      vertex 0.8900727283014591 50.992232452975955 0
    endloop
  endfacet
  facet normal 0 0 1
    outer loop
      vertex 0.8900727283014591 -50.992232452975955 20
      vertex 51.5 -51.25 20
      vertex 1.7798743318275494 -50.96893217797388 20
    endloop
  endfacet
  facet normal -0.026176948307873933 -0.9996573249755573 0
    outer loop
      vertex 0.8900727283014591 50.992232452975955 0
      vertex 1.7798743318275494 50.96893217797388 0
      vertex 0.8900727283014591 50.992232452975955 20
    endloop
  endfacet
  facet normal -0.026176948307873933 -0.9996573249755573 0
    outer loop
      vertex 0.8900727283014591 50.992232452975955 20
      vertex 1.7798743318275494 50.96893217797388 0
      vertex 1.7798743318275494 50.96893217797388 20
    endloop
  endfacet
  facet normal 0 0 1
    outer loop
      vertex 0.8900727283014591 50.992232452975955 20
      vertex 1.7798743318275494 50.96893217797388 20
      vertex 51.5 51.25 20
    endloop
  endfacet
  facet normal -0.04361938736534039 0.9990482215818576 0
    outer loop
      vertex 1.7798743318275494 -50.96893217797388 0
      vertex 1.7798743318275494 -50.96893217797388 20
      vertex 2.6691337683901355 -50.930106272483265 20
    endloop
  endfacet
  facet normal 0 0 1
    outer loop
      vertex 1.7798743318275494 -50.96893217797388 0
      vertex 2.6691337683901355 -50.930106272483265 0
      vertex 2.6691337683901355 50.930106272483265 0
    endloop
  endfacet
  facet normal -0.04361938736534039 0.9990482215818576 0
    outer loop
      vertex 1.7798743318275494 -50.96893217797388 0
      vertex 2.6691337683901355 -50.930106272483265 20
      vertex 2.6691337683901355 -50.930106272483265 0
    endloop
  endfacet
  facet normal 0 0 1
    outer loop
      vertex 1.7798743318275494 -50.96893217797388 0
      vertex 2.6691337683901355 50.930106272483265 0
      vertex 1.7798743318275494 50.96893217797388 0
    endloop
  endfacet
  facet normal 0 0 1
    outer loop
      vertex 1.7798743318275494 -50.96893217797388 20
      vertex 51.5 -51.25 20
      vertex 2.6691337683901355 -50.930106272483265 20
    endloop
  endfacet
  facet normal -0.04361938736534039 -0.9990482215818576 0
    outer loop
      vertex 1.7798743318275494 50.96893217797388 0
      vertex 2.6691337683901355 50.930106272483265 0
      vertex 1.7798743318275494 50.96893217797388 20
    endloop
  endfacet
  facet normal -0.04361938736534039 -0.9990482215818576 0
    outer loop
      vertex 1.7798743318275494 50.96893217797388 20
      vertex 2.6691337683901355 50.930106272483265 0
      vertex 2.6691337683901355 50.930106272483265 20
    endloop
  endfacet
  facet normal 0 0 1
    outer loop
      vertex 1.7798743318275494 50.96893217797388 20
      vertex 2.6691337683901355 50.930106272483265 20
      vertex 51.5 51.25 20
    endloop
  endfacet
  facet normal -0.061048539534856776 0.9981347984218669 0
    outer loop
      vertex 2.6691337683901355 -50.930106272483265 0
      vertex 2.6691337683901355 -50.930106272483265 20
      vertex 3.5575801609503905 -50.875766563251034 20
    endloop
  endfacet
  facet normal 0 0 1
    outer loop
      vertex 2.6691337683901355 -50.930106272483265 0
      vertex 3.5575801609503905 -50.875766563251034 0
      vertex 3.5575801609503905 50.875766563251034 0
    endloop
  endfacet
  facet normal -0.061048539534856776 0.9981347984218669 0
    outer loop
      vertex 2.6691337683901355 -50.930106272483265 0
      vertex 3.5575801609503905 -50.875766563251034 20
      vertex 3.5575801609503905 -50.875766563251034 0
    endloop
  endfacet
  facet normal 0 0 1
    outer loop
      vertex 2.6691337683901355 -50.930106272483265 0
      vertex 3.5575801609503905 50.875766563251034 0
      vertex 2.6691337683901355 50.930106272483265 0
    endloop
  endfacet
  facet normal 0 0 1
    outer loop
      vertex 2.6691337683901355 -50.930106272483265 20
      vertex 51.5 -51.25 20
      vertex 3.5575801609503905 -50.875766563251034 20
    endloop
  endfacet
  facet normal -0.061048539534856776 -0.9981347984218669 0
    outer loop
      vertex 2.6691337683901355 50.930106272483265 0
      vertex 3.5575801609503905 50.875766563251034 0
      vertex 2.6691337683901355 50.930106272483265 20
    endloop
  endfacet
  facet normal -0.061048539534856776 -0.9981347984218669 0
    outer loop
      vertex 2.6691337683901355 50.930106272483265 20
      vertex 3.5575801609503905 50.875766563251034 0
      vertex 3.5575801609503905 50.875766563251034 20
    endloop
  endfacet
  facet normal 0 0 1
    outer loop
      vertex 2.6691337683901355 50.930106272483265 20
      vertex 3.5575801609503905 50.875766563251034 20
      vertex 51.5 51.25 20
    endloop
  endfacet
  facet normal -0.07845909572784188 0.9969173337331281 0
    outer loop
      vertex 3.5575801609503905 -50.875766563251034 0
      vertex 3.5575801609503905 -50.875766563251034 20
      vertex 4.444942880130567 -50.80592960267902 20
    endloop
  endfacet
  facet normal 0 0 1
    outer loop
      vertex 3.5575801609503905 -50.875766563251034 0
      vertex 4.444942880130567 -50.80592960267902 0
      vertex 4.444942880130567 50.80592960267902 0
    endloop
  endfacet
  facet normal -0.07845909572784188 0.9969173337331281 0
    outer loop
      vertex 3.5575801609503905 -50.875766563251034 0
      vertex 4.444942880130567 -50.80592960267902 20
      vertex 4.444942880130567 -50.80592960267902 0
    endloop
  endfacet
  facet normal 0 0 1
    outer loop
      vertex 3.5575801609503905 -50.875766563251034 0
      vertex 4.444942880130567 50.80592960267902 0
      vertex 3.5575801609503905 50.875766563251034 0
    endloop
  endfacet
  facet normal 0 0 1
    outer loop
      vertex 3.5575801609503905 -50.875766563251034 20
      vertex 51.5 -51.25 20
      vertex 4.444942880130567 -50.80592960267902 20
    endloop
  endfacet
  facet normal -0.07845909572784188 -0.9969173337331281 0
    outer loop
      vertex 3.5575801609503905 50.875766563251034 0
      vertex 4.444942880130567 50.80592960267902 0
      vertex 3.5575801609503905 50.875766563251034 20
    endloop
  endfacet
  facet normal -0.07845909572784188 -0.9969173337331281 0
    outer loop
      vertex 3.5575801609503905 50.875766563251034 20
      vertex 4.444942880130567 50.80592960267902 0
      vertex 4.444942880130567 50.80592960267902 20
    endloop
  endfacet
  facet normal 0 0 1
    outer loop
      vertex 3.5575801609503905 50.875766563251034 20
      vertex 4.444942880130567 50.80592960267902 20
      vertex 51.5 51.25 20
    endloop
  endfacet
  facet normal -0.09584575252022492 0.9953961983671787 0
    outer loop
      vertex 4.444942880130567 -50.80592960267902 0
      vertex 4.444942880130567 -50.80592960267902 20
      vertex 5.330951626650327 -50.72061666378194 20
    endloop
  endfacet
  facet normal 0 0 1
    outer loop
      vertex 4.444942880130567 -50.80592960267902 0
      vertex 5.330951626650327 -50.72061666378194 0
      vertex 5.330951626650327 50.72061666378194 0
    endloop
  endfacet
  facet normal -0.09584575252022492 0.9953961983671787 0
    outer loop
      vertex 4.444942880130567 -50.80592960267902 0
      vertex 5.330951626650327 -50.72061666378194 20
      vertex 5.330951626650327 -50.72061666378194 0
    endloop
  endfacet
  facet normal 0 0 1
    outer loop
      vertex 4.444942880130567 -50.80592960267902 0
      vertex 5.330951626650327 50.72061666378194 0
      vertex 4.444942880130567 50.80592960267902 0
    endloop
  endfacet
  facet normal 0 0 1
    outer loop
      vertex 4.444942880130567 -50.80592960267902 20
      vertex 51.5 -51.25 20
      vertex 5.330951626650327 -50.72061666378194 20
    endloop
  endfacet
  facet normal -0.09584575252022492 -0.9953961983671787 0
    outer loop
      vertex 4.444942880130567 50.80592960267902 0
      vertex 5.330951626650327 50.72061666378194 0
      vertex 4.444942880130567 50.80592960267902 20
    endloop
  endfacet
  facet normal -0.09584575252022492 -0.9953961983671787 0
    outer loop
      vertex 4.444942880130567 50.80592960267902 20
      vertex 5.330951626650327 50.72061666378194 0
      vertex 5.330951626650327 50.72061666378194 20
    endloop
  endfacet
  facet normal 0 0 1
    outer loop
      vertex 4.444942880130567 50.80592960267902 20
      vertex 5.330951626650327 50.72061666378194 20
      vertex 51.5 51.25 20
    endloop
  endfacet
  facet normal -0.11320321376790689 0.9935718556765873 0
    outer loop
      vertex 5.330951626650327 -50.72061666378194 0
      vertex 5.330951626650327 -50.72061666378194 20
      vertex 6.215336513662521 -50.61985373370742 20
    endloop
  endfacet
  facet normal 0 0 1
    outer loop
      vertex 5.330951626650327 -50.72061666378194 0
      vertex 6.215336513662521 -50.61985373370742 0
      vertex 6.215336513662521 50.61985373370742 0
    endloop
  endfacet
  facet normal -0.11320321376790689 0.9935718556765873 0
    outer loop
      vertex 5.330951626650327 -50.72061666378194 0
      vertex 6.215336513662521 -50.61985373370742 20
      vertex 6.215336513662521 -50.61985373370742 0
    endloop
  endfacet
  facet normal 0 0 1
    outer loop
      vertex 5.330951626650327 -50.72061666378194 0
      vertex 6.215336513662521 50.61985373370742 0
      vertex 5.330951626650327 50.72061666378194 0
    endloop
  endfacet
  facet normal 0 0 1
    outer loop
      vertex 5.330951626650327 -50.72061666378194 20
      vertex 51.5 -51.25 20
      vertex 6.215336513662521 -50.61985373370742 20
    endloop
  endfacet
  facet normal -0.11320321376790689 -0.9935718556765873 0
    outer loop
      vertex 5.330951626650327 50.72061666378194 0
      vertex 6.215336513662521 50.61985373370742 0
      vertex 5.330951626650327 50.72061666378194 20
    endloop
  endfacet
  facet normal -0.11320321376790689 -0.9935718556765873 0
    outer loop
      vertex 5.330951626650327 50.72061666378194 20
      vertex 6.215336513662521 50.61985373370742 0
      vertex 6.215336513662521 50.61985373370742 20
    endloop
  endfacet
  facet normal 0 0 1
    outer loop
      vertex 5.330951626650327 50.72061666378194 20
      vertex 6.215336513662521 50.61985373370742 20
      vertex 51.5 51.25 20
    endloop
  endfacet
  facet normal -0.13052619222004955 0.9914448613738106 0
    outer loop
      vertex 6.215336513662521 -50.61985373370742 0
      vertex 6.215336513662521 -50.61985373370742 20
      vertex 7.0978281489633375 -50.50367150582009 20
    endloop
  endfacet
  facet normal 0 0 1
    outer loop
      vertex 6.215336513662521 -50.61985373370742 0
      vertex 7.0978281489633375 -50.50367150582009 0
      vertex 7.0978281489633375 50.50367150582009 0
    endloop
  endfacet
  facet normal -0.13052619222004955 0.9914448613738106 0
    outer loop
      vertex 6.215336513662521 -50.61985373370742 0
      vertex 7.0978281489633375 -50.50367150582009 20
      vertex 7.0978281489633375 -50.50367150582009 0
    endloop
  endfacet
  facet normal 0 0 1
    outer loop
      vertex 6.215336513662521 -50.61985373370742 0
      vertex 7.0978281489633375 50.50367150582009 0
      vertex 6.215336513662521 50.61985373370742 0
    endloop
  endfacet
  facet normal 0 0 1
    outer loop
      vertex 6.215336513662521 -50.61985373370742 20
      vertex 51.5 -51.25 20
      vertex 7.0978281489633375 -50.50367150582009 20
    endloop
  endfacet
  facet normal -0.13052619222004955 -0.9914448613738106 0
    outer loop
      vertex 6.215336513662521 50.61985373370742 0
      vertex 7.0978281489633375 50.50367150582009 0
      vertex 6.215336513662521 50.61985373370742 20
    endloop
  endfacet
  facet normal -0.13052619222004955 -0.9914448613738106 0
    outer loop
      vertex 6.215336513662521 50.61985373370742 20
      vertex 7.0978281489633375 50.50367150582009 0
      vertex 7.0978281489633375 50.50367150582009 20
    endloop
  endfacet
  facet normal 0 0 1
    outer loop
      vertex 6.215336513662521 50.61985373370742 20
      vertex 7.0978281489633375 50.50367150582009 20
      vertex 51.5 51.25 20
    endloop
  endfacet
  facet normal -0.14780941112961152 0.9890158633619166 0
    outer loop
      vertex 7.0978281489633375 -50.50367150582009 0
      vertex 7.0978281489633375 -50.50367150582009 20
      vertex 7.978157717051774 -50.372105370352024 20
    endloop
  endfacet
  facet normal 0 0 1
    outer loop
      vertex 7.0978281489633375 -50.50367150582009 0
      vertex 7.978157717051774 -50.372105370352024 0
      vertex 7.978157717051774 50.372105370352024 0
    endloop
  endfacet
  facet normal -0.14780941112961152 0.9890158633619166 0
    outer loop
      vertex 7.0978281489633375 -50.50367150582009 0
      vertex 7.978157717051774 -50.372105370352024 20
      vertex 7.978157717051774 -50.372105370352024 0
    endloop
  endfacet
  facet normal 0 0 1
    outer loop
      vertex 7.0978281489633375 -50.50367150582009 0
      vertex 7.978157717051774 50.372105370352024 0
      vertex 7.0978281489633375 50.50367150582009 0
    endloop
  endfacet
  facet normal 0 0 1
    outer loop
      vertex 7.0978281489633375 -50.50367150582009 20
      vertex 51.5 -51.25 20
      vertex 7.978157717051774 -50.372105370352024 20
    endloop
  endfacet
  facet normal -0.14780941112961152 -0.9890158633619166 0
    outer loop
      vertex 7.0978281489633375 50.50367150582009 0
      vertex 7.978157717051774 50.372105370352024 0
      vertex 7.0978281489633375 50.50367150582009 20
    endloop
  endfacet
  facet normal -0.14780941112961152 -0.9890158633619166 0
    outer loop
      vertex 7.0978281489633375 50.50367150582009 20
      vertex 7.978157717051774 50.372105370352024 0
      vertex 7.978157717051774 50.372105370352024 20
    endloop
  endfacet
  facet normal 0 0 1
    outer loop
      vertex 7.0978281489633375 50.50367150582009 20
      vertex 7.978157717051774 50.372105370352024 20
      vertex 51.5 51.25 20
    endloop
  endfacet
  facet normal -0.16504760586068254 0.9862856015372305 0
    outer loop
      vertex 7.978157717051774 -50.372105370352024 0
      vertex 7.978157717051774 -50.372105370352024 20
      vertex 8.856057061013447 -50.22519540362261 20
    endloop
  endfacet
  facet normal 0 0 1
    outer loop
      vertex 7.978157717051774 -50.372105370352024 0
      vertex 8.856057061013447 -50.22519540362261 0
      vertex 8.856057061013447 50.22519540362261 0
    endloop
  endfacet
  facet normal -0.16504760586068254 0.9862856015372305 0
    outer loop
      vertex 7.978157717051774 -50.372105370352024 0
      vertex 8.856057061013447 -50.22519540362261 20
      vertex 8.856057061013447 -50.22519540362261 0
    endloop
  endfacet
  facet normal 0 0 1
    outer loop
      vertex 7.978157717051774 -50.372105370352024 0
      vertex 8.856057061013447 50.22519540362261 0
      vertex 7.978157717051774 50.372105370352024 0
    endloop
  endfacet
  facet normal 0 0 1
    outer loop
      vertex 7.978157717051774 -50.372105370352024 20
      vertex 51.5 -51.25 20
      vertex 8.856057061013447 -50.22519540362261 20
    endloop
  endfacet
  facet normal -0.16504760586068254 -0.9862856015372305 0
    outer loop
      vertex 7.978157717051774 50.372105370352024 0
      vertex 8.856057061013447 50.22519540362261 0
      vertex 7.978157717051774 50.372105370352024 20
    endloop
  endfacet
  facet normal -0.16504760586068254 -0.9862856015372305 0
    outer loop
      vertex 7.978157717051774 50.372105370352024 20
      vertex 8.856057061013447 50.22519540362261 0
      vertex 8.856057061013447 50.22519540362261 20
    endloop
  endfacet
  facet normal 0 0 1
    outer loop
      vertex 7.978157717051774 50.372105370352024 20
      vertex 8.856057061013447 50.22519540362261 20
      vertex 51.5 51.25 20
    endloop
  endfacet
  facet normal -0.18223552549213823 0.9832549075639564 0
    outer loop
      vertex 8.856057061013447 -50.22519540362261 0
      vertex 8.856057061013447 -50.22519540362261 20
      vertex 9.731258764203785 -50.062986355830866 20
    endloop
  endfacet
  facet normal 0 0 1
    outer loop
      vertex 8.856057061013447 -50.22519540362261 0
      vertex 9.731258764203785 -50.062986355830866 0
      vertex 9.731258764203785 50.062986355830866 0
    endloop
  endfacet
  facet normal -0.18223552549213823 0.9832549075639564 0
    outer loop
      vertex 8.856057061013447 -50.22519540362261 0
      vertex 9.731258764203785 -50.062986355830866 20
      vertex 9.731258764203785 -50.062986355830866 0
    endloop
  endfacet
  facet normal 0 0 1
    outer loop
      vertex 8.856057061013447 -50.22519540362261 0
      vertex 9.731258764203785 50.062986355830866 0
      vertex 8.856057061013447 50.22519540362261 0
    endloop
  endfacet
  facet normal 0 0 1
    outer loop
      vertex 8.856057061013447 -50.22519540362261 20
      vertex 51.5 -51.25 20
      vertex 9.731258764203785 -50.062986355830866 20
    endloop
  endfacet
  facet normal -0.18223552549213823 -0.9832549075639564 0
    outer loop
      vertex 8.856057061013447 50.22519540362261 0
      vertex 9.731258764203785 50.062986355830866 0
      vertex 8.856057061013447 50.22519540362261 20
    endloop
  endfacet
  facet normal -0.18223552549213823 -0.9832549075639564 0
    outer loop
      vertex 8.856057061013447 50.22519540362261 20
      vertex 9.731258764203785 50.062986355830866 0
      vertex 9.731258764203785 50.062986355830866 20
    endloop
  endfacet
  facet normal 0 0 1
    outer loop
      vertex 8.856057061013447 50.22519540362261 20
      vertex 9.731258764203785 50.062986355830866 20
      vertex 51.5 51.25 20
    endloop
  endfacet
  facet normal -0.19936793441719858 0.9799247046208293 0
    outer loop
      vertex 9.731258764203785 -50.062986355830866 0
      vertex 9.731258764203785 -50.062986355830866 20
      vertex 10.603496231705726 -49.88552763742409 20
    endloop
  endfacet
  facet normal 0 0 1
    outer loop
      vertex 9.731258764203785 -50.062986355830866 0
      vertex 10.603496231705726 -49.88552763742409 0
      vertex 10.603496231705726 49.88552763742409 0
    endloop
  endfacet
  facet normal -0.19936793441719858 0.9799247046208293 0
    outer loop
      vertex 9.731258764203785 -50.062986355830866 0
      vertex 10.603496231705726 -49.88552763742409 20
      vertex 10.603496231705726 -49.88552763742409 0
    endloop
  endfacet
  facet normal 0 0 1
    outer loop
      vertex 9.731258764203785 -50.062986355830866 0
      vertex 10.603496231705726 49.88552763742409 0
      vertex 9.731258764203785 50.062986355830866 0
    endloop
  endfacet
  facet normal 0 0 1
    outer loop
      vertex 9.731258764203785 -50.062986355830866 20
      vertex 51.5 -51.25 20
      vertex 10.603496231705726 -49.88552763742409 20
    endloop
  endfacet
  facet normal -0.19936793441719858 -0.9799247046208293 0
    outer loop
      vertex 9.731258764203785 50.062986355830866 0
      vertex 10.603496231705726 49.88552763742409 0
      vertex 9.731258764203785 50.062986355830866 20
    endloop
  endfacet
  facet normal -0.19936793441719858 -0.9799247046208293 0
    outer loop
      vertex 9.731258764203785 50.062986355830866 20
      vertex 10.603496231705726 49.88552763742409 0
      vertex 10.603496231705726 49.88552763742409 20
    endloop
  endfacet
  facet normal 0 0 1
    outer loop
      vertex 9.731258764203785 50.062986355830866 20
      vertex 10.603496231705726 49.88552763742409 20
      vertex 51.5 51.25 20
    endloop
  endfacet
  facet normal -0.21643961393810443 0.9762960071199329 0
    outer loop
      vertex 10.603496231705726 -49.88552763742409 0
      vertex 10.603496231705726 -49.88552763742409 20
      vertex 11.472503771537115 -49.692873304047 20
    endloop
  endfacet
  facet normal 0 0 1
    outer loop
      vertex 10.603496231705726 -49.88552763742409 0
      vertex 11.472503771537115 -49.692873304047 0
      vertex 11.472503771537115 49.692873304047 0
    endloop
  endfacet
  facet normal -0.21643961393810443 0.9762960071199329 0
    outer loop
      vertex 10.603496231705726 -49.88552763742409 0
      vertex 11.472503771537115 -49.692873304047 20
      vertex 11.472503771537115 -49.692873304047 0
    endloop
  endfacet
  facet normal 0 0 1
    outer loop
      vertex 10.603496231705726 -49.88552763742409 0
      vertex 11.472503771537115 49.692873304047 0
      vertex 10.603496231705726 49.88552763742409 0
    endloop
  endfacet
  facet normal 0 0 1
    outer loop
      vertex 10.603496231705726 -49.88552763742409 20
      vertex 51.5 -51.25 20
      vertex 11.472503771537115 -49.692873304047 20
    endloop
  endfacet
  facet normal -0.21643961393810443 -0.9762960071199329 0
    outer loop
      vertex 10.603496231705726 49.88552763742409 0
      vertex 11.472503771537115 49.692873304047 0
      vertex 10.603496231705726 49.88552763742409 20
    endloop
  endfacet
  facet normal -0.21643961393810443 -0.9762960071199329 0
    outer loop
      vertex 10.603496231705726 49.88552763742409 20
      vertex 11.472503771537115 49.692873304047 0
      vertex 11.472503771537115 49.692873304047 20
    endloop
  endfacet
  facet normal 0 0 1
    outer loop
      vertex 10.603496231705726 49.88552763742409 20
      vertex 11.472503771537115 49.692873304047 20
      vertex 51.5 51.25 20
    endloop
  endfacet
  facet normal -0.23344536385591025 0.9723699203976754 0
    outer loop
      vertex 11.472503771537115 -49.692873304047 0
      vertex 11.472503771537115 -49.692873304047 20
      vertex 12.338016675583054 -49.48508204007582 20
    endloop
  endfacet
  facet normal 0 0 1
    outer loop
      vertex 11.472503771537115 -49.692873304047 0
      vertex 12.338016675583054 -49.48508204007582 0
      vertex 12.338016675583054 49.48508204007582 0
    endloop
  endfacet
  facet normal -0.23344536385591025 0.9723699203976754 0
    outer loop
      vertex 11.472503771537115 -49.692873304047 0
      vertex 12.338016675583054 -49.48508204007582 20
      vertex 12.338016675583054 -49.48508204007582 0
    endloop
  endfacet
  facet normal 0 0 1
    outer loop
      vertex 11.472503771537115 -49.692873304047 0
      vertex 12.338016675583054 49.48508204007582 0
      vertex 11.472503771537115 49.692873304047 0
    endloop
  endfacet
  facet normal 0 0 1
    outer loop
      vertex 11.472503771537115 -49.692873304047 20
      vertex 51.5 -51.25 20
      vertex 12.338016675583054 -49.48508204007582 20
    endloop
  endfacet
  facet normal -0.23344536385591025 -0.9723699203976754 0
    outer loop
      vertex 11.472503771537115 49.692873304047 0
      vertex 12.338016675583054 49.48508204007582 0
      vertex 11.472503771537115 49.692873304047 20
    endloop
  endfacet
  facet normal -0.23344536385591025 -0.9723699203976754 0
    outer loop
      vertex 11.472503771537115 49.692873304047 20
      vertex 12.338016675583054 49.48508204007582 0
      vertex 12.338016675583054 49.48508204007582 20
    endloop
  endfacet
  facet normal 0 0 1
    outer loop
      vertex 11.472503771537115 49.692873304047 20
      vertex 12.338016675583054 49.48508204007582 20
      vertex 51.5 51.25 20
    endloop
  endfacet
  facet normal -0.2503800040544346 0.9681476403781096 0
    outer loop
      vertex 12.338016675583054 -49.48508204007582 0
      vertex 12.338016675583054 -49.48508204007582 20
      vertex 13.199771300228559 -49.262217140742486 20
    endloop
  endfacet
  facet normal 0 0 1
    outer loop
      vertex 12.338016675583054 -49.48508204007582 0
      vertex 13.199771300228559 -49.262217140742486 0
      vertex 13.199771300228559 49.262217140742486 0
    endloop
  endfacet
  facet normal -0.2503800040544346 0.9681476403781096 0
    outer loop
      vertex 12.338016675583054 -49.48508204007582 0
      vertex 13.199771300228559 -49.262217140742486 20
      vertex 13.199771300228559 -49.262217140742486 0
    endloop
  endfacet
  facet normal 0 0 1
    outer loop
      vertex 12.338016675583054 -49.48508204007582 0
      vertex 13.199771300228559 49.262217140742486 0
      vertex 12.338016675583054 49.48508204007582 0
    endloop
  endfacet
  facet normal 0 0 1
    outer loop
      vertex 12.338016675583054 -49.48508204007582 20
      vertex 51.5 -51.25 20
      vertex 13.199771300228559 -49.262217140742486 20
    endloop
  endfacet
  facet normal -0.2503800040544346 -0.9681476403781096 0
    outer loop
      vertex 12.338016675583054 49.48508204007582 0
      vertex 13.199771300228559 49.262217140742486 0
      vertex 12.338016675583054 49.48508204007582 20
    endloop
  endfacet
  facet normal -0.2503800040544346 -0.9681476403781096 0
    outer loop
      vertex 12.338016675583054 49.48508204007582 20
      vertex 13.199771300228559 49.262217140742486 0
      vertex 13.199771300228559 49.262217140742486 20
    endloop
  endfacet
  facet normal 0 0 1
    outer loop
      vertex 12.338016675583054 49.48508204007582 20
      vertex 13.199771300228559 49.262217140742486 20
      vertex 51.5 51.25 20
    endloop
  endfacet
  facet normal -0.2672383760782589 0.9636304532086223 0
    outer loop
      vertex 13.199771300228559 -49.262217140742486 0
      vertex 13.199771300228559 -49.262217140742486 20
      vertex 14.057505146666957 -49.024346492854264 20
    endloop
  endfacet
  facet normal 0 0 1
    outer loop
      vertex 13.199771300228559 -49.262217140742486 0
      vertex 14.057505146666957 -49.024346492854264 0
      vertex 14.057505146666957 49.024346492854264 0
    endloop
  endfacet
  facet normal -0.2672383760782589 0.9636304532086223 0
    outer loop
      vertex 13.199771300228559 -49.262217140742486 0
      vertex 14.057505146666957 -49.024346492854264 20
      vertex 14.057505146666957 -49.024346492854264 0
    endloop
  endfacet
  facet normal 0 0 1
    outer loop
      vertex 13.199771300228559 -49.262217140742486 0
      vertex 14.057505146666957 49.024346492854264 0
      vertex 13.199771300228559 49.262217140742486 0
    endloop
  endfacet
  facet normal 0 0 1
    outer loop
      vertex 13.199771300228559 -49.262217140742486 20
      vertex 51.5 -51.25 20
      vertex 14.057505146666957 -49.024346492854264 20
    endloop
  endfacet
  facet normal -0.2672383760782589 -0.9636304532086223 0
    outer loop
      vertex 13.199771300228559 49.262217140742486 0
      vertex 14.057505146666957 49.024346492854264 0
      vertex 13.199771300228559 49.262217140742486 20
    endloop
  endfacet
  facet normal -0.2672383760782589 -0.9636304532086223 0
    outer loop
      vertex 13.199771300228559 49.262217140742486 20
      vertex 14.057505146666957 49.024346492854264 0
      vertex 14.057505146666957 49.024346492854264 20
    endloop
  endfacet
  facet normal 0 0 1
    outer loop
      vertex 13.199771300228559 49.262217140742486 20
      vertex 14.057505146666957 49.024346492854264 20
      vertex 51.5 51.25 20
    endloop
  endfacet
  facet normal -0.2840153447039232 0.9588197348681927 0
    outer loop
      vertex 14.057505146666957 -49.024346492854264 0
      vertex 14.057505146666957 -49.024346492854264 20
      vertex 14.910956940859576 -48.77154255411481 20
    endloop
  endfacet
  facet normal 0 0 1
    outer loop
      vertex 14.057505146666957 -49.024346492854264 0
      vertex 14.910956940859576 -48.77154255411481 0
      vertex 14.910956940859576 48.77154255411481 0
    endloop
  endfacet
  facet normal -0.2840153447039232 0.9588197348681927 0
    outer loop
      vertex 14.057505146666957 -49.024346492854264 0
      vertex 14.910956940859576 -48.77154255411481 20
      vertex 14.910956940859576 -48.77154255411481 0
    endloop
  endfacet
  facet normal 0 0 1
    outer loop
      vertex 14.057505146666957 -49.024346492854264 0
      vertex 14.910956940859576 48.77154255411481 0
      vertex 14.057505146666957 49.024346492854264 0
    endloop
  endfacet
  facet normal 0 0 1
    outer loop
      vertex 14.057505146666957 -49.024346492854264 20
      vertex 51.5 -51.25 20
      vertex 14.910956940859576 -48.77154255411481 20
    endloop
  endfacet
  facet normal -0.2840153447039232 -0.9588197348681927 0
    outer loop
      vertex 14.057505146666957 49.024346492854264 0
      vertex 14.910956940859576 48.77154255411481 0
      vertex 14.057505146666957 49.024346492854264 20
    endloop
  endfacet
  facet normal -0.2840153447039232 -0.9588197348681927 0
    outer loop
      vertex 14.057505146666957 49.024346492854264 20
      vertex 14.910956940859576 48.77154255411481 0
      vertex 14.910956940859576 48.77154255411481 20
    endloop
  endfacet
  facet normal 0 0 1
    outer loop
      vertex 14.057505146666957 49.024346492854264 20
      vertex 14.910956940859576 48.77154255411481 20
      vertex 51.5 51.25 20
    endloop
  endfacet
  facet normal -0.3007057995042777 0.9537169507482255 0
    outer loop
      vertex 14.910956940859576 -48.77154255411481 0
      vertex 14.910956940859576 -48.77154255411481 20
      vertex 15.759866713122317 -48.50388233105283 20
    endloop
  endfacet
  facet normal 0 0 1
    outer loop
      vertex 14.910956940859576 -48.77154255411481 0
      vertex 15.759866713122317 -48.50388233105283 0
      vertex 15.759866713122317 48.50388233105283 0
    endloop
  endfacet
  facet normal -0.3007057995042777 0.9537169507482255 0
    outer loop
      vertex 14.910956940859576 -48.77154255411481 0
      vertex 15.759866713122317 -48.50388233105283 20
      vertex 15.759866713122317 -48.50388233105283 0
    endloop
  endfacet
  facet normal 0 0 1
    outer loop
      vertex 14.910956940859576 -48.77154255411481 0
      vertex 15.759866713122317 48.50388233105283 0
      vertex 14.910956940859576 48.77154255411481 0
    endloop
  endfacet
  facet normal 0 0 1
    outer loop
      vertex 14.910956940859576 -48.77154255411481 20
      vertex 51.5 -51.25 20
      vertex 15.759866713122317 -48.50388233105283 20
    endloop
  endfacet
  facet normal -0.3007057995042777 -0.9537169507482255 0
    outer loop
      vertex 14.910956940859576 48.77154255411481 0
      vertex 15.759866713122317 48.50388233105283 0
      vertex 14.910956940859576 48.77154255411481 20
    endloop
  endfacet
  facet normal -0.3007057995042777 -0.9537169507482255 0
    outer loop
      vertex 14.910956940859576 48.77154255411481 20
      vertex 15.759866713122317 48.50388233105283 0
      vertex 15.759866713122317 48.50388233105283 20
    endloop
  endfacet
  facet normal 0 0 1
    outer loop
      vertex 14.910956940859576 48.77154255411481 20
      vertex 15.759866713122317 48.50388233105283 20
      vertex 51.5 51.25 20
    endloop
  endfacet
  facet normal -0.31730465640508443 0.9483236552062019 0
    outer loop
      vertex 15.759866713122317 -48.50388233105283 0
      vertex 15.759866713122317 -48.50388233105283 20
      vertex 16.60397587731499 -48.22144735556516 20
    endloop
  endfacet
  facet normal 0 0 1
    outer loop
      vertex 15.759866713122317 -48.50388233105283 0
      vertex 16.60397587731499 -48.22144735556516 0
      vertex 16.60397587731499 48.22144735556516 0
    endloop
  endfacet
  facet normal -0.31730465640508443 0.9483236552062019 0
    outer loop
      vertex 15.759866713122317 -48.50388233105283 0
      vertex 16.60397587731499 -48.22144735556516 20
      vertex 16.60397587731499 -48.22144735556516 0
    endloop
  endfacet
  facet normal 0 0 1
    outer loop
      vertex 15.759866713122317 -48.50388233105283 0
      vertex 16.60397587731499 48.22144735556516 0
      vertex 15.759866713122317 48.50388233105283 0
    endloop
  endfacet
  facet normal 0 0 1
    outer loop
      vertex 15.759866713122317 -48.50388233105283 20
      vertex 51.5 -51.25 20
      vertex 16.60397587731499 -48.22144735556516 20
    endloop
  endfacet
  facet normal -0.31730465640508443 -0.9483236552062019 0
    outer loop
      vertex 15.759866713122317 48.50388233105283 0
      vertex 16.60397587731499 48.22144735556516 0
      vertex 15.759866713122317 48.50388233105283 20
    endloop
  endfacet
  facet normal -0.31730465640508443 -0.9483236552062019 0
    outer loop
      vertex 15.759866713122317 48.50388233105283 20
      vertex 16.60397587731499 48.22144735556516 0
      vertex 16.60397587731499 48.22144735556516 20
    endloop
  endfacet
  facet normal 0 0 1
    outer loop
      vertex 15.759866713122317 48.50388233105283 20
      vertex 16.60397587731499 48.22144735556516 20
      vertex 51.5 51.25 20
    endloop
  endfacet
  facet normal -0.33380685923377523 0.9426414910921769 0
    outer loop
      vertex 16.60397587731499 -48.22144735556516 0
      vertex 16.60397587731499 -48.22144735556516 20
      vertex 17.443027309609104 -47.92432366008133 20
    endloop
  endfacet
  facet normal 0 0 1
    outer loop
      vertex 16.60397587731499 -48.22144735556516 0
      vertex 17.443027309609104 -47.92432366008133 0
      vertex 17.443027309609104 47.92432366008133 0
    endloop
  endfacet
  facet normal -0.33380685923377523 0.9426414910921769 0
    outer loop
      vertex 16.60397587731499 -48.22144735556516 0
      vertex 17.443027309609104 -47.92432366008133 20
      vertex 17.443027309609104 -47.92432366008133 0
    endloop
  endfacet
  facet normal 0 0 1
    outer loop
      vertex 16.60397587731499 -48.22144735556516 0
      vertex 17.443027309609104 47.92432366008133 0
      vertex 16.60397587731499 48.22144735556516 0
    endloop
  endfacet
  facet normal 0 0 1
    outer loop
      vertex 16.60397587731499 -48.22144735556516 20
      vertex 51.5 -51.25 20
      vertex 17.443027309609104 -47.92432366008133 20
    endloop
  endfacet
  facet normal -0.33380685923377523 -0.9426414910921769 0
    outer loop
      vertex 16.60397587731499 48.22144735556516 0
      vertex 17.443027309609104 47.92432366008133 0
      vertex 16.60397587731499 48.22144735556516 20
    endloop
  endfacet
  facet normal -0.33380685923377523 -0.9426414910921769 0
    outer loop
      vertex 16.60397587731499 48.22144735556516 20
      vertex 17.443027309609104 47.92432366008133 0
      vertex 17.443027309609104 47.92432366008133 20
    endloop
  endfacet
  facet normal 0 0 1
    outer loop
      vertex 16.60397587731499 48.22144735556516 20
      vertex 17.443027309609104 47.92432366008133 20
      vertex 51.5 51.25 20
    endloop
  endfacet
  facet normal -0.3502073812594669 0.9366721892483979 0
    outer loop
      vertex 17.443027309609104 -47.92432366008133 0
      vertex 17.443027309609104 -47.92432366008133 20
      vertex 18.276765426810314 -47.61260175135729 20
    endloop
  endfacet
  facet normal 0 0 1
    outer loop
      vertex 17.443027309609104 -47.92432366008133 0
      vertex 18.276765426810314 -47.61260175135729 0
      vertex 18.276765426810314 47.61260175135729 0
    endloop
  endfacet
  facet normal -0.3502073812594669 0.9366721892483979 0
    outer loop
      vertex 17.443027309609104 -47.92432366008133 0
      vertex 18.276765426810314 -47.61260175135729 20
      vertex 18.276765426810314 -47.61260175135729 0
    endloop
  endfacet
  facet normal 0 0 1
    outer loop
      vertex 17.443027309609104 -47.92432366008133 0
      vertex 18.276765426810314 47.61260175135729 0
      vertex 17.443027309609104 47.92432366008133 0
    endloop
  endfacet
  facet normal 0 0 1
    outer loop
      vertex 17.443027309609104 -47.92432366008133 20
      vertex 51.5 -51.25 20
      vertex 18.276765426810314 -47.61260175135729 20
    endloop
  endfacet
  facet normal -0.3502073812594669 -0.9366721892483979 0
    outer loop
      vertex 17.443027309609104 47.92432366008133 0
      vertex 18.276765426810314 47.61260175135729 0
      vertex 17.443027309609104 47.92432366008133 20
    endloop
  endfacet
  facet normal -0.3502073812594669 -0.9366721892483979 0
    outer loop
      vertex 17.443027309609104 47.92432366008133 20
      vertex 18.276765426810314 47.61260175135729 0
      vertex 18.276765426810314 47.61260175135729 20
    endloop
  endfacet
  facet normal 0 0 1
    outer loop
      vertex 17.443027309609104 47.92432366008133 20
      vertex 18.276765426810314 47.61260175135729 20
      vertex 51.5 51.25 20
    endloop
  endfacet
  facet normal -0.3665012267242971 0.9304175679820247 0
    outer loop
      vertex 18.276765426810314 -47.61260175135729 0
      vertex 18.276765426810314 -47.61260175135729 20
      vertex 19.104936264211513 -47.28637658290616 20
    endloop
  endfacet
  facet normal 0 0 1
    outer loop
      vertex 18.276765426810314 -47.61260175135729 0
      vertex 19.104936264211513 -47.28637658290616 0
      vertex 19.104936264211513 47.28637658290616 0
    endloop
  endfacet
  facet normal -0.3665012267242971 0.9304175679820247 0
    outer loop
      vertex 18.276765426810314 -47.61260175135729 0
      vertex 19.104936264211513 -47.28637658290616 20
      vertex 19.104936264211513 -47.28637658290616 0
    endloop
  endfacet
  facet normal 0 0 1
    outer loop
      vertex 18.276765426810314 -47.61260175135729 0
      vertex 19.104936264211513 47.28637658290616 0
      vertex 18.276765426810314 47.61260175135729 0
    endloop
  endfacet
  facet normal 0 0 1
    outer loop
      vertex 18.276765426810314 -47.61260175135729 20
      vertex 51.5 -51.25 20
      vertex 19.104936264211513 -47.28637658290616 20
    endloop
  endfacet
  facet normal -0.3665012267242971 -0.9304175679820247 0
    outer loop
      vertex 18.276765426810314 47.61260175135729 0
      vertex 19.104936264211513 47.28637658290616 0
      vertex 18.276765426810314 47.61260175135729 20
    endloop
  endfacet
  facet normal -0.3665012267242971 -0.9304175679820247 0
    outer loop
      vertex 18.276765426810314 47.61260175135729 20
      vertex 19.104936264211513 47.28637658290616 0
      vertex 19.104936264211513 47.28637658290616 20
    endloop
  endfacet
  facet normal 0 0 1
    outer loop
      vertex 18.276765426810314 47.61260175135729 20
      vertex 19.104936264211513 47.28637658290616 20
      vertex 51.5 51.25 20
    endloop
  endfacet
  facet normal -0.3826834323650907 0.9238795325112863 0
    outer loop
      vertex 19.104936264211513 -47.28637658290616 0
      vertex 19.104936264211513 -47.28637658290616 20
      vertex 19.92728755295296 -46.945747526074456 20
    endloop
  endfacet
  facet normal 0 0 1
    outer loop
      vertex 19.104936264211513 -47.28637658290616 0
      vertex 19.92728755295296 -46.945747526074456 0
      vertex 19.92728755295296 46.945747526074456 0
    endloop
  endfacet
  facet normal -0.3826834323650907 0.9238795325112863 0
    outer loop
      vertex 19.104936264211513 -47.28637658290616 0
      vertex 19.92728755295296 -46.945747526074456 20
      vertex 19.92728755295296 -46.945747526074456 0
    endloop
  endfacet
  facet normal 0 0 1
    outer loop
      vertex 19.104936264211513 -47.28637658290616 0
      vertex 19.92728755295296 46.945747526074456 0
      vertex 19.104936264211513 47.28637658290616 0
    endloop
  endfacet
  facet normal 0 0 1
    outer loop
      vertex 19.104936264211513 -47.28637658290616 20
      vertex 51.5 -51.25 20
      vertex 19.92728755295296 -46.945747526074456 20
    endloop
  endfacet
  facet normal -0.3826834323650907 -0.9238795325112863 0
    outer loop
      vertex 19.104936264211513 47.28637658290616 0
      vertex 19.92728755295296 46.945747526074456 0
      vertex 19.104936264211513 47.28637658290616 20
    endloop
  endfacet
  facet normal -0.3826834323650907 -0.9238795325112863 0
    outer loop
      vertex 19.104936264211513 47.28637658290616 20
      vertex 19.92728755295296 46.945747526074456 0
      vertex 19.92728755295296 46.945747526074456 20
    endloop
  endfacet
  facet normal 0 0 1
    outer loop
      vertex 19.104936264211513 47.28637658290616 20
      vertex 19.92728755295296 46.945747526074456 20
      vertex 51.5 51.25 20
    endloop
  endfacet
  facet normal -0.39874906892524437 0.9170600743851249 0
    outer loop
      vertex 19.92728755295296 -46.945747526074456 0
      vertex 19.92728755295296 -46.945747526074456 20
      vertex 20.743568796865812 -46.590818339772646 20
    endloop
  endfacet
  facet normal 0 0 1
    outer loop
      vertex 19.92728755295296 -46.945747526074456 0
      vertex 20.743568796865812 -46.590818339772646 0
      vertex 20.743568796865812 46.590818339772646 0
    endloop
  endfacet
  facet normal -0.39874906892524437 0.9170600743851249 0
    outer loop
      vertex 19.92728755295296 -46.945747526074456 0
      vertex 20.743568796865812 -46.590818339772646 20
      vertex 20.743568796865812 -46.590818339772646 0
    endloop
  endfacet
  facet normal 0 0 1
    outer loop
      vertex 19.92728755295296 -46.945747526074456 0
      vertex 20.743568796865812 46.590818339772646 0
      vertex 19.92728755295296 46.945747526074456 0
    endloop
  endfacet
  facet normal 0 0 1
    outer loop
      vertex 19.92728755295296 -46.945747526074456 20
      vertex 51.5 -51.25 20
      vertex 20.743568796865812 -46.590818339772646 20
    endloop
  endfacet
  facet normal -0.39874906892524437 -0.9170600743851249 0
    outer loop
      vertex 19.92728755295296 46.945747526074456 0
      vertex 20.743568796865812 46.590818339772646 0
      vertex 19.92728755295296 46.945747526074456 20
    endloop
  endfacet
  facet normal -0.39874906892524437 -0.9170600743851249 0
    outer loop
      vertex 19.92728755295296 46.945747526074456 20
      vertex 20.743568796865812 46.590818339772646 0
      vertex 20.743568796865812 46.590818339772646 20
    endloop
  endfacet
  facet normal 0 0 1
    outer loop
      vertex 19.92728755295296 46.945747526074456 20
      vertex 20.743568796865812 46.590818339772646 20
      vertex 51.5 51.25 20
    endloop
  endfacet
  facet normal -0.41469324265624197 0.9099612708765419 0
    outer loop
      vertex 20.743568796865812 -46.590818339772646 0
      vertex 20.743568796865812 -46.590818339772646 20
      vertex 21.55353134877567 -46.221697138869146 20
    endloop
  endfacet
  facet normal 0 0 1
    outer loop
      vertex 20.743568796865812 -46.590818339772646 0
      vertex 21.55353134877567 -46.221697138869146 0
      vertex 21.55353134877567 46.221697138869146 0
    endloop
  endfacet
  facet normal -0.41469324265624197 0.9099612708765419 0
    outer loop
      vertex 20.743568796865812 -46.590818339772646 0
      vertex 21.55353134877567 -46.221697138869146 20
      vertex 21.55353134877567 -46.221697138869146 0
    endloop
  endfacet
  facet normal 0 0 1
    outer loop
      vertex 20.743568796865812 -46.590818339772646 0
      vertex 21.55353134877567 46.221697138869146 0
      vertex 20.743568796865812 46.590818339772646 0
    endloop
  endfacet
  facet normal 0 0 1
    outer loop
      vertex 20.743568796865812 -46.590818339772646 20
      vertex 51.5 -51.25 20
      vertex 21.55353134877567 -46.221697138869146 20
    endloop
  endfacet
  facet normal -0.41469324265624197 -0.9099612708765419 0
    outer loop
      vertex 20.743568796865812 46.590818339772646 0
      vertex 21.55353134877567 46.221697138869146 0
      vertex 20.743568796865812 46.590818339772646 20
    endloop
  endfacet
  facet normal -0.41469324265624197 -0.9099612708765419 0
    outer loop
      vertex 20.743568796865812 46.590818339772646 20
      vertex 21.55353134877567 46.221697138869146 0
      vertex 21.55353134877567 46.221697138869146 20
    endloop
  endfacet
  facet normal 0 0 1
    outer loop
      vertex 20.743568796865812 46.590818339772646 20
      vertex 21.55353134877567 46.221697138869146 20
      vertex 51.5 51.25 20
    endloop
  endfacet
  facet normal -0.4305110968082919 0.9025852843498622 0
    outer loop
      vertex 21.55353134877567 -46.221697138869146 0
      vertex 21.55353134877567 -46.221697138869146 20
      vertex 22.356928486242946 -45.83849636125752 20
    endloop
  endfacet
  facet normal 0 0 1
    outer loop
      vertex 21.55353134877567 -46.221697138869146 0
      vertex 22.356928486242946 -45.83849636125752 0
      vertex 22.356928486242946 45.83849636125752 0
    endloop
  endfacet
  facet normal -0.4305110968082919 0.9025852843498622 0
    outer loop
      vertex 21.55353134877567 -46.221697138869146 0
      vertex 22.356928486242946 -45.83849636125752 20
      vertex 22.356928486242946 -45.83849636125752 0
    endloop
  endfacet
  facet normal 0 0 1
    outer loop
      vertex 21.55353134877567 -46.221697138869146 0
      vertex 22.356928486242946 45.83849636125752 0
      vertex 21.55353134877567 46.221697138869146 0
    endloop
  endfacet
  facet normal 0 0 1
    outer loop
      vertex 21.55353134877567 -46.221697138869146 20
      vertex 51.5 -51.25 20
      vertex 22.356928486242946 -45.83849636125752 20
    endloop
  endfacet
  facet normal -0.4305110968082919 -0.9025852843498622 0
    outer loop
      vertex 21.55353134877567 46.221697138869146 0
      vertex 22.356928486242946 45.83849636125752 0
      vertex 21.55353134877567 46.221697138869146 20
    endloop
  endfacet
  facet normal -0.4305110968082919 -0.9025852843498622 0
    outer loop
      vertex 21.55353134877567 46.221697138869146 20
      vertex 22.356928486242946 45.83849636125752 0
      vertex 22.356928486242946 45.83849636125752 20
    endloop
  endfacet
  facet normal 0 0 1
    outer loop
      vertex 21.55353134877567 46.221697138869146 20
      vertex 22.356928486242946 45.83849636125752 20
      vertex 51.5 51.25 20
    endloop
  endfacet
  facet normal -0.4461978131098086 0.8949343616020252 0
    outer loop
      vertex 22.356928486242946 -45.83849636125752 0
      vertex 22.356928486242946 -45.83849636125752 20
      vertex 23.153515486716884 -45.441332733606764 20
    endloop
  endfacet
  facet normal 0 0 1
    outer loop
      vertex 22.356928486242946 -45.83849636125752 0
      vertex 23.153515486716884 -45.441332733606764 0
      vertex 23.153515486716884 45.441332733606764 0
    endloop
  endfacet
  facet normal -0.4461978131098086 0.8949343616020252 0
    outer loop
      vertex 22.356928486242946 -45.83849636125752 0
      vertex 23.153515486716884 -45.441332733606764 20
      vertex 23.153515486716884 -45.441332733606764 0
    endloop
  endfacet
  facet normal 0 0 1
    outer loop
      vertex 22.356928486242946 -45.83849636125752 0
      vertex 23.153515486716884 45.441332733606764 0
      vertex 22.356928486242946 45.83849636125752 0
    endloop
  endfacet
  facet normal 0 0 1
    outer loop
      vertex 22.356928486242946 -45.83849636125752 20
      vertex 51.5 -51.25 20
      vertex 23.153515486716884 -45.441332733606764 20
    endloop
  endfacet
  facet normal -0.4461978131098086 -0.8949343616020252 0
    outer loop
      vertex 22.356928486242946 45.83849636125752 0
      vertex 23.153515486716884 45.441332733606764 0
      vertex 22.356928486242946 45.83849636125752 20
    endloop
  endfacet
  facet normal -0.4461978131098086 -0.8949343616020252 0
    outer loop
      vertex 22.356928486242946 45.83849636125752 20
      vertex 23.153515486716884 45.441332733606764 0
      vertex 23.153515486716884 45.441332733606764 20
    endloop
  endfacet
  facet normal 0 0 1
    outer loop
      vertex 22.356928486242946 45.83849636125752 20
      vertex 23.153515486716884 45.441332733606764 20
      vertex 51.5 51.25 20
    endloop
  endfacet
  facet normal -0.46174861323503574 0.8870108331782208 0
    outer loop
      vertex 23.153515486716884 -45.441332733606764 0
      vertex 23.153515486716884 -45.441332733606764 20
      vertex 23.94304970208043 -45.030327235805274 20
    endloop
  endfacet
  facet normal 0 0 1
    outer loop
      vertex 23.153515486716884 -45.441332733606764 0
      vertex 23.94304970208043 -45.030327235805274 0
      vertex 23.94304970208043 45.030327235805274 0
    endloop
  endfacet
  facet normal -0.46174861323503574 0.8870108331782208 0
    outer loop
      vertex 23.153515486716884 -45.441332733606764 0
      vertex 23.94304970208043 -45.030327235805274 20
      vertex 23.94304970208043 -45.030327235805274 0
    endloop
  endfacet
  facet normal 0 0 1
    outer loop
      vertex 23.153515486716884 -45.441332733606764 0
      vertex 23.94304970208043 45.030327235805274 0
      vertex 23.153515486716884 45.441332733606764 0
    endloop
  endfacet
  facet normal 0 0 1
    outer loop
      vertex 23.153515486716884 -45.441332733606764 20
      vertex 51.5 -51.25 20
      vertex 23.94304970208043 -45.030327235805274 20
    endloop
  endfacet
  facet normal -0.46174861323503574 -0.8870108331782208 0
    outer loop
      vertex 23.153515486716884 45.441332733606764 0
      vertex 23.94304970208043 45.030327235805274 0
      vertex 23.153515486716884 45.441332733606764 20
    endloop
  endfacet
  facet normal -0.46174861323503574 -0.8870108331782208 0
    outer loop
      vertex 23.153515486716884 45.441332733606764 20
      vertex 23.94304970208043 45.030327235805274 0
      vertex 23.94304970208043 45.030327235805274 20
    endloop
  endfacet
  facet normal 0 0 1
    outer loop
      vertex 23.153515486716884 45.441332733606764 20
      vertex 23.94304970208043 45.030327235805274 20
      vertex 51.5 51.25 20
    endloop
  endfacet
  facet normal -0.47715876025960846 0.8788171126619653 0
    outer loop
      vertex 23.94304970208043 -45.030327235805274 0
      vertex 23.94304970208043 -45.030327235805274 20
      vertex 24.72529063256319 -44.605605064109184 20
    endloop
  endfacet
  facet normal 0 0 1
    outer loop
      vertex 23.94304970208043 -45.030327235805274 0
      vertex 24.72529063256319 -44.605605064109184 0
      vertex 24.72529063256319 44.605605064109184 0
    endloop
  endfacet
  facet normal -0.47715876025960846 0.8788171126619653 0
    outer loop
      vertex 23.94304970208043 -45.030327235805274 0
      vertex 24.72529063256319 -44.605605064109184 20
      vertex 24.72529063256319 -44.605605064109184 0
    endloop
  endfacet
  facet normal 0 0 1
    outer loop
      vertex 23.94304970208043 -45.030327235805274 0
      vertex 24.72529063256319 44.605605064109184 0
      vertex 23.94304970208043 45.030327235805274 0
    endloop
  endfacet
  facet normal 0 0 1
    outer loop
      vertex 23.94304970208043 -45.030327235805274 20
      vertex 51.5 -51.25 20
      vertex 24.72529063256319 -44.605605064109184 20
    endloop
  endfacet
  facet normal -0.47715876025960846 -0.8788171126619653 0
    outer loop
      vertex 23.94304970208043 45.030327235805274 0
      vertex 24.72529063256319 44.605605064109184 0
      vertex 23.94304970208043 45.030327235805274 20
    endloop
  endfacet
  facet normal -0.47715876025960846 -0.8788171126619653 0
    outer loop
      vertex 23.94304970208043 45.030327235805274 20
      vertex 24.72529063256319 44.605605064109184 0
      vertex 24.72529063256319 44.605605064109184 20
    endloop
  endfacet
  facet normal 0 0 1
    outer loop
      vertex 23.94304970208043 45.030327235805274 20
      vertex 24.72529063256319 44.605605064109184 20
      vertex 51.5 51.25 20
    endloop
  endfacet
  facet normal -0.4924235601034718 0.8703556959398969 0
    outer loop
      vertex 24.72529063256319 -44.605605064109184 0
      vertex 24.72529063256319 -44.605605064109184 20
      vertex 25.5 -44.167295593006365 20
    endloop
  endfacet
  facet normal 0 0 1
    outer loop
      vertex 24.72529063256319 -44.605605064109184 0
      vertex 25.5 -44.167295593006365 0
      vertex 25.5 44.167295593006365 0
    endloop
  endfacet
  facet normal -0.4924235601034718 0.8703556959398969 0
    outer loop
      vertex 24.72529063256319 -44.605605064109184 0
      vertex 25.5 -44.167295593006365 20
      vertex 25.5 -44.167295593006365 0
    endloop
  endfacet
  facet normal 0 0 1
    outer loop
      vertex 24.72529063256319 -44.605605064109184 0
      vertex 25.5 44.167295593006365 0
      vertex 24.72529063256319 44.605605064109184 0
    endloop
  endfacet
  facet normal 0 0 1
    outer loop
      vertex 24.72529063256319 -44.605605064109184 20
      vertex 51.5 -51.25 20
      vertex 25.5 -44.167295593006365 20
    endloop
  endfacet
  facet normal -0.4924235601034718 -0.8703556959398969 0
    outer loop
      vertex 24.72529063256319 44.605605064109184 0
      vertex 25.5 44.167295593006365 0
      vertex 24.72529063256319 44.605605064109184 20
    endloop
  endfacet
  facet normal -0.4924235601034718 -0.8703556959398969 0
    outer loop
      vertex 24.72529063256319 44.605605064109184 20
      vertex 25.5 44.167295593006365 0
      vertex 25.5 44.167295593006365 20
    endloop
  endfacet
  facet normal 0 0 1
    outer loop
      vertex 24.72529063256319 44.605605064109184 20
      vertex 25.5 44.167295593006365 20
      vertex 51.5 51.25 20
    endloop
  endfacet
  facet normal -0.5075383629606987 0.861629160441529 0
    outer loop
      vertex 25.5 -44.167295593006365 0
      vertex 25.5 -44.167295593006365 20
      vertex 26.26694182041276 -43.71553233580773 20
    endloop
  endfacet
  facet normal 0 0 1
    outer loop
      vertex 25.5 -44.167295593006365 0
      vertex 26.26694182041276 -43.71553233580773 0
      vertex 26.26694182041276 43.71553233580773 0
    endloop
  endfacet
  facet normal -0.5075383629606987 0.861629160441529 0
    outer loop
      vertex 25.5 -44.167295593006365 0
      vertex 26.26694182041276 -43.71553233580773 20
      vertex 26.26694182041276 -43.71553233580773 0
    endloop
  endfacet
  facet normal 0 0 1
    outer loop
      vertex 25.5 -44.167295593006365 0
      vertex 26.26694182041276 43.71553233580773 0
      vertex 25.5 44.167295593006365 0
    endloop
  endfacet
  facet normal 0 0 1
    outer loop
      vertex 25.5 -44.167295593006365 20
      vertex 51.5 -51.25 20
      vertex 26.26694182041276 -43.71553233580773 20
    endloop
  endfacet
  facet normal -0.5075383629606987 -0.861629160441529 0
    outer loop
      vertex 25.5 44.167295593006365 0
      vertex 26.26694182041276 43.71553233580773 0
      vertex 25.5 44.167295593006365 20
    endloop
  endfacet
  facet normal -0.5075383629606987 -0.861629160441529 0
    outer loop
      vertex 25.5 44.167295593006365 20
      vertex 26.26694182041276 43.71553233580773 0
      vertex 26.26694182041276 43.71553233580773 20
    endloop
  endfacet
  facet normal 0 0 1
    outer loop
      vertex 25.5 44.167295593006365 20
      vertex 26.26694182041276 43.71553233580773 20
      vertex 51.5 51.25 20
    endloop
  endfacet
  facet normal -0.5224985647159511 0.8526401643540907 0
    outer loop
      vertex 26.26694182041276 -43.71553233580773 0
      vertex 26.26694182041276 -43.71553233580773 20
      vertex 27.02588247589345 -43.250452903977724 20
    endloop
  endfacet
  facet normal 0 0 1
    outer loop
      vertex 26.26694182041276 -43.71553233580773 0
      vertex 27.02588247589345 -43.250452903977724 0
      vertex 27.02588247589345 43.250452903977724 0
    endloop
  endfacet
  facet normal -0.5224985647159511 0.8526401643540907 0
    outer loop
      vertex 26.26694182041276 -43.71553233580773 0
      vertex 27.02588247589345 -43.250452903977724 20
      vertex 27.02588247589345 -43.250452903977724 0
    endloop
  endfacet
  facet normal 0 0 1
    outer loop
      vertex 26.26694182041276 -43.71553233580773 0
      vertex 27.02588247589345 43.250452903977724 0
      vertex 26.26694182041276 43.71553233580773 0
    endloop
  endfacet
  facet normal 0 0 1
    outer loop
      vertex 26.26694182041276 -43.71553233580773 20
      vertex 51.5 -51.25 20
      vertex 27.02588247589345 -43.250452903977724 20
    endloop
  endfacet
  facet normal -0.5224985647159511 -0.8526401643540907 0
    outer loop
      vertex 26.26694182041276 43.71553233580773 0
      vertex 27.02588247589345 43.250452903977724 0
      vertex 26.26694182041276 43.71553233580773 20
    endloop
  endfacet
  facet normal -0.5224985647159511 -0.8526401643540907 0
    outer loop
      vertex 26.26694182041276 43.71553233580773 20
      vertex 27.02588247589345 43.250452903977724 0
      vertex 27.02588247589345 43.250452903977724 20
    endloop
  endfacet
  facet normal 0 0 1
    outer loop
      vertex 26.26694182041276 43.71553233580773 20
      vertex 27.02588247589345 43.250452903977724 20
      vertex 51.5 51.25 20
    endloop
  endfacet
  facet normal -0.5372996083468234 0.843391445812886 0
    outer loop
      vertex 27.02588247589345 -43.250452903977724 0
      vertex 27.02588247589345 -43.250452903977724 20
      vertex 27.77659078576638 -42.772198965216624 20
    endloop
  endfacet
  facet normal 0 0 1
    outer loop
      vertex 27.02588247589345 -43.250452903977724 0
      vertex 27.77659078576638 -42.772198965216624 0
      vertex 27.77659078576638 42.772198965216624 0
    endloop
  endfacet
  facet normal -0.5372996083468234 0.843391445812886 0
    outer loop
      vertex 27.02588247589345 -43.250452903977724 0
      vertex 27.77659078576638 -42.772198965216624 20
      vertex 27.77659078576638 -42.772198965216624 0
    endloop
  endfacet
  facet normal 0 0 1
    outer loop
      vertex 27.02588247589345 -43.250452903977724 0
      vertex 27.77659078576638 42.772198965216624 0
      vertex 27.02588247589345 43.250452903977724 0
    endloop
  endfacet
  facet normal 0 0 1
    outer loop
      vertex 27.02588247589345 -43.250452903977724 20
      vertex 51.5 -51.25 20
      vertex 27.77659078576638 -42.772198965216624 20
    endloop
  endfacet
  facet normal -0.5372996083468234 -0.843391445812886 0
    outer loop
      vertex 27.02588247589345 43.250452903977724 0
      vertex 27.77659078576638 42.772198965216624 0
      vertex 27.02588247589345 43.250452903977724 20
    endloop
  endfacet
  facet normal -0.5372996083468234 -0.843391445812886 0
    outer loop
      vertex 27.02588247589345 43.250452903977724 20
      vertex 27.77659078576638 42.772198965216624 0
      vertex 27.77659078576638 42.772198965216624 20
    endloop
  endfacet
  facet normal 0 0 1
    outer loop
      vertex 27.02588247589345 43.250452903977724 20
      vertex 27.77659078576638 42.772198965216624 20
      vertex 51.5 51.25 20
    endloop
  endfacet
  facet normal -0.5519369853120564 0.8338858220671693 0
    outer loop
      vertex 27.77659078576638 -42.772198965216624 0
      vertex 27.77659078576638 -42.772198965216624 20
      vertex 28.51883807700809 -42.280916200307125 20
    endloop
  endfacet
  facet normal 0 0 1
    outer loop
      vertex 27.77659078576638 -42.772198965216624 0
      vertex 28.51883807700809 -42.280916200307125 0
      vertex 28.51883807700809 42.280916200307125 0
    endloop
  endfacet
  facet normal -0.5519369853120564 0.8338858220671693 0
    outer loop
      vertex 27.77659078576638 -42.772198965216624 0
      vertex 28.51883807700809 -42.280916200307125 20
      vertex 28.51883807700809 -42.280916200307125 0
    endloop
  endfacet
  facet normal 0 0 1
    outer loop
      vertex 27.77659078576638 -42.772198965216624 0
      vertex 28.51883807700809 42.280916200307125 0
      vertex 27.77659078576638 42.772198965216624 0
    endloop
  endfacet
  facet normal 0 0 1
    outer loop
      vertex 27.77659078576638 -42.772198965216624 20
      vertex 51.5 -51.25 20
      vertex 28.51883807700809 -42.280916200307125 20
    endloop
  endfacet
  facet normal -0.5519369853120564 -0.8338858220671693 0
    outer loop
      vertex 27.77659078576638 42.772198965216624 0
      vertex 28.51883807700809 42.280916200307125 0
      vertex 27.77659078576638 42.772198965216624 20
    endloop
  endfacet
  facet normal -0.5519369853120564 -0.8338858220671693 0
    outer loop
      vertex 27.77659078576638 42.772198965216624 20
      vertex 28.51883807700809 42.280916200307125 0
      vertex 28.51883807700809 42.280916200307125 20
    endloop
  endfacet
  facet normal 0 0 1
    outer loop
      vertex 27.77659078576638 42.772198965216624 20
      vertex 28.51883807700809 42.280916200307125 20
      vertex 51.5 51.25 20
    endloop
  endfacet
  facet normal -0.5664062369248325 0.824126188622016 0
    outer loop
      vertex 28.51883807700809 -42.280916200307125 0
      vertex 28.51883807700809 -42.280916200307125 20
      vertex 29.252398253903348 -41.776754258738585 20
    endloop
  endfacet
  facet normal 0 0 1
    outer loop
      vertex 28.51883807700809 -42.280916200307125 0
      vertex 29.252398253903348 -41.776754258738585 0
      vertex 29.252398253903348 41.776754258738585 0
    endloop
  endfacet
  facet normal -0.5664062369248325 0.824126188622016 0
    outer loop
      vertex 28.51883807700809 -42.280916200307125 0
      vertex 29.252398253903348 -41.776754258738585 20
      vertex 29.252398253903348 -41.776754258738585 0
    endloop
  endfacet
  facet normal 0 0 1
    outer loop
      vertex 28.51883807700809 -42.280916200307125 0
      vertex 29.252398253903348 41.776754258738585 0
      vertex 28.51883807700809 42.280916200307125 0
    endloop
  endfacet
  facet normal 0 0 1
    outer loop
      vertex 28.51883807700809 -42.280916200307125 20
      vertex 51.5 -51.25 20
      vertex 29.252398253903348 -41.776754258738585 20
    endloop
  endfacet
  facet normal -0.5664062369248325 -0.824126188622016 0
    outer loop
      vertex 28.51883807700809 42.280916200307125 0
      vertex 29.252398253903348 41.776754258738585 0
      vertex 28.51883807700809 42.280916200307125 20
    endloop
  endfacet
  facet normal -0.5664062369248325 -0.824126188622016 0
    outer loop
      vertex 28.51883807700809 42.280916200307125 20
      vertex 29.252398253903348 41.776754258738585 0
      vertex 29.252398253903348 41.776754258738585 20
    endloop
  endfacet
  facet normal 0 0 1
    outer loop
      vertex 28.51883807700809 42.280916200307125 20
      vertex 29.252398253903348 41.776754258738585 20
      vertex 51.5 51.25 20
    endloop
  endfacet
  facet normal -0.5807029557109383 0.8141155183563202 0
    outer loop
      vertex 29.252398253903348 -41.776754258738585 0
      vertex 29.252398253903348 -41.776754258738585 20
      vertex 29.97704786691613 -41.25986671312232 20
    endloop
  endfacet
  facet normal 0 0 1
    outer loop
      vertex 29.252398253903348 -41.776754258738585 0
      vertex 29.97704786691613 -41.25986671312232 0
      vertex 29.97704786691613 41.25986671312232 0
    endloop
  endfacet
  facet normal -0.5807029557109383 0.8141155183563202 0
    outer loop
      vertex 29.252398253903348 -41.776754258738585 0
      vertex 29.97704786691613 -41.25986671312232 20
      vertex 29.97704786691613 -41.25986671312232 0
    endloop
  endfacet
  facet normal 0 0 1
    outer loop
      vertex 29.252398253903348 -41.776754258738585 0
      vertex 29.97704786691613 41.25986671312232 0
      vertex 29.252398253903348 41.776754258738585 0
    endloop
  endfacet
  facet normal 0 0 1
    outer loop
      vertex 29.252398253903348 -41.776754258738585 20
      vertex 51.5 -51.25 20
      vertex 29.97704786691613 -41.25986671312232 20
    endloop
  endfacet
  facet normal -0.5807029557109383 -0.8141155183563202 0
    outer loop
      vertex 29.252398253903348 41.776754258738585 0
      vertex 29.97704786691613 41.25986671312232 0
      vertex 29.252398253903348 41.776754258738585 20
    endloop
  endfacet
  facet normal -0.5807029557109383 -0.8141155183563202 0
    outer loop
      vertex 29.252398253903348 41.776754258738585 20
      vertex 29.97704786691613 41.25986671312232 0
      vertex 29.97704786691613 41.25986671312232 20
    endloop
  endfacet
  facet normal 0 0 1
    outer loop
      vertex 29.252398253903348 41.776754258738585 20
      vertex 29.97704786691613 41.25986671312232 20
      vertex 51.5 51.25 20
    endloop
  endfacet
  facet normal -0.5948227867513443 0.803856860617215 0
    outer loop
      vertex 29.97704786691613 -41.25986671312232 0
      vertex 29.97704786691613 -41.25986671312232 20
      vertex 30.69256618075446 -40.730411012411935 20
    endloop
  endfacet
  facet normal 0 0 1
    outer loop
      vertex 29.97704786691613 -41.25986671312232 0
      vertex 30.69256618075446 -40.730411012411935 0
      vertex 30.69256618075446 40.730411012411935 0
    endloop
  endfacet
  facet normal -0.5948227867513443 0.803856860617215 0
    outer loop
      vertex 29.97704786691613 -41.25986671312232 0
      vertex 30.69256618075446 -40.730411012411935 20
      vertex 30.69256618075446 -40.730411012411935 0
    endloop
  endfacet
  facet normal 0 0 1
    outer loop
      vertex 29.97704786691613 -41.25986671312232 0
      vertex 30.69256618075446 40.730411012411935 0
      vertex 29.97704786691613 41.25986671312232 0
    endloop
  endfacet
  facet normal 0 0 1
    outer loop
      vertex 29.97704786691613 -41.25986671312232 20
      vertex 51.5 -51.25 20
      vertex 30.69256618075446 -40.730411012411935 20
    endloop
  endfacet
  facet normal -0.5948227867513443 -0.803856860617215 0
    outer loop
      vertex 29.97704786691613 41.25986671312232 0
      vertex 30.69256618075446 40.730411012411935 0
      vertex 29.97704786691613 41.25986671312232 20
    endloop
  endfacet
  facet normal -0.5948227867513443 -0.803856860617215 0
    outer loop
      vertex 29.97704786691613 41.25986671312232 20
      vertex 30.69256618075446 40.730411012411935 0
      vertex 30.69256618075446 40.730411012411935 20
    endloop
  endfacet
  facet normal 0 0 1
    outer loop
      vertex 29.97704786691613 41.25986671312232 20
      vertex 30.69256618075446 40.730411012411935 20
      vertex 51.5 51.25 20
    endloop
  endfacet
  facet normal -0.6087614290087189 0.7933533402912365 0
    outer loop
      vertex 30.69256618075446 -40.730411012411935 0
      vertex 30.69256618075446 -40.730411012411935 20
      vertex 31.398735241608573 -40.18854843394282 20
    endloop
  endfacet
  facet normal 0 0 1
    outer loop
      vertex 30.69256618075446 -40.730411012411935 0
      vertex 31.398735241608573 -40.18854843394282 0
      vertex 31.398735241608573 40.18854843394282 0
    endloop
  endfacet
  facet normal -0.6087614290087189 0.7933533402912365 0
    outer loop
      vertex 30.69256618075446 -40.730411012411935 0
      vertex 31.398735241608573 -40.18854843394282 20
      vertex 31.398735241608573 -40.18854843394282 0
    endloop
  endfacet
  facet normal 0 0 1
    outer loop
      vertex 30.69256618075446 -40.730411012411935 0
      vertex 31.398735241608573 40.18854843394282 0
      vertex 30.69256618075446 40.730411012411935 0
    endloop
  endfacet
  facet normal 0 0 1
    outer loop
      vertex 30.69256618075446 -40.730411012411935 20
      vertex 51.5 -51.25 20
      vertex 31.398735241608573 -40.18854843394282 20
    endloop
  endfacet
  facet normal -0.6087614290087189 -0.7933533402912365 0
    outer loop
      vertex 30.69256618075446 40.730411012411935 0
      vertex 31.398735241608573 40.18854843394282 0
      vertex 30.69256618075446 40.730411012411935 20
    endloop
  endfacet
  facet normal -0.6087614290087189 -0.7933533402912365 0
    outer loop
      vertex 30.69256618075446 40.730411012411935 20
      vertex 31.398735241608573 40.18854843394282 0
      vertex 31.398735241608573 40.18854843394282 20
    endloop
  endfacet
  facet normal 0 0 1
    outer loop
      vertex 30.69256618075446 40.730411012411935 20
      vertex 31.398735241608573 40.18854843394282 20
      vertex 51.5 51.25 20
    endloop
  endfacet
  facet normal -0.6225146366376193 0.782608156852414 0
    outer loop
      vertex 31.398735241608573 -40.18854843394282 0
      vertex 31.398735241608573 -40.18854843394282 20
      vertex 32.09533994354171 -39.63444403430552 20
    endloop
  endfacet
  facet normal 0 0 1
    outer loop
      vertex 31.398735241608573 -40.18854843394282 0
      vertex 32.09533994354171 -39.63444403430552 0
      vertex 32.09533994354171 39.63444403430552 0
    endloop
  endfacet
  facet normal -0.6225146366376193 0.782608156852414 0
    outer loop
      vertex 31.398735241608573 -40.18854843394282 0
      vertex 32.09533994354171 -39.63444403430552 20
      vertex 32.09533994354171 -39.63444403430552 0
    endloop
  endfacet
  facet normal 0 0 1
    outer loop
      vertex 31.398735241608573 -40.18854843394282 0
      vertex 32.09533994354171 39.63444403430552 0
      vertex 31.398735241608573 40.18854843394282 0
    endloop
  endfacet
  facet normal 0 0 1
    outer loop
      vertex 31.398735241608573 -40.18854843394282 20
      vertex 51.5 -51.25 20
      vertex 32.09533994354171 -39.63444403430552 20
    endloop
  endfacet
  facet normal -0.6225146366376193 -0.782608156852414 0
    outer loop
      vertex 31.398735241608573 40.18854843394282 0
      vertex 32.09533994354171 39.63444403430552 0
      vertex 31.398735241608573 40.18854843394282 20
    endloop
  endfacet
  facet normal -0.6225146366376193 -0.782608156852414 0
    outer loop
      vertex 31.398735241608573 40.18854843394282 20
      vertex 32.09533994354171 39.63444403430552 0
      vertex 32.09533994354171 39.63444403430552 20
    endloop
  endfacet
  facet normal 0 0 1
    outer loop
      vertex 31.398735241608573 40.18854843394282 20
      vertex 32.09533994354171 39.63444403430552 20
      vertex 51.5 51.25 20
    endloop
  endfacet
  facet normal -0.6360782202777711 0.7716245833877139 0
    outer loop
      vertex 32.09533994354171 -39.63444403430552 0
      vertex 32.09533994354171 -39.63444403430552 20
      vertex 32.7821680940135 -39.068266599067876 20
    endloop
  endfacet
  facet normal 0 0 1
    outer loop
      vertex 32.09533994354171 -39.63444403430552 0
      vertex 32.7821680940135 -39.068266599067876 0
      vertex 32.7821680940135 39.068266599067876 0
    endloop
  endfacet
  facet normal -0.6360782202777711 0.7716245833877139 0
    outer loop
      vertex 32.09533994354171 -39.63444403430552 0
      vertex 32.7821680940135 -39.068266599067876 20
      vertex 32.7821680940135 -39.068266599067876 0
    endloop
  endfacet
  facet normal 0 0 1
    outer loop
      vertex 32.09533994354171 -39.63444403430552 0
      vertex 32.7821680940135 39.068266599067876 0
      vertex 32.09533994354171 39.63444403430552 0
    endloop
  endfacet
  facet normal 0 0 1
    outer loop
      vertex 32.09533994354171 -39.63444403430552 20
      vertex 51.5 -51.25 20
      vertex 32.7821680940135 -39.068266599067876 20
    endloop
  endfacet
  facet normal -0.6360782202777711 -0.7716245833877139 0
    outer loop
      vertex 32.09533994354171 39.63444403430552 0
      vertex 32.7821680940135 39.068266599067876 0
      vertex 32.09533994354171 39.63444403430552 20
    endloop
  endfacet
  facet normal -0.6360782202777711 -0.7716245833877139 0
    outer loop
      vertex 32.09533994354171 39.63444403430552 20
      vertex 32.7821680940135 39.068266599067876 0
      vertex 32.7821680940135 39.068266599067876 20
    endloop
  endfacet
  facet normal 0 0 1
    outer loop
      vertex 32.09533994354171 39.63444403430552 20
      vertex 32.7821680940135 39.068266599067876 20
      vertex 51.5 51.25 20
    endloop
  endfacet
  facet normal -0.6494480483301763 0.7604059656000373 0
    outer loop
      vertex 32.7821680940135 -39.068266599067876 0
      vertex 32.7821680940135 -39.068266599067876 20
      vertex 33.45901047851587 -38.490188591361374 20
    endloop
  endfacet
  facet normal 0 0 1
    outer loop
      vertex 32.7821680940135 -39.068266599067876 0
      vertex 33.45901047851587 -38.490188591361374 0
      vertex 33.45901047851587 38.490188591361374 0
    endloop
  endfacet
  facet normal -0.6494480483301763 0.7604059656000373 0
    outer loop
      vertex 32.7821680940135 -39.068266599067876 0
      vertex 33.45901047851587 -38.490188591361374 20
      vertex 33.45901047851587 -38.490188591361374 0
    endloop
  endfacet
  facet normal 0 0 1
    outer loop
      vertex 32.7821680940135 -39.068266599067876 0
      vertex 33.45901047851587 38.490188591361374 0
      vertex 32.7821680940135 39.068266599067876 0
    endloop
  endfacet
  facet normal 0 0 1
    outer loop
      vertex 32.7821680940135 -39.068266599067876 20
      vertex 51.5 -51.25 20
      vertex 33.45901047851587 -38.490188591361374 20
    endloop
  endfacet
  facet normal -0.6494480483301763 -0.7604059656000373 0
    outer loop
      vertex 32.7821680940135 39.068266599067876 0
      vertex 33.45901047851587 38.490188591361374 0
      vertex 32.7821680940135 39.068266599067876 20
    endloop
  endfacet
  facet normal -0.6494480483301763 -0.7604059656000373 0
    outer loop
      vertex 32.7821680940135 39.068266599067876 20
      vertex 33.45901047851587 38.490188591361374 0
      vertex 33.45901047851587 38.490188591361374 20
    endloop
  endfacet
  facet normal 0 0 1
    outer loop
      vertex 32.7821680940135 39.068266599067876 20
      vertex 33.45901047851587 38.490188591361374 20
      vertex 51.5 51.25 20
    endloop
  endfacet
  facet normal -0.6626200482157365 0.7489557207890031 0
    outer loop
      vertex 33.45901047851587 -38.490188591361374 0
      vertex 33.45901047851587 -38.490188591361374 20
      vertex 34.12566092430177 -37.90038609934711 20
    endloop
  endfacet
  facet normal 0 0 1
    outer loop
      vertex 33.45901047851587 -38.490188591361374 0
      vertex 34.12566092430177 -37.90038609934711 0
      vertex 34.12566092430177 37.90038609934711 0
    endloop
  endfacet
  facet normal -0.6626200482157365 0.7489557207890031 0
    outer loop
      vertex 33.45901047851587 -38.490188591361374 0
      vertex 34.12566092430177 -37.90038609934711 20
      vertex 34.12566092430177 -37.90038609934711 0
    endloop
  endfacet
  facet normal 0 0 1
    outer loop
      vertex 33.45901047851587 -38.490188591361374 0
      vertex 34.12566092430177 37.90038609934711 0
      vertex 33.45901047851587 38.490188591361374 0
    endloop
  endfacet
  facet normal 0 0 1
    outer loop
      vertex 33.45901047851587 -38.490188591361374 20
      vertex 51.5 -51.25 20
      vertex 34.12566092430177 -37.90038609934711 20
    endloop
  endfacet
  facet normal -0.6626200482157365 -0.7489557207890031 0
    outer loop
      vertex 33.45901047851587 38.490188591361374 0
      vertex 34.12566092430177 37.90038609934711 0
      vertex 33.45901047851587 38.490188591361374 20
    endloop
  endfacet
  facet normal -0.6626200482157365 -0.7489557207890031 0
    outer loop
      vertex 33.45901047851587 38.490188591361374 20
      vertex 34.12566092430177 37.90038609934711 0
      vertex 34.12566092430177 37.90038609934711 20
    endloop
  endfacet
  facet normal 0 0 1
    outer loop
      vertex 33.45901047851587 38.490188591361374 20
      vertex 34.12566092430177 37.90038609934711 20
      vertex 51.5 51.25 20
    endloop
  endfacet
  facet normal -0.6755902076156632 0.7372773368101214 0
    outer loop
      vertex 34.12566092430177 -37.90038609934711 0
      vertex 34.12566092430177 -37.90038609934711 20
      vertex 34.78191636318742 -37.299038782577696 20
    endloop
  endfacet
  facet normal 0 0 1
    outer loop
      vertex 34.12566092430177 -37.90038609934711 0
      vertex 34.78191636318742 -37.299038782577696 0
      vertex 34.78191636318742 37.299038782577696 0
    endloop
  endfacet
  facet normal -0.6755902076156632 0.7372773368101214 0
    outer loop
      vertex 34.12566092430177 -37.90038609934711 0
      vertex 34.78191636318742 -37.299038782577696 20
      vertex 34.78191636318742 -37.299038782577696 0
    endloop
  endfacet
  facet normal 0 0 1
    outer loop
      vertex 34.12566092430177 -37.90038609934711 0
      vertex 34.78191636318742 37.299038782577696 0
      vertex 34.12566092430177 37.90038609934711 0
    endloop
  endfacet
  facet normal 0 0 1
    outer loop
      vertex 34.12566092430177 -37.90038609934711 20
      vertex 51.5 -51.25 20
      vertex 34.78191636318742 -37.299038782577696 20
    endloop
  endfacet
  facet normal -0.6755902076156632 -0.7372773368101214 0
    outer loop
      vertex 34.12566092430177 37.90038609934711 0
      vertex 34.78191636318742 37.299038782577696 0
      vertex 34.12566092430177 37.90038609934711 20
    endloop
  endfacet
  facet normal -0.6755902076156632 -0.7372773368101214 0
    outer loop
      vertex 34.12566092430177 37.90038609934711 20
      vertex 34.78191636318742 37.299038782577696 0
      vertex 34.78191636318742 37.299038782577696 20
    endloop
  endfacet
  facet normal 0 0 1
    outer loop
      vertex 34.12566092430177 37.90038609934711 20
      vertex 34.78191636318742 37.299038782577696 20
      vertex 51.5 51.25 20
    endloop
  endfacet
  facet normal -0.6883545756937534 0.7253743710122882 0
    outer loop
      vertex 34.78191636318742 -37.299038782577696 0
      vertex 34.78191636318742 -37.299038782577696 20
      vertex 35.42757689340886 -36.68632981727121 20
    endloop
  endfacet
  facet normal 0 0 1
    outer loop
      vertex 34.78191636318742 -37.299038782577696 0
      vertex 35.42757689340886 -36.68632981727121 0
      vertex 35.42757689340886 36.68632981727121 0
    endloop
  endfacet
  facet normal -0.6883545756937534 0.7253743710122882 0
    outer loop
      vertex 34.78191636318742 -37.299038782577696 0
      vertex 35.42757689340886 -36.68632981727121 20
      vertex 35.42757689340886 -36.68632981727121 0
    endloop
  endfacet
  facet normal 0 0 1
    outer loop
      vertex 34.78191636318742 -37.299038782577696 0
      vertex 35.42757689340886 36.68632981727121 0
      vertex 34.78191636318742 37.299038782577696 0
    endloop
  endfacet
  facet normal 0 0 1
    outer loop
      vertex 34.78191636318742 -37.299038782577696 20
      vertex 51.5 -51.25 20
      vertex 35.42757689340886 -36.68632981727121 20
    endloop
  endfacet
  facet normal -0.6883545756937534 -0.7253743710122882 0
    outer loop
      vertex 34.78191636318742 37.299038782577696 0
      vertex 35.42757689340886 36.68632981727121 0
      vertex 34.78191636318742 37.299038782577696 20
    endloop
  endfacet
  facet normal -0.6883545756937534 -0.7253743710122882 0
    outer loop
      vertex 34.78191636318742 37.299038782577696 20
      vertex 35.42757689340886 36.68632981727121 0
      vertex 35.42757689340886 36.68632981727121 20
    endloop
  endfacet
  facet normal 0 0 1
    outer loop
      vertex 34.78191636318742 37.299038782577696 20
      vertex 35.42757689340886 36.68632981727121 20
      vertex 51.5 51.25 20
    endloop
  endfacet
  facet normal -0.7009092642998508 0.7132504491541815 0
    outer loop
      vertex 35.42757689340886 -36.68632981727121 0
      vertex 35.42757689340886 -36.68632981727121 20
      vertex 36.062445840513924 -36.062445840513924 20
    endloop
  endfacet
  facet normal 0 0 1
    outer loop
      vertex 35.42757689340886 -36.68632981727121 0
      vertex 36.062445840513924 -36.062445840513924 0
      vertex 36.062445840513924 36.062445840513924 0
    endloop
  endfacet
  facet normal -0.7009092642998508 0.7132504491541815 0
    outer loop
      vertex 35.42757689340886 -36.68632981727121 0
      vertex 36.062445840513924 -36.062445840513924 20
      vertex 36.062445840513924 -36.062445840513924 0
    endloop
  endfacet
  facet normal 0 0 1
    outer loop
      vertex 35.42757689340886 -36.68632981727121 0
      vertex 36.062445840513924 36.062445840513924 0
      vertex 35.42757689340886 36.68632981727121 0
    endloop
  endfacet
  facet normal 0 0 1
    outer loop
      vertex 35.42757689340886 -36.68632981727121 20
      vertex 51.5 -51.25 20
      vertex 36.062445840513924 -36.062445840513924 20
    endloop
  endfacet
  facet normal -0.7009092642998508 -0.7132504491541815 0
    outer loop
      vertex 35.42757689340886 36.68632981727121 0
      vertex 36.062445840513924 36.062445840513924 0
      vertex 35.42757689340886 36.68632981727121 20
    endloop
  endfacet
  facet normal -0.7009092642998508 -0.7132504491541815 0
    outer loop
      vertex 35.42757689340886 36.68632981727121 20
      vertex 36.062445840513924 36.062445840513924 0
      vertex 36.062445840513924 36.062445840513924 20
    endloop
  endfacet
  facet normal 0 0 1
    outer loop
      vertex 35.42757689340886 36.68632981727121 20
      vertex 36.062445840513924 36.062445840513924 20
      vertex 51.5 51.25 20
    endloop
  endfacet
  facet normal -0.7132504491541815 0.7009092642998508 0
    outer loop
      vertex 36.062445840513924 -36.062445840513924 0
      vertex 36.062445840513924 -36.062445840513924 20
      vertex 36.68632981727121 -35.42757689340886 0
    endloop
  endfacet
  facet normal 0 0 1
    outer loop
      vertex 36.062445840513924 -36.062445840513924 0
      vertex 36.68632981727121 -35.42757689340886 0
      vertex 36.68632981727121 35.42757689340886 0
    endloop
  endfacet
  facet normal 0 0 1
    outer loop
      vertex 36.062445840513924 -36.062445840513924 0
      vertex 36.68632981727121 35.42757689340886 0
      vertex 36.062445840513924 36.062445840513924 0
    endloop
  endfacet
  facet normal -0.7132504491541815 0.7009092642998508 0
    outer loop
      vertex 36.062445840513924 -36.062445840513924 20
      vertex 36.68632981727121 -35.42757689340886 20
      vertex 36.68632981727121 -35.42757689340886 0
    endloop
  endfacet
  facet normal 0 0 1
    outer loop
      vertex 36.062445840513924 -36.062445840513924 20
      vertex 51.5 -51.25 20
      vertex 36.68632981727121 -35.42757689340886 20
    endloop
  endfacet
  facet normal -0.7132504491541815 -0.7009092642998508 0
    outer loop
      vertex 36.062445840513924 36.062445840513924 0
      vertex 36.68632981727121 35.42757689340886 0
      vertex 36.68632981727121 35.42757689340886 20
    endloop
  endfacet
  facet normal -0.7132504491541815 -0.7009092642998508 0
    outer loop
      vertex 36.062445840513924 36.062445840513924 0
      vertex 36.68632981727121 35.42757689340886 20
      vertex 36.062445840513924 36.062445840513924 20
    endloop
  endfacet
  facet normal 0 0 1
    outer loop
      vertex 36.062445840513924 36.062445840513924 20
      vertex 36.68632981727121 35.42757689340886 20
      vertex 51.5 51.25 20
    endloop
  endfacet
  facet normal -0.7253743710122882 0.6883545756937534 0
    outer loop
      vertex 36.68632981727121 -35.42757689340886 0
      vertex 36.68632981727121 -35.42757689340886 20
      vertex 37.299038782577696 -34.78191636318742 0
    endloop
  endfacet
  facet normal 0 0 1
    outer loop
      vertex 36.68632981727121 -35.42757689340886 0
      vertex 37.299038782577696 -34.78191636318742 0
      vertex 37.299038782577696 34.78191636318742 0
    endloop
  endfacet
  facet normal 0 0 1
    outer loop
      vertex 36.68632981727121 -35.42757689340886 0
      vertex 37.299038782577696 34.78191636318742 0
      vertex 36.68632981727121 35.42757689340886 0
    endloop
  endfacet
  facet normal -0.7253743710122882 0.6883545756937534 0
    outer loop
      vertex 36.68632981727121 -35.42757689340886 20
      vertex 37.299038782577696 -34.78191636318742 20
      vertex 37.299038782577696 -34.78191636318742 0
    endloop
  endfacet
  facet normal 0 0 1
    outer loop
      vertex 36.68632981727121 -35.42757689340886 20
      vertex 51.5 -51.25 20
      vertex 37.299038782577696 -34.78191636318742 20
    endloop
  endfacet
  facet normal -0.7253743710122882 -0.6883545756937534 0
    outer loop
      vertex 36.68632981727121 35.42757689340886 0
      vertex 37.299038782577696 34.78191636318742 0
      vertex 37.299038782577696 34.78191636318742 20
    endloop
  endfacet
  facet normal -0.7253743710122882 -0.6883545756937534 0
    outer loop
      vertex 36.68632981727121 35.42757689340886 0
      vertex 37.299038782577696 34.78191636318742 20
      vertex 36.68632981727121 35.42757689340886 20
    endloop
  endfacet
  facet normal 0 0 1
    outer loop
      vertex 36.68632981727121 35.42757689340886 20
      vertex 37.299038782577696 34.78191636318742 20
      vertex 51.5 51.25 20
    endloop
  endfacet
  facet normal -0.7372773368101214 0.6755902076156632 0
    outer loop
      vertex 37.299038782577696 -34.78191636318742 0
      vertex 37.299038782577696 -34.78191636318742 20
      vertex 37.90038609934711 -34.12566092430177 0
    endloop
  endfacet
  facet normal 0 0 1
    outer loop
      vertex 37.299038782577696 -34.78191636318742 0
      vertex 37.90038609934711 -34.12566092430177 0
      vertex 37.90038609934711 34.12566092430177 0
    endloop
  endfacet
  facet normal 0 0 1
    outer loop
      vertex 37.299038782577696 -34.78191636318742 0
      vertex 37.90038609934711 34.12566092430177 0
      vertex 37.299038782577696 34.78191636318742 0
    endloop
  endfacet
  facet normal -0.7372773368101214 0.6755902076156632 0
    outer loop
      vertex 37.299038782577696 -34.78191636318742 20
      vertex 37.90038609934711 -34.12566092430177 20
      vertex 37.90038609934711 -34.12566092430177 0
    endloop
  endfacet
  facet normal 0 0 1
    outer loop
      vertex 37.299038782577696 -34.78191636318742 20
      vertex 51.5 -51.25 20
      vertex 37.90038609934711 -34.12566092430177 20
    endloop
  endfacet
  facet normal -0.7372773368101214 -0.6755902076156632 0
    outer loop
      vertex 37.299038782577696 34.78191636318742 0
      vertex 37.90038609934711 34.12566092430177 0
      vertex 37.90038609934711 34.12566092430177 20
    endloop
  endfacet
  facet normal -0.7372773368101214 -0.6755902076156632 0
    outer loop
      vertex 37.299038782577696 34.78191636318742 0
      vertex 37.90038609934711 34.12566092430177 20
      vertex 37.299038782577696 34.78191636318742 20
    endloop
  endfacet
  facet normal 0 0 1
    outer loop
      vertex 37.299038782577696 34.78191636318742 20
      vertex 37.90038609934711 34.12566092430177 20
      vertex 51.5 51.25 20
    endloop
  endfacet
  facet normal -0.7489557207890031 0.6626200482157365 0
    outer loop
      vertex 37.90038609934711 -34.12566092430177 0
      vertex 37.90038609934711 -34.12566092430177 20
      vertex 38.490188591361374 -33.45901047851587 0
    endloop
  endfacet
  facet normal 0 0 1
    outer loop
      vertex 37.90038609934711 -34.12566092430177 0
      vertex 38.490188591361374 -33.45901047851587 0
      vertex 38.490188591361374 33.45901047851587 0
    endloop
  endfacet
  facet normal 0 0 1
    outer loop
      vertex 37.90038609934711 -34.12566092430177 0
      vertex 38.490188591361374 33.45901047851587 0
      vertex 37.90038609934711 34.12566092430177 0
    endloop
  endfacet
  facet normal -0.7489557207890031 0.6626200482157365 0
    outer loop
      vertex 37.90038609934711 -34.12566092430177 20
      vertex 38.490188591361374 -33.45901047851587 20
      vertex 38.490188591361374 -33.45901047851587 0
    endloop
  endfacet
  facet normal 0 0 1
    outer loop
      vertex 37.90038609934711 -34.12566092430177 20
      vertex 51.5 -51.25 20
      vertex 38.490188591361374 -33.45901047851587 20
    endloop
  endfacet
  facet normal -0.7489557207890031 -0.6626200482157365 0
    outer loop
      vertex 37.90038609934711 34.12566092430177 0
      vertex 38.490188591361374 33.45901047851587 0
      vertex 38.490188591361374 33.45901047851587 20
    endloop
  endfacet
  facet normal -0.7489557207890031 -0.6626200482157365 0
    outer loop
      vertex 37.90038609934711 34.12566092430177 0
      vertex 38.490188591361374 33.45901047851587 20
      vertex 37.90038609934711 34.12566092430177 20
    endloop
  endfacet
  facet normal 0 0 1
    outer loop
      vertex 37.90038609934711 34.12566092430177 20
      vertex 38.490188591361374 33.45901047851587 20
      vertex 51.5 51.25 20
    endloop
  endfacet
  facet normal -0.7604059656000373 0.6494480483301763 0
    outer loop
      vertex 38.490188591361374 -33.45901047851587 0
      vertex 38.490188591361374 -33.45901047851587 20
      vertex 39.068266599067876 -32.7821680940135 0
    endloop
  endfacet
  facet normal 0 0 1
    outer loop
      vertex 38.490188591361374 -33.45901047851587 0
      vertex 39.068266599067876 -32.7821680940135 0
      vertex 39.068266599067876 32.7821680940135 0
    endloop
  endfacet
  facet normal 0 0 1
    outer loop
      vertex 38.490188591361374 -33.45901047851587 0
      vertex 39.068266599067876 32.7821680940135 0
      vertex 38.490188591361374 33.45901047851587 0
    endloop
  endfacet
  facet normal -0.7604059656000373 0.6494480483301763 0
    outer loop
      vertex 38.490188591361374 -33.45901047851587 20
      vertex 39.068266599067876 -32.7821680940135 20
      vertex 39.068266599067876 -32.7821680940135 0
    endloop
  endfacet
  facet normal 0 0 1
    outer loop
      vertex 38.490188591361374 -33.45901047851587 20
      vertex 51.5 -51.25 20
      vertex 39.068266599067876 -32.7821680940135 20
    endloop
  endfacet
  facet normal -0.7604059656000373 -0.6494480483301763 0
    outer loop
      vertex 38.490188591361374 33.45901047851587 0
      vertex 39.068266599067876 32.7821680940135 0
      vertex 39.068266599067876 32.7821680940135 20
    endloop
  endfacet
  facet normal -0.7604059656000373 -0.6494480483301763 0
    outer loop
      vertex 38.490188591361374 33.45901047851587 0
      vertex 39.068266599067876 32.7821680940135 20
      vertex 38.490188591361374 33.45901047851587 20
    endloop
  endfacet
  facet normal 0 0 1
    outer loop
      vertex 38.490188591361374 33.45901047851587 20
      vertex 39.068266599067876 32.7821680940135 20
      vertex 51.5 51.25 20
    endloop
  endfacet
  facet normal -0.7716245833877139 0.6360782202777711 0
    outer loop
      vertex 39.068266599067876 -32.7821680940135 0
      vertex 39.068266599067876 -32.7821680940135 20
      vertex 39.63444403430552 -32.09533994354171 0
    endloop
  endfacet
  facet normal 0 0 1
    outer loop
      vertex 39.068266599067876 -32.7821680940135 0
      vertex 39.63444403430552 -32.09533994354171 0
      vertex 39.63444403430552 32.09533994354171 0
    endloop
  endfacet
  facet normal 0 0 1
    outer loop
      vertex 39.068266599067876 -32.7821680940135 0
      vertex 39.63444403430552 32.09533994354171 0
      vertex 39.068266599067876 32.7821680940135 0
    endloop
  endfacet
  facet normal -0.7716245833877139 0.6360782202777711 0
    outer loop
      vertex 39.068266599067876 -32.7821680940135 20
      vertex 39.63444403430552 -32.09533994354171 20
      vertex 39.63444403430552 -32.09533994354171 0
    endloop
  endfacet
  facet normal 0 0 1
    outer loop
      vertex 39.068266599067876 -32.7821680940135 20
      vertex 51.5 -51.25 20
      vertex 39.63444403430552 -32.09533994354171 20
    endloop
  endfacet
  facet normal -0.7716245833877139 -0.6360782202777711 0
    outer loop
      vertex 39.068266599067876 32.7821680940135 0
      vertex 39.63444403430552 32.09533994354171 0
      vertex 39.63444403430552 32.09533994354171 20
    endloop
  endfacet
  facet normal -0.7716245833877139 -0.6360782202777711 0
    outer loop
      vertex 39.068266599067876 32.7821680940135 0
      vertex 39.63444403430552 32.09533994354171 20
      vertex 39.068266599067876 32.7821680940135 20
    endloop
  endfacet
  facet normal 0 0 1
    outer loop
      vertex 39.068266599067876 32.7821680940135 20
      vertex 39.63444403430552 32.09533994354171 20
      vertex 51.5 51.25 20
    endloop
  endfacet
  facet normal -0.782608156852414 0.6225146366376193 0
    outer loop
      vertex 39.63444403430552 -32.09533994354171 0
      vertex 39.63444403430552 -32.09533994354171 20
      vertex 40.18854843394282 -31.398735241608573 0
    endloop
  endfacet
  facet normal 0 0 1
    outer loop
      vertex 39.63444403430552 -32.09533994354171 0
      vertex 40.18854843394282 -31.398735241608573 0
      vertex 40.18854843394282 31.398735241608573 0
    endloop
  endfacet
  facet normal 0 0 1
    outer loop
      vertex 39.63444403430552 -32.09533994354171 0
      vertex 40.18854843394282 31.398735241608573 0
      vertex 39.63444403430552 32.09533994354171 0
    endloop
  endfacet
  facet normal -0.782608156852414 0.6225146366376193 0
    outer loop
      vertex 39.63444403430552 -32.09533994354171 20
      vertex 40.18854843394282 -31.398735241608573 20
      vertex 40.18854843394282 -31.398735241608573 0
    endloop
  endfacet
  facet normal 0 0 1
    outer loop
      vertex 39.63444403430552 -32.09533994354171 20
      vertex 51.5 -51.25 20
      vertex 40.18854843394282 -31.398735241608573 20
    endloop
  endfacet
  facet normal -0.782608156852414 -0.6225146366376193 0
    outer loop
      vertex 39.63444403430552 32.09533994354171 0
      vertex 40.18854843394282 31.398735241608573 0
      vertex 40.18854843394282 31.398735241608573 20
    endloop
  endfacet
  facet normal -0.782608156852414 -0.6225146366376193 0
    outer loop
      vertex 39.63444403430552 32.09533994354171 0
      vertex 40.18854843394282 31.398735241608573 20
      vertex 39.63444403430552 32.09533994354171 20
    endloop
  endfacet
  facet normal 0 0 1
    outer loop
      vertex 39.63444403430552 32.09533994354171 20
      vertex 40.18854843394282 31.398735241608573 20
      vertex 51.5 51.25 20
    endloop
  endfacet
  facet normal -0.7933533402912365 0.6087614290087189 0
    outer loop
      vertex 40.18854843394282 -31.398735241608573 0
      vertex 40.18854843394282 -31.398735241608573 20
      vertex 40.730411012411935 -30.69256618075446 0
    endloop
  endfacet
  facet normal 0 0 1
    outer loop
      vertex 40.18854843394282 -31.398735241608573 0
      vertex 40.730411012411935 -30.69256618075446 0
      vertex 40.730411012411935 30.69256618075446 0
    endloop
  endfacet
  facet normal 0 0 1
    outer loop
      vertex 40.18854843394282 -31.398735241608573 0
      vertex 40.730411012411935 30.69256618075446 0
      vertex 40.18854843394282 31.398735241608573 0
    endloop
  endfacet
  facet normal -0.7933533402912365 0.6087614290087189 0
    outer loop
      vertex 40.18854843394282 -31.398735241608573 20
      vertex 40.730411012411935 -30.69256618075446 20
      vertex 40.730411012411935 -30.69256618075446 0
    endloop
  endfacet
  facet normal 0 0 1
    outer loop
      vertex 40.18854843394282 -31.398735241608573 20
      vertex 51.5 -51.25 20
      vertex 40.730411012411935 -30.69256618075446 20
    endloop
  endfacet
  facet normal -0.7933533402912365 -0.6087614290087189 0
    outer loop
      vertex 40.18854843394282 31.398735241608573 0
      vertex 40.730411012411935 30.69256618075446 0
      vertex 40.730411012411935 30.69256618075446 20
    endloop
  endfacet
  facet normal -0.7933533402912365 -0.6087614290087189 0
    outer loop
      vertex 40.18854843394282 31.398735241608573 0
      vertex 40.730411012411935 30.69256618075446 20
      vertex 40.18854843394282 31.398735241608573 20
    endloop
  endfacet
  facet normal 0 0 1
    outer loop
      vertex 40.18854843394282 31.398735241608573 20
      vertex 40.730411012411935 30.69256618075446 20
      vertex 51.5 51.25 20
    endloop
  endfacet
  facet normal -0.803856860617215 0.5948227867513443 0
    outer loop
      vertex 40.730411012411935 -30.69256618075446 0
      vertex 40.730411012411935 -30.69256618075446 20
      vertex 41.25986671312232 -29.97704786691613 0
    endloop
  endfacet
  facet normal 0 0 1
    outer loop
      vertex 40.730411012411935 -30.69256618075446 0
      vertex 41.25986671312232 -29.97704786691613 0
      vertex 41.25986671312232 29.97704786691613 0
    endloop
  endfacet
  facet normal 0 0 1
    outer loop
      vertex 40.730411012411935 -30.69256618075446 0
      vertex 41.25986671312232 29.97704786691613 0
      vertex 40.730411012411935 30.69256618075446 0
    endloop
  endfacet
  facet normal -0.803856860617215 0.5948227867513443 0
    outer loop
      vertex 40.730411012411935 -30.69256618075446 20
      vertex 41.25986671312232 -29.97704786691613 20
      vertex 41.25986671312232 -29.97704786691613 0
    endloop
  endfacet
  facet normal 0 0 1
    outer loop
      vertex 40.730411012411935 -30.69256618075446 20
      vertex 51.5 -51.25 20
      vertex 41.25986671312232 -29.97704786691613 20
    endloop
  endfacet
  facet normal -0.803856860617215 -0.5948227867513443 0
    outer loop
      vertex 40.730411012411935 30.69256618075446 0
      vertex 41.25986671312232 29.97704786691613 0
      vertex 41.25986671312232 29.97704786691613 20
    endloop
  endfacet
  facet normal -0.803856860617215 -0.5948227867513443 0
    outer loop
      vertex 40.730411012411935 30.69256618075446 0
      vertex 41.25986671312232 29.97704786691613 20
      vertex 40.730411012411935 30.69256618075446 20
    endloop
  endfacet
  facet normal 0 0 1
    outer loop
      vertex 40.730411012411935 30.69256618075446 20
      vertex 41.25986671312232 29.97704786691613 20
      vertex 51.5 51.25 20
    endloop
  endfacet
  facet normal -0.8141155183563202 0.5807029557109383 0
    outer loop
      vertex 41.25986671312232 -29.97704786691613 0
      vertex 41.25986671312232 -29.97704786691613 20
      vertex 41.776754258738585 -29.252398253903348 0
    endloop
  endfacet
  facet normal 0 0 1
    outer loop
      vertex 41.25986671312232 -29.97704786691613 0
      vertex 41.776754258738585 -29.252398253903348 0
      vertex 41.776754258738585 29.252398253903348 0
    endloop
  endfacet
  facet normal 0 0 1
    outer loop
      vertex 41.25986671312232 -29.97704786691613 0
      vertex 41.776754258738585 29.252398253903348 0
      vertex 41.25986671312232 29.97704786691613 0
    endloop
  endfacet
  facet normal -0.8141155183563202 0.5807029557109383 0
    outer loop
      vertex 41.25986671312232 -29.97704786691613 20
      vertex 41.776754258738585 -29.252398253903348 20
      vertex 41.776754258738585 -29.252398253903348 0
    endloop
  endfacet
  facet normal 0 0 1
    outer loop
      vertex 41.25986671312232 -29.97704786691613 20
      vertex 51.5 -51.25 20
      vertex 41.776754258738585 -29.252398253903348 20
    endloop
  endfacet
  facet normal -0.8141155183563202 -0.5807029557109383 0
    outer loop
      vertex 41.25986671312232 29.97704786691613 0
      vertex 41.776754258738585 29.252398253903348 0
      vertex 41.776754258738585 29.252398253903348 20
    endloop
  endfacet
  facet normal -0.8141155183563202 -0.5807029557109383 0
    outer loop
      vertex 41.25986671312232 29.97704786691613 0
      vertex 41.776754258738585 29.252398253903348 20
      vertex 41.25986671312232 29.97704786691613 20
    endloop
  endfacet
  facet normal 0 0 1
    outer loop
      vertex 41.25986671312232 29.97704786691613 20
      vertex 41.776754258738585 29.252398253903348 20
      vertex 51.5 51.25 20
    endloop
  endfacet
  facet normal -0.824126188622016 0.5664062369248325 0
    outer loop
      vertex 41.776754258738585 -29.252398253903348 0
      vertex 41.776754258738585 -29.252398253903348 20
      vertex 42.280916200307125 -28.51883807700809 0
    endloop
  endfacet
  facet normal 0 0 1
    outer loop
      vertex 41.776754258738585 -29.252398253903348 0
      vertex 42.280916200307125 -28.51883807700809 0
      vertex 42.280916200307125 28.51883807700809 0
    endloop
  endfacet
  facet normal 0 0 1
    outer loop
      vertex 41.776754258738585 -29.252398253903348 0
      vertex 42.280916200307125 28.51883807700809 0
      vertex 41.776754258738585 29.252398253903348 0
    endloop
  endfacet
  facet normal -0.824126188622016 0.5664062369248325 0
    outer loop
      vertex 41.776754258738585 -29.252398253903348 20
      vertex 42.280916200307125 -28.51883807700809 20
      vertex 42.280916200307125 -28.51883807700809 0
    endloop
  endfacet
  facet normal 0 0 1
    outer loop
      vertex 41.776754258738585 -29.252398253903348 20
      vertex 51.5 -51.25 20
      vertex 42.280916200307125 -28.51883807700809 20
    endloop
  endfacet
  facet normal -0.824126188622016 -0.5664062369248325 0
    outer loop
      vertex 41.776754258738585 29.252398253903348 0
      vertex 42.280916200307125 28.51883807700809 0
      vertex 42.280916200307125 28.51883807700809 20
    endloop
  endfacet
  facet normal -0.824126188622016 -0.5664062369248325 0
    outer loop
      vertex 41.776754258738585 29.252398253903348 0
      vertex 42.280916200307125 28.51883807700809 20
      vertex 41.776754258738585 29.252398253903348 20
    endloop
  endfacet
  facet normal 0 0 1
    outer loop
      vertex 41.776754258738585 29.252398253903348 20
      vertex 42.280916200307125 28.51883807700809 20
      vertex 51.5 51.25 20
    endloop
  endfacet
  facet normal -0.8338858220671693 0.5519369853120564 0
    outer loop
      vertex 42.280916200307125 -28.51883807700809 0
      vertex 42.280916200307125 -28.51883807700809 20
      vertex 42.772198965216624 -27.77659078576638 0
    endloop
  endfacet
  facet normal 0 0 1
    outer loop
      vertex 42.280916200307125 -28.51883807700809 0
      vertex 42.772198965216624 -27.77659078576638 0
      vertex 42.772198965216624 27.77659078576638 0
    endloop
  endfacet
  facet normal 0 0 1
    outer loop
      vertex 42.280916200307125 -28.51883807700809 0
      vertex 42.772198965216624 27.77659078576638 0
      vertex 42.280916200307125 28.51883807700809 0
    endloop
  endfacet
  facet normal -0.8338858220671693 0.5519369853120564 0
    outer loop
      vertex 42.280916200307125 -28.51883807700809 20
      vertex 42.772198965216624 -27.77659078576638 20
      vertex 42.772198965216624 -27.77659078576638 0
    endloop
  endfacet
  facet normal 0 0 1
    outer loop
      vertex 42.280916200307125 -28.51883807700809 20
      vertex 51.5 -51.25 20
      vertex 42.772198965216624 -27.77659078576638 20
    endloop
  endfacet
  facet normal -0.8338858220671693 -0.5519369853120564 0
    outer loop
      vertex 42.280916200307125 28.51883807700809 0
      vertex 42.772198965216624 27.77659078576638 0
      vertex 42.772198965216624 27.77659078576638 20
    endloop
  endfacet
  facet normal -0.8338858220671693 -0.5519369853120564 0
    outer loop
      vertex 42.280916200307125 28.51883807700809 0
      vertex 42.772198965216624 27.77659078576638 20
      vertex 42.280916200307125 28.51883807700809 20
    endloop
  endfacet
  facet normal 0 0 1
    outer loop
      vertex 42.280916200307125 28.51883807700809 20
      vertex 42.772198965216624 27.77659078576638 20
      vertex 51.5 51.25 20
    endloop
  endfacet
  facet normal -0.843391445812886 0.5372996083468234 0
    outer loop
      vertex 42.772198965216624 -27.77659078576638 0
      vertex 42.772198965216624 -27.77659078576638 20
      vertex 43.250452903977724 -27.02588247589345 0
    endloop
  endfacet
  facet normal 0 0 1
    outer loop
      vertex 42.772198965216624 -27.77659078576638 0
      vertex 43.250452903977724 -27.02588247589345 0
      vertex 43.250452903977724 27.02588247589345 0
    endloop
  endfacet
  facet normal 0 0 1
    outer loop
      vertex 42.772198965216624 -27.77659078576638 0
      vertex 43.250452903977724 27.02588247589345 0
      vertex 42.772198965216624 27.77659078576638 0
    endloop
  endfacet
  facet normal -0.843391445812886 0.5372996083468234 0
    outer loop
      vertex 42.772198965216624 -27.77659078576638 20
      vertex 43.250452903977724 -27.02588247589345 20
      vertex 43.250452903977724 -27.02588247589345 0
    endloop
  endfacet
  facet normal 0 0 1
    outer loop
      vertex 42.772198965216624 -27.77659078576638 20
      vertex 51.5 -51.25 20
      vertex 43.250452903977724 -27.02588247589345 20
    endloop
  endfacet
  facet normal -0.843391445812886 -0.5372996083468234 0
    outer loop
      vertex 42.772198965216624 27.77659078576638 0
      vertex 43.250452903977724 27.02588247589345 0
      vertex 43.250452903977724 27.02588247589345 20
    endloop
  endfacet
  facet normal -0.843391445812886 -0.5372996083468234 0
    outer loop
      vertex 42.772198965216624 27.77659078576638 0
      vertex 43.250452903977724 27.02588247589345 20
      vertex 42.772198965216624 27.77659078576638 20
    endloop
  endfacet
  facet normal 0 0 1
    outer loop
      vertex 42.772198965216624 27.77659078576638 20
      vertex 43.250452903977724 27.02588247589345 20
      vertex 51.5 51.25 20
    endloop
  endfacet
  facet normal -0.8526401643540907 0.5224985647159511 0
    outer loop
      vertex 43.250452903977724 -27.02588247589345 0
      vertex 43.250452903977724 -27.02588247589345 20
      vertex 43.71553233580773 -26.26694182041276 0
    endloop
  endfacet
  facet normal 0 0 1
    outer loop
      vertex 43.250452903977724 -27.02588247589345 0
      vertex 43.71553233580773 -26.26694182041276 0
      vertex 43.71553233580773 26.26694182041276 0
    endloop
  endfacet
  facet normal 0 0 1
    outer loop
      vertex 43.250452903977724 -27.02588247589345 0
      vertex 43.71553233580773 26.26694182041276 0
      vertex 43.250452903977724 27.02588247589345 0
    endloop
  endfacet
  facet normal -0.8526401643540907 0.5224985647159511 0
    outer loop
      vertex 43.250452903977724 -27.02588247589345 20
      vertex 43.71553233580773 -26.26694182041276 20
      vertex 43.71553233580773 -26.26694182041276 0
    endloop
  endfacet
  facet normal 0 0 1
    outer loop
      vertex 43.250452903977724 -27.02588247589345 20
      vertex 51.5 -51.25 20
      vertex 43.71553233580773 -26.26694182041276 20
    endloop
  endfacet
  facet normal -0.8526401643540907 -0.5224985647159511 0
    outer loop
      vertex 43.250452903977724 27.02588247589345 0
      vertex 43.71553233580773 26.26694182041276 0
      vertex 43.71553233580773 26.26694182041276 20
    endloop
  endfacet
  facet normal -0.8526401643540907 -0.5224985647159511 0
    outer loop
      vertex 43.250452903977724 27.02588247589345 0
      vertex 43.71553233580773 26.26694182041276 20
      vertex 43.250452903977724 27.02588247589345 20
    endloop
  endfacet
  facet normal 0 0 1
    outer loop
      vertex 43.250452903977724 27.02588247589345 20
      vertex 43.71553233580773 26.26694182041276 20
      vertex 51.5 51.25 20
    endloop
  endfacet
  facet normal -0.861629160441529 0.5075383629606987 0
    outer loop
      vertex 43.71553233580773 -26.26694182041276 0
      vertex 43.71553233580773 -26.26694182041276 20
      vertex 44.167295593006365 -25.5 0
    endloop
  endfacet
  facet normal 0 0 1
    outer loop
      vertex 43.71553233580773 -26.26694182041276 0
      vertex 44.167295593006365 -25.5 0
      vertex 44.167295593006365 25.5 0
    endloop
  endfacet
  facet normal 0 0 1
    outer loop
      vertex 43.71553233580773 -26.26694182041276 0
      vertex 44.167295593006365 25.5 0
      vertex 43.71553233580773 26.26694182041276 0
    endloop
  endfacet
  facet normal -0.861629160441529 0.5075383629606987 0
    outer loop
      vertex 43.71553233580773 -26.26694182041276 20
      vertex 44.167295593006365 -25.5 20
      vertex 44.167295593006365 -25.5 0
    endloop
  endfacet
  facet normal 0 0 1
    outer loop
      vertex 43.71553233580773 -26.26694182041276 20
      vertex 51.5 -51.25 20
      vertex 44.167295593006365 -25.5 20
    endloop
  endfacet
  facet normal -0.861629160441529 -0.5075383629606987 0
    outer loop
      vertex 43.71553233580773 26.26694182041276 0
      vertex 44.167295593006365 25.5 0
      vertex 44.167295593006365 25.5 20
    endloop
  endfacet
  facet normal -0.861629160441529 -0.5075383629606987 0
    outer loop
      vertex 43.71553233580773 26.26694182041276 0
      vertex 44.167295593006365 25.5 20
      vertex 43.71553233580773 26.26694182041276 20
    endloop
  endfacet
  facet normal 0 0 1
    outer loop
      vertex 43.71553233580773 26.26694182041276 20
      vertex 44.167295593006365 25.5 20
      vertex 51.5 51.25 20
    endloop
  endfacet
  facet normal -0.8703556959398969 0.4924235601034718 0
    outer loop
      vertex 44.167295593006365 -25.5 0
      vertex 44.167295593006365 -25.5 20
      vertex 44.605605064109184 -24.72529063256319 0
    endloop
  endfacet
  facet normal 0 0 1
    outer loop
      vertex 44.167295593006365 -25.5 0
      vertex 44.605605064109184 -24.72529063256319 0
      vertex 44.605605064109184 24.72529063256319 0
    endloop
  endfacet
  facet normal 0 0 1
    outer loop
      vertex 44.167295593006365 -25.5 0
      vertex 44.605605064109184 24.72529063256319 0
      vertex 44.167295593006365 25.5 0
    endloop
  endfacet
  facet normal -0.8703556959398969 0.4924235601034718 0
    outer loop
      vertex 44.167295593006365 -25.5 20
      vertex 44.605605064109184 -24.72529063256319 20
      vertex 44.605605064109184 -24.72529063256319 0
    endloop
  endfacet
  facet normal 0 0 1
    outer loop
      vertex 44.167295593006365 -25.5 20
      vertex 51.5 -51.25 20
      vertex 44.605605064109184 -24.72529063256319 20
    endloop
  endfacet
  facet normal -0.8703556959398969 -0.4924235601034718 0
    outer loop
      vertex 44.167295593006365 25.5 0
      vertex 44.605605064109184 24.72529063256319 0
      vertex 44.605605064109184 24.72529063256319 20
    endloop
  endfacet
  facet normal -0.8703556959398969 -0.4924235601034718 0
    outer loop
      vertex 44.167295593006365 25.5 0
      vertex 44.605605064109184 24.72529063256319 20
      vertex 44.167295593006365 25.5 20
    endloop
  endfacet
  facet normal 0 0 1
    outer loop
      vertex 44.167295593006365 25.5 20
      vertex 44.605605064109184 24.72529063256319 20
      vertex 51.5 51.25 20
    endloop
  endfacet
  facet normal -0.8788171126619653 0.47715876025960846 0
    outer loop
      vertex 44.605605064109184 -24.72529063256319 0
      vertex 44.605605064109184 -24.72529063256319 20
      vertex 45.030327235805274 -23.94304970208043 0
    endloop
  endfacet
  facet normal 0 0 1
    outer loop
      vertex 44.605605064109184 -24.72529063256319 0
      vertex 45.030327235805274 -23.94304970208043 0
      vertex 45.030327235805274 23.94304970208043 0
    endloop
  endfacet
  facet normal 0 0 1
    outer loop
      vertex 44.605605064109184 -24.72529063256319 0
      vertex 45.030327235805274 23.94304970208043 0
      vertex 44.605605064109184 24.72529063256319 0
    endloop
  endfacet
  facet normal -0.8788171126619653 0.47715876025960846 0
    outer loop
      vertex 44.605605064109184 -24.72529063256319 20
      vertex 45.030327235805274 -23.94304970208043 20
      vertex 45.030327235805274 -23.94304970208043 0
    endloop
  endfacet
  facet normal 0 0 1
    outer loop
      vertex 44.605605064109184 -24.72529063256319 20
      vertex 51.5 -51.25 20
      vertex 45.030327235805274 -23.94304970208043 20
    endloop
  endfacet
  facet normal -0.8788171126619653 -0.47715876025960846 0
    outer loop
      vertex 44.605605064109184 24.72529063256319 0
      vertex 45.030327235805274 23.94304970208043 0
      vertex 45.030327235805274 23.94304970208043 20
    endloop
  endfacet
  facet normal -0.8788171126619653 -0.47715876025960846 0
    outer loop
      vertex 44.605605064109184 24.72529063256319 0
      vertex 45.030327235805274 23.94304970208043 20
      vertex 44.605605064109184 24.72529063256319 20
    endloop
  endfacet
  facet normal 0 0 1
    outer loop
      vertex 44.605605064109184 24.72529063256319 20
      vertex 45.030327235805274 23.94304970208043 20
      vertex 51.5 51.25 20
    endloop
  endfacet
  facet normal -0.8870108331782208 0.46174861323503574 0
    outer loop
      vertex 45.030327235805274 -23.94304970208043 0
      vertex 45.030327235805274 -23.94304970208043 20
      vertex 45.441332733606764 -23.153515486716884 0
    endloop
  endfacet
  facet normal 0 0 1
    outer loop
      vertex 45.030327235805274 -23.94304970208043 0
      vertex 45.441332733606764 -23.153515486716884 0
      vertex 45.441332733606764 23.153515486716884 0
    endloop
  endfacet
  facet normal 0 0 1
    outer loop
      vertex 45.030327235805274 -23.94304970208043 0
      vertex 45.441332733606764 23.153515486716884 0
      vertex 45.030327235805274 23.94304970208043 0
    endloop
  endfacet
  facet normal -0.8870108331782208 0.46174861323503574 0
    outer loop
      vertex 45.030327235805274 -23.94304970208043 20
      vertex 45.441332733606764 -23.153515486716884 20
      vertex 45.441332733606764 -23.153515486716884 0
    endloop
  endfacet
  facet normal 0 0 1
    outer loop
      vertex 45.030327235805274 -23.94304970208043 20
      vertex 51.5 -51.25 20
      vertex 45.441332733606764 -23.153515486716884 20
    endloop
  endfacet
  facet normal -0.8870108331782208 -0.46174861323503574 0
    outer loop
      vertex 45.030327235805274 23.94304970208043 0
      vertex 45.441332733606764 23.153515486716884 0
      vertex 45.441332733606764 23.153515486716884 20
    endloop
  endfacet
  facet normal -0.8870108331782208 -0.46174861323503574 0
    outer loop
      vertex 45.030327235805274 23.94304970208043 0
      vertex 45.441332733606764 23.153515486716884 20
      vertex 45.030327235805274 23.94304970208043 20
    endloop
  endfacet
  facet normal 0 0 1
    outer loop
      vertex 45.030327235805274 23.94304970208043 20
      vertex 45.441332733606764 23.153515486716884 20
      vertex 51.5 51.25 20
    endloop
  endfacet
  facet normal -0.8949343616020252 0.4461978131098086 0
    outer loop
      vertex 45.441332733606764 -23.153515486716884 0
      vertex 45.441332733606764 -23.153515486716884 20
      vertex 45.83849636125752 -22.356928486242946 0
    endloop
  endfacet
  facet normal 0 0 1
    outer loop
      vertex 45.441332733606764 -23.153515486716884 0
      vertex 45.83849636125752 -22.356928486242946 0
      vertex 45.83849636125752 22.356928486242946 0
    endloop
  endfacet
  facet normal 0 0 1
    outer loop
      vertex 45.441332733606764 -23.153515486716884 0
      vertex 45.83849636125752 22.356928486242946 0
      vertex 45.441332733606764 23.153515486716884 0
    endloop
  endfacet
  facet normal -0.8949343616020252 0.4461978131098086 0
    outer loop
      vertex 45.441332733606764 -23.153515486716884 20
      vertex 45.83849636125752 -22.356928486242946 20
      vertex 45.83849636125752 -22.356928486242946 0
    endloop
  endfacet
  facet normal 0 0 1
    outer loop
      vertex 45.441332733606764 -23.153515486716884 20
      vertex 51.5 -51.25 20
      vertex 45.83849636125752 -22.356928486242946 20
    endloop
  endfacet
  facet normal -0.8949343616020252 -0.4461978131098086 0
    outer loop
      vertex 45.441332733606764 23.153515486716884 0
      vertex 45.83849636125752 22.356928486242946 0
      vertex 45.83849636125752 22.356928486242946 20
    endloop
  endfacet
  facet normal -0.8949343616020252 -0.4461978131098086 0
    outer loop
      vertex 45.441332733606764 23.153515486716884 0
      vertex 45.83849636125752 22.356928486242946 20
      vertex 45.441332733606764 23.153515486716884 20
    endloop
  endfacet
  facet normal 0 0 1
    outer loop
      vertex 45.441332733606764 23.153515486716884 20
      vertex 45.83849636125752 22.356928486242946 20
      vertex 51.5 51.25 20
    endloop
  endfacet
  facet normal -0.9025852843498622 0.4305110968082919 0
    outer loop
      vertex 45.83849636125752 -22.356928486242946 0
      vertex 45.83849636125752 -22.356928486242946 20
      vertex 46.221697138869146 -21.55353134877567 0
    endloop
  endfacet
  facet normal 0 0 1
    outer loop
      vertex 45.83849636125752 -22.356928486242946 0
      vertex 46.221697138869146 -21.55353134877567 0
      vertex 46.221697138869146 21.55353134877567 0
    endloop
  endfacet
  facet normal 0 0 1
    outer loop
      vertex 45.83849636125752 -22.356928486242946 0
      vertex 46.221697138869146 21.55353134877567 0
      vertex 45.83849636125752 22.356928486242946 0
    endloop
  endfacet
  facet normal -0.9025852843498622 0.4305110968082919 0
    outer loop
      vertex 45.83849636125752 -22.356928486242946 20
      vertex 46.221697138869146 -21.55353134877567 20
      vertex 46.221697138869146 -21.55353134877567 0
    endloop
  endfacet
  facet normal 0 0 1
    outer loop
      vertex 45.83849636125752 -22.356928486242946 20
      vertex 51.5 -51.25 20
      vertex 46.221697138869146 -21.55353134877567 20
    endloop
  endfacet
  facet normal -0.9025852843498622 -0.4305110968082919 0
    outer loop
      vertex 45.83849636125752 22.356928486242946 0
      vertex 46.221697138869146 21.55353134877567 0
      vertex 46.221697138869146 21.55353134877567 20
    endloop
  endfacet
  facet normal -0.9025852843498622 -0.4305110968082919 0
    outer loop
      vertex 45.83849636125752 22.356928486242946 0
      vertex 46.221697138869146 21.55353134877567 20
      vertex 45.83849636125752 22.356928486242946 20
    endloop
  endfacet
  facet normal 0 0 1
    outer loop
      vertex 45.83849636125752 22.356928486242946 20
      vertex 46.221697138869146 21.55353134877567 20
      vertex 51.5 51.25 20
    endloop
  endfacet
  facet normal -0.9099612708765419 0.41469324265624197 0
    outer loop
      vertex 46.221697138869146 -21.55353134877567 0
      vertex 46.221697138869146 -21.55353134877567 20
      vertex 46.590818339772646 -20.743568796865812 0
    endloop
  endfacet
  facet normal 0 0 1
    outer loop
      vertex 46.221697138869146 -21.55353134877567 0
      vertex 46.590818339772646 -20.743568796865812 0
      vertex 46.590818339772646 20.743568796865812 0
    endloop
  endfacet
  facet normal 0 0 1
    outer loop
      vertex 46.221697138869146 -21.55353134877567 0
      vertex 46.590818339772646 20.743568796865812 0
      vertex 46.221697138869146 21.55353134877567 0
    endloop
  endfacet
  facet normal -0.9099612708765419 0.41469324265624197 0
    outer loop
      vertex 46.221697138869146 -21.55353134877567 20
      vertex 46.590818339772646 -20.743568796865812 20
      vertex 46.590818339772646 -20.743568796865812 0
    endloop
  endfacet
  facet normal 0 0 1
    outer loop
      vertex 46.221697138869146 -21.55353134877567 20
      vertex 51.5 -51.25 20
      vertex 46.590818339772646 -20.743568796865812 20
    endloop
  endfacet
  facet normal -0.9099612708765419 -0.41469324265624197 0
    outer loop
      vertex 46.221697138869146 21.55353134877567 0
      vertex 46.590818339772646 20.743568796865812 0
      vertex 46.590818339772646 20.743568796865812 20
    endloop
  endfacet
  facet normal -0.9099612708765419 -0.41469324265624197 0
    outer loop
      vertex 46.221697138869146 21.55353134877567 0
      vertex 46.590818339772646 20.743568796865812 20
      vertex 46.221697138869146 21.55353134877567 20
    endloop
  endfacet
  facet normal 0 0 1
    outer loop
      vertex 46.221697138869146 21.55353134877567 20
      vertex 46.590818339772646 20.743568796865812 20
      vertex 51.5 51.25 20
    endloop
  endfacet
  facet normal -0.9170600743851249 0.39874906892524437 0
    outer loop
      vertex 46.590818339772646 -20.743568796865812 0
      vertex 46.590818339772646 -20.743568796865812 20
      vertex 46.945747526074456 -19.92728755295296 0
    endloop
  endfacet
  facet normal 0 0 1
    outer loop
      vertex 46.590818339772646 -20.743568796865812 0
      vertex 46.945747526074456 -19.92728755295296 0
      vertex 46.945747526074456 19.92728755295296 0
    endloop
  endfacet
  facet normal 0 0 1
    outer loop
      vertex 46.590818339772646 -20.743568796865812 0
      vertex 46.945747526074456 19.92728755295296 0
      vertex 46.590818339772646 20.743568796865812 0
    endloop
  endfacet
  facet normal -0.9170600743851249 0.39874906892524437 0
    outer loop
      vertex 46.590818339772646 -20.743568796865812 20
      vertex 46.945747526074456 -19.92728755295296 20
      vertex 46.945747526074456 -19.92728755295296 0
    endloop
  endfacet
  facet normal 0 0 1
    outer loop
      vertex 46.590818339772646 -20.743568796865812 20
      vertex 51.5 -51.25 20
      vertex 46.945747526074456 -19.92728755295296 20
    endloop
  endfacet
  facet normal -0.9170600743851249 -0.39874906892524437 0
    outer loop
      vertex 46.590818339772646 20.743568796865812 0
      vertex 46.945747526074456 19.92728755295296 0
      vertex 46.945747526074456 19.92728755295296 20
    endloop
  endfacet
  facet normal -0.9170600743851249 -0.39874906892524437 0
    outer loop
      vertex 46.590818339772646 20.743568796865812 0
      vertex 46.945747526074456 19.92728755295296 20
      vertex 46.590818339772646 20.743568796865812 20
    endloop
  endfacet
  facet normal 0 0 1
    outer loop
      vertex 46.590818339772646 20.743568796865812 20
      vertex 46.945747526074456 19.92728755295296 20
      vertex 51.5 51.25 20
    endloop
  endfacet
  facet normal -0.9238795325112863 0.3826834323650907 0
    outer loop
      vertex 46.945747526074456 -19.92728755295296 0
      vertex 46.945747526074456 -19.92728755295296 20
      vertex 47.28637658290616 -19.104936264211513 0
    endloop
  endfacet
  facet normal 0 0 1
    outer loop
      vertex 46.945747526074456 -19.92728755295296 0
      vertex 47.28637658290616 -19.104936264211513 0
      vertex 47.28637658290616 19.104936264211513 0
    endloop
  endfacet
  facet normal 0 0 1
    outer loop
      vertex 46.945747526074456 -19.92728755295296 0
      vertex 47.28637658290616 19.104936264211513 0
      vertex 46.945747526074456 19.92728755295296 0
    endloop
  endfacet
  facet normal -0.9238795325112863 0.3826834323650907 0
    outer loop
      vertex 46.945747526074456 -19.92728755295296 20
      vertex 47.28637658290616 -19.104936264211513 20
      vertex 47.28637658290616 -19.104936264211513 0
    endloop
  endfacet
  facet normal 0 0 1
    outer loop
      vertex 46.945747526074456 -19.92728755295296 20
      vertex 51.5 -51.25 20
      vertex 47.28637658290616 -19.104936264211513 20
    endloop
  endfacet
  facet normal -0.9238795325112863 -0.3826834323650907 0
    outer loop
      vertex 46.945747526074456 19.92728755295296 0
      vertex 47.28637658290616 19.104936264211513 0
      vertex 47.28637658290616 19.104936264211513 20
    endloop
  endfacet
  facet normal -0.9238795325112863 -0.3826834323650907 0
    outer loop
      vertex 46.945747526074456 19.92728755295296 0
      vertex 47.28637658290616 19.104936264211513 20
      vertex 46.945747526074456 19.92728755295296 20
    endloop
  endfacet
  facet normal 0 0 1
    outer loop
      vertex 46.945747526074456 19.92728755295296 20
      vertex 47.28637658290616 19.104936264211513 20
      vertex 51.5 51.25 20
    endloop
  endfacet
  facet normal -0.9304175679820247 0.3665012267242971 0
    outer loop
      vertex 47.28637658290616 -19.104936264211513 0
      vertex 47.28637658290616 -19.104936264211513 20
      vertex 47.61260175135729 -18.276765426810314 0
    endloop
  endfacet
  facet normal 0 0 1
    outer loop
      vertex 47.28637658290616 -19.104936264211513 0
      vertex 47.61260175135729 -18.276765426810314 0
      vertex 47.61260175135729 18.276765426810314 0
    endloop
  endfacet
  facet normal 0 0 1
    outer loop
      vertex 47.28637658290616 -19.104936264211513 0
      vertex 47.61260175135729 18.276765426810314 0
      vertex 47.28637658290616 19.104936264211513 0
    endloop
  endfacet
  facet normal -0.9304175679820247 0.3665012267242971 0
    outer loop
      vertex 47.28637658290616 -19.104936264211513 20
      vertex 47.61260175135729 -18.276765426810314 20
      vertex 47.61260175135729 -18.276765426810314 0
    endloop
  endfacet
  facet normal 0 0 1
    outer loop
      vertex 47.28637658290616 -19.104936264211513 20
      vertex 51.5 -51.25 20
      vertex 47.61260175135729 -18.276765426810314 20
    endloop
  endfacet
  facet normal -0.9304175679820247 -0.3665012267242971 0
    outer loop
      vertex 47.28637658290616 19.104936264211513 0
      vertex 47.61260175135729 18.276765426810314 0
      vertex 47.61260175135729 18.276765426810314 20
    endloop
  endfacet
  facet normal -0.9304175679820247 -0.3665012267242971 0
    outer loop
      vertex 47.28637658290616 19.104936264211513 0
      vertex 47.61260175135729 18.276765426810314 20
      vertex 47.28637658290616 19.104936264211513 20
    endloop
  endfacet
  facet normal 0 0 1
    outer loop
      vertex 47.28637658290616 19.104936264211513 20
      vertex 47.61260175135729 18.276765426810314 20
      vertex 51.5 51.25 20
    endloop
  endfacet
  facet normal -0.9366721892483979 0.3502073812594669 0
    outer loop
      vertex 47.61260175135729 -18.276765426810314 0
      vertex 47.61260175135729 -18.276765426810314 20
      vertex 47.92432366008133 -17.443027309609104 0
    endloop
  endfacet
  facet normal 0 0 1
    outer loop
      vertex 47.61260175135729 -18.276765426810314 0
      vertex 47.92432366008133 -17.443027309609104 0
      vertex 47.92432366008133 17.443027309609104 0
    endloop
  endfacet
  facet normal 0 0 1
    outer loop
      vertex 47.61260175135729 -18.276765426810314 0
      vertex 47.92432366008133 17.443027309609104 0
      vertex 47.61260175135729 18.276765426810314 0
    endloop
  endfacet
  facet normal -0.9366721892483979 0.3502073812594669 0
    outer loop
      vertex 47.61260175135729 -18.276765426810314 20
      vertex 47.92432366008133 -17.443027309609104 20
      vertex 47.92432366008133 -17.443027309609104 0
    endloop
  endfacet
  facet normal 0 0 1
    outer loop
      vertex 47.61260175135729 -18.276765426810314 20
      vertex 51.5 -51.25 20
      vertex 47.92432366008133 -17.443027309609104 20
    endloop
  endfacet
  facet normal -0.9366721892483979 -0.3502073812594669 0
    outer loop
      vertex 47.61260175135729 18.276765426810314 0
      vertex 47.92432366008133 17.443027309609104 0
      vertex 47.92432366008133 17.443027309609104 20
    endloop
  endfacet
  facet normal -0.9366721892483979 -0.3502073812594669 0
    outer loop
      vertex 47.61260175135729 18.276765426810314 0
      vertex 47.92432366008133 17.443027309609104 20
      vertex 47.61260175135729 18.276765426810314 20
    endloop
  endfacet
  facet normal 0 0 1
    outer loop
      vertex 47.61260175135729 18.276765426810314 20
      vertex 47.92432366008133 17.443027309609104 20
      vertex 51.5 51.25 20
    endloop
  endfacet
  facet normal -0.9426414910921769 0.33380685923377523 0
    outer loop
      vertex 47.92432366008133 -17.443027309609104 0
      vertex 47.92432366008133 -17.443027309609104 20
      vertex 48.22144735556516 -16.60397587731499 0
    endloop
  endfacet
  facet normal 0 0 1
    outer loop
      vertex 47.92432366008133 -17.443027309609104 0
      vertex 48.22144735556516 -16.60397587731499 0
      vertex 48.22144735556516 16.60397587731499 0
    endloop
  endfacet
  facet normal 0 0 1
    outer loop
      vertex 47.92432366008133 -17.443027309609104 0
      vertex 48.22144735556516 16.60397587731499 0
      vertex 47.92432366008133 17.443027309609104 0
    endloop
  endfacet
  facet normal -0.9426414910921769 0.33380685923377523 0
    outer loop
      vertex 47.92432366008133 -17.443027309609104 20
      vertex 48.22144735556516 -16.60397587731499 20
      vertex 48.22144735556516 -16.60397587731499 0
    endloop
  endfacet
  facet normal 0 0 1
    outer loop
      vertex 47.92432366008133 -17.443027309609104 20
      vertex 51.5 -51.25 20
      vertex 48.22144735556516 -16.60397587731499 20
    endloop
  endfacet
  facet normal -0.9426414910921769 -0.33380685923377523 0
    outer loop
      vertex 47.92432366008133 17.443027309609104 0
      vertex 48.22144735556516 16.60397587731499 0
      vertex 48.22144735556516 16.60397587731499 20
    endloop
  endfacet
  facet normal -0.9426414910921769 -0.33380685923377523 0
    outer loop
      vertex 47.92432366008133 17.443027309609104 0
      vertex 48.22144735556516 16.60397587731499 20
      vertex 47.92432366008133 17.443027309609104 20
    endloop
  endfacet
  facet normal 0 0 1
    outer loop
      vertex 47.92432366008133 17.443027309609104 20
      vertex 48.22144735556516 16.60397587731499 20
      vertex 51.5 51.25 20
    endloop
  endfacet
  facet normal -0.9483236552062019 0.31730465640508443 0
    outer loop
      vertex 48.22144735556516 -16.60397587731499 0
      vertex 48.22144735556516 -16.60397587731499 20
      vertex 48.50388233105283 -15.759866713122317 0
    endloop
  endfacet
  facet normal 0 0 1
    outer loop
      vertex 48.22144735556516 -16.60397587731499 0
      vertex 48.50388233105283 -15.759866713122317 0
      vertex 48.50388233105283 15.759866713122317 0
    endloop
  endfacet
  facet normal 0 0 1
    outer loop
      vertex 48.22144735556516 -16.60397587731499 0
      vertex 48.50388233105283 15.759866713122317 0
      vertex 48.22144735556516 16.60397587731499 0
    endloop
  endfacet
  facet normal -0.9483236552062019 0.31730465640508443 0
    outer loop
      vertex 48.22144735556516 -16.60397587731499 20
      vertex 48.50388233105283 -15.759866713122317 20
      vertex 48.50388233105283 -15.759866713122317 0
    endloop
  endfacet
  facet normal 0 0 1
    outer loop
      vertex 48.22144735556516 -16.60397587731499 20
      vertex 51.5 -51.25 20
      vertex 48.50388233105283 -15.759866713122317 20
    endloop
  endfacet
  facet normal -0.9483236552062019 -0.31730465640508443 0
    outer loop
      vertex 48.22144735556516 16.60397587731499 0
      vertex 48.50388233105283 15.759866713122317 0
      vertex 48.50388233105283 15.759866713122317 20
    endloop
  endfacet
  facet normal -0.9483236552062019 -0.31730465640508443 0
    outer loop
      vertex 48.22144735556516 16.60397587731499 0
      vertex 48.50388233105283 15.759866713122317 20
      vertex 48.22144735556516 16.60397587731499 20
    endloop
  endfacet
  facet normal 0 0 1
    outer loop
      vertex 48.22144735556516 16.60397587731499 20
      vertex 48.50388233105283 15.759866713122317 20
      vertex 51.5 51.25 20
    endloop
  endfacet
  facet normal -0.9537169507482255 0.3007057995042777 0
    outer loop
      vertex 48.50388233105283 -15.759866713122317 0
      vertex 48.50388233105283 -15.759866713122317 20
      vertex 48.77154255411481 -14.910956940859576 0
    endloop
  endfacet
  facet normal 0 0 1
    outer loop
      vertex 48.50388233105283 -15.759866713122317 0
      vertex 48.77154255411481 -14.910956940859576 0
      vertex 48.77154255411481 14.910956940859576 0
    endloop
  endfacet
  facet normal 0 0 1
    outer loop
      vertex 48.50388233105283 -15.759866713122317 0
      vertex 48.77154255411481 14.910956940859576 0
      vertex 48.50388233105283 15.759866713122317 0
    endloop
  endfacet
  facet normal -0.9537169507482255 0.3007057995042777 0
    outer loop
      vertex 48.50388233105283 -15.759866713122317 20
      vertex 48.77154255411481 -14.910956940859576 20
      vertex 48.77154255411481 -14.910956940859576 0
    endloop
  endfacet
  facet normal 0 0 1
    outer loop
      vertex 48.50388233105283 -15.759866713122317 20
      vertex 51.5 -51.25 20
      vertex 48.77154255411481 -14.910956940859576 20
    endloop
  endfacet
  facet normal -0.9537169507482255 -0.3007057995042777 0
    outer loop
      vertex 48.50388233105283 15.759866713122317 0
      vertex 48.77154255411481 14.910956940859576 0
      vertex 48.77154255411481 14.910956940859576 20
    endloop
  endfacet
  facet normal -0.9537169507482255 -0.3007057995042777 0
    outer loop
      vertex 48.50388233105283 15.759866713122317 0
      vertex 48.77154255411481 14.910956940859576 20
      vertex 48.50388233105283 15.759866713122317 20
    endloop
  endfacet
  facet normal 0 0 1
    outer loop
      vertex 48.50388233105283 15.759866713122317 20
      vertex 48.77154255411481 14.910956940859576 20
      vertex 51.5 51.25 20
    endloop
  endfacet
  facet normal -0.9588197348681927 0.2840153447039232 0
    outer loop
      vertex 48.77154255411481 -14.910956940859576 0
      vertex 48.77154255411481 -14.910956940859576 20
      vertex 49.024346492854264 -14.057505146666957 0
    endloop
  endfacet
  facet normal 0 0 1
    outer loop
      vertex 48.77154255411481 -14.910956940859576 0
      vertex 49.024346492854264 -14.057505146666957 0
      vertex 49.024346492854264 14.057505146666957 0
    endloop
  endfacet
  facet normal 0 0 1
    outer loop
      vertex 48.77154255411481 -14.910956940859576 0
      vertex 49.024346492854264 14.057505146666957 0
      vertex 48.77154255411481 14.910956940859576 0
    endloop
  endfacet
  facet normal -0.9588197348681927 0.2840153447039232 0
    outer loop
      vertex 48.77154255411481 -14.910956940859576 20
      vertex 49.024346492854264 -14.057505146666957 20
      vertex 49.024346492854264 -14.057505146666957 0
    endloop
  endfacet
  facet normal 0 0 1
    outer loop
      vertex 48.77154255411481 -14.910956940859576 20
      vertex 51.5 -51.25 20
      vertex 49.024346492854264 -14.057505146666957 20
    endloop
  endfacet
  facet normal -0.9588197348681927 -0.2840153447039232 0
    outer loop
      vertex 48.77154255411481 14.910956940859576 0
      vertex 49.024346492854264 14.057505146666957 0
      vertex 49.024346492854264 14.057505146666957 20
    endloop
  endfacet
  facet normal -0.9588197348681927 -0.2840153447039232 0
    outer loop
      vertex 48.77154255411481 14.910956940859576 0
      vertex 49.024346492854264 14.057505146666957 20
      vertex 48.77154255411481 14.910956940859576 20
    endloop
  endfacet
  facet normal 0 0 1
    outer loop
      vertex 48.77154255411481 14.910956940859576 20
      vertex 49.024346492854264 14.057505146666957 20
      vertex 51.5 51.25 20
    endloop
  endfacet
  facet normal -0.9636304532086223 0.2672383760782589 0
    outer loop
      vertex 49.024346492854264 -14.057505146666957 0
      vertex 49.024346492854264 -14.057505146666957 20
      vertex 49.262217140742486 -13.199771300228559 0
    endloop
  endfacet
  facet normal 0 0 1
    outer loop
      vertex 49.024346492854264 -14.057505146666957 0
      vertex 49.262217140742486 -13.199771300228559 0
      vertex 49.262217140742486 13.199771300228559 0
    endloop
  endfacet
  facet normal 0 0 1
    outer loop
      vertex 49.024346492854264 -14.057505146666957 0
      vertex 49.262217140742486 13.199771300228559 0
      vertex 49.024346492854264 14.057505146666957 0
    endloop
  endfacet
  facet normal -0.9636304532086223 0.2672383760782589 0
    outer loop
      vertex 49.024346492854264 -14.057505146666957 20
      vertex 49.262217140742486 -13.199771300228559 20
      vertex 49.262217140742486 -13.199771300228559 0
    endloop
  endfacet
  facet normal 0 0 1
    outer loop
      vertex 49.024346492854264 -14.057505146666957 20
      vertex 51.5 -51.25 20
      vertex 49.262217140742486 -13.199771300228559 20
    endloop
  endfacet
  facet normal -0.9636304532086223 -0.2672383760782589 0
    outer loop
      vertex 49.024346492854264 14.057505146666957 0
      vertex 49.262217140742486 13.199771300228559 0
      vertex 49.262217140742486 13.199771300228559 20
    endloop
  endfacet
  facet normal -0.9636304532086223 -0.2672383760782589 0
    outer loop
      vertex 49.024346492854264 14.057505146666957 0
      vertex 49.262217140742486 13.199771300228559 20
      vertex 49.024346492854264 14.057505146666957 20
    endloop
  endfacet
  facet normal 0 0 1
    outer loop
      vertex 49.024346492854264 14.057505146666957 20
      vertex 49.262217140742486 13.199771300228559 20
      vertex 51.5 51.25 20
    endloop
  endfacet
  facet normal -0.9681476403781096 0.2503800040544346 0
    outer loop
      vertex 49.262217140742486 -13.199771300228559 0
      vertex 49.262217140742486 -13.199771300228559 20
      vertex 49.48508204007582 -12.338016675583054 0
    endloop
  endfacet
  facet normal 0 0 1
    outer loop
      vertex 49.262217140742486 -13.199771300228559 0
      vertex 49.48508204007582 -12.338016675583054 0
      vertex 49.48508204007582 12.338016675583054 0
    endloop
  endfacet
  facet normal 0 0 1
    outer loop
      vertex 49.262217140742486 -13.199771300228559 0
      vertex 49.48508204007582 12.338016675583054 0
      vertex 49.262217140742486 13.199771300228559 0
    endloop
  endfacet
  facet normal -0.9681476403781096 0.2503800040544346 0
    outer loop
      vertex 49.262217140742486 -13.199771300228559 20
      vertex 49.48508204007582 -12.338016675583054 20
      vertex 49.48508204007582 -12.338016675583054 0
    endloop
  endfacet
  facet normal 0 0 1
    outer loop
      vertex 49.262217140742486 -13.199771300228559 20
      vertex 51.5 -51.25 20
      vertex 49.48508204007582 -12.338016675583054 20
    endloop
  endfacet
  facet normal -0.9681476403781096 -0.2503800040544346 0
    outer loop
      vertex 49.262217140742486 13.199771300228559 0
      vertex 49.48508204007582 12.338016675583054 0
      vertex 49.48508204007582 12.338016675583054 20
    endloop
  endfacet
  facet normal -0.9681476403781096 -0.2503800040544346 0
    outer loop
      vertex 49.262217140742486 13.199771300228559 0
      vertex 49.48508204007582 12.338016675583054 20
      vertex 49.262217140742486 13.199771300228559 20
    endloop
  endfacet
  facet normal 0 0 1
    outer loop
      vertex 49.262217140742486 13.199771300228559 20
      vertex 49.48508204007582 12.338016675583054 20
      vertex 51.5 51.25 20
    endloop
  endfacet
  facet normal -0.9723699203976754 0.23344536385591025 0
    outer loop
      vertex 49.48508204007582 -12.338016675583054 0
      vertex 49.48508204007582 -12.338016675583054 20
      vertex 49.692873304047 -11.472503771537115 0
    endloop
  endfacet
  facet normal 0 0 1
    outer loop
      vertex 49.48508204007582 -12.338016675583054 0
      vertex 49.692873304047 -11.472503771537115 0
      vertex 49.692873304047 11.472503771537115 0
    endloop
  endfacet
  facet normal 0 0 1
    outer loop
      vertex 49.48508204007582 -12.338016675583054 0
      vertex 49.692873304047 11.472503771537115 0
      vertex 49.48508204007582 12.338016675583054 0
    endloop
  endfacet
  facet normal -0.9723699203976754 0.23344536385591025 0
    outer loop
      vertex 49.48508204007582 -12.338016675583054 20
      vertex 49.692873304047 -11.472503771537115 20
      vertex 49.692873304047 -11.472503771537115 0
    endloop
  endfacet
  facet normal 0 0 1
    outer loop
      vertex 49.48508204007582 -12.338016675583054 20
      vertex 51.5 -51.25 20
      vertex 49.692873304047 -11.472503771537115 20
    endloop
  endfacet
  facet normal -0.9723699203976754 -0.23344536385591025 0
    outer loop
      vertex 49.48508204007582 12.338016675583054 0
      vertex 49.692873304047 11.472503771537115 0
      vertex 49.692873304047 11.472503771537115 20
    endloop
  endfacet
  facet normal -0.9723699203976754 -0.23344536385591025 0
    outer loop
      vertex 49.48508204007582 12.338016675583054 0
      vertex 49.692873304047 11.472503771537115 20
      vertex 49.48508204007582 12.338016675583054 20
    endloop
  endfacet
  facet normal 0 0 1
    outer loop
      vertex 49.48508204007582 12.338016675583054 20
      vertex 49.692873304047 11.472503771537115 20
      vertex 51.5 51.25 20
    endloop
  endfacet
  facet normal -0.9762960071199329 0.21643961393810443 0
    outer loop
      vertex 49.692873304047 -11.472503771537115 0
      vertex 49.692873304047 -11.472503771537115 20
      vertex 49.88552763742409 -10.603496231705726 0
    endloop
  endfacet
  facet normal 0 0 1
    outer loop
      vertex 49.692873304047 -11.472503771537115 0
      vertex 49.88552763742409 -10.603496231705726 0
      vertex 49.88552763742409 10.603496231705726 0
    endloop
  endfacet
  facet normal 0 0 1
    outer loop
      vertex 49.692873304047 -11.472503771537115 0
      vertex 49.88552763742409 10.603496231705726 0
      vertex 49.692873304047 11.472503771537115 0
    endloop
  endfacet
  facet normal -0.9762960071199329 0.21643961393810443 0
    outer loop
      vertex 49.692873304047 -11.472503771537115 20
      vertex 49.88552763742409 -10.603496231705726 20
      vertex 49.88552763742409 -10.603496231705726 0
    endloop
  endfacet
  facet normal 0 0 1
    outer loop
      vertex 49.692873304047 -11.472503771537115 20
      vertex 51.5 -51.25 20
      vertex 49.88552763742409 -10.603496231705726 20
    endloop
  endfacet
  facet normal -0.9762960071199329 -0.21643961393810443 0
    outer loop
      vertex 49.692873304047 11.472503771537115 0
      vertex 49.88552763742409 10.603496231705726 0
      vertex 49.88552763742409 10.603496231705726 20
    endloop
  endfacet
  facet normal -0.9762960071199329 -0.21643961393810443 0
    outer loop
      vertex 49.692873304047 11.472503771537115 0
      vertex 49.88552763742409 10.603496231705726 20
      vertex 49.692873304047 11.472503771537115 20
    endloop
  endfacet
  facet normal 0 0 1
    outer loop
      vertex 49.692873304047 11.472503771537115 20
      vertex 49.88552763742409 10.603496231705726 20
      vertex 51.5 51.25 20
    endloop
  endfacet
  facet normal -0.9799247046208293 0.19936793441719858 0
    outer loop
      vertex 49.88552763742409 -10.603496231705726 0
      vertex 49.88552763742409 -10.603496231705726 20
      vertex 50.062986355830866 -9.731258764203785 0
    endloop
  endfacet
  facet normal 0 0 1
    outer loop
      vertex 49.88552763742409 -10.603496231705726 0
      vertex 50.062986355830866 -9.731258764203785 0
      vertex 50.062986355830866 9.731258764203785 0
    endloop
  endfacet
  facet normal 0 0 1
    outer loop
      vertex 49.88552763742409 -10.603496231705726 0
      vertex 50.062986355830866 9.731258764203785 0
      vertex 49.88552763742409 10.603496231705726 0
    endloop
  endfacet
  facet normal -0.9799247046208293 0.19936793441719858 0
    outer loop
      vertex 49.88552763742409 -10.603496231705726 20
      vertex 50.062986355830866 -9.731258764203785 20
      vertex 50.062986355830866 -9.731258764203785 0
    endloop
  endfacet
  facet normal 0 0 1
    outer loop
      vertex 49.88552763742409 -10.603496231705726 20
      vertex 51.5 -51.25 20
      vertex 50.062986355830866 -9.731258764203785 20
    endloop
  endfacet
  facet normal -0.9799247046208293 -0.19936793441719858 0
    outer loop
      vertex 49.88552763742409 10.603496231705726 0
      vertex 50.062986355830866 9.731258764203785 0
      vertex 50.062986355830866 9.731258764203785 20
    endloop
  endfacet
  facet normal -0.9799247046208293 -0.19936793441719858 0
    outer loop
      vertex 49.88552763742409 10.603496231705726 0
      vertex 50.062986355830866 9.731258764203785 20
      vertex 49.88552763742409 10.603496231705726 20
    endloop
  endfacet
  facet normal 0 0 1
    outer loop
      vertex 49.88552763742409 10.603496231705726 20
      vertex 50.062986355830866 9.731258764203785 20
      vertex 51.5 51.25 20
    endloop
  endfacet
  facet normal -0.9832549075639564 0.18223552549213823 0
    outer loop
      vertex 50.062986355830866 -9.731258764203785 0
      vertex 50.062986355830866 -9.731258764203785 20
      vertex 50.22519540362261 -8.856057061013447 0
    endloop
  endfacet
  facet normal 0 0 1
    outer loop
      vertex 50.062986355830866 -9.731258764203785 0
      vertex 50.22519540362261 -8.856057061013447 0
      vertex 50.22519540362261 8.856057061013447 0
    endloop
  endfacet
  facet normal 0 0 1
    outer loop
      vertex 50.062986355830866 -9.731258764203785 0
      vertex 50.22519540362261 8.856057061013447 0
      vertex 50.062986355830866 9.731258764203785 0
    endloop
  endfacet
  facet normal -0.9832549075639564 0.18223552549213823 0
    outer loop
      vertex 50.062986355830866 -9.731258764203785 20
      vertex 50.22519540362261 -8.856057061013447 20
      vertex 50.22519540362261 -8.856057061013447 0
    endloop
  endfacet
  facet normal 0 0 1
    outer loop
      vertex 50.062986355830866 -9.731258764203785 20
      vertex 51.5 -51.25 20
      vertex 50.22519540362261 -8.856057061013447 20
    endloop
  endfacet
  facet normal -0.9832549075639564 -0.18223552549213823 0
    outer loop
      vertex 50.062986355830866 9.731258764203785 0
      vertex 50.22519540362261 8.856057061013447 0
      vertex 50.22519540362261 8.856057061013447 20
    endloop
  endfacet
  facet normal -0.9832549075639564 -0.18223552549213823 0
    outer loop
      vertex 50.062986355830866 9.731258764203785 0
      vertex 50.22519540362261 8.856057061013447 20
      vertex 50.062986355830866 9.731258764203785 20
    endloop
  endfacet
  facet normal 0 0 1
    outer loop
      vertex 50.062986355830866 9.731258764203785 20
      vertex 50.22519540362261 8.856057061013447 20
      vertex 51.5 51.25 20
    endloop
  endfacet
  facet normal -0.9862856015372305 0.16504760586068254 0
    outer loop
      vertex 50.22519540362261 -8.856057061013447 0
      vertex 50.22519540362261 -8.856057061013447 20
      vertex 50.372105370352024 -7.978157717051774 0
    endloop
  endfacet
  facet normal 0 0 1
    outer loop
      vertex 50.22519540362261 -8.856057061013447 0
      vertex 50.372105370352024 -7.978157717051774 0
      vertex 50.372105370352024 7.978157717051774 0
    endloop
  endfacet
  facet normal 0 0 1
    outer loop
      vertex 50.22519540362261 -8.856057061013447 0
      vertex 50.372105370352024 7.978157717051774 0
      vertex 50.22519540362261 8.856057061013447 0
    endloop
  endfacet
  facet normal -0.9862856015372305 0.16504760586068254 0
    outer loop
      vertex 50.22519540362261 -8.856057061013447 20
      vertex 50.372105370352024 -7.978157717051774 20
      vertex 50.372105370352024 -7.978157717051774 0
    endloop
  endfacet
  facet normal 0 0 1
    outer loop
      vertex 50.22519540362261 -8.856057061013447 20
      vertex 51.5 -51.25 20
      vertex 50.372105370352024 -7.978157717051774 20
    endloop
  endfacet
  facet normal -0.9862856015372305 -0.16504760586068254 0
    outer loop
      vertex 50.22519540362261 8.856057061013447 0
      vertex 50.372105370352024 7.978157717051774 0
      vertex 50.372105370352024 7.978157717051774 20
    endloop
  endfacet
  facet normal -0.9862856015372305 -0.16504760586068254 0
    outer loop
      vertex 50.22519540362261 8.856057061013447 0
      vertex 50.372105370352024 7.978157717051774 20
      vertex 50.22519540362261 8.856057061013447 20
    endloop
  endfacet
  facet normal 0 0 1
    outer loop
      vertex 50.22519540362261 8.856057061013447 20
      vertex 50.372105370352024 7.978157717051774 20
      vertex 51.5 51.25 20
    endloop
  endfacet
  facet normal -0.9890158633619166 0.14780941112961152 0
    outer loop
      vertex 50.372105370352024 -7.978157717051774 0
      vertex 50.372105370352024 -7.978157717051774 20
      vertex 50.50367150582009 -7.0978281489633375 0
    endloop
  endfacet
  facet normal 0 0 1
    outer loop
      vertex 50.372105370352024 -7.978157717051774 0
      vertex 50.50367150582009 -7.0978281489633375 0
      vertex 50.50367150582009 7.0978281489633375 0
    endloop
  endfacet
  facet normal 0 0 1
    outer loop
      vertex 50.372105370352024 -7.978157717051774 0
      vertex 50.50367150582009 7.0978281489633375 0
      vertex 50.372105370352024 7.978157717051774 0
    endloop
  endfacet
  facet normal -0.9890158633619166 0.14780941112961152 0
    outer loop
      vertex 50.372105370352024 -7.978157717051774 20
      vertex 50.50367150582009 -7.0978281489633375 20
      vertex 50.50367150582009 -7.0978281489633375 0
    endloop
  endfacet
  facet normal 0 0 1
    outer loop
      vertex 50.372105370352024 -7.978157717051774 20
      vertex 51.5 -51.25 20
      vertex 50.50367150582009 -7.0978281489633375 20
    endloop
  endfacet
  facet normal -0.9890158633619166 -0.14780941112961152 0
    outer loop
      vertex 50.372105370352024 7.978157717051774 0
      vertex 50.50367150582009 7.0978281489633375 0
      vertex 50.50367150582009 7.0978281489633375 20
    endloop
  endfacet
  facet normal -0.9890158633619166 -0.14780941112961152 0
    outer loop
      vertex 50.372105370352024 7.978157717051774 0
      vertex 50.50367150582009 7.0978281489633375 20
      vertex 50.372105370352024 7.978157717051774 20
    endloop
  endfacet
  facet normal 0 0 1
    outer loop
      vertex 50.372105370352024 7.978157717051774 20
      vertex 50.50367150582009 7.0978281489633375 20
      vertex 51.5 51.25 20
    endloop
  endfacet
  facet normal -0.9914448613738106 0.13052619222004955 0
    outer loop
      vertex 50.50367150582009 -7.0978281489633375 0
      vertex 50.50367150582009 -7.0978281489633375 20
      vertex 50.61985373370742 -6.215336513662521 0
    endloop
  endfacet
  facet normal 0 0 1
    outer loop
      vertex 50.50367150582009 -7.0978281489633375 0
      vertex 50.61985373370742 -6.215336513662521 0
      vertex 50.61985373370742 6.215336513662521 0
    endloop
  endfacet
  facet normal 0 0 1
    outer loop
      vertex 50.50367150582009 -7.0978281489633375 0
      vertex 50.61985373370742 6.215336513662521 0
      vertex 50.50367150582009 7.0978281489633375 0
    endloop
  endfacet
  facet normal -0.9914448613738106 0.13052619222004955 0
    outer loop
      vertex 50.50367150582009 -7.0978281489633375 20
      vertex 50.61985373370742 -6.215336513662521 20
      vertex 50.61985373370742 -6.215336513662521 0
    endloop
  endfacet
  facet normal 0 0 1
    outer loop
      vertex 50.50367150582009 -7.0978281489633375 20
      vertex 51.5 -51.25 20
      vertex 50.61985373370742 -6.215336513662521 20
    endloop
  endfacet
  facet normal -0.9914448613738106 -0.13052619222004955 0
    outer loop
      vertex 50.50367150582009 7.0978281489633375 0
      vertex 50.61985373370742 6.215336513662521 0
      vertex 50.61985373370742 6.215336513662521 20
    endloop
  endfacet
  facet normal -0.9914448613738106 -0.13052619222004955 0
    outer loop
      vertex 50.50367150582009 7.0978281489633375 0
      vertex 50.61985373370742 6.215336513662521 20
      vertex 50.50367150582009 7.0978281489633375 20
    endloop
  endfacet
  facet normal 0 0 1
    outer loop
      vertex 50.50367150582009 7.0978281489633375 20
      vertex 50.61985373370742 6.215336513662521 20
      vertex 51.5 51.25 20
    endloop
  endfacet
  facet normal -0.9935718556765873 0.11320321376790689 0
    outer loop
      vertex 50.61985373370742 -6.215336513662521 0
      vertex 50.61985373370742 -6.215336513662521 20
      vertex 50.72061666378194 -5.330951626650327 0
    endloop
  endfacet
  facet normal 0 0 1
    outer loop
      vertex 50.61985373370742 -6.215336513662521 0
      vertex 50.72061666378194 -5.330951626650327 0
      vertex 50.72061666378194 5.330951626650327 0
    endloop
  endfacet
  facet normal 0 0 1
    outer loop
      vertex 50.61985373370742 -6.215336513662521 0
      vertex 50.72061666378194 5.330951626650327 0
      vertex 50.61985373370742 6.215336513662521 0
    endloop
  endfacet
  facet normal -0.9935718556765873 0.11320321376790689 0
    outer loop
      vertex 50.61985373370742 -6.215336513662521 20
      vertex 50.72061666378194 -5.330951626650327 20
      vertex 50.72061666378194 -5.330951626650327 0
    endloop
  endfacet
  facet normal 0 0 1
    outer loop
      vertex 50.61985373370742 -6.215336513662521 20
      vertex 51.5 -51.25 20
      vertex 50.72061666378194 -5.330951626650327 20
    endloop
  endfacet
  facet normal -0.9935718556765873 -0.11320321376790689 0
    outer loop
      vertex 50.61985373370742 6.215336513662521 0
      vertex 50.72061666378194 5.330951626650327 0
      vertex 50.72061666378194 5.330951626650327 20
    endloop
  endfacet
  facet normal -0.9935718556765873 -0.11320321376790689 0
    outer loop
      vertex 50.61985373370742 6.215336513662521 0
      vertex 50.72061666378194 5.330951626650327 20
      vertex 50.61985373370742 6.215336513662521 20
    endloop
  endfacet
  facet normal 0 0 1
    outer loop
      vertex 50.61985373370742 6.215336513662521 20
      vertex 50.72061666378194 5.330951626650327 20
      vertex 51.5 51.25 20
    endloop
  endfacet
  facet normal -0.9953961983671787 0.09584575252022492 0
    outer loop
      vertex 50.72061666378194 -5.330951626650327 0
      vertex 50.72061666378194 -5.330951626650327 20
      vertex 50.80592960267902 -4.444942880130567 0
    endloop
  endfacet
  facet normal 0 0 1
    outer loop
      vertex 50.72061666378194 -5.330951626650327 0
      vertex 50.80592960267902 -4.444942880130567 0
      vertex 50.80592960267902 4.444942880130567 0
    endloop
  endfacet
  facet normal 0 0 1
    outer loop
      vertex 50.72061666378194 -5.330951626650327 0
      vertex 50.80592960267902 4.444942880130567 0
      vertex 50.72061666378194 5.330951626650327 0
    endloop
  endfacet
  facet normal -0.9953961983671787 0.09584575252022492 0
    outer loop
      vertex 50.72061666378194 -5.330951626650327 20
      vertex 50.80592960267902 -4.444942880130567 20
      vertex 50.80592960267902 -4.444942880130567 0
    endloop
  endfacet
  facet normal 0 0 1
    outer loop
      vertex 50.72061666378194 -5.330951626650327 20
      vertex 51.5 -51.25 20
      vertex 50.80592960267902 -4.444942880130567 20
    endloop
  endfacet
  facet normal -0.9953961983671787 -0.09584575252022492 0
    outer loop
      vertex 50.72061666378194 5.330951626650327 0
      vertex 50.80592960267902 4.444942880130567 0
      vertex 50.80592960267902 4.444942880130567 20
    endloop
  endfacet
  facet normal -0.9953961983671787 -0.09584575252022492 0
    outer loop
      vertex 50.72061666378194 5.330951626650327 0
      vertex 50.80592960267902 4.444942880130567 20
      vertex 50.72061666378194 5.330951626650327 20
    endloop
  endfacet
  facet normal 0 0 1
    outer loop
      vertex 50.72061666378194 5.330951626650327 20
      vertex 50.80592960267902 4.444942880130567 20
      vertex 51.5 51.25 20
    endloop
  endfacet
  facet normal -0.9969173337331281 0.07845909572784188 0
    outer loop
      vertex 50.80592960267902 -4.444942880130567 0
      vertex 50.80592960267902 -4.444942880130567 20
      vertex 50.875766563251034 -3.5575801609503905 0
    endloop
  endfacet
  facet normal 0 0 1
    outer loop
      vertex 50.80592960267902 -4.444942880130567 0
      vertex 50.875766563251034 -3.5575801609503905 0
      vertex 50.875766563251034 3.5575801609503905 0
    endloop
  endfacet
  facet normal 0 0 1
    outer loop
      vertex 50.80592960267902 -4.444942880130567 0
      vertex 50.875766563251034 3.5575801609503905 0
      vertex 50.80592960267902 4.444942880130567 0
    endloop
  endfacet
  facet normal -0.9969173337331281 0.07845909572784188 0
    outer loop
      vertex 50.80592960267902 -4.444942880130567 20
      vertex 50.875766563251034 -3.5575801609503905 20
      vertex 50.875766563251034 -3.5575801609503905 0
    endloop
  endfacet
  facet normal 0 0 1
    outer loop
      vertex 50.80592960267902 -4.444942880130567 20
      vertex 51.5 -51.25 20
      vertex 50.875766563251034 -3.5575801609503905 20
    endloop
  endfacet
  facet normal -0.9969173337331281 -0.07845909572784188 0
    outer loop
      vertex 50.80592960267902 4.444942880130567 0
      vertex 50.875766563251034 3.5575801609503905 0
      vertex 50.875766563251034 3.5575801609503905 20
    endloop
  endfacet
  facet normal -0.9969173337331281 -0.07845909572784188 0
    outer loop
      vertex 50.80592960267902 4.444942880130567 0
      vertex 50.875766563251034 3.5575801609503905 20
      vertex 50.80592960267902 4.444942880130567 20
    endloop
  endfacet
  facet normal 0 0 1
    outer loop
      vertex 50.80592960267902 4.444942880130567 20
      vertex 50.875766563251034 3.5575801609503905 20
      vertex 51.5 51.25 20
    endloop
  endfacet
  facet normal -0.9981347984218669 0.061048539534856776 0
    outer loop
      vertex 50.875766563251034 -3.5575801609503905 0
      vertex 50.875766563251034 -3.5575801609503905 20
      vertex 50.930106272483265 -2.6691337683901355 0
    endloop
  endfacet
  facet normal 0 0 1
    outer loop
      vertex 50.875766563251034 -3.5575801609503905 0
      vertex 50.930106272483265 -2.6691337683901355 0
      vertex 50.930106272483265 2.6691337683901355 0
    endloop
  endfacet
  facet normal 0 0 1
    outer loop
      vertex 50.875766563251034 -3.5575801609503905 0
      vertex 50.930106272483265 2.6691337683901355 0
      vertex 50.875766563251034 3.5575801609503905 0
    endloop
  endfacet
  facet normal -0.9981347984218669 0.061048539534856776 0
    outer loop
      vertex 50.875766563251034 -3.5575801609503905 20
      vertex 50.930106272483265 -2.6691337683901355 20
      vertex 50.930106272483265 -2.6691337683901355 0
    endloop
  endfacet
  facet normal 0 0 1
    outer loop
      vertex 50.875766563251034 -3.5575801609503905 20
      vertex 51.5 -51.25 20
      vertex 50.930106272483265 -2.6691337683901355 20
    endloop
  endfacet
  facet normal -0.9981347984218669 -0.061048539534856776 0
    outer loop
      vertex 50.875766563251034 3.5575801609503905 0
      vertex 50.930106272483265 2.6691337683901355 0
      vertex 50.930106272483265 2.6691337683901355 20
    endloop
  endfacet
  facet normal -0.9981347984218669 -0.061048539534856776 0
    outer loop
      vertex 50.875766563251034 3.5575801609503905 0
      vertex 50.930106272483265 2.6691337683901355 20
      vertex 50.875766563251034 3.5575801609503905 20
    endloop
  endfacet
  facet normal 0 0 1
    outer loop
      vertex 50.875766563251034 3.5575801609503905 20
      vertex 50.930106272483265 2.6691337683901355 20
      vertex 51.5 51.25 20
    endloop
  endfacet
  facet normal -0.9990482215818576 0.04361938736534039 0
    outer loop
      vertex 50.930106272483265 -2.6691337683901355 0
      vertex 50.930106272483265 -2.6691337683901355 20
      vertex 50.96893217797388 -1.7798743318275494 0
    endloop
  endfacet
  facet normal 0 0 1
    outer loop
      vertex 50.930106272483265 -2.6691337683901355 0
      vertex 50.96893217797388 -1.7798743318275494 0
      vertex 50.96893217797388 1.7798743318275494 0
    endloop
  endfacet
  facet normal 0 0 1
    outer loop
      vertex 50.930106272483265 -2.6691337683901355 0
      vertex 50.96893217797388 1.7798743318275494 0
      vertex 50.930106272483265 2.6691337683901355 0
    endloop
  endfacet
  facet normal -0.9990482215818576 0.04361938736534039 0
    outer loop
      vertex 50.930106272483265 -2.6691337683901355 20
      vertex 50.96893217797388 -1.7798743318275494 20
      vertex 50.96893217797388 -1.7798743318275494 0
    endloop
  endfacet
  facet normal 0 0 1
    outer loop
      vertex 50.930106272483265 -2.6691337683901355 20
      vertex 51.5 -51.25 20
      vertex 50.96893217797388 -1.7798743318275494 20
    endloop
  endfacet
  facet normal -0.9990482215818576 -0.04361938736534039 0
    outer loop
      vertex 50.930106272483265 2.6691337683901355 0
      vertex 50.96893217797388 1.7798743318275494 0
      vertex 50.96893217797388 1.7798743318275494 20
    endloop
  endfacet
  facet normal -0.9990482215818576 -0.04361938736534039 0
    outer loop
      vertex 50.930106272483265 2.6691337683901355 0
      vertex 50.96893217797388 1.7798743318275494 20
      vertex 50.930106272483265 2.6691337683901355 20
    endloop
  endfacet
  facet normal 0 0 1
    outer loop
      vertex 50.930106272483265 2.6691337683901355 20
      vertex 50.96893217797388 1.7798743318275494 20
      vertex 51.5 51.25 20
    endloop
  endfacet
  facet normal -0.9996573249755573 0.026176948307873933 0
    outer loop
      vertex 50.96893217797388 -1.7798743318275494 0
      vertex 50.96893217797388 -1.7798743318275494 20
      vertex 50.992232452975955 -0.8900727283014591 0
    endloop
  endfacet
  facet normal 0 0 1
    outer loop
      vertex 50.96893217797388 -1.7798743318275494 0
      vertex 50.992232452975955 -0.8900727283014591 0
      vertex 50.992232452975955 0.8900727283014591 0
    endloop
  endfacet
  facet normal 0 0 1
    outer loop
      vertex 50.96893217797388 -1.7798743318275494 0
      vertex 50.992232452975955 0.8900727283014591 0
      vertex 50.96893217797388 1.7798743318275494 0
    endloop
  endfacet
  facet normal -0.9996573249755573 0.026176948307873933 0
    outer loop
      vertex 50.96893217797388 -1.7798743318275494 20
      vertex 50.992232452975955 -0.8900727283014591 20
      vertex 50.992232452975955 -0.8900727283014591 0
    endloop
  endfacet
  facet normal 0 0 1
    outer loop
      vertex 50.96893217797388 -1.7798743318275494 20
      vertex 51.5 -51.25 20
      vertex 50.992232452975955 -0.8900727283014591 20
    endloop
  endfacet
  facet normal -0.9996573249755573 -0.026176948307873933 0
    outer loop
      vertex 50.96893217797388 1.7798743318275494 0
      vertex 50.992232452975955 0.8900727283014591 0
      vertex 50.992232452975955 0.8900727283014591 20
    endloop
  endfacet
  facet normal -0.9996573249755573 -0.026176948307873933 0
    outer loop
      vertex 50.96893217797388 1.7798743318275494 0
      vertex 50.992232452975955 0.8900727283014591 20
      vertex 50.96893217797388 1.7798743318275494 20
    endloop
  endfacet
  facet normal 0 0 1
    outer loop
      vertex 50.96893217797388 1.7798743318275494 20
      vertex 50.992232452975955 0.8900727283014591 20
      vertex 51.5 51.25 20
    endloop
  endfacet
  facet normal -0.9999619230641712 0.008726535498371943 0
    outer loop
      vertex 50.992232452975955 -0.8900727283014591 0
      vertex 50.992232452975955 -0.8900727283014591 20
      vertex 51 0 0
    endloop
  endfacet
  facet normal 0 0 1
    outer loop
      vertex 50.992232452975955 -0.8900727283014591 0
      vertex 51 0 0
      vertex 50.992232452975955 0.8900727283014591 0
    endloop
  endfacet
  facet normal -0.9999619230641712 0.008726535498371943 0
    outer loop
      vertex 50.992232452975955 -0.8900727283014591 20
      vertex 51 0 20
      vertex 51 0 0
    endloop
  endfacet
  facet normal 0 0 1
    outer loop
      vertex 50.992232452975955 -0.8900727283014591 20
      vertex 51.5 -51.25 20
      vertex 51.5 51.25 20
    endloop
  endfacet
  facet normal 0 0 1
    outer loop
      vertex 50.992232452975955 -0.8900727283014591 20
      vertex 51.5 51.25 20
      vertex 51 0 20
    endloop
  endfacet
  facet normal -0.9999619230641712 -0.008726535498371943 0
    outer loop
      vertex 50.992232452975955 0.8900727283014591 0
      vertex 51 0 0
      vertex 51 0 20
    endloop
  endfacet
  facet normal -0.9999619230641712 -0.008726535498371943 0
    outer loop
      vertex 50.992232452975955 0.8900727283014591 0
      vertex 51 0 20
      vertex 50.992232452975955 0.8900727283014591 20
    endloop
  endfacet
  facet normal 0 0 1
    outer loop
      vertex 50.992232452975955 0.8900727283014591 20
      vertex 51 0 20
      vertex 51.5 51.25 20
    endloop
  endfacet
  facet normal 1 0 0
    outer loop
      vertex 51.5 -51.25 -2
      vertex 51.5 51.25 -2
      vertex 51.5 -51.25 20
    endloop
  endfacet
  facet normal 1 0 0
    outer loop
      vertex 51.5 -51.25 20
      vertex 51.5 51.25 -2
      vertex 51.5 51.25 20
    endloop
  endfacet
endsolid OpenSCAD_Model
