solid OpenSCAD_Model
  facet normal -1 0 0
    outer loop
      vertex -14.5 -13.15 -2
      vertex -14.5 -13.15 4.9
      vertex -14.5 13.15 4.9
    endloop
  endfacet
  facet normal 0 0 -1
    outer loop
      vertex -14.5 -13.15 -2
      vertex -14.5 13.15 -2
      vertex 14.5 13.15 -2
    endloop
  endfacet
  facet normal -1 0 0
    outer loop
      vertex -14.5 -13.15 -2
      vertex -14.5 13.15 4.9
      vertex -14.5 13.15 -2
    endloop
  endfacet
  facet normal 0 -1 0
    outer loop
      vertex -14.5 -13.15 -2
      vertex 14.5 -13.15 -2
      vertex 14.5 -13.15 4.9
    endloop
  endfacet
  facet normal 0 -1 0
    outer loop
      vertex -14.5 -13.15 -2
      vertex 14.5 -13.15 4.9
      vertex -14.5 -13.15 4.9
    endloop
  endfacet
  facet normal 0 0 -1
    outer loop
      vertex -14.5 -13.15 -2
      vertex 14.5 13.15 -2
      vertex 14.5 -13.15 -2
    endloop
  endfacet
  facet normal 0 0 1
    outer loop
      vertex -14.5 -13.15 4.9
      vertex -12.65 0 4.9
      vertex -12.64807334372835 0.22077294143163642 4.9
    endloop
  endfacet
  facet normal 0 0 1
    outer loop
      vertex -14.5 -13.15 4.9
      vertex -12.64807334372835 -0.22077294143163642 4.9
      vertex -12.65 0 4.9
    endloop
  endfacet
  facet normal 0 0 1
    outer loop
      vertex -14.5 -13.15 4.9
      vertex -12.64807334372835 0.22077294143163642 4.9
      vertex -12.642293961791562 0.4414786332866373 4.9
    endloop
  endfacet
  facet normal 0 0 1
    outer loop
      vertex -14.5 -13.15 4.9
      vertex -12.642293961791562 -0.4414786332866373 4.9
      vertex -12.64807334372835 -0.22077294143163642 4.9
    endloop
  endfacet
  facet normal 0 0 1
    outer loop
      vertex -14.5 -13.15 4.9
      vertex -12.642293961791562 0.4414786332866373 4.9
      vertex -12.63266361464536 0.6620498464732395 4.9
    endloop
  endfacet
  facet normal 0 0 1
    outer loop
      vertex -14.5 -13.15 4.9
      vertex -12.63266361464536 -0.6620498464732395 4.9
      vertex -12.642293961791562 -0.4414786332866373 4.9
    endloop
  endfacet
  facet normal 0 0 1
    outer loop
      vertex -14.5 -13.15 4.9
      vertex -12.63266361464536 0.6620498464732395 4.9
      vertex -12.619185235786777 0.882419392863185 4.9
    endloop
  endfacet
  facet normal 0 0 1
    outer loop
      vertex -14.5 -13.15 4.9
      vertex -12.619185235786777 -0.882419392863185 4.9
      vertex -12.63266361464536 -0.6620498464732395 4.9
    endloop
  endfacet
  facet normal 0 0 1
    outer loop
      vertex -14.5 -13.15 4.9
      vertex -12.619185235786777 0.882419392863185 4.9
      vertex -12.601862930860582 1.102520145757876 4.9
    endloop
  endfacet
  facet normal 0 0 1
    outer loop
      vertex -14.5 -13.15 4.9
      vertex -12.601862930860582 -1.102520145757876 4.9
      vertex -12.619185235786777 -0.882419392863185 4.9
    endloop
  endfacet
  facet normal 0 0 1
    outer loop
      vertex -14.5 -13.15 4.9
      vertex -12.601862930860582 1.102520145757876 4.9
      vertex -12.580701976408658 1.3222850603358165 4.9
    endloop
  endfacet
  facet normal 0 0 1
    outer loop
      vertex -14.5 -13.15 4.9
      vertex -12.580701976408658 -1.3222850603358165 4.9
      vertex -12.601862930860582 -1.102520145757876 4.9
    endloop
  endfacet
  facet normal 0 0 1
    outer loop
      vertex -14.5 -13.15 4.9
      vertex -12.580701976408658 1.3222850603358165 4.9
      vertex -12.555708818262723 1.5416471940751155 4.9
    endloop
  endfacet
  facet normal 0 0 1
    outer loop
      vertex -14.5 -13.15 4.9
      vertex -12.555708818262723 -1.5416471940751155 4.9
      vertex -12.580701976408658 -1.3222850603358165 4.9
    endloop
  endfacet
  facet normal 0 0 1
    outer loop
      vertex -14.5 -13.15 4.9
      vertex -12.555708818262723 1.5416471940751155 4.9
      vertex -12.526891069580865 1.7605397271448278 4.9
    endloop
  endfacet
  facet normal 0 0 1
    outer loop
      vertex -14.5 -13.15 4.9
      vertex -12.526891069580865 -1.7605397271448278 4.9
      vertex -12.555708818262723 -1.5416471940751155 4.9
    endloop
  endfacet
  facet normal 0 0 1
    outer loop
      vertex -14.5 -13.15 4.9
      vertex -12.526891069580865 1.7605397271448278 4.9
      vertex -14.5 13.15 4.9
    endloop
  endfacet
  facet normal 0 0 1
    outer loop
      vertex -14.5 -13.15 4.9
      vertex -12.494257508528493 -1.9788959827589205 4.9
      vertex -12.526891069580865 -1.7605397271448278 4.9
    endloop
  endfacet
  facet normal 0 0 1
    outer loop
      vertex -14.5 -13.15 4.9
      vertex -12.457818075604433 -2.196649447486669 4.9
      vertex -12.494257508528493 -1.9788959827589205 4.9
    endloop
  endfacet
  facet normal 0 0 1
    outer loop
      vertex -14.5 -13.15 4.9
      vertex -12.41758387061295 -2.413733791513292 4.9
      vertex -12.457818075604433 -2.196649447486669 4.9
    endloop
  endfacet
  facet normal 0 0 1
    outer loop
      vertex -14.5 -13.15 4.9
      vertex -12.373567149282643 -2.630082888844656 4.9
      vertex -12.41758387061295 -2.413733791513292 4.9
    endloop
  endfacet
  facet normal 0 0 1
    outer loop
      vertex -14.5 -13.15 4.9
      vertex -12.325781319533226 -2.8456308374498924 4.9
      vertex -12.373567149282643 -2.630082888844656 4.9
    endloop
  endfacet
  facet normal 0 0 1
    outer loop
      vertex -14.5 -13.15 4.9
      vertex -12.274240937391356 -3.060311979335797 4.9
      vertex -12.325781319533226 -2.8456308374498924 4.9
    endloop
  endfacet
  facet normal 0 0 1
    outer loop
      vertex -14.5 -13.15 4.9
      vertex -12.218961702556715 -3.2740609205468876 4.9
      vertex -12.274240937391356 -3.060311979335797 4.9
    endloop
  endfacet
  facet normal 0 0 1
    outer loop
      vertex -14.5 -13.15 4.9
      vertex -12.159960453619734 -3.4868125510850394 4.9
      vertex -12.218961702556715 -3.2740609205468876 4.9
    endloop
  endfacet
  facet normal 0 0 1
    outer loop
      vertex -14.5 -13.15 4.9
      vertex -12.097255162932399 -3.69850206474262 4.9
      vertex -12.159960453619734 -3.4868125510850394 4.9
    endloop
  endfacet
  facet normal 0 0 1
    outer loop
      vertex -14.5 -13.15 4.9
      vertex -12.030864931133692 -3.9090649788430847 4.9
      vertex -12.097255162932399 -3.69850206474262 4.9
    endloop
  endfacet
  facet normal 0 0 1
    outer loop
      vertex -14.5 -13.15 4.9
      vertex -11.960809981331359 -4.118437153883033 4.9
      vertex -12.030864931133692 -3.9090649788430847 4.9
    endloop
  endfacet
  facet normal 0 0 1
    outer loop
      vertex -14.5 -13.15 4.9
      vertex -11.887111652941742 -4.326554813069709 4.9
      vertex -11.960809981331359 -4.118437153883033 4.9
    endloop
  endfacet
  facet normal 0 0 1
    outer loop
      vertex -14.5 -13.15 4.9
      vertex -11.809792395189602 -4.533354561748048 4.9
      vertex -11.887111652941742 -4.326554813069709 4.9
    endloop
  endfacet
  facet normal 0 0 1
    outer loop
      vertex -14.5 -13.15 4.9
      vertex -11.728875760269862 -4.738773406711287 4.9
      vertex -11.809792395189602 -4.533354561748048 4.9
    endloop
  endfacet
  facet normal 0 0 1
    outer loop
      vertex -14.5 -13.15 4.9
      vertex -11.64438639617337 -4.942748775389314 4.9
      vertex -11.728875760269862 -4.738773406711287 4.9
    endloop
  endfacet
  facet normal 0 0 1
    outer loop
      vertex -14.5 -13.15 4.9
      vertex -11.556350039178902 -5.145218534908873 4.9
      vertex -11.64438639617337 -4.942748775389314 4.9
    endloop
  endfacet
  facet normal 0 0 1
    outer loop
      vertex -14.5 -13.15 4.9
      vertex -11.464793506013622 -5.346121011019848 4.9
      vertex -11.556350039178902 -5.145218534908873 4.9
    endloop
  endfacet
  facet normal 0 0 1
    outer loop
      vertex -14.5 -13.15 4.9
      vertex -11.369744685684463 -5.545395006881829 4.9
      vertex -11.464793506013622 -5.346121011019848 4.9
    endloop
  endfacet
  facet normal 0 0 1
    outer loop
      vertex -14.5 -13.15 4.9
      vertex -11.271232530982854 -5.7429798217052666 4.9
      vertex -11.369744685684463 -5.545395006881829 4.9
    endloop
  endfacet
  facet normal 0 0 1
    outer loop
      vertex -14.5 -13.15 4.9
      vertex -11.169287049665426 -5.938815269241519 4.9
      vertex -11.271232530982854 -5.7429798217052666 4.9
    endloop
  endfacet
  facet normal 0 0 1
    outer loop
      vertex -14.5 -13.15 4.9
      vertex -11.063939295313357 -6.132841696116164 4.9
      vertex -11.169287049665426 -5.938815269241519 4.9
    endloop
  endfacet
  facet normal 0 0 1
    outer loop
      vertex -14.5 -13.15 4.9
      vertex -10.955221357873148 -6.325 4.9
      vertex -11.063939295313357 -6.132841696116164 4.9
    endloop
  endfacet
  facet normal 0 0 1
    outer loop
      vertex -14.5 -13.15 4.9
      vertex -10.84316635388172 -6.515231647612185 4.9
      vertex -10.955221357873148 -6.325 4.9
    endloop
  endfacet
  facet normal 0 0 1
    outer loop
      vertex -14.5 -13.15 4.9
      vertex -10.727808416378789 -6.703478692550042 4.9
      vertex -10.84316635388172 -6.515231647612185 4.9
    endloop
  endfacet
  facet normal 0 0 1
    outer loop
      vertex -14.5 -13.15 4.9
      vertex -10.609182684509614 -6.889683792940093 4.9
      vertex -10.727808416378789 -6.703478692550042 4.9
    endloop
  endfacet
  facet normal 0 0 1
    outer loop
      vertex -14.5 -13.15 4.9
      vertex -10.487325292821277 -7.073790228904948 4.9
      vertex -10.609182684509614 -6.889683792940093 4.9
    endloop
  endfacet
  facet normal 0 0 1
    outer loop
      vertex -14.5 -13.15 4.9
      vertex -10.362273360255747 -7.255741919840733 4.9
      vertex -10.487325292821277 -7.073790228904948 4.9
    endloop
  endfacet
  facet normal 0 0 1
    outer loop
      vertex -14.5 -13.15 4.9
      vertex -10.234064978843085 -7.435483441499786 4.9
      vertex -10.362273360255747 -7.255741919840733 4.9
    endloop
  endfacet
  facet normal 0 0 1
    outer loop
      vertex -14.5 -13.15 4.9
      vertex -10.102739202098254 -7.612960042873411 4.9
      vertex -10.234064978843085 -7.435483441499786 4.9
    endloop
  endfacet
  facet normal 0 0 1
    outer loop
      vertex -14.5 -13.15 4.9
      vertex -9.968336033125032 -7.788117662869578 4.9
      vertex -10.102739202098254 -7.612960042873411 4.9
    endloop
  endfacet
  facet normal 0 0 1
    outer loop
      vertex -14.5 -13.15 4.9
      vertex -9.830896412430683 -7.960902946780443 4.9
      vertex -9.968336033125032 -7.788117662869578 4.9
    endloop
  endfacet
  facet normal 0 0 1
    outer loop
      vertex -14.5 -13.15 4.9
      vertex -9.690462205455072 -8.131263262534722 4.9
      vertex -9.830896412430683 -7.960902946780443 4.9
    endloop
  endfacet
  facet normal 0 0 1
    outer loop
      vertex -14.5 -13.15 4.9
      vertex -9.547076189818066 -8.299146716729917 4.9
      vertex -9.690462205455072 -8.131263262534722 4.9
    endloop
  endfacet
  facet normal 0 0 1
    outer loop
      vertex -14.5 -13.15 4.9
      vertex -9.400782042289038 -8.464502170439557 4.9
      vertex -9.547076189818066 -8.299146716729917 4.9
    endloop
  endfacet
  facet normal 0 0 1
    outer loop
      vertex -14.5 -13.15 4.9
      vertex -9.251624325482506 -8.627279254790606 4.9
      vertex -9.400782042289038 -8.464502170439557 4.9
    endloop
  endfacet
  facet normal 0 0 1
    outer loop
      vertex -14.5 -13.15 4.9
      vertex -9.099648474283939 -8.787428386306315 4.9
      vertex -9.251624325482506 -8.627279254790606 4.9
    endloop
  endfacet
  facet normal 0 0 1
    outer loop
      vertex -14.5 -13.15 4.9
      vertex -8.944900782009826 -8.944900782009826 4.9
      vertex -9.099648474283939 -8.787428386306315 4.9
    endloop
  endfacet
  facet normal 0 0 1
    outer loop
      vertex -14.5 -13.15 4.9
      vertex -8.787428386306315 -9.099648474283939 4.9
      vertex -8.944900782009826 -8.944900782009826 4.9
    endloop
  endfacet
  facet normal 0 0 1
    outer loop
      vertex -14.5 -13.15 4.9
      vertex -8.627279254790606 -9.251624325482506 4.9
      vertex -8.787428386306315 -9.099648474283939 4.9
    endloop
  endfacet
  facet normal 0 0 1
    outer loop
      vertex -14.5 -13.15 4.9
      vertex -8.464502170439557 -9.400782042289038 4.9
      vertex -8.627279254790606 -9.251624325482506 4.9
    endloop
  endfacet
  facet normal 0 0 1
    outer loop
      vertex -14.5 -13.15 4.9
      vertex -8.299146716729917 -9.547076189818066 4.9
      vertex -8.464502170439557 -9.400782042289038 4.9
    endloop
  endfacet
  facet normal 0 0 1
    outer loop
      vertex -14.5 -13.15 4.9
      vertex -8.131263262534722 -9.690462205455072 4.9
      vertex -8.299146716729917 -9.547076189818066 4.9
    endloop
  endfacet
  facet normal 0 0 1
    outer loop
      vertex -14.5 -13.15 4.9
      vertex -7.960902946780443 -9.830896412430683 4.9
      vertex -8.131263262534722 -9.690462205455072 4.9
    endloop
  endfacet
  facet normal 0 0 1
    outer loop
      vertex -14.5 -13.15 4.9
      vertex -7.788117662869578 -9.968336033125032 4.9
      vertex -7.960902946780443 -9.830896412430683 4.9
    endloop
  endfacet
  facet normal 0 0 1
    outer loop
      vertex -14.5 -13.15 4.9
      vertex -7.612960042873411 -10.102739202098254 4.9
      vertex -7.788117662869578 -9.968336033125032 4.9
    endloop
  endfacet
  facet normal 0 0 1
    outer loop
      vertex -14.5 -13.15 4.9
      vertex -7.435483441499786 -10.234064978843085 4.9
      vertex -7.612960042873411 -10.102739202098254 4.9
    endloop
  endfacet
  facet normal 0 0 1
    outer loop
      vertex -14.5 -13.15 4.9
      vertex -7.255741919840733 -10.362273360255747 4.9
      vertex -7.435483441499786 -10.234064978843085 4.9
    endloop
  endfacet
  facet normal 0 0 1
    outer loop
      vertex -14.5 -13.15 4.9
      vertex -7.073790228904948 -10.487325292821277 4.9
      vertex -7.255741919840733 -10.362273360255747 4.9
    endloop
  endfacet
  facet normal 0 0 1
    outer loop
      vertex -14.5 -13.15 4.9
      vertex -6.889683792940093 -10.609182684509614 4.9
      vertex -7.073790228904948 -10.487325292821277 4.9
    endloop
  endfacet
  facet normal 0 0 1
    outer loop
      vertex -14.5 -13.15 4.9
      vertex -6.703478692550042 -10.727808416378789 4.9
      vertex -6.889683792940093 -10.609182684509614 4.9
    endloop
  endfacet
  facet normal 0 0 1
    outer loop
      vertex -14.5 -13.15 4.9
      vertex -6.515231647612185 -10.84316635388172 4.9
      vertex -6.703478692550042 -10.727808416378789 4.9
    endloop
  endfacet
  facet normal 0 0 1
    outer loop
      vertex -14.5 -13.15 4.9
      vertex -6.325 -10.955221357873148 4.9
      vertex -6.515231647612185 -10.84316635388172 4.9
    endloop
  endfacet
  facet normal 0 0 1
    outer loop
      vertex -14.5 -13.15 4.9
      vertex -6.132841696116164 -11.063939295313357 4.9
      vertex -6.325 -10.955221357873148 4.9
    endloop
  endfacet
  facet normal 0 0 1
    outer loop
      vertex -14.5 -13.15 4.9
      vertex -5.938815269241519 -11.169287049665426 4.9
      vertex -6.132841696116164 -11.063939295313357 4.9
    endloop
  endfacet
  facet normal 0 0 1
    outer loop
      vertex -14.5 -13.15 4.9
      vertex -5.7429798217052666 -11.271232530982854 4.9
      vertex -5.938815269241519 -11.169287049665426 4.9
    endloop
  endfacet
  facet normal 0 0 1
    outer loop
      vertex -14.5 -13.15 4.9
      vertex -5.545395006881829 -11.369744685684463 4.9
      vertex -5.7429798217052666 -11.271232530982854 4.9
    endloop
  endfacet
  facet normal 0 0 1
    outer loop
      vertex -14.5 -13.15 4.9
      vertex -5.346121011019848 -11.464793506013622 4.9
      vertex -5.545395006881829 -11.369744685684463 4.9
    endloop
  endfacet
  facet normal 0 0 1
    outer loop
      vertex -14.5 -13.15 4.9
      vertex -5.145218534908873 -11.556350039178902 4.9
      vertex -5.346121011019848 -11.464793506013622 4.9
    endloop
  endfacet
  facet normal 0 0 1
    outer loop
      vertex -14.5 -13.15 4.9
      vertex -4.942748775389314 -11.64438639617337 4.9
      vertex -5.145218534908873 -11.556350039178902 4.9
    endloop
  endfacet
  facet normal 0 0 1
    outer loop
      vertex -14.5 -13.15 4.9
      vertex -4.738773406711287 -11.728875760269862 4.9
      vertex -4.942748775389314 -11.64438639617337 4.9
    endloop
  endfacet
  facet normal 0 0 1
    outer loop
      vertex -14.5 -13.15 4.9
      vertex -4.533354561748048 -11.809792395189602 4.9
      vertex -4.738773406711287 -11.728875760269862 4.9
    endloop
  endfacet
  facet normal 0 0 1
    outer loop
      vertex -14.5 -13.15 4.9
      vertex -4.326554813069709 -11.887111652941742 4.9
      vertex -4.533354561748048 -11.809792395189602 4.9
    endloop
  endfacet
  facet normal 0 0 1
    outer loop
      vertex -14.5 -13.15 4.9
      vertex -4.118437153883033 -11.960809981331359 4.9
      vertex -4.326554813069709 -11.887111652941742 4.9
    endloop
  endfacet
  facet normal 0 0 1
    outer loop
      vertex -14.5 -13.15 4.9
      vertex -3.9090649788430847 -12.030864931133692 4.9
      vertex -4.118437153883033 -11.960809981331359 4.9
    endloop
  endfacet
  facet normal 0 0 1
    outer loop
      vertex -14.5 -13.15 4.9
      vertex -3.69850206474262 -12.097255162932399 4.9
      vertex -3.9090649788430847 -12.030864931133692 4.9
    endloop
  endfacet
  facet normal 0 0 1
    outer loop
      vertex -14.5 -13.15 4.9
      vertex -3.4868125510850394 -12.159960453619734 4.9
      vertex -3.69850206474262 -12.097255162932399 4.9
    endloop
  endfacet
  facet normal 0 0 1
    outer loop
      vertex -14.5 -13.15 4.9
      vertex -3.2740609205468876 -12.218961702556715 4.9
      vertex -3.4868125510850394 -12.159960453619734 4.9
    endloop
  endfacet
  facet normal 0 0 1
    outer loop
      vertex -14.5 -13.15 4.9
      vertex -3.060311979335797 -12.274240937391356 4.9
      vertex -3.2740609205468876 -12.218961702556715 4.9
    endloop
  endfacet
  facet normal 0 0 1
    outer loop
      vertex -14.5 -13.15 4.9
      vertex -2.8456308374498924 -12.325781319533226 4.9
      vertex -3.060311979335797 -12.274240937391356 4.9
    endloop
  endfacet
  facet normal 0 0 1
    outer loop
      vertex -14.5 -13.15 4.9
      vertex -2.630082888844656 -12.373567149282643 4.9
      vertex -2.8456308374498924 -12.325781319533226 4.9
    endloop
  endfacet
  facet normal 0 0 1
    outer loop
      vertex -14.5 -13.15 4.9
      vertex -2.413733791513292 -12.41758387061295 4.9
      vertex -2.630082888844656 -12.373567149282643 4.9
    endloop
  endfacet
  facet normal 0 0 1
    outer loop
      vertex -14.5 -13.15 4.9
      vertex -2.196649447486669 -12.457818075604433 4.9
      vertex -2.413733791513292 -12.41758387061295 4.9
    endloop
  endfacet
  facet normal 0 0 1
    outer loop
      vertex -14.5 -13.15 4.9
      vertex -1.9788959827589205 -12.494257508528493 4.9
      vertex -2.196649447486669 -12.457818075604433 4.9
    endloop
  endfacet
  facet normal 0 0 1
    outer loop
      vertex -14.5 -13.15 4.9
      vertex -1.7605397271448278 -12.526891069580865 4.9
      vertex -1.9788959827589205 -12.494257508528493 4.9
    endloop
  endfacet
  facet normal 0 0 1
    outer loop
      vertex -14.5 -13.15 4.9
      vertex -1.5416471940751155 -12.555708818262723 4.9
      vertex -1.7605397271448278 -12.526891069580865 4.9
    endloop
  endfacet
  facet normal 0 0 1
    outer loop
      vertex -14.5 -13.15 4.9
      vertex -1.3222850603358165 -12.580701976408658 4.9
      vertex -1.5416471940751155 -12.555708818262723 4.9
    endloop
  endfacet
  facet normal 0 0 1
    outer loop
      vertex -14.5 -13.15 4.9
      vertex -1.102520145757876 -12.601862930860582 4.9
      vertex -1.3222850603358165 -12.580701976408658 4.9
    endloop
  endfacet
  facet normal 0 0 1
    outer loop
      vertex -14.5 -13.15 4.9
      vertex -0.882419392863185 -12.619185235786777 4.9
      vertex -1.102520145757876 -12.601862930860582 4.9
    endloop
  endfacet
  facet normal 0 0 1
    outer loop
      vertex -14.5 -13.15 4.9
      vertex -0.6620498464732395 -12.63266361464536 4.9
      vertex -0.882419392863185 -12.619185235786777 4.9
    endloop
  endfacet
  facet normal 0 0 1
    outer loop
      vertex -14.5 -13.15 4.9
      vertex -0.4414786332866373 -12.642293961791562 4.9
      vertex -0.6620498464732395 -12.63266361464536 4.9
    endloop
  endfacet
  facet normal 0 0 1
    outer loop
      vertex -14.5 -13.15 4.9
      vertex -0.22077294143163642 -12.64807334372835 4.9
      vertex -0.4414786332866373 -12.642293961791562 4.9
    endloop
  endfacet
  facet normal 0 0 1
    outer loop
      vertex -14.5 -13.15 4.9
      vertex 0 -12.65 4.9
      vertex -0.22077294143163642 -12.64807334372835 4.9
    endloop
  endfacet
  facet normal 0 0 1
    outer loop
      vertex -14.5 -13.15 4.9
      vertex 0.22077294143163642 -12.64807334372835 4.9
      vertex 0 -12.65 4.9
    endloop
  endfacet
  facet normal 0 0 1
    outer loop
      vertex -14.5 -13.15 4.9
      vertex 0.4414786332866373 -12.642293961791562 4.9
      vertex 0.22077294143163642 -12.64807334372835 4.9
    endloop
  endfacet
  facet normal 0 0 1
    outer loop
      vertex -14.5 -13.15 4.9
      vertex 14.5 -13.15 4.9
      vertex 0.4414786332866373 -12.642293961791562 4.9
    endloop
  endfacet
  facet normal 0 1 0
    outer loop
      vertex -14.5 13.15 -2
      vertex -14.5 13.15 4.9
      vertex 14.5 13.15 -2
    endloop
  endfacet
  facet normal 0 0 1
    outer loop
      vertex -14.5 13.15 4.9
      vertex -12.526891069580865 1.7605397271448278 4.9
      vertex -12.494257508528493 1.9788959827589205 4.9
    endloop
  endfacet
  facet normal 0 0 1
    outer loop
      vertex -14.5 13.15 4.9
      vertex -12.494257508528493 1.9788959827589205 4.9
      vertex -12.457818075604433 2.196649447486669 4.9
    endloop
  endfacet
  facet normal 0 0 1
    outer loop
      vertex -14.5 13.15 4.9
      vertex -12.457818075604433 2.196649447486669 4.9
      vertex -12.41758387061295 2.413733791513292 4.9
    endloop
  endfacet
  facet normal 0 0 1
    outer loop
      vertex -14.5 13.15 4.9
      vertex -12.41758387061295 2.413733791513292 4.9
      vertex -12.373567149282643 2.630082888844656 4.9
    endloop
  endfacet
  facet normal 0 0 1
    outer loop
      vertex -14.5 13.15 4.9
      vertex -12.373567149282643 2.630082888844656 4.9
      vertex -12.325781319533226 2.8456308374498924 4.9
    endloop
  endfacet
  facet normal 0 0 1
    outer loop
      vertex -14.5 13.15 4.9
      vertex -12.325781319533226 2.8456308374498924 4.9
      vertex -12.274240937391356 3.060311979335797 4.9
    endloop
  endfacet
  facet normal 0 0 1
    outer loop
      vertex -14.5 13.15 4.9
      vertex -12.274240937391356 3.060311979335797 4.9
      vertex -12.218961702556715 3.2740609205468876 4.9
    endloop
  endfacet
  facet normal 0 0 1
    outer loop
      vertex -14.5 13.15 4.9
      vertex -12.218961702556715 3.2740609205468876 4.9
      vertex -12.159960453619734 3.4868125510850394 4.9
    endloop
  endfacet
  facet normal 0 0 1
    outer loop
      vertex -14.5 13.15 4.9
      vertex -12.159960453619734 3.4868125510850394 4.9
      vertex -12.097255162932399 3.69850206474262 4.9
    endloop
  endfacet
  facet normal 0 0 1
    outer loop
      vertex -14.5 13.15 4.9
      vertex -12.097255162932399 3.69850206474262 4.9
      vertex -12.030864931133692 3.9090649788430847 4.9
    endloop
  endfacet
  facet normal 0 0 1
    outer loop
      vertex -14.5 13.15 4.9
      vertex -12.030864931133692 3.9090649788430847 4.9
      vertex -11.960809981331359 4.118437153883033 4.9
    endloop
  endfacet
  facet normal 0 0 1
    outer loop
      vertex -14.5 13.15 4.9
      vertex -11.960809981331359 4.118437153883033 4.9
      vertex -11.887111652941742 4.326554813069709 4.9
    endloop
  endfacet
  facet normal 0 0 1
    outer loop
      vertex -14.5 13.15 4.9
      vertex -11.887111652941742 4.326554813069709 4.9
      vertex -11.809792395189602 4.533354561748048 4.9
    endloop
  endfacet
  facet normal 0 0 1
    outer loop
      vertex -14.5 13.15 4.9
      vertex -11.809792395189602 4.533354561748048 4.9
      vertex -11.728875760269862 4.738773406711287 4.9
    endloop
  endfacet
  facet normal 0 0 1
    outer loop
      vertex -14.5 13.15 4.9
      vertex -11.728875760269862 4.738773406711287 4.9
      vertex -11.64438639617337 4.942748775389314 4.9
    endloop
  endfacet
  facet normal 0 0 1
    outer loop
      vertex -14.5 13.15 4.9
      vertex -11.64438639617337 4.942748775389314 4.9
      vertex -11.556350039178902 5.145218534908873 4.9
    endloop
  endfacet
  facet normal 0 0 1
    outer loop
      vertex -14.5 13.15 4.9
      vertex -11.556350039178902 5.145218534908873 4.9
      vertex -11.464793506013622 5.346121011019848 4.9
    endloop
  endfacet
  facet normal 0 0 1
    outer loop
      vertex -14.5 13.15 4.9
      vertex -11.464793506013622 5.346121011019848 4.9
      vertex -11.369744685684463 5.545395006881829 4.9
    endloop
  endfacet
  facet normal 0 0 1
    outer loop
      vertex -14.5 13.15 4.9
      vertex -11.369744685684463 5.545395006881829 4.9
      vertex -11.271232530982854 5.7429798217052666 4.9
    endloop
  endfacet
  facet normal 0 0 1
    outer loop
      vertex -14.5 13.15 4.9
      vertex -11.271232530982854 5.7429798217052666 4.9
      vertex -11.169287049665426 5.938815269241519 4.9
    endloop
  endfacet
  facet normal 0 0 1
    outer loop
      vertex -14.5 13.15 4.9
      vertex -11.169287049665426 5.938815269241519 4.9
      vertex -11.063939295313357 6.132841696116164 4.9
    endloop
  endfacet
  facet normal 0 0 1
    outer loop
      vertex -14.5 13.15 4.9
      vertex -11.063939295313357 6.132841696116164 4.9
      vertex -10.955221357873148 6.325 4.9
    endloop
  endfacet
  facet normal 0 0 1
    outer loop
      vertex -14.5 13.15 4.9
      vertex -10.955221357873148 6.325 4.9
      vertex -10.84316635388172 6.515231647612185 4.9
    endloop
  endfacet
  facet normal 0 0 1
    outer loop
      vertex -14.5 13.15 4.9
      vertex -10.84316635388172 6.515231647612185 4.9
      vertex -10.727808416378789 6.703478692550042 4.9
    endloop
  endfacet
  facet normal 0 0 1
    outer loop
      vertex -14.5 13.15 4.9
      vertex -10.727808416378789 6.703478692550042 4.9
      vertex -10.609182684509614 6.889683792940093 4.9
    endloop
  endfacet
  facet normal 0 0 1
    outer loop
      vertex -14.5 13.15 4.9
      vertex -10.609182684509614 6.889683792940093 4.9
      vertex -10.487325292821277 7.073790228904948 4.9
    endloop
  endfacet
  facet normal 0 0 1
    outer loop
      vertex -14.5 13.15 4.9
      vertex -10.487325292821277 7.073790228904948 4.9
      vertex -10.362273360255747 7.255741919840733 4.9
    endloop
  endfacet
  facet normal 0 0 1
    outer loop
      vertex -14.5 13.15 4.9
      vertex -10.362273360255747 7.255741919840733 4.9
      vertex -10.234064978843085 7.435483441499786 4.9
    endloop
  endfacet
  facet normal 0 0 1
    outer loop
      vertex -14.5 13.15 4.9
      vertex -10.234064978843085 7.435483441499786 4.9
      vertex -10.102739202098254 7.612960042873411 4.9
    endloop
  endfacet
  facet normal 0 0 1
    outer loop
      vertex -14.5 13.15 4.9
      vertex -10.102739202098254 7.612960042873411 4.9
      vertex -9.968336033125032 7.788117662869578 4.9
    endloop
  endfacet
  facet normal 0 0 1
    outer loop
      vertex -14.5 13.15 4.9
      vertex -9.968336033125032 7.788117662869578 4.9
      vertex -9.830896412430683 7.960902946780443 4.9
    endloop
  endfacet
  facet normal 0 0 1
    outer loop
      vertex -14.5 13.15 4.9
      vertex -9.830896412430683 7.960902946780443 4.9
      vertex -9.690462205455072 8.131263262534722 4.9
    endloop
  endfacet
  facet normal 0 0 1
    outer loop
      vertex -14.5 13.15 4.9
      vertex -9.690462205455072 8.131263262534722 4.9
      vertex -9.547076189818066 8.299146716729917 4.9
    endloop
  endfacet
  facet normal 0 0 1
    outer loop
      vertex -14.5 13.15 4.9
      vertex -9.547076189818066 8.299146716729917 4.9
      vertex -9.400782042289038 8.464502170439557 4.9
    endloop
  endfacet
  facet normal 0 0 1
    outer loop
      vertex -14.5 13.15 4.9
      vertex -9.400782042289038 8.464502170439557 4.9
      vertex -9.251624325482506 8.627279254790606 4.9
    endloop
  endfacet
  facet normal 0 0 1
    outer loop
      vertex -14.5 13.15 4.9
      vertex -9.251624325482506 8.627279254790606 4.9
      vertex -9.099648474283939 8.787428386306315 4.9
    endloop
  endfacet
  facet normal 0 0 1
    outer loop
      vertex -14.5 13.15 4.9
      vertex -9.099648474283939 8.787428386306315 4.9
      vertex -8.944900782009826 8.944900782009826 4.9
    endloop
  endfacet
  facet normal 0 0 1
    outer loop
      vertex -14.5 13.15 4.9
      vertex -8.944900782009826 8.944900782009826 4.9
      vertex -8.787428386306315 9.099648474283939 4.9
    endloop
  endfacet
  facet normal 0 0 1
    outer loop
      vertex -14.5 13.15 4.9
      vertex -8.787428386306315 9.099648474283939 4.9
      vertex -8.627279254790606 9.251624325482506 4.9
    endloop
  endfacet
  facet normal 0 0 1
    outer loop
      vertex -14.5 13.15 4.9
      vertex -8.627279254790606 9.251624325482506 4.9
      vertex -8.464502170439557 9.400782042289038 4.9
    endloop
  endfacet
  facet normal 0 0 1
    outer loop
      vertex -14.5 13.15 4.9
      vertex -8.464502170439557 9.400782042289038 4.9
      vertex -8.299146716729917 9.547076189818066 4.9
    endloop
  endfacet
  facet normal 0 0 1
    outer loop
      vertex -14.5 13.15 4.9
      vertex -8.299146716729917 9.547076189818066 4.9
      vertex -8.131263262534722 9.690462205455072 4.9
    endloop
  endfacet
  facet normal 0 0 1
    outer loop
      vertex -14.5 13.15 4.9
      vertex -8.131263262534722 9.690462205455072 4.9
      vertex -7.960902946780443 9.830896412430683 4.9
    endloop
  endfacet
  facet normal 0 0 1
    outer loop
      vertex -14.5 13.15 4.9
      vertex -7.960902946780443 9.830896412430683 4.9
      vertex -7.788117662869578 9.968336033125032 4.9
    endloop
  endfacet
  facet normal 0 0 1
    outer loop
      vertex -14.5 13.15 4.9
      vertex -7.788117662869578 9.968336033125032 4.9
      vertex -7.612960042873411 10.102739202098254 4.9
    endloop
  endfacet
  facet normal 0 0 1
    outer loop
      vertex -14.5 13.15 4.9
      vertex -7.612960042873411 10.102739202098254 4.9
      vertex -7.435483441499786 10.234064978843085 4.9
    endloop
  endfacet
  facet normal 0 0 1
    outer loop
      vertex -14.5 13.15 4.9
      vertex -7.435483441499786 10.234064978843085 4.9
      vertex -7.255741919840733 10.362273360255747 4.9
    endloop
  endfacet
  facet normal 0 0 1
    outer loop
      vertex -14.5 13.15 4.9
      vertex -7.255741919840733 10.362273360255747 4.9
      vertex -7.073790228904948 10.487325292821277 4.9
    endloop
  endfacet
  facet normal 0 0 1
    outer loop
      vertex -14.5 13.15 4.9
      vertex -7.073790228904948 10.487325292821277 4.9
      vertex -6.889683792940093 10.609182684509614 4.9
    endloop
  endfacet
  facet normal 0 0 1
    outer loop
      vertex -14.5 13.15 4.9
      vertex -6.889683792940093 10.609182684509614 4.9
      vertex -6.703478692550042 10.727808416378789 4.9
    endloop
  endfacet
  facet normal 0 0 1
    outer loop
      vertex -14.5 13.15 4.9
      vertex -6.703478692550042 10.727808416378789 4.9
      vertex -6.515231647612185 10.84316635388172 4.9
    endloop
  endfacet
  facet normal 0 0 1
    outer loop
      vertex -14.5 13.15 4.9
      vertex -6.515231647612185 10.84316635388172 4.9
      vertex -6.325 10.955221357873148 4.9
    endloop
  endfacet
  facet normal 0 0 1
    outer loop
      vertex -14.5 13.15 4.9
      vertex -6.325 10.955221357873148 4.9
      vertex -6.132841696116164 11.063939295313357 4.9
    endloop
  endfacet
  facet normal 0 0 1
    outer loop
      vertex -14.5 13.15 4.9
      vertex -6.132841696116164 11.063939295313357 4.9
      vertex -5.938815269241519 11.169287049665426 4.9
    endloop
  endfacet
  facet normal 0 0 1
    outer loop
      vertex -14.5 13.15 4.9
      vertex -5.938815269241519 11.169287049665426 4.9
      vertex -5.7429798217052666 11.271232530982854 4.9
    endloop
  endfacet
  facet normal 0 0 1
    outer loop
      vertex -14.5 13.15 4.9
      vertex -5.7429798217052666 11.271232530982854 4.9
      vertex -5.545395006881829 11.369744685684463 4.9
    endloop
  endfacet
  facet normal 0 0 1
    outer loop
      vertex -14.5 13.15 4.9
      vertex -5.545395006881829 11.369744685684463 4.9
      vertex -5.346121011019848 11.464793506013622 4.9
    endloop
  endfacet
  facet normal 0 0 1
    outer loop
      vertex -14.5 13.15 4.9
      vertex -5.346121011019848 11.464793506013622 4.9
      vertex -5.145218534908873 11.556350039178902 4.9
    endloop
  endfacet
  facet normal 0 0 1
    outer loop
      vertex -14.5 13.15 4.9
      vertex -5.145218534908873 11.556350039178902 4.9
      vertex -4.942748775389314 11.64438639617337 4.9
    endloop
  endfacet
  facet normal 0 0 1
    outer loop
      vertex -14.5 13.15 4.9
      vertex -4.942748775389314 11.64438639617337 4.9
      vertex -4.738773406711287 11.728875760269862 4.9
    endloop
  endfacet
  facet normal 0 0 1
    outer loop
      vertex -14.5 13.15 4.9
      vertex -4.738773406711287 11.728875760269862 4.9
      vertex -4.533354561748048 11.809792395189602 4.9
    endloop
  endfacet
  facet normal 0 0 1
    outer loop
      vertex -14.5 13.15 4.9
      vertex -4.533354561748048 11.809792395189602 4.9
      vertex -4.326554813069709 11.887111652941742 4.9
    endloop
  endfacet
  facet normal 0 0 1
    outer loop
      vertex -14.5 13.15 4.9
      vertex -4.326554813069709 11.887111652941742 4.9
      vertex -4.118437153883033 11.960809981331359 4.9
    endloop
  endfacet
  facet normal 0 0 1
    outer loop
      vertex -14.5 13.15 4.9
      vertex -4.118437153883033 11.960809981331359 4.9
      vertex -3.9090649788430847 12.030864931133692 4.9
    endloop
  endfacet
  facet normal 0 0 1
    outer loop
      vertex -14.5 13.15 4.9
      vertex -3.9090649788430847 12.030864931133692 4.9
      vertex -3.69850206474262 12.097255162932399 4.9
    endloop
  endfacet
  facet normal 0 0 1
    outer loop
      vertex -14.5 13.15 4.9
      vertex -3.69850206474262 12.097255162932399 4.9
      vertex -3.4868125510850394 12.159960453619734 4.9
    endloop
  endfacet
  facet normal 0 0 1
    outer loop
      vertex -14.5 13.15 4.9
      vertex -3.4868125510850394 12.159960453619734 4.9
      vertex -3.2740609205468876 12.218961702556715 4.9
    endloop
  endfacet
  facet normal 0 0 1
    outer loop
      vertex -14.5 13.15 4.9
      vertex -3.2740609205468876 12.218961702556715 4.9
      vertex -3.060311979335797 12.274240937391356 4.9
    endloop
  endfacet
  facet normal 0 0 1
    outer loop
      vertex -14.5 13.15 4.9
      vertex -3.060311979335797 12.274240937391356 4.9
      vertex -2.8456308374498924 12.325781319533226 4.9
    endloop
  endfacet
  facet normal 0 0 1
    outer loop
      vertex -14.5 13.15 4.9
      vertex -2.8456308374498924 12.325781319533226 4.9
      vertex -2.630082888844656 12.373567149282643 4.9
    endloop
  endfacet
  facet normal 0 0 1
    outer loop
      vertex -14.5 13.15 4.9
      vertex -2.630082888844656 12.373567149282643 4.9
      vertex -2.413733791513292 12.41758387061295 4.9
    endloop
  endfacet
  facet normal 0 0 1
    outer loop
      vertex -14.5 13.15 4.9
      vertex -2.413733791513292 12.41758387061295 4.9
      vertex -2.196649447486669 12.457818075604433 4.9
    endloop
  endfacet
  facet normal 0 0 1
    outer loop
      vertex -14.5 13.15 4.9
      vertex -2.196649447486669 12.457818075604433 4.9
      vertex -1.9788959827589205 12.494257508528493 4.9
    endloop
  endfacet
  facet normal 0 0 1
    outer loop
      vertex -14.5 13.15 4.9
      vertex -1.9788959827589205 12.494257508528493 4.9
      vertex -1.7605397271448278 12.526891069580865 4.9
    endloop
  endfacet
  facet normal 0 0 1
    outer loop
      vertex -14.5 13.15 4.9
      vertex -1.7605397271448278 12.526891069580865 4.9
      vertex -1.5416471940751155 12.555708818262723 4.9
    endloop
  endfacet
  facet normal 0 0 1
    outer loop
      vertex -14.5 13.15 4.9
      vertex -1.5416471940751155 12.555708818262723 4.9
      vertex -1.3222850603358165 12.580701976408658 4.9
    endloop
  endfacet
  facet normal 0 0 1
    outer loop
      vertex -14.5 13.15 4.9
      vertex -1.3222850603358165 12.580701976408658 4.9
      vertex -1.102520145757876 12.601862930860582 4.9
    endloop
  endfacet
  facet normal 0 0 1
    outer loop
      vertex -14.5 13.15 4.9
      vertex -1.102520145757876 12.601862930860582 4.9
      vertex -0.882419392863185 12.619185235786777 4.9
    endloop
  endfacet
  facet normal 0 0 1
    outer loop
      vertex -14.5 13.15 4.9
      vertex -0.882419392863185 12.619185235786777 4.9
      vertex -0.6620498464732395 12.63266361464536 4.9
    endloop
  endfacet
  facet normal 0 0 1
    outer loop
      vertex -14.5 13.15 4.9
      vertex -0.6620498464732395 12.63266361464536 4.9
      vertex -0.4414786332866373 12.642293961791562 4.9
    endloop
  endfacet
  facet normal 0 0 1
    outer loop
      vertex -14.5 13.15 4.9
      vertex -0.4414786332866373 12.642293961791562 4.9
      vertex 14.5 13.15 4.9
    endloop
  endfacet
  facet normal 0 1 0
    outer loop
      vertex -14.5 13.15 4.9
      vertex 14.5 13.15 4.9
      vertex 14.5 13.15 -2
    endloop
  endfacet
  facet normal 0.9999619230641714 0.008726535498368222 0
    outer loop
      vertex -12.65 0 0
      vertex -12.65 0 4.9
      vertex -12.64807334372835 -0.22077294143163642 0
    endloop
  endfacet
  facet normal 0 0 1
    outer loop
      vertex -12.65 0 0
      vertex -12.64807334372835 -0.22077294143163642 0
      vertex -12.64807334372835 0.22077294143163642 0
    endloop
  endfacet
  facet normal 0.9999619230641714 -0.008726535498368222 0
    outer loop
      vertex -12.65 0 0
      vertex -12.64807334372835 0.22077294143163642 0
      vertex -12.64807334372835 0.22077294143163642 4.9
    endloop
  endfacet
  facet normal 0.9999619230641714 -0.008726535498368222 0
    outer loop
      vertex -12.65 0 0
      vertex -12.64807334372835 0.22077294143163642 4.9
      vertex -12.65 0 4.9
    endloop
  endfacet
  facet normal 0.9999619230641714 0.008726535498368222 0
    outer loop
      vertex -12.65 0 4.9
      vertex -12.64807334372835 -0.22077294143163642 4.9
      vertex -12.64807334372835 -0.22077294143163642 0
    endloop
  endfacet
  facet normal 0.9996573249755573 0.02617694830787409 0
    outer loop
      vertex -12.64807334372835 -0.22077294143163642 0
      vertex -12.64807334372835 -0.22077294143163642 4.9
      vertex -12.642293961791562 -0.4414786332866373 0
    endloop
  endfacet
  facet normal 0 0 1
    outer loop
      vertex -12.64807334372835 -0.22077294143163642 0
      vertex -12.642293961791562 -0.4414786332866373 0
      vertex -12.642293961791562 0.4414786332866373 0
    endloop
  endfacet
  facet normal 0 0 1
    outer loop
      vertex -12.64807334372835 -0.22077294143163642 0
      vertex -12.642293961791562 0.4414786332866373 0
      vertex -12.64807334372835 0.22077294143163642 0
    endloop
  endfacet
  facet normal 0.9996573249755573 0.02617694830787409 0
    outer loop
      vertex -12.64807334372835 -0.22077294143163642 4.9
      vertex -12.642293961791562 -0.4414786332866373 4.9
      vertex -12.642293961791562 -0.4414786332866373 0
    endloop
  endfacet
  facet normal 0.9996573249755573 -0.02617694830787409 0
    outer loop
      vertex -12.64807334372835 0.22077294143163642 0
      vertex -12.642293961791562 0.4414786332866373 0
      vertex -12.642293961791562 0.4414786332866373 4.9
    endloop
  endfacet
  facet normal 0.9996573249755573 -0.02617694830787409 0
    outer loop
      vertex -12.64807334372835 0.22077294143163642 0
      vertex -12.642293961791562 0.4414786332866373 4.9
      vertex -12.64807334372835 0.22077294143163642 4.9
    endloop
  endfacet
  facet normal 0.9990482215818575 0.04361938736534251 0
    outer loop
      vertex -12.642293961791562 -0.4414786332866373 0
      vertex -12.642293961791562 -0.4414786332866373 4.9
      vertex -12.63266361464536 -0.6620498464732395 0
    endloop
  endfacet
  facet normal 0 0 1
    outer loop
      vertex -12.642293961791562 -0.4414786332866373 0
      vertex -12.63266361464536 -0.6620498464732395 0
      vertex -12.63266361464536 0.6620498464732395 0
    endloop
  endfacet
  facet normal 0 0 1
    outer loop
      vertex -12.642293961791562 -0.4414786332866373 0
      vertex -12.63266361464536 0.6620498464732395 0
      vertex -12.642293961791562 0.4414786332866373 0
    endloop
  endfacet
  facet normal 0.9990482215818575 0.04361938736534251 0
    outer loop
      vertex -12.642293961791562 -0.4414786332866373 4.9
      vertex -12.63266361464536 -0.6620498464732395 4.9
      vertex -12.63266361464536 -0.6620498464732395 0
    endloop
  endfacet
  facet normal 0.9990482215818575 -0.04361938736534251 0
    outer loop
      vertex -12.642293961791562 0.4414786332866373 0
      vertex -12.63266361464536 0.6620498464732395 0
      vertex -12.63266361464536 0.6620498464732395 4.9
    endloop
  endfacet
  facet normal 0.9990482215818575 -0.04361938736534251 0
    outer loop
      vertex -12.642293961791562 0.4414786332866373 0
      vertex -12.63266361464536 0.6620498464732395 4.9
      vertex -12.642293961791562 0.4414786332866373 4.9
    endloop
  endfacet
  facet normal 0.9981347984218669 0.06104853953485714 0
    outer loop
      vertex -12.63266361464536 -0.6620498464732395 0
      vertex -12.63266361464536 -0.6620498464732395 4.9
      vertex -12.619185235786777 -0.882419392863185 0
    endloop
  endfacet
  facet normal 0 0 1
    outer loop
      vertex -12.63266361464536 -0.6620498464732395 0
      vertex -12.619185235786777 -0.882419392863185 0
      vertex -12.619185235786777 0.882419392863185 0
    endloop
  endfacet
  facet normal 0 0 1
    outer loop
      vertex -12.63266361464536 -0.6620498464732395 0
      vertex -12.619185235786777 0.882419392863185 0
      vertex -12.63266361464536 0.6620498464732395 0
    endloop
  endfacet
  facet normal 0.9981347984218669 0.06104853953485714 0
    outer loop
      vertex -12.63266361464536 -0.6620498464732395 4.9
      vertex -12.619185235786777 -0.882419392863185 4.9
      vertex -12.619185235786777 -0.882419392863185 0
    endloop
  endfacet
  facet normal 0.9981347984218669 -0.06104853953485714 0
    outer loop
      vertex -12.63266361464536 0.6620498464732395 0
      vertex -12.619185235786777 0.882419392863185 0
      vertex -12.619185235786777 0.882419392863185 4.9
    endloop
  endfacet
  facet normal 0.9981347984218669 -0.06104853953485714 0
    outer loop
      vertex -12.63266361464536 0.6620498464732395 0
      vertex -12.619185235786777 0.882419392863185 4.9
      vertex -12.63266361464536 0.6620498464732395 4.9
    endloop
  endfacet
  facet normal 0.9969173337331284 0.07845909572783966 0
    outer loop
      vertex -12.619185235786777 -0.882419392863185 0
      vertex -12.619185235786777 -0.882419392863185 4.9
      vertex -12.601862930860582 -1.102520145757876 0
    endloop
  endfacet
  facet normal 0 0 1
    outer loop
      vertex -12.619185235786777 -0.882419392863185 0
      vertex -12.601862930860582 -1.102520145757876 0
      vertex -12.601862930860582 1.102520145757876 0
    endloop
  endfacet
  facet normal 0 0 1
    outer loop
      vertex -12.619185235786777 -0.882419392863185 0
      vertex -12.601862930860582 1.102520145757876 0
      vertex -12.619185235786777 0.882419392863185 0
    endloop
  endfacet
  facet normal 0.9969173337331284 0.07845909572783966 0
    outer loop
      vertex -12.619185235786777 -0.882419392863185 4.9
      vertex -12.601862930860582 -1.102520145757876 4.9
      vertex -12.601862930860582 -1.102520145757876 0
    endloop
  endfacet
  facet normal 0.9969173337331284 -0.07845909572783966 0
    outer loop
      vertex -12.619185235786777 0.882419392863185 0
      vertex -12.601862930860582 1.102520145757876 0
      vertex -12.601862930860582 1.102520145757876 4.9
    endloop
  endfacet
  facet normal 0.9969173337331284 -0.07845909572783966 0
    outer loop
      vertex -12.619185235786777 0.882419392863185 0
      vertex -12.601862930860582 1.102520145757876 4.9
      vertex -12.619185235786777 0.882419392863185 4.9
    endloop
  endfacet
  facet normal 0.9953961983671786 0.09584575252022628 0
    outer loop
      vertex -12.601862930860582 -1.102520145757876 0
      vertex -12.601862930860582 -1.102520145757876 4.9
      vertex -12.580701976408658 -1.3222850603358165 0
    endloop
  endfacet
  facet normal 0 0 1
    outer loop
      vertex -12.601862930860582 -1.102520145757876 0
      vertex -12.580701976408658 -1.3222850603358165 0
      vertex -12.580701976408658 1.3222850603358165 0
    endloop
  endfacet
  facet normal 0 0 1
    outer loop
      vertex -12.601862930860582 -1.102520145757876 0
      vertex -12.580701976408658 1.3222850603358165 0
      vertex -12.601862930860582 1.102520145757876 0
    endloop
  endfacet
  facet normal 0.9953961983671786 0.09584575252022628 0
    outer loop
      vertex -12.601862930860582 -1.102520145757876 4.9
      vertex -12.580701976408658 -1.3222850603358165 4.9
      vertex -12.580701976408658 -1.3222850603358165 0
    endloop
  endfacet
  facet normal 0.9953961983671786 -0.09584575252022628 0
    outer loop
      vertex -12.601862930860582 1.102520145757876 0
      vertex -12.580701976408658 1.3222850603358165 0
      vertex -12.580701976408658 1.3222850603358165 4.9
    endloop
  endfacet
  facet normal 0.9953961983671786 -0.09584575252022628 0
    outer loop
      vertex -12.601862930860582 1.102520145757876 0
      vertex -12.580701976408658 1.3222850603358165 4.9
      vertex -12.601862930860582 1.102520145757876 4.9
    endloop
  endfacet
  facet normal 0.9935718556765867 0.11320321376791467 0
    outer loop
      vertex -12.580701976408658 -1.3222850603358165 0
      vertex -12.580701976408658 -1.3222850603358165 4.9
      vertex -12.555708818262723 -1.5416471940751155 0
    endloop
  endfacet
  facet normal 0 0 1
    outer loop
      vertex -12.580701976408658 -1.3222850603358165 0
      vertex -12.555708818262723 -1.5416471940751155 0
      vertex -12.555708818262723 1.5416471940751155 0
    endloop
  endfacet
  facet normal 0 0 1
    outer loop
      vertex -12.580701976408658 -1.3222850603358165 0
      vertex -12.555708818262723 1.5416471940751155 0
      vertex -12.580701976408658 1.3222850603358165 0
    endloop
  endfacet
  facet normal 0.9935718556765867 0.11320321376791467 0
    outer loop
      vertex -12.580701976408658 -1.3222850603358165 4.9
      vertex -12.555708818262723 -1.5416471940751155 4.9
      vertex -12.555708818262723 -1.5416471940751155 0
    endloop
  endfacet
  facet normal 0.9935718556765867 -0.11320321376791467 0
    outer loop
      vertex -12.580701976408658 1.3222850603358165 0
      vertex -12.555708818262723 1.5416471940751155 0
      vertex -12.555708818262723 1.5416471940751155 4.9
    endloop
  endfacet
  facet normal 0.9935718556765867 -0.11320321376791467 0
    outer loop
      vertex -12.580701976408658 1.3222850603358165 0
      vertex -12.555708818262723 1.5416471940751155 4.9
      vertex -12.580701976408658 1.3222850603358165 4.9
    endloop
  endfacet
  facet normal 0.9914448613738112 0.13052619222004572 0
    outer loop
      vertex -12.555708818262723 -1.5416471940751155 0
      vertex -12.555708818262723 -1.5416471940751155 4.9
      vertex -12.526891069580865 -1.7605397271448278 0
    endloop
  endfacet
  facet normal 0 0 1
    outer loop
      vertex -12.555708818262723 -1.5416471940751155 0
      vertex -12.526891069580865 -1.7605397271448278 0
      vertex -12.526891069580865 1.7605397271448278 0
    endloop
  endfacet
  facet normal 0 0 1
    outer loop
      vertex -12.555708818262723 -1.5416471940751155 0
      vertex -12.526891069580865 1.7605397271448278 0
      vertex -12.555708818262723 1.5416471940751155 0
    endloop
  endfacet
  facet normal 0.9914448613738112 0.13052619222004572 0
    outer loop
      vertex -12.555708818262723 -1.5416471940751155 4.9
      vertex -12.526891069580865 -1.7605397271448278 4.9
      vertex -12.526891069580865 -1.7605397271448278 0
    endloop
  endfacet
  facet normal 0.9914448613738112 -0.13052619222004572 0
    outer loop
      vertex -12.555708818262723 1.5416471940751155 0
      vertex -12.526891069580865 1.7605397271448278 0
      vertex -12.526891069580865 1.7605397271448278 4.9
    endloop
  endfacet
  facet normal 0.9914448613738112 -0.13052619222004572 0
    outer loop
      vertex -12.555708818262723 1.5416471940751155 0
      vertex -12.526891069580865 1.7605397271448278 4.9
      vertex -12.555708818262723 1.5416471940751155 4.9
    endloop
  endfacet
  facet normal 0.9890158633619174 0.14780941112960658 0
    outer loop
      vertex -12.526891069580865 -1.7605397271448278 0
      vertex -12.526891069580865 -1.7605397271448278 4.9
      vertex -12.494257508528493 -1.9788959827589205 0
    endloop
  endfacet
  facet normal 0 0 1
    outer loop
      vertex -12.526891069580865 -1.7605397271448278 0
      vertex -12.494257508528493 -1.9788959827589205 0
      vertex -12.494257508528493 1.9788959827589205 0
    endloop
  endfacet
  facet normal 0 0 1
    outer loop
      vertex -12.526891069580865 -1.7605397271448278 0
      vertex -12.494257508528493 1.9788959827589205 0
      vertex -12.526891069580865 1.7605397271448278 0
    endloop
  endfacet
  facet normal 0.9890158633619174 0.14780941112960658 0
    outer loop
      vertex -12.526891069580865 -1.7605397271448278 4.9
      vertex -12.494257508528493 -1.9788959827589205 4.9
      vertex -12.494257508528493 -1.9788959827589205 0
    endloop
  endfacet
  facet normal 0.9890158633619174 -0.14780941112960658 0
    outer loop
      vertex -12.526891069580865 1.7605397271448278 0
      vertex -12.494257508528493 1.9788959827589205 0
      vertex -12.494257508528493 1.9788959827589205 4.9
    endloop
  endfacet
  facet normal 0.9890158633619174 -0.14780941112960658 0
    outer loop
      vertex -12.526891069580865 1.7605397271448278 0
      vertex -12.494257508528493 1.9788959827589205 4.9
      vertex -12.526891069580865 1.7605397271448278 4.9
    endloop
  endfacet
  facet normal 0.9862856015372312 0.16504760586067957 0
    outer loop
      vertex -12.494257508528493 -1.9788959827589205 0
      vertex -12.494257508528493 -1.9788959827589205 4.9
      vertex -12.457818075604433 -2.196649447486669 0
    endloop
  endfacet
  facet normal 0 0 1
    outer loop
      vertex -12.494257508528493 -1.9788959827589205 0
      vertex -12.457818075604433 -2.196649447486669 0
      vertex -12.457818075604433 2.196649447486669 0
    endloop
  endfacet
  facet normal 0 0 1
    outer loop
      vertex -12.494257508528493 -1.9788959827589205 0
      vertex -12.457818075604433 2.196649447486669 0
      vertex -12.494257508528493 1.9788959827589205 0
    endloop
  endfacet
  facet normal 0.9862856015372312 0.16504760586067957 0
    outer loop
      vertex -12.494257508528493 -1.9788959827589205 4.9
      vertex -12.457818075604433 -2.196649447486669 4.9
      vertex -12.457818075604433 -2.196649447486669 0
    endloop
  endfacet
  facet normal 0.9862856015372312 -0.16504760586067957 0
    outer loop
      vertex -12.494257508528493 1.9788959827589205 0
      vertex -12.457818075604433 2.196649447486669 0
      vertex -12.457818075604433 2.196649447486669 4.9
    endloop
  endfacet
  facet normal 0.9862856015372312 -0.16504760586067957 0
    outer loop
      vertex -12.494257508528493 1.9788959827589205 0
      vertex -12.457818075604433 2.196649447486669 4.9
      vertex -12.494257508528493 1.9788959827589205 4.9
    endloop
  endfacet
  facet normal 0.9832549075639544 0.18223552549214864 0
    outer loop
      vertex -12.457818075604433 -2.196649447486669 0
      vertex -12.457818075604433 -2.196649447486669 4.9
      vertex -12.41758387061295 -2.413733791513292 0
    endloop
  endfacet
  facet normal 0 0 1
    outer loop
      vertex -12.457818075604433 -2.196649447486669 0
      vertex -12.41758387061295 -2.413733791513292 0
      vertex -12.41758387061295 2.413733791513292 0
    endloop
  endfacet
  facet normal 0 0 1
    outer loop
      vertex -12.457818075604433 -2.196649447486669 0
      vertex -12.41758387061295 2.413733791513292 0
      vertex -12.457818075604433 2.196649447486669 0
    endloop
  endfacet
  facet normal 0.9832549075639544 0.18223552549214864 0
    outer loop
      vertex -12.457818075604433 -2.196649447486669 4.9
      vertex -12.41758387061295 -2.413733791513292 4.9
      vertex -12.41758387061295 -2.413733791513292 0
    endloop
  endfacet
  facet normal 0.9832549075639544 -0.18223552549214864 0
    outer loop
      vertex -12.457818075604433 2.196649447486669 0
      vertex -12.41758387061295 2.413733791513292 0
      vertex -12.41758387061295 2.413733791513292 4.9
    endloop
  endfacet
  facet normal 0.9832549075639544 -0.18223552549214864 0
    outer loop
      vertex -12.457818075604433 2.196649447486669 0
      vertex -12.41758387061295 2.413733791513292 4.9
      vertex -12.457818075604433 2.196649447486669 4.9
    endloop
  endfacet
  facet normal 0.9799247046208306 0.19936793441719244 0
    outer loop
      vertex -12.41758387061295 -2.413733791513292 0
      vertex -12.41758387061295 -2.413733791513292 4.9
      vertex -12.373567149282643 -2.630082888844656 0
    endloop
  endfacet
  facet normal 0 0 1
    outer loop
      vertex -12.41758387061295 -2.413733791513292 0
      vertex -12.373567149282643 -2.630082888844656 0
      vertex -12.373567149282643 2.630082888844656 0
    endloop
  endfacet
  facet normal 0 0 1
    outer loop
      vertex -12.41758387061295 -2.413733791513292 0
      vertex -12.373567149282643 2.630082888844656 0
      vertex -12.41758387061295 2.413733791513292 0
    endloop
  endfacet
  facet normal 0.9799247046208306 0.19936793441719244 0
    outer loop
      vertex -12.41758387061295 -2.413733791513292 4.9
      vertex -12.373567149282643 -2.630082888844656 4.9
      vertex -12.373567149282643 -2.630082888844656 0
    endloop
  endfacet
  facet normal 0.9799247046208306 -0.19936793441719244 0
    outer loop
      vertex -12.41758387061295 2.413733791513292 0
      vertex -12.373567149282643 2.630082888844656 0
      vertex -12.373567149282643 2.630082888844656 4.9
    endloop
  endfacet
  facet normal 0.9799247046208306 -0.19936793441719244 0
    outer loop
      vertex -12.41758387061295 2.413733791513292 0
      vertex -12.373567149282643 2.630082888844656 4.9
      vertex -12.41758387061295 2.413733791513292 4.9
    endloop
  endfacet
  facet normal 0.9762960071199323 0.21643961393810832 0
    outer loop
      vertex -12.373567149282643 -2.630082888844656 0
      vertex -12.373567149282643 -2.630082888844656 4.9
      vertex -12.325781319533226 -2.8456308374498924 0
    endloop
  endfacet
  facet normal 0 0 1
    outer loop
      vertex -12.373567149282643 -2.630082888844656 0
      vertex -12.325781319533226 -2.8456308374498924 0
      vertex -12.325781319533226 2.8456308374498924 0
    endloop
  endfacet
  facet normal 0 0 1
    outer loop
      vertex -12.373567149282643 -2.630082888844656 0
      vertex -12.325781319533226 2.8456308374498924 0
      vertex -12.373567149282643 2.630082888844656 0
    endloop
  endfacet
  facet normal 0.9762960071199323 0.21643961393810832 0
    outer loop
      vertex -12.373567149282643 -2.630082888844656 4.9
      vertex -12.325781319533226 -2.8456308374498924 4.9
      vertex -12.325781319533226 -2.8456308374498924 0
    endloop
  endfacet
  facet normal 0.9762960071199323 -0.21643961393810832 0
    outer loop
      vertex -12.373567149282643 2.630082888844656 0
      vertex -12.325781319533226 2.8456308374498924 0
      vertex -12.325781319533226 2.8456308374498924 4.9
    endloop
  endfacet
  facet normal 0.9762960071199323 -0.21643961393810832 0
    outer loop
      vertex -12.373567149282643 2.630082888844656 0
      vertex -12.325781319533226 2.8456308374498924 4.9
      vertex -12.373567149282643 2.630082888844656 4.9
    endloop
  endfacet
  facet normal 0.9723699203976774 0.2334453638559017 0
    outer loop
      vertex -12.325781319533226 -2.8456308374498924 0
      vertex -12.325781319533226 -2.8456308374498924 4.9
      vertex -12.274240937391356 -3.060311979335797 0
    endloop
  endfacet
  facet normal 0 0 1
    outer loop
      vertex -12.325781319533226 -2.8456308374498924 0
      vertex -12.274240937391356 -3.060311979335797 0
      vertex -12.274240937391356 3.060311979335797 0
    endloop
  endfacet
  facet normal 0 0 1
    outer loop
      vertex -12.325781319533226 -2.8456308374498924 0
      vertex -12.274240937391356 3.060311979335797 0
      vertex -12.325781319533226 2.8456308374498924 0
    endloop
  endfacet
  facet normal 0.9723699203976774 0.2334453638559017 0
    outer loop
      vertex -12.325781319533226 -2.8456308374498924 4.9
      vertex -12.274240937391356 -3.060311979335797 4.9
      vertex -12.274240937391356 -3.060311979335797 0
    endloop
  endfacet
  facet normal 0.9723699203976774 -0.2334453638559017 0
    outer loop
      vertex -12.325781319533226 2.8456308374498924 0
      vertex -12.274240937391356 3.060311979335797 0
      vertex -12.274240937391356 3.060311979335797 4.9
    endloop
  endfacet
  facet normal 0.9723699203976774 -0.2334453638559017 0
    outer loop
      vertex -12.325781319533226 2.8456308374498924 0
      vertex -12.274240937391356 3.060311979335797 4.9
      vertex -12.325781319533226 2.8456308374498924 4.9
    endloop
  endfacet
  facet normal 0.9681476403781082 0.25038000405444 0
    outer loop
      vertex -12.274240937391356 -3.060311979335797 0
      vertex -12.274240937391356 -3.060311979335797 4.9
      vertex -12.218961702556715 -3.2740609205468876 0
    endloop
  endfacet
  facet normal 0 0 1
    outer loop
      vertex -12.274240937391356 -3.060311979335797 0
      vertex -12.218961702556715 -3.2740609205468876 0
      vertex -12.218961702556715 3.2740609205468876 0
    endloop
  endfacet
  facet normal 0 0 1
    outer loop
      vertex -12.274240937391356 -3.060311979335797 0
      vertex -12.218961702556715 3.2740609205468876 0
      vertex -12.274240937391356 3.060311979335797 0
    endloop
  endfacet
  facet normal 0.9681476403781082 0.25038000405444 0
    outer loop
      vertex -12.274240937391356 -3.060311979335797 4.9
      vertex -12.218961702556715 -3.2740609205468876 4.9
      vertex -12.218961702556715 -3.2740609205468876 0
    endloop
  endfacet
  facet normal 0.9681476403781082 -0.25038000405444 0
    outer loop
      vertex -12.274240937391356 3.060311979335797 0
      vertex -12.218961702556715 3.2740609205468876 0
      vertex -12.218961702556715 3.2740609205468876 4.9
    endloop
  endfacet
  facet normal 0.9681476403781082 -0.25038000405444 0
    outer loop
      vertex -12.274240937391356 3.060311979335797 0
      vertex -12.218961702556715 3.2740609205468876 4.9
      vertex -12.274240937391356 3.060311979335797 4.9
    endloop
  endfacet
  facet normal 0.9636304532086214 0.26723837607826273 0
    outer loop
      vertex -12.218961702556715 -3.2740609205468876 0
      vertex -12.218961702556715 -3.2740609205468876 4.9
      vertex -12.159960453619734 -3.4868125510850394 0
    endloop
  endfacet
  facet normal 0 0 1
    outer loop
      vertex -12.218961702556715 -3.2740609205468876 0
      vertex -12.159960453619734 -3.4868125510850394 0
      vertex -12.159960453619734 3.4868125510850394 0
    endloop
  endfacet
  facet normal 0 0 1
    outer loop
      vertex -12.218961702556715 -3.2740609205468876 0
      vertex -12.159960453619734 3.4868125510850394 0
      vertex -12.218961702556715 3.2740609205468876 0
    endloop
  endfacet
  facet normal 0.9636304532086214 0.26723837607826273 0
    outer loop
      vertex -12.218961702556715 -3.2740609205468876 4.9
      vertex -12.159960453619734 -3.4868125510850394 4.9
      vertex -12.159960453619734 -3.4868125510850394 0
    endloop
  endfacet
  facet normal 0.9636304532086214 -0.26723837607826273 0
    outer loop
      vertex -12.218961702556715 3.2740609205468876 0
      vertex -12.159960453619734 3.4868125510850394 0
      vertex -12.159960453619734 3.4868125510850394 4.9
    endloop
  endfacet
  facet normal 0.9636304532086214 -0.26723837607826273 0
    outer loop
      vertex -12.218961702556715 3.2740609205468876 0
      vertex -12.159960453619734 3.4868125510850394 4.9
      vertex -12.218961702556715 3.2740609205468876 4.9
    endloop
  endfacet
  facet normal 0.958819734868193 0.2840153447039221 0
    outer loop
      vertex -12.159960453619734 -3.4868125510850394 0
      vertex -12.159960453619734 -3.4868125510850394 4.9
      vertex -12.097255162932399 -3.69850206474262 0
    endloop
  endfacet
  facet normal 0 0 1
    outer loop
      vertex -12.159960453619734 -3.4868125510850394 0
      vertex -12.097255162932399 -3.69850206474262 0
      vertex -12.097255162932399 3.69850206474262 0
    endloop
  endfacet
  facet normal 0 0 1
    outer loop
      vertex -12.159960453619734 -3.4868125510850394 0
      vertex -12.097255162932399 3.69850206474262 0
      vertex -12.159960453619734 3.4868125510850394 0
    endloop
  endfacet
  facet normal 0.958819734868193 0.2840153447039221 0
    outer loop
      vertex -12.159960453619734 -3.4868125510850394 4.9
      vertex -12.097255162932399 -3.69850206474262 4.9
      vertex -12.097255162932399 -3.69850206474262 0
    endloop
  endfacet
  facet normal 0.958819734868193 -0.2840153447039221 0
    outer loop
      vertex -12.159960453619734 3.4868125510850394 0
      vertex -12.097255162932399 3.69850206474262 0
      vertex -12.097255162932399 3.69850206474262 4.9
    endloop
  endfacet
  facet normal 0.958819734868193 -0.2840153447039221 0
    outer loop
      vertex -12.159960453619734 3.4868125510850394 0
      vertex -12.097255162932399 3.69850206474262 4.9
      vertex -12.159960453619734 3.4868125510850394 4.9
    endloop
  endfacet
  facet normal 0.953716950748226 0.300705799504276 0
    outer loop
      vertex -12.097255162932399 -3.69850206474262 0
      vertex -12.097255162932399 -3.69850206474262 4.9
      vertex -12.030864931133692 -3.9090649788430847 0
    endloop
  endfacet
  facet normal 0 0 1
    outer loop
      vertex -12.097255162932399 -3.69850206474262 0
      vertex -12.030864931133692 -3.9090649788430847 0
      vertex -12.030864931133692 3.9090649788430847 0
    endloop
  endfacet
  facet normal 0 0 1
    outer loop
      vertex -12.097255162932399 -3.69850206474262 0
      vertex -12.030864931133692 3.9090649788430847 0
      vertex -12.097255162932399 3.69850206474262 0
    endloop
  endfacet
  facet normal 0.953716950748226 0.300705799504276 0
    outer loop
      vertex -12.097255162932399 -3.69850206474262 4.9
      vertex -12.030864931133692 -3.9090649788430847 4.9
      vertex -12.030864931133692 -3.9090649788430847 0
    endloop
  endfacet
  facet normal 0.953716950748226 -0.300705799504276 0
    outer loop
      vertex -12.097255162932399 3.69850206474262 0
      vertex -12.030864931133692 3.9090649788430847 0
      vertex -12.030864931133692 3.9090649788430847 4.9
    endloop
  endfacet
  facet normal 0.953716950748226 -0.300705799504276 0
    outer loop
      vertex -12.097255162932399 3.69850206474262 0
      vertex -12.030864931133692 3.9090649788430847 4.9
      vertex -12.097255162932399 3.69850206474262 4.9
    endloop
  endfacet
  facet normal 0.9483236552062019 0.3173046564050845 0
    outer loop
      vertex -12.030864931133692 -3.9090649788430847 0
      vertex -12.030864931133692 -3.9090649788430847 4.9
      vertex -11.960809981331359 -4.118437153883033 0
    endloop
  endfacet
  facet normal 0 0 1
    outer loop
      vertex -12.030864931133692 -3.9090649788430847 0
      vertex -11.960809981331359 -4.118437153883033 0
      vertex -11.960809981331359 4.118437153883033 0
    endloop
  endfacet
  facet normal 0 0 1
    outer loop
      vertex -12.030864931133692 -3.9090649788430847 0
      vertex -11.960809981331359 4.118437153883033 0
      vertex -12.030864931133692 3.9090649788430847 0
    endloop
  endfacet
  facet normal 0.9483236552062019 0.3173046564050845 0
    outer loop
      vertex -12.030864931133692 -3.9090649788430847 4.9
      vertex -11.960809981331359 -4.118437153883033 4.9
      vertex -11.960809981331359 -4.118437153883033 0
    endloop
  endfacet
  facet normal 0.9483236552062019 -0.3173046564050845 0
    outer loop
      vertex -12.030864931133692 3.9090649788430847 0
      vertex -11.960809981331359 4.118437153883033 0
      vertex -11.960809981331359 4.118437153883033 4.9
    endloop
  endfacet
  facet normal 0.9483236552062019 -0.3173046564050845 0
    outer loop
      vertex -12.030864931133692 3.9090649788430847 0
      vertex -11.960809981331359 4.118437153883033 4.9
      vertex -12.030864931133692 3.9090649788430847 4.9
    endloop
  endfacet
  facet normal 0.9426414910921783 0.33380685923377096 0
    outer loop
      vertex -11.960809981331359 -4.118437153883033 0
      vertex -11.960809981331359 -4.118437153883033 4.9
      vertex -11.887111652941742 -4.326554813069709 0
    endloop
  endfacet
  facet normal 0 0 1
    outer loop
      vertex -11.960809981331359 -4.118437153883033 0
      vertex -11.887111652941742 -4.326554813069709 0
      vertex -11.887111652941742 4.326554813069709 0
    endloop
  endfacet
  facet normal 0 0 1
    outer loop
      vertex -11.960809981331359 -4.118437153883033 0
      vertex -11.887111652941742 4.326554813069709 0
      vertex -11.960809981331359 4.118437153883033 0
    endloop
  endfacet
  facet normal 0.9426414910921783 0.33380685923377096 0
    outer loop
      vertex -11.960809981331359 -4.118437153883033 4.9
      vertex -11.887111652941742 -4.326554813069709 4.9
      vertex -11.887111652941742 -4.326554813069709 0
    endloop
  endfacet
  facet normal 0.9426414910921783 -0.33380685923377096 0
    outer loop
      vertex -11.960809981331359 4.118437153883033 0
      vertex -11.887111652941742 4.326554813069709 0
      vertex -11.887111652941742 4.326554813069709 4.9
    endloop
  endfacet
  facet normal 0.9426414910921783 -0.33380685923377096 0
    outer loop
      vertex -11.960809981331359 4.118437153883033 0
      vertex -11.887111652941742 4.326554813069709 4.9
      vertex -11.960809981331359 4.118437153883033 4.9
    endloop
  endfacet
  facet normal 0.936672189248395 0.3502073812594742 0
    outer loop
      vertex -11.887111652941742 -4.326554813069709 0
      vertex -11.887111652941742 -4.326554813069709 4.9
      vertex -11.809792395189602 -4.533354561748048 0
    endloop
  endfacet
  facet normal 0 0 1
    outer loop
      vertex -11.887111652941742 -4.326554813069709 0
      vertex -11.809792395189602 -4.533354561748048 0
      vertex -11.809792395189602 4.533354561748048 0
    endloop
  endfacet
  facet normal 0 0 1
    outer loop
      vertex -11.887111652941742 -4.326554813069709 0
      vertex -11.809792395189602 4.533354561748048 0
      vertex -11.887111652941742 4.326554813069709 0
    endloop
  endfacet
  facet normal 0.936672189248395 0.3502073812594742 0
    outer loop
      vertex -11.887111652941742 -4.326554813069709 4.9
      vertex -11.809792395189602 -4.533354561748048 4.9
      vertex -11.809792395189602 -4.533354561748048 0
    endloop
  endfacet
  facet normal 0.936672189248395 -0.3502073812594742 0
    outer loop
      vertex -11.887111652941742 4.326554813069709 0
      vertex -11.809792395189602 4.533354561748048 0
      vertex -11.809792395189602 4.533354561748048 4.9
    endloop
  endfacet
  facet normal 0.936672189248395 -0.3502073812594742 0
    outer loop
      vertex -11.887111652941742 4.326554813069709 0
      vertex -11.809792395189602 4.533354561748048 4.9
      vertex -11.887111652941742 4.326554813069709 4.9
    endloop
  endfacet
  facet normal 0.9304175679820267 0.36650122672429175 0
    outer loop
      vertex -11.809792395189602 -4.533354561748048 0
      vertex -11.809792395189602 -4.533354561748048 4.9
      vertex -11.728875760269862 -4.738773406711287 0
    endloop
  endfacet
  facet normal 0 0 1
    outer loop
      vertex -11.809792395189602 -4.533354561748048 0
      vertex -11.728875760269862 -4.738773406711287 0
      vertex -11.728875760269862 4.738773406711287 0
    endloop
  endfacet
  facet normal 0 0 1
    outer loop
      vertex -11.809792395189602 -4.533354561748048 0
      vertex -11.728875760269862 4.738773406711287 0
      vertex -11.809792395189602 4.533354561748048 0
    endloop
  endfacet
  facet normal 0.9304175679820267 0.36650122672429175 0
    outer loop
      vertex -11.809792395189602 -4.533354561748048 4.9
      vertex -11.728875760269862 -4.738773406711287 4.9
      vertex -11.728875760269862 -4.738773406711287 0
    endloop
  endfacet
  facet normal 0.9304175679820267 -0.36650122672429175 0
    outer loop
      vertex -11.809792395189602 4.533354561748048 0
      vertex -11.728875760269862 4.738773406711287 0
      vertex -11.728875760269862 4.738773406711287 4.9
    endloop
  endfacet
  facet normal 0.9304175679820267 -0.36650122672429175 0
    outer loop
      vertex -11.809792395189602 4.533354561748048 0
      vertex -11.728875760269862 4.738773406711287 4.9
      vertex -11.809792395189602 4.533354561748048 4.9
    endloop
  endfacet
  facet normal 0.9238795325112862 0.3826834323650913 0
    outer loop
      vertex -11.728875760269862 -4.738773406711287 0
      vertex -11.728875760269862 -4.738773406711287 4.9
      vertex -11.64438639617337 -4.942748775389314 0
    endloop
  endfacet
  facet normal 0 0 1
    outer loop
      vertex -11.728875760269862 -4.738773406711287 0
      vertex -11.64438639617337 -4.942748775389314 0
      vertex -11.64438639617337 4.942748775389314 0
    endloop
  endfacet
  facet normal 0 0 1
    outer loop
      vertex -11.728875760269862 -4.738773406711287 0
      vertex -11.64438639617337 4.942748775389314 0
      vertex -11.728875760269862 4.738773406711287 0
    endloop
  endfacet
  facet normal 0.9238795325112862 0.3826834323650913 0
    outer loop
      vertex -11.728875760269862 -4.738773406711287 4.9
      vertex -11.64438639617337 -4.942748775389314 4.9
      vertex -11.64438639617337 -4.942748775389314 0
    endloop
  endfacet
  facet normal 0.9238795325112862 -0.3826834323650913 0
    outer loop
      vertex -11.728875760269862 4.738773406711287 0
      vertex -11.64438639617337 4.942748775389314 0
      vertex -11.64438639617337 4.942748775389314 4.9
    endloop
  endfacet
  facet normal 0.9238795325112862 -0.3826834323650913 0
    outer loop
      vertex -11.728875760269862 4.738773406711287 0
      vertex -11.64438639617337 4.942748775389314 4.9
      vertex -11.728875760269862 4.738773406711287 4.9
    endloop
  endfacet
  facet normal 0.9170600743851243 0.39874906892524575 0
    outer loop
      vertex -11.64438639617337 -4.942748775389314 0
      vertex -11.64438639617337 -4.942748775389314 4.9
      vertex -11.556350039178902 -5.145218534908873 0
    endloop
  endfacet
  facet normal 0 0 1
    outer loop
      vertex -11.64438639617337 -4.942748775389314 0
      vertex -11.556350039178902 -5.145218534908873 0
      vertex -11.556350039178902 5.145218534908873 0
    endloop
  endfacet
  facet normal 0 0 1
    outer loop
      vertex -11.64438639617337 -4.942748775389314 0
      vertex -11.556350039178902 5.145218534908873 0
      vertex -11.64438639617337 4.942748775389314 0
    endloop
  endfacet
  facet normal 0.9170600743851243 0.39874906892524575 0
    outer loop
      vertex -11.64438639617337 -4.942748775389314 4.9
      vertex -11.556350039178902 -5.145218534908873 4.9
      vertex -11.556350039178902 -5.145218534908873 0
    endloop
  endfacet
  facet normal 0.9170600743851243 -0.39874906892524575 0
    outer loop
      vertex -11.64438639617337 4.942748775389314 0
      vertex -11.556350039178902 5.145218534908873 0
      vertex -11.556350039178902 5.145218534908873 4.9
    endloop
  endfacet
  facet normal 0.9170600743851243 -0.39874906892524575 0
    outer loop
      vertex -11.64438639617337 4.942748775389314 0
      vertex -11.556350039178902 5.145218534908873 4.9
      vertex -11.64438639617337 4.942748775389314 4.9
    endloop
  endfacet
  facet normal 0.909961270876543 0.41469324265623975 0
    outer loop
      vertex -11.556350039178902 -5.145218534908873 0
      vertex -11.556350039178902 -5.145218534908873 4.9
      vertex -11.464793506013622 -5.346121011019848 0
    endloop
  endfacet
  facet normal 0 0 1
    outer loop
      vertex -11.556350039178902 -5.145218534908873 0
      vertex -11.464793506013622 -5.346121011019848 0
      vertex -11.464793506013622 5.346121011019848 0
    endloop
  endfacet
  facet normal 0 0 1
    outer loop
      vertex -11.556350039178902 -5.145218534908873 0
      vertex -11.464793506013622 5.346121011019848 0
      vertex -11.556350039178902 5.145218534908873 0
    endloop
  endfacet
  facet normal 0.909961270876543 0.41469324265623975 0
    outer loop
      vertex -11.556350039178902 -5.145218534908873 4.9
      vertex -11.464793506013622 -5.346121011019848 4.9
      vertex -11.464793506013622 -5.346121011019848 0
    endloop
  endfacet
  facet normal 0.909961270876543 -0.41469324265623975 0
    outer loop
      vertex -11.556350039178902 5.145218534908873 0
      vertex -11.464793506013622 5.346121011019848 0
      vertex -11.464793506013622 5.346121011019848 4.9
    endloop
  endfacet
  facet normal 0.909961270876543 -0.41469324265623975 0
    outer loop
      vertex -11.556350039178902 5.145218534908873 0
      vertex -11.464793506013622 5.346121011019848 4.9
      vertex -11.556350039178902 5.145218534908873 4.9
    endloop
  endfacet
  facet normal 0.9025852843498604 0.43051109680829547 0
    outer loop
      vertex -11.464793506013622 -5.346121011019848 0
      vertex -11.464793506013622 -5.346121011019848 4.9
      vertex -11.369744685684463 -5.545395006881829 0
    endloop
  endfacet
  facet normal 0 0 1
    outer loop
      vertex -11.464793506013622 -5.346121011019848 0
      vertex -11.369744685684463 -5.545395006881829 0
      vertex -11.369744685684463 5.545395006881829 0
    endloop
  endfacet
  facet normal 0 0 1
    outer loop
      vertex -11.464793506013622 -5.346121011019848 0
      vertex -11.369744685684463 5.545395006881829 0
      vertex -11.464793506013622 5.346121011019848 0
    endloop
  endfacet
  facet normal 0.9025852843498604 0.43051109680829547 0
    outer loop
      vertex -11.464793506013622 -5.346121011019848 4.9
      vertex -11.369744685684463 -5.545395006881829 4.9
      vertex -11.369744685684463 -5.545395006881829 0
    endloop
  endfacet
  facet normal 0.9025852843498604 -0.43051109680829547 0
    outer loop
      vertex -11.464793506013622 5.346121011019848 0
      vertex -11.369744685684463 5.545395006881829 0
      vertex -11.369744685684463 5.545395006881829 4.9
    endloop
  endfacet
  facet normal 0.9025852843498604 -0.43051109680829547 0
    outer loop
      vertex -11.464793506013622 5.346121011019848 0
      vertex -11.369744685684463 5.545395006881829 4.9
      vertex -11.464793506013622 5.346121011019848 4.9
    endloop
  endfacet
  facet normal 0.8949343616020242 0.44619781310981044 0
    outer loop
      vertex -11.369744685684463 -5.545395006881829 0
      vertex -11.369744685684463 -5.545395006881829 4.9
      vertex -11.271232530982854 -5.7429798217052666 0
    endloop
  endfacet
  facet normal 0 0 1
    outer loop
      vertex -11.369744685684463 -5.545395006881829 0
      vertex -11.271232530982854 -5.7429798217052666 0
      vertex -11.271232530982854 5.7429798217052666 0
    endloop
  endfacet
  facet normal 0 0 1
    outer loop
      vertex -11.369744685684463 -5.545395006881829 0
      vertex -11.271232530982854 5.7429798217052666 0
      vertex -11.369744685684463 5.545395006881829 0
    endloop
  endfacet
  facet normal 0.8949343616020242 0.44619781310981044 0
    outer loop
      vertex -11.369744685684463 -5.545395006881829 4.9
      vertex -11.271232530982854 -5.7429798217052666 4.9
      vertex -11.271232530982854 -5.7429798217052666 0
    endloop
  endfacet
  facet normal 0.8949343616020242 -0.44619781310981044 0
    outer loop
      vertex -11.369744685684463 5.545395006881829 0
      vertex -11.271232530982854 5.7429798217052666 0
      vertex -11.271232530982854 5.7429798217052666 4.9
    endloop
  endfacet
  facet normal 0.8949343616020242 -0.44619781310981044 0
    outer loop
      vertex -11.369744685684463 5.545395006881829 0
      vertex -11.271232530982854 5.7429798217052666 4.9
      vertex -11.369744685684463 5.545395006881829 4.9
    endloop
  endfacet
  facet normal 0.8870108331782229 0.4617486132350315 0
    outer loop
      vertex -11.271232530982854 -5.7429798217052666 0
      vertex -11.271232530982854 -5.7429798217052666 4.9
      vertex -11.169287049665426 -5.938815269241519 0
    endloop
  endfacet
  facet normal 0 0 1
    outer loop
      vertex -11.271232530982854 -5.7429798217052666 0
      vertex -11.169287049665426 -5.938815269241519 0
      vertex -11.169287049665426 5.938815269241519 0
    endloop
  endfacet
  facet normal 0 0 1
    outer loop
      vertex -11.271232530982854 -5.7429798217052666 0
      vertex -11.169287049665426 5.938815269241519 0
      vertex -11.271232530982854 5.7429798217052666 0
    endloop
  endfacet
  facet normal 0.8870108331782229 0.4617486132350315 0
    outer loop
      vertex -11.271232530982854 -5.7429798217052666 4.9
      vertex -11.169287049665426 -5.938815269241519 4.9
      vertex -11.169287049665426 -5.938815269241519 0
    endloop
  endfacet
  facet normal 0.8870108331782229 -0.4617486132350315 0
    outer loop
      vertex -11.271232530982854 5.7429798217052666 0
      vertex -11.169287049665426 5.938815269241519 0
      vertex -11.169287049665426 5.938815269241519 4.9
    endloop
  endfacet
  facet normal 0.8870108331782229 -0.4617486132350315 0
    outer loop
      vertex -11.271232530982854 5.7429798217052666 0
      vertex -11.169287049665426 5.938815269241519 4.9
      vertex -11.271232530982854 5.7429798217052666 4.9
    endloop
  endfacet
  facet normal 0.8788171126619653 0.47715876025960835 0
    outer loop
      vertex -11.169287049665426 -5.938815269241519 0
      vertex -11.169287049665426 -5.938815269241519 4.9
      vertex -11.063939295313357 -6.132841696116164 0
    endloop
  endfacet
  facet normal 0 0 1
    outer loop
      vertex -11.169287049665426 -5.938815269241519 0
      vertex -11.063939295313357 -6.132841696116164 0
      vertex -11.063939295313357 6.132841696116164 0
    endloop
  endfacet
  facet normal 0 0 1
    outer loop
      vertex -11.169287049665426 -5.938815269241519 0
      vertex -11.063939295313357 6.132841696116164 0
      vertex -11.169287049665426 5.938815269241519 0
    endloop
  endfacet
  facet normal 0.8788171126619653 0.47715876025960835 0
    outer loop
      vertex -11.169287049665426 -5.938815269241519 4.9
      vertex -11.063939295313357 -6.132841696116164 4.9
      vertex -11.063939295313357 -6.132841696116164 0
    endloop
  endfacet
  facet normal 0.8788171126619653 -0.47715876025960835 0
    outer loop
      vertex -11.169287049665426 5.938815269241519 0
      vertex -11.063939295313357 6.132841696116164 0
      vertex -11.063939295313357 6.132841696116164 4.9
    endloop
  endfacet
  facet normal 0.8788171126619653 -0.47715876025960835 0
    outer loop
      vertex -11.169287049665426 5.938815269241519 0
      vertex -11.063939295313357 6.132841696116164 4.9
      vertex -11.169287049665426 5.938815269241519 4.9
    endloop
  endfacet
  facet normal 0.8703556959398967 0.49242356010347244 0
    outer loop
      vertex -11.063939295313357 -6.132841696116164 0
      vertex -11.063939295313357 -6.132841696116164 4.9
      vertex -10.955221357873148 -6.325 0
    endloop
  endfacet
  facet normal 0 0 1
    outer loop
      vertex -11.063939295313357 -6.132841696116164 0
      vertex -10.955221357873148 -6.325 0
      vertex -10.955221357873148 6.325 0
    endloop
  endfacet
  facet normal 0 0 1
    outer loop
      vertex -11.063939295313357 -6.132841696116164 0
      vertex -10.955221357873148 6.325 0
      vertex -11.063939295313357 6.132841696116164 0
    endloop
  endfacet
  facet normal 0.8703556959398967 0.49242356010347244 0
    outer loop
      vertex -11.063939295313357 -6.132841696116164 4.9
      vertex -10.955221357873148 -6.325 4.9
      vertex -10.955221357873148 -6.325 0
    endloop
  endfacet
  facet normal 0.8703556959398967 -0.49242356010347244 0
    outer loop
      vertex -11.063939295313357 6.132841696116164 0
      vertex -10.955221357873148 6.325 0
      vertex -10.955221357873148 6.325 4.9
    endloop
  endfacet
  facet normal 0.8703556959398967 -0.49242356010347244 0
    outer loop
      vertex -11.063939295313357 6.132841696116164 0
      vertex -10.955221357873148 6.325 4.9
      vertex -11.063939295313357 6.132841696116164 4.9
    endloop
  endfacet
  facet normal 0.8616291604415268 0.5075383629607022 0
    outer loop
      vertex -10.955221357873148 -6.325 0
      vertex -10.955221357873148 -6.325 4.9
      vertex -10.84316635388172 -6.515231647612185 0
    endloop
  endfacet
  facet normal 0 0 1
    outer loop
      vertex -10.955221357873148 -6.325 0
      vertex -10.84316635388172 -6.515231647612185 0
      vertex -10.84316635388172 6.515231647612185 0
    endloop
  endfacet
  facet normal 0 0 1
    outer loop
      vertex -10.955221357873148 -6.325 0
      vertex -10.84316635388172 6.515231647612185 0
      vertex -10.955221357873148 6.325 0
    endloop
  endfacet
  facet normal 0.8616291604415268 0.5075383629607022 0
    outer loop
      vertex -10.955221357873148 -6.325 4.9
      vertex -10.84316635388172 -6.515231647612185 4.9
      vertex -10.84316635388172 -6.515231647612185 0
    endloop
  endfacet
  facet normal 0.8616291604415268 -0.5075383629607022 0
    outer loop
      vertex -10.955221357873148 6.325 0
      vertex -10.84316635388172 6.515231647612185 0
      vertex -10.84316635388172 6.515231647612185 4.9
    endloop
  endfacet
  facet normal 0.8616291604415268 -0.5075383629607022 0
    outer loop
      vertex -10.955221357873148 6.325 0
      vertex -10.84316635388172 6.515231647612185 4.9
      vertex -10.955221357873148 6.325 4.9
    endloop
  endfacet
  facet normal 0.8526401643540922 0.5224985647159486 0
    outer loop
      vertex -10.84316635388172 -6.515231647612185 0
      vertex -10.84316635388172 -6.515231647612185 4.9
      vertex -10.727808416378789 -6.703478692550042 0
    endloop
  endfacet
  facet normal 0 0 1
    outer loop
      vertex -10.84316635388172 -6.515231647612185 0
      vertex -10.727808416378789 -6.703478692550042 0
      vertex -10.727808416378789 6.703478692550042 0
    endloop
  endfacet
  facet normal 0 0 1
    outer loop
      vertex -10.84316635388172 -6.515231647612185 0
      vertex -10.727808416378789 6.703478692550042 0
      vertex -10.84316635388172 6.515231647612185 0
    endloop
  endfacet
  facet normal 0.8526401643540922 0.5224985647159486 0
    outer loop
      vertex -10.84316635388172 -6.515231647612185 4.9
      vertex -10.727808416378789 -6.703478692550042 4.9
      vertex -10.727808416378789 -6.703478692550042 0
    endloop
  endfacet
  facet normal 0.8526401643540922 -0.5224985647159486 0
    outer loop
      vertex -10.84316635388172 6.515231647612185 0
      vertex -10.727808416378789 6.703478692550042 0
      vertex -10.727808416378789 6.703478692550042 4.9
    endloop
  endfacet
  facet normal 0.8526401643540922 -0.5224985647159486 0
    outer loop
      vertex -10.84316635388172 6.515231647612185 0
      vertex -10.727808416378789 6.703478692550042 4.9
      vertex -10.84316635388172 6.515231647612185 4.9
    endloop
  endfacet
  facet normal 0.8433914458128867 0.5372996083468221 0
    outer loop
      vertex -10.727808416378789 -6.703478692550042 0
      vertex -10.727808416378789 -6.703478692550042 4.9
      vertex -10.609182684509614 -6.889683792940093 0
    endloop
  endfacet
  facet normal 0 0 1
    outer loop
      vertex -10.727808416378789 -6.703478692550042 0
      vertex -10.609182684509614 -6.889683792940093 0
      vertex -10.609182684509614 6.889683792940093 0
    endloop
  endfacet
  facet normal 0 0 1
    outer loop
      vertex -10.727808416378789 -6.703478692550042 0
      vertex -10.609182684509614 6.889683792940093 0
      vertex -10.727808416378789 6.703478692550042 0
    endloop
  endfacet
  facet normal 0.8433914458128867 0.5372996083468221 0
    outer loop
      vertex -10.727808416378789 -6.703478692550042 4.9
      vertex -10.609182684509614 -6.889683792940093 4.9
      vertex -10.609182684509614 -6.889683792940093 0
    endloop
  endfacet
  facet normal 0.8433914458128867 -0.5372996083468221 0
    outer loop
      vertex -10.727808416378789 6.703478692550042 0
      vertex -10.609182684509614 6.889683792940093 0
      vertex -10.609182684509614 6.889683792940093 4.9
    endloop
  endfacet
  facet normal 0.8433914458128867 -0.5372996083468221 0
    outer loop
      vertex -10.727808416378789 6.703478692550042 0
      vertex -10.609182684509614 6.889683792940093 4.9
      vertex -10.727808416378789 6.703478692550042 4.9
    endloop
  endfacet
  facet normal 0.8338858220671674 0.5519369853120594 0
    outer loop
      vertex -10.609182684509614 -6.889683792940093 0
      vertex -10.609182684509614 -6.889683792940093 4.9
      vertex -10.487325292821277 -7.073790228904948 0
    endloop
  endfacet
  facet normal 0 0 1
    outer loop
      vertex -10.609182684509614 -6.889683792940093 0
      vertex -10.487325292821277 -7.073790228904948 0
      vertex -10.487325292821277 7.073790228904948 0
    endloop
  endfacet
  facet normal 0 0 1
    outer loop
      vertex -10.609182684509614 -6.889683792940093 0
      vertex -10.487325292821277 7.073790228904948 0
      vertex -10.609182684509614 6.889683792940093 0
    endloop
  endfacet
  facet normal 0.8338858220671674 0.5519369853120594 0
    outer loop
      vertex -10.609182684509614 -6.889683792940093 4.9
      vertex -10.487325292821277 -7.073790228904948 4.9
      vertex -10.487325292821277 -7.073790228904948 0
    endloop
  endfacet
  facet normal 0.8338858220671674 -0.5519369853120594 0
    outer loop
      vertex -10.609182684509614 6.889683792940093 0
      vertex -10.487325292821277 7.073790228904948 0
      vertex -10.487325292821277 7.073790228904948 4.9
    endloop
  endfacet
  facet normal 0.8338858220671674 -0.5519369853120594 0
    outer loop
      vertex -10.609182684509614 6.889683792940093 0
      vertex -10.487325292821277 7.073790228904948 4.9
      vertex -10.609182684509614 6.889683792940093 4.9
    endloop
  endfacet
  facet normal 0.8241261886220177 0.56640623692483 0
    outer loop
      vertex -10.487325292821277 -7.073790228904948 0
      vertex -10.487325292821277 -7.073790228904948 4.9
      vertex -10.362273360255747 -7.255741919840733 0
    endloop
  endfacet
  facet normal 0 0 1
    outer loop
      vertex -10.487325292821277 -7.073790228904948 0
      vertex -10.362273360255747 -7.255741919840733 0
      vertex -10.362273360255747 7.255741919840733 0
    endloop
  endfacet
  facet normal 0 0 1
    outer loop
      vertex -10.487325292821277 -7.073790228904948 0
      vertex -10.362273360255747 7.255741919840733 0
      vertex -10.487325292821277 7.073790228904948 0
    endloop
  endfacet
  facet normal 0.8241261886220177 0.56640623692483 0
    outer loop
      vertex -10.487325292821277 -7.073790228904948 4.9
      vertex -10.362273360255747 -7.255741919840733 4.9
      vertex -10.362273360255747 -7.255741919840733 0
    endloop
  endfacet
  facet normal 0.8241261886220177 -0.56640623692483 0
    outer loop
      vertex -10.487325292821277 7.073790228904948 0
      vertex -10.362273360255747 7.255741919840733 0
      vertex -10.362273360255747 7.255741919840733 4.9
    endloop
  endfacet
  facet normal 0.8241261886220177 -0.56640623692483 0
    outer loop
      vertex -10.487325292821277 7.073790228904948 0
      vertex -10.362273360255747 7.255741919840733 4.9
      vertex -10.487325292821277 7.073790228904948 4.9
    endloop
  endfacet
  facet normal 0.8141155183563183 0.580702955710941 0
    outer loop
      vertex -10.362273360255747 -7.255741919840733 0
      vertex -10.362273360255747 -7.255741919840733 4.9
      vertex -10.234064978843085 -7.435483441499786 0
    endloop
  endfacet
  facet normal 0 0 1
    outer loop
      vertex -10.362273360255747 -7.255741919840733 0
      vertex -10.234064978843085 -7.435483441499786 0
      vertex -10.234064978843085 7.435483441499786 0
    endloop
  endfacet
  facet normal 0 0 1
    outer loop
      vertex -10.362273360255747 -7.255741919840733 0
      vertex -10.234064978843085 7.435483441499786 0
      vertex -10.362273360255747 7.255741919840733 0
    endloop
  endfacet
  facet normal 0.8141155183563183 0.580702955710941 0
    outer loop
      vertex -10.362273360255747 -7.255741919840733 4.9
      vertex -10.234064978843085 -7.435483441499786 4.9
      vertex -10.234064978843085 -7.435483441499786 0
    endloop
  endfacet
  facet normal 0.8141155183563183 -0.580702955710941 0
    outer loop
      vertex -10.362273360255747 7.255741919840733 0
      vertex -10.234064978843085 7.435483441499786 0
      vertex -10.234064978843085 7.435483441499786 4.9
    endloop
  endfacet
  facet normal 0.8141155183563183 -0.580702955710941 0
    outer loop
      vertex -10.362273360255747 7.255741919840733 0
      vertex -10.234064978843085 7.435483441499786 4.9
      vertex -10.362273360255747 7.255741919840733 4.9
    endloop
  endfacet
  facet normal 0.8038568606172162 0.594822786751343 0
    outer loop
      vertex -10.234064978843085 -7.435483441499786 0
      vertex -10.234064978843085 -7.435483441499786 4.9
      vertex -10.102739202098254 -7.612960042873411 0
    endloop
  endfacet
  facet normal 0 0 1
    outer loop
      vertex -10.234064978843085 -7.435483441499786 0
      vertex -10.102739202098254 -7.612960042873411 0
      vertex -10.102739202098254 7.612960042873411 0
    endloop
  endfacet
  facet normal 0 0 1
    outer loop
      vertex -10.234064978843085 -7.435483441499786 0
      vertex -10.102739202098254 7.612960042873411 0
      vertex -10.234064978843085 7.435483441499786 0
    endloop
  endfacet
  facet normal 0.8038568606172162 0.594822786751343 0
    outer loop
      vertex -10.234064978843085 -7.435483441499786 4.9
      vertex -10.102739202098254 -7.612960042873411 4.9
      vertex -10.102739202098254 -7.612960042873411 0
    endloop
  endfacet
  facet normal 0.8038568606172162 -0.594822786751343 0
    outer loop
      vertex -10.234064978843085 7.435483441499786 0
      vertex -10.102739202098254 7.612960042873411 0
      vertex -10.102739202098254 7.612960042873411 4.9
    endloop
  endfacet
  facet normal 0.8038568606172162 -0.594822786751343 0
    outer loop
      vertex -10.234064978843085 7.435483441499786 0
      vertex -10.102739202098254 7.612960042873411 4.9
      vertex -10.234064978843085 7.435483441499786 4.9
    endloop
  endfacet
  facet normal 0.7933533402912354 0.6087614290087202 0
    outer loop
      vertex -10.102739202098254 -7.612960042873411 0
      vertex -10.102739202098254 -7.612960042873411 4.9
      vertex -9.968336033125032 -7.788117662869578 0
    endloop
  endfacet
  facet normal 0 0 1
    outer loop
      vertex -10.102739202098254 -7.612960042873411 0
      vertex -9.968336033125032 -7.788117662869578 0
      vertex -9.968336033125032 7.788117662869578 0
    endloop
  endfacet
  facet normal 0 0 1
    outer loop
      vertex -10.102739202098254 -7.612960042873411 0
      vertex -9.968336033125032 7.788117662869578 0
      vertex -10.102739202098254 7.612960042873411 0
    endloop
  endfacet
  facet normal 0.7933533402912354 0.6087614290087202 0
    outer loop
      vertex -10.102739202098254 -7.612960042873411 4.9
      vertex -9.968336033125032 -7.788117662869578 4.9
      vertex -9.968336033125032 -7.788117662869578 0
    endloop
  endfacet
  facet normal 0.7933533402912354 -0.6087614290087202 0
    outer loop
      vertex -10.102739202098254 7.612960042873411 0
      vertex -9.968336033125032 7.788117662869578 0
      vertex -9.968336033125032 7.788117662869578 4.9
    endloop
  endfacet
  facet normal 0.7933533402912354 -0.6087614290087202 0
    outer loop
      vertex -10.102739202098254 7.612960042873411 0
      vertex -9.968336033125032 7.788117662869578 4.9
      vertex -10.102739202098254 7.612960042873411 4.9
    endloop
  endfacet
  facet normal 0.7826081568524154 0.6225146366376177 0
    outer loop
      vertex -9.968336033125032 -7.788117662869578 0
      vertex -9.968336033125032 -7.788117662869578 4.9
      vertex -9.830896412430683 -7.960902946780443 0
    endloop
  endfacet
  facet normal 0 0 1
    outer loop
      vertex -9.968336033125032 -7.788117662869578 0
      vertex -9.830896412430683 -7.960902946780443 0
      vertex -9.830896412430683 7.960902946780443 0
    endloop
  endfacet
  facet normal 0 0 1
    outer loop
      vertex -9.968336033125032 -7.788117662869578 0
      vertex -9.830896412430683 7.960902946780443 0
      vertex -9.968336033125032 7.788117662869578 0
    endloop
  endfacet
  facet normal 0.7826081568524154 0.6225146366376177 0
    outer loop
      vertex -9.968336033125032 -7.788117662869578 4.9
      vertex -9.830896412430683 -7.960902946780443 4.9
      vertex -9.830896412430683 -7.960902946780443 0
    endloop
  endfacet
  facet normal 0.7826081568524154 -0.6225146366376177 0
    outer loop
      vertex -9.968336033125032 7.788117662869578 0
      vertex -9.830896412430683 7.960902946780443 0
      vertex -9.830896412430683 7.960902946780443 4.9
    endloop
  endfacet
  facet normal 0.7826081568524154 -0.6225146366376177 0
    outer loop
      vertex -9.968336033125032 7.788117662869578 0
      vertex -9.830896412430683 7.960902946780443 4.9
      vertex -9.968336033125032 7.788117662869578 4.9
    endloop
  endfacet
  facet normal 0.7716245833877163 0.6360782202777683 0
    outer loop
      vertex -9.830896412430683 -7.960902946780443 0
      vertex -9.830896412430683 -7.960902946780443 4.9
      vertex -9.690462205455072 -8.131263262534722 0
    endloop
  endfacet
  facet normal 0 0 1
    outer loop
      vertex -9.830896412430683 -7.960902946780443 0
      vertex -9.690462205455072 -8.131263262534722 0
      vertex -9.690462205455072 8.131263262534722 0
    endloop
  endfacet
  facet normal 0 0 1
    outer loop
      vertex -9.830896412430683 -7.960902946780443 0
      vertex -9.690462205455072 8.131263262534722 0
      vertex -9.830896412430683 7.960902946780443 0
    endloop
  endfacet
  facet normal 0.7716245833877163 0.6360782202777683 0
    outer loop
      vertex -9.830896412430683 -7.960902946780443 4.9
      vertex -9.690462205455072 -8.131263262534722 4.9
      vertex -9.690462205455072 -8.131263262534722 0
    endloop
  endfacet
  facet normal 0.7716245833877163 -0.6360782202777683 0
    outer loop
      vertex -9.830896412430683 7.960902946780443 0
      vertex -9.690462205455072 8.131263262534722 0
      vertex -9.690462205455072 8.131263262534722 4.9
    endloop
  endfacet
  facet normal 0.7716245833877163 -0.6360782202777683 0
    outer loop
      vertex -9.830896412430683 7.960902946780443 0
      vertex -9.690462205455072 8.131263262534722 4.9
      vertex -9.830896412430683 7.960902946780443 4.9
    endloop
  endfacet
  facet normal 0.7604059656000326 0.6494480483301818 0
    outer loop
      vertex -9.690462205455072 -8.131263262534722 0
      vertex -9.690462205455072 -8.131263262534722 4.9
      vertex -9.547076189818066 -8.299146716729917 0
    endloop
  endfacet
  facet normal 0 0 1
    outer loop
      vertex -9.690462205455072 -8.131263262534722 0
      vertex -9.547076189818066 -8.299146716729917 0
      vertex -9.547076189818066 8.299146716729917 0
    endloop
  endfacet
  facet normal 0 0 1
    outer loop
      vertex -9.690462205455072 -8.131263262534722 0
      vertex -9.547076189818066 8.299146716729917 0
      vertex -9.690462205455072 8.131263262534722 0
    endloop
  endfacet
  facet normal 0.7604059656000326 0.6494480483301818 0
    outer loop
      vertex -9.690462205455072 -8.131263262534722 4.9
      vertex -9.547076189818066 -8.299146716729917 4.9
      vertex -9.547076189818066 -8.299146716729917 0
    endloop
  endfacet
  facet normal 0.7604059656000326 -0.6494480483301818 0
    outer loop
      vertex -9.690462205455072 8.131263262534722 0
      vertex -9.547076189818066 8.299146716729917 0
      vertex -9.547076189818066 8.299146716729917 4.9
    endloop
  endfacet
  facet normal 0.7604059656000326 -0.6494480483301818 0
    outer loop
      vertex -9.690462205455072 8.131263262534722 0
      vertex -9.547076189818066 8.299146716729917 4.9
      vertex -9.690462205455072 8.131263262534722 4.9
    endloop
  endfacet
  facet normal 0.7489557207890055 0.6626200482157336 0
    outer loop
      vertex -9.547076189818066 -8.299146716729917 0
      vertex -9.547076189818066 -8.299146716729917 4.9
      vertex -9.400782042289038 -8.464502170439557 0
    endloop
  endfacet
  facet normal 0 0 1
    outer loop
      vertex -9.547076189818066 -8.299146716729917 0
      vertex -9.400782042289038 -8.464502170439557 0
      vertex -9.400782042289038 8.464502170439557 0
    endloop
  endfacet
  facet normal 0 0 1
    outer loop
      vertex -9.547076189818066 -8.299146716729917 0
      vertex -9.400782042289038 8.464502170439557 0
      vertex -9.547076189818066 8.299146716729917 0
    endloop
  endfacet
  facet normal 0.7489557207890055 0.6626200482157336 0
    outer loop
      vertex -9.547076189818066 -8.299146716729917 4.9
      vertex -9.400782042289038 -8.464502170439557 4.9
      vertex -9.400782042289038 -8.464502170439557 0
    endloop
  endfacet
  facet normal 0.7489557207890055 -0.6626200482157336 0
    outer loop
      vertex -9.547076189818066 8.299146716729917 0
      vertex -9.400782042289038 8.464502170439557 0
      vertex -9.400782042289038 8.464502170439557 4.9
    endloop
  endfacet
  facet normal 0.7489557207890055 -0.6626200482157336 0
    outer loop
      vertex -9.547076189818066 8.299146716729917 0
      vertex -9.400782042289038 8.464502170439557 4.9
      vertex -9.547076189818066 8.299146716729917 4.9
    endloop
  endfacet
  facet normal 0.7372773368101209 0.6755902076156635 0
    outer loop
      vertex -9.400782042289038 -8.464502170439557 0
      vertex -9.400782042289038 -8.464502170439557 4.9
      vertex -9.251624325482506 -8.627279254790606 0
    endloop
  endfacet
  facet normal 0 0 1
    outer loop
      vertex -9.400782042289038 -8.464502170439557 0
      vertex -9.251624325482506 -8.627279254790606 0
      vertex -9.251624325482506 8.627279254790606 0
    endloop
  endfacet
  facet normal 0 0 1
    outer loop
      vertex -9.400782042289038 -8.464502170439557 0
      vertex -9.251624325482506 8.627279254790606 0
      vertex -9.400782042289038 8.464502170439557 0
    endloop
  endfacet
  facet normal 0.7372773368101209 0.6755902076156635 0
    outer loop
      vertex -9.400782042289038 -8.464502170439557 4.9
      vertex -9.251624325482506 -8.627279254790606 4.9
      vertex -9.251624325482506 -8.627279254790606 0
    endloop
  endfacet
  facet normal 0.7372773368101209 -0.6755902076156635 0
    outer loop
      vertex -9.400782042289038 8.464502170439557 0
      vertex -9.251624325482506 8.627279254790606 0
      vertex -9.251624325482506 8.627279254790606 4.9
    endloop
  endfacet
  facet normal 0.7372773368101209 -0.6755902076156635 0
    outer loop
      vertex -9.400782042289038 8.464502170439557 0
      vertex -9.251624325482506 8.627279254790606 4.9
      vertex -9.400782042289038 8.464502170439557 4.9
    endloop
  endfacet
  facet normal 0.7253743710122906 0.6883545756937508 0
    outer loop
      vertex -9.251624325482506 -8.627279254790606 0
      vertex -9.251624325482506 -8.627279254790606 4.9
      vertex -9.099648474283939 -8.787428386306315 0
    endloop
  endfacet
  facet normal 0 0 1
    outer loop
      vertex -9.251624325482506 -8.627279254790606 0
      vertex -9.099648474283939 -8.787428386306315 0
      vertex -9.099648474283939 8.787428386306315 0
    endloop
  endfacet
  facet normal 0 0 1
    outer loop
      vertex -9.251624325482506 -8.627279254790606 0
      vertex -9.099648474283939 8.787428386306315 0
      vertex -9.251624325482506 8.627279254790606 0
    endloop
  endfacet
  facet normal 0.7253743710122906 0.6883545756937508 0
    outer loop
      vertex -9.251624325482506 -8.627279254790606 4.9
      vertex -9.099648474283939 -8.787428386306315 4.9
      vertex -9.099648474283939 -8.787428386306315 0
    endloop
  endfacet
  facet normal 0.7253743710122906 -0.6883545756937508 0
    outer loop
      vertex -9.251624325482506 8.627279254790606 0
      vertex -9.099648474283939 8.787428386306315 0
      vertex -9.099648474283939 8.787428386306315 4.9
    endloop
  endfacet
  facet normal 0.7253743710122906 -0.6883545756937508 0
    outer loop
      vertex -9.251624325482506 8.627279254790606 0
      vertex -9.099648474283939 8.787428386306315 4.9
      vertex -9.251624325482506 8.627279254790606 4.9
    endloop
  endfacet
  facet normal 0.7132504491541796 0.7009092642998529 0
    outer loop
      vertex -9.099648474283939 -8.787428386306315 0
      vertex -9.099648474283939 -8.787428386306315 4.9
      vertex -8.944900782009826 -8.944900782009826 0
    endloop
  endfacet
  facet normal 0 0 1
    outer loop
      vertex -9.099648474283939 -8.787428386306315 0
      vertex -8.944900782009826 -8.944900782009826 0
      vertex -8.944900782009826 8.944900782009826 0
    endloop
  endfacet
  facet normal 0 0 1
    outer loop
      vertex -9.099648474283939 -8.787428386306315 0
      vertex -8.944900782009826 8.944900782009826 0
      vertex -9.099648474283939 8.787428386306315 0
    endloop
  endfacet
  facet normal 0.7132504491541796 0.7009092642998529 0
    outer loop
      vertex -9.099648474283939 -8.787428386306315 4.9
      vertex -8.944900782009826 -8.944900782009826 4.9
      vertex -8.944900782009826 -8.944900782009826 0
    endloop
  endfacet
  facet normal 0.7132504491541796 -0.7009092642998529 0
    outer loop
      vertex -9.099648474283939 8.787428386306315 0
      vertex -8.944900782009826 8.944900782009826 0
      vertex -8.944900782009826 8.944900782009826 4.9
    endloop
  endfacet
  facet normal 0.7132504491541796 -0.7009092642998529 0
    outer loop
      vertex -9.099648474283939 8.787428386306315 0
      vertex -8.944900782009826 8.944900782009826 4.9
      vertex -9.099648474283939 8.787428386306315 4.9
    endloop
  endfacet
  facet normal 0.7009092642998529 0.7132504491541796 0
    outer loop
      vertex -8.944900782009826 -8.944900782009826 0
      vertex -8.944900782009826 -8.944900782009826 4.9
      vertex -8.787428386306315 -9.099648474283939 0
    endloop
  endfacet
  facet normal 0 0 1
    outer loop
      vertex -8.944900782009826 -8.944900782009826 0
      vertex -8.787428386306315 -9.099648474283939 0
      vertex -8.787428386306315 9.099648474283939 0
    endloop
  endfacet
  facet normal 0 0 1
    outer loop
      vertex -8.944900782009826 -8.944900782009826 0
      vertex -8.787428386306315 9.099648474283939 0
      vertex -8.944900782009826 8.944900782009826 0
    endloop
  endfacet
  facet normal 0.7009092642998529 0.7132504491541796 0
    outer loop
      vertex -8.944900782009826 -8.944900782009826 4.9
      vertex -8.787428386306315 -9.099648474283939 4.9
      vertex -8.787428386306315 -9.099648474283939 0
    endloop
  endfacet
  facet normal 0.7009092642998529 -0.7132504491541796 0
    outer loop
      vertex -8.944900782009826 8.944900782009826 0
      vertex -8.787428386306315 9.099648474283939 0
      vertex -8.787428386306315 9.099648474283939 4.9
    endloop
  endfacet
  facet normal 0.7009092642998529 -0.7132504491541796 0
    outer loop
      vertex -8.944900782009826 8.944900782009826 0
      vertex -8.787428386306315 9.099648474283939 4.9
      vertex -8.944900782009826 8.944900782009826 4.9
    endloop
  endfacet
  facet normal 0.6883545756937508 0.7253743710122906 0
    outer loop
      vertex -8.787428386306315 -9.099648474283939 0
      vertex -8.787428386306315 -9.099648474283939 4.9
      vertex -8.627279254790606 -9.251624325482506 0
    endloop
  endfacet
  facet normal 0 0 1
    outer loop
      vertex -8.787428386306315 -9.099648474283939 0
      vertex -8.627279254790606 -9.251624325482506 0
      vertex -8.627279254790606 9.251624325482506 0
    endloop
  endfacet
  facet normal 0 0 1
    outer loop
      vertex -8.787428386306315 -9.099648474283939 0
      vertex -8.627279254790606 9.251624325482506 0
      vertex -8.787428386306315 9.099648474283939 0
    endloop
  endfacet
  facet normal 0.6883545756937508 0.7253743710122906 0
    outer loop
      vertex -8.787428386306315 -9.099648474283939 4.9
      vertex -8.627279254790606 -9.251624325482506 4.9
      vertex -8.627279254790606 -9.251624325482506 0
    endloop
  endfacet
  facet normal 0.6883545756937508 -0.7253743710122906 0
    outer loop
      vertex -8.787428386306315 9.099648474283939 0
      vertex -8.627279254790606 9.251624325482506 0
      vertex -8.627279254790606 9.251624325482506 4.9
    endloop
  endfacet
  facet normal 0.6883545756937508 -0.7253743710122906 0
    outer loop
      vertex -8.787428386306315 9.099648474283939 0
      vertex -8.627279254790606 9.251624325482506 4.9
      vertex -8.787428386306315 9.099648474283939 4.9
    endloop
  endfacet
  facet normal 0.6755902076156635 0.7372773368101209 0
    outer loop
      vertex -8.627279254790606 -9.251624325482506 0
      vertex -8.627279254790606 -9.251624325482506 4.9
      vertex -8.464502170439557 -9.400782042289038 0
    endloop
  endfacet
  facet normal 0 0 1
    outer loop
      vertex -8.627279254790606 -9.251624325482506 0
      vertex -8.464502170439557 -9.400782042289038 0
      vertex -8.464502170439557 9.400782042289038 0
    endloop
  endfacet
  facet normal 0 0 1
    outer loop
      vertex -8.627279254790606 -9.251624325482506 0
      vertex -8.464502170439557 9.400782042289038 0
      vertex -8.627279254790606 9.251624325482506 0
    endloop
  endfacet
  facet normal 0.6755902076156635 0.7372773368101209 0
    outer loop
      vertex -8.627279254790606 -9.251624325482506 4.9
      vertex -8.464502170439557 -9.400782042289038 4.9
      vertex -8.464502170439557 -9.400782042289038 0
    endloop
  endfacet
  facet normal 0.6755902076156635 -0.7372773368101209 0
    outer loop
      vertex -8.627279254790606 9.251624325482506 0
      vertex -8.464502170439557 9.400782042289038 0
      vertex -8.464502170439557 9.400782042289038 4.9
    endloop
  endfacet
  facet normal 0.6755902076156635 -0.7372773368101209 0
    outer loop
      vertex -8.627279254790606 9.251624325482506 0
      vertex -8.464502170439557 9.400782042289038 4.9
      vertex -8.627279254790606 9.251624325482506 4.9
    endloop
  endfacet
  facet normal 0.6626200482157336 0.7489557207890055 0
    outer loop
      vertex -8.464502170439557 -9.400782042289038 0
      vertex -8.464502170439557 -9.400782042289038 4.9
      vertex -8.299146716729917 -9.547076189818066 0
    endloop
  endfacet
  facet normal 0 0 1
    outer loop
      vertex -8.464502170439557 -9.400782042289038 0
      vertex -8.299146716729917 -9.547076189818066 0
      vertex -8.299146716729917 9.547076189818066 0
    endloop
  endfacet
  facet normal 0 0 1
    outer loop
      vertex -8.464502170439557 -9.400782042289038 0
      vertex -8.299146716729917 9.547076189818066 0
      vertex -8.464502170439557 9.400782042289038 0
    endloop
  endfacet
  facet normal 0.6626200482157336 0.7489557207890055 0
    outer loop
      vertex -8.464502170439557 -9.400782042289038 4.9
      vertex -8.299146716729917 -9.547076189818066 4.9
      vertex -8.299146716729917 -9.547076189818066 0
    endloop
  endfacet
  facet normal 0.6626200482157336 -0.7489557207890055 0
    outer loop
      vertex -8.464502170439557 9.400782042289038 0
      vertex -8.299146716729917 9.547076189818066 0
      vertex -8.299146716729917 9.547076189818066 4.9
    endloop
  endfacet
  facet normal 0.6626200482157336 -0.7489557207890055 0
    outer loop
      vertex -8.464502170439557 9.400782042289038 0
      vertex -8.299146716729917 9.547076189818066 4.9
      vertex -8.464502170439557 9.400782042289038 4.9
    endloop
  endfacet
  facet normal 0.6494480483301818 0.7604059656000326 0
    outer loop
      vertex -8.299146716729917 -9.547076189818066 0
      vertex -8.299146716729917 -9.547076189818066 4.9
      vertex -8.131263262534722 -9.690462205455072 0
    endloop
  endfacet
  facet normal 0 0 1
    outer loop
      vertex -8.299146716729917 -9.547076189818066 0
      vertex -8.131263262534722 -9.690462205455072 0
      vertex -8.131263262534722 9.690462205455072 0
    endloop
  endfacet
  facet normal 0 0 1
    outer loop
      vertex -8.299146716729917 -9.547076189818066 0
      vertex -8.131263262534722 9.690462205455072 0
      vertex -8.299146716729917 9.547076189818066 0
    endloop
  endfacet
  facet normal 0.6494480483301818 0.7604059656000326 0
    outer loop
      vertex -8.299146716729917 -9.547076189818066 4.9
      vertex -8.131263262534722 -9.690462205455072 4.9
      vertex -8.131263262534722 -9.690462205455072 0
    endloop
  endfacet
  facet normal 0.6494480483301818 -0.7604059656000326 0
    outer loop
      vertex -8.299146716729917 9.547076189818066 0
      vertex -8.131263262534722 9.690462205455072 0
      vertex -8.131263262534722 9.690462205455072 4.9
    endloop
  endfacet
  facet normal 0.6494480483301818 -0.7604059656000326 0
    outer loop
      vertex -8.299146716729917 9.547076189818066 0
      vertex -8.131263262534722 9.690462205455072 4.9
      vertex -8.299146716729917 9.547076189818066 4.9
    endloop
  endfacet
  facet normal 0.6360782202777683 0.7716245833877163 0
    outer loop
      vertex -8.131263262534722 -9.690462205455072 0
      vertex -8.131263262534722 -9.690462205455072 4.9
      vertex -7.960902946780443 -9.830896412430683 0
    endloop
  endfacet
  facet normal 0 0 1
    outer loop
      vertex -8.131263262534722 -9.690462205455072 0
      vertex -7.960902946780443 -9.830896412430683 0
      vertex -7.960902946780443 9.830896412430683 0
    endloop
  endfacet
  facet normal 0 0 1
    outer loop
      vertex -8.131263262534722 -9.690462205455072 0
      vertex -7.960902946780443 9.830896412430683 0
      vertex -8.131263262534722 9.690462205455072 0
    endloop
  endfacet
  facet normal 0.6360782202777683 0.7716245833877163 0
    outer loop
      vertex -8.131263262534722 -9.690462205455072 4.9
      vertex -7.960902946780443 -9.830896412430683 4.9
      vertex -7.960902946780443 -9.830896412430683 0
    endloop
  endfacet
  facet normal 0.6360782202777683 -0.7716245833877163 0
    outer loop
      vertex -8.131263262534722 9.690462205455072 0
      vertex -7.960902946780443 9.830896412430683 0
      vertex -7.960902946780443 9.830896412430683 4.9
    endloop
  endfacet
  facet normal 0.6360782202777683 -0.7716245833877163 0
    outer loop
      vertex -8.131263262534722 9.690462205455072 0
      vertex -7.960902946780443 9.830896412430683 4.9
      vertex -8.131263262534722 9.690462205455072 4.9
    endloop
  endfacet
  facet normal 0.6225146366376177 0.7826081568524154 0
    outer loop
      vertex -7.960902946780443 -9.830896412430683 0
      vertex -7.960902946780443 -9.830896412430683 4.9
      vertex -7.788117662869578 -9.968336033125032 0
    endloop
  endfacet
  facet normal 0 0 1
    outer loop
      vertex -7.960902946780443 -9.830896412430683 0
      vertex -7.788117662869578 -9.968336033125032 0
      vertex -7.788117662869578 9.968336033125032 0
    endloop
  endfacet
  facet normal 0 0 1
    outer loop
      vertex -7.960902946780443 -9.830896412430683 0
      vertex -7.788117662869578 9.968336033125032 0
      vertex -7.960902946780443 9.830896412430683 0
    endloop
  endfacet
  facet normal 0.6225146366376177 0.7826081568524154 0
    outer loop
      vertex -7.960902946780443 -9.830896412430683 4.9
      vertex -7.788117662869578 -9.968336033125032 4.9
      vertex -7.788117662869578 -9.968336033125032 0
    endloop
  endfacet
  facet normal 0.6225146366376177 -0.7826081568524154 0
    outer loop
      vertex -7.960902946780443 9.830896412430683 0
      vertex -7.788117662869578 9.968336033125032 0
      vertex -7.788117662869578 9.968336033125032 4.9
    endloop
  endfacet
  facet normal 0.6225146366376177 -0.7826081568524154 0
    outer loop
      vertex -7.960902946780443 9.830896412430683 0
      vertex -7.788117662869578 9.968336033125032 4.9
      vertex -7.960902946780443 9.830896412430683 4.9
    endloop
  endfacet
  facet normal 0.6087614290087202 0.7933533402912354 0
    outer loop
      vertex -7.788117662869578 -9.968336033125032 0
      vertex -7.788117662869578 -9.968336033125032 4.9
      vertex -7.612960042873411 -10.102739202098254 0
    endloop
  endfacet
  facet normal 0 0 1
    outer loop
      vertex -7.788117662869578 -9.968336033125032 0
      vertex -7.612960042873411 -10.102739202098254 0
      vertex -7.612960042873411 10.102739202098254 0
    endloop
  endfacet
  facet normal 0 0 1
    outer loop
      vertex -7.788117662869578 -9.968336033125032 0
      vertex -7.612960042873411 10.102739202098254 0
      vertex -7.788117662869578 9.968336033125032 0
    endloop
  endfacet
  facet normal 0.6087614290087202 0.7933533402912354 0
    outer loop
      vertex -7.788117662869578 -9.968336033125032 4.9
      vertex -7.612960042873411 -10.102739202098254 4.9
      vertex -7.612960042873411 -10.102739202098254 0
    endloop
  endfacet
  facet normal 0.6087614290087202 -0.7933533402912354 0
    outer loop
      vertex -7.788117662869578 9.968336033125032 0
      vertex -7.612960042873411 10.102739202098254 0
      vertex -7.612960042873411 10.102739202098254 4.9
    endloop
  endfacet
  facet normal 0.6087614290087202 -0.7933533402912354 0
    outer loop
      vertex -7.788117662869578 9.968336033125032 0
      vertex -7.612960042873411 10.102739202098254 4.9
      vertex -7.788117662869578 9.968336033125032 4.9
    endloop
  endfacet
  facet normal 0.594822786751343 0.8038568606172162 0
    outer loop
      vertex -7.612960042873411 -10.102739202098254 0
      vertex -7.612960042873411 -10.102739202098254 4.9
      vertex -7.435483441499786 -10.234064978843085 0
    endloop
  endfacet
  facet normal 0 0 1
    outer loop
      vertex -7.612960042873411 -10.102739202098254 0
      vertex -7.435483441499786 -10.234064978843085 0
      vertex -7.435483441499786 10.234064978843085 0
    endloop
  endfacet
  facet normal 0 0 1
    outer loop
      vertex -7.612960042873411 -10.102739202098254 0
      vertex -7.435483441499786 10.234064978843085 0
      vertex -7.612960042873411 10.102739202098254 0
    endloop
  endfacet
  facet normal 0.594822786751343 0.8038568606172162 0
    outer loop
      vertex -7.612960042873411 -10.102739202098254 4.9
      vertex -7.435483441499786 -10.234064978843085 4.9
      vertex -7.435483441499786 -10.234064978843085 0
    endloop
  endfacet
  facet normal 0.594822786751343 -0.8038568606172162 0
    outer loop
      vertex -7.612960042873411 10.102739202098254 0
      vertex -7.435483441499786 10.234064978843085 0
      vertex -7.435483441499786 10.234064978843085 4.9
    endloop
  endfacet
  facet normal 0.594822786751343 -0.8038568606172162 0
    outer loop
      vertex -7.612960042873411 10.102739202098254 0
      vertex -7.435483441499786 10.234064978843085 4.9
      vertex -7.612960042873411 10.102739202098254 4.9
    endloop
  endfacet
  facet normal 0.580702955710941 0.8141155183563183 0
    outer loop
      vertex -7.435483441499786 -10.234064978843085 0
      vertex -7.435483441499786 -10.234064978843085 4.9
      vertex -7.255741919840733 -10.362273360255747 0
    endloop
  endfacet
  facet normal 0 0 1
    outer loop
      vertex -7.435483441499786 -10.234064978843085 0
      vertex -7.255741919840733 -10.362273360255747 0
      vertex -7.255741919840733 10.362273360255747 0
    endloop
  endfacet
  facet normal 0 0 1
    outer loop
      vertex -7.435483441499786 -10.234064978843085 0
      vertex -7.255741919840733 10.362273360255747 0
      vertex -7.435483441499786 10.234064978843085 0
    endloop
  endfacet
  facet normal 0.580702955710941 0.8141155183563183 0
    outer loop
      vertex -7.435483441499786 -10.234064978843085 4.9
      vertex -7.255741919840733 -10.362273360255747 4.9
      vertex -7.255741919840733 -10.362273360255747 0
    endloop
  endfacet
  facet normal 0.580702955710941 -0.8141155183563183 0
    outer loop
      vertex -7.435483441499786 10.234064978843085 0
      vertex -7.255741919840733 10.362273360255747 0
      vertex -7.255741919840733 10.362273360255747 4.9
    endloop
  endfacet
  facet normal 0.580702955710941 -0.8141155183563183 0
    outer loop
      vertex -7.435483441499786 10.234064978843085 0
      vertex -7.255741919840733 10.362273360255747 4.9
      vertex -7.435483441499786 10.234064978843085 4.9
    endloop
  endfacet
  facet normal 0.56640623692483 0.8241261886220177 0
    outer loop
      vertex -7.255741919840733 -10.362273360255747 0
      vertex -7.255741919840733 -10.362273360255747 4.9
      vertex -7.073790228904948 -10.487325292821277 0
    endloop
  endfacet
  facet normal 0 0 1
    outer loop
      vertex -7.255741919840733 -10.362273360255747 0
      vertex -7.073790228904948 -10.487325292821277 0
      vertex -7.073790228904948 10.487325292821277 0
    endloop
  endfacet
  facet normal 0 0 1
    outer loop
      vertex -7.255741919840733 -10.362273360255747 0
      vertex -7.073790228904948 10.487325292821277 0
      vertex -7.255741919840733 10.362273360255747 0
    endloop
  endfacet
  facet normal 0.56640623692483 0.8241261886220177 0
    outer loop
      vertex -7.255741919840733 -10.362273360255747 4.9
      vertex -7.073790228904948 -10.487325292821277 4.9
      vertex -7.073790228904948 -10.487325292821277 0
    endloop
  endfacet
  facet normal 0.56640623692483 -0.8241261886220177 0
    outer loop
      vertex -7.255741919840733 10.362273360255747 0
      vertex -7.073790228904948 10.487325292821277 0
      vertex -7.073790228904948 10.487325292821277 4.9
    endloop
  endfacet
  facet normal 0.56640623692483 -0.8241261886220177 0
    outer loop
      vertex -7.255741919840733 10.362273360255747 0
      vertex -7.073790228904948 10.487325292821277 4.9
      vertex -7.255741919840733 10.362273360255747 4.9
    endloop
  endfacet
  facet normal 0.5519369853120594 0.8338858220671674 0
    outer loop
      vertex -7.073790228904948 -10.487325292821277 0
      vertex -7.073790228904948 -10.487325292821277 4.9
      vertex -6.889683792940093 -10.609182684509614 0
    endloop
  endfacet
  facet normal 0 0 1
    outer loop
      vertex -7.073790228904948 -10.487325292821277 0
      vertex -6.889683792940093 -10.609182684509614 0
      vertex -6.889683792940093 10.609182684509614 0
    endloop
  endfacet
  facet normal 0 0 1
    outer loop
      vertex -7.073790228904948 -10.487325292821277 0
      vertex -6.889683792940093 10.609182684509614 0
      vertex -7.073790228904948 10.487325292821277 0
    endloop
  endfacet
  facet normal 0.5519369853120594 0.8338858220671674 0
    outer loop
      vertex -7.073790228904948 -10.487325292821277 4.9
      vertex -6.889683792940093 -10.609182684509614 4.9
      vertex -6.889683792940093 -10.609182684509614 0
    endloop
  endfacet
  facet normal 0.5519369853120594 -0.8338858220671674 0
    outer loop
      vertex -7.073790228904948 10.487325292821277 0
      vertex -6.889683792940093 10.609182684509614 0
      vertex -6.889683792940093 10.609182684509614 4.9
    endloop
  endfacet
  facet normal 0.5519369853120594 -0.8338858220671674 0
    outer loop
      vertex -7.073790228904948 10.487325292821277 0
      vertex -6.889683792940093 10.609182684509614 4.9
      vertex -7.073790228904948 10.487325292821277 4.9
    endloop
  endfacet
  facet normal 0.5372996083468221 0.8433914458128867 0
    outer loop
      vertex -6.889683792940093 -10.609182684509614 0
      vertex -6.889683792940093 -10.609182684509614 4.9
      vertex -6.703478692550042 -10.727808416378789 0
    endloop
  endfacet
  facet normal 0 0 1
    outer loop
      vertex -6.889683792940093 -10.609182684509614 0
      vertex -6.703478692550042 -10.727808416378789 0
      vertex -6.703478692550042 10.727808416378789 0
    endloop
  endfacet
  facet normal 0 0 1
    outer loop
      vertex -6.889683792940093 -10.609182684509614 0
      vertex -6.703478692550042 10.727808416378789 0
      vertex -6.889683792940093 10.609182684509614 0
    endloop
  endfacet
  facet normal 0.5372996083468221 0.8433914458128867 0
    outer loop
      vertex -6.889683792940093 -10.609182684509614 4.9
      vertex -6.703478692550042 -10.727808416378789 4.9
      vertex -6.703478692550042 -10.727808416378789 0
    endloop
  endfacet
  facet normal 0.5372996083468221 -0.8433914458128867 0
    outer loop
      vertex -6.889683792940093 10.609182684509614 0
      vertex -6.703478692550042 10.727808416378789 0
      vertex -6.703478692550042 10.727808416378789 4.9
    endloop
  endfacet
  facet normal 0.5372996083468221 -0.8433914458128867 0
    outer loop
      vertex -6.889683792940093 10.609182684509614 0
      vertex -6.703478692550042 10.727808416378789 4.9
      vertex -6.889683792940093 10.609182684509614 4.9
    endloop
  endfacet
  facet normal 0.5224985647159486 0.8526401643540922 0
    outer loop
      vertex -6.703478692550042 -10.727808416378789 0
      vertex -6.703478692550042 -10.727808416378789 4.9
      vertex -6.515231647612185 -10.84316635388172 0
    endloop
  endfacet
  facet normal 0 0 1
    outer loop
      vertex -6.703478692550042 -10.727808416378789 0
      vertex -6.515231647612185 -10.84316635388172 0
      vertex -6.515231647612185 10.84316635388172 0
    endloop
  endfacet
  facet normal 0 0 1
    outer loop
      vertex -6.703478692550042 -10.727808416378789 0
      vertex -6.515231647612185 10.84316635388172 0
      vertex -6.703478692550042 10.727808416378789 0
    endloop
  endfacet
  facet normal 0.5224985647159486 0.8526401643540922 0
    outer loop
      vertex -6.703478692550042 -10.727808416378789 4.9
      vertex -6.515231647612185 -10.84316635388172 4.9
      vertex -6.515231647612185 -10.84316635388172 0
    endloop
  endfacet
  facet normal 0.5224985647159486 -0.8526401643540922 0
    outer loop
      vertex -6.703478692550042 10.727808416378789 0
      vertex -6.515231647612185 10.84316635388172 0
      vertex -6.515231647612185 10.84316635388172 4.9
    endloop
  endfacet
  facet normal 0.5224985647159486 -0.8526401643540922 0
    outer loop
      vertex -6.703478692550042 10.727808416378789 0
      vertex -6.515231647612185 10.84316635388172 4.9
      vertex -6.703478692550042 10.727808416378789 4.9
    endloop
  endfacet
  facet normal 0.5075383629607022 0.8616291604415268 0
    outer loop
      vertex -6.515231647612185 -10.84316635388172 0
      vertex -6.515231647612185 -10.84316635388172 4.9
      vertex -6.325 -10.955221357873148 0
    endloop
  endfacet
  facet normal 0 0 1
    outer loop
      vertex -6.515231647612185 -10.84316635388172 0
      vertex -6.325 -10.955221357873148 0
      vertex -6.325 10.955221357873148 0
    endloop
  endfacet
  facet normal 0 0 1
    outer loop
      vertex -6.515231647612185 -10.84316635388172 0
      vertex -6.325 10.955221357873148 0
      vertex -6.515231647612185 10.84316635388172 0
    endloop
  endfacet
  facet normal 0.5075383629607022 0.8616291604415268 0
    outer loop
      vertex -6.515231647612185 -10.84316635388172 4.9
      vertex -6.325 -10.955221357873148 4.9
      vertex -6.325 -10.955221357873148 0
    endloop
  endfacet
  facet normal 0.5075383629607022 -0.8616291604415268 0
    outer loop
      vertex -6.515231647612185 10.84316635388172 0
      vertex -6.325 10.955221357873148 0
      vertex -6.325 10.955221357873148 4.9
    endloop
  endfacet
  facet normal 0.5075383629607022 -0.8616291604415268 0
    outer loop
      vertex -6.515231647612185 10.84316635388172 0
      vertex -6.325 10.955221357873148 4.9
      vertex -6.515231647612185 10.84316635388172 4.9
    endloop
  endfacet
  facet normal 0.49242356010347244 0.8703556959398967 0
    outer loop
      vertex -6.325 -10.955221357873148 0
      vertex -6.325 -10.955221357873148 4.9
      vertex -6.132841696116164 -11.063939295313357 0
    endloop
  endfacet
  facet normal 0 0 1
    outer loop
      vertex -6.325 -10.955221357873148 0
      vertex -6.132841696116164 -11.063939295313357 0
      vertex -6.132841696116164 11.063939295313357 0
    endloop
  endfacet
  facet normal 0 0 1
    outer loop
      vertex -6.325 -10.955221357873148 0
      vertex -6.132841696116164 11.063939295313357 0
      vertex -6.325 10.955221357873148 0
    endloop
  endfacet
  facet normal 0.49242356010347244 0.8703556959398967 0
    outer loop
      vertex -6.325 -10.955221357873148 4.9
      vertex -6.132841696116164 -11.063939295313357 4.9
      vertex -6.132841696116164 -11.063939295313357 0
    endloop
  endfacet
  facet normal 0.49242356010347244 -0.8703556959398967 0
    outer loop
      vertex -6.325 10.955221357873148 0
      vertex -6.132841696116164 11.063939295313357 0
      vertex -6.132841696116164 11.063939295313357 4.9
    endloop
  endfacet
  facet normal 0.49242356010347244 -0.8703556959398967 0
    outer loop
      vertex -6.325 10.955221357873148 0
      vertex -6.132841696116164 11.063939295313357 4.9
      vertex -6.325 10.955221357873148 4.9
    endloop
  endfacet
  facet normal 0.47715876025960835 0.8788171126619653 0
    outer loop
      vertex -6.132841696116164 -11.063939295313357 0
      vertex -6.132841696116164 -11.063939295313357 4.9
      vertex -5.938815269241519 -11.169287049665426 0
    endloop
  endfacet
  facet normal 0 0 1
    outer loop
      vertex -6.132841696116164 -11.063939295313357 0
      vertex -5.938815269241519 -11.169287049665426 0
      vertex -5.938815269241519 11.169287049665426 0
    endloop
  endfacet
  facet normal 0 0 1
    outer loop
      vertex -6.132841696116164 -11.063939295313357 0
      vertex -5.938815269241519 11.169287049665426 0
      vertex -6.132841696116164 11.063939295313357 0
    endloop
  endfacet
  facet normal 0.47715876025960835 0.8788171126619653 0
    outer loop
      vertex -6.132841696116164 -11.063939295313357 4.9
      vertex -5.938815269241519 -11.169287049665426 4.9
      vertex -5.938815269241519 -11.169287049665426 0
    endloop
  endfacet
  facet normal 0.47715876025960835 -0.8788171126619653 0
    outer loop
      vertex -6.132841696116164 11.063939295313357 0
      vertex -5.938815269241519 11.169287049665426 0
      vertex -5.938815269241519 11.169287049665426 4.9
    endloop
  endfacet
  facet normal 0.47715876025960835 -0.8788171126619653 0
    outer loop
      vertex -6.132841696116164 11.063939295313357 0
      vertex -5.938815269241519 11.169287049665426 4.9
      vertex -6.132841696116164 11.063939295313357 4.9
    endloop
  endfacet
  facet normal 0.4617486132350315 0.8870108331782229 0
    outer loop
      vertex -5.938815269241519 -11.169287049665426 0
      vertex -5.938815269241519 -11.169287049665426 4.9
      vertex -5.7429798217052666 -11.271232530982854 0
    endloop
  endfacet
  facet normal 0 0 1
    outer loop
      vertex -5.938815269241519 -11.169287049665426 0
      vertex -5.7429798217052666 -11.271232530982854 0
      vertex -5.7429798217052666 11.271232530982854 0
    endloop
  endfacet
  facet normal 0 0 1
    outer loop
      vertex -5.938815269241519 -11.169287049665426 0
      vertex -5.7429798217052666 11.271232530982854 0
      vertex -5.938815269241519 11.169287049665426 0
    endloop
  endfacet
  facet normal 0.4617486132350315 0.8870108331782229 0
    outer loop
      vertex -5.938815269241519 -11.169287049665426 4.9
      vertex -5.7429798217052666 -11.271232530982854 4.9
      vertex -5.7429798217052666 -11.271232530982854 0
    endloop
  endfacet
  facet normal 0.4617486132350315 -0.8870108331782229 0
    outer loop
      vertex -5.938815269241519 11.169287049665426 0
      vertex -5.7429798217052666 11.271232530982854 0
      vertex -5.7429798217052666 11.271232530982854 4.9
    endloop
  endfacet
  facet normal 0.4617486132350315 -0.8870108331782229 0
    outer loop
      vertex -5.938815269241519 11.169287049665426 0
      vertex -5.7429798217052666 11.271232530982854 4.9
      vertex -5.938815269241519 11.169287049665426 4.9
    endloop
  endfacet
  facet normal 0.44619781310981044 0.8949343616020242 0
    outer loop
      vertex -5.7429798217052666 -11.271232530982854 0
      vertex -5.7429798217052666 -11.271232530982854 4.9
      vertex -5.545395006881829 -11.369744685684463 0
    endloop
  endfacet
  facet normal 0 0 1
    outer loop
      vertex -5.7429798217052666 -11.271232530982854 0
      vertex -5.545395006881829 -11.369744685684463 0
      vertex -5.545395006881829 11.369744685684463 0
    endloop
  endfacet
  facet normal 0 0 1
    outer loop
      vertex -5.7429798217052666 -11.271232530982854 0
      vertex -5.545395006881829 11.369744685684463 0
      vertex -5.7429798217052666 11.271232530982854 0
    endloop
  endfacet
  facet normal 0.44619781310981044 0.8949343616020242 0
    outer loop
      vertex -5.7429798217052666 -11.271232530982854 4.9
      vertex -5.545395006881829 -11.369744685684463 4.9
      vertex -5.545395006881829 -11.369744685684463 0
    endloop
  endfacet
  facet normal 0.44619781310981044 -0.8949343616020242 0
    outer loop
      vertex -5.7429798217052666 11.271232530982854 0
      vertex -5.545395006881829 11.369744685684463 0
      vertex -5.545395006881829 11.369744685684463 4.9
    endloop
  endfacet
  facet normal 0.44619781310981044 -0.8949343616020242 0
    outer loop
      vertex -5.7429798217052666 11.271232530982854 0
      vertex -5.545395006881829 11.369744685684463 4.9
      vertex -5.7429798217052666 11.271232530982854 4.9
    endloop
  endfacet
  facet normal 0.43051109680829547 0.9025852843498604 0
    outer loop
      vertex -5.545395006881829 -11.369744685684463 0
      vertex -5.545395006881829 -11.369744685684463 4.9
      vertex -5.346121011019848 -11.464793506013622 0
    endloop
  endfacet
  facet normal 0 0 1
    outer loop
      vertex -5.545395006881829 -11.369744685684463 0
      vertex -5.346121011019848 -11.464793506013622 0
      vertex -5.346121011019848 11.464793506013622 0
    endloop
  endfacet
  facet normal 0 0 1
    outer loop
      vertex -5.545395006881829 -11.369744685684463 0
      vertex -5.346121011019848 11.464793506013622 0
      vertex -5.545395006881829 11.369744685684463 0
    endloop
  endfacet
  facet normal 0.43051109680829547 0.9025852843498604 0
    outer loop
      vertex -5.545395006881829 -11.369744685684463 4.9
      vertex -5.346121011019848 -11.464793506013622 4.9
      vertex -5.346121011019848 -11.464793506013622 0
    endloop
  endfacet
  facet normal 0.43051109680829547 -0.9025852843498604 0
    outer loop
      vertex -5.545395006881829 11.369744685684463 0
      vertex -5.346121011019848 11.464793506013622 0
      vertex -5.346121011019848 11.464793506013622 4.9
    endloop
  endfacet
  facet normal 0.43051109680829547 -0.9025852843498604 0
    outer loop
      vertex -5.545395006881829 11.369744685684463 0
      vertex -5.346121011019848 11.464793506013622 4.9
      vertex -5.545395006881829 11.369744685684463 4.9
    endloop
  endfacet
  facet normal 0.41469324265623975 0.909961270876543 0
    outer loop
      vertex -5.346121011019848 -11.464793506013622 0
      vertex -5.346121011019848 -11.464793506013622 4.9
      vertex -5.145218534908873 -11.556350039178902 0
    endloop
  endfacet
  facet normal 0 0 1
    outer loop
      vertex -5.346121011019848 -11.464793506013622 0
      vertex -5.145218534908873 -11.556350039178902 0
      vertex -5.145218534908873 11.556350039178902 0
    endloop
  endfacet
  facet normal 0 0 1
    outer loop
      vertex -5.346121011019848 -11.464793506013622 0
      vertex -5.145218534908873 11.556350039178902 0
      vertex -5.346121011019848 11.464793506013622 0
    endloop
  endfacet
  facet normal 0.41469324265623975 0.909961270876543 0
    outer loop
      vertex -5.346121011019848 -11.464793506013622 4.9
      vertex -5.145218534908873 -11.556350039178902 4.9
      vertex -5.145218534908873 -11.556350039178902 0
    endloop
  endfacet
  facet normal 0.41469324265623975 -0.909961270876543 0
    outer loop
      vertex -5.346121011019848 11.464793506013622 0
      vertex -5.145218534908873 11.556350039178902 0
      vertex -5.145218534908873 11.556350039178902 4.9
    endloop
  endfacet
  facet normal 0.41469324265623975 -0.909961270876543 0
    outer loop
      vertex -5.346121011019848 11.464793506013622 0
      vertex -5.145218534908873 11.556350039178902 4.9
      vertex -5.346121011019848 11.464793506013622 4.9
    endloop
  endfacet
  facet normal 0.39874906892524575 0.9170600743851243 0
    outer loop
      vertex -5.145218534908873 -11.556350039178902 0
      vertex -5.145218534908873 -11.556350039178902 4.9
      vertex -4.942748775389314 -11.64438639617337 0
    endloop
  endfacet
  facet normal 0 0 1
    outer loop
      vertex -5.145218534908873 -11.556350039178902 0
      vertex -4.942748775389314 -11.64438639617337 0
      vertex -4.942748775389314 11.64438639617337 0
    endloop
  endfacet
  facet normal 0 0 1
    outer loop
      vertex -5.145218534908873 -11.556350039178902 0
      vertex -4.942748775389314 11.64438639617337 0
      vertex -5.145218534908873 11.556350039178902 0
    endloop
  endfacet
  facet normal 0.39874906892524575 0.9170600743851243 0
    outer loop
      vertex -5.145218534908873 -11.556350039178902 4.9
      vertex -4.942748775389314 -11.64438639617337 4.9
      vertex -4.942748775389314 -11.64438639617337 0
    endloop
  endfacet
  facet normal 0.39874906892524575 -0.9170600743851243 0
    outer loop
      vertex -5.145218534908873 11.556350039178902 0
      vertex -4.942748775389314 11.64438639617337 0
      vertex -4.942748775389314 11.64438639617337 4.9
    endloop
  endfacet
  facet normal 0.39874906892524575 -0.9170600743851243 0
    outer loop
      vertex -5.145218534908873 11.556350039178902 0
      vertex -4.942748775389314 11.64438639617337 4.9
      vertex -5.145218534908873 11.556350039178902 4.9
    endloop
  endfacet
  facet normal 0.3826834323650913 0.9238795325112862 0
    outer loop
      vertex -4.942748775389314 -11.64438639617337 0
      vertex -4.942748775389314 -11.64438639617337 4.9
      vertex -4.738773406711287 -11.728875760269862 0
    endloop
  endfacet
  facet normal 0 0 1
    outer loop
      vertex -4.942748775389314 -11.64438639617337 0
      vertex -4.738773406711287 -11.728875760269862 0
      vertex -4.738773406711287 11.728875760269862 0
    endloop
  endfacet
  facet normal 0 0 1
    outer loop
      vertex -4.942748775389314 -11.64438639617337 0
      vertex -4.738773406711287 11.728875760269862 0
      vertex -4.942748775389314 11.64438639617337 0
    endloop
  endfacet
  facet normal 0.3826834323650913 0.9238795325112862 0
    outer loop
      vertex -4.942748775389314 -11.64438639617337 4.9
      vertex -4.738773406711287 -11.728875760269862 4.9
      vertex -4.738773406711287 -11.728875760269862 0
    endloop
  endfacet
  facet normal 0.3826834323650913 -0.9238795325112862 0
    outer loop
      vertex -4.942748775389314 11.64438639617337 0
      vertex -4.738773406711287 11.728875760269862 0
      vertex -4.738773406711287 11.728875760269862 4.9
    endloop
  endfacet
  facet normal 0.3826834323650913 -0.9238795325112862 0
    outer loop
      vertex -4.942748775389314 11.64438639617337 0
      vertex -4.738773406711287 11.728875760269862 4.9
      vertex -4.942748775389314 11.64438639617337 4.9
    endloop
  endfacet
  facet normal 0.36650122672429175 0.9304175679820267 0
    outer loop
      vertex -4.738773406711287 -11.728875760269862 0
      vertex -4.738773406711287 -11.728875760269862 4.9
      vertex -4.533354561748048 -11.809792395189602 0
    endloop
  endfacet
  facet normal 0 0 1
    outer loop
      vertex -4.738773406711287 -11.728875760269862 0
      vertex -4.533354561748048 -11.809792395189602 0
      vertex -4.533354561748048 11.809792395189602 0
    endloop
  endfacet
  facet normal 0 0 1
    outer loop
      vertex -4.738773406711287 -11.728875760269862 0
      vertex -4.533354561748048 11.809792395189602 0
      vertex -4.738773406711287 11.728875760269862 0
    endloop
  endfacet
  facet normal 0.36650122672429175 0.9304175679820267 0
    outer loop
      vertex -4.738773406711287 -11.728875760269862 4.9
      vertex -4.533354561748048 -11.809792395189602 4.9
      vertex -4.533354561748048 -11.809792395189602 0
    endloop
  endfacet
  facet normal 0.36650122672429175 -0.9304175679820267 0
    outer loop
      vertex -4.738773406711287 11.728875760269862 0
      vertex -4.533354561748048 11.809792395189602 0
      vertex -4.533354561748048 11.809792395189602 4.9
    endloop
  endfacet
  facet normal 0.36650122672429175 -0.9304175679820267 0
    outer loop
      vertex -4.738773406711287 11.728875760269862 0
      vertex -4.533354561748048 11.809792395189602 4.9
      vertex -4.738773406711287 11.728875760269862 4.9
    endloop
  endfacet
  facet normal 0.3502073812594742 0.936672189248395 0
    outer loop
      vertex -4.533354561748048 -11.809792395189602 0
      vertex -4.533354561748048 -11.809792395189602 4.9
      vertex -4.326554813069709 -11.887111652941742 0
    endloop
  endfacet
  facet normal 0 0 1
    outer loop
      vertex -4.533354561748048 -11.809792395189602 0
      vertex -4.326554813069709 -11.887111652941742 0
      vertex -4.326554813069709 11.887111652941742 0
    endloop
  endfacet
  facet normal 0 0 1
    outer loop
      vertex -4.533354561748048 -11.809792395189602 0
      vertex -4.326554813069709 11.887111652941742 0
      vertex -4.533354561748048 11.809792395189602 0
    endloop
  endfacet
  facet normal 0.3502073812594742 0.936672189248395 0
    outer loop
      vertex -4.533354561748048 -11.809792395189602 4.9
      vertex -4.326554813069709 -11.887111652941742 4.9
      vertex -4.326554813069709 -11.887111652941742 0
    endloop
  endfacet
  facet normal 0.3502073812594742 -0.936672189248395 0
    outer loop
      vertex -4.533354561748048 11.809792395189602 0
      vertex -4.326554813069709 11.887111652941742 0
      vertex -4.326554813069709 11.887111652941742 4.9
    endloop
  endfacet
  facet normal 0.3502073812594742 -0.936672189248395 0
    outer loop
      vertex -4.533354561748048 11.809792395189602 0
      vertex -4.326554813069709 11.887111652941742 4.9
      vertex -4.533354561748048 11.809792395189602 4.9
    endloop
  endfacet
  facet normal 0.33380685923377096 0.9426414910921783 0
    outer loop
      vertex -4.326554813069709 -11.887111652941742 0
      vertex -4.326554813069709 -11.887111652941742 4.9
      vertex -4.118437153883033 -11.960809981331359 0
    endloop
  endfacet
  facet normal 0 0 1
    outer loop
      vertex -4.326554813069709 -11.887111652941742 0
      vertex -4.118437153883033 -11.960809981331359 0
      vertex -4.118437153883033 11.960809981331359 0
    endloop
  endfacet
  facet normal 0 0 1
    outer loop
      vertex -4.326554813069709 -11.887111652941742 0
      vertex -4.118437153883033 11.960809981331359 0
      vertex -4.326554813069709 11.887111652941742 0
    endloop
  endfacet
  facet normal 0.33380685923377096 0.9426414910921783 0
    outer loop
      vertex -4.326554813069709 -11.887111652941742 4.9
      vertex -4.118437153883033 -11.960809981331359 4.9
      vertex -4.118437153883033 -11.960809981331359 0
    endloop
  endfacet
  facet normal 0.33380685923377096 -0.9426414910921783 0
    outer loop
      vertex -4.326554813069709 11.887111652941742 0
      vertex -4.118437153883033 11.960809981331359 0
      vertex -4.118437153883033 11.960809981331359 4.9
    endloop
  endfacet
  facet normal 0.33380685923377096 -0.9426414910921783 0
    outer loop
      vertex -4.326554813069709 11.887111652941742 0
      vertex -4.118437153883033 11.960809981331359 4.9
      vertex -4.326554813069709 11.887111652941742 4.9
    endloop
  endfacet
  facet normal 0.3173046564050845 0.9483236552062019 0
    outer loop
      vertex -4.118437153883033 -11.960809981331359 0
      vertex -4.118437153883033 -11.960809981331359 4.9
      vertex -3.9090649788430847 -12.030864931133692 0
    endloop
  endfacet
  facet normal 0 0 1
    outer loop
      vertex -4.118437153883033 -11.960809981331359 0
      vertex -3.9090649788430847 -12.030864931133692 0
      vertex -3.9090649788430847 12.030864931133692 0
    endloop
  endfacet
  facet normal 0 0 1
    outer loop
      vertex -4.118437153883033 -11.960809981331359 0
      vertex -3.9090649788430847 12.030864931133692 0
      vertex -4.118437153883033 11.960809981331359 0
    endloop
  endfacet
  facet normal 0.3173046564050845 0.9483236552062019 0
    outer loop
      vertex -4.118437153883033 -11.960809981331359 4.9
      vertex -3.9090649788430847 -12.030864931133692 4.9
      vertex -3.9090649788430847 -12.030864931133692 0
    endloop
  endfacet
  facet normal 0.3173046564050845 -0.9483236552062019 0
    outer loop
      vertex -4.118437153883033 11.960809981331359 0
      vertex -3.9090649788430847 12.030864931133692 0
      vertex -3.9090649788430847 12.030864931133692 4.9
    endloop
  endfacet
  facet normal 0.3173046564050845 -0.9483236552062019 0
    outer loop
      vertex -4.118437153883033 11.960809981331359 0
      vertex -3.9090649788430847 12.030864931133692 4.9
      vertex -4.118437153883033 11.960809981331359 4.9
    endloop
  endfacet
  facet normal 0.300705799504276 0.953716950748226 0
    outer loop
      vertex -3.9090649788430847 -12.030864931133692 0
      vertex -3.9090649788430847 -12.030864931133692 4.9
      vertex -3.69850206474262 -12.097255162932399 0
    endloop
  endfacet
  facet normal 0 0 1
    outer loop
      vertex -3.9090649788430847 -12.030864931133692 0
      vertex -3.69850206474262 -12.097255162932399 0
      vertex -3.69850206474262 12.097255162932399 0
    endloop
  endfacet
  facet normal 0 0 1
    outer loop
      vertex -3.9090649788430847 -12.030864931133692 0
      vertex -3.69850206474262 12.097255162932399 0
      vertex -3.9090649788430847 12.030864931133692 0
    endloop
  endfacet
  facet normal 0.300705799504276 0.953716950748226 0
    outer loop
      vertex -3.9090649788430847 -12.030864931133692 4.9
      vertex -3.69850206474262 -12.097255162932399 4.9
      vertex -3.69850206474262 -12.097255162932399 0
    endloop
  endfacet
  facet normal 0.300705799504276 -0.953716950748226 0
    outer loop
      vertex -3.9090649788430847 12.030864931133692 0
      vertex -3.69850206474262 12.097255162932399 0
      vertex -3.69850206474262 12.097255162932399 4.9
    endloop
  endfacet
  facet normal 0.300705799504276 -0.953716950748226 0
    outer loop
      vertex -3.9090649788430847 12.030864931133692 0
      vertex -3.69850206474262 12.097255162932399 4.9
      vertex -3.9090649788430847 12.030864931133692 4.9
    endloop
  endfacet
  facet normal 0.2840153447039221 0.958819734868193 0
    outer loop
      vertex -3.69850206474262 -12.097255162932399 0
      vertex -3.69850206474262 -12.097255162932399 4.9
      vertex -3.4868125510850394 -12.159960453619734 0
    endloop
  endfacet
  facet normal 0 0 1
    outer loop
      vertex -3.69850206474262 -12.097255162932399 0
      vertex -3.4868125510850394 -12.159960453619734 0
      vertex -3.4868125510850394 12.159960453619734 0
    endloop
  endfacet
  facet normal 0 0 1
    outer loop
      vertex -3.69850206474262 -12.097255162932399 0
      vertex -3.4868125510850394 12.159960453619734 0
      vertex -3.69850206474262 12.097255162932399 0
    endloop
  endfacet
  facet normal 0.2840153447039221 0.958819734868193 0
    outer loop
      vertex -3.69850206474262 -12.097255162932399 4.9
      vertex -3.4868125510850394 -12.159960453619734 4.9
      vertex -3.4868125510850394 -12.159960453619734 0
    endloop
  endfacet
  facet normal 0.2840153447039221 -0.958819734868193 0
    outer loop
      vertex -3.69850206474262 12.097255162932399 0
      vertex -3.4868125510850394 12.159960453619734 0
      vertex -3.4868125510850394 12.159960453619734 4.9
    endloop
  endfacet
  facet normal 0.2840153447039221 -0.958819734868193 0
    outer loop
      vertex -3.69850206474262 12.097255162932399 0
      vertex -3.4868125510850394 12.159960453619734 4.9
      vertex -3.69850206474262 12.097255162932399 4.9
    endloop
  endfacet
  facet normal 0.26723837607826273 0.9636304532086214 0
    outer loop
      vertex -3.4868125510850394 -12.159960453619734 0
      vertex -3.4868125510850394 -12.159960453619734 4.9
      vertex -3.2740609205468876 -12.218961702556715 0
    endloop
  endfacet
  facet normal 0 0 1
    outer loop
      vertex -3.4868125510850394 -12.159960453619734 0
      vertex -3.2740609205468876 -12.218961702556715 0
      vertex -3.2740609205468876 12.218961702556715 0
    endloop
  endfacet
  facet normal 0 0 1
    outer loop
      vertex -3.4868125510850394 -12.159960453619734 0
      vertex -3.2740609205468876 12.218961702556715 0
      vertex -3.4868125510850394 12.159960453619734 0
    endloop
  endfacet
  facet normal 0.26723837607826273 0.9636304532086214 0
    outer loop
      vertex -3.4868125510850394 -12.159960453619734 4.9
      vertex -3.2740609205468876 -12.218961702556715 4.9
      vertex -3.2740609205468876 -12.218961702556715 0
    endloop
  endfacet
  facet normal 0.26723837607826273 -0.9636304532086214 0
    outer loop
      vertex -3.4868125510850394 12.159960453619734 0
      vertex -3.2740609205468876 12.218961702556715 0
      vertex -3.2740609205468876 12.218961702556715 4.9
    endloop
  endfacet
  facet normal 0.26723837607826273 -0.9636304532086214 0
    outer loop
      vertex -3.4868125510850394 12.159960453619734 0
      vertex -3.2740609205468876 12.218961702556715 4.9
      vertex -3.4868125510850394 12.159960453619734 4.9
    endloop
  endfacet
  facet normal 0.25038000405444 0.9681476403781082 0
    outer loop
      vertex -3.2740609205468876 -12.218961702556715 0
      vertex -3.2740609205468876 -12.218961702556715 4.9
      vertex -3.060311979335797 -12.274240937391356 0
    endloop
  endfacet
  facet normal 0 0 1
    outer loop
      vertex -3.2740609205468876 -12.218961702556715 0
      vertex -3.060311979335797 -12.274240937391356 0
      vertex -3.060311979335797 12.274240937391356 0
    endloop
  endfacet
  facet normal 0 0 1
    outer loop
      vertex -3.2740609205468876 -12.218961702556715 0
      vertex -3.060311979335797 12.274240937391356 0
      vertex -3.2740609205468876 12.218961702556715 0
    endloop
  endfacet
  facet normal 0.25038000405444 0.9681476403781082 0
    outer loop
      vertex -3.2740609205468876 -12.218961702556715 4.9
      vertex -3.060311979335797 -12.274240937391356 4.9
      vertex -3.060311979335797 -12.274240937391356 0
    endloop
  endfacet
  facet normal 0.25038000405444 -0.9681476403781082 0
    outer loop
      vertex -3.2740609205468876 12.218961702556715 0
      vertex -3.060311979335797 12.274240937391356 0
      vertex -3.060311979335797 12.274240937391356 4.9
    endloop
  endfacet
  facet normal 0.25038000405444 -0.9681476403781082 0
    outer loop
      vertex -3.2740609205468876 12.218961702556715 0
      vertex -3.060311979335797 12.274240937391356 4.9
      vertex -3.2740609205468876 12.218961702556715 4.9
    endloop
  endfacet
  facet normal 0.2334453638559017 0.9723699203976774 0
    outer loop
      vertex -3.060311979335797 -12.274240937391356 0
      vertex -3.060311979335797 -12.274240937391356 4.9
      vertex -2.8456308374498924 -12.325781319533226 0
    endloop
  endfacet
  facet normal 0 0 1
    outer loop
      vertex -3.060311979335797 -12.274240937391356 0
      vertex -2.8456308374498924 -12.325781319533226 0
      vertex -2.8456308374498924 12.325781319533226 0
    endloop
  endfacet
  facet normal 0 0 1
    outer loop
      vertex -3.060311979335797 -12.274240937391356 0
      vertex -2.8456308374498924 12.325781319533226 0
      vertex -3.060311979335797 12.274240937391356 0
    endloop
  endfacet
  facet normal 0.2334453638559017 0.9723699203976774 0
    outer loop
      vertex -3.060311979335797 -12.274240937391356 4.9
      vertex -2.8456308374498924 -12.325781319533226 4.9
      vertex -2.8456308374498924 -12.325781319533226 0
    endloop
  endfacet
  facet normal 0.2334453638559017 -0.9723699203976774 0
    outer loop
      vertex -3.060311979335797 12.274240937391356 0
      vertex -2.8456308374498924 12.325781319533226 0
      vertex -2.8456308374498924 12.325781319533226 4.9
    endloop
  endfacet
  facet normal 0.2334453638559017 -0.9723699203976774 0
    outer loop
      vertex -3.060311979335797 12.274240937391356 0
      vertex -2.8456308374498924 12.325781319533226 4.9
      vertex -3.060311979335797 12.274240937391356 4.9
    endloop
  endfacet
  facet normal 0.21643961393810832 0.9762960071199323 0
    outer loop
      vertex -2.8456308374498924 -12.325781319533226 0
      vertex -2.8456308374498924 -12.325781319533226 4.9
      vertex -2.630082888844656 -12.373567149282643 0
    endloop
  endfacet
  facet normal 0 0 1
    outer loop
      vertex -2.8456308374498924 -12.325781319533226 0
      vertex -2.630082888844656 -12.373567149282643 0
      vertex -2.630082888844656 12.373567149282643 0
    endloop
  endfacet
  facet normal 0 0 1
    outer loop
      vertex -2.8456308374498924 -12.325781319533226 0
      vertex -2.630082888844656 12.373567149282643 0
      vertex -2.8456308374498924 12.325781319533226 0
    endloop
  endfacet
  facet normal 0.21643961393810832 0.9762960071199323 0
    outer loop
      vertex -2.8456308374498924 -12.325781319533226 4.9
      vertex -2.630082888844656 -12.373567149282643 4.9
      vertex -2.630082888844656 -12.373567149282643 0
    endloop
  endfacet
  facet normal 0.21643961393810832 -0.9762960071199323 0
    outer loop
      vertex -2.8456308374498924 12.325781319533226 0
      vertex -2.630082888844656 12.373567149282643 0
      vertex -2.630082888844656 12.373567149282643 4.9
    endloop
  endfacet
  facet normal 0.21643961393810832 -0.9762960071199323 0
    outer loop
      vertex -2.8456308374498924 12.325781319533226 0
      vertex -2.630082888844656 12.373567149282643 4.9
      vertex -2.8456308374498924 12.325781319533226 4.9
    endloop
  endfacet
  facet normal 0.19936793441719244 0.9799247046208306 0
    outer loop
      vertex -2.630082888844656 -12.373567149282643 0
      vertex -2.630082888844656 -12.373567149282643 4.9
      vertex -2.413733791513292 -12.41758387061295 0
    endloop
  endfacet
  facet normal 0 0 1
    outer loop
      vertex -2.630082888844656 -12.373567149282643 0
      vertex -2.413733791513292 -12.41758387061295 0
      vertex -2.413733791513292 12.41758387061295 0
    endloop
  endfacet
  facet normal 0 0 1
    outer loop
      vertex -2.630082888844656 -12.373567149282643 0
      vertex -2.413733791513292 12.41758387061295 0
      vertex -2.630082888844656 12.373567149282643 0
    endloop
  endfacet
  facet normal 0.19936793441719244 0.9799247046208306 0
    outer loop
      vertex -2.630082888844656 -12.373567149282643 4.9
      vertex -2.413733791513292 -12.41758387061295 4.9
      vertex -2.413733791513292 -12.41758387061295 0
    endloop
  endfacet
  facet normal 0.19936793441719244 -0.9799247046208306 0
    outer loop
      vertex -2.630082888844656 12.373567149282643 0
      vertex -2.413733791513292 12.41758387061295 0
      vertex -2.413733791513292 12.41758387061295 4.9
    endloop
  endfacet
  facet normal 0.19936793441719244 -0.9799247046208306 0
    outer loop
      vertex -2.630082888844656 12.373567149282643 0
      vertex -2.413733791513292 12.41758387061295 4.9
      vertex -2.630082888844656 12.373567149282643 4.9
    endloop
  endfacet
  facet normal 0.18223552549214864 0.9832549075639544 0
    outer loop
      vertex -2.413733791513292 -12.41758387061295 0
      vertex -2.413733791513292 -12.41758387061295 4.9
      vertex -2.196649447486669 -12.457818075604433 0
    endloop
  endfacet
  facet normal 0 0 1
    outer loop
      vertex -2.413733791513292 -12.41758387061295 0
      vertex -2.196649447486669 -12.457818075604433 0
      vertex -2.196649447486669 12.457818075604433 0
    endloop
  endfacet
  facet normal 0 0 1
    outer loop
      vertex -2.413733791513292 -12.41758387061295 0
      vertex -2.196649447486669 12.457818075604433 0
      vertex -2.413733791513292 12.41758387061295 0
    endloop
  endfacet
  facet normal 0.18223552549214864 0.9832549075639544 0
    outer loop
      vertex -2.413733791513292 -12.41758387061295 4.9
      vertex -2.196649447486669 -12.457818075604433 4.9
      vertex -2.196649447486669 -12.457818075604433 0
    endloop
  endfacet
  facet normal 0.18223552549214864 -0.9832549075639544 0
    outer loop
      vertex -2.413733791513292 12.41758387061295 0
      vertex -2.196649447486669 12.457818075604433 0
      vertex -2.196649447486669 12.457818075604433 4.9
    endloop
  endfacet
  facet normal 0.18223552549214864 -0.9832549075639544 0
    outer loop
      vertex -2.413733791513292 12.41758387061295 0
      vertex -2.196649447486669 12.457818075604433 4.9
      vertex -2.413733791513292 12.41758387061295 4.9
    endloop
  endfacet
  facet normal 0.16504760586067957 0.9862856015372312 0
    outer loop
      vertex -2.196649447486669 -12.457818075604433 0
      vertex -2.196649447486669 -12.457818075604433 4.9
      vertex -1.9788959827589205 -12.494257508528493 0
    endloop
  endfacet
  facet normal 0 0 1
    outer loop
      vertex -2.196649447486669 -12.457818075604433 0
      vertex -1.9788959827589205 -12.494257508528493 0
      vertex -1.9788959827589205 12.494257508528493 0
    endloop
  endfacet
  facet normal 0 0 1
    outer loop
      vertex -2.196649447486669 -12.457818075604433 0
      vertex -1.9788959827589205 12.494257508528493 0
      vertex -2.196649447486669 12.457818075604433 0
    endloop
  endfacet
  facet normal 0.16504760586067957 0.9862856015372312 0
    outer loop
      vertex -2.196649447486669 -12.457818075604433 4.9
      vertex -1.9788959827589205 -12.494257508528493 4.9
      vertex -1.9788959827589205 -12.494257508528493 0
    endloop
  endfacet
  facet normal 0.16504760586067957 -0.9862856015372312 0
    outer loop
      vertex -2.196649447486669 12.457818075604433 0
      vertex -1.9788959827589205 12.494257508528493 0
      vertex -1.9788959827589205 12.494257508528493 4.9
    endloop
  endfacet
  facet normal 0.16504760586067957 -0.9862856015372312 0
    outer loop
      vertex -2.196649447486669 12.457818075604433 0
      vertex -1.9788959827589205 12.494257508528493 4.9
      vertex -2.196649447486669 12.457818075604433 4.9
    endloop
  endfacet
  facet normal 0.14780941112960658 0.9890158633619174 0
    outer loop
      vertex -1.9788959827589205 -12.494257508528493 0
      vertex -1.9788959827589205 -12.494257508528493 4.9
      vertex -1.7605397271448278 -12.526891069580865 0
    endloop
  endfacet
  facet normal 0 0 1
    outer loop
      vertex -1.9788959827589205 -12.494257508528493 0
      vertex -1.7605397271448278 -12.526891069580865 0
      vertex -1.7605397271448278 12.526891069580865 0
    endloop
  endfacet
  facet normal 0 0 1
    outer loop
      vertex -1.9788959827589205 -12.494257508528493 0
      vertex -1.7605397271448278 12.526891069580865 0
      vertex -1.9788959827589205 12.494257508528493 0
    endloop
  endfacet
  facet normal 0.14780941112960658 0.9890158633619174 0
    outer loop
      vertex -1.9788959827589205 -12.494257508528493 4.9
      vertex -1.7605397271448278 -12.526891069580865 4.9
      vertex -1.7605397271448278 -12.526891069580865 0
    endloop
  endfacet
  facet normal 0.14780941112960658 -0.9890158633619174 0
    outer loop
      vertex -1.9788959827589205 12.494257508528493 0
      vertex -1.7605397271448278 12.526891069580865 0
      vertex -1.7605397271448278 12.526891069580865 4.9
    endloop
  endfacet
  facet normal 0.14780941112960658 -0.9890158633619174 0
    outer loop
      vertex -1.9788959827589205 12.494257508528493 0
      vertex -1.7605397271448278 12.526891069580865 4.9
      vertex -1.9788959827589205 12.494257508528493 4.9
    endloop
  endfacet
  facet normal 0.13052619222004572 0.9914448613738112 0
    outer loop
      vertex -1.7605397271448278 -12.526891069580865 0
      vertex -1.7605397271448278 -12.526891069580865 4.9
      vertex -1.5416471940751155 -12.555708818262723 0
    endloop
  endfacet
  facet normal 0 0 1
    outer loop
      vertex -1.7605397271448278 -12.526891069580865 0
      vertex -1.5416471940751155 -12.555708818262723 0
      vertex -1.5416471940751155 12.555708818262723 0
    endloop
  endfacet
  facet normal 0 0 1
    outer loop
      vertex -1.7605397271448278 -12.526891069580865 0
      vertex -1.5416471940751155 12.555708818262723 0
      vertex -1.7605397271448278 12.526891069580865 0
    endloop
  endfacet
  facet normal 0.13052619222004572 0.9914448613738112 0
    outer loop
      vertex -1.7605397271448278 -12.526891069580865 4.9
      vertex -1.5416471940751155 -12.555708818262723 4.9
      vertex -1.5416471940751155 -12.555708818262723 0
    endloop
  endfacet
  facet normal 0.13052619222004572 -0.9914448613738112 0
    outer loop
      vertex -1.7605397271448278 12.526891069580865 0
      vertex -1.5416471940751155 12.555708818262723 0
      vertex -1.5416471940751155 12.555708818262723 4.9
    endloop
  endfacet
  facet normal 0.13052619222004572 -0.9914448613738112 0
    outer loop
      vertex -1.7605397271448278 12.526891069580865 0
      vertex -1.5416471940751155 12.555708818262723 4.9
      vertex -1.7605397271448278 12.526891069580865 4.9
    endloop
  endfacet
  facet normal 0.11320321376791467 0.9935718556765867 0
    outer loop
      vertex -1.5416471940751155 -12.555708818262723 0
      vertex -1.5416471940751155 -12.555708818262723 4.9
      vertex -1.3222850603358165 -12.580701976408658 0
    endloop
  endfacet
  facet normal 0 0 1
    outer loop
      vertex -1.5416471940751155 -12.555708818262723 0
      vertex -1.3222850603358165 -12.580701976408658 0
      vertex -1.3222850603358165 12.580701976408658 0
    endloop
  endfacet
  facet normal 0 0 1
    outer loop
      vertex -1.5416471940751155 -12.555708818262723 0
      vertex -1.3222850603358165 12.580701976408658 0
      vertex -1.5416471940751155 12.555708818262723 0
    endloop
  endfacet
  facet normal 0.11320321376791467 0.9935718556765867 0
    outer loop
      vertex -1.5416471940751155 -12.555708818262723 4.9
      vertex -1.3222850603358165 -12.580701976408658 4.9
      vertex -1.3222850603358165 -12.580701976408658 0
    endloop
  endfacet
  facet normal 0.11320321376791467 -0.9935718556765867 0
    outer loop
      vertex -1.5416471940751155 12.555708818262723 0
      vertex -1.3222850603358165 12.580701976408658 0
      vertex -1.3222850603358165 12.580701976408658 4.9
    endloop
  endfacet
  facet normal 0.11320321376791467 -0.9935718556765867 0
    outer loop
      vertex -1.5416471940751155 12.555708818262723 0
      vertex -1.3222850603358165 12.580701976408658 4.9
      vertex -1.5416471940751155 12.555708818262723 4.9
    endloop
  endfacet
  facet normal 0.09584575252022628 0.9953961983671786 0
    outer loop
      vertex -1.3222850603358165 -12.580701976408658 0
      vertex -1.3222850603358165 -12.580701976408658 4.9
      vertex -1.102520145757876 -12.601862930860582 0
    endloop
  endfacet
  facet normal 0 0 1
    outer loop
      vertex -1.3222850603358165 -12.580701976408658 0
      vertex -1.102520145757876 -12.601862930860582 0
      vertex -1.102520145757876 12.601862930860582 0
    endloop
  endfacet
  facet normal 0 0 1
    outer loop
      vertex -1.3222850603358165 -12.580701976408658 0
      vertex -1.102520145757876 12.601862930860582 0
      vertex -1.3222850603358165 12.580701976408658 0
    endloop
  endfacet
  facet normal 0.09584575252022628 0.9953961983671786 0
    outer loop
      vertex -1.3222850603358165 -12.580701976408658 4.9
      vertex -1.102520145757876 -12.601862930860582 4.9
      vertex -1.102520145757876 -12.601862930860582 0
    endloop
  endfacet
  facet normal 0.09584575252022628 -0.9953961983671786 0
    outer loop
      vertex -1.3222850603358165 12.580701976408658 0
      vertex -1.102520145757876 12.601862930860582 0
      vertex -1.102520145757876 12.601862930860582 4.9
    endloop
  endfacet
  facet normal 0.09584575252022628 -0.9953961983671786 0
    outer loop
      vertex -1.3222850603358165 12.580701976408658 0
      vertex -1.102520145757876 12.601862930860582 4.9
      vertex -1.3222850603358165 12.580701976408658 4.9
    endloop
  endfacet
  facet normal 0.07845909572783966 0.9969173337331284 0
    outer loop
      vertex -1.102520145757876 -12.601862930860582 0
      vertex -1.102520145757876 -12.601862930860582 4.9
      vertex -0.882419392863185 -12.619185235786777 0
    endloop
  endfacet
  facet normal 0 0 1
    outer loop
      vertex -1.102520145757876 -12.601862930860582 0
      vertex -0.882419392863185 -12.619185235786777 0
      vertex -0.882419392863185 12.619185235786777 0
    endloop
  endfacet
  facet normal 0 0 1
    outer loop
      vertex -1.102520145757876 -12.601862930860582 0
      vertex -0.882419392863185 12.619185235786777 0
      vertex -1.102520145757876 12.601862930860582 0
    endloop
  endfacet
  facet normal 0.07845909572783966 0.9969173337331284 0
    outer loop
      vertex -1.102520145757876 -12.601862930860582 4.9
      vertex -0.882419392863185 -12.619185235786777 4.9
      vertex -0.882419392863185 -12.619185235786777 0
    endloop
  endfacet
  facet normal 0.07845909572783966 -0.9969173337331284 0
    outer loop
      vertex -1.102520145757876 12.601862930860582 0
      vertex -0.882419392863185 12.619185235786777 0
      vertex -0.882419392863185 12.619185235786777 4.9
    endloop
  endfacet
  facet normal 0.07845909572783966 -0.9969173337331284 0
    outer loop
      vertex -1.102520145757876 12.601862930860582 0
      vertex -0.882419392863185 12.619185235786777 4.9
      vertex -1.102520145757876 12.601862930860582 4.9
    endloop
  endfacet
  facet normal 0.06104853953485714 0.9981347984218669 0
    outer loop
      vertex -0.882419392863185 -12.619185235786777 0
      vertex -0.882419392863185 -12.619185235786777 4.9
      vertex -0.6620498464732395 -12.63266361464536 0
    endloop
  endfacet
  facet normal 0 0 1
    outer loop
      vertex -0.882419392863185 -12.619185235786777 0
      vertex -0.6620498464732395 -12.63266361464536 0
      vertex -0.6620498464732395 12.63266361464536 0
    endloop
  endfacet
  facet normal 0 0 1
    outer loop
      vertex -0.882419392863185 -12.619185235786777 0
      vertex -0.6620498464732395 12.63266361464536 0
      vertex -0.882419392863185 12.619185235786777 0
    endloop
  endfacet
  facet normal 0.06104853953485714 0.9981347984218669 0
    outer loop
      vertex -0.882419392863185 -12.619185235786777 4.9
      vertex -0.6620498464732395 -12.63266361464536 4.9
      vertex -0.6620498464732395 -12.63266361464536 0
    endloop
  endfacet
  facet normal 0.06104853953485714 -0.9981347984218669 0
    outer loop
      vertex -0.882419392863185 12.619185235786777 0
      vertex -0.6620498464732395 12.63266361464536 0
      vertex -0.6620498464732395 12.63266361464536 4.9
    endloop
  endfacet
  facet normal 0.06104853953485714 -0.9981347984218669 0
    outer loop
      vertex -0.882419392863185 12.619185235786777 0
      vertex -0.6620498464732395 12.63266361464536 4.9
      vertex -0.882419392863185 12.619185235786777 4.9
    endloop
  endfacet
  facet normal 0.04361938736534251 0.9990482215818575 0
    outer loop
      vertex -0.6620498464732395 -12.63266361464536 0
      vertex -0.6620498464732395 -12.63266361464536 4.9
      vertex -0.4414786332866373 -12.642293961791562 0
    endloop
  endfacet
  facet normal 0 0 1
    outer loop
      vertex -0.6620498464732395 -12.63266361464536 0
      vertex -0.4414786332866373 -12.642293961791562 0
      vertex -0.4414786332866373 12.642293961791562 0
    endloop
  endfacet
  facet normal 0 0 1
    outer loop
      vertex -0.6620498464732395 -12.63266361464536 0
      vertex -0.4414786332866373 12.642293961791562 0
      vertex -0.6620498464732395 12.63266361464536 0
    endloop
  endfacet
  facet normal 0.04361938736534251 0.9990482215818575 0
    outer loop
      vertex -0.6620498464732395 -12.63266361464536 4.9
      vertex -0.4414786332866373 -12.642293961791562 4.9
      vertex -0.4414786332866373 -12.642293961791562 0
    endloop
  endfacet
  facet normal 0.04361938736534251 -0.9990482215818575 0
    outer loop
      vertex -0.6620498464732395 12.63266361464536 0
      vertex -0.4414786332866373 12.642293961791562 0
      vertex -0.4414786332866373 12.642293961791562 4.9
    endloop
  endfacet
  facet normal 0.04361938736534251 -0.9990482215818575 0
    outer loop
      vertex -0.6620498464732395 12.63266361464536 0
      vertex -0.4414786332866373 12.642293961791562 4.9
      vertex -0.6620498464732395 12.63266361464536 4.9
    endloop
  endfacet
  facet normal 0.02617694830787409 0.9996573249755573 0
    outer loop
      vertex -0.4414786332866373 -12.642293961791562 0
      vertex -0.4414786332866373 -12.642293961791562 4.9
      vertex -0.22077294143163642 -12.64807334372835 0
    endloop
  endfacet
  facet normal 0 0 1
    outer loop
      vertex -0.4414786332866373 -12.642293961791562 0
      vertex -0.22077294143163642 -12.64807334372835 0
      vertex -0.22077294143163642 12.64807334372835 0
    endloop
  endfacet
  facet normal 0 0 1
    outer loop
      vertex -0.4414786332866373 -12.642293961791562 0
      vertex -0.22077294143163642 12.64807334372835 0
      vertex -0.4414786332866373 12.642293961791562 0
    endloop
  endfacet
  facet normal 0.02617694830787409 0.9996573249755573 0
    outer loop
      vertex -0.4414786332866373 -12.642293961791562 4.9
      vertex -0.22077294143163642 -12.64807334372835 4.9
      vertex -0.22077294143163642 -12.64807334372835 0
    endloop
  endfacet
  facet normal 0.02617694830787409 -0.9996573249755573 0
    outer loop
      vertex -0.4414786332866373 12.642293961791562 0
      vertex -0.22077294143163642 12.64807334372835 0
      vertex -0.22077294143163642 12.64807334372835 4.9
    endloop
  endfacet
  facet normal 0.02617694830787409 -0.9996573249755573 0
    outer loop
      vertex -0.4414786332866373 12.642293961791562 0
      vertex -0.22077294143163642 12.64807334372835 4.9
      vertex -0.4414786332866373 12.642293961791562 4.9
    endloop
  endfacet
  facet normal 0 0 1
    outer loop
      vertex -0.4414786332866373 12.642293961791562 4.9
      vertex -0.22077294143163642 12.64807334372835 4.9
      vertex 14.5 13.15 4.9
    endloop
  endfacet
  facet normal 0.008726535498368222 0.9999619230641714 0
    outer loop
      vertex -0.22077294143163642 -12.64807334372835 0
      vertex -0.22077294143163642 -12.64807334372835 4.9
      vertex 0 -12.65 0
    endloop
  endfacet
  facet normal 0 0 1
    outer loop
      vertex -0.22077294143163642 -12.64807334372835 0
      vertex 0 -12.65 0
      vertex 0 12.65 0
    endloop
  endfacet
  facet normal 0 0 1
    outer loop
      vertex -0.22077294143163642 -12.64807334372835 0
      vertex 0 12.65 0
      vertex -0.22077294143163642 12.64807334372835 0
    endloop
  endfacet
  facet normal 0.008726535498368222 0.9999619230641714 0
    outer loop
      vertex -0.22077294143163642 -12.64807334372835 4.9
      vertex 0 -12.65 4.9
      vertex 0 -12.65 0
    endloop
  endfacet
  facet normal 0.008726535498368222 -0.9999619230641714 0
    outer loop
      vertex -0.22077294143163642 12.64807334372835 0
      vertex 0 12.65 0
      vertex 0 12.65 4.9
    endloop
  endfacet
  facet normal 0.008726535498368222 -0.9999619230641714 0
    outer loop
      vertex -0.22077294143163642 12.64807334372835 0
      vertex 0 12.65 4.9
      vertex -0.22077294143163642 12.64807334372835 4.9
    endloop
  endfacet
  facet normal 0 0 1
    outer loop
      vertex -0.22077294143163642 12.64807334372835 4.9
      vertex 0 12.65 4.9
      vertex 14.5 13.15 4.9
    endloop
  endfacet
  facet normal -0.008726535498368222 0.9999619230641714 0
    outer loop
      vertex 0 -12.65 0
      vertex 0 -12.65 4.9
      vertex 0.22077294143163642 -12.64807334372835 0
    endloop
  endfacet
  facet normal 0 0 1
    outer loop
      vertex 0 -12.65 0
      vertex 0.22077294143163642 -12.64807334372835 0
      vertex 0.22077294143163642 12.64807334372835 0
    endloop
  endfacet
  facet normal 0 0 1
    outer loop
      vertex 0 -12.65 0
      vertex 0.22077294143163642 12.64807334372835 0
      vertex 0 12.65 0
    endloop
  endfacet
  facet normal -0.008726535498368222 0.9999619230641714 0
    outer loop
      vertex 0 -12.65 4.9
      vertex 0.22077294143163642 -12.64807334372835 4.9
      vertex 0.22077294143163642 -12.64807334372835 0
    endloop
  endfacet
  facet normal -0.008726535498368222 -0.9999619230641714 0
    outer loop
      vertex 0 12.65 0
      vertex 0.22077294143163642 12.64807334372835 0
      vertex 0.22077294143163642 12.64807334372835 4.9
    endloop
  endfacet
  facet normal -0.008726535498368222 -0.9999619230641714 0
    outer loop
      vertex 0 12.65 0
      vertex 0.22077294143163642 12.64807334372835 4.9
      vertex 0 12.65 4.9
    endloop
  endfacet
  facet normal 0 0 1
    outer loop
      vertex 0 12.65 4.9
      vertex 0.22077294143163642 12.64807334372835 4.9
      vertex 14.5 13.15 4.9
    endloop
  endfacet
  facet normal -0.02617694830787409 0.9996573249755573 0
    outer loop
      vertex 0.22077294143163642 -12.64807334372835 0
      vertex 0.22077294143163642 -12.64807334372835 4.9
      vertex 0.4414786332866373 -12.642293961791562 0
    endloop
  endfacet
  facet normal 0 0 1
    outer loop
      vertex 0.22077294143163642 -12.64807334372835 0
      vertex 0.4414786332866373 -12.642293961791562 0
      vertex 0.4414786332866373 12.642293961791562 0
    endloop
  endfacet
  facet normal 0 0 1
    outer loop
      vertex 0.22077294143163642 -12.64807334372835 0
      vertex 0.4414786332866373 12.642293961791562 0
      vertex 0.22077294143163642 12.64807334372835 0
    endloop
  endfacet
  facet normal -0.02617694830787409 0.9996573249755573 0
    outer loop
      vertex 0.22077294143163642 -12.64807334372835 4.9
      vertex 0.4414786332866373 -12.642293961791562 4.9
      vertex 0.4414786332866373 -12.642293961791562 0
    endloop
  endfacet
  facet normal -0.02617694830787409 -0.9996573249755573 0
    outer loop
      vertex 0.22077294143163642 12.64807334372835 0
      vertex 0.4414786332866373 12.642293961791562 0
      vertex 0.4414786332866373 12.642293961791562 4.9
    endloop
  endfacet
  facet normal -0.02617694830787409 -0.9996573249755573 0
    outer loop
      vertex 0.22077294143163642 12.64807334372835 0
      vertex 0.4414786332866373 12.642293961791562 4.9
      vertex 0.22077294143163642 12.64807334372835 4.9
    endloop
  endfacet
  facet normal 0 0 1
    outer loop
      vertex 0.22077294143163642 12.64807334372835 4.9
      vertex 0.4414786332866373 12.642293961791562 4.9
      vertex 14.5 13.15 4.9
    endloop
  endfacet
  facet normal -0.04361938736534251 0.9990482215818575 0
    outer loop
      vertex 0.4414786332866373 -12.642293961791562 0
      vertex 0.4414786332866373 -12.642293961791562 4.9
      vertex 0.6620498464732395 -12.63266361464536 0
    endloop
  endfacet
  facet normal 0 0 1
    outer loop
      vertex 0.4414786332866373 -12.642293961791562 0
      vertex 0.6620498464732395 -12.63266361464536 0
      vertex 0.6620498464732395 12.63266361464536 0
    endloop
  endfacet
  facet normal 0 0 1
    outer loop
      vertex 0.4414786332866373 -12.642293961791562 0
      vertex 0.6620498464732395 12.63266361464536 0
      vertex 0.4414786332866373 12.642293961791562 0
    endloop
  endfacet
  facet normal -0.04361938736534251 0.9990482215818575 0
    outer loop
      vertex 0.4414786332866373 -12.642293961791562 4.9
      vertex 0.6620498464732395 -12.63266361464536 4.9
      vertex 0.6620498464732395 -12.63266361464536 0
    endloop
  endfacet
  facet normal 0 0 1
    outer loop
      vertex 0.4414786332866373 -12.642293961791562 4.9
      vertex 14.5 -13.15 4.9
      vertex 0.6620498464732395 -12.63266361464536 4.9
    endloop
  endfacet
  facet normal -0.04361938736534251 -0.9990482215818575 0
    outer loop
      vertex 0.4414786332866373 12.642293961791562 0
      vertex 0.6620498464732395 12.63266361464536 0
      vertex 0.6620498464732395 12.63266361464536 4.9
    endloop
  endfacet
  facet normal -0.04361938736534251 -0.9990482215818575 0
    outer loop
      vertex 0.4414786332866373 12.642293961791562 0
      vertex 0.6620498464732395 12.63266361464536 4.9
      vertex 0.4414786332866373 12.642293961791562 4.9
    endloop
  endfacet
  facet normal 0 0 1
    outer loop
      vertex 0.4414786332866373 12.642293961791562 4.9
      vertex 0.6620498464732395 12.63266361464536 4.9
      vertex 14.5 13.15 4.9
    endloop
  endfacet
  facet normal -0.06104853953485714 0.9981347984218669 0
    outer loop
      vertex 0.6620498464732395 -12.63266361464536 0
      vertex 0.6620498464732395 -12.63266361464536 4.9
      vertex 0.882419392863185 -12.619185235786777 0
    endloop
  endfacet
  facet normal 0 0 1
    outer loop
      vertex 0.6620498464732395 -12.63266361464536 0
      vertex 0.882419392863185 -12.619185235786777 0
      vertex 0.882419392863185 12.619185235786777 0
    endloop
  endfacet
  facet normal 0 0 1
    outer loop
      vertex 0.6620498464732395 -12.63266361464536 0
      vertex 0.882419392863185 12.619185235786777 0
      vertex 0.6620498464732395 12.63266361464536 0
    endloop
  endfacet
  facet normal -0.06104853953485714 0.9981347984218669 0
    outer loop
      vertex 0.6620498464732395 -12.63266361464536 4.9
      vertex 0.882419392863185 -12.619185235786777 4.9
      vertex 0.882419392863185 -12.619185235786777 0
    endloop
  endfacet
  facet normal 0 0 1
    outer loop
      vertex 0.6620498464732395 -12.63266361464536 4.9
      vertex 14.5 -13.15 4.9
      vertex 0.882419392863185 -12.619185235786777 4.9
    endloop
  endfacet
  facet normal -0.06104853953485714 -0.9981347984218669 0
    outer loop
      vertex 0.6620498464732395 12.63266361464536 0
      vertex 0.882419392863185 12.619185235786777 0
      vertex 0.882419392863185 12.619185235786777 4.9
    endloop
  endfacet
  facet normal -0.06104853953485714 -0.9981347984218669 0
    outer loop
      vertex 0.6620498464732395 12.63266361464536 0
      vertex 0.882419392863185 12.619185235786777 4.9
      vertex 0.6620498464732395 12.63266361464536 4.9
    endloop
  endfacet
  facet normal 0 0 1
    outer loop
      vertex 0.6620498464732395 12.63266361464536 4.9
      vertex 0.882419392863185 12.619185235786777 4.9
      vertex 14.5 13.15 4.9
    endloop
  endfacet
  facet normal -0.07845909572783966 0.9969173337331284 0
    outer loop
      vertex 0.882419392863185 -12.619185235786777 0
      vertex 0.882419392863185 -12.619185235786777 4.9
      vertex 1.102520145757876 -12.601862930860582 0
    endloop
  endfacet
  facet normal 0 0 1
    outer loop
      vertex 0.882419392863185 -12.619185235786777 0
      vertex 1.102520145757876 -12.601862930860582 0
      vertex 1.102520145757876 12.601862930860582 0
    endloop
  endfacet
  facet normal 0 0 1
    outer loop
      vertex 0.882419392863185 -12.619185235786777 0
      vertex 1.102520145757876 12.601862930860582 0
      vertex 0.882419392863185 12.619185235786777 0
    endloop
  endfacet
  facet normal -0.07845909572783966 0.9969173337331284 0
    outer loop
      vertex 0.882419392863185 -12.619185235786777 4.9
      vertex 1.102520145757876 -12.601862930860582 4.9
      vertex 1.102520145757876 -12.601862930860582 0
    endloop
  endfacet
  facet normal 0 0 1
    outer loop
      vertex 0.882419392863185 -12.619185235786777 4.9
      vertex 14.5 -13.15 4.9
      vertex 1.102520145757876 -12.601862930860582 4.9
    endloop
  endfacet
  facet normal -0.07845909572783966 -0.9969173337331284 0
    outer loop
      vertex 0.882419392863185 12.619185235786777 0
      vertex 1.102520145757876 12.601862930860582 0
      vertex 1.102520145757876 12.601862930860582 4.9
    endloop
  endfacet
  facet normal -0.07845909572783966 -0.9969173337331284 0
    outer loop
      vertex 0.882419392863185 12.619185235786777 0
      vertex 1.102520145757876 12.601862930860582 4.9
      vertex 0.882419392863185 12.619185235786777 4.9
    endloop
  endfacet
  facet normal 0 0 1
    outer loop
      vertex 0.882419392863185 12.619185235786777 4.9
      vertex 1.102520145757876 12.601862930860582 4.9
      vertex 14.5 13.15 4.9
    endloop
  endfacet
  facet normal -0.09584575252022628 0.9953961983671786 0
    outer loop
      vertex 1.102520145757876 -12.601862930860582 0
      vertex 1.102520145757876 -12.601862930860582 4.9
      vertex 1.3222850603358165 -12.580701976408658 0
    endloop
  endfacet
  facet normal 0 0 1
    outer loop
      vertex 1.102520145757876 -12.601862930860582 0
      vertex 1.3222850603358165 -12.580701976408658 0
      vertex 1.3222850603358165 12.580701976408658 0
    endloop
  endfacet
  facet normal 0 0 1
    outer loop
      vertex 1.102520145757876 -12.601862930860582 0
      vertex 1.3222850603358165 12.580701976408658 0
      vertex 1.102520145757876 12.601862930860582 0
    endloop
  endfacet
  facet normal -0.09584575252022628 0.9953961983671786 0
    outer loop
      vertex 1.102520145757876 -12.601862930860582 4.9
      vertex 1.3222850603358165 -12.580701976408658 4.9
      vertex 1.3222850603358165 -12.580701976408658 0
    endloop
  endfacet
  facet normal 0 0 1
    outer loop
      vertex 1.102520145757876 -12.601862930860582 4.9
      vertex 14.5 -13.15 4.9
      vertex 1.3222850603358165 -12.580701976408658 4.9
    endloop
  endfacet
  facet normal -0.09584575252022628 -0.9953961983671786 0
    outer loop
      vertex 1.102520145757876 12.601862930860582 0
      vertex 1.3222850603358165 12.580701976408658 0
      vertex 1.3222850603358165 12.580701976408658 4.9
    endloop
  endfacet
  facet normal -0.09584575252022628 -0.9953961983671786 0
    outer loop
      vertex 1.102520145757876 12.601862930860582 0
      vertex 1.3222850603358165 12.580701976408658 4.9
      vertex 1.102520145757876 12.601862930860582 4.9
    endloop
  endfacet
  facet normal 0 0 1
    outer loop
      vertex 1.102520145757876 12.601862930860582 4.9
      vertex 1.3222850603358165 12.580701976408658 4.9
      vertex 14.5 13.15 4.9
    endloop
  endfacet
  facet normal -0.11320321376791467 0.9935718556765867 0
    outer loop
      vertex 1.3222850603358165 -12.580701976408658 0
      vertex 1.3222850603358165 -12.580701976408658 4.9
      vertex 1.5416471940751155 -12.555708818262723 0
    endloop
  endfacet
  facet normal 0 0 1
    outer loop
      vertex 1.3222850603358165 -12.580701976408658 0
      vertex 1.5416471940751155 -12.555708818262723 0
      vertex 1.5416471940751155 12.555708818262723 0
    endloop
  endfacet
  facet normal 0 0 1
    outer loop
      vertex 1.3222850603358165 -12.580701976408658 0
      vertex 1.5416471940751155 12.555708818262723 0
      vertex 1.3222850603358165 12.580701976408658 0
    endloop
  endfacet
  facet normal -0.11320321376791467 0.9935718556765867 0
    outer loop
      vertex 1.3222850603358165 -12.580701976408658 4.9
      vertex 1.5416471940751155 -12.555708818262723 4.9
      vertex 1.5416471940751155 -12.555708818262723 0
    endloop
  endfacet
  facet normal 0 0 1
    outer loop
      vertex 1.3222850603358165 -12.580701976408658 4.9
      vertex 14.5 -13.15 4.9
      vertex 1.5416471940751155 -12.555708818262723 4.9
    endloop
  endfacet
  facet normal -0.11320321376791467 -0.9935718556765867 0
    outer loop
      vertex 1.3222850603358165 12.580701976408658 0
      vertex 1.5416471940751155 12.555708818262723 0
      vertex 1.5416471940751155 12.555708818262723 4.9
    endloop
  endfacet
  facet normal -0.11320321376791467 -0.9935718556765867 0
    outer loop
      vertex 1.3222850603358165 12.580701976408658 0
      vertex 1.5416471940751155 12.555708818262723 4.9
      vertex 1.3222850603358165 12.580701976408658 4.9
    endloop
  endfacet
  facet normal 0 0 1
    outer loop
      vertex 1.3222850603358165 12.580701976408658 4.9
      vertex 1.5416471940751155 12.555708818262723 4.9
      vertex 14.5 13.15 4.9
    endloop
  endfacet
  facet normal -0.13052619222004572 0.9914448613738112 0
    outer loop
      vertex 1.5416471940751155 -12.555708818262723 0
      vertex 1.5416471940751155 -12.555708818262723 4.9
      vertex 1.7605397271448278 -12.526891069580865 0
    endloop
  endfacet
  facet normal 0 0 1
    outer loop
      vertex 1.5416471940751155 -12.555708818262723 0
      vertex 1.7605397271448278 -12.526891069580865 0
      vertex 1.7605397271448278 12.526891069580865 0
    endloop
  endfacet
  facet normal 0 0 1
    outer loop
      vertex 1.5416471940751155 -12.555708818262723 0
      vertex 1.7605397271448278 12.526891069580865 0
      vertex 1.5416471940751155 12.555708818262723 0
    endloop
  endfacet
  facet normal -0.13052619222004572 0.9914448613738112 0
    outer loop
      vertex 1.5416471940751155 -12.555708818262723 4.9
      vertex 1.7605397271448278 -12.526891069580865 4.9
      vertex 1.7605397271448278 -12.526891069580865 0
    endloop
  endfacet
  facet normal 0 0 1
    outer loop
      vertex 1.5416471940751155 -12.555708818262723 4.9
      vertex 14.5 -13.15 4.9
      vertex 1.7605397271448278 -12.526891069580865 4.9
    endloop
  endfacet
  facet normal -0.13052619222004572 -0.9914448613738112 0
    outer loop
      vertex 1.5416471940751155 12.555708818262723 0
      vertex 1.7605397271448278 12.526891069580865 0
      vertex 1.7605397271448278 12.526891069580865 4.9
    endloop
  endfacet
  facet normal -0.13052619222004572 -0.9914448613738112 0
    outer loop
      vertex 1.5416471940751155 12.555708818262723 0
      vertex 1.7605397271448278 12.526891069580865 4.9
      vertex 1.5416471940751155 12.555708818262723 4.9
    endloop
  endfacet
  facet normal 0 0 1
    outer loop
      vertex 1.5416471940751155 12.555708818262723 4.9
      vertex 1.7605397271448278 12.526891069580865 4.9
      vertex 14.5 13.15 4.9
    endloop
  endfacet
  facet normal -0.14780941112960658 0.9890158633619174 0
    outer loop
      vertex 1.7605397271448278 -12.526891069580865 0
      vertex 1.7605397271448278 -12.526891069580865 4.9
      vertex 1.9788959827589205 -12.494257508528493 0
    endloop
  endfacet
  facet normal 0 0 1
    outer loop
      vertex 1.7605397271448278 -12.526891069580865 0
      vertex 1.9788959827589205 -12.494257508528493 0
      vertex 1.9788959827589205 12.494257508528493 0
    endloop
  endfacet
  facet normal 0 0 1
    outer loop
      vertex 1.7605397271448278 -12.526891069580865 0
      vertex 1.9788959827589205 12.494257508528493 0
      vertex 1.7605397271448278 12.526891069580865 0
    endloop
  endfacet
  facet normal -0.14780941112960658 0.9890158633619174 0
    outer loop
      vertex 1.7605397271448278 -12.526891069580865 4.9
      vertex 1.9788959827589205 -12.494257508528493 4.9
      vertex 1.9788959827589205 -12.494257508528493 0
    endloop
  endfacet
  facet normal 0 0 1
    outer loop
      vertex 1.7605397271448278 -12.526891069580865 4.9
      vertex 14.5 -13.15 4.9
      vertex 1.9788959827589205 -12.494257508528493 4.9
    endloop
  endfacet
  facet normal -0.14780941112960658 -0.9890158633619174 0
    outer loop
      vertex 1.7605397271448278 12.526891069580865 0
      vertex 1.9788959827589205 12.494257508528493 0
      vertex 1.9788959827589205 12.494257508528493 4.9
    endloop
  endfacet
  facet normal -0.14780941112960658 -0.9890158633619174 0
    outer loop
      vertex 1.7605397271448278 12.526891069580865 0
      vertex 1.9788959827589205 12.494257508528493 4.9
      vertex 1.7605397271448278 12.526891069580865 4.9
    endloop
  endfacet
  facet normal 0 0 1
    outer loop
      vertex 1.7605397271448278 12.526891069580865 4.9
      vertex 1.9788959827589205 12.494257508528493 4.9
      vertex 14.5 13.15 4.9
    endloop
  endfacet
  facet normal -0.16504760586067957 0.9862856015372312 0
    outer loop
      vertex 1.9788959827589205 -12.494257508528493 0
      vertex 1.9788959827589205 -12.494257508528493 4.9
      vertex 2.196649447486669 -12.457818075604433 0
    endloop
  endfacet
  facet normal 0 0 1
    outer loop
      vertex 1.9788959827589205 -12.494257508528493 0
      vertex 2.196649447486669 -12.457818075604433 0
      vertex 2.196649447486669 12.457818075604433 0
    endloop
  endfacet
  facet normal 0 0 1
    outer loop
      vertex 1.9788959827589205 -12.494257508528493 0
      vertex 2.196649447486669 12.457818075604433 0
      vertex 1.9788959827589205 12.494257508528493 0
    endloop
  endfacet
  facet normal -0.16504760586067957 0.9862856015372312 0
    outer loop
      vertex 1.9788959827589205 -12.494257508528493 4.9
      vertex 2.196649447486669 -12.457818075604433 4.9
      vertex 2.196649447486669 -12.457818075604433 0
    endloop
  endfacet
  facet normal 0 0 1
    outer loop
      vertex 1.9788959827589205 -12.494257508528493 4.9
      vertex 14.5 -13.15 4.9
      vertex 2.196649447486669 -12.457818075604433 4.9
    endloop
  endfacet
  facet normal -0.16504760586067957 -0.9862856015372312 0
    outer loop
      vertex 1.9788959827589205 12.494257508528493 0
      vertex 2.196649447486669 12.457818075604433 0
      vertex 2.196649447486669 12.457818075604433 4.9
    endloop
  endfacet
  facet normal -0.16504760586067957 -0.9862856015372312 0
    outer loop
      vertex 1.9788959827589205 12.494257508528493 0
      vertex 2.196649447486669 12.457818075604433 4.9
      vertex 1.9788959827589205 12.494257508528493 4.9
    endloop
  endfacet
  facet normal 0 0 1
    outer loop
      vertex 1.9788959827589205 12.494257508528493 4.9
      vertex 2.196649447486669 12.457818075604433 4.9
      vertex 14.5 13.15 4.9
    endloop
  endfacet
  facet normal -0.18223552549214864 0.9832549075639544 0
    outer loop
      vertex 2.196649447486669 -12.457818075604433 0
      vertex 2.196649447486669 -12.457818075604433 4.9
      vertex 2.413733791513292 -12.41758387061295 0
    endloop
  endfacet
  facet normal 0 0 1
    outer loop
      vertex 2.196649447486669 -12.457818075604433 0
      vertex 2.413733791513292 -12.41758387061295 0
      vertex 2.413733791513292 12.41758387061295 0
    endloop
  endfacet
  facet normal 0 0 1
    outer loop
      vertex 2.196649447486669 -12.457818075604433 0
      vertex 2.413733791513292 12.41758387061295 0
      vertex 2.196649447486669 12.457818075604433 0
    endloop
  endfacet
  facet normal -0.18223552549214864 0.9832549075639544 0
    outer loop
      vertex 2.196649447486669 -12.457818075604433 4.9
      vertex 2.413733791513292 -12.41758387061295 4.9
      vertex 2.413733791513292 -12.41758387061295 0
    endloop
  endfacet
  facet normal 0 0 1
    outer loop
      vertex 2.196649447486669 -12.457818075604433 4.9
      vertex 14.5 -13.15 4.9
      vertex 2.413733791513292 -12.41758387061295 4.9
    endloop
  endfacet
  facet normal -0.18223552549214864 -0.9832549075639544 0
    outer loop
      vertex 2.196649447486669 12.457818075604433 0
      vertex 2.413733791513292 12.41758387061295 0
      vertex 2.413733791513292 12.41758387061295 4.9
    endloop
  endfacet
  facet normal -0.18223552549214864 -0.9832549075639544 0
    outer loop
      vertex 2.196649447486669 12.457818075604433 0
      vertex 2.413733791513292 12.41758387061295 4.9
      vertex 2.196649447486669 12.457818075604433 4.9
    endloop
  endfacet
  facet normal 0 0 1
    outer loop
      vertex 2.196649447486669 12.457818075604433 4.9
      vertex 2.413733791513292 12.41758387061295 4.9
      vertex 14.5 13.15 4.9
    endloop
  endfacet
  facet normal -0.19936793441719244 0.9799247046208306 0
    outer loop
      vertex 2.413733791513292 -12.41758387061295 0
      vertex 2.413733791513292 -12.41758387061295 4.9
      vertex 2.630082888844656 -12.373567149282643 0
    endloop
  endfacet
  facet normal 0 0 1
    outer loop
      vertex 2.413733791513292 -12.41758387061295 0
      vertex 2.630082888844656 -12.373567149282643 0
      vertex 2.630082888844656 12.373567149282643 0
    endloop
  endfacet
  facet normal 0 0 1
    outer loop
      vertex 2.413733791513292 -12.41758387061295 0
      vertex 2.630082888844656 12.373567149282643 0
      vertex 2.413733791513292 12.41758387061295 0
    endloop
  endfacet
  facet normal -0.19936793441719244 0.9799247046208306 0
    outer loop
      vertex 2.413733791513292 -12.41758387061295 4.9
      vertex 2.630082888844656 -12.373567149282643 4.9
      vertex 2.630082888844656 -12.373567149282643 0
    endloop
  endfacet
  facet normal 0 0 1
    outer loop
      vertex 2.413733791513292 -12.41758387061295 4.9
      vertex 14.5 -13.15 4.9
      vertex 2.630082888844656 -12.373567149282643 4.9
    endloop
  endfacet
  facet normal -0.19936793441719244 -0.9799247046208306 0
    outer loop
      vertex 2.413733791513292 12.41758387061295 0
      vertex 2.630082888844656 12.373567149282643 0
      vertex 2.630082888844656 12.373567149282643 4.9
    endloop
  endfacet
  facet normal -0.19936793441719244 -0.9799247046208306 0
    outer loop
      vertex 2.413733791513292 12.41758387061295 0
      vertex 2.630082888844656 12.373567149282643 4.9
      vertex 2.413733791513292 12.41758387061295 4.9
    endloop
  endfacet
  facet normal 0 0 1
    outer loop
      vertex 2.413733791513292 12.41758387061295 4.9
      vertex 2.630082888844656 12.373567149282643 4.9
      vertex 14.5 13.15 4.9
    endloop
  endfacet
  facet normal -0.21643961393810832 0.9762960071199323 0
    outer loop
      vertex 2.630082888844656 -12.373567149282643 0
      vertex 2.630082888844656 -12.373567149282643 4.9
      vertex 2.8456308374498924 -12.325781319533226 0
    endloop
  endfacet
  facet normal 0 0 1
    outer loop
      vertex 2.630082888844656 -12.373567149282643 0
      vertex 2.8456308374498924 -12.325781319533226 0
      vertex 2.8456308374498924 12.325781319533226 0
    endloop
  endfacet
  facet normal 0 0 1
    outer loop
      vertex 2.630082888844656 -12.373567149282643 0
      vertex 2.8456308374498924 12.325781319533226 0
      vertex 2.630082888844656 12.373567149282643 0
    endloop
  endfacet
  facet normal -0.21643961393810832 0.9762960071199323 0
    outer loop
      vertex 2.630082888844656 -12.373567149282643 4.9
      vertex 2.8456308374498924 -12.325781319533226 4.9
      vertex 2.8456308374498924 -12.325781319533226 0
    endloop
  endfacet
  facet normal 0 0 1
    outer loop
      vertex 2.630082888844656 -12.373567149282643 4.9
      vertex 14.5 -13.15 4.9
      vertex 2.8456308374498924 -12.325781319533226 4.9
    endloop
  endfacet
  facet normal -0.21643961393810832 -0.9762960071199323 0
    outer loop
      vertex 2.630082888844656 12.373567149282643 0
      vertex 2.8456308374498924 12.325781319533226 0
      vertex 2.8456308374498924 12.325781319533226 4.9
    endloop
  endfacet
  facet normal -0.21643961393810832 -0.9762960071199323 0
    outer loop
      vertex 2.630082888844656 12.373567149282643 0
      vertex 2.8456308374498924 12.325781319533226 4.9
      vertex 2.630082888844656 12.373567149282643 4.9
    endloop
  endfacet
  facet normal 0 0 1
    outer loop
      vertex 2.630082888844656 12.373567149282643 4.9
      vertex 2.8456308374498924 12.325781319533226 4.9
      vertex 14.5 13.15 4.9
    endloop
  endfacet
  facet normal -0.2334453638559017 0.9723699203976774 0
    outer loop
      vertex 2.8456308374498924 -12.325781319533226 0
      vertex 2.8456308374498924 -12.325781319533226 4.9
      vertex 3.060311979335797 -12.274240937391356 0
    endloop
  endfacet
  facet normal 0 0 1
    outer loop
      vertex 2.8456308374498924 -12.325781319533226 0
      vertex 3.060311979335797 -12.274240937391356 0
      vertex 3.060311979335797 12.274240937391356 0
    endloop
  endfacet
  facet normal 0 0 1
    outer loop
      vertex 2.8456308374498924 -12.325781319533226 0
      vertex 3.060311979335797 12.274240937391356 0
      vertex 2.8456308374498924 12.325781319533226 0
    endloop
  endfacet
  facet normal -0.2334453638559017 0.9723699203976774 0
    outer loop
      vertex 2.8456308374498924 -12.325781319533226 4.9
      vertex 3.060311979335797 -12.274240937391356 4.9
      vertex 3.060311979335797 -12.274240937391356 0
    endloop
  endfacet
  facet normal 0 0 1
    outer loop
      vertex 2.8456308374498924 -12.325781319533226 4.9
      vertex 14.5 -13.15 4.9
      vertex 3.060311979335797 -12.274240937391356 4.9
    endloop
  endfacet
  facet normal -0.2334453638559017 -0.9723699203976774 0
    outer loop
      vertex 2.8456308374498924 12.325781319533226 0
      vertex 3.060311979335797 12.274240937391356 0
      vertex 3.060311979335797 12.274240937391356 4.9
    endloop
  endfacet
  facet normal -0.2334453638559017 -0.9723699203976774 0
    outer loop
      vertex 2.8456308374498924 12.325781319533226 0
      vertex 3.060311979335797 12.274240937391356 4.9
      vertex 2.8456308374498924 12.325781319533226 4.9
    endloop
  endfacet
  facet normal 0 0 1
    outer loop
      vertex 2.8456308374498924 12.325781319533226 4.9
      vertex 3.060311979335797 12.274240937391356 4.9
      vertex 14.5 13.15 4.9
    endloop
  endfacet
  facet normal -0.25038000405444 0.9681476403781082 0
    outer loop
      vertex 3.060311979335797 -12.274240937391356 0
      vertex 3.060311979335797 -12.274240937391356 4.9
      vertex 3.2740609205468876 -12.218961702556715 0
    endloop
  endfacet
  facet normal 0 0 1
    outer loop
      vertex 3.060311979335797 -12.274240937391356 0
      vertex 3.2740609205468876 -12.218961702556715 0
      vertex 3.2740609205468876 12.218961702556715 0
    endloop
  endfacet
  facet normal 0 0 1
    outer loop
      vertex 3.060311979335797 -12.274240937391356 0
      vertex 3.2740609205468876 12.218961702556715 0
      vertex 3.060311979335797 12.274240937391356 0
    endloop
  endfacet
  facet normal -0.25038000405444 0.9681476403781082 0
    outer loop
      vertex 3.060311979335797 -12.274240937391356 4.9
      vertex 3.2740609205468876 -12.218961702556715 4.9
      vertex 3.2740609205468876 -12.218961702556715 0
    endloop
  endfacet
  facet normal 0 0 1
    outer loop
      vertex 3.060311979335797 -12.274240937391356 4.9
      vertex 14.5 -13.15 4.9
      vertex 3.2740609205468876 -12.218961702556715 4.9
    endloop
  endfacet
  facet normal -0.25038000405444 -0.9681476403781082 0
    outer loop
      vertex 3.060311979335797 12.274240937391356 0
      vertex 3.2740609205468876 12.218961702556715 0
      vertex 3.2740609205468876 12.218961702556715 4.9
    endloop
  endfacet
  facet normal -0.25038000405444 -0.9681476403781082 0
    outer loop
      vertex 3.060311979335797 12.274240937391356 0
      vertex 3.2740609205468876 12.218961702556715 4.9
      vertex 3.060311979335797 12.274240937391356 4.9
    endloop
  endfacet
  facet normal 0 0 1
    outer loop
      vertex 3.060311979335797 12.274240937391356 4.9
      vertex 3.2740609205468876 12.218961702556715 4.9
      vertex 14.5 13.15 4.9
    endloop
  endfacet
  facet normal -0.26723837607826273 0.9636304532086214 0
    outer loop
      vertex 3.2740609205468876 -12.218961702556715 0
      vertex 3.2740609205468876 -12.218961702556715 4.9
      vertex 3.4868125510850394 -12.159960453619734 0
    endloop
  endfacet
  facet normal 0 0 1
    outer loop
      vertex 3.2740609205468876 -12.218961702556715 0
      vertex 3.4868125510850394 -12.159960453619734 0
      vertex 3.4868125510850394 12.159960453619734 0
    endloop
  endfacet
  facet normal 0 0 1
    outer loop
      vertex 3.2740609205468876 -12.218961702556715 0
      vertex 3.4868125510850394 12.159960453619734 0
      vertex 3.2740609205468876 12.218961702556715 0
    endloop
  endfacet
  facet normal -0.26723837607826273 0.9636304532086214 0
    outer loop
      vertex 3.2740609205468876 -12.218961702556715 4.9
      vertex 3.4868125510850394 -12.159960453619734 4.9
      vertex 3.4868125510850394 -12.159960453619734 0
    endloop
  endfacet
  facet normal 0 0 1
    outer loop
      vertex 3.2740609205468876 -12.218961702556715 4.9
      vertex 14.5 -13.15 4.9
      vertex 3.4868125510850394 -12.159960453619734 4.9
    endloop
  endfacet
  facet normal -0.26723837607826273 -0.9636304532086214 0
    outer loop
      vertex 3.2740609205468876 12.218961702556715 0
      vertex 3.4868125510850394 12.159960453619734 0
      vertex 3.4868125510850394 12.159960453619734 4.9
    endloop
  endfacet
  facet normal -0.26723837607826273 -0.9636304532086214 0
    outer loop
      vertex 3.2740609205468876 12.218961702556715 0
      vertex 3.4868125510850394 12.159960453619734 4.9
      vertex 3.2740609205468876 12.218961702556715 4.9
    endloop
  endfacet
  facet normal 0 0 1
    outer loop
      vertex 3.2740609205468876 12.218961702556715 4.9
      vertex 3.4868125510850394 12.159960453619734 4.9
      vertex 14.5 13.15 4.9
    endloop
  endfacet
  facet normal -0.2840153447039221 0.958819734868193 0
    outer loop
      vertex 3.4868125510850394 -12.159960453619734 0
      vertex 3.4868125510850394 -12.159960453619734 4.9
      vertex 3.69850206474262 -12.097255162932399 0
    endloop
  endfacet
  facet normal 0 0 1
    outer loop
      vertex 3.4868125510850394 -12.159960453619734 0
      vertex 3.69850206474262 -12.097255162932399 0
      vertex 3.69850206474262 12.097255162932399 0
    endloop
  endfacet
  facet normal 0 0 1
    outer loop
      vertex 3.4868125510850394 -12.159960453619734 0
      vertex 3.69850206474262 12.097255162932399 0
      vertex 3.4868125510850394 12.159960453619734 0
    endloop
  endfacet
  facet normal -0.2840153447039221 0.958819734868193 0
    outer loop
      vertex 3.4868125510850394 -12.159960453619734 4.9
      vertex 3.69850206474262 -12.097255162932399 4.9
      vertex 3.69850206474262 -12.097255162932399 0
    endloop
  endfacet
  facet normal 0 0 1
    outer loop
      vertex 3.4868125510850394 -12.159960453619734 4.9
      vertex 14.5 -13.15 4.9
      vertex 3.69850206474262 -12.097255162932399 4.9
    endloop
  endfacet
  facet normal -0.2840153447039221 -0.958819734868193 0
    outer loop
      vertex 3.4868125510850394 12.159960453619734 0
      vertex 3.69850206474262 12.097255162932399 0
      vertex 3.69850206474262 12.097255162932399 4.9
    endloop
  endfacet
  facet normal -0.2840153447039221 -0.958819734868193 0
    outer loop
      vertex 3.4868125510850394 12.159960453619734 0
      vertex 3.69850206474262 12.097255162932399 4.9
      vertex 3.4868125510850394 12.159960453619734 4.9
    endloop
  endfacet
  facet normal 0 0 1
    outer loop
      vertex 3.4868125510850394 12.159960453619734 4.9
      vertex 3.69850206474262 12.097255162932399 4.9
      vertex 14.5 13.15 4.9
    endloop
  endfacet
  facet normal -0.300705799504276 0.953716950748226 0
    outer loop
      vertex 3.69850206474262 -12.097255162932399 0
      vertex 3.69850206474262 -12.097255162932399 4.9
      vertex 3.9090649788430847 -12.030864931133692 0
    endloop
  endfacet
  facet normal 0 0 1
    outer loop
      vertex 3.69850206474262 -12.097255162932399 0
      vertex 3.9090649788430847 -12.030864931133692 0
      vertex 3.9090649788430847 12.030864931133692 0
    endloop
  endfacet
  facet normal 0 0 1
    outer loop
      vertex 3.69850206474262 -12.097255162932399 0
      vertex 3.9090649788430847 12.030864931133692 0
      vertex 3.69850206474262 12.097255162932399 0
    endloop
  endfacet
  facet normal -0.300705799504276 0.953716950748226 0
    outer loop
      vertex 3.69850206474262 -12.097255162932399 4.9
      vertex 3.9090649788430847 -12.030864931133692 4.9
      vertex 3.9090649788430847 -12.030864931133692 0
    endloop
  endfacet
  facet normal 0 0 1
    outer loop
      vertex 3.69850206474262 -12.097255162932399 4.9
      vertex 14.5 -13.15 4.9
      vertex 3.9090649788430847 -12.030864931133692 4.9
    endloop
  endfacet
  facet normal -0.300705799504276 -0.953716950748226 0
    outer loop
      vertex 3.69850206474262 12.097255162932399 0
      vertex 3.9090649788430847 12.030864931133692 0
      vertex 3.9090649788430847 12.030864931133692 4.9
    endloop
  endfacet
  facet normal -0.300705799504276 -0.953716950748226 0
    outer loop
      vertex 3.69850206474262 12.097255162932399 0
      vertex 3.9090649788430847 12.030864931133692 4.9
      vertex 3.69850206474262 12.097255162932399 4.9
    endloop
  endfacet
  facet normal 0 0 1
    outer loop
      vertex 3.69850206474262 12.097255162932399 4.9
      vertex 3.9090649788430847 12.030864931133692 4.9
      vertex 14.5 13.15 4.9
    endloop
  endfacet
  facet normal -0.3173046564050845 0.9483236552062019 0
    outer loop
      vertex 3.9090649788430847 -12.030864931133692 0
      vertex 3.9090649788430847 -12.030864931133692 4.9
      vertex 4.118437153883033 -11.960809981331359 0
    endloop
  endfacet
  facet normal 0 0 1
    outer loop
      vertex 3.9090649788430847 -12.030864931133692 0
      vertex 4.118437153883033 -11.960809981331359 0
      vertex 4.118437153883033 11.960809981331359 0
    endloop
  endfacet
  facet normal 0 0 1
    outer loop
      vertex 3.9090649788430847 -12.030864931133692 0
      vertex 4.118437153883033 11.960809981331359 0
      vertex 3.9090649788430847 12.030864931133692 0
    endloop
  endfacet
  facet normal -0.3173046564050845 0.9483236552062019 0
    outer loop
      vertex 3.9090649788430847 -12.030864931133692 4.9
      vertex 4.118437153883033 -11.960809981331359 4.9
      vertex 4.118437153883033 -11.960809981331359 0
    endloop
  endfacet
  facet normal 0 0 1
    outer loop
      vertex 3.9090649788430847 -12.030864931133692 4.9
      vertex 14.5 -13.15 4.9
      vertex 4.118437153883033 -11.960809981331359 4.9
    endloop
  endfacet
  facet normal -0.3173046564050845 -0.9483236552062019 0
    outer loop
      vertex 3.9090649788430847 12.030864931133692 0
      vertex 4.118437153883033 11.960809981331359 0
      vertex 4.118437153883033 11.960809981331359 4.9
    endloop
  endfacet
  facet normal -0.3173046564050845 -0.9483236552062019 0
    outer loop
      vertex 3.9090649788430847 12.030864931133692 0
      vertex 4.118437153883033 11.960809981331359 4.9
      vertex 3.9090649788430847 12.030864931133692 4.9
    endloop
  endfacet
  facet normal 0 0 1
    outer loop
      vertex 3.9090649788430847 12.030864931133692 4.9
      vertex 4.118437153883033 11.960809981331359 4.9
      vertex 14.5 13.15 4.9
    endloop
  endfacet
  facet normal -0.33380685923377096 0.9426414910921783 0
    outer loop
      vertex 4.118437153883033 -11.960809981331359 0
      vertex 4.118437153883033 -11.960809981331359 4.9
      vertex 4.326554813069709 -11.887111652941742 0
    endloop
  endfacet
  facet normal 0 0 1
    outer loop
      vertex 4.118437153883033 -11.960809981331359 0
      vertex 4.326554813069709 -11.887111652941742 0
      vertex 4.326554813069709 11.887111652941742 0
    endloop
  endfacet
  facet normal 0 0 1
    outer loop
      vertex 4.118437153883033 -11.960809981331359 0
      vertex 4.326554813069709 11.887111652941742 0
      vertex 4.118437153883033 11.960809981331359 0
    endloop
  endfacet
  facet normal -0.33380685923377096 0.9426414910921783 0
    outer loop
      vertex 4.118437153883033 -11.960809981331359 4.9
      vertex 4.326554813069709 -11.887111652941742 4.9
      vertex 4.326554813069709 -11.887111652941742 0
    endloop
  endfacet
  facet normal 0 0 1
    outer loop
      vertex 4.118437153883033 -11.960809981331359 4.9
      vertex 14.5 -13.15 4.9
      vertex 4.326554813069709 -11.887111652941742 4.9
    endloop
  endfacet
  facet normal -0.33380685923377096 -0.9426414910921783 0
    outer loop
      vertex 4.118437153883033 11.960809981331359 0
      vertex 4.326554813069709 11.887111652941742 0
      vertex 4.326554813069709 11.887111652941742 4.9
    endloop
  endfacet
  facet normal -0.33380685923377096 -0.9426414910921783 0
    outer loop
      vertex 4.118437153883033 11.960809981331359 0
      vertex 4.326554813069709 11.887111652941742 4.9
      vertex 4.118437153883033 11.960809981331359 4.9
    endloop
  endfacet
  facet normal 0 0 1
    outer loop
      vertex 4.118437153883033 11.960809981331359 4.9
      vertex 4.326554813069709 11.887111652941742 4.9
      vertex 14.5 13.15 4.9
    endloop
  endfacet
  facet normal -0.3502073812594742 0.936672189248395 0
    outer loop
      vertex 4.326554813069709 -11.887111652941742 0
      vertex 4.326554813069709 -11.887111652941742 4.9
      vertex 4.533354561748048 -11.809792395189602 0
    endloop
  endfacet
  facet normal 0 0 1
    outer loop
      vertex 4.326554813069709 -11.887111652941742 0
      vertex 4.533354561748048 -11.809792395189602 0
      vertex 4.533354561748048 11.809792395189602 0
    endloop
  endfacet
  facet normal 0 0 1
    outer loop
      vertex 4.326554813069709 -11.887111652941742 0
      vertex 4.533354561748048 11.809792395189602 0
      vertex 4.326554813069709 11.887111652941742 0
    endloop
  endfacet
  facet normal -0.3502073812594742 0.936672189248395 0
    outer loop
      vertex 4.326554813069709 -11.887111652941742 4.9
      vertex 4.533354561748048 -11.809792395189602 4.9
      vertex 4.533354561748048 -11.809792395189602 0
    endloop
  endfacet
  facet normal 0 0 1
    outer loop
      vertex 4.326554813069709 -11.887111652941742 4.9
      vertex 14.5 -13.15 4.9
      vertex 4.533354561748048 -11.809792395189602 4.9
    endloop
  endfacet
  facet normal -0.3502073812594742 -0.936672189248395 0
    outer loop
      vertex 4.326554813069709 11.887111652941742 0
      vertex 4.533354561748048 11.809792395189602 0
      vertex 4.533354561748048 11.809792395189602 4.9
    endloop
  endfacet
  facet normal -0.3502073812594742 -0.936672189248395 0
    outer loop
      vertex 4.326554813069709 11.887111652941742 0
      vertex 4.533354561748048 11.809792395189602 4.9
      vertex 4.326554813069709 11.887111652941742 4.9
    endloop
  endfacet
  facet normal 0 0 1
    outer loop
      vertex 4.326554813069709 11.887111652941742 4.9
      vertex 4.533354561748048 11.809792395189602 4.9
      vertex 14.5 13.15 4.9
    endloop
  endfacet
  facet normal -0.36650122672429175 0.9304175679820267 0
    outer loop
      vertex 4.533354561748048 -11.809792395189602 0
      vertex 4.533354561748048 -11.809792395189602 4.9
      vertex 4.738773406711287 -11.728875760269862 0
    endloop
  endfacet
  facet normal 0 0 1
    outer loop
      vertex 4.533354561748048 -11.809792395189602 0
      vertex 4.738773406711287 -11.728875760269862 0
      vertex 4.738773406711287 11.728875760269862 0
    endloop
  endfacet
  facet normal 0 0 1
    outer loop
      vertex 4.533354561748048 -11.809792395189602 0
      vertex 4.738773406711287 11.728875760269862 0
      vertex 4.533354561748048 11.809792395189602 0
    endloop
  endfacet
  facet normal -0.36650122672429175 0.9304175679820267 0
    outer loop
      vertex 4.533354561748048 -11.809792395189602 4.9
      vertex 4.738773406711287 -11.728875760269862 4.9
      vertex 4.738773406711287 -11.728875760269862 0
    endloop
  endfacet
  facet normal 0 0 1
    outer loop
      vertex 4.533354561748048 -11.809792395189602 4.9
      vertex 14.5 -13.15 4.9
      vertex 4.738773406711287 -11.728875760269862 4.9
    endloop
  endfacet
  facet normal -0.36650122672429175 -0.9304175679820267 0
    outer loop
      vertex 4.533354561748048 11.809792395189602 0
      vertex 4.738773406711287 11.728875760269862 0
      vertex 4.738773406711287 11.728875760269862 4.9
    endloop
  endfacet
  facet normal -0.36650122672429175 -0.9304175679820267 0
    outer loop
      vertex 4.533354561748048 11.809792395189602 0
      vertex 4.738773406711287 11.728875760269862 4.9
      vertex 4.533354561748048 11.809792395189602 4.9
    endloop
  endfacet
  facet normal 0 0 1
    outer loop
      vertex 4.533354561748048 11.809792395189602 4.9
      vertex 4.738773406711287 11.728875760269862 4.9
      vertex 14.5 13.15 4.9
    endloop
  endfacet
  facet normal -0.3826834323650913 0.9238795325112862 0
    outer loop
      vertex 4.738773406711287 -11.728875760269862 0
      vertex 4.738773406711287 -11.728875760269862 4.9
      vertex 4.942748775389314 -11.64438639617337 0
    endloop
  endfacet
  facet normal 0 0 1
    outer loop
      vertex 4.738773406711287 -11.728875760269862 0
      vertex 4.942748775389314 -11.64438639617337 0
      vertex 4.942748775389314 11.64438639617337 0
    endloop
  endfacet
  facet normal 0 0 1
    outer loop
      vertex 4.738773406711287 -11.728875760269862 0
      vertex 4.942748775389314 11.64438639617337 0
      vertex 4.738773406711287 11.728875760269862 0
    endloop
  endfacet
  facet normal -0.3826834323650913 0.9238795325112862 0
    outer loop
      vertex 4.738773406711287 -11.728875760269862 4.9
      vertex 4.942748775389314 -11.64438639617337 4.9
      vertex 4.942748775389314 -11.64438639617337 0
    endloop
  endfacet
  facet normal 0 0 1
    outer loop
      vertex 4.738773406711287 -11.728875760269862 4.9
      vertex 14.5 -13.15 4.9
      vertex 4.942748775389314 -11.64438639617337 4.9
    endloop
  endfacet
  facet normal -0.3826834323650913 -0.9238795325112862 0
    outer loop
      vertex 4.738773406711287 11.728875760269862 0
      vertex 4.942748775389314 11.64438639617337 0
      vertex 4.942748775389314 11.64438639617337 4.9
    endloop
  endfacet
  facet normal -0.3826834323650913 -0.9238795325112862 0
    outer loop
      vertex 4.738773406711287 11.728875760269862 0
      vertex 4.942748775389314 11.64438639617337 4.9
      vertex 4.738773406711287 11.728875760269862 4.9
    endloop
  endfacet
  facet normal 0 0 1
    outer loop
      vertex 4.738773406711287 11.728875760269862 4.9
      vertex 4.942748775389314 11.64438639617337 4.9
      vertex 14.5 13.15 4.9
    endloop
  endfacet
  facet normal -0.39874906892524575 0.9170600743851243 0
    outer loop
      vertex 4.942748775389314 -11.64438639617337 0
      vertex 4.942748775389314 -11.64438639617337 4.9
      vertex 5.145218534908873 -11.556350039178902 0
    endloop
  endfacet
  facet normal 0 0 1
    outer loop
      vertex 4.942748775389314 -11.64438639617337 0
      vertex 5.145218534908873 -11.556350039178902 0
      vertex 5.145218534908873 11.556350039178902 0
    endloop
  endfacet
  facet normal 0 0 1
    outer loop
      vertex 4.942748775389314 -11.64438639617337 0
      vertex 5.145218534908873 11.556350039178902 0
      vertex 4.942748775389314 11.64438639617337 0
    endloop
  endfacet
  facet normal -0.39874906892524575 0.9170600743851243 0
    outer loop
      vertex 4.942748775389314 -11.64438639617337 4.9
      vertex 5.145218534908873 -11.556350039178902 4.9
      vertex 5.145218534908873 -11.556350039178902 0
    endloop
  endfacet
  facet normal 0 0 1
    outer loop
      vertex 4.942748775389314 -11.64438639617337 4.9
      vertex 14.5 -13.15 4.9
      vertex 5.145218534908873 -11.556350039178902 4.9
    endloop
  endfacet
  facet normal -0.39874906892524575 -0.9170600743851243 0
    outer loop
      vertex 4.942748775389314 11.64438639617337 0
      vertex 5.145218534908873 11.556350039178902 0
      vertex 5.145218534908873 11.556350039178902 4.9
    endloop
  endfacet
  facet normal -0.39874906892524575 -0.9170600743851243 0
    outer loop
      vertex 4.942748775389314 11.64438639617337 0
      vertex 5.145218534908873 11.556350039178902 4.9
      vertex 4.942748775389314 11.64438639617337 4.9
    endloop
  endfacet
  facet normal 0 0 1
    outer loop
      vertex 4.942748775389314 11.64438639617337 4.9
      vertex 5.145218534908873 11.556350039178902 4.9
      vertex 14.5 13.15 4.9
    endloop
  endfacet
  facet normal -0.41469324265623975 0.909961270876543 0
    outer loop
      vertex 5.145218534908873 -11.556350039178902 0
      vertex 5.145218534908873 -11.556350039178902 4.9
      vertex 5.346121011019848 -11.464793506013622 0
    endloop
  endfacet
  facet normal 0 0 1
    outer loop
      vertex 5.145218534908873 -11.556350039178902 0
      vertex 5.346121011019848 -11.464793506013622 0
      vertex 5.346121011019848 11.464793506013622 0
    endloop
  endfacet
  facet normal 0 0 1
    outer loop
      vertex 5.145218534908873 -11.556350039178902 0
      vertex 5.346121011019848 11.464793506013622 0
      vertex 5.145218534908873 11.556350039178902 0
    endloop
  endfacet
  facet normal -0.41469324265623975 0.909961270876543 0
    outer loop
      vertex 5.145218534908873 -11.556350039178902 4.9
      vertex 5.346121011019848 -11.464793506013622 4.9
      vertex 5.346121011019848 -11.464793506013622 0
    endloop
  endfacet
  facet normal 0 0 1
    outer loop
      vertex 5.145218534908873 -11.556350039178902 4.9
      vertex 14.5 -13.15 4.9
      vertex 5.346121011019848 -11.464793506013622 4.9
    endloop
  endfacet
  facet normal -0.41469324265623975 -0.909961270876543 0
    outer loop
      vertex 5.145218534908873 11.556350039178902 0
      vertex 5.346121011019848 11.464793506013622 0
      vertex 5.346121011019848 11.464793506013622 4.9
    endloop
  endfacet
  facet normal -0.41469324265623975 -0.909961270876543 0
    outer loop
      vertex 5.145218534908873 11.556350039178902 0
      vertex 5.346121011019848 11.464793506013622 4.9
      vertex 5.145218534908873 11.556350039178902 4.9
    endloop
  endfacet
  facet normal 0 0 1
    outer loop
      vertex 5.145218534908873 11.556350039178902 4.9
      vertex 5.346121011019848 11.464793506013622 4.9
      vertex 14.5 13.15 4.9
    endloop
  endfacet
  facet normal -0.43051109680829547 0.9025852843498604 0
    outer loop
      vertex 5.346121011019848 -11.464793506013622 0
      vertex 5.346121011019848 -11.464793506013622 4.9
      vertex 5.545395006881829 -11.369744685684463 0
    endloop
  endfacet
  facet normal 0 0 1
    outer loop
      vertex 5.346121011019848 -11.464793506013622 0
      vertex 5.545395006881829 -11.369744685684463 0
      vertex 5.545395006881829 11.369744685684463 0
    endloop
  endfacet
  facet normal 0 0 1
    outer loop
      vertex 5.346121011019848 -11.464793506013622 0
      vertex 5.545395006881829 11.369744685684463 0
      vertex 5.346121011019848 11.464793506013622 0
    endloop
  endfacet
  facet normal -0.43051109680829547 0.9025852843498604 0
    outer loop
      vertex 5.346121011019848 -11.464793506013622 4.9
      vertex 5.545395006881829 -11.369744685684463 4.9
      vertex 5.545395006881829 -11.369744685684463 0
    endloop
  endfacet
  facet normal 0 0 1
    outer loop
      vertex 5.346121011019848 -11.464793506013622 4.9
      vertex 14.5 -13.15 4.9
      vertex 5.545395006881829 -11.369744685684463 4.9
    endloop
  endfacet
  facet normal -0.43051109680829547 -0.9025852843498604 0
    outer loop
      vertex 5.346121011019848 11.464793506013622 0
      vertex 5.545395006881829 11.369744685684463 0
      vertex 5.545395006881829 11.369744685684463 4.9
    endloop
  endfacet
  facet normal -0.43051109680829547 -0.9025852843498604 0
    outer loop
      vertex 5.346121011019848 11.464793506013622 0
      vertex 5.545395006881829 11.369744685684463 4.9
      vertex 5.346121011019848 11.464793506013622 4.9
    endloop
  endfacet
  facet normal 0 0 1
    outer loop
      vertex 5.346121011019848 11.464793506013622 4.9
      vertex 5.545395006881829 11.369744685684463 4.9
      vertex 14.5 13.15 4.9
    endloop
  endfacet
  facet normal -0.44619781310981044 0.8949343616020242 0
    outer loop
      vertex 5.545395006881829 -11.369744685684463 0
      vertex 5.545395006881829 -11.369744685684463 4.9
      vertex 5.7429798217052666 -11.271232530982854 0
    endloop
  endfacet
  facet normal 0 0 1
    outer loop
      vertex 5.545395006881829 -11.369744685684463 0
      vertex 5.7429798217052666 -11.271232530982854 0
      vertex 5.7429798217052666 11.271232530982854 0
    endloop
  endfacet
  facet normal 0 0 1
    outer loop
      vertex 5.545395006881829 -11.369744685684463 0
      vertex 5.7429798217052666 11.271232530982854 0
      vertex 5.545395006881829 11.369744685684463 0
    endloop
  endfacet
  facet normal -0.44619781310981044 0.8949343616020242 0
    outer loop
      vertex 5.545395006881829 -11.369744685684463 4.9
      vertex 5.7429798217052666 -11.271232530982854 4.9
      vertex 5.7429798217052666 -11.271232530982854 0
    endloop
  endfacet
  facet normal 0 0 1
    outer loop
      vertex 5.545395006881829 -11.369744685684463 4.9
      vertex 14.5 -13.15 4.9
      vertex 5.7429798217052666 -11.271232530982854 4.9
    endloop
  endfacet
  facet normal -0.44619781310981044 -0.8949343616020242 0
    outer loop
      vertex 5.545395006881829 11.369744685684463 0
      vertex 5.7429798217052666 11.271232530982854 0
      vertex 5.7429798217052666 11.271232530982854 4.9
    endloop
  endfacet
  facet normal -0.44619781310981044 -0.8949343616020242 0
    outer loop
      vertex 5.545395006881829 11.369744685684463 0
      vertex 5.7429798217052666 11.271232530982854 4.9
      vertex 5.545395006881829 11.369744685684463 4.9
    endloop
  endfacet
  facet normal 0 0 1
    outer loop
      vertex 5.545395006881829 11.369744685684463 4.9
      vertex 5.7429798217052666 11.271232530982854 4.9
      vertex 14.5 13.15 4.9
    endloop
  endfacet
  facet normal -0.4617486132350315 0.8870108331782229 0
    outer loop
      vertex 5.7429798217052666 -11.271232530982854 0
      vertex 5.7429798217052666 -11.271232530982854 4.9
      vertex 5.938815269241519 -11.169287049665426 0
    endloop
  endfacet
  facet normal 0 0 1
    outer loop
      vertex 5.7429798217052666 -11.271232530982854 0
      vertex 5.938815269241519 -11.169287049665426 0
      vertex 5.938815269241519 11.169287049665426 0
    endloop
  endfacet
  facet normal 0 0 1
    outer loop
      vertex 5.7429798217052666 -11.271232530982854 0
      vertex 5.938815269241519 11.169287049665426 0
      vertex 5.7429798217052666 11.271232530982854 0
    endloop
  endfacet
  facet normal -0.4617486132350315 0.8870108331782229 0
    outer loop
      vertex 5.7429798217052666 -11.271232530982854 4.9
      vertex 5.938815269241519 -11.169287049665426 4.9
      vertex 5.938815269241519 -11.169287049665426 0
    endloop
  endfacet
  facet normal 0 0 1
    outer loop
      vertex 5.7429798217052666 -11.271232530982854 4.9
      vertex 14.5 -13.15 4.9
      vertex 5.938815269241519 -11.169287049665426 4.9
    endloop
  endfacet
  facet normal -0.4617486132350315 -0.8870108331782229 0
    outer loop
      vertex 5.7429798217052666 11.271232530982854 0
      vertex 5.938815269241519 11.169287049665426 0
      vertex 5.938815269241519 11.169287049665426 4.9
    endloop
  endfacet
  facet normal -0.4617486132350315 -0.8870108331782229 0
    outer loop
      vertex 5.7429798217052666 11.271232530982854 0
      vertex 5.938815269241519 11.169287049665426 4.9
      vertex 5.7429798217052666 11.271232530982854 4.9
    endloop
  endfacet
  facet normal 0 0 1
    outer loop
      vertex 5.7429798217052666 11.271232530982854 4.9
      vertex 5.938815269241519 11.169287049665426 4.9
      vertex 14.5 13.15 4.9
    endloop
  endfacet
  facet normal -0.47715876025960835 0.8788171126619653 0
    outer loop
      vertex 5.938815269241519 -11.169287049665426 0
      vertex 5.938815269241519 -11.169287049665426 4.9
      vertex 6.132841696116164 -11.063939295313357 0
    endloop
  endfacet
  facet normal 0 0 1
    outer loop
      vertex 5.938815269241519 -11.169287049665426 0
      vertex 6.132841696116164 -11.063939295313357 0
      vertex 6.132841696116164 11.063939295313357 0
    endloop
  endfacet
  facet normal 0 0 1
    outer loop
      vertex 5.938815269241519 -11.169287049665426 0
      vertex 6.132841696116164 11.063939295313357 0
      vertex 5.938815269241519 11.169287049665426 0
    endloop
  endfacet
  facet normal -0.47715876025960835 0.8788171126619653 0
    outer loop
      vertex 5.938815269241519 -11.169287049665426 4.9
      vertex 6.132841696116164 -11.063939295313357 4.9
      vertex 6.132841696116164 -11.063939295313357 0
    endloop
  endfacet
  facet normal 0 0 1
    outer loop
      vertex 5.938815269241519 -11.169287049665426 4.9
      vertex 14.5 -13.15 4.9
      vertex 6.132841696116164 -11.063939295313357 4.9
    endloop
  endfacet
  facet normal -0.47715876025960835 -0.8788171126619653 0
    outer loop
      vertex 5.938815269241519 11.169287049665426 0
      vertex 6.132841696116164 11.063939295313357 0
      vertex 6.132841696116164 11.063939295313357 4.9
    endloop
  endfacet
  facet normal -0.47715876025960835 -0.8788171126619653 0
    outer loop
      vertex 5.938815269241519 11.169287049665426 0
      vertex 6.132841696116164 11.063939295313357 4.9
      vertex 5.938815269241519 11.169287049665426 4.9
    endloop
  endfacet
  facet normal 0 0 1
    outer loop
      vertex 5.938815269241519 11.169287049665426 4.9
      vertex 6.132841696116164 11.063939295313357 4.9
      vertex 14.5 13.15 4.9
    endloop
  endfacet
  facet normal -0.49242356010347244 0.8703556959398967 0
    outer loop
      vertex 6.132841696116164 -11.063939295313357 0
      vertex 6.132841696116164 -11.063939295313357 4.9
      vertex 6.325 -10.955221357873148 0
    endloop
  endfacet
  facet normal 0 0 1
    outer loop
      vertex 6.132841696116164 -11.063939295313357 0
      vertex 6.325 -10.955221357873148 0
      vertex 6.325 10.955221357873148 0
    endloop
  endfacet
  facet normal 0 0 1
    outer loop
      vertex 6.132841696116164 -11.063939295313357 0
      vertex 6.325 10.955221357873148 0
      vertex 6.132841696116164 11.063939295313357 0
    endloop
  endfacet
  facet normal -0.49242356010347244 0.8703556959398967 0
    outer loop
      vertex 6.132841696116164 -11.063939295313357 4.9
      vertex 6.325 -10.955221357873148 4.9
      vertex 6.325 -10.955221357873148 0
    endloop
  endfacet
  facet normal 0 0 1
    outer loop
      vertex 6.132841696116164 -11.063939295313357 4.9
      vertex 14.5 -13.15 4.9
      vertex 6.325 -10.955221357873148 4.9
    endloop
  endfacet
  facet normal -0.49242356010347244 -0.8703556959398967 0
    outer loop
      vertex 6.132841696116164 11.063939295313357 0
      vertex 6.325 10.955221357873148 0
      vertex 6.325 10.955221357873148 4.9
    endloop
  endfacet
  facet normal -0.49242356010347244 -0.8703556959398967 0
    outer loop
      vertex 6.132841696116164 11.063939295313357 0
      vertex 6.325 10.955221357873148 4.9
      vertex 6.132841696116164 11.063939295313357 4.9
    endloop
  endfacet
  facet normal 0 0 1
    outer loop
      vertex 6.132841696116164 11.063939295313357 4.9
      vertex 6.325 10.955221357873148 4.9
      vertex 14.5 13.15 4.9
    endloop
  endfacet
  facet normal -0.5075383629607022 0.8616291604415268 0
    outer loop
      vertex 6.325 -10.955221357873148 0
      vertex 6.325 -10.955221357873148 4.9
      vertex 6.515231647612185 -10.84316635388172 0
    endloop
  endfacet
  facet normal 0 0 1
    outer loop
      vertex 6.325 -10.955221357873148 0
      vertex 6.515231647612185 -10.84316635388172 0
      vertex 6.515231647612185 10.84316635388172 0
    endloop
  endfacet
  facet normal 0 0 1
    outer loop
      vertex 6.325 -10.955221357873148 0
      vertex 6.515231647612185 10.84316635388172 0
      vertex 6.325 10.955221357873148 0
    endloop
  endfacet
  facet normal -0.5075383629607022 0.8616291604415268 0
    outer loop
      vertex 6.325 -10.955221357873148 4.9
      vertex 6.515231647612185 -10.84316635388172 4.9
      vertex 6.515231647612185 -10.84316635388172 0
    endloop
  endfacet
  facet normal 0 0 1
    outer loop
      vertex 6.325 -10.955221357873148 4.9
      vertex 14.5 -13.15 4.9
      vertex 6.515231647612185 -10.84316635388172 4.9
    endloop
  endfacet
  facet normal -0.5075383629607022 -0.8616291604415268 0
    outer loop
      vertex 6.325 10.955221357873148 0
      vertex 6.515231647612185 10.84316635388172 0
      vertex 6.515231647612185 10.84316635388172 4.9
    endloop
  endfacet
  facet normal -0.5075383629607022 -0.8616291604415268 0
    outer loop
      vertex 6.325 10.955221357873148 0
      vertex 6.515231647612185 10.84316635388172 4.9
      vertex 6.325 10.955221357873148 4.9
    endloop
  endfacet
  facet normal 0 0 1
    outer loop
      vertex 6.325 10.955221357873148 4.9
      vertex 6.515231647612185 10.84316635388172 4.9
      vertex 14.5 13.15 4.9
    endloop
  endfacet
  facet normal -0.5224985647159486 0.8526401643540922 0
    outer loop
      vertex 6.515231647612185 -10.84316635388172 0
      vertex 6.515231647612185 -10.84316635388172 4.9
      vertex 6.703478692550042 -10.727808416378789 0
    endloop
  endfacet
  facet normal 0 0 1
    outer loop
      vertex 6.515231647612185 -10.84316635388172 0
      vertex 6.703478692550042 -10.727808416378789 0
      vertex 6.703478692550042 10.727808416378789 0
    endloop
  endfacet
  facet normal 0 0 1
    outer loop
      vertex 6.515231647612185 -10.84316635388172 0
      vertex 6.703478692550042 10.727808416378789 0
      vertex 6.515231647612185 10.84316635388172 0
    endloop
  endfacet
  facet normal -0.5224985647159486 0.8526401643540922 0
    outer loop
      vertex 6.515231647612185 -10.84316635388172 4.9
      vertex 6.703478692550042 -10.727808416378789 4.9
      vertex 6.703478692550042 -10.727808416378789 0
    endloop
  endfacet
  facet normal 0 0 1
    outer loop
      vertex 6.515231647612185 -10.84316635388172 4.9
      vertex 14.5 -13.15 4.9
      vertex 6.703478692550042 -10.727808416378789 4.9
    endloop
  endfacet
  facet normal -0.5224985647159486 -0.8526401643540922 0
    outer loop
      vertex 6.515231647612185 10.84316635388172 0
      vertex 6.703478692550042 10.727808416378789 0
      vertex 6.703478692550042 10.727808416378789 4.9
    endloop
  endfacet
  facet normal -0.5224985647159486 -0.8526401643540922 0
    outer loop
      vertex 6.515231647612185 10.84316635388172 0
      vertex 6.703478692550042 10.727808416378789 4.9
      vertex 6.515231647612185 10.84316635388172 4.9
    endloop
  endfacet
  facet normal 0 0 1
    outer loop
      vertex 6.515231647612185 10.84316635388172 4.9
      vertex 6.703478692550042 10.727808416378789 4.9
      vertex 14.5 13.15 4.9
    endloop
  endfacet
  facet normal -0.5372996083468221 0.8433914458128867 0
    outer loop
      vertex 6.703478692550042 -10.727808416378789 0
      vertex 6.703478692550042 -10.727808416378789 4.9
      vertex 6.889683792940093 -10.609182684509614 0
    endloop
  endfacet
  facet normal 0 0 1
    outer loop
      vertex 6.703478692550042 -10.727808416378789 0
      vertex 6.889683792940093 -10.609182684509614 0
      vertex 6.889683792940093 10.609182684509614 0
    endloop
  endfacet
  facet normal 0 0 1
    outer loop
      vertex 6.703478692550042 -10.727808416378789 0
      vertex 6.889683792940093 10.609182684509614 0
      vertex 6.703478692550042 10.727808416378789 0
    endloop
  endfacet
  facet normal -0.5372996083468221 0.8433914458128867 0
    outer loop
      vertex 6.703478692550042 -10.727808416378789 4.9
      vertex 6.889683792940093 -10.609182684509614 4.9
      vertex 6.889683792940093 -10.609182684509614 0
    endloop
  endfacet
  facet normal 0 0 1
    outer loop
      vertex 6.703478692550042 -10.727808416378789 4.9
      vertex 14.5 -13.15 4.9
      vertex 6.889683792940093 -10.609182684509614 4.9
    endloop
  endfacet
  facet normal -0.5372996083468221 -0.8433914458128867 0
    outer loop
      vertex 6.703478692550042 10.727808416378789 0
      vertex 6.889683792940093 10.609182684509614 0
      vertex 6.889683792940093 10.609182684509614 4.9
    endloop
  endfacet
  facet normal -0.5372996083468221 -0.8433914458128867 0
    outer loop
      vertex 6.703478692550042 10.727808416378789 0
      vertex 6.889683792940093 10.609182684509614 4.9
      vertex 6.703478692550042 10.727808416378789 4.9
    endloop
  endfacet
  facet normal 0 0 1
    outer loop
      vertex 6.703478692550042 10.727808416378789 4.9
      vertex 6.889683792940093 10.609182684509614 4.9
      vertex 14.5 13.15 4.9
    endloop
  endfacet
  facet normal -0.5519369853120594 0.8338858220671674 0
    outer loop
      vertex 6.889683792940093 -10.609182684509614 0
      vertex 6.889683792940093 -10.609182684509614 4.9
      vertex 7.073790228904948 -10.487325292821277 0
    endloop
  endfacet
  facet normal 0 0 1
    outer loop
      vertex 6.889683792940093 -10.609182684509614 0
      vertex 7.073790228904948 -10.487325292821277 0
      vertex 7.073790228904948 10.487325292821277 0
    endloop
  endfacet
  facet normal 0 0 1
    outer loop
      vertex 6.889683792940093 -10.609182684509614 0
      vertex 7.073790228904948 10.487325292821277 0
      vertex 6.889683792940093 10.609182684509614 0
    endloop
  endfacet
  facet normal -0.5519369853120594 0.8338858220671674 0
    outer loop
      vertex 6.889683792940093 -10.609182684509614 4.9
      vertex 7.073790228904948 -10.487325292821277 4.9
      vertex 7.073790228904948 -10.487325292821277 0
    endloop
  endfacet
  facet normal 0 0 1
    outer loop
      vertex 6.889683792940093 -10.609182684509614 4.9
      vertex 14.5 -13.15 4.9
      vertex 7.073790228904948 -10.487325292821277 4.9
    endloop
  endfacet
  facet normal -0.5519369853120594 -0.8338858220671674 0
    outer loop
      vertex 6.889683792940093 10.609182684509614 0
      vertex 7.073790228904948 10.487325292821277 0
      vertex 7.073790228904948 10.487325292821277 4.9
    endloop
  endfacet
  facet normal -0.5519369853120594 -0.8338858220671674 0
    outer loop
      vertex 6.889683792940093 10.609182684509614 0
      vertex 7.073790228904948 10.487325292821277 4.9
      vertex 6.889683792940093 10.609182684509614 4.9
    endloop
  endfacet
  facet normal 0 0 1
    outer loop
      vertex 6.889683792940093 10.609182684509614 4.9
      vertex 7.073790228904948 10.487325292821277 4.9
      vertex 14.5 13.15 4.9
    endloop
  endfacet
  facet normal -0.56640623692483 0.8241261886220177 0
    outer loop
      vertex 7.073790228904948 -10.487325292821277 0
      vertex 7.073790228904948 -10.487325292821277 4.9
      vertex 7.255741919840733 -10.362273360255747 0
    endloop
  endfacet
  facet normal 0 0 1
    outer loop
      vertex 7.073790228904948 -10.487325292821277 0
      vertex 7.255741919840733 -10.362273360255747 0
      vertex 7.255741919840733 10.362273360255747 0
    endloop
  endfacet
  facet normal 0 0 1
    outer loop
      vertex 7.073790228904948 -10.487325292821277 0
      vertex 7.255741919840733 10.362273360255747 0
      vertex 7.073790228904948 10.487325292821277 0
    endloop
  endfacet
  facet normal -0.56640623692483 0.8241261886220177 0
    outer loop
      vertex 7.073790228904948 -10.487325292821277 4.9
      vertex 7.255741919840733 -10.362273360255747 4.9
      vertex 7.255741919840733 -10.362273360255747 0
    endloop
  endfacet
  facet normal 0 0 1
    outer loop
      vertex 7.073790228904948 -10.487325292821277 4.9
      vertex 14.5 -13.15 4.9
      vertex 7.255741919840733 -10.362273360255747 4.9
    endloop
  endfacet
  facet normal -0.56640623692483 -0.8241261886220177 0
    outer loop
      vertex 7.073790228904948 10.487325292821277 0
      vertex 7.255741919840733 10.362273360255747 0
      vertex 7.255741919840733 10.362273360255747 4.9
    endloop
  endfacet
  facet normal -0.56640623692483 -0.8241261886220177 0
    outer loop
      vertex 7.073790228904948 10.487325292821277 0
      vertex 7.255741919840733 10.362273360255747 4.9
      vertex 7.073790228904948 10.487325292821277 4.9
    endloop
  endfacet
  facet normal 0 0 1
    outer loop
      vertex 7.073790228904948 10.487325292821277 4.9
      vertex 7.255741919840733 10.362273360255747 4.9
      vertex 14.5 13.15 4.9
    endloop
  endfacet
  facet normal -0.580702955710941 0.8141155183563183 0
    outer loop
      vertex 7.255741919840733 -10.362273360255747 0
      vertex 7.255741919840733 -10.362273360255747 4.9
      vertex 7.435483441499786 -10.234064978843085 0
    endloop
  endfacet
  facet normal 0 0 1
    outer loop
      vertex 7.255741919840733 -10.362273360255747 0
      vertex 7.435483441499786 -10.234064978843085 0
      vertex 7.435483441499786 10.234064978843085 0
    endloop
  endfacet
  facet normal 0 0 1
    outer loop
      vertex 7.255741919840733 -10.362273360255747 0
      vertex 7.435483441499786 10.234064978843085 0
      vertex 7.255741919840733 10.362273360255747 0
    endloop
  endfacet
  facet normal -0.580702955710941 0.8141155183563183 0
    outer loop
      vertex 7.255741919840733 -10.362273360255747 4.9
      vertex 7.435483441499786 -10.234064978843085 4.9
      vertex 7.435483441499786 -10.234064978843085 0
    endloop
  endfacet
  facet normal 0 0 1
    outer loop
      vertex 7.255741919840733 -10.362273360255747 4.9
      vertex 14.5 -13.15 4.9
      vertex 7.435483441499786 -10.234064978843085 4.9
    endloop
  endfacet
  facet normal -0.580702955710941 -0.8141155183563183 0
    outer loop
      vertex 7.255741919840733 10.362273360255747 0
      vertex 7.435483441499786 10.234064978843085 0
      vertex 7.435483441499786 10.234064978843085 4.9
    endloop
  endfacet
  facet normal -0.580702955710941 -0.8141155183563183 0
    outer loop
      vertex 7.255741919840733 10.362273360255747 0
      vertex 7.435483441499786 10.234064978843085 4.9
      vertex 7.255741919840733 10.362273360255747 4.9
    endloop
  endfacet
  facet normal 0 0 1
    outer loop
      vertex 7.255741919840733 10.362273360255747 4.9
      vertex 7.435483441499786 10.234064978843085 4.9
      vertex 14.5 13.15 4.9
    endloop
  endfacet
  facet normal -0.594822786751343 0.8038568606172162 0
    outer loop
      vertex 7.435483441499786 -10.234064978843085 0
      vertex 7.435483441499786 -10.234064978843085 4.9
      vertex 7.612960042873411 -10.102739202098254 0
    endloop
  endfacet
  facet normal 0 0 1
    outer loop
      vertex 7.435483441499786 -10.234064978843085 0
      vertex 7.612960042873411 -10.102739202098254 0
      vertex 7.612960042873411 10.102739202098254 0
    endloop
  endfacet
  facet normal 0 0 1
    outer loop
      vertex 7.435483441499786 -10.234064978843085 0
      vertex 7.612960042873411 10.102739202098254 0
      vertex 7.435483441499786 10.234064978843085 0
    endloop
  endfacet
  facet normal -0.594822786751343 0.8038568606172162 0
    outer loop
      vertex 7.435483441499786 -10.234064978843085 4.9
      vertex 7.612960042873411 -10.102739202098254 4.9
      vertex 7.612960042873411 -10.102739202098254 0
    endloop
  endfacet
  facet normal 0 0 1
    outer loop
      vertex 7.435483441499786 -10.234064978843085 4.9
      vertex 14.5 -13.15 4.9
      vertex 7.612960042873411 -10.102739202098254 4.9
    endloop
  endfacet
  facet normal -0.594822786751343 -0.8038568606172162 0
    outer loop
      vertex 7.435483441499786 10.234064978843085 0
      vertex 7.612960042873411 10.102739202098254 0
      vertex 7.612960042873411 10.102739202098254 4.9
    endloop
  endfacet
  facet normal -0.594822786751343 -0.8038568606172162 0
    outer loop
      vertex 7.435483441499786 10.234064978843085 0
      vertex 7.612960042873411 10.102739202098254 4.9
      vertex 7.435483441499786 10.234064978843085 4.9
    endloop
  endfacet
  facet normal 0 0 1
    outer loop
      vertex 7.435483441499786 10.234064978843085 4.9
      vertex 7.612960042873411 10.102739202098254 4.9
      vertex 14.5 13.15 4.9
    endloop
  endfacet
  facet normal -0.6087614290087202 0.7933533402912354 0
    outer loop
      vertex 7.612960042873411 -10.102739202098254 0
      vertex 7.612960042873411 -10.102739202098254 4.9
      vertex 7.788117662869578 -9.968336033125032 0
    endloop
  endfacet
  facet normal 0 0 1
    outer loop
      vertex 7.612960042873411 -10.102739202098254 0
      vertex 7.788117662869578 -9.968336033125032 0
      vertex 7.788117662869578 9.968336033125032 0
    endloop
  endfacet
  facet normal 0 0 1
    outer loop
      vertex 7.612960042873411 -10.102739202098254 0
      vertex 7.788117662869578 9.968336033125032 0
      vertex 7.612960042873411 10.102739202098254 0
    endloop
  endfacet
  facet normal -0.6087614290087202 0.7933533402912354 0
    outer loop
      vertex 7.612960042873411 -10.102739202098254 4.9
      vertex 7.788117662869578 -9.968336033125032 4.9
      vertex 7.788117662869578 -9.968336033125032 0
    endloop
  endfacet
  facet normal 0 0 1
    outer loop
      vertex 7.612960042873411 -10.102739202098254 4.9
      vertex 14.5 -13.15 4.9
      vertex 7.788117662869578 -9.968336033125032 4.9
    endloop
  endfacet
  facet normal -0.6087614290087202 -0.7933533402912354 0
    outer loop
      vertex 7.612960042873411 10.102739202098254 0
      vertex 7.788117662869578 9.968336033125032 0
      vertex 7.788117662869578 9.968336033125032 4.9
    endloop
  endfacet
  facet normal -0.6087614290087202 -0.7933533402912354 0
    outer loop
      vertex 7.612960042873411 10.102739202098254 0
      vertex 7.788117662869578 9.968336033125032 4.9
      vertex 7.612960042873411 10.102739202098254 4.9
    endloop
  endfacet
  facet normal 0 0 1
    outer loop
      vertex 7.612960042873411 10.102739202098254 4.9
      vertex 7.788117662869578 9.968336033125032 4.9
      vertex 14.5 13.15 4.9
    endloop
  endfacet
  facet normal -0.6225146366376177 0.7826081568524154 0
    outer loop
      vertex 7.788117662869578 -9.968336033125032 0
      vertex 7.788117662869578 -9.968336033125032 4.9
      vertex 7.960902946780443 -9.830896412430683 0
    endloop
  endfacet
  facet normal 0 0 1
    outer loop
      vertex 7.788117662869578 -9.968336033125032 0
      vertex 7.960902946780443 -9.830896412430683 0
      vertex 7.960902946780443 9.830896412430683 0
    endloop
  endfacet
  facet normal 0 0 1
    outer loop
      vertex 7.788117662869578 -9.968336033125032 0
      vertex 7.960902946780443 9.830896412430683 0
      vertex 7.788117662869578 9.968336033125032 0
    endloop
  endfacet
  facet normal -0.6225146366376177 0.7826081568524154 0
    outer loop
      vertex 7.788117662869578 -9.968336033125032 4.9
      vertex 7.960902946780443 -9.830896412430683 4.9
      vertex 7.960902946780443 -9.830896412430683 0
    endloop
  endfacet
  facet normal 0 0 1
    outer loop
      vertex 7.788117662869578 -9.968336033125032 4.9
      vertex 14.5 -13.15 4.9
      vertex 7.960902946780443 -9.830896412430683 4.9
    endloop
  endfacet
  facet normal -0.6225146366376177 -0.7826081568524154 0
    outer loop
      vertex 7.788117662869578 9.968336033125032 0
      vertex 7.960902946780443 9.830896412430683 0
      vertex 7.960902946780443 9.830896412430683 4.9
    endloop
  endfacet
  facet normal -0.6225146366376177 -0.7826081568524154 0
    outer loop
      vertex 7.788117662869578 9.968336033125032 0
      vertex 7.960902946780443 9.830896412430683 4.9
      vertex 7.788117662869578 9.968336033125032 4.9
    endloop
  endfacet
  facet normal 0 0 1
    outer loop
      vertex 7.788117662869578 9.968336033125032 4.9
      vertex 7.960902946780443 9.830896412430683 4.9
      vertex 14.5 13.15 4.9
    endloop
  endfacet
  facet normal -0.6360782202777683 0.7716245833877163 0
    outer loop
      vertex 7.960902946780443 -9.830896412430683 0
      vertex 7.960902946780443 -9.830896412430683 4.9
      vertex 8.131263262534722 -9.690462205455072 0
    endloop
  endfacet
  facet normal 0 0 1
    outer loop
      vertex 7.960902946780443 -9.830896412430683 0
      vertex 8.131263262534722 -9.690462205455072 0
      vertex 8.131263262534722 9.690462205455072 0
    endloop
  endfacet
  facet normal 0 0 1
    outer loop
      vertex 7.960902946780443 -9.830896412430683 0
      vertex 8.131263262534722 9.690462205455072 0
      vertex 7.960902946780443 9.830896412430683 0
    endloop
  endfacet
  facet normal -0.6360782202777683 0.7716245833877163 0
    outer loop
      vertex 7.960902946780443 -9.830896412430683 4.9
      vertex 8.131263262534722 -9.690462205455072 4.9
      vertex 8.131263262534722 -9.690462205455072 0
    endloop
  endfacet
  facet normal 0 0 1
    outer loop
      vertex 7.960902946780443 -9.830896412430683 4.9
      vertex 14.5 -13.15 4.9
      vertex 8.131263262534722 -9.690462205455072 4.9
    endloop
  endfacet
  facet normal -0.6360782202777683 -0.7716245833877163 0
    outer loop
      vertex 7.960902946780443 9.830896412430683 0
      vertex 8.131263262534722 9.690462205455072 0
      vertex 8.131263262534722 9.690462205455072 4.9
    endloop
  endfacet
  facet normal -0.6360782202777683 -0.7716245833877163 0
    outer loop
      vertex 7.960902946780443 9.830896412430683 0
      vertex 8.131263262534722 9.690462205455072 4.9
      vertex 7.960902946780443 9.830896412430683 4.9
    endloop
  endfacet
  facet normal 0 0 1
    outer loop
      vertex 7.960902946780443 9.830896412430683 4.9
      vertex 8.131263262534722 9.690462205455072 4.9
      vertex 14.5 13.15 4.9
    endloop
  endfacet
  facet normal -0.6494480483301818 0.7604059656000326 0
    outer loop
      vertex 8.131263262534722 -9.690462205455072 0
      vertex 8.131263262534722 -9.690462205455072 4.9
      vertex 8.299146716729917 -9.547076189818066 0
    endloop
  endfacet
  facet normal 0 0 1
    outer loop
      vertex 8.131263262534722 -9.690462205455072 0
      vertex 8.299146716729917 -9.547076189818066 0
      vertex 8.299146716729917 9.547076189818066 0
    endloop
  endfacet
  facet normal 0 0 1
    outer loop
      vertex 8.131263262534722 -9.690462205455072 0
      vertex 8.299146716729917 9.547076189818066 0
      vertex 8.131263262534722 9.690462205455072 0
    endloop
  endfacet
  facet normal -0.6494480483301818 0.7604059656000326 0
    outer loop
      vertex 8.131263262534722 -9.690462205455072 4.9
      vertex 8.299146716729917 -9.547076189818066 4.9
      vertex 8.299146716729917 -9.547076189818066 0
    endloop
  endfacet
  facet normal 0 0 1
    outer loop
      vertex 8.131263262534722 -9.690462205455072 4.9
      vertex 14.5 -13.15 4.9
      vertex 8.299146716729917 -9.547076189818066 4.9
    endloop
  endfacet
  facet normal -0.6494480483301818 -0.7604059656000326 0
    outer loop
      vertex 8.131263262534722 9.690462205455072 0
      vertex 8.299146716729917 9.547076189818066 0
      vertex 8.299146716729917 9.547076189818066 4.9
    endloop
  endfacet
  facet normal -0.6494480483301818 -0.7604059656000326 0
    outer loop
      vertex 8.131263262534722 9.690462205455072 0
      vertex 8.299146716729917 9.547076189818066 4.9
      vertex 8.131263262534722 9.690462205455072 4.9
    endloop
  endfacet
  facet normal 0 0 1
    outer loop
      vertex 8.131263262534722 9.690462205455072 4.9
      vertex 8.299146716729917 9.547076189818066 4.9
      vertex 14.5 13.15 4.9
    endloop
  endfacet
  facet normal -0.6626200482157336 0.7489557207890055 0
    outer loop
      vertex 8.299146716729917 -9.547076189818066 0
      vertex 8.299146716729917 -9.547076189818066 4.9
      vertex 8.464502170439557 -9.400782042289038 0
    endloop
  endfacet
  facet normal 0 0 1
    outer loop
      vertex 8.299146716729917 -9.547076189818066 0
      vertex 8.464502170439557 -9.400782042289038 0
      vertex 8.464502170439557 9.400782042289038 0
    endloop
  endfacet
  facet normal 0 0 1
    outer loop
      vertex 8.299146716729917 -9.547076189818066 0
      vertex 8.464502170439557 9.400782042289038 0
      vertex 8.299146716729917 9.547076189818066 0
    endloop
  endfacet
  facet normal -0.6626200482157336 0.7489557207890055 0
    outer loop
      vertex 8.299146716729917 -9.547076189818066 4.9
      vertex 8.464502170439557 -9.400782042289038 4.9
      vertex 8.464502170439557 -9.400782042289038 0
    endloop
  endfacet
  facet normal 0 0 1
    outer loop
      vertex 8.299146716729917 -9.547076189818066 4.9
      vertex 14.5 -13.15 4.9
      vertex 8.464502170439557 -9.400782042289038 4.9
    endloop
  endfacet
  facet normal -0.6626200482157336 -0.7489557207890055 0
    outer loop
      vertex 8.299146716729917 9.547076189818066 0
      vertex 8.464502170439557 9.400782042289038 0
      vertex 8.464502170439557 9.400782042289038 4.9
    endloop
  endfacet
  facet normal -0.6626200482157336 -0.7489557207890055 0
    outer loop
      vertex 8.299146716729917 9.547076189818066 0
      vertex 8.464502170439557 9.400782042289038 4.9
      vertex 8.299146716729917 9.547076189818066 4.9
    endloop
  endfacet
  facet normal 0 0 1
    outer loop
      vertex 8.299146716729917 9.547076189818066 4.9
      vertex 8.464502170439557 9.400782042289038 4.9
      vertex 14.5 13.15 4.9
    endloop
  endfacet
  facet normal -0.6755902076156635 0.7372773368101209 0
    outer loop
      vertex 8.464502170439557 -9.400782042289038 0
      vertex 8.464502170439557 -9.400782042289038 4.9
      vertex 8.627279254790606 -9.251624325482506 0
    endloop
  endfacet
  facet normal 0 0 1
    outer loop
      vertex 8.464502170439557 -9.400782042289038 0
      vertex 8.627279254790606 -9.251624325482506 0
      vertex 8.627279254790606 9.251624325482506 0
    endloop
  endfacet
  facet normal 0 0 1
    outer loop
      vertex 8.464502170439557 -9.400782042289038 0
      vertex 8.627279254790606 9.251624325482506 0
      vertex 8.464502170439557 9.400782042289038 0
    endloop
  endfacet
  facet normal -0.6755902076156635 0.7372773368101209 0
    outer loop
      vertex 8.464502170439557 -9.400782042289038 4.9
      vertex 8.627279254790606 -9.251624325482506 4.9
      vertex 8.627279254790606 -9.251624325482506 0
    endloop
  endfacet
  facet normal 0 0 1
    outer loop
      vertex 8.464502170439557 -9.400782042289038 4.9
      vertex 14.5 -13.15 4.9
      vertex 8.627279254790606 -9.251624325482506 4.9
    endloop
  endfacet
  facet normal -0.6755902076156635 -0.7372773368101209 0
    outer loop
      vertex 8.464502170439557 9.400782042289038 0
      vertex 8.627279254790606 9.251624325482506 0
      vertex 8.627279254790606 9.251624325482506 4.9
    endloop
  endfacet
  facet normal -0.6755902076156635 -0.7372773368101209 0
    outer loop
      vertex 8.464502170439557 9.400782042289038 0
      vertex 8.627279254790606 9.251624325482506 4.9
      vertex 8.464502170439557 9.400782042289038 4.9
    endloop
  endfacet
  facet normal 0 0 1
    outer loop
      vertex 8.464502170439557 9.400782042289038 4.9
      vertex 8.627279254790606 9.251624325482506 4.9
      vertex 14.5 13.15 4.9
    endloop
  endfacet
  facet normal -0.6883545756937508 0.7253743710122906 0
    outer loop
      vertex 8.627279254790606 -9.251624325482506 0
      vertex 8.627279254790606 -9.251624325482506 4.9
      vertex 8.787428386306315 -9.099648474283939 0
    endloop
  endfacet
  facet normal 0 0 1
    outer loop
      vertex 8.627279254790606 -9.251624325482506 0
      vertex 8.787428386306315 -9.099648474283939 0
      vertex 8.787428386306315 9.099648474283939 0
    endloop
  endfacet
  facet normal 0 0 1
    outer loop
      vertex 8.627279254790606 -9.251624325482506 0
      vertex 8.787428386306315 9.099648474283939 0
      vertex 8.627279254790606 9.251624325482506 0
    endloop
  endfacet
  facet normal -0.6883545756937508 0.7253743710122906 0
    outer loop
      vertex 8.627279254790606 -9.251624325482506 4.9
      vertex 8.787428386306315 -9.099648474283939 4.9
      vertex 8.787428386306315 -9.099648474283939 0
    endloop
  endfacet
  facet normal 0 0 1
    outer loop
      vertex 8.627279254790606 -9.251624325482506 4.9
      vertex 14.5 -13.15 4.9
      vertex 8.787428386306315 -9.099648474283939 4.9
    endloop
  endfacet
  facet normal -0.6883545756937508 -0.7253743710122906 0
    outer loop
      vertex 8.627279254790606 9.251624325482506 0
      vertex 8.787428386306315 9.099648474283939 0
      vertex 8.787428386306315 9.099648474283939 4.9
    endloop
  endfacet
  facet normal -0.6883545756937508 -0.7253743710122906 0
    outer loop
      vertex 8.627279254790606 9.251624325482506 0
      vertex 8.787428386306315 9.099648474283939 4.9
      vertex 8.627279254790606 9.251624325482506 4.9
    endloop
  endfacet
  facet normal 0 0 1
    outer loop
      vertex 8.627279254790606 9.251624325482506 4.9
      vertex 8.787428386306315 9.099648474283939 4.9
      vertex 14.5 13.15 4.9
    endloop
  endfacet
  facet normal -0.7009092642998529 0.7132504491541796 0
    outer loop
      vertex 8.787428386306315 -9.099648474283939 0
      vertex 8.787428386306315 -9.099648474283939 4.9
      vertex 8.944900782009826 -8.944900782009826 0
    endloop
  endfacet
  facet normal 0 0 1
    outer loop
      vertex 8.787428386306315 -9.099648474283939 0
      vertex 8.944900782009826 -8.944900782009826 0
      vertex 8.944900782009826 8.944900782009826 0
    endloop
  endfacet
  facet normal 0 0 1
    outer loop
      vertex 8.787428386306315 -9.099648474283939 0
      vertex 8.944900782009826 8.944900782009826 0
      vertex 8.787428386306315 9.099648474283939 0
    endloop
  endfacet
  facet normal -0.7009092642998529 0.7132504491541796 0
    outer loop
      vertex 8.787428386306315 -9.099648474283939 4.9
      vertex 8.944900782009826 -8.944900782009826 4.9
      vertex 8.944900782009826 -8.944900782009826 0
    endloop
  endfacet
  facet normal 0 0 1
    outer loop
      vertex 8.787428386306315 -9.099648474283939 4.9
      vertex 14.5 -13.15 4.9
      vertex 8.944900782009826 -8.944900782009826 4.9
    endloop
  endfacet
  facet normal -0.7009092642998529 -0.7132504491541796 0
    outer loop
      vertex 8.787428386306315 9.099648474283939 0
      vertex 8.944900782009826 8.944900782009826 0
      vertex 8.944900782009826 8.944900782009826 4.9
    endloop
  endfacet
  facet normal -0.7009092642998529 -0.7132504491541796 0
    outer loop
      vertex 8.787428386306315 9.099648474283939 0
      vertex 8.944900782009826 8.944900782009826 4.9
      vertex 8.787428386306315 9.099648474283939 4.9
    endloop
  endfacet
  facet normal 0 0 1
    outer loop
      vertex 8.787428386306315 9.099648474283939 4.9
      vertex 8.944900782009826 8.944900782009826 4.9
      vertex 14.5 13.15 4.9
    endloop
  endfacet
  facet normal -0.7132504491541796 0.7009092642998529 0
    outer loop
      vertex 8.944900782009826 -8.944900782009826 0
      vertex 8.944900782009826 -8.944900782009826 4.9
      vertex 9.099648474283939 -8.787428386306315 0
    endloop
  endfacet
  facet normal 0 0 1
    outer loop
      vertex 8.944900782009826 -8.944900782009826 0
      vertex 9.099648474283939 -8.787428386306315 0
      vertex 9.099648474283939 8.787428386306315 0
    endloop
  endfacet
  facet normal 0 0 1
    outer loop
      vertex 8.944900782009826 -8.944900782009826 0
      vertex 9.099648474283939 8.787428386306315 0
      vertex 8.944900782009826 8.944900782009826 0
    endloop
  endfacet
  facet normal -0.7132504491541796 0.7009092642998529 0
    outer loop
      vertex 8.944900782009826 -8.944900782009826 4.9
      vertex 9.099648474283939 -8.787428386306315 4.9
      vertex 9.099648474283939 -8.787428386306315 0
    endloop
  endfacet
  facet normal 0 0 1
    outer loop
      vertex 8.944900782009826 -8.944900782009826 4.9
      vertex 14.5 -13.15 4.9
      vertex 9.099648474283939 -8.787428386306315 4.9
    endloop
  endfacet
  facet normal -0.7132504491541796 -0.7009092642998529 0
    outer loop
      vertex 8.944900782009826 8.944900782009826 0
      vertex 9.099648474283939 8.787428386306315 0
      vertex 9.099648474283939 8.787428386306315 4.9
    endloop
  endfacet
  facet normal -0.7132504491541796 -0.7009092642998529 0
    outer loop
      vertex 8.944900782009826 8.944900782009826 0
      vertex 9.099648474283939 8.787428386306315 4.9
      vertex 8.944900782009826 8.944900782009826 4.9
    endloop
  endfacet
  facet normal 0 0 1
    outer loop
      vertex 8.944900782009826 8.944900782009826 4.9
      vertex 9.099648474283939 8.787428386306315 4.9
      vertex 14.5 13.15 4.9
    endloop
  endfacet
  facet normal -0.7253743710122906 0.6883545756937508 0
    outer loop
      vertex 9.099648474283939 -8.787428386306315 0
      vertex 9.099648474283939 -8.787428386306315 4.9
      vertex 9.251624325482506 -8.627279254790606 0
    endloop
  endfacet
  facet normal 0 0 1
    outer loop
      vertex 9.099648474283939 -8.787428386306315 0
      vertex 9.251624325482506 -8.627279254790606 0
      vertex 9.251624325482506 8.627279254790606 0
    endloop
  endfacet
  facet normal 0 0 1
    outer loop
      vertex 9.099648474283939 -8.787428386306315 0
      vertex 9.251624325482506 8.627279254790606 0
      vertex 9.099648474283939 8.787428386306315 0
    endloop
  endfacet
  facet normal -0.7253743710122906 0.6883545756937508 0
    outer loop
      vertex 9.099648474283939 -8.787428386306315 4.9
      vertex 9.251624325482506 -8.627279254790606 4.9
      vertex 9.251624325482506 -8.627279254790606 0
    endloop
  endfacet
  facet normal 0 0 1
    outer loop
      vertex 9.099648474283939 -8.787428386306315 4.9
      vertex 14.5 -13.15 4.9
      vertex 9.251624325482506 -8.627279254790606 4.9
    endloop
  endfacet
  facet normal -0.7253743710122906 -0.6883545756937508 0
    outer loop
      vertex 9.099648474283939 8.787428386306315 0
      vertex 9.251624325482506 8.627279254790606 0
      vertex 9.251624325482506 8.627279254790606 4.9
    endloop
  endfacet
  facet normal -0.7253743710122906 -0.6883545756937508 0
    outer loop
      vertex 9.099648474283939 8.787428386306315 0
      vertex 9.251624325482506 8.627279254790606 4.9
      vertex 9.099648474283939 8.787428386306315 4.9
    endloop
  endfacet
  facet normal 0 0 1
    outer loop
      vertex 9.099648474283939 8.787428386306315 4.9
      vertex 9.251624325482506 8.627279254790606 4.9
      vertex 14.5 13.15 4.9
    endloop
  endfacet
  facet normal -0.7372773368101209 0.6755902076156635 0
    outer loop
      vertex 9.251624325482506 -8.627279254790606 0
      vertex 9.251624325482506 -8.627279254790606 4.9
      vertex 9.400782042289038 -8.464502170439557 0
    endloop
  endfacet
  facet normal 0 0 1
    outer loop
      vertex 9.251624325482506 -8.627279254790606 0
      vertex 9.400782042289038 -8.464502170439557 0
      vertex 9.400782042289038 8.464502170439557 0
    endloop
  endfacet
  facet normal 0 0 1
    outer loop
      vertex 9.251624325482506 -8.627279254790606 0
      vertex 9.400782042289038 8.464502170439557 0
      vertex 9.251624325482506 8.627279254790606 0
    endloop
  endfacet
  facet normal -0.7372773368101209 0.6755902076156635 0
    outer loop
      vertex 9.251624325482506 -8.627279254790606 4.9
      vertex 9.400782042289038 -8.464502170439557 4.9
      vertex 9.400782042289038 -8.464502170439557 0
    endloop
  endfacet
  facet normal 0 0 1
    outer loop
      vertex 9.251624325482506 -8.627279254790606 4.9
      vertex 14.5 -13.15 4.9
      vertex 9.400782042289038 -8.464502170439557 4.9
    endloop
  endfacet
  facet normal -0.7372773368101209 -0.6755902076156635 0
    outer loop
      vertex 9.251624325482506 8.627279254790606 0
      vertex 9.400782042289038 8.464502170439557 0
      vertex 9.400782042289038 8.464502170439557 4.9
    endloop
  endfacet
  facet normal -0.7372773368101209 -0.6755902076156635 0
    outer loop
      vertex 9.251624325482506 8.627279254790606 0
      vertex 9.400782042289038 8.464502170439557 4.9
      vertex 9.251624325482506 8.627279254790606 4.9
    endloop
  endfacet
  facet normal 0 0 1
    outer loop
      vertex 9.251624325482506 8.627279254790606 4.9
      vertex 9.400782042289038 8.464502170439557 4.9
      vertex 14.5 13.15 4.9
    endloop
  endfacet
  facet normal -0.7489557207890055 0.6626200482157336 0
    outer loop
      vertex 9.400782042289038 -8.464502170439557 0
      vertex 9.400782042289038 -8.464502170439557 4.9
      vertex 9.547076189818066 -8.299146716729917 0
    endloop
  endfacet
  facet normal 0 0 1
    outer loop
      vertex 9.400782042289038 -8.464502170439557 0
      vertex 9.547076189818066 -8.299146716729917 0
      vertex 9.547076189818066 8.299146716729917 0
    endloop
  endfacet
  facet normal 0 0 1
    outer loop
      vertex 9.400782042289038 -8.464502170439557 0
      vertex 9.547076189818066 8.299146716729917 0
      vertex 9.400782042289038 8.464502170439557 0
    endloop
  endfacet
  facet normal -0.7489557207890055 0.6626200482157336 0
    outer loop
      vertex 9.400782042289038 -8.464502170439557 4.9
      vertex 9.547076189818066 -8.299146716729917 4.9
      vertex 9.547076189818066 -8.299146716729917 0
    endloop
  endfacet
  facet normal 0 0 1
    outer loop
      vertex 9.400782042289038 -8.464502170439557 4.9
      vertex 14.5 -13.15 4.9
      vertex 9.547076189818066 -8.299146716729917 4.9
    endloop
  endfacet
  facet normal -0.7489557207890055 -0.6626200482157336 0
    outer loop
      vertex 9.400782042289038 8.464502170439557 0
      vertex 9.547076189818066 8.299146716729917 0
      vertex 9.547076189818066 8.299146716729917 4.9
    endloop
  endfacet
  facet normal -0.7489557207890055 -0.6626200482157336 0
    outer loop
      vertex 9.400782042289038 8.464502170439557 0
      vertex 9.547076189818066 8.299146716729917 4.9
      vertex 9.400782042289038 8.464502170439557 4.9
    endloop
  endfacet
  facet normal 0 0 1
    outer loop
      vertex 9.400782042289038 8.464502170439557 4.9
      vertex 9.547076189818066 8.299146716729917 4.9
      vertex 14.5 13.15 4.9
    endloop
  endfacet
  facet normal -0.7604059656000326 0.6494480483301818 0
    outer loop
      vertex 9.547076189818066 -8.299146716729917 0
      vertex 9.547076189818066 -8.299146716729917 4.9
      vertex 9.690462205455072 -8.131263262534722 0
    endloop
  endfacet
  facet normal 0 0 1
    outer loop
      vertex 9.547076189818066 -8.299146716729917 0
      vertex 9.690462205455072 -8.131263262534722 0
      vertex 9.690462205455072 8.131263262534722 0
    endloop
  endfacet
  facet normal 0 0 1
    outer loop
      vertex 9.547076189818066 -8.299146716729917 0
      vertex 9.690462205455072 8.131263262534722 0
      vertex 9.547076189818066 8.299146716729917 0
    endloop
  endfacet
  facet normal -0.7604059656000326 0.6494480483301818 0
    outer loop
      vertex 9.547076189818066 -8.299146716729917 4.9
      vertex 9.690462205455072 -8.131263262534722 4.9
      vertex 9.690462205455072 -8.131263262534722 0
    endloop
  endfacet
  facet normal 0 0 1
    outer loop
      vertex 9.547076189818066 -8.299146716729917 4.9
      vertex 14.5 -13.15 4.9
      vertex 9.690462205455072 -8.131263262534722 4.9
    endloop
  endfacet
  facet normal -0.7604059656000326 -0.6494480483301818 0
    outer loop
      vertex 9.547076189818066 8.299146716729917 0
      vertex 9.690462205455072 8.131263262534722 0
      vertex 9.690462205455072 8.131263262534722 4.9
    endloop
  endfacet
  facet normal -0.7604059656000326 -0.6494480483301818 0
    outer loop
      vertex 9.547076189818066 8.299146716729917 0
      vertex 9.690462205455072 8.131263262534722 4.9
      vertex 9.547076189818066 8.299146716729917 4.9
    endloop
  endfacet
  facet normal 0 0 1
    outer loop
      vertex 9.547076189818066 8.299146716729917 4.9
      vertex 9.690462205455072 8.131263262534722 4.9
      vertex 14.5 13.15 4.9
    endloop
  endfacet
  facet normal -0.7716245833877163 0.6360782202777683 0
    outer loop
      vertex 9.690462205455072 -8.131263262534722 0
      vertex 9.690462205455072 -8.131263262534722 4.9
      vertex 9.830896412430683 -7.960902946780443 0
    endloop
  endfacet
  facet normal 0 0 1
    outer loop
      vertex 9.690462205455072 -8.131263262534722 0
      vertex 9.830896412430683 -7.960902946780443 0
      vertex 9.830896412430683 7.960902946780443 0
    endloop
  endfacet
  facet normal 0 0 1
    outer loop
      vertex 9.690462205455072 -8.131263262534722 0
      vertex 9.830896412430683 7.960902946780443 0
      vertex 9.690462205455072 8.131263262534722 0
    endloop
  endfacet
  facet normal -0.7716245833877163 0.6360782202777683 0
    outer loop
      vertex 9.690462205455072 -8.131263262534722 4.9
      vertex 9.830896412430683 -7.960902946780443 4.9
      vertex 9.830896412430683 -7.960902946780443 0
    endloop
  endfacet
  facet normal 0 0 1
    outer loop
      vertex 9.690462205455072 -8.131263262534722 4.9
      vertex 14.5 -13.15 4.9
      vertex 9.830896412430683 -7.960902946780443 4.9
    endloop
  endfacet
  facet normal -0.7716245833877163 -0.6360782202777683 0
    outer loop
      vertex 9.690462205455072 8.131263262534722 0
      vertex 9.830896412430683 7.960902946780443 0
      vertex 9.830896412430683 7.960902946780443 4.9
    endloop
  endfacet
  facet normal -0.7716245833877163 -0.6360782202777683 0
    outer loop
      vertex 9.690462205455072 8.131263262534722 0
      vertex 9.830896412430683 7.960902946780443 4.9
      vertex 9.690462205455072 8.131263262534722 4.9
    endloop
  endfacet
  facet normal 0 0 1
    outer loop
      vertex 9.690462205455072 8.131263262534722 4.9
      vertex 9.830896412430683 7.960902946780443 4.9
      vertex 14.5 13.15 4.9
    endloop
  endfacet
  facet normal -0.7826081568524154 0.6225146366376177 0
    outer loop
      vertex 9.830896412430683 -7.960902946780443 0
      vertex 9.830896412430683 -7.960902946780443 4.9
      vertex 9.968336033125032 -7.788117662869578 0
    endloop
  endfacet
  facet normal 0 0 1
    outer loop
      vertex 9.830896412430683 -7.960902946780443 0
      vertex 9.968336033125032 -7.788117662869578 0
      vertex 9.968336033125032 7.788117662869578 0
    endloop
  endfacet
  facet normal 0 0 1
    outer loop
      vertex 9.830896412430683 -7.960902946780443 0
      vertex 9.968336033125032 7.788117662869578 0
      vertex 9.830896412430683 7.960902946780443 0
    endloop
  endfacet
  facet normal -0.7826081568524154 0.6225146366376177 0
    outer loop
      vertex 9.830896412430683 -7.960902946780443 4.9
      vertex 9.968336033125032 -7.788117662869578 4.9
      vertex 9.968336033125032 -7.788117662869578 0
    endloop
  endfacet
  facet normal 0 0 1
    outer loop
      vertex 9.830896412430683 -7.960902946780443 4.9
      vertex 14.5 -13.15 4.9
      vertex 9.968336033125032 -7.788117662869578 4.9
    endloop
  endfacet
  facet normal -0.7826081568524154 -0.6225146366376177 0
    outer loop
      vertex 9.830896412430683 7.960902946780443 0
      vertex 9.968336033125032 7.788117662869578 0
      vertex 9.968336033125032 7.788117662869578 4.9
    endloop
  endfacet
  facet normal -0.7826081568524154 -0.6225146366376177 0
    outer loop
      vertex 9.830896412430683 7.960902946780443 0
      vertex 9.968336033125032 7.788117662869578 4.9
      vertex 9.830896412430683 7.960902946780443 4.9
    endloop
  endfacet
  facet normal 0 0 1
    outer loop
      vertex 9.830896412430683 7.960902946780443 4.9
      vertex 9.968336033125032 7.788117662869578 4.9
      vertex 14.5 13.15 4.9
    endloop
  endfacet
  facet normal -0.7933533402912354 0.6087614290087202 0
    outer loop
      vertex 9.968336033125032 -7.788117662869578 0
      vertex 9.968336033125032 -7.788117662869578 4.9
      vertex 10.102739202098254 -7.612960042873411 0
    endloop
  endfacet
  facet normal 0 0 1
    outer loop
      vertex 9.968336033125032 -7.788117662869578 0
      vertex 10.102739202098254 -7.612960042873411 0
      vertex 10.102739202098254 7.612960042873411 0
    endloop
  endfacet
  facet normal 0 0 1
    outer loop
      vertex 9.968336033125032 -7.788117662869578 0
      vertex 10.102739202098254 7.612960042873411 0
      vertex 9.968336033125032 7.788117662869578 0
    endloop
  endfacet
  facet normal -0.7933533402912354 0.6087614290087202 0
    outer loop
      vertex 9.968336033125032 -7.788117662869578 4.9
      vertex 10.102739202098254 -7.612960042873411 4.9
      vertex 10.102739202098254 -7.612960042873411 0
    endloop
  endfacet
  facet normal 0 0 1
    outer loop
      vertex 9.968336033125032 -7.788117662869578 4.9
      vertex 14.5 -13.15 4.9
      vertex 10.102739202098254 -7.612960042873411 4.9
    endloop
  endfacet
  facet normal -0.7933533402912354 -0.6087614290087202 0
    outer loop
      vertex 9.968336033125032 7.788117662869578 0
      vertex 10.102739202098254 7.612960042873411 0
      vertex 10.102739202098254 7.612960042873411 4.9
    endloop
  endfacet
  facet normal -0.7933533402912354 -0.6087614290087202 0
    outer loop
      vertex 9.968336033125032 7.788117662869578 0
      vertex 10.102739202098254 7.612960042873411 4.9
      vertex 9.968336033125032 7.788117662869578 4.9
    endloop
  endfacet
  facet normal 0 0 1
    outer loop
      vertex 9.968336033125032 7.788117662869578 4.9
      vertex 10.102739202098254 7.612960042873411 4.9
      vertex 14.5 13.15 4.9
    endloop
  endfacet
  facet normal -0.8038568606172162 0.594822786751343 0
    outer loop
      vertex 10.102739202098254 -7.612960042873411 0
      vertex 10.102739202098254 -7.612960042873411 4.9
      vertex 10.234064978843085 -7.435483441499786 0
    endloop
  endfacet
  facet normal 0 0 1
    outer loop
      vertex 10.102739202098254 -7.612960042873411 0
      vertex 10.234064978843085 -7.435483441499786 0
      vertex 10.234064978843085 7.435483441499786 0
    endloop
  endfacet
  facet normal 0 0 1
    outer loop
      vertex 10.102739202098254 -7.612960042873411 0
      vertex 10.234064978843085 7.435483441499786 0
      vertex 10.102739202098254 7.612960042873411 0
    endloop
  endfacet
  facet normal -0.8038568606172162 0.594822786751343 0
    outer loop
      vertex 10.102739202098254 -7.612960042873411 4.9
      vertex 10.234064978843085 -7.435483441499786 4.9
      vertex 10.234064978843085 -7.435483441499786 0
    endloop
  endfacet
  facet normal 0 0 1
    outer loop
      vertex 10.102739202098254 -7.612960042873411 4.9
      vertex 14.5 -13.15 4.9
      vertex 10.234064978843085 -7.435483441499786 4.9
    endloop
  endfacet
  facet normal -0.8038568606172162 -0.594822786751343 0
    outer loop
      vertex 10.102739202098254 7.612960042873411 0
      vertex 10.234064978843085 7.435483441499786 0
      vertex 10.234064978843085 7.435483441499786 4.9
    endloop
  endfacet
  facet normal -0.8038568606172162 -0.594822786751343 0
    outer loop
      vertex 10.102739202098254 7.612960042873411 0
      vertex 10.234064978843085 7.435483441499786 4.9
      vertex 10.102739202098254 7.612960042873411 4.9
    endloop
  endfacet
  facet normal 0 0 1
    outer loop
      vertex 10.102739202098254 7.612960042873411 4.9
      vertex 10.234064978843085 7.435483441499786 4.9
      vertex 14.5 13.15 4.9
    endloop
  endfacet
  facet normal -0.8141155183563183 0.580702955710941 0
    outer loop
      vertex 10.234064978843085 -7.435483441499786 0
      vertex 10.234064978843085 -7.435483441499786 4.9
      vertex 10.362273360255747 -7.255741919840733 0
    endloop
  endfacet
  facet normal 0 0 1
    outer loop
      vertex 10.234064978843085 -7.435483441499786 0
      vertex 10.362273360255747 -7.255741919840733 0
      vertex 10.362273360255747 7.255741919840733 0
    endloop
  endfacet
  facet normal 0 0 1
    outer loop
      vertex 10.234064978843085 -7.435483441499786 0
      vertex 10.362273360255747 7.255741919840733 0
      vertex 10.234064978843085 7.435483441499786 0
    endloop
  endfacet
  facet normal -0.8141155183563183 0.580702955710941 0
    outer loop
      vertex 10.234064978843085 -7.435483441499786 4.9
      vertex 10.362273360255747 -7.255741919840733 4.9
      vertex 10.362273360255747 -7.255741919840733 0
    endloop
  endfacet
  facet normal 0 0 1
    outer loop
      vertex 10.234064978843085 -7.435483441499786 4.9
      vertex 14.5 -13.15 4.9
      vertex 10.362273360255747 -7.255741919840733 4.9
    endloop
  endfacet
  facet normal -0.8141155183563183 -0.580702955710941 0
    outer loop
      vertex 10.234064978843085 7.435483441499786 0
      vertex 10.362273360255747 7.255741919840733 0
      vertex 10.362273360255747 7.255741919840733 4.9
    endloop
  endfacet
  facet normal -0.8141155183563183 -0.580702955710941 0
    outer loop
      vertex 10.234064978843085 7.435483441499786 0
      vertex 10.362273360255747 7.255741919840733 4.9
      vertex 10.234064978843085 7.435483441499786 4.9
    endloop
  endfacet
  facet normal 0 0 1
    outer loop
      vertex 10.234064978843085 7.435483441499786 4.9
      vertex 10.362273360255747 7.255741919840733 4.9
      vertex 14.5 13.15 4.9
    endloop
  endfacet
  facet normal -0.8241261886220177 0.56640623692483 0
    outer loop
      vertex 10.362273360255747 -7.255741919840733 0
      vertex 10.362273360255747 -7.255741919840733 4.9
      vertex 10.487325292821277 -7.073790228904948 0
    endloop
  endfacet
  facet normal 0 0 1
    outer loop
      vertex 10.362273360255747 -7.255741919840733 0
      vertex 10.487325292821277 -7.073790228904948 0
      vertex 10.487325292821277 7.073790228904948 0
    endloop
  endfacet
  facet normal 0 0 1
    outer loop
      vertex 10.362273360255747 -7.255741919840733 0
      vertex 10.487325292821277 7.073790228904948 0
      vertex 10.362273360255747 7.255741919840733 0
    endloop
  endfacet
  facet normal -0.8241261886220177 0.56640623692483 0
    outer loop
      vertex 10.362273360255747 -7.255741919840733 4.9
      vertex 10.487325292821277 -7.073790228904948 4.9
      vertex 10.487325292821277 -7.073790228904948 0
    endloop
  endfacet
  facet normal 0 0 1
    outer loop
      vertex 10.362273360255747 -7.255741919840733 4.9
      vertex 14.5 -13.15 4.9
      vertex 10.487325292821277 -7.073790228904948 4.9
    endloop
  endfacet
  facet normal -0.8241261886220177 -0.56640623692483 0
    outer loop
      vertex 10.362273360255747 7.255741919840733 0
      vertex 10.487325292821277 7.073790228904948 0
      vertex 10.487325292821277 7.073790228904948 4.9
    endloop
  endfacet
  facet normal -0.8241261886220177 -0.56640623692483 0
    outer loop
      vertex 10.362273360255747 7.255741919840733 0
      vertex 10.487325292821277 7.073790228904948 4.9
      vertex 10.362273360255747 7.255741919840733 4.9
    endloop
  endfacet
  facet normal 0 0 1
    outer loop
      vertex 10.362273360255747 7.255741919840733 4.9
      vertex 10.487325292821277 7.073790228904948 4.9
      vertex 14.5 13.15 4.9
    endloop
  endfacet
  facet normal -0.8338858220671674 0.5519369853120594 0
    outer loop
      vertex 10.487325292821277 -7.073790228904948 0
      vertex 10.487325292821277 -7.073790228904948 4.9
      vertex 10.609182684509614 -6.889683792940093 0
    endloop
  endfacet
  facet normal 0 0 1
    outer loop
      vertex 10.487325292821277 -7.073790228904948 0
      vertex 10.609182684509614 -6.889683792940093 0
      vertex 10.609182684509614 6.889683792940093 0
    endloop
  endfacet
  facet normal 0 0 1
    outer loop
      vertex 10.487325292821277 -7.073790228904948 0
      vertex 10.609182684509614 6.889683792940093 0
      vertex 10.487325292821277 7.073790228904948 0
    endloop
  endfacet
  facet normal -0.8338858220671674 0.5519369853120594 0
    outer loop
      vertex 10.487325292821277 -7.073790228904948 4.9
      vertex 10.609182684509614 -6.889683792940093 4.9
      vertex 10.609182684509614 -6.889683792940093 0
    endloop
  endfacet
  facet normal 0 0 1
    outer loop
      vertex 10.487325292821277 -7.073790228904948 4.9
      vertex 14.5 -13.15 4.9
      vertex 10.609182684509614 -6.889683792940093 4.9
    endloop
  endfacet
  facet normal -0.8338858220671674 -0.5519369853120594 0
    outer loop
      vertex 10.487325292821277 7.073790228904948 0
      vertex 10.609182684509614 6.889683792940093 0
      vertex 10.609182684509614 6.889683792940093 4.9
    endloop
  endfacet
  facet normal -0.8338858220671674 -0.5519369853120594 0
    outer loop
      vertex 10.487325292821277 7.073790228904948 0
      vertex 10.609182684509614 6.889683792940093 4.9
      vertex 10.487325292821277 7.073790228904948 4.9
    endloop
  endfacet
  facet normal 0 0 1
    outer loop
      vertex 10.487325292821277 7.073790228904948 4.9
      vertex 10.609182684509614 6.889683792940093 4.9
      vertex 14.5 13.15 4.9
    endloop
  endfacet
  facet normal -0.8433914458128867 0.5372996083468221 0
    outer loop
      vertex 10.609182684509614 -6.889683792940093 0
      vertex 10.609182684509614 -6.889683792940093 4.9
      vertex 10.727808416378789 -6.703478692550042 0
    endloop
  endfacet
  facet normal 0 0 1
    outer loop
      vertex 10.609182684509614 -6.889683792940093 0
      vertex 10.727808416378789 -6.703478692550042 0
      vertex 10.727808416378789 6.703478692550042 0
    endloop
  endfacet
  facet normal 0 0 1
    outer loop
      vertex 10.609182684509614 -6.889683792940093 0
      vertex 10.727808416378789 6.703478692550042 0
      vertex 10.609182684509614 6.889683792940093 0
    endloop
  endfacet
  facet normal -0.8433914458128867 0.5372996083468221 0
    outer loop
      vertex 10.609182684509614 -6.889683792940093 4.9
      vertex 10.727808416378789 -6.703478692550042 4.9
      vertex 10.727808416378789 -6.703478692550042 0
    endloop
  endfacet
  facet normal 0 0 1
    outer loop
      vertex 10.609182684509614 -6.889683792940093 4.9
      vertex 14.5 -13.15 4.9
      vertex 10.727808416378789 -6.703478692550042 4.9
    endloop
  endfacet
  facet normal -0.8433914458128867 -0.5372996083468221 0
    outer loop
      vertex 10.609182684509614 6.889683792940093 0
      vertex 10.727808416378789 6.703478692550042 0
      vertex 10.727808416378789 6.703478692550042 4.9
    endloop
  endfacet
  facet normal -0.8433914458128867 -0.5372996083468221 0
    outer loop
      vertex 10.609182684509614 6.889683792940093 0
      vertex 10.727808416378789 6.703478692550042 4.9
      vertex 10.609182684509614 6.889683792940093 4.9
    endloop
  endfacet
  facet normal 0 0 1
    outer loop
      vertex 10.609182684509614 6.889683792940093 4.9
      vertex 10.727808416378789 6.703478692550042 4.9
      vertex 14.5 13.15 4.9
    endloop
  endfacet
  facet normal -0.8526401643540922 0.5224985647159486 0
    outer loop
      vertex 10.727808416378789 -6.703478692550042 0
      vertex 10.727808416378789 -6.703478692550042 4.9
      vertex 10.84316635388172 -6.515231647612185 0
    endloop
  endfacet
  facet normal 0 0 1
    outer loop
      vertex 10.727808416378789 -6.703478692550042 0
      vertex 10.84316635388172 -6.515231647612185 0
      vertex 10.84316635388172 6.515231647612185 0
    endloop
  endfacet
  facet normal 0 0 1
    outer loop
      vertex 10.727808416378789 -6.703478692550042 0
      vertex 10.84316635388172 6.515231647612185 0
      vertex 10.727808416378789 6.703478692550042 0
    endloop
  endfacet
  facet normal -0.8526401643540922 0.5224985647159486 0
    outer loop
      vertex 10.727808416378789 -6.703478692550042 4.9
      vertex 10.84316635388172 -6.515231647612185 4.9
      vertex 10.84316635388172 -6.515231647612185 0
    endloop
  endfacet
  facet normal 0 0 1
    outer loop
      vertex 10.727808416378789 -6.703478692550042 4.9
      vertex 14.5 -13.15 4.9
      vertex 10.84316635388172 -6.515231647612185 4.9
    endloop
  endfacet
  facet normal -0.8526401643540922 -0.5224985647159486 0
    outer loop
      vertex 10.727808416378789 6.703478692550042 0
      vertex 10.84316635388172 6.515231647612185 0
      vertex 10.84316635388172 6.515231647612185 4.9
    endloop
  endfacet
  facet normal -0.8526401643540922 -0.5224985647159486 0
    outer loop
      vertex 10.727808416378789 6.703478692550042 0
      vertex 10.84316635388172 6.515231647612185 4.9
      vertex 10.727808416378789 6.703478692550042 4.9
    endloop
  endfacet
  facet normal 0 0 1
    outer loop
      vertex 10.727808416378789 6.703478692550042 4.9
      vertex 10.84316635388172 6.515231647612185 4.9
      vertex 14.5 13.15 4.9
    endloop
  endfacet
  facet normal -0.8616291604415268 0.5075383629607022 0
    outer loop
      vertex 10.84316635388172 -6.515231647612185 0
      vertex 10.84316635388172 -6.515231647612185 4.9
      vertex 10.955221357873148 -6.325 0
    endloop
  endfacet
  facet normal 0 0 1
    outer loop
      vertex 10.84316635388172 -6.515231647612185 0
      vertex 10.955221357873148 -6.325 0
      vertex 10.955221357873148 6.325 0
    endloop
  endfacet
  facet normal 0 0 1
    outer loop
      vertex 10.84316635388172 -6.515231647612185 0
      vertex 10.955221357873148 6.325 0
      vertex 10.84316635388172 6.515231647612185 0
    endloop
  endfacet
  facet normal -0.8616291604415268 0.5075383629607022 0
    outer loop
      vertex 10.84316635388172 -6.515231647612185 4.9
      vertex 10.955221357873148 -6.325 4.9
      vertex 10.955221357873148 -6.325 0
    endloop
  endfacet
  facet normal 0 0 1
    outer loop
      vertex 10.84316635388172 -6.515231647612185 4.9
      vertex 14.5 -13.15 4.9
      vertex 10.955221357873148 -6.325 4.9
    endloop
  endfacet
  facet normal -0.8616291604415268 -0.5075383629607022 0
    outer loop
      vertex 10.84316635388172 6.515231647612185 0
      vertex 10.955221357873148 6.325 0
      vertex 10.955221357873148 6.325 4.9
    endloop
  endfacet
  facet normal -0.8616291604415268 -0.5075383629607022 0
    outer loop
      vertex 10.84316635388172 6.515231647612185 0
      vertex 10.955221357873148 6.325 4.9
      vertex 10.84316635388172 6.515231647612185 4.9
    endloop
  endfacet
  facet normal 0 0 1
    outer loop
      vertex 10.84316635388172 6.515231647612185 4.9
      vertex 10.955221357873148 6.325 4.9
      vertex 14.5 13.15 4.9
    endloop
  endfacet
  facet normal -0.8703556959398967 0.49242356010347244 0
    outer loop
      vertex 10.955221357873148 -6.325 0
      vertex 10.955221357873148 -6.325 4.9
      vertex 11.063939295313357 -6.132841696116164 0
    endloop
  endfacet
  facet normal 0 0 1
    outer loop
      vertex 10.955221357873148 -6.325 0
      vertex 11.063939295313357 -6.132841696116164 0
      vertex 11.063939295313357 6.132841696116164 0
    endloop
  endfacet
  facet normal 0 0 1
    outer loop
      vertex 10.955221357873148 -6.325 0
      vertex 11.063939295313357 6.132841696116164 0
      vertex 10.955221357873148 6.325 0
    endloop
  endfacet
  facet normal -0.8703556959398967 0.49242356010347244 0
    outer loop
      vertex 10.955221357873148 -6.325 4.9
      vertex 11.063939295313357 -6.132841696116164 4.9
      vertex 11.063939295313357 -6.132841696116164 0
    endloop
  endfacet
  facet normal 0 0 1
    outer loop
      vertex 10.955221357873148 -6.325 4.9
      vertex 14.5 -13.15 4.9
      vertex 11.063939295313357 -6.132841696116164 4.9
    endloop
  endfacet
  facet normal -0.8703556959398967 -0.49242356010347244 0
    outer loop
      vertex 10.955221357873148 6.325 0
      vertex 11.063939295313357 6.132841696116164 0
      vertex 11.063939295313357 6.132841696116164 4.9
    endloop
  endfacet
  facet normal -0.8703556959398967 -0.49242356010347244 0
    outer loop
      vertex 10.955221357873148 6.325 0
      vertex 11.063939295313357 6.132841696116164 4.9
      vertex 10.955221357873148 6.325 4.9
    endloop
  endfacet
  facet normal 0 0 1
    outer loop
      vertex 10.955221357873148 6.325 4.9
      vertex 11.063939295313357 6.132841696116164 4.9
      vertex 14.5 13.15 4.9
    endloop
  endfacet
  facet normal -0.8788171126619653 0.47715876025960835 0
    outer loop
      vertex 11.063939295313357 -6.132841696116164 0
      vertex 11.063939295313357 -6.132841696116164 4.9
      vertex 11.169287049665426 -5.938815269241519 0
    endloop
  endfacet
  facet normal 0 0 1
    outer loop
      vertex 11.063939295313357 -6.132841696116164 0
      vertex 11.169287049665426 -5.938815269241519 0
      vertex 11.169287049665426 5.938815269241519 0
    endloop
  endfacet
  facet normal 0 0 1
    outer loop
      vertex 11.063939295313357 -6.132841696116164 0
      vertex 11.169287049665426 5.938815269241519 0
      vertex 11.063939295313357 6.132841696116164 0
    endloop
  endfacet
  facet normal -0.8788171126619653 0.47715876025960835 0
    outer loop
      vertex 11.063939295313357 -6.132841696116164 4.9
      vertex 11.169287049665426 -5.938815269241519 4.9
      vertex 11.169287049665426 -5.938815269241519 0
    endloop
  endfacet
  facet normal 0 0 1
    outer loop
      vertex 11.063939295313357 -6.132841696116164 4.9
      vertex 14.5 -13.15 4.9
      vertex 11.169287049665426 -5.938815269241519 4.9
    endloop
  endfacet
  facet normal -0.8788171126619653 -0.47715876025960835 0
    outer loop
      vertex 11.063939295313357 6.132841696116164 0
      vertex 11.169287049665426 5.938815269241519 0
      vertex 11.169287049665426 5.938815269241519 4.9
    endloop
  endfacet
  facet normal -0.8788171126619653 -0.47715876025960835 0
    outer loop
      vertex 11.063939295313357 6.132841696116164 0
      vertex 11.169287049665426 5.938815269241519 4.9
      vertex 11.063939295313357 6.132841696116164 4.9
    endloop
  endfacet
  facet normal 0 0 1
    outer loop
      vertex 11.063939295313357 6.132841696116164 4.9
      vertex 11.169287049665426 5.938815269241519 4.9
      vertex 14.5 13.15 4.9
    endloop
  endfacet
  facet normal -0.8870108331782229 0.4617486132350315 0
    outer loop
      vertex 11.169287049665426 -5.938815269241519 0
      vertex 11.169287049665426 -5.938815269241519 4.9
      vertex 11.271232530982854 -5.7429798217052666 0
    endloop
  endfacet
  facet normal 0 0 1
    outer loop
      vertex 11.169287049665426 -5.938815269241519 0
      vertex 11.271232530982854 -5.7429798217052666 0
      vertex 11.271232530982854 5.7429798217052666 0
    endloop
  endfacet
  facet normal 0 0 1
    outer loop
      vertex 11.169287049665426 -5.938815269241519 0
      vertex 11.271232530982854 5.7429798217052666 0
      vertex 11.169287049665426 5.938815269241519 0
    endloop
  endfacet
  facet normal -0.8870108331782229 0.4617486132350315 0
    outer loop
      vertex 11.169287049665426 -5.938815269241519 4.9
      vertex 11.271232530982854 -5.7429798217052666 4.9
      vertex 11.271232530982854 -5.7429798217052666 0
    endloop
  endfacet
  facet normal 0 0 1
    outer loop
      vertex 11.169287049665426 -5.938815269241519 4.9
      vertex 14.5 -13.15 4.9
      vertex 11.271232530982854 -5.7429798217052666 4.9
    endloop
  endfacet
  facet normal -0.8870108331782229 -0.4617486132350315 0
    outer loop
      vertex 11.169287049665426 5.938815269241519 0
      vertex 11.271232530982854 5.7429798217052666 0
      vertex 11.271232530982854 5.7429798217052666 4.9
    endloop
  endfacet
  facet normal -0.8870108331782229 -0.4617486132350315 0
    outer loop
      vertex 11.169287049665426 5.938815269241519 0
      vertex 11.271232530982854 5.7429798217052666 4.9
      vertex 11.169287049665426 5.938815269241519 4.9
    endloop
  endfacet
  facet normal 0 0 1
    outer loop
      vertex 11.169287049665426 5.938815269241519 4.9
      vertex 11.271232530982854 5.7429798217052666 4.9
      vertex 14.5 13.15 4.9
    endloop
  endfacet
  facet normal -0.8949343616020242 0.44619781310981044 0
    outer loop
      vertex 11.271232530982854 -5.7429798217052666 0
      vertex 11.271232530982854 -5.7429798217052666 4.9
      vertex 11.369744685684463 -5.545395006881829 0
    endloop
  endfacet
  facet normal 0 0 1
    outer loop
      vertex 11.271232530982854 -5.7429798217052666 0
      vertex 11.369744685684463 -5.545395006881829 0
      vertex 11.369744685684463 5.545395006881829 0
    endloop
  endfacet
  facet normal 0 0 1
    outer loop
      vertex 11.271232530982854 -5.7429798217052666 0
      vertex 11.369744685684463 5.545395006881829 0
      vertex 11.271232530982854 5.7429798217052666 0
    endloop
  endfacet
  facet normal -0.8949343616020242 0.44619781310981044 0
    outer loop
      vertex 11.271232530982854 -5.7429798217052666 4.9
      vertex 11.369744685684463 -5.545395006881829 4.9
      vertex 11.369744685684463 -5.545395006881829 0
    endloop
  endfacet
  facet normal 0 0 1
    outer loop
      vertex 11.271232530982854 -5.7429798217052666 4.9
      vertex 14.5 -13.15 4.9
      vertex 11.369744685684463 -5.545395006881829 4.9
    endloop
  endfacet
  facet normal -0.8949343616020242 -0.44619781310981044 0
    outer loop
      vertex 11.271232530982854 5.7429798217052666 0
      vertex 11.369744685684463 5.545395006881829 0
      vertex 11.369744685684463 5.545395006881829 4.9
    endloop
  endfacet
  facet normal -0.8949343616020242 -0.44619781310981044 0
    outer loop
      vertex 11.271232530982854 5.7429798217052666 0
      vertex 11.369744685684463 5.545395006881829 4.9
      vertex 11.271232530982854 5.7429798217052666 4.9
    endloop
  endfacet
  facet normal 0 0 1
    outer loop
      vertex 11.271232530982854 5.7429798217052666 4.9
      vertex 11.369744685684463 5.545395006881829 4.9
      vertex 14.5 13.15 4.9
    endloop
  endfacet
  facet normal -0.9025852843498604 0.43051109680829547 0
    outer loop
      vertex 11.369744685684463 -5.545395006881829 0
      vertex 11.369744685684463 -5.545395006881829 4.9
      vertex 11.464793506013622 -5.346121011019848 0
    endloop
  endfacet
  facet normal 0 0 1
    outer loop
      vertex 11.369744685684463 -5.545395006881829 0
      vertex 11.464793506013622 -5.346121011019848 0
      vertex 11.464793506013622 5.346121011019848 0
    endloop
  endfacet
  facet normal 0 0 1
    outer loop
      vertex 11.369744685684463 -5.545395006881829 0
      vertex 11.464793506013622 5.346121011019848 0
      vertex 11.369744685684463 5.545395006881829 0
    endloop
  endfacet
  facet normal -0.9025852843498604 0.43051109680829547 0
    outer loop
      vertex 11.369744685684463 -5.545395006881829 4.9
      vertex 11.464793506013622 -5.346121011019848 4.9
      vertex 11.464793506013622 -5.346121011019848 0
    endloop
  endfacet
  facet normal 0 0 1
    outer loop
      vertex 11.369744685684463 -5.545395006881829 4.9
      vertex 14.5 -13.15 4.9
      vertex 11.464793506013622 -5.346121011019848 4.9
    endloop
  endfacet
  facet normal -0.9025852843498604 -0.43051109680829547 0
    outer loop
      vertex 11.369744685684463 5.545395006881829 0
      vertex 11.464793506013622 5.346121011019848 0
      vertex 11.464793506013622 5.346121011019848 4.9
    endloop
  endfacet
  facet normal -0.9025852843498604 -0.43051109680829547 0
    outer loop
      vertex 11.369744685684463 5.545395006881829 0
      vertex 11.464793506013622 5.346121011019848 4.9
      vertex 11.369744685684463 5.545395006881829 4.9
    endloop
  endfacet
  facet normal 0 0 1
    outer loop
      vertex 11.369744685684463 5.545395006881829 4.9
      vertex 11.464793506013622 5.346121011019848 4.9
      vertex 14.5 13.15 4.9
    endloop
  endfacet
  facet normal -0.909961270876543 0.41469324265623975 0
    outer loop
      vertex 11.464793506013622 -5.346121011019848 0
      vertex 11.464793506013622 -5.346121011019848 4.9
      vertex 11.556350039178902 -5.145218534908873 0
    endloop
  endfacet
  facet normal 0 0 1
    outer loop
      vertex 11.464793506013622 -5.346121011019848 0
      vertex 11.556350039178902 -5.145218534908873 0
      vertex 11.556350039178902 5.145218534908873 0
    endloop
  endfacet
  facet normal 0 0 1
    outer loop
      vertex 11.464793506013622 -5.346121011019848 0
      vertex 11.556350039178902 5.145218534908873 0
      vertex 11.464793506013622 5.346121011019848 0
    endloop
  endfacet
  facet normal -0.909961270876543 0.41469324265623975 0
    outer loop
      vertex 11.464793506013622 -5.346121011019848 4.9
      vertex 11.556350039178902 -5.145218534908873 4.9
      vertex 11.556350039178902 -5.145218534908873 0
    endloop
  endfacet
  facet normal 0 0 1
    outer loop
      vertex 11.464793506013622 -5.346121011019848 4.9
      vertex 14.5 -13.15 4.9
      vertex 11.556350039178902 -5.145218534908873 4.9
    endloop
  endfacet
  facet normal -0.909961270876543 -0.41469324265623975 0
    outer loop
      vertex 11.464793506013622 5.346121011019848 0
      vertex 11.556350039178902 5.145218534908873 0
      vertex 11.556350039178902 5.145218534908873 4.9
    endloop
  endfacet
  facet normal -0.909961270876543 -0.41469324265623975 0
    outer loop
      vertex 11.464793506013622 5.346121011019848 0
      vertex 11.556350039178902 5.145218534908873 4.9
      vertex 11.464793506013622 5.346121011019848 4.9
    endloop
  endfacet
  facet normal 0 0 1
    outer loop
      vertex 11.464793506013622 5.346121011019848 4.9
      vertex 11.556350039178902 5.145218534908873 4.9
      vertex 14.5 13.15 4.9
    endloop
  endfacet
  facet normal -0.9170600743851243 0.39874906892524575 0
    outer loop
      vertex 11.556350039178902 -5.145218534908873 0
      vertex 11.556350039178902 -5.145218534908873 4.9
      vertex 11.64438639617337 -4.942748775389314 0
    endloop
  endfacet
  facet normal 0 0 1
    outer loop
      vertex 11.556350039178902 -5.145218534908873 0
      vertex 11.64438639617337 -4.942748775389314 0
      vertex 11.64438639617337 4.942748775389314 0
    endloop
  endfacet
  facet normal 0 0 1
    outer loop
      vertex 11.556350039178902 -5.145218534908873 0
      vertex 11.64438639617337 4.942748775389314 0
      vertex 11.556350039178902 5.145218534908873 0
    endloop
  endfacet
  facet normal -0.9170600743851243 0.39874906892524575 0
    outer loop
      vertex 11.556350039178902 -5.145218534908873 4.9
      vertex 11.64438639617337 -4.942748775389314 4.9
      vertex 11.64438639617337 -4.942748775389314 0
    endloop
  endfacet
  facet normal 0 0 1
    outer loop
      vertex 11.556350039178902 -5.145218534908873 4.9
      vertex 14.5 -13.15 4.9
      vertex 11.64438639617337 -4.942748775389314 4.9
    endloop
  endfacet
  facet normal -0.9170600743851243 -0.39874906892524575 0
    outer loop
      vertex 11.556350039178902 5.145218534908873 0
      vertex 11.64438639617337 4.942748775389314 0
      vertex 11.64438639617337 4.942748775389314 4.9
    endloop
  endfacet
  facet normal -0.9170600743851243 -0.39874906892524575 0
    outer loop
      vertex 11.556350039178902 5.145218534908873 0
      vertex 11.64438639617337 4.942748775389314 4.9
      vertex 11.556350039178902 5.145218534908873 4.9
    endloop
  endfacet
  facet normal 0 0 1
    outer loop
      vertex 11.556350039178902 5.145218534908873 4.9
      vertex 11.64438639617337 4.942748775389314 4.9
      vertex 14.5 13.15 4.9
    endloop
  endfacet
  facet normal -0.9238795325112862 0.3826834323650913 0
    outer loop
      vertex 11.64438639617337 -4.942748775389314 0
      vertex 11.64438639617337 -4.942748775389314 4.9
      vertex 11.728875760269862 -4.738773406711287 0
    endloop
  endfacet
  facet normal 0 0 1
    outer loop
      vertex 11.64438639617337 -4.942748775389314 0
      vertex 11.728875760269862 -4.738773406711287 0
      vertex 11.728875760269862 4.738773406711287 0
    endloop
  endfacet
  facet normal 0 0 1
    outer loop
      vertex 11.64438639617337 -4.942748775389314 0
      vertex 11.728875760269862 4.738773406711287 0
      vertex 11.64438639617337 4.942748775389314 0
    endloop
  endfacet
  facet normal -0.9238795325112862 0.3826834323650913 0
    outer loop
      vertex 11.64438639617337 -4.942748775389314 4.9
      vertex 11.728875760269862 -4.738773406711287 4.9
      vertex 11.728875760269862 -4.738773406711287 0
    endloop
  endfacet
  facet normal 0 0 1
    outer loop
      vertex 11.64438639617337 -4.942748775389314 4.9
      vertex 14.5 -13.15 4.9
      vertex 11.728875760269862 -4.738773406711287 4.9
    endloop
  endfacet
  facet normal -0.9238795325112862 -0.3826834323650913 0
    outer loop
      vertex 11.64438639617337 4.942748775389314 0
      vertex 11.728875760269862 4.738773406711287 0
      vertex 11.728875760269862 4.738773406711287 4.9
    endloop
  endfacet
  facet normal -0.9238795325112862 -0.3826834323650913 0
    outer loop
      vertex 11.64438639617337 4.942748775389314 0
      vertex 11.728875760269862 4.738773406711287 4.9
      vertex 11.64438639617337 4.942748775389314 4.9
    endloop
  endfacet
  facet normal 0 0 1
    outer loop
      vertex 11.64438639617337 4.942748775389314 4.9
      vertex 11.728875760269862 4.738773406711287 4.9
      vertex 14.5 13.15 4.9
    endloop
  endfacet
  facet normal -0.9304175679820267 0.36650122672429175 0
    outer loop
      vertex 11.728875760269862 -4.738773406711287 0
      vertex 11.728875760269862 -4.738773406711287 4.9
      vertex 11.809792395189602 -4.533354561748048 0
    endloop
  endfacet
  facet normal 0 0 1
    outer loop
      vertex 11.728875760269862 -4.738773406711287 0
      vertex 11.809792395189602 -4.533354561748048 0
      vertex 11.809792395189602 4.533354561748048 0
    endloop
  endfacet
  facet normal 0 0 1
    outer loop
      vertex 11.728875760269862 -4.738773406711287 0
      vertex 11.809792395189602 4.533354561748048 0
      vertex 11.728875760269862 4.738773406711287 0
    endloop
  endfacet
  facet normal -0.9304175679820267 0.36650122672429175 0
    outer loop
      vertex 11.728875760269862 -4.738773406711287 4.9
      vertex 11.809792395189602 -4.533354561748048 4.9
      vertex 11.809792395189602 -4.533354561748048 0
    endloop
  endfacet
  facet normal 0 0 1
    outer loop
      vertex 11.728875760269862 -4.738773406711287 4.9
      vertex 14.5 -13.15 4.9
      vertex 11.809792395189602 -4.533354561748048 4.9
    endloop
  endfacet
  facet normal -0.9304175679820267 -0.36650122672429175 0
    outer loop
      vertex 11.728875760269862 4.738773406711287 0
      vertex 11.809792395189602 4.533354561748048 0
      vertex 11.809792395189602 4.533354561748048 4.9
    endloop
  endfacet
  facet normal -0.9304175679820267 -0.36650122672429175 0
    outer loop
      vertex 11.728875760269862 4.738773406711287 0
      vertex 11.809792395189602 4.533354561748048 4.9
      vertex 11.728875760269862 4.738773406711287 4.9
    endloop
  endfacet
  facet normal 0 0 1
    outer loop
      vertex 11.728875760269862 4.738773406711287 4.9
      vertex 11.809792395189602 4.533354561748048 4.9
      vertex 14.5 13.15 4.9
    endloop
  endfacet
  facet normal -0.936672189248395 0.3502073812594742 0
    outer loop
      vertex 11.809792395189602 -4.533354561748048 0
      vertex 11.809792395189602 -4.533354561748048 4.9
      vertex 11.887111652941742 -4.326554813069709 0
    endloop
  endfacet
  facet normal 0 0 1
    outer loop
      vertex 11.809792395189602 -4.533354561748048 0
      vertex 11.887111652941742 -4.326554813069709 0
      vertex 11.887111652941742 4.326554813069709 0
    endloop
  endfacet
  facet normal 0 0 1
    outer loop
      vertex 11.809792395189602 -4.533354561748048 0
      vertex 11.887111652941742 4.326554813069709 0
      vertex 11.809792395189602 4.533354561748048 0
    endloop
  endfacet
  facet normal -0.936672189248395 0.3502073812594742 0
    outer loop
      vertex 11.809792395189602 -4.533354561748048 4.9
      vertex 11.887111652941742 -4.326554813069709 4.9
      vertex 11.887111652941742 -4.326554813069709 0
    endloop
  endfacet
  facet normal 0 0 1
    outer loop
      vertex 11.809792395189602 -4.533354561748048 4.9
      vertex 14.5 -13.15 4.9
      vertex 11.887111652941742 -4.326554813069709 4.9
    endloop
  endfacet
  facet normal -0.936672189248395 -0.3502073812594742 0
    outer loop
      vertex 11.809792395189602 4.533354561748048 0
      vertex 11.887111652941742 4.326554813069709 0
      vertex 11.887111652941742 4.326554813069709 4.9
    endloop
  endfacet
  facet normal -0.936672189248395 -0.3502073812594742 0
    outer loop
      vertex 11.809792395189602 4.533354561748048 0
      vertex 11.887111652941742 4.326554813069709 4.9
      vertex 11.809792395189602 4.533354561748048 4.9
    endloop
  endfacet
  facet normal 0 0 1
    outer loop
      vertex 11.809792395189602 4.533354561748048 4.9
      vertex 11.887111652941742 4.326554813069709 4.9
      vertex 14.5 13.15 4.9
    endloop
  endfacet
  facet normal -0.9426414910921783 0.33380685923377096 0
    outer loop
      vertex 11.887111652941742 -4.326554813069709 0
      vertex 11.887111652941742 -4.326554813069709 4.9
      vertex 11.960809981331359 -4.118437153883033 0
    endloop
  endfacet
  facet normal 0 0 1
    outer loop
      vertex 11.887111652941742 -4.326554813069709 0
      vertex 11.960809981331359 -4.118437153883033 0
      vertex 11.960809981331359 4.118437153883033 0
    endloop
  endfacet
  facet normal 0 0 1
    outer loop
      vertex 11.887111652941742 -4.326554813069709 0
      vertex 11.960809981331359 4.118437153883033 0
      vertex 11.887111652941742 4.326554813069709 0
    endloop
  endfacet
  facet normal -0.9426414910921783 0.33380685923377096 0
    outer loop
      vertex 11.887111652941742 -4.326554813069709 4.9
      vertex 11.960809981331359 -4.118437153883033 4.9
      vertex 11.960809981331359 -4.118437153883033 0
    endloop
  endfacet
  facet normal 0 0 1
    outer loop
      vertex 11.887111652941742 -4.326554813069709 4.9
      vertex 14.5 -13.15 4.9
      vertex 11.960809981331359 -4.118437153883033 4.9
    endloop
  endfacet
  facet normal -0.9426414910921783 -0.33380685923377096 0
    outer loop
      vertex 11.887111652941742 4.326554813069709 0
      vertex 11.960809981331359 4.118437153883033 0
      vertex 11.960809981331359 4.118437153883033 4.9
    endloop
  endfacet
  facet normal -0.9426414910921783 -0.33380685923377096 0
    outer loop
      vertex 11.887111652941742 4.326554813069709 0
      vertex 11.960809981331359 4.118437153883033 4.9
      vertex 11.887111652941742 4.326554813069709 4.9
    endloop
  endfacet
  facet normal 0 0 1
    outer loop
      vertex 11.887111652941742 4.326554813069709 4.9
      vertex 11.960809981331359 4.118437153883033 4.9
      vertex 14.5 13.15 4.9
    endloop
  endfacet
  facet normal -0.9483236552062019 0.3173046564050845 0
    outer loop
      vertex 11.960809981331359 -4.118437153883033 0
      vertex 11.960809981331359 -4.118437153883033 4.9
      vertex 12.030864931133692 -3.9090649788430847 0
    endloop
  endfacet
  facet normal 0 0 1
    outer loop
      vertex 11.960809981331359 -4.118437153883033 0
      vertex 12.030864931133692 -3.9090649788430847 0
      vertex 12.030864931133692 3.9090649788430847 0
    endloop
  endfacet
  facet normal 0 0 1
    outer loop
      vertex 11.960809981331359 -4.118437153883033 0
      vertex 12.030864931133692 3.9090649788430847 0
      vertex 11.960809981331359 4.118437153883033 0
    endloop
  endfacet
  facet normal -0.9483236552062019 0.3173046564050845 0
    outer loop
      vertex 11.960809981331359 -4.118437153883033 4.9
      vertex 12.030864931133692 -3.9090649788430847 4.9
      vertex 12.030864931133692 -3.9090649788430847 0
    endloop
  endfacet
  facet normal 0 0 1
    outer loop
      vertex 11.960809981331359 -4.118437153883033 4.9
      vertex 14.5 -13.15 4.9
      vertex 12.030864931133692 -3.9090649788430847 4.9
    endloop
  endfacet
  facet normal -0.9483236552062019 -0.3173046564050845 0
    outer loop
      vertex 11.960809981331359 4.118437153883033 0
      vertex 12.030864931133692 3.9090649788430847 0
      vertex 12.030864931133692 3.9090649788430847 4.9
    endloop
  endfacet
  facet normal -0.9483236552062019 -0.3173046564050845 0
    outer loop
      vertex 11.960809981331359 4.118437153883033 0
      vertex 12.030864931133692 3.9090649788430847 4.9
      vertex 11.960809981331359 4.118437153883033 4.9
    endloop
  endfacet
  facet normal 0 0 1
    outer loop
      vertex 11.960809981331359 4.118437153883033 4.9
      vertex 12.030864931133692 3.9090649788430847 4.9
      vertex 14.5 13.15 4.9
    endloop
  endfacet
  facet normal -0.953716950748226 0.300705799504276 0
    outer loop
      vertex 12.030864931133692 -3.9090649788430847 0
      vertex 12.030864931133692 -3.9090649788430847 4.9
      vertex 12.097255162932399 -3.69850206474262 0
    endloop
  endfacet
  facet normal 0 0 1
    outer loop
      vertex 12.030864931133692 -3.9090649788430847 0
      vertex 12.097255162932399 -3.69850206474262 0
      vertex 12.097255162932399 3.69850206474262 0
    endloop
  endfacet
  facet normal 0 0 1
    outer loop
      vertex 12.030864931133692 -3.9090649788430847 0
      vertex 12.097255162932399 3.69850206474262 0
      vertex 12.030864931133692 3.9090649788430847 0
    endloop
  endfacet
  facet normal -0.953716950748226 0.300705799504276 0
    outer loop
      vertex 12.030864931133692 -3.9090649788430847 4.9
      vertex 12.097255162932399 -3.69850206474262 4.9
      vertex 12.097255162932399 -3.69850206474262 0
    endloop
  endfacet
  facet normal 0 0 1
    outer loop
      vertex 12.030864931133692 -3.9090649788430847 4.9
      vertex 14.5 -13.15 4.9
      vertex 12.097255162932399 -3.69850206474262 4.9
    endloop
  endfacet
  facet normal -0.953716950748226 -0.300705799504276 0
    outer loop
      vertex 12.030864931133692 3.9090649788430847 0
      vertex 12.097255162932399 3.69850206474262 0
      vertex 12.097255162932399 3.69850206474262 4.9
    endloop
  endfacet
  facet normal -0.953716950748226 -0.300705799504276 0
    outer loop
      vertex 12.030864931133692 3.9090649788430847 0
      vertex 12.097255162932399 3.69850206474262 4.9
      vertex 12.030864931133692 3.9090649788430847 4.9
    endloop
  endfacet
  facet normal 0 0 1
    outer loop
      vertex 12.030864931133692 3.9090649788430847 4.9
      vertex 12.097255162932399 3.69850206474262 4.9
      vertex 14.5 13.15 4.9
    endloop
  endfacet
  facet normal -0.958819734868193 0.2840153447039221 0
    outer loop
      vertex 12.097255162932399 -3.69850206474262 0
      vertex 12.097255162932399 -3.69850206474262 4.9
      vertex 12.159960453619734 -3.4868125510850394 0
    endloop
  endfacet
  facet normal 0 0 1
    outer loop
      vertex 12.097255162932399 -3.69850206474262 0
      vertex 12.159960453619734 -3.4868125510850394 0
      vertex 12.159960453619734 3.4868125510850394 0
    endloop
  endfacet
  facet normal 0 0 1
    outer loop
      vertex 12.097255162932399 -3.69850206474262 0
      vertex 12.159960453619734 3.4868125510850394 0
      vertex 12.097255162932399 3.69850206474262 0
    endloop
  endfacet
  facet normal -0.958819734868193 0.2840153447039221 0
    outer loop
      vertex 12.097255162932399 -3.69850206474262 4.9
      vertex 12.159960453619734 -3.4868125510850394 4.9
      vertex 12.159960453619734 -3.4868125510850394 0
    endloop
  endfacet
  facet normal 0 0 1
    outer loop
      vertex 12.097255162932399 -3.69850206474262 4.9
      vertex 14.5 -13.15 4.9
      vertex 12.159960453619734 -3.4868125510850394 4.9
    endloop
  endfacet
  facet normal -0.958819734868193 -0.2840153447039221 0
    outer loop
      vertex 12.097255162932399 3.69850206474262 0
      vertex 12.159960453619734 3.4868125510850394 0
      vertex 12.159960453619734 3.4868125510850394 4.9
    endloop
  endfacet
  facet normal -0.958819734868193 -0.2840153447039221 0
    outer loop
      vertex 12.097255162932399 3.69850206474262 0
      vertex 12.159960453619734 3.4868125510850394 4.9
      vertex 12.097255162932399 3.69850206474262 4.9
    endloop
  endfacet
  facet normal 0 0 1
    outer loop
      vertex 12.097255162932399 3.69850206474262 4.9
      vertex 12.159960453619734 3.4868125510850394 4.9
      vertex 14.5 13.15 4.9
    endloop
  endfacet
  facet normal -0.9636304532086214 0.26723837607826273 0
    outer loop
      vertex 12.159960453619734 -3.4868125510850394 0
      vertex 12.159960453619734 -3.4868125510850394 4.9
      vertex 12.218961702556715 -3.2740609205468876 0
    endloop
  endfacet
  facet normal 0 0 1
    outer loop
      vertex 12.159960453619734 -3.4868125510850394 0
      vertex 12.218961702556715 -3.2740609205468876 0
      vertex 12.218961702556715 3.2740609205468876 0
    endloop
  endfacet
  facet normal 0 0 1
    outer loop
      vertex 12.159960453619734 -3.4868125510850394 0
      vertex 12.218961702556715 3.2740609205468876 0
      vertex 12.159960453619734 3.4868125510850394 0
    endloop
  endfacet
  facet normal -0.9636304532086214 0.26723837607826273 0
    outer loop
      vertex 12.159960453619734 -3.4868125510850394 4.9
      vertex 12.218961702556715 -3.2740609205468876 4.9
      vertex 12.218961702556715 -3.2740609205468876 0
    endloop
  endfacet
  facet normal 0 0 1
    outer loop
      vertex 12.159960453619734 -3.4868125510850394 4.9
      vertex 14.5 -13.15 4.9
      vertex 12.218961702556715 -3.2740609205468876 4.9
    endloop
  endfacet
  facet normal -0.9636304532086214 -0.26723837607826273 0
    outer loop
      vertex 12.159960453619734 3.4868125510850394 0
      vertex 12.218961702556715 3.2740609205468876 0
      vertex 12.218961702556715 3.2740609205468876 4.9
    endloop
  endfacet
  facet normal -0.9636304532086214 -0.26723837607826273 0
    outer loop
      vertex 12.159960453619734 3.4868125510850394 0
      vertex 12.218961702556715 3.2740609205468876 4.9
      vertex 12.159960453619734 3.4868125510850394 4.9
    endloop
  endfacet
  facet normal 0 0 1
    outer loop
      vertex 12.159960453619734 3.4868125510850394 4.9
      vertex 12.218961702556715 3.2740609205468876 4.9
      vertex 14.5 13.15 4.9
    endloop
  endfacet
  facet normal -0.9681476403781082 0.25038000405444 0
    outer loop
      vertex 12.218961702556715 -3.2740609205468876 0
      vertex 12.218961702556715 -3.2740609205468876 4.9
      vertex 12.274240937391356 -3.060311979335797 0
    endloop
  endfacet
  facet normal 0 0 1
    outer loop
      vertex 12.218961702556715 -3.2740609205468876 0
      vertex 12.274240937391356 -3.060311979335797 0
      vertex 12.274240937391356 3.060311979335797 0
    endloop
  endfacet
  facet normal 0 0 1
    outer loop
      vertex 12.218961702556715 -3.2740609205468876 0
      vertex 12.274240937391356 3.060311979335797 0
      vertex 12.218961702556715 3.2740609205468876 0
    endloop
  endfacet
  facet normal -0.9681476403781082 0.25038000405444 0
    outer loop
      vertex 12.218961702556715 -3.2740609205468876 4.9
      vertex 12.274240937391356 -3.060311979335797 4.9
      vertex 12.274240937391356 -3.060311979335797 0
    endloop
  endfacet
  facet normal 0 0 1
    outer loop
      vertex 12.218961702556715 -3.2740609205468876 4.9
      vertex 14.5 -13.15 4.9
      vertex 12.274240937391356 -3.060311979335797 4.9
    endloop
  endfacet
  facet normal -0.9681476403781082 -0.25038000405444 0
    outer loop
      vertex 12.218961702556715 3.2740609205468876 0
      vertex 12.274240937391356 3.060311979335797 0
      vertex 12.274240937391356 3.060311979335797 4.9
    endloop
  endfacet
  facet normal -0.9681476403781082 -0.25038000405444 0
    outer loop
      vertex 12.218961702556715 3.2740609205468876 0
      vertex 12.274240937391356 3.060311979335797 4.9
      vertex 12.218961702556715 3.2740609205468876 4.9
    endloop
  endfacet
  facet normal 0 0 1
    outer loop
      vertex 12.218961702556715 3.2740609205468876 4.9
      vertex 12.274240937391356 3.060311979335797 4.9
      vertex 14.5 13.15 4.9
    endloop
  endfacet
  facet normal -0.9723699203976774 0.2334453638559017 0
    outer loop
      vertex 12.274240937391356 -3.060311979335797 0
      vertex 12.274240937391356 -3.060311979335797 4.9
      vertex 12.325781319533226 -2.8456308374498924 0
    endloop
  endfacet
  facet normal 0 0 1
    outer loop
      vertex 12.274240937391356 -3.060311979335797 0
      vertex 12.325781319533226 -2.8456308374498924 0
      vertex 12.325781319533226 2.8456308374498924 0
    endloop
  endfacet
  facet normal 0 0 1
    outer loop
      vertex 12.274240937391356 -3.060311979335797 0
      vertex 12.325781319533226 2.8456308374498924 0
      vertex 12.274240937391356 3.060311979335797 0
    endloop
  endfacet
  facet normal -0.9723699203976774 0.2334453638559017 0
    outer loop
      vertex 12.274240937391356 -3.060311979335797 4.9
      vertex 12.325781319533226 -2.8456308374498924 4.9
      vertex 12.325781319533226 -2.8456308374498924 0
    endloop
  endfacet
  facet normal 0 0 1
    outer loop
      vertex 12.274240937391356 -3.060311979335797 4.9
      vertex 14.5 -13.15 4.9
      vertex 12.325781319533226 -2.8456308374498924 4.9
    endloop
  endfacet
  facet normal -0.9723699203976774 -0.2334453638559017 0
    outer loop
      vertex 12.274240937391356 3.060311979335797 0
      vertex 12.325781319533226 2.8456308374498924 0
      vertex 12.325781319533226 2.8456308374498924 4.9
    endloop
  endfacet
  facet normal -0.9723699203976774 -0.2334453638559017 0
    outer loop
      vertex 12.274240937391356 3.060311979335797 0
      vertex 12.325781319533226 2.8456308374498924 4.9
      vertex 12.274240937391356 3.060311979335797 4.9
    endloop
  endfacet
  facet normal 0 0 1
    outer loop
      vertex 12.274240937391356 3.060311979335797 4.9
      vertex 12.325781319533226 2.8456308374498924 4.9
      vertex 14.5 13.15 4.9
    endloop
  endfacet
  facet normal -0.9762960071199323 0.21643961393810832 0
    outer loop
      vertex 12.325781319533226 -2.8456308374498924 0
      vertex 12.325781319533226 -2.8456308374498924 4.9
      vertex 12.373567149282643 -2.630082888844656 0
    endloop
  endfacet
  facet normal 0 0 1
    outer loop
      vertex 12.325781319533226 -2.8456308374498924 0
      vertex 12.373567149282643 -2.630082888844656 0
      vertex 12.373567149282643 2.630082888844656 0
    endloop
  endfacet
  facet normal 0 0 1
    outer loop
      vertex 12.325781319533226 -2.8456308374498924 0
      vertex 12.373567149282643 2.630082888844656 0
      vertex 12.325781319533226 2.8456308374498924 0
    endloop
  endfacet
  facet normal -0.9762960071199323 0.21643961393810832 0
    outer loop
      vertex 12.325781319533226 -2.8456308374498924 4.9
      vertex 12.373567149282643 -2.630082888844656 4.9
      vertex 12.373567149282643 -2.630082888844656 0
    endloop
  endfacet
  facet normal 0 0 1
    outer loop
      vertex 12.325781319533226 -2.8456308374498924 4.9
      vertex 14.5 -13.15 4.9
      vertex 12.373567149282643 -2.630082888844656 4.9
    endloop
  endfacet
  facet normal -0.9762960071199323 -0.21643961393810832 0
    outer loop
      vertex 12.325781319533226 2.8456308374498924 0
      vertex 12.373567149282643 2.630082888844656 0
      vertex 12.373567149282643 2.630082888844656 4.9
    endloop
  endfacet
  facet normal -0.9762960071199323 -0.21643961393810832 0
    outer loop
      vertex 12.325781319533226 2.8456308374498924 0
      vertex 12.373567149282643 2.630082888844656 4.9
      vertex 12.325781319533226 2.8456308374498924 4.9
    endloop
  endfacet
  facet normal 0 0 1
    outer loop
      vertex 12.325781319533226 2.8456308374498924 4.9
      vertex 12.373567149282643 2.630082888844656 4.9
      vertex 14.5 13.15 4.9
    endloop
  endfacet
  facet normal -0.9799247046208306 0.19936793441719244 0
    outer loop
      vertex 12.373567149282643 -2.630082888844656 0
      vertex 12.373567149282643 -2.630082888844656 4.9
      vertex 12.41758387061295 -2.413733791513292 0
    endloop
  endfacet
  facet normal 0 0 1
    outer loop
      vertex 12.373567149282643 -2.630082888844656 0
      vertex 12.41758387061295 -2.413733791513292 0
      vertex 12.41758387061295 2.413733791513292 0
    endloop
  endfacet
  facet normal 0 0 1
    outer loop
      vertex 12.373567149282643 -2.630082888844656 0
      vertex 12.41758387061295 2.413733791513292 0
      vertex 12.373567149282643 2.630082888844656 0
    endloop
  endfacet
  facet normal -0.9799247046208306 0.19936793441719244 0
    outer loop
      vertex 12.373567149282643 -2.630082888844656 4.9
      vertex 12.41758387061295 -2.413733791513292 4.9
      vertex 12.41758387061295 -2.413733791513292 0
    endloop
  endfacet
  facet normal 0 0 1
    outer loop
      vertex 12.373567149282643 -2.630082888844656 4.9
      vertex 14.5 -13.15 4.9
      vertex 12.41758387061295 -2.413733791513292 4.9
    endloop
  endfacet
  facet normal -0.9799247046208306 -0.19936793441719244 0
    outer loop
      vertex 12.373567149282643 2.630082888844656 0
      vertex 12.41758387061295 2.413733791513292 0
      vertex 12.41758387061295 2.413733791513292 4.9
    endloop
  endfacet
  facet normal -0.9799247046208306 -0.19936793441719244 0
    outer loop
      vertex 12.373567149282643 2.630082888844656 0
      vertex 12.41758387061295 2.413733791513292 4.9
      vertex 12.373567149282643 2.630082888844656 4.9
    endloop
  endfacet
  facet normal 0 0 1
    outer loop
      vertex 12.373567149282643 2.630082888844656 4.9
      vertex 12.41758387061295 2.413733791513292 4.9
      vertex 14.5 13.15 4.9
    endloop
  endfacet
  facet normal -0.9832549075639544 0.18223552549214864 0
    outer loop
      vertex 12.41758387061295 -2.413733791513292 0
      vertex 12.41758387061295 -2.413733791513292 4.9
      vertex 12.457818075604433 -2.196649447486669 0
    endloop
  endfacet
  facet normal 0 0 1
    outer loop
      vertex 12.41758387061295 -2.413733791513292 0
      vertex 12.457818075604433 -2.196649447486669 0
      vertex 12.457818075604433 2.196649447486669 0
    endloop
  endfacet
  facet normal 0 0 1
    outer loop
      vertex 12.41758387061295 -2.413733791513292 0
      vertex 12.457818075604433 2.196649447486669 0
      vertex 12.41758387061295 2.413733791513292 0
    endloop
  endfacet
  facet normal -0.9832549075639544 0.18223552549214864 0
    outer loop
      vertex 12.41758387061295 -2.413733791513292 4.9
      vertex 12.457818075604433 -2.196649447486669 4.9
      vertex 12.457818075604433 -2.196649447486669 0
    endloop
  endfacet
  facet normal 0 0 1
    outer loop
      vertex 12.41758387061295 -2.413733791513292 4.9
      vertex 14.5 -13.15 4.9
      vertex 12.457818075604433 -2.196649447486669 4.9
    endloop
  endfacet
  facet normal -0.9832549075639544 -0.18223552549214864 0
    outer loop
      vertex 12.41758387061295 2.413733791513292 0
      vertex 12.457818075604433 2.196649447486669 0
      vertex 12.457818075604433 2.196649447486669 4.9
    endloop
  endfacet
  facet normal -0.9832549075639544 -0.18223552549214864 0
    outer loop
      vertex 12.41758387061295 2.413733791513292 0
      vertex 12.457818075604433 2.196649447486669 4.9
      vertex 12.41758387061295 2.413733791513292 4.9
    endloop
  endfacet
  facet normal 0 0 1
    outer loop
      vertex 12.41758387061295 2.413733791513292 4.9
      vertex 12.457818075604433 2.196649447486669 4.9
      vertex 14.5 13.15 4.9
    endloop
  endfacet
  facet normal -0.9862856015372312 0.16504760586067957 0
    outer loop
      vertex 12.457818075604433 -2.196649447486669 0
      vertex 12.457818075604433 -2.196649447486669 4.9
      vertex 12.494257508528493 -1.9788959827589205 0
    endloop
  endfacet
  facet normal 0 0 1
    outer loop
      vertex 12.457818075604433 -2.196649447486669 0
      vertex 12.494257508528493 -1.9788959827589205 0
      vertex 12.494257508528493 1.9788959827589205 0
    endloop
  endfacet
  facet normal 0 0 1
    outer loop
      vertex 12.457818075604433 -2.196649447486669 0
      vertex 12.494257508528493 1.9788959827589205 0
      vertex 12.457818075604433 2.196649447486669 0
    endloop
  endfacet
  facet normal -0.9862856015372312 0.16504760586067957 0
    outer loop
      vertex 12.457818075604433 -2.196649447486669 4.9
      vertex 12.494257508528493 -1.9788959827589205 4.9
      vertex 12.494257508528493 -1.9788959827589205 0
    endloop
  endfacet
  facet normal 0 0 1
    outer loop
      vertex 12.457818075604433 -2.196649447486669 4.9
      vertex 14.5 -13.15 4.9
      vertex 12.494257508528493 -1.9788959827589205 4.9
    endloop
  endfacet
  facet normal -0.9862856015372312 -0.16504760586067957 0
    outer loop
      vertex 12.457818075604433 2.196649447486669 0
      vertex 12.494257508528493 1.9788959827589205 0
      vertex 12.494257508528493 1.9788959827589205 4.9
    endloop
  endfacet
  facet normal -0.9862856015372312 -0.16504760586067957 0
    outer loop
      vertex 12.457818075604433 2.196649447486669 0
      vertex 12.494257508528493 1.9788959827589205 4.9
      vertex 12.457818075604433 2.196649447486669 4.9
    endloop
  endfacet
  facet normal 0 0 1
    outer loop
      vertex 12.457818075604433 2.196649447486669 4.9
      vertex 12.494257508528493 1.9788959827589205 4.9
      vertex 14.5 13.15 4.9
    endloop
  endfacet
  facet normal -0.9890158633619174 0.14780941112960658 0
    outer loop
      vertex 12.494257508528493 -1.9788959827589205 0
      vertex 12.494257508528493 -1.9788959827589205 4.9
      vertex 12.526891069580865 -1.7605397271448278 0
    endloop
  endfacet
  facet normal 0 0 1
    outer loop
      vertex 12.494257508528493 -1.9788959827589205 0
      vertex 12.526891069580865 -1.7605397271448278 0
      vertex 12.526891069580865 1.7605397271448278 0
    endloop
  endfacet
  facet normal 0 0 1
    outer loop
      vertex 12.494257508528493 -1.9788959827589205 0
      vertex 12.526891069580865 1.7605397271448278 0
      vertex 12.494257508528493 1.9788959827589205 0
    endloop
  endfacet
  facet normal -0.9890158633619174 0.14780941112960658 0
    outer loop
      vertex 12.494257508528493 -1.9788959827589205 4.9
      vertex 12.526891069580865 -1.7605397271448278 4.9
      vertex 12.526891069580865 -1.7605397271448278 0
    endloop
  endfacet
  facet normal 0 0 1
    outer loop
      vertex 12.494257508528493 -1.9788959827589205 4.9
      vertex 14.5 -13.15 4.9
      vertex 12.526891069580865 -1.7605397271448278 4.9
    endloop
  endfacet
  facet normal -0.9890158633619174 -0.14780941112960658 0
    outer loop
      vertex 12.494257508528493 1.9788959827589205 0
      vertex 12.526891069580865 1.7605397271448278 0
      vertex 12.526891069580865 1.7605397271448278 4.9
    endloop
  endfacet
  facet normal -0.9890158633619174 -0.14780941112960658 0
    outer loop
      vertex 12.494257508528493 1.9788959827589205 0
      vertex 12.526891069580865 1.7605397271448278 4.9
      vertex 12.494257508528493 1.9788959827589205 4.9
    endloop
  endfacet
  facet normal 0 0 1
    outer loop
      vertex 12.494257508528493 1.9788959827589205 4.9
      vertex 12.526891069580865 1.7605397271448278 4.9
      vertex 14.5 13.15 4.9
    endloop
  endfacet
  facet normal -0.9914448613738112 0.13052619222004572 0
    outer loop
      vertex 12.526891069580865 -1.7605397271448278 0
      vertex 12.526891069580865 -1.7605397271448278 4.9
      vertex 12.555708818262723 -1.5416471940751155 0
    endloop
  endfacet
  facet normal 0 0 1
    outer loop
      vertex 12.526891069580865 -1.7605397271448278 0
      vertex 12.555708818262723 -1.5416471940751155 0
      vertex 12.555708818262723 1.5416471940751155 0
    endloop
  endfacet
  facet normal 0 0 1
    outer loop
      vertex 12.526891069580865 -1.7605397271448278 0
      vertex 12.555708818262723 1.5416471940751155 0
      vertex 12.526891069580865 1.7605397271448278 0
    endloop
  endfacet
  facet normal -0.9914448613738112 0.13052619222004572 0
    outer loop
      vertex 12.526891069580865 -1.7605397271448278 4.9
      vertex 12.555708818262723 -1.5416471940751155 4.9
      vertex 12.555708818262723 -1.5416471940751155 0
    endloop
  endfacet
  facet normal 0 0 1
    outer loop
      vertex 12.526891069580865 -1.7605397271448278 4.9
      vertex 14.5 -13.15 4.9
      vertex 14.5 13.15 4.9
    endloop
  endfacet
  facet normal 0 0 1
    outer loop
      vertex 12.526891069580865 -1.7605397271448278 4.9
      vertex 14.5 13.15 4.9
      vertex 12.555708818262723 -1.5416471940751155 4.9
    endloop
  endfacet
  facet normal -0.9914448613738112 -0.13052619222004572 0
    outer loop
      vertex 12.526891069580865 1.7605397271448278 0
      vertex 12.555708818262723 1.5416471940751155 0
      vertex 12.555708818262723 1.5416471940751155 4.9
    endloop
  endfacet
  facet normal -0.9914448613738112 -0.13052619222004572 0
    outer loop
      vertex 12.526891069580865 1.7605397271448278 0
      vertex 12.555708818262723 1.5416471940751155 4.9
      vertex 12.526891069580865 1.7605397271448278 4.9
    endloop
  endfacet
  facet normal 0 0 1
    outer loop
      vertex 12.526891069580865 1.7605397271448278 4.9
      vertex 12.555708818262723 1.5416471940751155 4.9
      vertex 14.5 13.15 4.9
    endloop
  endfacet
  facet normal -0.9935718556765867 0.11320321376791467 0
    outer loop
      vertex 12.555708818262723 -1.5416471940751155 0
      vertex 12.555708818262723 -1.5416471940751155 4.9
      vertex 12.580701976408658 -1.3222850603358165 0
    endloop
  endfacet
  facet normal 0 0 1
    outer loop
      vertex 12.555708818262723 -1.5416471940751155 0
      vertex 12.580701976408658 -1.3222850603358165 0
      vertex 12.580701976408658 1.3222850603358165 0
    endloop
  endfacet
  facet normal 0 0 1
    outer loop
      vertex 12.555708818262723 -1.5416471940751155 0
      vertex 12.580701976408658 1.3222850603358165 0
      vertex 12.555708818262723 1.5416471940751155 0
    endloop
  endfacet
  facet normal -0.9935718556765867 0.11320321376791467 0
    outer loop
      vertex 12.555708818262723 -1.5416471940751155 4.9
      vertex 12.580701976408658 -1.3222850603358165 4.9
      vertex 12.580701976408658 -1.3222850603358165 0
    endloop
  endfacet
  facet normal 0 0 1
    outer loop
      vertex 12.555708818262723 -1.5416471940751155 4.9
      vertex 14.5 13.15 4.9
      vertex 12.580701976408658 -1.3222850603358165 4.9
    endloop
  endfacet
  facet normal -0.9935718556765867 -0.11320321376791467 0
    outer loop
      vertex 12.555708818262723 1.5416471940751155 0
      vertex 12.580701976408658 1.3222850603358165 0
      vertex 12.580701976408658 1.3222850603358165 4.9
    endloop
  endfacet
  facet normal -0.9935718556765867 -0.11320321376791467 0
    outer loop
      vertex 12.555708818262723 1.5416471940751155 0
      vertex 12.580701976408658 1.3222850603358165 4.9
      vertex 12.555708818262723 1.5416471940751155 4.9
    endloop
  endfacet
  facet normal 0 0 1
    outer loop
      vertex 12.555708818262723 1.5416471940751155 4.9
      vertex 12.580701976408658 1.3222850603358165 4.9
      vertex 14.5 13.15 4.9
    endloop
  endfacet
  facet normal -0.9953961983671786 0.09584575252022628 0
    outer loop
      vertex 12.580701976408658 -1.3222850603358165 0
      vertex 12.580701976408658 -1.3222850603358165 4.9
      vertex 12.601862930860582 -1.102520145757876 0
    endloop
  endfacet
  facet normal 0 0 1
    outer loop
      vertex 12.580701976408658 -1.3222850603358165 0
      vertex 12.601862930860582 -1.102520145757876 0
      vertex 12.601862930860582 1.102520145757876 0
    endloop
  endfacet
  facet normal 0 0 1
    outer loop
      vertex 12.580701976408658 -1.3222850603358165 0
      vertex 12.601862930860582 1.102520145757876 0
      vertex 12.580701976408658 1.3222850603358165 0
    endloop
  endfacet
  facet normal -0.9953961983671786 0.09584575252022628 0
    outer loop
      vertex 12.580701976408658 -1.3222850603358165 4.9
      vertex 12.601862930860582 -1.102520145757876 4.9
      vertex 12.601862930860582 -1.102520145757876 0
    endloop
  endfacet
  facet normal 0 0 1
    outer loop
      vertex 12.580701976408658 -1.3222850603358165 4.9
      vertex 14.5 13.15 4.9
      vertex 12.601862930860582 -1.102520145757876 4.9
    endloop
  endfacet
  facet normal -0.9953961983671786 -0.09584575252022628 0
    outer loop
      vertex 12.580701976408658 1.3222850603358165 0
      vertex 12.601862930860582 1.102520145757876 0
      vertex 12.601862930860582 1.102520145757876 4.9
    endloop
  endfacet
  facet normal -0.9953961983671786 -0.09584575252022628 0
    outer loop
      vertex 12.580701976408658 1.3222850603358165 0
      vertex 12.601862930860582 1.102520145757876 4.9
      vertex 12.580701976408658 1.3222850603358165 4.9
    endloop
  endfacet
  facet normal 0 0 1
    outer loop
      vertex 12.580701976408658 1.3222850603358165 4.9
      vertex 12.601862930860582 1.102520145757876 4.9
      vertex 14.5 13.15 4.9
    endloop
  endfacet
  facet normal -0.9969173337331284 0.07845909572783966 0
    outer loop
      vertex 12.601862930860582 -1.102520145757876 0
      vertex 12.601862930860582 -1.102520145757876 4.9
      vertex 12.619185235786777 -0.882419392863185 0
    endloop
  endfacet
  facet normal 0 0 1
    outer loop
      vertex 12.601862930860582 -1.102520145757876 0
      vertex 12.619185235786777 -0.882419392863185 0
      vertex 12.619185235786777 0.882419392863185 0
    endloop
  endfacet
  facet normal 0 0 1
    outer loop
      vertex 12.601862930860582 -1.102520145757876 0
      vertex 12.619185235786777 0.882419392863185 0
      vertex 12.601862930860582 1.102520145757876 0
    endloop
  endfacet
  facet normal -0.9969173337331284 0.07845909572783966 0
    outer loop
      vertex 12.601862930860582 -1.102520145757876 4.9
      vertex 12.619185235786777 -0.882419392863185 4.9
      vertex 12.619185235786777 -0.882419392863185 0
    endloop
  endfacet
  facet normal 0 0 1
    outer loop
      vertex 12.601862930860582 -1.102520145757876 4.9
      vertex 14.5 13.15 4.9
      vertex 12.619185235786777 -0.882419392863185 4.9
    endloop
  endfacet
  facet normal -0.9969173337331284 -0.07845909572783966 0
    outer loop
      vertex 12.601862930860582 1.102520145757876 0
      vertex 12.619185235786777 0.882419392863185 0
      vertex 12.619185235786777 0.882419392863185 4.9
    endloop
  endfacet
  facet normal -0.9969173337331284 -0.07845909572783966 0
    outer loop
      vertex 12.601862930860582 1.102520145757876 0
      vertex 12.619185235786777 0.882419392863185 4.9
      vertex 12.601862930860582 1.102520145757876 4.9
    endloop
  endfacet
  facet normal 0 0 1
    outer loop
      vertex 12.601862930860582 1.102520145757876 4.9
      vertex 12.619185235786777 0.882419392863185 4.9
      vertex 14.5 13.15 4.9
    endloop
  endfacet
  facet normal -0.9981347984218669 0.06104853953485714 0
    outer loop
      vertex 12.619185235786777 -0.882419392863185 0
      vertex 12.619185235786777 -0.882419392863185 4.9
      vertex 12.63266361464536 -0.6620498464732395 0
    endloop
  endfacet
  facet normal 0 0 1
    outer loop
      vertex 12.619185235786777 -0.882419392863185 0
      vertex 12.63266361464536 -0.6620498464732395 0
      vertex 12.63266361464536 0.6620498464732395 0
    endloop
  endfacet
  facet normal 0 0 1
    outer loop
      vertex 12.619185235786777 -0.882419392863185 0
      vertex 12.63266361464536 0.6620498464732395 0
      vertex 12.619185235786777 0.882419392863185 0
    endloop
  endfacet
  facet normal -0.9981347984218669 0.06104853953485714 0
    outer loop
      vertex 12.619185235786777 -0.882419392863185 4.9
      vertex 12.63266361464536 -0.6620498464732395 4.9
      vertex 12.63266361464536 -0.6620498464732395 0
    endloop
  endfacet
  facet normal 0 0 1
    outer loop
      vertex 12.619185235786777 -0.882419392863185 4.9
      vertex 14.5 13.15 4.9
      vertex 12.63266361464536 -0.6620498464732395 4.9
    endloop
  endfacet
  facet normal -0.9981347984218669 -0.06104853953485714 0
    outer loop
      vertex 12.619185235786777 0.882419392863185 0
      vertex 12.63266361464536 0.6620498464732395 0
      vertex 12.63266361464536 0.6620498464732395 4.9
    endloop
  endfacet
  facet normal -0.9981347984218669 -0.06104853953485714 0
    outer loop
      vertex 12.619185235786777 0.882419392863185 0
      vertex 12.63266361464536 0.6620498464732395 4.9
      vertex 12.619185235786777 0.882419392863185 4.9
    endloop
  endfacet
  facet normal 0 0 1
    outer loop
      vertex 12.619185235786777 0.882419392863185 4.9
      vertex 12.63266361464536 0.6620498464732395 4.9
      vertex 14.5 13.15 4.9
    endloop
  endfacet
  facet normal -0.9990482215818575 0.04361938736534251 0
    outer loop
      vertex 12.63266361464536 -0.6620498464732395 0
      vertex 12.63266361464536 -0.6620498464732395 4.9
      vertex 12.642293961791562 -0.4414786332866373 0
    endloop
  endfacet
  facet normal 0 0 1
    outer loop
      vertex 12.63266361464536 -0.6620498464732395 0
      vertex 12.642293961791562 -0.4414786332866373 0
      vertex 12.642293961791562 0.4414786332866373 0
    endloop
  endfacet
  facet normal 0 0 1
    outer loop
      vertex 12.63266361464536 -0.6620498464732395 0
      vertex 12.642293961791562 0.4414786332866373 0
      vertex 12.63266361464536 0.6620498464732395 0
    endloop
  endfacet
  facet normal -0.9990482215818575 0.04361938736534251 0
    outer loop
      vertex 12.63266361464536 -0.6620498464732395 4.9
      vertex 12.642293961791562 -0.4414786332866373 4.9
      vertex 12.642293961791562 -0.4414786332866373 0
    endloop
  endfacet
  facet normal 0 0 1
    outer loop
      vertex 12.63266361464536 -0.6620498464732395 4.9
      vertex 14.5 13.15 4.9
      vertex 12.642293961791562 -0.4414786332866373 4.9
    endloop
  endfacet
  facet normal -0.9990482215818575 -0.04361938736534251 0
    outer loop
      vertex 12.63266361464536 0.6620498464732395 0
      vertex 12.642293961791562 0.4414786332866373 0
      vertex 12.642293961791562 0.4414786332866373 4.9
    endloop
  endfacet
  facet normal -0.9990482215818575 -0.04361938736534251 0
    outer loop
      vertex 12.63266361464536 0.6620498464732395 0
      vertex 12.642293961791562 0.4414786332866373 4.9
      vertex 12.63266361464536 0.6620498464732395 4.9
    endloop
  endfacet
  facet normal 0 0 1
    outer loop
      vertex 12.63266361464536 0.6620498464732395 4.9
      vertex 12.642293961791562 0.4414786332866373 4.9
      vertex 14.5 13.15 4.9
    endloop
  endfacet
  facet normal -0.9996573249755573 0.02617694830787409 0
    outer loop
      vertex 12.642293961791562 -0.4414786332866373 0
      vertex 12.642293961791562 -0.4414786332866373 4.9
      vertex 12.64807334372835 -0.22077294143163642 0
    endloop
  endfacet
  facet normal 0 0 1
    outer loop
      vertex 12.642293961791562 -0.4414786332866373 0
      vertex 12.64807334372835 -0.22077294143163642 0
      vertex 12.64807334372835 0.22077294143163642 0
    endloop
  endfacet
  facet normal 0 0 1
    outer loop
      vertex 12.642293961791562 -0.4414786332866373 0
      vertex 12.64807334372835 0.22077294143163642 0
      vertex 12.642293961791562 0.4414786332866373 0
    endloop
  endfacet
  facet normal -0.9996573249755573 0.02617694830787409 0
    outer loop
      vertex 12.642293961791562 -0.4414786332866373 4.9
      vertex 12.64807334372835 -0.22077294143163642 4.9
      vertex 12.64807334372835 -0.22077294143163642 0
    endloop
  endfacet
  facet normal 0 0 1
    outer loop
      vertex 12.642293961791562 -0.4414786332866373 4.9
      vertex 14.5 13.15 4.9
      vertex 12.64807334372835 -0.22077294143163642 4.9
    endloop
  endfacet
  facet normal -0.9996573249755573 -0.02617694830787409 0
    outer loop
      vertex 12.642293961791562 0.4414786332866373 0
      vertex 12.64807334372835 0.22077294143163642 0
      vertex 12.64807334372835 0.22077294143163642 4.9
    endloop
  endfacet
  facet normal -0.9996573249755573 -0.02617694830787409 0
    outer loop
      vertex 12.642293961791562 0.4414786332866373 0
      vertex 12.64807334372835 0.22077294143163642 4.9
      vertex 12.642293961791562 0.4414786332866373 4.9
    endloop
  endfacet
  facet normal 0 0 1
    outer loop
      vertex 12.642293961791562 0.4414786332866373 4.9
      vertex 12.64807334372835 0.22077294143163642 4.9
      vertex 14.5 13.15 4.9
    endloop
  endfacet
  facet normal -0.9999619230641714 0.008726535498368222 0
    outer loop
      vertex 12.64807334372835 -0.22077294143163642 0
      vertex 12.64807334372835 -0.22077294143163642 4.9
      vertex 12.65 0 0
    endloop
  endfacet
  facet normal 0 0 1
    outer loop
      vertex 12.64807334372835 -0.22077294143163642 0
      vertex 12.65 0 0
      vertex 12.64807334372835 0.22077294143163642 0
    endloop
  endfacet
  facet normal -0.9999619230641714 0.008726535498368222 0
    outer loop
      vertex 12.64807334372835 -0.22077294143163642 4.9
      vertex 12.65 0 4.9
      vertex 12.65 0 0
    endloop
  endfacet
  facet normal 0 0 1
    outer loop
      vertex 12.64807334372835 -0.22077294143163642 4.9
      vertex 14.5 13.15 4.9
      vertex 12.65 0 4.9
    endloop
  endfacet
  facet normal -0.9999619230641714 -0.008726535498368222 0
    outer loop
      vertex 12.64807334372835 0.22077294143163642 0
      vertex 12.65 0 0
      vertex 12.65 0 4.9
    endloop
  endfacet
  facet normal -0.9999619230641714 -0.008726535498368222 0
    outer loop
      vertex 12.64807334372835 0.22077294143163642 0
      vertex 12.65 0 4.9
      vertex 12.64807334372835 0.22077294143163642 4.9
    endloop
  endfacet
  facet normal 0 0 1
    outer loop
      vertex 12.64807334372835 0.22077294143163642 4.9
      vertex 12.65 0 4.9
      vertex 14.5 13.15 4.9
    endloop
  endfacet
  facet normal 1 0 0
    outer loop
      vertex 14.5 -13.15 -2
      vertex 14.5 13.15 -2
      vertex 14.5 -13.15 4.9
    endloop
  endfacet
  facet normal 1 0 0
    outer loop
      vertex 14.5 -13.15 4.9
      vertex 14.5 13.15 -2
      vertex 14.5 13.15 4.9
    endloop
  endfacet
  facet normal -1 0 0
    outer loop
      vertex -14.5 -26.15 -2
      vertex -14.5 -26.15 0
      vertex -14.5 -13.15 -2
    endloop
  endfacet
  facet normal 0 0 -1
    outer loop
      vertex -14.5 -26.15 -2
      vertex -14.5 -13.15 -2
      vertex 14.5 -26.15 -2
    endloop
  endfacet
  facet normal 0 -1 0
    outer loop
      vertex -14.5 -26.15 -2
      vertex 14.5 -26.15 -2
      vertex -14.5 -26.15 0
    endloop
  endfacet
  facet normal -1 0 0
    outer loop
      vertex -14.5 -26.15 0
      vertex -14.5 -13.15 3
      vertex -14.5 -13.15 -2
    endloop
  endfacet
  facet normal 0 -1 0
    outer loop
      vertex -14.5 -26.15 0
      vertex 14.5 -26.15 -2
      vertex 14.5 -26.15 0
    endloop
  endfacet
  facet normal 0 -0.22485950669875845 0.9743911956946198
    outer loop
      vertex -14.5 -26.15 0
      vertex 14.5 -26.15 0
      vertex 14.5 -13.15 3
    endloop
  endfacet
  facet normal 0 -0.22485950669875845 0.9743911956946198
    outer loop
      vertex -14.5 -26.15 0
      vertex 14.5 -13.15 3
      vertex -14.5 -13.15 3
    endloop
  endfacet
  facet normal 0 1 0
    outer loop
      vertex -14.5 -13.15 -2
      vertex -14.5 -13.15 3
      vertex 14.5 -13.15 -2
    endloop
  endfacet
  facet normal 0 0 -1
    outer loop
      vertex -14.5 -13.15 -2
      vertex 14.5 -13.15 -2
      vertex 14.5 -26.15 -2
    endloop
  endfacet
  facet normal 0 1 0
    outer loop
      vertex -14.5 -13.15 3
      vertex 14.5 -13.15 3
      vertex 14.5 -13.15 -2
    endloop
  endfacet
  facet normal 1 0 0
    outer loop
      vertex 14.5 -26.15 -2
      vertex 14.5 -13.15 -2
      vertex 14.5 -13.15 3
    endloop
  endfacet
  facet normal 1 0 0
    outer loop
      vertex 14.5 -26.15 -2
      vertex 14.5 -13.15 3
      vertex 14.5 -26.15 0
    endloop
  endfacet
endsolid OpenSCAD_Model
