solid OpenSCAD_Model
  facet normal -1 0 0
    outer loop
      vertex -5 -14 -1.5
      vertex -5 -14 1.5
      vertex -5 0 -1.5
    endloop
  endfacet
  facet normal 0 0 -1
    outer loop
      vertex -5 -14 -1.5
      vertex -5 0 -1.5
      vertex -4 -14 -1.5
    endloop
  endfacet
  facet normal 0 -1 0
    outer loop
      vertex -5 -14 -1.5
      vertex -4 -14 -1.5
      vertex -4 -14 0.5
    endloop
  endfacet
  facet normal 0 -1 0
    outer loop
      vertex -5 -14 -1.5
      vertex -4 -14 0.5
      vertex -5 -14 1.5
    endloop
  endfacet
  facet normal -1 0 0
    outer loop
      vertex -5 -14 1.5
      vertex -5 0 1.5
      vertex -5 0 -1.5
    endloop
  endfacet
  facet normal 0 0 1
    outer loop
      vertex -5 -14 1.5
      vertex -4.999314628203761 0.07853582896777578 1.5
      vertex -5 0 1.5
    endloop
  endfacet
  facet normal 0 -1 0
    outer loop
      vertex -5 -14 1.5
      vertex -4 -14 0.5
      vertex 4 -14 0.5
    endloop
  endfacet
  facet normal 0 -1 0
    outer loop
      vertex -5 -14 1.5
      vertex 4 -14 0.5
      vertex 5 -14 1.5
    endloop
  endfacet
  facet normal 0 0 1
    outer loop
      vertex -5 -14 1.5
      vertex 5 -14 1.5
      vertex -4.999314628203761 0.07853582896777578 1.5
    endloop
  endfacet
  facet normal -0.9999619230641714 0.008726535498367955 0
    outer loop
      vertex -5 0 -1.5
      vertex -5 0 1.5
      vertex -4.999314628203761 0.07853582896777578 1.5
    endloop
  endfacet
  facet normal 0 0 -1
    outer loop
      vertex -5 0 -1.5
      vertex -4.999314628203761 0.07853582896777578 -1.5
      vertex -3.9102952267483233 0.7873286902035277 -1.5
    endloop
  endfacet
  facet normal -0.9999619230641714 0.008726535498367955 0
    outer loop
      vertex -5 0 -1.5
      vertex -4.999314628203761 0.07853582896777578 1.5
      vertex -4.999314628203761 0.07853582896777578 -1.5
    endloop
  endfacet
  facet normal 0 0 -1
    outer loop
      vertex -5 0 -1.5
      vertex -4 0 -1.5
      vertex -4 -14 -1.5
    endloop
  endfacet
  facet normal 0 0 -1
    outer loop
      vertex -5 0 -1.5
      vertex -3.9994669330473696 0.06108342253049237 -1.5
      vertex -4 0 -1.5
    endloop
  endfacet
  facet normal 0 0 -1
    outer loop
      vertex -5 0 -1.5
      vertex -3.997867894566835 0.12214823845875333 -1.5
      vertex -3.9994669330473696 0.06108342253049237 -1.5
    endloop
  endfacet
  facet normal 0 0 -1
    outer loop
      vertex -5 0 -1.5
      vertex -3.9952033716410082 0.18317584685030308 -1.5
      vertex -3.997867894566835 0.12214823845875333 -1.5
    endloop
  endfacet
  facet normal 0 0 -1
    outer loop
      vertex -5 0 -1.5
      vertex -3.9914741759093846 0.2441476581044384 -1.5
      vertex -3.9952033716410082 0.18317584685030308 -1.5
    endloop
  endfacet
  facet normal 0 0 -1
    outer loop
      vertex -5 0 -1.5
      vertex -3.9866814433211095 0.3050450996168035 -1.5
      vertex -3.9914741759093846 0.2441476581044384 -1.5
    endloop
  endfacet
  facet normal 0 0 -1
    outer loop
      vertex -5 0 -1.5
      vertex -3.9808266337889564 0.36584962143678723 -1.5
      vertex -3.9866814433211095 0.3050450996168035 -1.5
    endloop
  endfacet
  facet normal 0 0 -1
    outer loop
      vertex -5 0 -1.5
      vertex -3.973911530744627 0.4265427019180166 -1.5
      vertex -3.9808266337889564 0.36584962143678723 -1.5
    endloop
  endfacet
  facet normal 0 0 -1
    outer loop
      vertex -5 0 -1.5
      vertex -3.9659382405954964 0.48710585336022927 -1.5
      vertex -3.973911530744627 0.4265427019180166 -1.5
    endloop
  endfacet
  facet normal 0 0 -1
    outer loop
      vertex -5 0 -1.5
      vertex -3.956909192082982 0.5475206276408082 -1.5
      vertex -3.9659382405954964 0.48710585336022927 -1.5
    endloop
  endfacet
  facet normal 0 0 -1
    outer loop
      vertex -5 0 -1.5
      vertex -3.946827135542728 0.6077686218342562 -1.5
      vertex -3.956909192082982 0.5475206276408082 -1.5
    endloop
  endfacet
  facet normal 0 0 -1
    outer loop
      vertex -5 0 -1.5
      vertex -3.935695142066824 0.6678314838179071 -1.5
      vertex -3.946827135542728 0.6077686218342562 -1.5
    endloop
  endfacet
  facet normal 0 0 -1
    outer loop
      vertex -5 0 -1.5
      vertex -3.92351660256832 0.7276909178621578 -1.5
      vertex -3.935695142066824 0.6678314838179071 -1.5
    endloop
  endfacet
  facet normal 0 0 -1
    outer loop
      vertex -5 0 -1.5
      vertex -3.9102952267483233 0.7873286902035277 -1.5
      vertex -3.92351660256832 0.7276909178621578 -1.5
    endloop
  endfacet
  facet normal -0.9996573249755571 0.02617694830787669 0
    outer loop
      vertex -4.999314628203761 0.07853582896777578 -1.5
      vertex -4.999314628203761 0.07853582896777578 1.5
      vertex -4.997258721585931 0.15704773516125403 -1.5
    endloop
  endfacet
  facet normal 0 0 -1
    outer loop
      vertex -4.999314628203761 0.07853582896777578 -1.5
      vertex -4.997258721585931 0.15704773516125403 -1.5
      vertex -3.8960350419659875 0.8467266345988369 -1.5
    endloop
  endfacet
  facet normal 0 0 -1
    outer loop
      vertex -4.999314628203761 0.07853582896777578 -1.5
      vertex -3.8960350419659875 0.8467266345988369 -1.5
      vertex -3.9102952267483233 0.7873286902035277 -1.5
    endloop
  endfacet
  facet normal -0.9996573249755571 0.02617694830787669 0
    outer loop
      vertex -4.999314628203761 0.07853582896777578 1.5
      vertex -4.997258721585931 0.15704773516125403 1.5
      vertex -4.997258721585931 0.15704773516125403 -1.5
    endloop
  endfacet
  facet normal 0 0 1
    outer loop
      vertex -4.999314628203761 0.07853582896777578 1.5
      vertex -4.993832906395582 0.2355118030932477 1.5
      vertex -4.997258721585931 0.15704773516125403 1.5
    endloop
  endfacet
  facet normal 0 0 1
    outer loop
      vertex -4.999314628203761 0.07853582896777578 1.5
      vertex -4.989038226169209 0.313904131848564 1.5
      vertex -4.993832906395582 0.2355118030932477 1.5
    endloop
  endfacet
  facet normal 0 0 1
    outer loop
      vertex -4.999314628203761 0.07853582896777578 1.5
      vertex -4.982876141412855 0.3922008423644616 1.5
      vertex -4.989038226169209 0.313904131848564 1.5
    endloop
  endfacet
  facet normal 0 0 1
    outer loop
      vertex -4.999314628203761 0.07853582896777578 1.5
      vertex -4.9753485291572295 0.470378084704441 1.5
      vertex -4.982876141412855 0.3922008423644616 1.5
    endloop
  endfacet
  facet normal 0 0 1
    outer loop
      vertex -4.999314628203761 0.07853582896777578 1.5
      vertex -4.966457682385949 0.5484120453231638 1.5
      vertex -4.9753485291572295 0.470378084704441 1.5
    endloop
  endfacet
  facet normal 0 0 1
    outer loop
      vertex -4.999314628203761 0.07853582896777578 1.5
      vertex -4.956206309337067 0.6262789543202949 1.5
      vertex -4.966457682385949 0.5484120453231638 1.5
    endloop
  endfacet
  facet normal 0 0 1
    outer loop
      vertex -4.999314628203761 0.07853582896777578 1.5
      vertex -4.94459753267812 0.7039550926810385 1.5
      vertex -4.956206309337067 0.6262789543202949 1.5
    endloop
  endfacet
  facet normal 0 0 1
    outer loop
      vertex -4.999314628203761 0.07853582896777578 1.5
      vertex -4.931634888554936 0.7814167995011863 1.5
      vertex -4.94459753267812 0.7039550926810385 1.5
    endloop
  endfacet
  facet normal 0 0 1
    outer loop
      vertex -4.999314628203761 0.07853582896777578 1.5
      vertex -4.917322325514488 0.8586404791944515 1.5
      vertex -4.931634888554936 0.7814167995011863 1.5
    endloop
  endfacet
  facet normal 0 0 1
    outer loop
      vertex -4.999314628203761 0.07853582896777578 1.5
      vertex -4.901664203302126 0.9356026086799174 1.5
      vertex -4.917322325514488 0.8586404791944515 1.5
    endloop
  endfacet
  facet normal 0 0 1
    outer loop
      vertex -4.999314628203761 0.07853582896777578 1.5
      vertex -4.884665291533558 1.0122797445473921 1.5
      vertex -4.901664203302126 0.9356026086799174 1.5
    endloop
  endfacet
  facet normal 0 0 1
    outer loop
      vertex -4.999314628203761 0.07853582896777578 1.5
      vertex -4.866330768241984 1.0886485301985047 1.5
      vertex -4.884665291533558 1.0122797445473921 1.5
    endloop
  endfacet
  facet normal 0 0 1
    outer loop
      vertex -4.999314628203761 0.07853582896777578 1.5
      vertex -4.846666218300808 1.1646857029613429 1.5
      vertex -4.866330768241984 1.0886485301985047 1.5
    endloop
  endfacet
  facet normal 0 0 1
    outer loop
      vertex -4.999314628203761 0.07853582896777578 1.5
      vertex -4.825677631722435 1.2403681011764967 1.5
      vertex -4.846666218300808 1.1646857029613429 1.5
    endloop
  endfacet
  facet normal 0 0 1
    outer loop
      vertex -4.999314628203761 0.07853582896777578 1.5
      vertex -4.803371401833659 1.3156726712523152 1.5
      vertex -4.825677631722435 1.2403681011764967 1.5
    endloop
  endfacet
  facet normal 0 0 1
    outer loop
      vertex -4.999314628203761 0.07853582896777578 1.5
      vertex -4.7797543233281905 1.390576474687263 1.5
      vertex -4.803371401833659 1.3156726712523152 1.5
    endloop
  endfacet
  facet normal 0 0 1
    outer loop
      vertex -4.999314628203761 0.07853582896777578 1.5
      vertex -4.754833590196926 1.4650566950572053 1.5
      vertex -4.7797543233281905 1.390576474687263 1.5
    endloop
  endfacet
  facet normal 0 0 1
    outer loop
      vertex -4.999314628203761 0.07853582896777578 1.5
      vertex -4.728616793536588 1.5390906449655093 1.5
      vertex -4.754833590196926 1.4650566950572053 1.5
    endloop
  endfacet
  facet normal 0 0 1
    outer loop
      vertex -4.999314628203761 0.07853582896777578 1.5
      vertex -4.701111919237408 1.6126557729538513 1.5
      vertex -4.728616793536588 1.5390906449655093 1.5
    endloop
  endfacet
  facet normal 0 0 1
    outer loop
      vertex -4.999314628203761 0.07853582896777578 1.5
      vertex -4.672327345550544 1.6857296703716038 1.5
      vertex -4.701111919237408 1.6126557729538513 1.5
    endloop
  endfacet
  facet normal 0 0 1
    outer loop
      vertex -4.999314628203761 0.07853582896777578 1.5
      vertex -4.642271840535981 1.7582900782017319 1.5
      vertex -4.672327345550544 1.6857296703716038 1.5
    endloop
  endfacet
  facet normal 0 0 1
    outer loop
      vertex -4.999314628203761 0.07853582896777578 1.5
      vertex -4.610954559391704 1.8303148938411011 1.5
      vertex -4.642271840535981 1.7582900782017319 1.5
    endloop
  endfacet
  facet normal 0 0 1
    outer loop
      vertex -4.999314628203761 0.07853582896777578 1.5
      vertex -4.578385041664925 1.9017821778331472 1.5
      vertex -4.610954559391704 1.8303148938411011 1.5
    endloop
  endfacet
  facet normal 0 0 1
    outer loop
      vertex -4.999314628203761 0.07853582896777578 1.5
      vertex -4.544573208346252 1.972670160550848 1.5
      vertex -4.578385041664925 1.9017821778331472 1.5
    endloop
  endfacet
  facet normal 0 0 1
    outer loop
      vertex -4.999314628203761 0.07853582896777578 1.5
      vertex -4.509529358847655 2.0429572488279604 1.5
      vertex -4.544573208346252 1.972670160550848 1.5
    endloop
  endfacet
  facet normal 0 0 1
    outer loop
      vertex -4.999314628203761 0.07853582896777578 1.5
      vertex -4.473264167865171 2.1126220325365086 1.5
      vertex -4.509529358847655 2.0429572488279604 1.5
    endloop
  endfacet
  facet normal 0 0 1
    outer loop
      vertex -4.999314628203761 0.07853582896777578 1.5
      vertex -4.435788682127281 2.181643291108516 1.5
      vertex -4.473264167865171 2.1126220325365086 1.5
    endloop
  endfacet
  facet normal 0 0 1
    outer loop
      vertex -4.999314628203761 0.07853582896777578 1.5
      vertex -4.397114317029974 2.25 1.5
      vertex -4.435788682127281 2.181643291108516 1.5
    endloop
  endfacet
  facet normal 0 0 1
    outer loop
      vertex -4.999314628203761 0.07853582896777578 1.5
      vertex -4.357252853159506 2.317671337095243 1.5
      vertex -4.397114317029974 2.25 1.5
    endloop
  endfacet
  facet normal 0 0 1
    outer loop
      vertex -4.999314628203761 0.07853582896777578 1.5
      vertex -4.316216432703917 2.3846366890494224 1.5
      vertex -4.357252853159506 2.317671337095243 1.5
    endloop
  endfacet
  facet normal 0 0 1
    outer loop
      vertex -4.999314628203761 0.07853582896777578 1.5
      vertex -4.2740175557544084 2.4508756575676216 1.5
      vertex -4.316216432703917 2.3846366890494224 1.5
    endloop
  endfacet
  facet normal 0 0 1
    outer loop
      vertex -4.999314628203761 0.07853582896777578 1.5
      vertex -4.230669076497687 2.5163680656183605 1.5
      vertex -4.2740175557544084 2.4508756575676216 1.5
    endloop
  endfacet
  facet normal 0 0 1
    outer loop
      vertex -4.999314628203761 0.07853582896777578 1.5
      vertex -4.186184199300463 2.5810939635797077 1.5
      vertex -4.230669076497687 2.5163680656183605 1.5
    endloop
  endfacet
  facet normal 0 0 1
    outer loop
      vertex -4.999314628203761 0.07853582896777578 1.5
      vertex -4.140576474687263 2.6450336353161292 1.5
      vertex -4.186184199300463 2.5810939635797077 1.5
    endloop
  endfacet
  facet normal 0 0 1
    outer loop
      vertex -4.999314628203761 0.07853582896777578 1.5
      vertex -4.0938597952128175 2.708167604184217 1.5
      vertex -4.140576474687263 2.6450336353161292 1.5
    endloop
  endfacet
  facet normal 0 0 1
    outer loop
      vertex -4.999314628203761 0.07853582896777578 1.5
      vertex -4.046048391230249 2.7704766389654623 1.5
      vertex -4.0938597952128175 2.708167604184217 1.5
    endloop
  endfacet
  facet normal 0 0 1
    outer loop
      vertex -4.999314628203761 0.07853582896777578 1.5
      vertex -3.997156826556369 2.831941759724268 1.5
      vertex -4.046048391230249 2.7704766389654623 1.5
    endloop
  endfacet
  facet normal 0 0 1
    outer loop
      vertex -4.999314628203761 0.07853582896777578 1.5
      vertex -3.947199994035401 2.892544243589427 1.5
      vertex -3.997156826556369 2.831941759724268 1.5
    endloop
  endfacet
  facet normal 0 0 1
    outer loop
      vertex -4.999314628203761 0.07853582896777578 1.5
      vertex -3.896193111002474 2.9522656304572825 1.5
      vertex -3.947199994035401 2.892544243589427 1.5
    endloop
  endfacet
  facet normal 0 0 1
    outer loop
      vertex -4.999314628203761 0.07853582896777578 1.5
      vertex -3.844151714648274 3.0110877286148625 1.5
      vertex -3.896193111002474 2.9522656304572825 1.5
    endloop
  endfacet
  facet normal 0 0 1
    outer loop
      vertex -4.999314628203761 0.07853582896777578 1.5
      vertex -3.791091657286267 3.068992620281243 1.5
      vertex -3.844151714648274 3.0110877286148625 1.5
    endloop
  endfacet
  facet normal 0 0 1
    outer loop
      vertex -4.999314628203761 0.07853582896777578 1.5
      vertex -3.7370291015239303 3.1259626670654876 1.5
      vertex -3.791091657286267 3.068992620281243 1.5
    endloop
  endfacet
  facet normal 0 0 1
    outer loop
      vertex -4.999314628203761 0.07853582896777578 1.5
      vertex -3.6819805153394642 3.1819805153394647 1.5
      vertex -3.7370291015239303 3.1259626670654876 1.5
    endloop
  endfacet
  facet normal 0 0 1
    outer loop
      vertex -4.999314628203761 0.07853582896777578 1.5
      vertex -3.6259626670654876 3.2370291015239303 1.5
      vertex -3.6819805153394642 3.1819805153394647 1.5
    endloop
  endfacet
  facet normal 0 0 1
    outer loop
      vertex -4.999314628203761 0.07853582896777578 1.5
      vertex -3.568992620281243 3.291091657286266 1.5
      vertex -3.6259626670654876 3.2370291015239303 1.5
    endloop
  endfacet
  facet normal 0 0 1
    outer loop
      vertex -4.999314628203761 0.07853582896777578 1.5
      vertex -3.511087728614862 3.344151714648273 1.5
      vertex -3.568992620281243 3.291091657286266 1.5
    endloop
  endfacet
  facet normal 0 0 1
    outer loop
      vertex -4.999314628203761 0.07853582896777578 1.5
      vertex -3.4522656304572825 3.396193111002475 1.5
      vertex -3.511087728614862 3.344151714648273 1.5
    endloop
  endfacet
  facet normal 0 0 1
    outer loop
      vertex -4.999314628203761 0.07853582896777578 1.5
      vertex -3.392544243589427 3.447199994035401 1.5
      vertex -3.4522656304572825 3.396193111002475 1.5
    endloop
  endfacet
  facet normal 0 0 1
    outer loop
      vertex -4.999314628203761 0.07853582896777578 1.5
      vertex -3.3319417597242684 3.4971568265563686 1.5
      vertex -3.392544243589427 3.447199994035401 1.5
    endloop
  endfacet
  facet normal 0 0 1
    outer loop
      vertex -4.999314628203761 0.07853582896777578 1.5
      vertex -3.2704766389654623 3.546048391230249 1.5
      vertex -3.3319417597242684 3.4971568265563686 1.5
    endloop
  endfacet
  facet normal 0 0 1
    outer loop
      vertex -4.999314628203761 0.07853582896777578 1.5
      vertex -3.2081676041842173 3.5938597952128184 1.5
      vertex -3.2704766389654623 3.546048391230249 1.5
    endloop
  endfacet
  facet normal 0 0 1
    outer loop
      vertex -4.999314628203761 0.07853582896777578 1.5
      vertex -3.1450336353161292 3.640576474687263 1.5
      vertex -3.2081676041842173 3.5938597952128184 1.5
    endloop
  endfacet
  facet normal 0 0 1
    outer loop
      vertex -4.999314628203761 0.07853582896777578 1.5
      vertex -3.081093963579707 3.686184199300463 1.5
      vertex -3.1450336353161292 3.640576474687263 1.5
    endloop
  endfacet
  facet normal 0 0 1
    outer loop
      vertex -4.999314628203761 0.07853582896777578 1.5
      vertex -3.016368065618361 3.730669076497687 1.5
      vertex -3.081093963579707 3.686184199300463 1.5
    endloop
  endfacet
  facet normal 0 0 1
    outer loop
      vertex -4.999314628203761 0.07853582896777578 1.5
      vertex -2.950875657567622 3.7740175557544084 1.5
      vertex -3.016368065618361 3.730669076497687 1.5
    endloop
  endfacet
  facet normal 0 0 1
    outer loop
      vertex -4.999314628203761 0.07853582896777578 1.5
      vertex -2.884636689049422 3.816216432703918 1.5
      vertex -2.950875657567622 3.7740175557544084 1.5
    endloop
  endfacet
  facet normal 0 0 1
    outer loop
      vertex -4.999314628203761 0.07853582896777578 1.5
      vertex -2.8176713370952435 3.8572528531595047 1.5
      vertex -2.884636689049422 3.816216432703918 1.5
    endloop
  endfacet
  facet normal 0 0 1
    outer loop
      vertex -4.999314628203761 0.07853582896777578 1.5
      vertex -2.75 3.897114317029974 1.5
      vertex -2.8176713370952435 3.8572528531595047 1.5
    endloop
  endfacet
  facet normal 0 0 1
    outer loop
      vertex -4.999314628203761 0.07853582896777578 1.5
      vertex -2.6816432911085166 3.9357886821272814 1.5
      vertex -2.75 3.897114317029974 1.5
    endloop
  endfacet
  facet normal 0 0 1
    outer loop
      vertex -4.999314628203761 0.07853582896777578 1.5
      vertex -2.6126220325365086 3.973264167865171 1.5
      vertex -2.6816432911085166 3.9357886821272814 1.5
    endloop
  endfacet
  facet normal 0 0 1
    outer loop
      vertex -4.999314628203761 0.07853582896777578 1.5
      vertex -2.5429572488279604 4.009529358847654 1.5
      vertex -2.6126220325365086 3.973264167865171 1.5
    endloop
  endfacet
  facet normal 0 0 1
    outer loop
      vertex -4.999314628203761 0.07853582896777578 1.5
      vertex -2.472670160550848 4.044573208346252 1.5
      vertex -2.5429572488279604 4.009529358847654 1.5
    endloop
  endfacet
  facet normal 0 0 1
    outer loop
      vertex -4.999314628203761 0.07853582896777578 1.5
      vertex -2.401782177833147 4.078385041664925 1.5
      vertex -2.472670160550848 4.044573208346252 1.5
    endloop
  endfacet
  facet normal 0 0 1
    outer loop
      vertex -4.999314628203761 0.07853582896777578 1.5
      vertex -2.330314893841101 4.110954559391704 1.5
      vertex -2.401782177833147 4.078385041664925 1.5
    endloop
  endfacet
  facet normal 0 0 1
    outer loop
      vertex -4.999314628203761 0.07853582896777578 1.5
      vertex -2.258290078201732 4.142271840535981 1.5
      vertex -2.330314893841101 4.110954559391704 1.5
    endloop
  endfacet
  facet normal 0 0 1
    outer loop
      vertex -4.999314628203761 0.07853582896777578 1.5
      vertex -2.185729670371604 4.172327345550544 1.5
      vertex -2.258290078201732 4.142271840535981 1.5
    endloop
  endfacet
  facet normal 0 0 1
    outer loop
      vertex -4.999314628203761 0.07853582896777578 1.5
      vertex -2.1126557729538513 4.201111919237409 1.5
      vertex -2.185729670371604 4.172327345550544 1.5
    endloop
  endfacet
  facet normal 0 0 1
    outer loop
      vertex -4.999314628203761 0.07853582896777578 1.5
      vertex -2.0390906449655093 4.228616793536588 1.5
      vertex -2.1126557729538513 4.201111919237409 1.5
    endloop
  endfacet
  facet normal 0 0 1
    outer loop
      vertex -4.999314628203761 0.07853582896777578 1.5
      vertex -1.9650566950572053 4.254833590196926 1.5
      vertex -2.0390906449655093 4.228616793536588 1.5
    endloop
  endfacet
  facet normal 0 0 1
    outer loop
      vertex -4.999314628203761 0.07853582896777578 1.5
      vertex -1.8905764746872633 4.279754323328191 1.5
      vertex -1.9650566950572053 4.254833590196926 1.5
    endloop
  endfacet
  facet normal 0 0 1
    outer loop
      vertex -4.999314628203761 0.07853582896777578 1.5
      vertex -1.8156726712523155 4.303371401833658 1.5
      vertex -1.8905764746872633 4.279754323328191 1.5
    endloop
  endfacet
  facet normal 0 0 1
    outer loop
      vertex -4.999314628203761 0.07853582896777578 1.5
      vertex -1.7403681011764962 4.325677631722435 1.5
      vertex -1.8156726712523155 4.303371401833658 1.5
    endloop
  endfacet
  facet normal 0 0 1
    outer loop
      vertex -4.999314628203761 0.07853582896777578 1.5
      vertex -1.6646857029613433 4.346666218300808 1.5
      vertex -1.7403681011764962 4.325677631722435 1.5
    endloop
  endfacet
  facet normal 0 0 1
    outer loop
      vertex -4.999314628203761 0.07853582896777578 1.5
      vertex -1.5886485301985047 4.366330768241983 1.5
      vertex -1.6646857029613433 4.346666218300808 1.5
    endloop
  endfacet
  facet normal 0 0 1
    outer loop
      vertex -4.999314628203761 0.07853582896777578 1.5
      vertex -1.5122797445473926 4.384665291533558 1.5
      vertex -1.5886485301985047 4.366330768241983 1.5
    endloop
  endfacet
  facet normal 0 0 1
    outer loop
      vertex -4.999314628203761 0.07853582896777578 1.5
      vertex -1.435602608679917 4.401664203302126 1.5
      vertex -1.5122797445473926 4.384665291533558 1.5
    endloop
  endfacet
  facet normal 0 0 1
    outer loop
      vertex -4.999314628203761 0.07853582896777578 1.5
      vertex -1.3586404791944515 4.417322325514487 1.5
      vertex -1.435602608679917 4.401664203302126 1.5
    endloop
  endfacet
  facet normal 0 0 1
    outer loop
      vertex -4.999314628203761 0.07853582896777578 1.5
      vertex -1.2814167995011865 4.431634888554935 1.5
      vertex -1.3586404791944515 4.417322325514487 1.5
    endloop
  endfacet
  facet normal 0 0 1
    outer loop
      vertex -4.999314628203761 0.07853582896777578 1.5
      vertex -1.203955092681039 4.44459753267812 1.5
      vertex -1.2814167995011865 4.431634888554935 1.5
    endloop
  endfacet
  facet normal 0 0 1
    outer loop
      vertex -4.999314628203761 0.07853582896777578 1.5
      vertex -1.1262789543202945 4.456206309337066 1.5
      vertex -1.203955092681039 4.44459753267812 1.5
    endloop
  endfacet
  facet normal 0 0 1
    outer loop
      vertex -4.999314628203761 0.07853582896777578 1.5
      vertex -1.0484120453231638 4.466457682385949 1.5
      vertex -1.1262789543202945 4.456206309337066 1.5
    endloop
  endfacet
  facet normal 0 0 1
    outer loop
      vertex -4.999314628203761 0.07853582896777578 1.5
      vertex -0.9703780847044406 4.47534852915723 1.5
      vertex -1.0484120453231638 4.466457682385949 1.5
    endloop
  endfacet
  facet normal 0 0 1
    outer loop
      vertex -4.999314628203761 0.07853582896777578 1.5
      vertex -0.8922008423644617 4.482876141412856 1.5
      vertex -0.9703780847044406 4.47534852915723 1.5
    endloop
  endfacet
  facet normal 0 0 1
    outer loop
      vertex -4.999314628203761 0.07853582896777578 1.5
      vertex -0.8139041318485638 4.489038226169209 1.5
      vertex -0.8922008423644617 4.482876141412856 1.5
    endloop
  endfacet
  facet normal 0 0 1
    outer loop
      vertex -4.999314628203761 0.07853582896777578 1.5
      vertex -0.7355118030932473 4.493832906395582 1.5
      vertex -0.8139041318485638 4.489038226169209 1.5
    endloop
  endfacet
  facet normal 0 0 1
    outer loop
      vertex -4.999314628203761 0.07853582896777578 1.5
      vertex -0.6570477351612544 4.497258721585931 1.5
      vertex -0.7355118030932473 4.493832906395582 1.5
    endloop
  endfacet
  facet normal 0 0 1
    outer loop
      vertex -4.999314628203761 0.07853582896777578 1.5
      vertex -0.5785358289677758 4.499314628203761 1.5
      vertex -0.6570477351612544 4.497258721585931 1.5
    endloop
  endfacet
  facet normal 0 0 1
    outer loop
      vertex -4.999314628203761 0.07853582896777578 1.5
      vertex -0.5005 -2 1.5
      vertex -0.5005 2 1.5
    endloop
  endfacet
  facet normal 0 0 1
    outer loop
      vertex -4.999314628203761 0.07853582896777578 1.5
      vertex -0.5005 2 1.5
      vertex -0.5004238475781956 2.0087262032186417 1.5
    endloop
  endfacet
  facet normal 0 0 1
    outer loop
      vertex -4.999314628203761 0.07853582896777578 1.5
      vertex -0.5004238475781956 -2.0087262032186417 1.5
      vertex -0.5005 -2 1.5
    endloop
  endfacet
  facet normal 0 0 1
    outer loop
      vertex -4.999314628203761 0.07853582896777578 1.5
      vertex -0.5004238475781956 2.0087262032186417 1.5
      vertex -0.5001954135095479 2.0174497483512503 1.5
    endloop
  endfacet
  facet normal 0 0 1
    outer loop
      vertex -4.999314628203761 0.07853582896777578 1.5
      vertex -0.5001954135095479 -2.0174497483512503 1.5
      vertex -0.5004238475781956 -2.0087262032186417 1.5
    endloop
  endfacet
  facet normal 0 0 1
    outer loop
      vertex -4.999314628203761 0.07853582896777578 1.5
      vertex -0.5001954135095479 2.0174497483512503 1.5
      vertex -0.4998147673772869 2.026167978121472 1.5
    endloop
  endfacet
  facet normal 0 0 1
    outer loop
      vertex -4.999314628203761 0.07853582896777578 1.5
      vertex -0.5 4.5 1.5
      vertex -0.5785358289677758 4.499314628203761 1.5
    endloop
  endfacet
  facet normal 0 0 1
    outer loop
      vertex -4.999314628203761 0.07853582896777578 1.5
      vertex -0.4998147673772869 -2.026167978121472 1.5
      vertex -0.5001954135095479 -2.0174497483512503 1.5
    endloop
  endfacet
  facet normal 0 0 1
    outer loop
      vertex -4.999314628203761 0.07853582896777578 1.5
      vertex -0.4998147673772869 2.026167978121472 1.5
      vertex -0.4992820251299121 2.034878236872063 1.5
    endloop
  endfacet
  facet normal 0 0 1
    outer loop
      vertex -4.999314628203761 0.07853582896777578 1.5
      vertex -0.4992820251299121 -2.034878236872063 1.5
      vertex -0.4998147673772869 -2.026167978121472 1.5
    endloop
  endfacet
  facet normal 0 0 1
    outer loop
      vertex -4.999314628203761 0.07853582896777578 1.5
      vertex -0.4992820251299121 2.034878236872063 1.5
      vertex -0.4985973490458728 2.043577871373829 1.5
    endloop
  endfacet
  facet normal 0 0 1
    outer loop
      vertex -4.999314628203761 0.07853582896777578 1.5
      vertex -0.4985973490458728 -2.043577871373829 1.5
      vertex -0.4992820251299121 -2.034878236872063 1.5
    endloop
  endfacet
  facet normal 0 0 1
    outer loop
      vertex -4.999314628203761 0.07853582896777578 1.5
      vertex -0.4985973490458728 2.043577871373829 1.5
      vertex -0.49776094768413665 2.052264231633827 1.5
    endloop
  endfacet
  facet normal 0 0 1
    outer loop
      vertex -4.999314628203761 0.07853582896777578 1.5
      vertex -0.49776094768413665 -2.052264231633827 1.5
      vertex -0.4985973490458728 -2.043577871373829 1.5
    endloop
  endfacet
  facet normal 0 0 1
    outer loop
      vertex -4.999314628203761 0.07853582896777578 1.5
      vertex -0.49776094768413665 2.052264231633827 1.5
      vertex -0.496773075820661 2.0609346717025736 1.5
    endloop
  endfacet
  facet normal 0 0 1
    outer loop
      vertex -4.999314628203761 0.07853582896777578 1.5
      vertex -0.496773075820661 -2.0609346717025736 1.5
      vertex -0.49776094768413665 -2.052264231633827 1.5
    endloop
  endfacet
  facet normal 0 0 1
    outer loop
      vertex -4.999314628203761 0.07853582896777578 1.5
      vertex -0.496773075820661 2.0609346717025736 1.5
      vertex -0.4956340343707852 2.069586550480033 1.5
    endloop
  endfacet
  facet normal 0 0 1
    outer loop
      vertex -4.999314628203761 0.07853582896777578 1.5
      vertex -0.4956340343707852 -2.069586550480033 1.5
      vertex -0.496773075820661 -2.0609346717025736 1.5
    endloop
  endfacet
  facet normal 0 0 1
    outer loop
      vertex -4.999314628203761 0.07853582896777578 1.5
      vertex -0.4956340343707852 2.069586550480033 1.5
      vertex -0.4943441702975689 2.0782172325201156 1.5
    endloop
  endfacet
  facet normal 0 0 1
    outer loop
      vertex -4.999314628203761 0.07853582896777578 1.5
      vertex -0.4943441702975689 -2.0782172325201156 1.5
      vertex -0.4956340343707852 -2.069586550480033 1.5
    endloop
  endfacet
  facet normal 0 0 1
    outer loop
      vertex -4.999314628203761 0.07853582896777578 1.5
      vertex -0.4943441702975689 2.0782172325201156 1.5
      vertex -0.492903876506104 2.086824088833465 1.5
    endloop
  endfacet
  facet normal 0 0 1
    outer loop
      vertex -4.999314628203761 0.07853582896777578 1.5
      vertex -0.492903876506104 -2.086824088833465 1.5
      vertex -0.4943441702975689 -2.0782172325201156 1.5
    endloop
  endfacet
  facet normal 0 0 1
    outer loop
      vertex -4.999314628203761 0.07853582896777578 1.5
      vertex -0.492903876506104 2.086824088833465 1.5
      vertex -0.491313591723832 2.095404497688272 1.5
    endloop
  endfacet
  facet normal 0 0 1
    outer loop
      vertex -4.999314628203761 0.07853582896777578 1.5
      vertex -0.491313591723832 -2.095404497688272 1.5
      vertex -0.492903876506104 -2.086824088833465 1.5
    endloop
  endfacet
  facet normal 0 0 1
    outer loop
      vertex -4.999314628203761 0.07853582896777578 1.5
      vertex -0.491313591723832 2.095404497688272 1.5
      vertex -0.48957380036690284 2.10395584540888 1.5
    endloop
  endfacet
  facet normal 0 0 1
    outer loop
      vertex -4.999314628203761 0.07853582896777578 1.5
      vertex -0.48957380036690284 -2.10395584540888 1.5
      vertex -0.491313591723832 -2.095404497688272 1.5
    endloop
  endfacet
  facet normal 0 0 1
    outer loop
      vertex -4.999314628203761 0.07853582896777578 1.5
      vertex -0.48957380036690284 2.10395584540888 1.5
      vertex -0.4876850323926176 2.1124755271719327 1.5
    endloop
  endfacet
  facet normal 0 0 1
    outer loop
      vertex -4.999314628203761 0.07853582896777578 1.5
      vertex -0.4876850323926176 -2.1124755271719327 1.5
      vertex -0.48957380036690284 -2.10395584540888 1.5
    endloop
  endfacet
  facet normal 0 0 1
    outer loop
      vertex -4.999314628203761 0.07853582896777578 1.5
      vertex -0.4876850323926176 2.1124755271719327 1.5
      vertex -0.48564786313799824 2.120960947799834 1.5
    endloop
  endfacet
  facet normal 0 0 1
    outer loop
      vertex -4.999314628203761 0.07853582896777578 1.5
      vertex -0.48564786313799824 -2.120960947799834 1.5
      vertex -0.4876850323926176 -2.1124755271719327 1.5
    endloop
  endfacet
  facet normal 0 0 1
    outer loop
      vertex -4.999314628203761 0.07853582896777578 1.5
      vertex -0.48564786313799824 2.120960947799834 1.5
      vertex -0.48346291314453416 2.1294095225512604 1.5
    endloop
  endfacet
  facet normal 0 0 1
    outer loop
      vertex -4.999314628203761 0.07853582896777578 1.5
      vertex -0.48346291314453416 -2.1294095225512604 1.5
      vertex -0.48564786313799824 -2.120960947799834 1.5
    endloop
  endfacet
  facet normal 0 0 1
    outer loop
      vertex -4.999314628203761 0.07853582896777578 1.5
      vertex -0.48346291314453416 2.1294095225512604 1.5
      vertex -0.48113084796915945 2.1378186779084998 1.5
    endloop
  endfacet
  facet normal 0 0 1
    outer loop
      vertex -4.999314628203761 0.07853582896777578 1.5
      vertex -0.48113084796915945 -2.1378186779084998 1.5
      vertex -0.48346291314453416 -2.1294095225512604 1.5
    endloop
  endfacet
  facet normal 0 0 1
    outer loop
      vertex -4.999314628203761 0.07853582896777578 1.5
      vertex -0.48113084796915945 2.1378186779084998 1.5
      vertex -0.4786523779815177 2.146185852361368 1.5
    endloop
  endfacet
  facet normal 0 0 1
    outer loop
      vertex -4.999314628203761 0.07853582896777578 1.5
      vertex -0.4786523779815177 -2.146185852361368 1.5
      vertex -0.48113084796915945 -2.1378186779084998 1.5
    endloop
  endfacet
  facet normal 0 0 1
    outer loop
      vertex -4.999314628203761 0.07853582896777578 1.5
      vertex -0.4786523779815177 2.146185852361368 1.5
      vertex -0.47602825814757677 2.1545084971874737 1.5
    endloop
  endfacet
  facet normal 0 0 1
    outer loop
      vertex -4.999314628203761 0.07853582896777578 1.5
      vertex -0.47602825814757677 -2.1545084971874737 1.5
      vertex -0.4786523779815177 -2.146185852361368 1.5
    endloop
  endfacet
  facet normal 0 0 1
    outer loop
      vertex -4.999314628203761 0.07853582896777578 1.5
      vertex -0.47602825814757677 2.1545084971874737 1.5
      vertex -0.4732592877996584 2.1627840772285785 1.5
    endloop
  endfacet
  facet normal 0 0 1
    outer loop
      vertex -4.999314628203761 0.07853582896777578 1.5
      vertex -0.4732592877996584 -2.1627840772285785 1.5
      vertex -0.47602825814757677 -2.1545084971874737 1.5
    endloop
  endfacet
  facet normal 0 0 1
    outer loop
      vertex -4.999314628203761 0.07853582896777578 1.5
      vertex -0.4732592877996584 2.1627840772285785 1.5
      vertex -0.4703463103929542 2.171010071662834 1.5
    endloop
  endfacet
  facet normal 0 0 1
    outer loop
      vertex -4.999314628203761 0.07853582896777578 1.5
      vertex -0.4703463103929542 -2.171010071662834 1.5
      vertex -0.4732592877996584 -2.1627840772285785 1.5
    endloop
  endfacet
  facet normal 0 0 1
    outer loop
      vertex -4.999314628203761 0.07853582896777578 1.5
      vertex -0.4703463103929542 2.171010071662834 1.5
      vertex -0.46729021324860087 2.1791839747726502 1.5
    endloop
  endfacet
  facet normal 0 0 1
    outer loop
      vertex -4.999314628203761 0.07853582896777578 1.5
      vertex -0.46729021324860087 -2.1791839747726502 1.5
      vertex -0.4703463103929542 -2.171010071662834 1.5
    endloop
  endfacet
  facet normal 0 0 1
    outer loop
      vertex -4.999314628203761 0.07853582896777578 1.5
      vertex -0.46729021324860087 2.1791839747726502 1.5
      vertex -0.4640919272833937 2.187303296707956 1.5
    endloop
  endfacet
  facet normal 0 0 1
    outer loop
      vertex -4.999314628203761 0.07853582896777578 1.5
      vertex -0.4640919272833937 -2.187303296707956 1.5
      vertex -0.46729021324860087 -2.1791839747726502 1.5
    endloop
  endfacet
  facet normal 0 0 1
    outer loop
      vertex -4.999314628203761 0.07853582896777578 1.5
      vertex -0.4640919272833937 2.187303296707956 1.5
      vertex -0.4607524267262202 2.195365564244637 1.5
    endloop
  endfacet
  facet normal 0 0 1
    outer loop
      vertex -4.999314628203761 0.07853582896777578 1.5
      vertex -0.4607524267262202 -2.195365564244637 1.5
      vertex -0.4640919272833937 -2.187303296707956 1.5
    endloop
  endfacet
  facet normal 0 0 1
    outer loop
      vertex -4.999314628203761 0.07853582896777578 1.5
      vertex -0.4607524267262202 2.195365564244637 1.5
      vertex -0.45727272882130043 2.2033683215379 1.5
    endloop
  endfacet
  facet normal 0 0 1
    outer loop
      vertex -4.999314628203761 0.07853582896777578 1.5
      vertex -0.45727272882130043 -2.2033683215379 1.5
      vertex -0.4607524267262202 -2.195365564244637 1.5
    endloop
  endfacet
  facet normal 0 0 1
    outer loop
      vertex -4.999314628203761 0.07853582896777578 1.5
      vertex -0.45727272882130043 2.2033683215379 1.5
      vertex -0.45365389351832497 2.2113091308703496 1.5
    endloop
  endfacet
  facet normal 0 0 1
    outer loop
      vertex -4.999314628203761 0.07853582896777578 1.5
      vertex -0.45365389351832497 -2.2113091308703496 1.5
      vertex -0.45727272882130043 -2.2033683215379 1.5
    endloop
  endfacet
  facet normal 0 0 1
    outer loop
      vertex -4.999314628203761 0.07853582896777578 1.5
      vertex -0.45365389351832497 2.2113091308703496 1.5
      vertex -0.4498970231495835 2.2191855733945385 1.5
    endloop
  endfacet
  facet normal 0 0 1
    outer loop
      vertex -4.999314628203761 0.07853582896777578 1.5
      vertex -0.4498970231495835 2.2191855733945385 1.5
      vertex -0.44600326209418395 2.2269952498697734 1.5
    endloop
  endfacet
  facet normal 0 0 1
    outer loop
      vertex -4.999314628203761 0.07853582896777578 1.5
      vertex -0.44600326209418395 2.2269952498697734 1.5
      vertex -0.4419737964294635 2.2347357813929456 1.5
    endloop
  endfacet
  facet normal 0 0 1
    outer loop
      vertex -4.999314628203761 0.07853582896777578 1.5
      vertex -0.4419737964294635 2.2347357813929456 1.5
      vertex -0.43780985356969787 2.2424048101231686 1.5
    endloop
  endfacet
  facet normal 0 0 1
    outer loop
      vertex -4.999314628203761 0.07853582896777578 1.5
      vertex -0.43780985356969787 2.2424048101231686 1.5
      vertex -0.4335127018922193 2.25 1.5
    endloop
  endfacet
  facet normal 0 0 1
    outer loop
      vertex -4.999314628203761 0.07853582896777578 1.5
      vertex -0.4335127018922193 2.25 1.5
      vertex -0.42908365035105617 2.257519037455027 1.5
    endloop
  endfacet
  facet normal 0 0 1
    outer loop
      vertex -4.999314628203761 0.07853582896777578 1.5
      vertex -0.42908365035105617 2.257519037455027 1.5
      vertex -0.424524048078213 2.2649596321166023 1.5
    endloop
  endfacet
  facet normal 0 0 1
    outer loop
      vertex -4.999314628203761 0.07853582896777578 1.5
      vertex -0.424524048078213 2.2649596321166023 1.5
      vertex -0.419835283972712 2.2723195175075137 1.5
    endloop
  endfacet
  facet normal 0 0 1
    outer loop
      vertex -4.999314628203761 0.07853582896777578 1.5
      vertex -0.419835283972712 2.2723195175075137 1.5
      vertex -0.4150187862775208 2.2795964517353733 1.5
    endloop
  endfacet
  facet normal 0 0 1
    outer loop
      vertex -4.999314628203761 0.07853582896777578 1.5
      vertex -0.4150187862775208 2.2795964517353733 1.5
      vertex -0.4100760221444959 2.286788218175523 1.5
    endloop
  endfacet
  facet normal 0 0 1
    outer loop
      vertex -4.999314628203761 0.07853582896777578 1.5
      vertex -0.4100760221444959 2.286788218175523 1.5
      vertex -0.4050084971874737 2.2938926261462367 1.5
    endloop
  endfacet
  facet normal 0 0 1
    outer loop
      vertex -4.999314628203761 0.07853582896777578 1.5
      vertex -0.4050084971874737 2.2938926261462367 1.5
      vertex -0.3998177550236464 2.3009075115760242 1.5
    endloop
  endfacet
  facet normal 0 0 1
    outer loop
      vertex -4.999314628203761 0.07853582896777578 1.5
      vertex -0.3998177550236464 2.3009075115760242 1.5
      vertex -0.39450537680336095 2.307830737662829 1.5
    endloop
  endfacet
  facet normal 0 0 1
    outer loop
      vertex -4.999314628203761 0.07853582896777578 1.5
      vertex -0.39450537680336095 2.307830737662829 1.5
      vertex -0.38907298072848545 2.314660195524919 1.5
    endloop
  endfacet
  facet normal 0 0 1
    outer loop
      vertex -4.999314628203761 0.07853582896777578 1.5
      vertex -0.38907298072848545 2.314660195524919 1.5
      vertex -0.383522221559489 2.32139380484327 1.5
    endloop
  endfacet
  facet normal 0 0 1
    outer loop
      vertex -4.999314628203761 0.07853582896777578 1.5
      vertex -0.383522221559489 2.32139380484327 1.5
      vertex -0.377854790111386 2.3280295144952534 1.5
    endloop
  endfacet
  facet normal 0 0 1
    outer loop
      vertex -4.999314628203761 0.07853582896777578 1.5
      vertex -0.377854790111386 2.3280295144952534 1.5
      vertex -0.3720724127386971 2.334565303179429 1.5
    endloop
  endfacet
  facet normal 0 0 1
    outer loop
      vertex -4.999314628203761 0.07853582896777578 1.5
      vertex -0.3720724127386971 2.334565303179429 1.5
      vertex -0.36617685080958523 2.340999180031249 1.5
    endloop
  endfacet
  facet normal 0 0 1
    outer loop
      vertex -4.999314628203761 0.07853582896777578 1.5
      vertex -0.36617685080958523 2.340999180031249 1.5
      vertex -0.3601699001693256 2.3473291852294986 1.5
    endloop
  endfacet
  facet normal 0 0 1
    outer loop
      vertex -4.999314628203761 0.07853582896777578 1.5
      vertex -0.3601699001693256 2.3473291852294986 1.5
      vertex -0.3540533905932738 2.353553390593274 1.5
    endloop
  endfacet
  facet normal 0 0 1
    outer loop
      vertex -4.999314628203761 0.07853582896777578 1.5
      vertex -0.3540533905932738 2.353553390593274 1.5
      vertex -0.3478291852294986 2.3596699001693255 1.5
    endloop
  endfacet
  facet normal 0 0 1
    outer loop
      vertex -4.999314628203761 0.07853582896777578 1.5
      vertex -0.3478291852294986 2.3596699001693255 1.5
      vertex -0.34149918003124924 2.365676850809585 1.5
    endloop
  endfacet
  facet normal 0 0 1
    outer loop
      vertex -4.999314628203761 0.07853582896777578 1.5
      vertex -0.34149918003124924 2.365676850809585 1.5
      vertex -0.3350653031794291 2.371572412738697 1.5
    endloop
  endfacet
  facet normal 0 0 1
    outer loop
      vertex -4.999314628203761 0.07853582896777578 1.5
      vertex -0.3350653031794291 2.371572412738697 1.5
      vertex -0.32852951449525364 2.377354790111386 1.5
    endloop
  endfacet
  facet normal 0 0 1
    outer loop
      vertex -4.999314628203761 0.07853582896777578 1.5
      vertex -0.32852951449525364 2.377354790111386 1.5
      vertex -0.3218938048432696 2.383022221559489 1.5
    endloop
  endfacet
  facet normal 0 0 1
    outer loop
      vertex -4.999314628203761 0.07853582896777578 1.5
      vertex -0.3218938048432696 2.383022221559489 1.5
      vertex -0.3151601955249187 2.3885729807284855 1.5
    endloop
  endfacet
  facet normal 0 0 1
    outer loop
      vertex -4.999314628203761 0.07853582896777578 1.5
      vertex -0.3151601955249187 2.3885729807284855 1.5
      vertex -0.30833073766282915 2.394005376803361 1.5
    endloop
  endfacet
  facet normal 0 0 1
    outer loop
      vertex -4.999314628203761 0.07853582896777578 1.5
      vertex -0.30833073766282915 2.394005376803361 1.5
      vertex -0.30140751157602413 2.399317755023646 1.5
    endloop
  endfacet
  facet normal 0 0 1
    outer loop
      vertex -4.999314628203761 0.07853582896777578 1.5
      vertex -0.30140751157602413 2.399317755023646 1.5
      vertex -0.29439262614623657 2.4045084971874737 1.5
    endloop
  endfacet
  facet normal 0 0 1
    outer loop
      vertex -4.999314628203761 0.07853582896777578 1.5
      vertex -0.29439262614623657 2.4045084971874737 1.5
      vertex -0.287288218175523 2.409576022144496 1.5
    endloop
  endfacet
  facet normal 0 0 1
    outer loop
      vertex -4.999314628203761 0.07853582896777578 1.5
      vertex -0.287288218175523 2.409576022144496 1.5
      vertex -0.28009645173537345 2.4145187862775206 1.5
    endloop
  endfacet
  facet normal 0 0 1
    outer loop
      vertex -4.999314628203761 0.07853582896777578 1.5
      vertex -0.28009645173537345 2.4145187862775206 1.5
      vertex -0.27281951750751354 2.4193352839727122 1.5
    endloop
  endfacet
  facet normal 0 0 1
    outer loop
      vertex -4.999314628203761 0.07853582896777578 1.5
      vertex -0.27281951750751354 2.4193352839727122 1.5
      vertex -0.26545963211660245 2.424024048078213 1.5
    endloop
  endfacet
  facet normal 0 0 1
    outer loop
      vertex -4.999314628203761 0.07853582896777578 1.5
      vertex -0.26545963211660245 2.424024048078213 1.5
      vertex -0.2580190374550271 2.4285836503510563 1.5
    endloop
  endfacet
  facet normal 0 0 1
    outer loop
      vertex -4.999314628203761 0.07853582896777578 1.5
      vertex -0.2580190374550271 2.4285836503510563 1.5
      vertex -0.2505 2.433012701892219 1.5
    endloop
  endfacet
  facet normal 0 0 1
    outer loop
      vertex -4.999314628203761 0.07853582896777578 1.5
      vertex -0.2505 2.433012701892219 1.5
      vertex -0.24290481012316853 2.437309853569698 1.5
    endloop
  endfacet
  facet normal 0 0 1
    outer loop
      vertex -4.999314628203761 0.07853582896777578 1.5
      vertex -0.24290481012316853 2.437309853569698 1.5
      vertex -0.2352357813929454 2.4414737964294635 1.5
    endloop
  endfacet
  facet normal 0 0 1
    outer loop
      vertex -4.999314628203761 0.07853582896777578 1.5
      vertex -0.2352357813929454 2.4414737964294635 1.5
      vertex -0.22749524986977337 2.445503262094184 1.5
    endloop
  endfacet
  facet normal 0 0 1
    outer loop
      vertex -4.999314628203761 0.07853582896777578 1.5
      vertex -0.22749524986977337 2.445503262094184 1.5
      vertex -0.2196855733945387 2.4493970231495834 1.5
    endloop
  endfacet
  facet normal 0 0 1
    outer loop
      vertex -4.999314628203761 0.07853582896777578 1.5
      vertex -0.2196855733945387 2.4493970231495834 1.5
      vertex 2.6816432911085166 3.9357886821272814 1.5
    endloop
  endfacet
  facet normal 0 0 1
    outer loop
      vertex -4.999314628203761 0.07853582896777578 1.5
      vertex 0.5 4.5 1.5
      vertex -0.5 4.5 1.5
    endloop
  endfacet
  facet normal 0 0 1
    outer loop
      vertex -4.999314628203761 0.07853582896777578 1.5
      vertex 0.5785358289677758 4.499314628203761 1.5
      vertex 0.5 4.5 1.5
    endloop
  endfacet
  facet normal 0 0 1
    outer loop
      vertex -4.999314628203761 0.07853582896777578 1.5
      vertex 0.6570477351612544 4.497258721585931 1.5
      vertex 0.5785358289677758 4.499314628203761 1.5
    endloop
  endfacet
  facet normal 0 0 1
    outer loop
      vertex -4.999314628203761 0.07853582896777578 1.5
      vertex 0.7355118030932473 4.493832906395582 1.5
      vertex 0.6570477351612544 4.497258721585931 1.5
    endloop
  endfacet
  facet normal 0 0 1
    outer loop
      vertex -4.999314628203761 0.07853582896777578 1.5
      vertex 0.8139041318485638 4.489038226169209 1.5
      vertex 0.7355118030932473 4.493832906395582 1.5
    endloop
  endfacet
  facet normal 0 0 1
    outer loop
      vertex -4.999314628203761 0.07853582896777578 1.5
      vertex 0.8922008423644617 4.482876141412856 1.5
      vertex 0.8139041318485638 4.489038226169209 1.5
    endloop
  endfacet
  facet normal 0 0 1
    outer loop
      vertex -4.999314628203761 0.07853582896777578 1.5
      vertex 0.9703780847044406 4.47534852915723 1.5
      vertex 0.8922008423644617 4.482876141412856 1.5
    endloop
  endfacet
  facet normal 0 0 1
    outer loop
      vertex -4.999314628203761 0.07853582896777578 1.5
      vertex 1.0484120453231638 4.466457682385949 1.5
      vertex 0.9703780847044406 4.47534852915723 1.5
    endloop
  endfacet
  facet normal 0 0 1
    outer loop
      vertex -4.999314628203761 0.07853582896777578 1.5
      vertex 1.1262789543202945 4.456206309337066 1.5
      vertex 1.0484120453231638 4.466457682385949 1.5
    endloop
  endfacet
  facet normal 0 0 1
    outer loop
      vertex -4.999314628203761 0.07853582896777578 1.5
      vertex 1.203955092681039 4.44459753267812 1.5
      vertex 1.1262789543202945 4.456206309337066 1.5
    endloop
  endfacet
  facet normal 0 0 1
    outer loop
      vertex -4.999314628203761 0.07853582896777578 1.5
      vertex 1.2814167995011865 4.431634888554935 1.5
      vertex 1.203955092681039 4.44459753267812 1.5
    endloop
  endfacet
  facet normal 0 0 1
    outer loop
      vertex -4.999314628203761 0.07853582896777578 1.5
      vertex 1.3586404791944515 4.417322325514487 1.5
      vertex 1.2814167995011865 4.431634888554935 1.5
    endloop
  endfacet
  facet normal 0 0 1
    outer loop
      vertex -4.999314628203761 0.07853582896777578 1.5
      vertex 1.435602608679917 4.401664203302126 1.5
      vertex 1.3586404791944515 4.417322325514487 1.5
    endloop
  endfacet
  facet normal 0 0 1
    outer loop
      vertex -4.999314628203761 0.07853582896777578 1.5
      vertex 1.5122797445473926 4.384665291533558 1.5
      vertex 1.435602608679917 4.401664203302126 1.5
    endloop
  endfacet
  facet normal 0 0 1
    outer loop
      vertex -4.999314628203761 0.07853582896777578 1.5
      vertex 1.5886485301985047 4.366330768241983 1.5
      vertex 1.5122797445473926 4.384665291533558 1.5
    endloop
  endfacet
  facet normal 0 0 1
    outer loop
      vertex -4.999314628203761 0.07853582896777578 1.5
      vertex 1.6646857029613433 4.346666218300808 1.5
      vertex 1.5886485301985047 4.366330768241983 1.5
    endloop
  endfacet
  facet normal 0 0 1
    outer loop
      vertex -4.999314628203761 0.07853582896777578 1.5
      vertex 1.7403681011764962 4.325677631722435 1.5
      vertex 1.6646857029613433 4.346666218300808 1.5
    endloop
  endfacet
  facet normal 0 0 1
    outer loop
      vertex -4.999314628203761 0.07853582896777578 1.5
      vertex 1.8156726712523155 4.303371401833658 1.5
      vertex 1.7403681011764962 4.325677631722435 1.5
    endloop
  endfacet
  facet normal 0 0 1
    outer loop
      vertex -4.999314628203761 0.07853582896777578 1.5
      vertex 1.8905764746872633 4.279754323328191 1.5
      vertex 1.8156726712523155 4.303371401833658 1.5
    endloop
  endfacet
  facet normal 0 0 1
    outer loop
      vertex -4.999314628203761 0.07853582896777578 1.5
      vertex 1.9650566950572053 4.254833590196926 1.5
      vertex 1.8905764746872633 4.279754323328191 1.5
    endloop
  endfacet
  facet normal 0 0 1
    outer loop
      vertex -4.999314628203761 0.07853582896777578 1.5
      vertex 2.0390906449655093 4.228616793536588 1.5
      vertex 1.9650566950572053 4.254833590196926 1.5
    endloop
  endfacet
  facet normal 0 0 1
    outer loop
      vertex -4.999314628203761 0.07853582896777578 1.5
      vertex 2.1126557729538513 4.201111919237409 1.5
      vertex 2.0390906449655093 4.228616793536588 1.5
    endloop
  endfacet
  facet normal 0 0 1
    outer loop
      vertex -4.999314628203761 0.07853582896777578 1.5
      vertex 2.185729670371604 4.172327345550544 1.5
      vertex 2.1126557729538513 4.201111919237409 1.5
    endloop
  endfacet
  facet normal 0 0 1
    outer loop
      vertex -4.999314628203761 0.07853582896777578 1.5
      vertex 2.258290078201732 4.142271840535981 1.5
      vertex 2.185729670371604 4.172327345550544 1.5
    endloop
  endfacet
  facet normal 0 0 1
    outer loop
      vertex -4.999314628203761 0.07853582896777578 1.5
      vertex 2.330314893841101 4.110954559391704 1.5
      vertex 2.258290078201732 4.142271840535981 1.5
    endloop
  endfacet
  facet normal 0 0 1
    outer loop
      vertex -4.999314628203761 0.07853582896777578 1.5
      vertex 2.401782177833147 4.078385041664925 1.5
      vertex 2.330314893841101 4.110954559391704 1.5
    endloop
  endfacet
  facet normal 0 0 1
    outer loop
      vertex -4.999314628203761 0.07853582896777578 1.5
      vertex 2.472670160550848 4.044573208346252 1.5
      vertex 2.401782177833147 4.078385041664925 1.5
    endloop
  endfacet
  facet normal 0 0 1
    outer loop
      vertex -4.999314628203761 0.07853582896777578 1.5
      vertex 2.5429572488279604 4.009529358847654 1.5
      vertex 2.472670160550848 4.044573208346252 1.5
    endloop
  endfacet
  facet normal 0 0 1
    outer loop
      vertex -4.999314628203761 0.07853582896777578 1.5
      vertex 2.6126220325365086 3.973264167865171 1.5
      vertex 2.5429572488279604 4.009529358847654 1.5
    endloop
  endfacet
  facet normal 0 0 1
    outer loop
      vertex -4.999314628203761 0.07853582896777578 1.5
      vertex 2.6816432911085166 3.9357886821272814 1.5
      vertex 2.6126220325365086 3.973264167865171 1.5
    endloop
  endfacet
  facet normal 0 0 1
    outer loop
      vertex -4.999314628203761 0.07853582896777578 1.5
      vertex 5 -14 1.5
      vertex -0.45365389351832497 -2.2113091308703496 1.5
    endloop
  endfacet
  facet normal -0.9990482215818574 0.04361938736534394 0
    outer loop
      vertex -4.997258721585931 0.15704773516125403 -1.5
      vertex -4.997258721585931 0.15704773516125403 1.5
      vertex -4.993832906395582 0.2355118030932477 -1.5
    endloop
  endfacet
  facet normal 0 0 -1
    outer loop
      vertex -4.997258721585931 0.15704773516125403 -1.5
      vertex -4.993832906395582 0.2355118030932477 -1.5
      vertex -3.880740392011739 0.905866657858823 -1.5
    endloop
  endfacet
  facet normal 0 0 -1
    outer loop
      vertex -4.997258721585931 0.15704773516125403 -1.5
      vertex -3.880740392011739 0.905866657858823 -1.5
      vertex -3.8960350419659875 0.8467266345988369 -1.5
    endloop
  endfacet
  facet normal -0.9990482215818574 0.04361938736534394 0
    outer loop
      vertex -4.997258721585931 0.15704773516125403 1.5
      vertex -4.993832906395582 0.2355118030932477 1.5
      vertex -4.993832906395582 0.2355118030932477 -1.5
    endloop
  endfacet
  facet normal -0.9981347984218668 0.06104853953485833 0
    outer loop
      vertex -4.993832906395582 0.2355118030932477 -1.5
      vertex -4.993832906395582 0.2355118030932477 1.5
      vertex -4.989038226169209 0.313904131848564 -1.5
    endloop
  endfacet
  facet normal 0 0 -1
    outer loop
      vertex -4.993832906395582 0.2355118030932477 -1.5
      vertex -4.989038226169209 0.313904131848564 -1.5
      vertex -3.847066645870624 1.023300966529579 -1.5
    endloop
  endfacet
  facet normal 0 0 -1
    outer loop
      vertex -4.993832906395582 0.2355118030932477 -1.5
      vertex -3.864415935784116 0.9647307453594971 -1.5
      vertex -3.880740392011739 0.905866657858823 -1.5
    endloop
  endfacet
  facet normal 0 0 -1
    outer loop
      vertex -4.993832906395582 0.2355118030932477 -1.5
      vertex -3.847066645870624 1.023300966529579 -1.5
      vertex -3.864415935784116 0.9647307453594971 -1.5
    endloop
  endfacet
  facet normal -0.9981347984218668 0.06104853953485833 0
    outer loop
      vertex -4.993832906395582 0.2355118030932477 1.5
      vertex -4.989038226169209 0.313904131848564 1.5
      vertex -4.989038226169209 0.313904131848564 -1.5
    endloop
  endfacet
  facet normal -0.9969173337331284 0.07845909572783888 0
    outer loop
      vertex -4.989038226169209 0.313904131848564 -1.5
      vertex -4.989038226169209 0.313904131848564 1.5
      vertex -4.982876141412855 0.3922008423644616 -1.5
    endloop
  endfacet
  facet normal 0 0 -1
    outer loop
      vertex -4.989038226169209 0.313904131848564 -1.5
      vertex -4.982876141412855 0.3922008423644616 -1.5
      vertex -3.8286978070330373 1.0815594803123156 -1.5
    endloop
  endfacet
  facet normal 0 0 -1
    outer loop
      vertex -4.989038226169209 0.313904131848564 -1.5
      vertex -3.8286978070330373 1.0815594803123156 -1.5
      vertex -3.847066645870624 1.023300966529579 -1.5
    endloop
  endfacet
  facet normal -0.9969173337331284 0.07845909572783888 0
    outer loop
      vertex -4.989038226169209 0.313904131848564 1.5
      vertex -4.982876141412855 0.3922008423644616 1.5
      vertex -4.982876141412855 0.3922008423644616 -1.5
    endloop
  endfacet
  facet normal -0.9953961983671784 0.09584575252022957 0
    outer loop
      vertex -4.982876141412855 0.3922008423644616 -1.5
      vertex -4.982876141412855 0.3922008423644616 1.5
      vertex -4.9753485291572295 0.470378084704441 -1.5
    endloop
  endfacet
  facet normal 0 0 -1
    outer loop
      vertex -4.982876141412855 0.3922008423644616 -1.5
      vertex -4.9753485291572295 0.470378084704441 -1.5
      vertex -3.809315014597609 1.1394885406000483 -1.5
    endloop
  endfacet
  facet normal 0 0 -1
    outer loop
      vertex -4.982876141412855 0.3922008423644616 -1.5
      vertex -3.809315014597609 1.1394885406000483 -1.5
      vertex -3.8286978070330373 1.0815594803123156 -1.5
    endloop
  endfacet
  facet normal -0.9953961983671784 0.09584575252022957 0
    outer loop
      vertex -4.982876141412855 0.3922008423644616 1.5
      vertex -4.9753485291572295 0.470378084704441 1.5
      vertex -4.9753485291572295 0.470378084704441 -1.5
    endloop
  endfacet
  facet normal -0.9935718556765877 0.11320321376790524 0
    outer loop
      vertex -4.9753485291572295 0.470378084704441 -1.5
      vertex -4.9753485291572295 0.470378084704441 1.5
      vertex -4.966457682385949 0.5484120453231638 -1.5
    endloop
  endfacet
  facet normal 0 0 -1
    outer loop
      vertex -4.9753485291572295 0.470378084704441 -1.5
      vertex -4.966457682385949 0.5484120453231638 -1.5
      vertex -3.767531492740206 1.2542878234085508 -1.5
    endloop
  endfacet
  facet normal 0 0 -1
    outer loop
      vertex -4.9753485291572295 0.470378084704441 -1.5
      vertex -3.7889241727506793 1.1970705016398409 -1.5
      vertex -3.809315014597609 1.1394885406000483 -1.5
    endloop
  endfacet
  facet normal 0 0 -1
    outer loop
      vertex -4.9753485291572295 0.470378084704441 -1.5
      vertex -3.767531492740206 1.2542878234085508 -1.5
      vertex -3.7889241727506793 1.1970705016398409 -1.5
    endloop
  endfacet
  facet normal -0.9935718556765877 0.11320321376790524 0
    outer loop
      vertex -4.9753485291572295 0.470378084704441 1.5
      vertex -4.966457682385949 0.5484120453231638 1.5
      vertex -4.966457682385949 0.5484120453231638 -1.5
    endloop
  endfacet
  facet normal -0.991444861373812 0.13052619222003933 0
    outer loop
      vertex -4.966457682385949 0.5484120453231638 -1.5
      vertex -4.966457682385949 0.5484120453231638 1.5
      vertex -4.956206309337067 0.6262789543202949 -1.5
    endloop
  endfacet
  facet normal 0 0 -1
    outer loop
      vertex -4.966457682385949 0.5484120453231638 -1.5
      vertex -4.956206309337067 0.6262789543202949 -1.5
      vertex -3.745143490983756 1.3111230769556919 -1.5
    endloop
  endfacet
  facet normal 0 0 -1
    outer loop
      vertex -4.966457682385949 0.5484120453231638 -1.5
      vertex -3.745143490983756 1.3111230769556919 -1.5
      vertex -3.767531492740206 1.2542878234085508 -1.5
    endloop
  endfacet
  facet normal -0.991444861373812 0.13052619222003933 0
    outer loop
      vertex -4.966457682385949 0.5484120453231638 1.5
      vertex -4.956206309337067 0.6262789543202949 1.5
      vertex -4.956206309337067 0.6262789543202949 -1.5
    endloop
  endfacet
  facet normal -0.9890158633619164 0.14780941112961365 0
    outer loop
      vertex -4.956206309337067 0.6262789543202949 -1.5
      vertex -4.956206309337067 0.6262789543202949 1.5
      vertex -4.94459753267812 0.7039550926810385 -1.5
    endloop
  endfacet
  facet normal 0 0 -1
    outer loop
      vertex -4.956206309337067 0.6262789543202949 -1.5
      vertex -4.94459753267812 0.7039550926810385 -1.5
      vertex -3.7217669870835413 1.3675589497124587 -1.5
    endloop
  endfacet
  facet normal 0 0 -1
    outer loop
      vertex -4.956206309337067 0.6262789543202949 -1.5
      vertex -3.7217669870835413 1.3675589497124587 -1.5
      vertex -3.745143490983756 1.3111230769556919 -1.5
    endloop
  endfacet
  facet normal -0.9890158633619164 0.14780941112961365 0
    outer loop
      vertex -4.956206309337067 0.6262789543202949 1.5
      vertex -4.94459753267812 0.7039550926810385 1.5
      vertex -4.94459753267812 0.7039550926810385 -1.5
    endloop
  endfacet
  facet normal -0.9862856015372303 0.16504760586068418 0
    outer loop
      vertex -4.94459753267812 0.7039550926810385 -1.5
      vertex -4.94459753267812 0.7039550926810385 1.5
      vertex -4.931634888554936 0.7814167995011863 -1.5
    endloop
  endfacet
  facet normal 0 0 -1
    outer loop
      vertex -4.94459753267812 0.7039550926810385 -1.5
      vertex -4.931634888554936 0.7814167995011863 -1.5
      vertex -3.6720772546282747 1.479163916092448 -1.5
    endloop
  endfacet
  facet normal 0 0 -1
    outer loop
      vertex -4.94459753267812 0.7039550926810385 -1.5
      vertex -3.697409101749103 1.423578250765301 -1.5
      vertex -3.7217669870835413 1.3675589497124587 -1.5
    endloop
  endfacet
  facet normal 0 0 -1
    outer loop
      vertex -4.94459753267812 0.7039550926810385 -1.5
      vertex -3.6720772546282747 1.479163916092448 -1.5
      vertex -3.697409101749103 1.423578250765301 -1.5
    endloop
  endfacet
  facet normal -0.9862856015372303 0.16504760586068418 0
    outer loop
      vertex -4.94459753267812 0.7039550926810385 1.5
      vertex -4.931634888554936 0.7814167995011863 1.5
      vertex -4.931634888554936 0.7814167995011863 -1.5
    endloop
  endfacet
  facet normal -0.983254907563955 0.1822355254921457 0
    outer loop
      vertex -4.931634888554936 0.7814167995011863 -1.5
      vertex -4.931634888554936 0.7814167995011863 1.5
      vertex -4.917322325514488 0.8586404791944515 1.5
    endloop
  endfacet
  facet normal 0 0 -1
    outer loop
      vertex -4.931634888554936 0.7814167995011863 -1.5
      vertex -4.917322325514488 0.8586404791944515 -1.5
      vertex -3.6457791620470847 1.5342990137617711 -1.5
    endloop
  endfacet
  facet normal -0.983254907563955 0.1822355254921457 0
    outer loop
      vertex -4.931634888554936 0.7814167995011863 -1.5
      vertex -4.917322325514488 0.8586404791944515 1.5
      vertex -4.917322325514488 0.8586404791944515 -1.5
    endloop
  endfacet
  facet normal 0 0 -1
    outer loop
      vertex -4.931634888554936 0.7814167995011863 -1.5
      vertex -3.6457791620470847 1.5342990137617711 -1.5
      vertex -3.6720772546282747 1.479163916092448 -1.5
    endloop
  endfacet
  facet normal -0.9799247046208305 0.19936793441719294 0
    outer loop
      vertex -4.917322325514488 0.8586404791944515 -1.5
      vertex -4.917322325514488 0.8586404791944515 1.5
      vertex -4.901664203302126 0.9356026086799174 -1.5
    endloop
  endfacet
  facet normal 0 0 -1
    outer loop
      vertex -4.917322325514488 0.8586404791944515 -1.5
      vertex -4.901664203302126 0.9356026086799174 -1.5
      vertex -3.5903165750062445 1.6431504697506174 -1.5
    endloop
  endfacet
  facet normal 0 0 -1
    outer loop
      vertex -4.917322325514488 0.8586404791944515 -1.5
      vertex -3.6185228346592875 1.5889667490884136 -1.5
      vertex -3.6457791620470847 1.5342990137617711 -1.5
    endloop
  endfacet
  facet normal 0 0 -1
    outer loop
      vertex -4.917322325514488 0.8586404791944515 -1.5
      vertex -3.5903165750062445 1.6431504697506174 -1.5
      vertex -3.6185228346592875 1.5889667490884136 -1.5
    endloop
  endfacet
  facet normal -0.9799247046208305 0.19936793441719294 0
    outer loop
      vertex -4.917322325514488 0.8586404791944515 1.5
      vertex -4.901664203302126 0.9356026086799174 1.5
      vertex -4.901664203302126 0.9356026086799174 -1.5
    endloop
  endfacet
  facet normal -0.9762960071199315 0.21643961393811148 0
    outer loop
      vertex -4.901664203302126 0.9356026086799174 -1.5
      vertex -4.901664203302126 0.9356026086799174 1.5
      vertex -4.884665291533558 1.0122797445473921 -1.5
    endloop
  endfacet
  facet normal 0 0 -1
    outer loop
      vertex -4.901664203302126 0.9356026086799174 -1.5
      vertex -4.884665291533558 1.0122797445473921 -1.5
      vertex -3.561168974987885 1.6968336708621798 -1.5
    endloop
  endfacet
  facet normal 0 0 -1
    outer loop
      vertex -4.901664203302126 0.9356026086799174 -1.5
      vertex -3.561168974987885 1.6968336708621798 -1.5
      vertex -3.5903165750062445 1.6431504697506174 -1.5
    endloop
  endfacet
  facet normal -0.9762960071199315 0.21643961393811148 0
    outer loop
      vertex -4.901664203302126 0.9356026086799174 1.5
      vertex -4.884665291533558 1.0122797445473921 1.5
      vertex -4.884665291533558 1.0122797445473921 -1.5
    endloop
  endfacet
  facet normal -0.9723699203976782 0.23344536385589865 0
    outer loop
      vertex -4.884665291533558 1.0122797445473921 -1.5
      vertex -4.884665291533558 1.0122797445473921 1.5
      vertex -4.866330768241984 1.0886485301985047 1.5
    endloop
  endfacet
  facet normal 0 0 -1
    outer loop
      vertex -4.884665291533558 1.0122797445473921 -1.5
      vertex -4.866330768241984 1.0886485301985047 -1.5
      vertex -3.500085552457393 1.8026332621851893 -1.5
    endloop
  endfacet
  facet normal -0.9723699203976782 0.23344536385589865 0
    outer loop
      vertex -4.884665291533558 1.0122797445473921 -1.5
      vertex -4.866330768241984 1.0886485301985047 1.5
      vertex -4.866330768241984 1.0886485301985047 -1.5
    endloop
  endfacet
  facet normal 0 0 -1
    outer loop
      vertex -4.884665291533558 1.0122797445473921 -1.5
      vertex -3.531088913245535 1.75 -1.5
      vertex -3.561168974987885 1.6968336708621798 -1.5
    endloop
  endfacet
  facet normal 0 0 -1
    outer loop
      vertex -4.884665291533558 1.0122797445473921 -1.5
      vertex -3.500085552457393 1.8026332621851893 -1.5
      vertex -3.531088913245535 1.75 -1.5
    endloop
  endfacet
  facet normal -0.9681476403781076 0.25038000405444166 0
    outer loop
      vertex -4.866330768241984 1.0886485301985047 -1.5
      vertex -4.866330768241984 1.0886485301985047 1.5
      vertex -4.846666218300808 1.1646857029613429 1.5
    endloop
  endfacet
  facet normal 0 0 -1
    outer loop
      vertex -4.866330768241984 1.0886485301985047 -1.5
      vertex -4.846666218300808 1.1646857029613429 -1.5
      vertex -3.4681683365474907 1.8547174248162168 -1.5
    endloop
  endfacet
  facet normal -0.9681476403781076 0.25038000405444166 0
    outer loop
      vertex -4.866330768241984 1.0886485301985047 -1.5
      vertex -4.846666218300808 1.1646857029613429 1.5
      vertex -4.846666218300808 1.1646857029613429 -1.5
    endloop
  endfacet
  facet normal 0 0 -1
    outer loop
      vertex -4.866330768241984 1.0886485301985047 -1.5
      vertex -3.4681683365474907 1.8547174248162168 -1.5
      vertex -3.500085552457393 1.8026332621851893 -1.5
    endloop
  endfacet
  facet normal -0.9636304532086233 0.2672383760782556 0
    outer loop
      vertex -4.846666218300808 1.1646857029613429 -1.5
      vertex -4.846666218300808 1.1646857029613429 1.5
      vertex -4.825677631722435 1.2403681011764967 -1.5
    endloop
  endfacet
  facet normal 0 0 -1
    outer loop
      vertex -4.846666218300808 1.1646857029613429 -1.5
      vertex -4.825677631722435 1.2403681011764967 -1.5
      vertex -3.401631503942646 1.957175162147614 -1.5
    endloop
  endfacet
  facet normal 0 0 -1
    outer loop
      vertex -4.846666218300808 1.1646857029613429 -1.5
      vertex -3.435346987808984 1.906236622552595 -1.5
      vertex -3.4681683365474907 1.8547174248162168 -1.5
    endloop
  endfacet
  facet normal 0 0 -1
    outer loop
      vertex -4.846666218300808 1.1646857029613429 -1.5
      vertex -3.401631503942646 1.957175162147614 -1.5
      vertex -3.435346987808984 1.906236622552595 -1.5
    endloop
  endfacet
  facet normal -0.9636304532086233 0.2672383760782556 0
    outer loop
      vertex -4.846666218300808 1.1646857029613429 1.5
      vertex -4.825677631722435 1.2403681011764967 1.5
      vertex -4.825677631722435 1.2403681011764967 -1.5
    endloop
  endfacet
  facet normal -0.9588197348681902 0.2840153447039325 0
    outer loop
      vertex -4.825677631722435 1.2403681011764967 -1.5
      vertex -4.825677631722435 1.2403681011764967 1.5
      vertex -4.803371401833659 1.3156726712523152 -1.5
    endloop
  endfacet
  facet normal 0 0 -1
    outer loop
      vertex -4.825677631722435 1.2403681011764967 -1.5
      vertex -4.803371401833659 1.3156726712523152 -1.5
      vertex -3.3670321550114712 2.0075175272286607 -1.5
    endloop
  endfacet
  facet normal 0 0 -1
    outer loop
      vertex -4.825677631722435 1.2403681011764967 -1.5
      vertex -3.3670321550114712 2.0075175272286607 -1.5
      vertex -3.401631503942646 1.957175162147614 -1.5
    endloop
  endfacet
  facet normal -0.9588197348681902 0.2840153447039325 0
    outer loop
      vertex -4.825677631722435 1.2403681011764967 1.5
      vertex -4.803371401833659 1.3156726712523152 1.5
      vertex -4.803371401833659 1.3156726712523152 -1.5
    endloop
  endfacet
  facet normal -0.9537169507482266 0.3007057995042739 0
    outer loop
      vertex -4.803371401833659 1.3156726712523152 -1.5
      vertex -4.803371401833659 1.3156726712523152 1.5
      vertex -4.7797543233281905 1.390576474687263 1.5
    endloop
  endfacet
  facet normal 0 0 -1
    outer loop
      vertex -4.803371401833659 1.3156726712523152 -1.5
      vertex -4.7797543233281905 1.390576474687263 -1.5
      vertex -3.295224285165525 2.1063525810321693 -1.5
    endloop
  endfacet
  facet normal -0.9537169507482266 0.3007057995042739 0
    outer loop
      vertex -4.803371401833659 1.3156726712523152 -1.5
      vertex -4.7797543233281905 1.390576474687263 1.5
      vertex -4.7797543233281905 1.390576474687263 -1.5
    endloop
  endfacet
  facet normal 0 0 -1
    outer loop
      vertex -4.803371401833659 1.3156726712523152 -1.5
      vertex -3.331559480312316 2.057248383023656 -1.5
      vertex -3.3670321550114712 2.0075175272286607 -1.5
    endloop
  endfacet
  facet normal 0 0 -1
    outer loop
      vertex -4.803371401833659 1.3156726712523152 -1.5
      vertex -3.295224285165525 2.1063525810321693 -1.5
      vertex -3.331559480312316 2.057248383023656 -1.5
    endloop
  endfacet
  facet normal -0.9483236552062022 0.31730465640508343 0
    outer loop
      vertex -4.7797543233281905 1.390576474687263 -1.5
      vertex -4.7797543233281905 1.390576474687263 1.5
      vertex -4.754833590196926 1.4650566950572053 -1.5
    endloop
  endfacet
  facet normal 0 0 -1
    outer loop
      vertex -4.7797543233281905 1.390576474687263 -1.5
      vertex -4.754833590196926 1.4650566950572053 -1.5
      vertex -3.2580376376235267 2.154815163639804 -1.5
    endloop
  endfacet
  facet normal 0 0 -1
    outer loop
      vertex -4.7797543233281905 1.390576474687263 -1.5
      vertex -3.2580376376235267 2.154815163639804 -1.5
      vertex -3.295224285165525 2.1063525810321693 -1.5
    endloop
  endfacet
  facet normal -0.9483236552062022 0.31730465640508343 0
    outer loop
      vertex -4.7797543233281905 1.390576474687263 1.5
      vertex -4.754833590196926 1.4650566950572053 1.5
      vertex -4.754833590196926 1.4650566950572053 -1.5
    endloop
  endfacet
  facet normal -0.9426414910921797 0.33380685923376713 0
    outer loop
      vertex -4.754833590196926 1.4650566950572053 -1.5
      vertex -4.754833590196926 1.4650566950572053 1.5
      vertex -4.728616793536588 1.5390906449655093 1.5
    endloop
  endfacet
  facet normal 0 0 -1
    outer loop
      vertex -4.754833590196926 1.4650566950572053 -1.5
      vertex -4.728616793536588 1.5390906449655093 -1.5
      vertex -3.181155550916423 2.249756633902887 -1.5
    endloop
  endfacet
  facet normal -0.9426414910921797 0.33380685923376713 0
    outer loop
      vertex -4.754833590196926 1.4650566950572053 -1.5
      vertex -4.728616793536588 1.5390906449655093 1.5
      vertex -4.728616793536588 1.5390906449655093 -1.5
    endloop
  endfacet
  facet normal 0 0 -1
    outer loop
      vertex -4.754833590196926 1.4650566950572053 -1.5
      vertex -3.220010865099398 2.2026213686744303 -1.5
      vertex -3.2580376376235267 2.154815163639804 -1.5
    endloop
  endfacet
  facet normal 0 0 -1
    outer loop
      vertex -4.754833590196926 1.4650566950572053 -1.5
      vertex -3.181155550916423 2.249756633902887 -1.5
      vertex -3.220010865099398 2.2026213686744303 -1.5
    endloop
  endfacet
  facet normal -0.9366721892483966 0.3502073812594702 0
    outer loop
      vertex -4.728616793536588 1.5390906449655093 -1.5
      vertex -4.728616793536588 1.5390906449655093 1.5
      vertex -4.701111919237408 1.6126557729538513 1.5
    endloop
  endfacet
  facet normal 0 0 -1
    outer loop
      vertex -4.728616793536588 1.5390906449655093 -1.5
      vertex -4.701111919237408 1.6126557729538513 -1.5
      vertex -3.10100688917088 2.3419571222560034 -1.5
    endloop
  endfacet
  facet normal -0.9366721892483966 0.3502073812594702 0
    outer loop
      vertex -4.728616793536588 1.5390906449655093 -1.5
      vertex -4.701111919237408 1.6126557729538513 1.5
      vertex -4.701111919237408 1.6126557729538513 -1.5
    endloop
  endfacet
  facet normal 0 0 -1
    outer loop
      vertex -4.728616793536588 1.5390906449655093 -1.5
      vertex -3.141483530779702 2.2962066014667757 -1.5
      vertex -3.181155550916423 2.249756633902887 -1.5
    endloop
  endfacet
  facet normal 0 0 -1
    outer loop
      vertex -4.728616793536588 1.5390906449655093 -1.5
      vertex -3.10100688917088 2.3419571222560034 -1.5
      vertex -3.141483530779702 2.2962066014667757 -1.5
    endloop
  endfacet
  facet normal -0.9304175679820256 0.36650122672429464 0
    outer loop
      vertex -4.701111919237408 1.6126557729538513 -1.5
      vertex -4.701111919237408 1.6126557729538513 1.5
      vertex -4.672327345550544 1.6857296703716038 -1.5
    endloop
  endfacet
  facet normal 0 0 -1
    outer loop
      vertex -4.701111919237408 1.6126557729538513 -1.5
      vertex -4.672327345550544 1.6857296703716038 -1.5
      vertex -3.0176893011852792 2.4313042966064904 -1.5
    endloop
  endfacet
  facet normal 0 0 -1
    outer loop
      vertex -4.701111919237408 1.6126557729538513 -1.5
      vertex -3.0597379556670967 2.386994260218745 -1.5
      vertex -3.10100688917088 2.3419571222560034 -1.5
    endloop
  endfacet
  facet normal 0 0 -1
    outer loop
      vertex -4.701111919237408 1.6126557729538513 -1.5
      vertex -3.0176893011852792 2.4313042966064904 -1.5
      vertex -3.0597379556670967 2.386994260218745 -1.5
    endloop
  endfacet
  facet normal -0.9304175679820256 0.36650122672429464 0
    outer loop
      vertex -4.701111919237408 1.6126557729538513 1.5
      vertex -4.672327345550544 1.6857296703716038 1.5
      vertex -4.672327345550544 1.6857296703716038 -1.5
    endloop
  endfacet
  facet normal -0.9238795325112841 0.38268343236509617 0
    outer loop
      vertex -4.672327345550544 1.6857296703716038 -1.5
      vertex -4.672327345550544 1.6857296703716038 1.5
      vertex -4.642271840535981 1.7582900782017319 -1.5
    endloop
  endfacet
  facet normal 0 0 -1
    outer loop
      vertex -4.672327345550544 1.6857296703716038 -1.5
      vertex -4.642271840535981 1.7582900782017319 -1.5
      vertex -2.9748737341529163 2.474873734152917 -1.5
    endloop
  endfacet
  facet normal 0 0 -1
    outer loop
      vertex -4.672327345550544 1.6857296703716038 -1.5
      vertex -2.9748737341529163 2.474873734152917 -1.5
      vertex -3.0176893011852792 2.4313042966064904 -1.5
    endloop
  endfacet
  facet normal -0.9238795325112841 0.38268343236509617 0
    outer loop
      vertex -4.672327345550544 1.6857296703716038 1.5
      vertex -4.642271840535981 1.7582900782017319 1.5
      vertex -4.642271840535981 1.7582900782017319 -1.5
    endloop
  endfacet
  facet normal -0.9170600743851254 0.3987490689252429 0
    outer loop
      vertex -4.642271840535981 1.7582900782017319 -1.5
      vertex -4.642271840535981 1.7582900782017319 1.5
      vertex -4.610954559391704 1.8303148938411011 1.5
    endloop
  endfacet
  facet normal 0 0 -1
    outer loop
      vertex -4.642271840535981 1.7582900782017319 -1.5
      vertex -4.610954559391704 1.8303148938411011 -1.5
      vertex -2.886994260218745 2.5597379556670967 -1.5
    endloop
  endfacet
  facet normal -0.9170600743851254 0.3987490689252429 0
    outer loop
      vertex -4.642271840535981 1.7582900782017319 -1.5
      vertex -4.610954559391704 1.8303148938411011 1.5
      vertex -4.610954559391704 1.8303148938411011 -1.5
    endloop
  endfacet
  facet normal 0 0 -1
    outer loop
      vertex -4.642271840535981 1.7582900782017319 -1.5
      vertex -2.9313042966064904 2.5176893011852792 -1.5
      vertex -2.9748737341529163 2.474873734152917 -1.5
    endloop
  endfacet
  facet normal 0 0 -1
    outer loop
      vertex -4.642271840535981 1.7582900782017319 -1.5
      vertex -2.886994260218745 2.5597379556670967 -1.5
      vertex -2.9313042966064904 2.5176893011852792 -1.5
    endloop
  endfacet
  facet normal -0.9099612708765417 0.41469324265624236 0
    outer loop
      vertex -4.610954559391704 1.8303148938411011 -1.5
      vertex -4.610954559391704 1.8303148938411011 1.5
      vertex -4.578385041664925 1.9017821778331472 1.5
    endloop
  endfacet
  facet normal 0 0 -1
    outer loop
      vertex -4.610954559391704 1.8303148938411011 -1.5
      vertex -4.578385041664925 1.9017821778331472 -1.5
      vertex -2.749756633902887 2.681155550916423 -1.5
    endloop
  endfacet
  facet normal -0.9099612708765417 0.41469324265624236 0
    outer loop
      vertex -4.610954559391704 1.8303148938411011 -1.5
      vertex -4.578385041664925 1.9017821778331472 1.5
      vertex -4.578385041664925 1.9017821778331472 -1.5
    endloop
  endfacet
  facet normal 0 0 -1
    outer loop
      vertex -4.610954559391704 1.8303148938411011 -1.5
      vertex -2.841957122256004 2.60100688917088 -1.5
      vertex -2.886994260218745 2.5597379556670967 -1.5
    endloop
  endfacet
  facet normal 0 0 -1
    outer loop
      vertex -4.610954559391704 1.8303148938411011 -1.5
      vertex -2.7962066014667757 2.641483530779702 -1.5
      vertex -2.841957122256004 2.60100688917088 -1.5
    endloop
  endfacet
  facet normal 0 0 -1
    outer loop
      vertex -4.610954559391704 1.8303148938411011 -1.5
      vertex -2.749756633902887 2.681155550916423 -1.5
      vertex -2.7962066014667757 2.641483530779702 -1.5
    endloop
  endfacet
  facet normal -0.9025852843498635 0.4305110968082889 0
    outer loop
      vertex -4.578385041664925 1.9017821778331472 -1.5
      vertex -4.578385041664925 1.9017821778331472 1.5
      vertex -4.544573208346252 1.972670160550848 -1.5
    endloop
  endfacet
  facet normal 0 0 -1
    outer loop
      vertex -4.578385041664925 1.9017821778331472 -1.5
      vertex -4.544573208346252 1.972670160550848 -1.5
      vertex -2.654815163639804 2.758037637623527 -1.5
    endloop
  endfacet
  facet normal 0 0 -1
    outer loop
      vertex -4.578385041664925 1.9017821778331472 -1.5
      vertex -2.7026213686744307 2.7200108650993986 -1.5
      vertex -2.749756633902887 2.681155550916423 -1.5
    endloop
  endfacet
  facet normal 0 0 -1
    outer loop
      vertex -4.578385041664925 1.9017821778331472 -1.5
      vertex -2.654815163639804 2.758037637623527 -1.5
      vertex -2.7026213686744307 2.7200108650993986 -1.5
    endloop
  endfacet
  facet normal -0.9025852843498635 0.4305110968082889 0
    outer loop
      vertex -4.578385041664925 1.9017821778331472 1.5
      vertex -4.544573208346252 1.972670160550848 1.5
      vertex -4.544573208346252 1.972670160550848 -1.5
    endloop
  endfacet
  facet normal -0.894934361602022 0.44619781310981493 0
    outer loop
      vertex -4.544573208346252 1.972670160550848 -1.5
      vertex -4.544573208346252 1.972670160550848 1.5
      vertex -4.509529358847655 2.0429572488279604 1.5
    endloop
  endfacet
  facet normal 0 0 -1
    outer loop
      vertex -4.544573208346252 1.972670160550848 -1.5
      vertex -4.509529358847655 2.0429572488279604 -1.5
      vertex -2.557248383023656 2.8315594803123165 -1.5
    endloop
  endfacet
  facet normal -0.894934361602022 0.44619781310981493 0
    outer loop
      vertex -4.544573208346252 1.972670160550848 -1.5
      vertex -4.509529358847655 2.0429572488279604 1.5
      vertex -4.509529358847655 2.0429572488279604 -1.5
    endloop
  endfacet
  facet normal 0 0 -1
    outer loop
      vertex -4.544573208346252 1.972670160550848 -1.5
      vertex -2.606352581032169 2.7952242851655242 -1.5
      vertex -2.654815163639804 2.758037637623527 -1.5
    endloop
  endfacet
  facet normal 0 0 -1
    outer loop
      vertex -4.544573208346252 1.972670160550848 -1.5
      vertex -2.557248383023656 2.8315594803123165 -1.5
      vertex -2.606352581032169 2.7952242851655242 -1.5
    endloop
  endfacet
  facet normal -0.8870108331782218 0.4617486132350336 0
    outer loop
      vertex -4.509529358847655 2.0429572488279604 -1.5
      vertex -4.509529358847655 2.0429572488279604 1.5
      vertex -4.473264167865171 2.1126220325365086 -1.5
    endloop
  endfacet
  facet normal 0 0 -1
    outer loop
      vertex -4.509529358847655 2.0429572488279604 -1.5
      vertex -4.473264167865171 2.1126220325365086 -1.5
      vertex -2.406236622552595 2.935346987808984 -1.5
    endloop
  endfacet
  facet normal 0 0 -1
    outer loop
      vertex -4.509529358847655 2.0429572488279604 -1.5
      vertex -2.507517527228661 2.867032155011472 -1.5
      vertex -2.557248383023656 2.8315594803123165 -1.5
    endloop
  endfacet
  facet normal 0 0 -1
    outer loop
      vertex -4.509529358847655 2.0429572488279604 -1.5
      vertex -2.457175162147614 2.901631503942646 -1.5
      vertex -2.507517527228661 2.867032155011472 -1.5
    endloop
  endfacet
  facet normal 0 0 -1
    outer loop
      vertex -4.509529358847655 2.0429572488279604 -1.5
      vertex -2.406236622552595 2.935346987808984 -1.5
      vertex -2.457175162147614 2.901631503942646 -1.5
    endloop
  endfacet
  facet normal -0.8870108331782218 0.4617486132350336 0
    outer loop
      vertex -4.509529358847655 2.0429572488279604 1.5
      vertex -4.473264167865171 2.1126220325365086 1.5
      vertex -4.473264167865171 2.1126220325365086 -1.5
    endloop
  endfacet
  facet normal -0.8788171126619666 0.47715876025960624 0
    outer loop
      vertex -4.473264167865171 2.1126220325365086 -1.5
      vertex -4.473264167865171 2.1126220325365086 1.5
      vertex -4.435788682127281 2.181643291108516 1.5
    endloop
  endfacet
  facet normal 0 0 -1
    outer loop
      vertex -4.473264167865171 2.1126220325365086 -1.5
      vertex -4.435788682127281 2.181643291108516 -1.5
      vertex -2.19683367086218 3.0611689749878845 -1.5
    endloop
  endfacet
  facet normal -0.8788171126619666 0.47715876025960624 0
    outer loop
      vertex -4.473264167865171 2.1126220325365086 -1.5
      vertex -4.435788682127281 2.181643291108516 1.5
      vertex -4.435788682127281 2.181643291108516 -1.5
    endloop
  endfacet
  facet normal 0 0 -1
    outer loop
      vertex -4.473264167865171 2.1126220325365086 -1.5
      vertex -2.3547174248162173 2.9681683365474907 -1.5
      vertex -2.406236622552595 2.935346987808984 -1.5
    endloop
  endfacet
  facet normal 0 0 -1
    outer loop
      vertex -4.473264167865171 2.1126220325365086 -1.5
      vertex -2.3026332621851893 3.000085552457392 -1.5
      vertex -2.3547174248162173 2.9681683365474907 -1.5
    endloop
  endfacet
  facet normal 0 0 -1
    outer loop
      vertex -4.473264167865171 2.1126220325365086 -1.5
      vertex -2.25 3.0310889132455348 -1.5
      vertex -2.3026332621851893 3.000085552457392 -1.5
    endloop
  endfacet
  facet normal 0 0 -1
    outer loop
      vertex -4.473264167865171 2.1126220325365086 -1.5
      vertex -2.19683367086218 3.0611689749878845 -1.5
      vertex -2.25 3.0310889132455348 -1.5
    endloop
  endfacet
  facet normal -0.8703556959399 0.49242356010346644 0
    outer loop
      vertex -4.435788682127281 2.181643291108516 -1.5
      vertex -4.435788682127281 2.181643291108516 1.5
      vertex -4.397114317029974 2.25 -1.5
    endloop
  endfacet
  facet normal 0 0 -1
    outer loop
      vertex -4.435788682127281 2.181643291108516 -1.5
      vertex -4.397114317029974 2.25 -1.5
      vertex 1.1262789543202945 4.456206309337066 -1.5
    endloop
  endfacet
  facet normal 0 0 -1
    outer loop
      vertex -4.435788682127281 2.181643291108516 -1.5
      vertex -2.143150469750618 3.090316575006245 -1.5
      vertex -2.19683367086218 3.0611689749878845 -1.5
    endloop
  endfacet
  facet normal 0 0 -1
    outer loop
      vertex -4.435788682127281 2.181643291108516 -1.5
      vertex -2.0889667490884136 3.118522834659288 -1.5
      vertex -2.143150469750618 3.090316575006245 -1.5
    endloop
  endfacet
  facet normal 0 0 -1
    outer loop
      vertex -4.435788682127281 2.181643291108516 -1.5
      vertex -2.034299013761771 3.1457791620470843 -1.5
      vertex -2.0889667490884136 3.118522834659288 -1.5
    endloop
  endfacet
  facet normal 0 0 -1
    outer loop
      vertex -4.435788682127281 2.181643291108516 -1.5
      vertex -1.9791639160924481 3.172077254628274 -1.5
      vertex -2.034299013761771 3.1457791620470843 -1.5
    endloop
  endfacet
  facet normal 0 0 -1
    outer loop
      vertex -4.435788682127281 2.181643291108516 -1.5
      vertex -1.9235782507653008 3.197409101749102 -1.5
      vertex -1.9791639160924481 3.172077254628274 -1.5
    endloop
  endfacet
  facet normal 0 0 -1
    outer loop
      vertex -4.435788682127281 2.181643291108516 -1.5
      vertex -1.8675589497124583 3.221766987083541 -1.5
      vertex -1.9235782507653008 3.197409101749102 -1.5
    endloop
  endfacet
  facet normal 0 0 -1
    outer loop
      vertex -4.435788682127281 2.181643291108516 -1.5
      vertex -1.811123076955692 3.2451434909837555 -1.5
      vertex -1.8675589497124583 3.221766987083541 -1.5
    endloop
  endfacet
  facet normal 0 0 -1
    outer loop
      vertex -4.435788682127281 2.181643291108516 -1.5
      vertex 1.1262789543202945 4.456206309337066 -1.5
      vertex -1.811123076955692 3.2451434909837555 -1.5
    endloop
  endfacet
  facet normal -0.8703556959399 0.49242356010346644 0
    outer loop
      vertex -4.435788682127281 2.181643291108516 1.5
      vertex -4.397114317029974 2.25 1.5
      vertex -4.397114317029974 2.25 -1.5
    endloop
  endfacet
  facet normal -0.861629160441524 0.5075383629607069 0
    outer loop
      vertex -4.397114317029974 2.25 -1.5
      vertex -4.397114317029974 2.25 1.5
      vertex -4.357252853159506 2.317671337095243 1.5
    endloop
  endfacet
  facet normal 0 0 -1
    outer loop
      vertex -4.397114317029974 2.25 -1.5
      vertex -4.357252853159506 2.317671337095243 -1.5
      vertex 1.1262789543202945 4.456206309337066 -1.5
    endloop
  endfacet
  facet normal -0.861629160441524 0.5075383629607069 0
    outer loop
      vertex -4.397114317029974 2.25 -1.5
      vertex -4.357252853159506 2.317671337095243 1.5
      vertex -4.357252853159506 2.317671337095243 -1.5
    endloop
  endfacet
  facet normal -0.8526401643540943 0.5224985647159455 0
    outer loop
      vertex -4.357252853159506 2.317671337095243 -1.5
      vertex -4.357252853159506 2.317671337095243 1.5
      vertex -4.316216432703917 2.3846366890494224 -1.5
    endloop
  endfacet
  facet normal 0 0 -1
    outer loop
      vertex -4.357252853159506 2.317671337095243 -1.5
      vertex -4.316216432703917 2.3846366890494224 -1.5
      vertex 1.1262789543202945 4.456206309337066 -1.5
    endloop
  endfacet
  facet normal -0.8526401643540943 0.5224985647159455 0
    outer loop
      vertex -4.357252853159506 2.317671337095243 1.5
      vertex -4.316216432703917 2.3846366890494224 1.5
      vertex -4.316216432703917 2.3846366890494224 -1.5
    endloop
  endfacet
  facet normal -0.8433914458128856 0.537299608346824 0
    outer loop
      vertex -4.316216432703917 2.3846366890494224 -1.5
      vertex -4.316216432703917 2.3846366890494224 1.5
      vertex -4.2740175557544084 2.4508756575676216 1.5
    endloop
  endfacet
  facet normal 0 0 -1
    outer loop
      vertex -4.316216432703917 2.3846366890494224 -1.5
      vertex -4.2740175557544084 2.4508756575676216 -1.5
      vertex 1.1262789543202945 4.456206309337066 -1.5
    endloop
  endfacet
  facet normal -0.8433914458128856 0.537299608346824 0
    outer loop
      vertex -4.316216432703917 2.3846366890494224 -1.5
      vertex -4.2740175557544084 2.4508756575676216 1.5
      vertex -4.2740175557544084 2.4508756575676216 -1.5
    endloop
  endfacet
  facet normal -0.8338858220671632 0.5519369853120657 0
    outer loop
      vertex -4.2740175557544084 2.4508756575676216 -1.5
      vertex -4.2740175557544084 2.4508756575676216 1.5
      vertex -4.230669076497687 2.5163680656183605 1.5
    endloop
  endfacet
  facet normal 0 0 -1
    outer loop
      vertex -4.2740175557544084 2.4508756575676216 -1.5
      vertex -4.230669076497687 2.5163680656183605 -1.5
      vertex 1.1262789543202945 4.456206309337066 -1.5
    endloop
  endfacet
  facet normal -0.8338858220671632 0.5519369853120657 0
    outer loop
      vertex -4.2740175557544084 2.4508756575676216 -1.5
      vertex -4.230669076497687 2.5163680656183605 1.5
      vertex -4.230669076497687 2.5163680656183605 -1.5
    endloop
  endfacet
  facet normal -0.8241261886220214 0.5664062369248244 0
    outer loop
      vertex -4.230669076497687 2.5163680656183605 -1.5
      vertex -4.230669076497687 2.5163680656183605 1.5
      vertex -4.186184199300463 2.5810939635797077 -1.5
    endloop
  endfacet
  facet normal 0 0 -1
    outer loop
      vertex -4.230669076497687 2.5163680656183605 -1.5
      vertex -4.186184199300463 2.5810939635797077 -1.5
      vertex 1.1262789543202945 4.456206309337066 -1.5
    endloop
  endfacet
  facet normal -0.8241261886220214 0.5664062369248244 0
    outer loop
      vertex -4.230669076497687 2.5163680656183605 1.5
      vertex -4.186184199300463 2.5810939635797077 1.5
      vertex -4.186184199300463 2.5810939635797077 -1.5
    endloop
  endfacet
  facet normal -0.8141155183563163 0.5807029557109438 0
    outer loop
      vertex -4.186184199300463 2.5810939635797077 -1.5
      vertex -4.186184199300463 2.5810939635797077 1.5
      vertex -4.140576474687263 2.6450336353161292 1.5
    endloop
  endfacet
  facet normal 0 0 -1
    outer loop
      vertex -4.186184199300463 2.5810939635797077 -1.5
      vertex -4.140576474687263 2.6450336353161292 -1.5
      vertex 1.1262789543202945 4.456206309337066 -1.5
    endloop
  endfacet
  facet normal -0.8141155183563163 0.5807029557109438 0
    outer loop
      vertex -4.186184199300463 2.5810939635797077 -1.5
      vertex -4.140576474687263 2.6450336353161292 1.5
      vertex -4.140576474687263 2.6450336353161292 -1.5
    endloop
  endfacet
  facet normal -0.8038568606172151 0.5948227867513444 0
    outer loop
      vertex -4.140576474687263 2.6450336353161292 -1.5
      vertex -4.140576474687263 2.6450336353161292 1.5
      vertex -4.0938597952128175 2.708167604184217 -1.5
    endloop
  endfacet
  facet normal 0 0 -1
    outer loop
      vertex -4.140576474687263 2.6450336353161292 -1.5
      vertex -4.0938597952128175 2.708167604184217 -1.5
      vertex 1.1262789543202945 4.456206309337066 -1.5
    endloop
  endfacet
  facet normal -0.8038568606172151 0.5948227867513444 0
    outer loop
      vertex -4.140576474687263 2.6450336353161292 1.5
      vertex -4.0938597952128175 2.708167604184217 1.5
      vertex -4.0938597952128175 2.708167604184217 -1.5
    endloop
  endfacet
  facet normal -0.7933533402912397 0.6087614290087147 0
    outer loop
      vertex -4.0938597952128175 2.708167604184217 -1.5
      vertex -4.0938597952128175 2.708167604184217 1.5
      vertex -4.046048391230249 2.7704766389654623 1.5
    endloop
  endfacet
  facet normal 0 0 -1
    outer loop
      vertex -4.0938597952128175 2.708167604184217 -1.5
      vertex -4.046048391230249 2.7704766389654623 -1.5
      vertex 1.1262789543202945 4.456206309337066 -1.5
    endloop
  endfacet
  facet normal -0.7933533402912397 0.6087614290087147 0
    outer loop
      vertex -4.0938597952128175 2.708167604184217 -1.5
      vertex -4.046048391230249 2.7704766389654623 1.5
      vertex -4.046048391230249 2.7704766389654623 -1.5
    endloop
  endfacet
  facet normal -0.7826081568524109 0.6225146366376234 0
    outer loop
      vertex -4.046048391230249 2.7704766389654623 -1.5
      vertex -4.046048391230249 2.7704766389654623 1.5
      vertex -3.997156826556369 2.831941759724268 -1.5
    endloop
  endfacet
  facet normal 0 0 -1
    outer loop
      vertex -4.046048391230249 2.7704766389654623 -1.5
      vertex -3.997156826556369 2.831941759724268 -1.5
      vertex 1.1262789543202945 4.456206309337066 -1.5
    endloop
  endfacet
  facet normal -0.7826081568524109 0.6225146366376234 0
    outer loop
      vertex -4.046048391230249 2.7704766389654623 1.5
      vertex -3.997156826556369 2.831941759724268 1.5
      vertex -3.997156826556369 2.831941759724268 -1.5
    endloop
  endfacet
  facet normal 1 0 0
    outer loop
      vertex -4 -14 -1.5
      vertex -4 0 -1.5
      vertex -4 0 0.5
    endloop
  endfacet
  facet normal 1 0 0
    outer loop
      vertex -4 -14 -1.5
      vertex -4 0 0.5
      vertex -4 -14 0.5
    endloop
  endfacet
  facet normal 0 0 -1
    outer loop
      vertex -4 -14 0.5
      vertex -4 0 0.5
      vertex -3.3670321550114712 2.0075175272286607 0.5
    endloop
  endfacet
  facet normal 0 0 -1
    outer loop
      vertex -4 -14 0.5
      vertex -3.3670321550114712 2.0075175272286607 0.5
      vertex 4 -14 0.5
    endloop
  endfacet
  facet normal 0.9999619230641713 -0.008726535498370363 0
    outer loop
      vertex -4 0 -1.5
      vertex -3.9994669330473696 0.06108342253049237 -1.5
      vertex -3.9994669330473696 0.06108342253049237 0.5
    endloop
  endfacet
  facet normal 0.9999619230641713 -0.008726535498370363 0
    outer loop
      vertex -4 0 -1.5
      vertex -3.9994669330473696 0.06108342253049237 0.5
      vertex -4 0 0.5
    endloop
  endfacet
  facet normal 0 0 -1
    outer loop
      vertex -4 0 0.5
      vertex -3.9994669330473696 0.06108342253049237 0.5
      vertex -3.3670321550114712 2.0075175272286607 0.5
    endloop
  endfacet
  facet normal 0.9996573249755573 -0.02617694830787584 0
    outer loop
      vertex -3.9994669330473696 0.06108342253049237 -1.5
      vertex -3.997867894566835 0.12214823845875333 -1.5
      vertex -3.997867894566835 0.12214823845875333 0.5
    endloop
  endfacet
  facet normal 0.9996573249755573 -0.02617694830787584 0
    outer loop
      vertex -3.9994669330473696 0.06108342253049237 -1.5
      vertex -3.997867894566835 0.12214823845875333 0.5
      vertex -3.9994669330473696 0.06108342253049237 0.5
    endloop
  endfacet
  facet normal 0 0 -1
    outer loop
      vertex -3.9994669330473696 0.06108342253049237 0.5
      vertex -3.997867894566835 0.12214823845875333 0.5
      vertex -3.3670321550114712 2.0075175272286607 0.5
    endloop
  endfacet
  facet normal 0.9990482215818575 -0.04361938736534216 0
    outer loop
      vertex -3.997867894566835 0.12214823845875333 -1.5
      vertex -3.9952033716410082 0.18317584685030308 -1.5
      vertex -3.9952033716410082 0.18317584685030308 0.5
    endloop
  endfacet
  facet normal 0.9990482215818575 -0.04361938736534216 0
    outer loop
      vertex -3.997867894566835 0.12214823845875333 -1.5
      vertex -3.9952033716410082 0.18317584685030308 0.5
      vertex -3.997867894566835 0.12214823845875333 0.5
    endloop
  endfacet
  facet normal 0 0 -1
    outer loop
      vertex -3.997867894566835 0.12214823845875333 0.5
      vertex -3.9952033716410082 0.18317584685030308 0.5
      vertex -3.3670321550114712 2.0075175272286607 0.5
    endloop
  endfacet
  facet normal -0.7716245833877207 0.6360782202777631 0
    outer loop
      vertex -3.997156826556369 2.831941759724268 -1.5
      vertex -3.997156826556369 2.831941759724268 1.5
      vertex -3.947199994035401 2.892544243589427 1.5
    endloop
  endfacet
  facet normal 0 0 -1
    outer loop
      vertex -3.997156826556369 2.831941759724268 -1.5
      vertex -3.947199994035401 2.892544243589427 -1.5
      vertex 1.1262789543202945 4.456206309337066 -1.5
    endloop
  endfacet
  facet normal -0.7716245833877207 0.6360782202777631 0
    outer loop
      vertex -3.997156826556369 2.831941759724268 -1.5
      vertex -3.947199994035401 2.892544243589427 1.5
      vertex -3.947199994035401 2.892544243589427 -1.5
    endloop
  endfacet
  facet normal 0.9981347984218669 -0.06104853953485633 0
    outer loop
      vertex -3.9952033716410082 0.18317584685030308 -1.5
      vertex -3.9914741759093846 0.2441476581044384 -1.5
      vertex -3.9914741759093846 0.2441476581044384 0.5
    endloop
  endfacet
  facet normal 0.9981347984218669 -0.06104853953485633 0
    outer loop
      vertex -3.9952033716410082 0.18317584685030308 -1.5
      vertex -3.9914741759093846 0.2441476581044384 0.5
      vertex -3.9952033716410082 0.18317584685030308 0.5
    endloop
  endfacet
  facet normal 0 0 -1
    outer loop
      vertex -3.9952033716410082 0.18317584685030308 0.5
      vertex -3.9914741759093846 0.2441476581044384 0.5
      vertex -3.3670321550114712 2.0075175272286607 0.5
    endloop
  endfacet
  facet normal 0.9969173337331286 -0.07845909572783771 0
    outer loop
      vertex -3.9914741759093846 0.2441476581044384 -1.5
      vertex -3.9866814433211095 0.3050450996168035 -1.5
      vertex -3.9866814433211095 0.3050450996168035 0.5
    endloop
  endfacet
  facet normal 0.9969173337331286 -0.07845909572783771 0
    outer loop
      vertex -3.9914741759093846 0.2441476581044384 -1.5
      vertex -3.9866814433211095 0.3050450996168035 0.5
      vertex -3.9914741759093846 0.2441476581044384 0.5
    endloop
  endfacet
  facet normal 0 0 -1
    outer loop
      vertex -3.9914741759093846 0.2441476581044384 0.5
      vertex -3.9866814433211095 0.3050450996168035 0.5
      vertex -3.3670321550114712 2.0075175272286607 0.5
    endloop
  endfacet
  facet normal 0.9953961983671781 -0.09584575252023067 0
    outer loop
      vertex -3.9866814433211095 0.3050450996168035 -1.5
      vertex -3.9808266337889564 0.36584962143678723 -1.5
      vertex -3.9808266337889564 0.36584962143678723 0.5
    endloop
  endfacet
  facet normal 0.9953961983671781 -0.09584575252023067 0
    outer loop
      vertex -3.9866814433211095 0.3050450996168035 -1.5
      vertex -3.9808266337889564 0.36584962143678723 0.5
      vertex -3.9866814433211095 0.3050450996168035 0.5
    endloop
  endfacet
  facet normal 0 0 -1
    outer loop
      vertex -3.9866814433211095 0.3050450996168035 0.5
      vertex -3.9808266337889564 0.36584962143678723 0.5
      vertex -3.3670321550114712 2.0075175272286607 0.5
    endloop
  endfacet
  facet normal 0.9935718556765881 -0.11320321376790193 0
    outer loop
      vertex -3.9808266337889564 0.36584962143678723 -1.5
      vertex -3.973911530744627 0.4265427019180166 -1.5
      vertex -3.973911530744627 0.4265427019180166 0.5
    endloop
  endfacet
  facet normal 0.9935718556765881 -0.11320321376790193 0
    outer loop
      vertex -3.9808266337889564 0.36584962143678723 -1.5
      vertex -3.973911530744627 0.4265427019180166 0.5
      vertex -3.9808266337889564 0.36584962143678723 0.5
    endloop
  endfacet
  facet normal 0 0 -1
    outer loop
      vertex -3.9808266337889564 0.36584962143678723 0.5
      vertex -3.973911530744627 0.4265427019180166 0.5
      vertex -3.3670321550114712 2.0075175272286607 0.5
    endloop
  endfacet
  facet normal 0.9914448613738109 -0.1305261922200473 0
    outer loop
      vertex -3.973911530744627 0.4265427019180166 -1.5
      vertex -3.9659382405954964 0.48710585336022927 -1.5
      vertex -3.9659382405954964 0.48710585336022927 0.5
    endloop
  endfacet
  facet normal 0.9914448613738109 -0.1305261922200473 0
    outer loop
      vertex -3.973911530744627 0.4265427019180166 -1.5
      vertex -3.9659382405954964 0.48710585336022927 0.5
      vertex -3.973911530744627 0.4265427019180166 0.5
    endloop
  endfacet
  facet normal 0 0 -1
    outer loop
      vertex -3.973911530744627 0.4265427019180166 0.5
      vertex -3.9659382405954964 0.48710585336022927 0.5
      vertex -3.3670321550114712 2.0075175272286607 0.5
    endloop
  endfacet
  facet normal 0.9890158633619159 -0.14780941112961618 0
    outer loop
      vertex -3.9659382405954964 0.48710585336022927 -1.5
      vertex -3.956909192082982 0.5475206276408082 -1.5
      vertex -3.956909192082982 0.5475206276408082 0.5
    endloop
  endfacet
  facet normal 0.9890158633619159 -0.14780941112961618 0
    outer loop
      vertex -3.9659382405954964 0.48710585336022927 -1.5
      vertex -3.956909192082982 0.5475206276408082 0.5
      vertex -3.9659382405954964 0.48710585336022927 0.5
    endloop
  endfacet
  facet normal 0 0 -1
    outer loop
      vertex -3.9659382405954964 0.48710585336022927 0.5
      vertex -3.956909192082982 0.5475206276408082 0.5
      vertex -3.3670321550114712 2.0075175272286607 0.5
    endloop
  endfacet
  facet normal 0.9862856015372309 -0.16504760586068024 0
    outer loop
      vertex -3.956909192082982 0.5475206276408082 -1.5
      vertex -3.946827135542728 0.6077686218342562 -1.5
      vertex -3.946827135542728 0.6077686218342562 0.5
    endloop
  endfacet
  facet normal 0.9862856015372309 -0.16504760586068024 0
    outer loop
      vertex -3.956909192082982 0.5475206276408082 -1.5
      vertex -3.946827135542728 0.6077686218342562 0.5
      vertex -3.956909192082982 0.5475206276408082 0.5
    endloop
  endfacet
  facet normal 0 0 -1
    outer loop
      vertex -3.956909192082982 0.5475206276408082 0.5
      vertex -3.946827135542728 0.6077686218342562 0.5
      vertex -3.3670321550114712 2.0075175272286607 0.5
    endloop
  endfacet
  facet normal -0.7604059656000319 0.6494480483301825 0
    outer loop
      vertex -3.947199994035401 2.892544243589427 -1.5
      vertex -3.947199994035401 2.892544243589427 1.5
      vertex -3.896193111002474 2.9522656304572825 1.5
    endloop
  endfacet
  facet normal 0 0 -1
    outer loop
      vertex -3.947199994035401 2.892544243589427 -1.5
      vertex -3.896193111002474 2.9522656304572825 -1.5
      vertex 1.1262789543202945 4.456206309337066 -1.5
    endloop
  endfacet
  facet normal -0.7604059656000319 0.6494480483301825 0
    outer loop
      vertex -3.947199994035401 2.892544243589427 -1.5
      vertex -3.896193111002474 2.9522656304572825 1.5
      vertex -3.896193111002474 2.9522656304572825 -1.5
    endloop
  endfacet
  facet normal 0.983254907563956 -0.18223552549214042 0
    outer loop
      vertex -3.946827135542728 0.6077686218342562 -1.5
      vertex -3.935695142066824 0.6678314838179071 -1.5
      vertex -3.935695142066824 0.6678314838179071 0.5
    endloop
  endfacet
  facet normal 0.983254907563956 -0.18223552549214042 0
    outer loop
      vertex -3.946827135542728 0.6077686218342562 -1.5
      vertex -3.935695142066824 0.6678314838179071 0.5
      vertex -3.946827135542728 0.6077686218342562 0.5
    endloop
  endfacet
  facet normal 0 0 -1
    outer loop
      vertex -3.946827135542728 0.6077686218342562 0.5
      vertex -3.935695142066824 0.6678314838179071 0.5
      vertex -3.3670321550114712 2.0075175272286607 0.5
    endloop
  endfacet
  facet normal 0.9799247046208294 -0.19936793441719794 0
    outer loop
      vertex -3.935695142066824 0.6678314838179071 -1.5
      vertex -3.92351660256832 0.7276909178621578 -1.5
      vertex -3.92351660256832 0.7276909178621578 0.5
    endloop
  endfacet
  facet normal 0.9799247046208294 -0.19936793441719794 0
    outer loop
      vertex -3.935695142066824 0.6678314838179071 -1.5
      vertex -3.92351660256832 0.7276909178621578 0.5
      vertex -3.935695142066824 0.6678314838179071 0.5
    endloop
  endfacet
  facet normal 0 0 -1
    outer loop
      vertex -3.935695142066824 0.6678314838179071 0.5
      vertex -3.92351660256832 0.7276909178621578 0.5
      vertex -3.3670321550114712 2.0075175272286607 0.5
    endloop
  endfacet
  facet normal 0.9762960071199328 -0.21643961393810524 0
    outer loop
      vertex -3.92351660256832 0.7276909178621578 -1.5
      vertex -3.9102952267483233 0.7873286902035277 -1.5
      vertex -3.9102952267483233 0.7873286902035277 0.5
    endloop
  endfacet
  facet normal 0.9762960071199328 -0.21643961393810524 0
    outer loop
      vertex -3.92351660256832 0.7276909178621578 -1.5
      vertex -3.9102952267483233 0.7873286902035277 0.5
      vertex -3.92351660256832 0.7276909178621578 0.5
    endloop
  endfacet
  facet normal 0 0 -1
    outer loop
      vertex -3.92351660256832 0.7276909178621578 0.5
      vertex -3.9102952267483233 0.7873286902035277 0.5
      vertex -3.3670321550114712 2.0075175272286607 0.5
    endloop
  endfacet
  facet normal 0.9723699203976757 -0.23344536385590925 0
    outer loop
      vertex -3.9102952267483233 0.7873286902035277 -1.5
      vertex -3.8960350419659875 0.8467266345988369 -1.5
      vertex -3.8960350419659875 0.8467266345988369 0.5
    endloop
  endfacet
  facet normal 0.9723699203976757 -0.23344536385590925 0
    outer loop
      vertex -3.9102952267483233 0.7873286902035277 -1.5
      vertex -3.8960350419659875 0.8467266345988369 0.5
      vertex -3.9102952267483233 0.7873286902035277 0.5
    endloop
  endfacet
  facet normal 0 0 -1
    outer loop
      vertex -3.9102952267483233 0.7873286902035277 0.5
      vertex -3.8960350419659875 0.8467266345988369 0.5
      vertex -3.3670321550114712 2.0075175272286607 0.5
    endloop
  endfacet
  facet normal -0.7489557207890054 0.6626200482157337 0
    outer loop
      vertex -3.896193111002474 2.9522656304572825 -1.5
      vertex -3.896193111002474 2.9522656304572825 1.5
      vertex -3.844151714648274 3.0110877286148625 -1.5
    endloop
  endfacet
  facet normal 0 0 -1
    outer loop
      vertex -3.896193111002474 2.9522656304572825 -1.5
      vertex -3.844151714648274 3.0110877286148625 -1.5
      vertex 1.1262789543202945 4.456206309337066 -1.5
    endloop
  endfacet
  facet normal -0.7489557207890054 0.6626200482157337 0
    outer loop
      vertex -3.896193111002474 2.9522656304572825 1.5
      vertex -3.844151714648274 3.0110877286148625 1.5
      vertex -3.844151714648274 3.0110877286148625 -1.5
    endloop
  endfacet
  facet normal 0.9681476403781086 -0.25038000405443817 0
    outer loop
      vertex -3.8960350419659875 0.8467266345988369 -1.5
      vertex -3.880740392011739 0.905866657858823 -1.5
      vertex -3.880740392011739 0.905866657858823 0.5
    endloop
  endfacet
  facet normal 0.9681476403781086 -0.25038000405443817 0
    outer loop
      vertex -3.8960350419659875 0.8467266345988369 -1.5
      vertex -3.880740392011739 0.905866657858823 0.5
      vertex -3.8960350419659875 0.8467266345988369 0.5
    endloop
  endfacet
  facet normal 0 0 -1
    outer loop
      vertex -3.8960350419659875 0.8467266345988369 0.5
      vertex -3.880740392011739 0.905866657858823 0.5
      vertex -3.3670321550114712 2.0075175272286607 0.5
    endloop
  endfacet
  facet normal 0.9636304532086233 -0.26723837607825573 0
    outer loop
      vertex -3.880740392011739 0.905866657858823 -1.5
      vertex -3.864415935784116 0.9647307453594971 -1.5
      vertex -3.864415935784116 0.9647307453594971 0.5
    endloop
  endfacet
  facet normal 0.9636304532086233 -0.26723837607825573 0
    outer loop
      vertex -3.880740392011739 0.905866657858823 -1.5
      vertex -3.864415935784116 0.9647307453594971 0.5
      vertex -3.880740392011739 0.905866657858823 0.5
    endloop
  endfacet
  facet normal 0 0 -1
    outer loop
      vertex -3.880740392011739 0.905866657858823 0.5
      vertex -3.864415935784116 0.9647307453594971 0.5
      vertex -3.3670321550114712 2.0075175272286607 0.5
    endloop
  endfacet
  facet normal 0.9588197348681922 -0.2840153447039257 0
    outer loop
      vertex -3.864415935784116 0.9647307453594971 -1.5
      vertex -3.847066645870624 1.023300966529579 -1.5
      vertex -3.847066645870624 1.023300966529579 0.5
    endloop
  endfacet
  facet normal 0.9588197348681922 -0.2840153447039257 0
    outer loop
      vertex -3.864415935784116 0.9647307453594971 -1.5
      vertex -3.847066645870624 1.023300966529579 0.5
      vertex -3.864415935784116 0.9647307453594971 0.5
    endloop
  endfacet
  facet normal 0 0 -1
    outer loop
      vertex -3.864415935784116 0.9647307453594971 0.5
      vertex -3.847066645870624 1.023300966529579 0.5
      vertex -3.3670321550114712 2.0075175272286607 0.5
    endloop
  endfacet
  facet normal 0.9537169507482259 -0.3007057995042762 0
    outer loop
      vertex -3.847066645870624 1.023300966529579 -1.5
      vertex -3.8286978070330373 1.0815594803123156 -1.5
      vertex -3.8286978070330373 1.0815594803123156 0.5
    endloop
  endfacet
  facet normal 0.9537169507482259 -0.3007057995042762 0
    outer loop
      vertex -3.847066645870624 1.023300966529579 -1.5
      vertex -3.8286978070330373 1.0815594803123156 0.5
      vertex -3.847066645870624 1.023300966529579 0.5
    endloop
  endfacet
  facet normal 0 0 -1
    outer loop
      vertex -3.847066645870624 1.023300966529579 0.5
      vertex -3.8286978070330373 1.0815594803123156 0.5
      vertex -3.3670321550114712 2.0075175272286607 0.5
    endloop
  endfacet
  facet normal -0.7372773368101183 0.6755902076156665 0
    outer loop
      vertex -3.844151714648274 3.0110877286148625 -1.5
      vertex -3.844151714648274 3.0110877286148625 1.5
      vertex -3.791091657286267 3.068992620281243 -1.5
    endloop
  endfacet
  facet normal 0 0 -1
    outer loop
      vertex -3.844151714648274 3.0110877286148625 -1.5
      vertex -3.791091657286267 3.068992620281243 -1.5
      vertex 1.1262789543202945 4.456206309337066 -1.5
    endloop
  endfacet
  facet normal -0.7372773368101183 0.6755902076156665 0
    outer loop
      vertex -3.844151714648274 3.0110877286148625 1.5
      vertex -3.791091657286267 3.068992620281243 1.5
      vertex -3.791091657286267 3.068992620281243 -1.5
    endloop
  endfacet
  facet normal 0.9483236552062023 -0.3173046564050832 0
    outer loop
      vertex -3.8286978070330373 1.0815594803123156 -1.5
      vertex -3.809315014597609 1.1394885406000483 -1.5
      vertex -3.809315014597609 1.1394885406000483 0.5
    endloop
  endfacet
  facet normal 0.9483236552062023 -0.3173046564050832 0
    outer loop
      vertex -3.8286978070330373 1.0815594803123156 -1.5
      vertex -3.809315014597609 1.1394885406000483 0.5
      vertex -3.8286978070330373 1.0815594803123156 0.5
    endloop
  endfacet
  facet normal 0 0 -1
    outer loop
      vertex -3.8286978070330373 1.0815594803123156 0.5
      vertex -3.809315014597609 1.1394885406000483 0.5
      vertex -3.3670321550114712 2.0075175272286607 0.5
    endloop
  endfacet
  facet normal 0.9426414910921771 -0.3338068592337747 0
    outer loop
      vertex -3.809315014597609 1.1394885406000483 -1.5
      vertex -3.7889241727506793 1.1970705016398409 -1.5
      vertex -3.7889241727506793 1.1970705016398409 0.5
    endloop
  endfacet
  facet normal 0.9426414910921771 -0.3338068592337747 0
    outer loop
      vertex -3.809315014597609 1.1394885406000483 -1.5
      vertex -3.7889241727506793 1.1970705016398409 0.5
      vertex -3.809315014597609 1.1394885406000483 0.5
    endloop
  endfacet
  facet normal 0 0 -1
    outer loop
      vertex -3.809315014597609 1.1394885406000483 0.5
      vertex -3.7889241727506793 1.1970705016398409 0.5
      vertex -3.3670321550114712 2.0075175272286607 0.5
    endloop
  endfacet
  facet normal -0.7253743710122909 0.6883545756937505 0
    outer loop
      vertex -3.791091657286267 3.068992620281243 -1.5
      vertex -3.791091657286267 3.068992620281243 1.5
      vertex -3.7370291015239303 3.1259626670654876 1.5
    endloop
  endfacet
  facet normal 0 0 -1
    outer loop
      vertex -3.791091657286267 3.068992620281243 -1.5
      vertex -3.7370291015239303 3.1259626670654876 -1.5
      vertex 1.1262789543202945 4.456206309337066 -1.5
    endloop
  endfacet
  facet normal -0.7253743710122909 0.6883545756937505 0
    outer loop
      vertex -3.791091657286267 3.068992620281243 -1.5
      vertex -3.7370291015239303 3.1259626670654876 1.5
      vertex -3.7370291015239303 3.1259626670654876 -1.5
    endloop
  endfacet
  facet normal 0.9366721892483961 -0.3502073812594714 0
    outer loop
      vertex -3.7889241727506793 1.1970705016398409 -1.5
      vertex -3.767531492740206 1.2542878234085508 -1.5
      vertex -3.767531492740206 1.2542878234085508 0.5
    endloop
  endfacet
  facet normal 0.9366721892483961 -0.3502073812594714 0
    outer loop
      vertex -3.7889241727506793 1.1970705016398409 -1.5
      vertex -3.767531492740206 1.2542878234085508 0.5
      vertex -3.7889241727506793 1.1970705016398409 0.5
    endloop
  endfacet
  facet normal 0 0 -1
    outer loop
      vertex -3.7889241727506793 1.1970705016398409 0.5
      vertex -3.767531492740206 1.2542878234085508 0.5
      vertex -3.3670321550114712 2.0075175272286607 0.5
    endloop
  endfacet
  facet normal 0.9304175679820257 -0.3665012267242942 0
    outer loop
      vertex -3.767531492740206 1.2542878234085508 -1.5
      vertex -3.745143490983756 1.3111230769556919 -1.5
      vertex -3.745143490983756 1.3111230769556919 0.5
    endloop
  endfacet
  facet normal 0.9304175679820257 -0.3665012267242942 0
    outer loop
      vertex -3.767531492740206 1.2542878234085508 -1.5
      vertex -3.745143490983756 1.3111230769556919 0.5
      vertex -3.767531492740206 1.2542878234085508 0.5
    endloop
  endfacet
  facet normal 0 0 -1
    outer loop
      vertex -3.767531492740206 1.2542878234085508 0.5
      vertex -3.745143490983756 1.3111230769556919 0.5
      vertex -3.3670321550114712 2.0075175272286607 0.5
    endloop
  endfacet
  facet normal 0.923879532511289 -0.38268343236508445 0
    outer loop
      vertex -3.745143490983756 1.3111230769556919 -1.5
      vertex -3.7217669870835413 1.3675589497124587 -1.5
      vertex -3.7217669870835413 1.3675589497124587 0.5
    endloop
  endfacet
  facet normal 0.923879532511289 -0.38268343236508445 0
    outer loop
      vertex -3.745143490983756 1.3111230769556919 -1.5
      vertex -3.7217669870835413 1.3675589497124587 0.5
      vertex -3.745143490983756 1.3111230769556919 0.5
    endloop
  endfacet
  facet normal 0 0 -1
    outer loop
      vertex -3.745143490983756 1.3111230769556919 0.5
      vertex -3.7217669870835413 1.3675589497124587 0.5
      vertex -3.3670321550114712 2.0075175272286607 0.5
    endloop
  endfacet
  facet normal -0.713250449154189 0.7009092642998435 0
    outer loop
      vertex -3.7370291015239303 3.1259626670654876 -1.5
      vertex -3.7370291015239303 3.1259626670654876 1.5
      vertex -3.6819805153394642 3.1819805153394647 -1.5
    endloop
  endfacet
  facet normal 0 0 -1
    outer loop
      vertex -3.7370291015239303 3.1259626670654876 -1.5
      vertex -3.6819805153394642 3.1819805153394647 -1.5
      vertex 1.1262789543202945 4.456206309337066 -1.5
    endloop
  endfacet
  facet normal -0.713250449154189 0.7009092642998435 0
    outer loop
      vertex -3.7370291015239303 3.1259626670654876 1.5
      vertex -3.6819805153394642 3.1819805153394647 1.5
      vertex -3.6819805153394642 3.1819805153394647 -1.5
    endloop
  endfacet
  facet normal 0.9170600743851209 -0.3987490689252534 0
    outer loop
      vertex -3.7217669870835413 1.3675589497124587 -1.5
      vertex -3.697409101749103 1.423578250765301 -1.5
      vertex -3.697409101749103 1.423578250765301 0.5
    endloop
  endfacet
  facet normal 0.9170600743851209 -0.3987490689252534 0
    outer loop
      vertex -3.7217669870835413 1.3675589497124587 -1.5
      vertex -3.697409101749103 1.423578250765301 0.5
      vertex -3.7217669870835413 1.3675589497124587 0.5
    endloop
  endfacet
  facet normal 0 0 -1
    outer loop
      vertex -3.7217669870835413 1.3675589497124587 0.5
      vertex -3.697409101749103 1.423578250765301 0.5
      vertex -3.3670321550114712 2.0075175272286607 0.5
    endloop
  endfacet
  facet normal 0.9099612708765428 -0.4146932426562397 0
    outer loop
      vertex -3.697409101749103 1.423578250765301 -1.5
      vertex -3.6720772546282747 1.479163916092448 -1.5
      vertex -3.6720772546282747 1.479163916092448 0.5
    endloop
  endfacet
  facet normal 0.9099612708765428 -0.4146932426562397 0
    outer loop
      vertex -3.697409101749103 1.423578250765301 -1.5
      vertex -3.6720772546282747 1.479163916092448 0.5
      vertex -3.697409101749103 1.423578250765301 0.5
    endloop
  endfacet
  facet normal 0 0 -1
    outer loop
      vertex -3.697409101749103 1.423578250765301 0.5
      vertex -3.6720772546282747 1.479163916092448 0.5
      vertex -3.3670321550114712 2.0075175272286607 0.5
    endloop
  endfacet
  facet normal -0.7009092642998433 0.713250449154189 0
    outer loop
      vertex -3.6819805153394642 3.1819805153394647 -1.5
      vertex -3.6819805153394642 3.1819805153394647 1.5
      vertex -3.6259626670654876 3.2370291015239303 -1.5
    endloop
  endfacet
  facet normal 0 0 -1
    outer loop
      vertex -3.6819805153394642 3.1819805153394647 -1.5
      vertex -3.6259626670654876 3.2370291015239303 -1.5
      vertex 1.1262789543202945 4.456206309337066 -1.5
    endloop
  endfacet
  facet normal -0.7009092642998433 0.713250449154189 0
    outer loop
      vertex -3.6819805153394642 3.1819805153394647 1.5
      vertex -3.6259626670654876 3.2370291015239303 1.5
      vertex -3.6259626670654876 3.2370291015239303 -1.5
    endloop
  endfacet
  facet normal 0.9025852843498641 -0.4305110968082877 0
    outer loop
      vertex -3.6720772546282747 1.479163916092448 -1.5
      vertex -3.6457791620470847 1.5342990137617711 -1.5
      vertex -3.6457791620470847 1.5342990137617711 0.5
    endloop
  endfacet
  facet normal 0.9025852843498641 -0.4305110968082877 0
    outer loop
      vertex -3.6720772546282747 1.479163916092448 -1.5
      vertex -3.6457791620470847 1.5342990137617711 0.5
      vertex -3.6720772546282747 1.479163916092448 0.5
    endloop
  endfacet
  facet normal 0 0 -1
    outer loop
      vertex -3.6720772546282747 1.479163916092448 0.5
      vertex -3.6457791620470847 1.5342990137617711 0.5
      vertex -3.3670321550114712 2.0075175272286607 0.5
    endloop
  endfacet
  facet normal 0.894934361602022 -0.44619781310981493 0
    outer loop
      vertex -3.6457791620470847 1.5342990137617711 -1.5
      vertex -3.6185228346592875 1.5889667490884136 -1.5
      vertex -3.6185228346592875 1.5889667490884136 0.5
    endloop
  endfacet
  facet normal 0.894934361602022 -0.44619781310981493 0
    outer loop
      vertex -3.6457791620470847 1.5342990137617711 -1.5
      vertex -3.6185228346592875 1.5889667490884136 0.5
      vertex -3.6457791620470847 1.5342990137617711 0.5
    endloop
  endfacet
  facet normal 0 0 -1
    outer loop
      vertex -3.6457791620470847 1.5342990137617711 0.5
      vertex -3.6185228346592875 1.5889667490884136 0.5
      vertex -3.3670321550114712 2.0075175272286607 0.5
    endloop
  endfacet
  facet normal -0.6883545756937445 0.7253743710122965 0
    outer loop
      vertex -3.6259626670654876 3.2370291015239303 -1.5
      vertex -3.6259626670654876 3.2370291015239303 1.5
      vertex -3.568992620281243 3.291091657286266 1.5
    endloop
  endfacet
  facet normal 0 0 -1
    outer loop
      vertex -3.6259626670654876 3.2370291015239303 -1.5
      vertex -3.568992620281243 3.291091657286266 -1.5
      vertex 1.1262789543202945 4.456206309337066 -1.5
    endloop
  endfacet
  facet normal -0.6883545756937445 0.7253743710122965 0
    outer loop
      vertex -3.6259626670654876 3.2370291015239303 -1.5
      vertex -3.568992620281243 3.291091657286266 1.5
      vertex -3.568992620281243 3.291091657286266 -1.5
    endloop
  endfacet
  facet normal 0.8870108331782225 -0.4617486132350324 0
    outer loop
      vertex -3.6185228346592875 1.5889667490884136 -1.5
      vertex -3.5903165750062445 1.6431504697506174 -1.5
      vertex -3.5903165750062445 1.6431504697506174 0.5
    endloop
  endfacet
  facet normal 0.8870108331782225 -0.4617486132350324 0
    outer loop
      vertex -3.6185228346592875 1.5889667490884136 -1.5
      vertex -3.5903165750062445 1.6431504697506174 0.5
      vertex -3.6185228346592875 1.5889667490884136 0.5
    endloop
  endfacet
  facet normal 0 0 -1
    outer loop
      vertex -3.6185228346592875 1.5889667490884136 0.5
      vertex -3.5903165750062445 1.6431504697506174 0.5
      vertex -3.3670321550114712 2.0075175272286607 0.5
    endloop
  endfacet
  facet normal 0.8788171126619642 -0.4771587602596107 0
    outer loop
      vertex -3.5903165750062445 1.6431504697506174 -1.5
      vertex -3.561168974987885 1.6968336708621798 -1.5
      vertex -3.561168974987885 1.6968336708621798 0.5
    endloop
  endfacet
  facet normal 0.8788171126619642 -0.4771587602596107 0
    outer loop
      vertex -3.5903165750062445 1.6431504697506174 -1.5
      vertex -3.561168974987885 1.6968336708621798 0.5
      vertex -3.5903165750062445 1.6431504697506174 0.5
    endloop
  endfacet
  facet normal 0 0 -1
    outer loop
      vertex -3.5903165750062445 1.6431504697506174 0.5
      vertex -3.561168974987885 1.6968336708621798 0.5
      vertex -3.3670321550114712 2.0075175272286607 0.5
    endloop
  endfacet
  facet normal -0.6755902076156637 0.737277336810121 0
    outer loop
      vertex -3.568992620281243 3.291091657286266 -1.5
      vertex -3.568992620281243 3.291091657286266 1.5
      vertex -3.511087728614862 3.344151714648273 -1.5
    endloop
  endfacet
  facet normal 0 0 -1
    outer loop
      vertex -3.568992620281243 3.291091657286266 -1.5
      vertex -3.511087728614862 3.344151714648273 -1.5
      vertex 1.1262789543202945 4.456206309337066 -1.5
    endloop
  endfacet
  facet normal -0.6755902076156637 0.737277336810121 0
    outer loop
      vertex -3.568992620281243 3.291091657286266 1.5
      vertex -3.511087728614862 3.344151714648273 1.5
      vertex -3.511087728614862 3.344151714648273 -1.5
    endloop
  endfacet
  facet normal 0.8703556959399005 -0.49242356010346566 0
    outer loop
      vertex -3.561168974987885 1.6968336708621798 -1.5
      vertex -3.531088913245535 1.75 -1.5
      vertex -3.531088913245535 1.75 0.5
    endloop
  endfacet
  facet normal 0.8703556959399005 -0.49242356010346566 0
    outer loop
      vertex -3.561168974987885 1.6968336708621798 -1.5
      vertex -3.531088913245535 1.75 0.5
      vertex -3.561168974987885 1.6968336708621798 0.5
    endloop
  endfacet
  facet normal 0 0 -1
    outer loop
      vertex -3.561168974987885 1.6968336708621798 0.5
      vertex -3.531088913245535 1.75 0.5
      vertex -3.3670321550114712 2.0075175272286607 0.5
    endloop
  endfacet
  facet normal 0.8616291604415246 -0.5075383629607062 0
    outer loop
      vertex -3.531088913245535 1.75 -1.5
      vertex -3.500085552457393 1.8026332621851893 -1.5
      vertex -3.500085552457393 1.8026332621851893 0.5
    endloop
  endfacet
  facet normal 0.8616291604415246 -0.5075383629607062 0
    outer loop
      vertex -3.531088913245535 1.75 -1.5
      vertex -3.500085552457393 1.8026332621851893 0.5
      vertex -3.531088913245535 1.75 0.5
    endloop
  endfacet
  facet normal 0 0 -1
    outer loop
      vertex -3.531088913245535 1.75 0.5
      vertex -3.500085552457393 1.8026332621851893 0.5
      vertex -3.3670321550114712 2.0075175272286607 0.5
    endloop
  endfacet
  facet normal -0.6626200482157493 0.7489557207889918 0
    outer loop
      vertex -3.511087728614862 3.344151714648273 -1.5
      vertex -3.511087728614862 3.344151714648273 1.5
      vertex -3.4522656304572825 3.396193111002475 1.5
    endloop
  endfacet
  facet normal 0 0 -1
    outer loop
      vertex -3.511087728614862 3.344151714648273 -1.5
      vertex -3.4522656304572825 3.396193111002475 -1.5
      vertex 1.1262789543202945 4.456206309337066 -1.5
    endloop
  endfacet
  facet normal -0.6626200482157493 0.7489557207889918 0
    outer loop
      vertex -3.511087728614862 3.344151714648273 -1.5
      vertex -3.4522656304572825 3.396193111002475 1.5
      vertex -3.4522656304572825 3.396193111002475 -1.5
    endloop
  endfacet
  facet normal 0.8526401643540901 -0.5224985647159524 0
    outer loop
      vertex -3.500085552457393 1.8026332621851893 -1.5
      vertex -3.4681683365474907 1.8547174248162168 -1.5
      vertex -3.4681683365474907 1.8547174248162168 0.5
    endloop
  endfacet
  facet normal 0.8526401643540901 -0.5224985647159524 0
    outer loop
      vertex -3.500085552457393 1.8026332621851893 -1.5
      vertex -3.4681683365474907 1.8547174248162168 0.5
      vertex -3.500085552457393 1.8026332621851893 0.5
    endloop
  endfacet
  facet normal 0 0 -1
    outer loop
      vertex -3.500085552457393 1.8026332621851893 0.5
      vertex -3.4681683365474907 1.8547174248162168 0.5
      vertex -3.3670321550114712 2.0075175272286607 0.5
    endloop
  endfacet
  facet normal 0.8433914458128899 -0.5372996083468171 0
    outer loop
      vertex -3.4681683365474907 1.8547174248162168 -1.5
      vertex -3.435346987808984 1.906236622552595 -1.5
      vertex -3.435346987808984 1.906236622552595 0.5
    endloop
  endfacet
  facet normal 0.8433914458128899 -0.5372996083468171 0
    outer loop
      vertex -3.4681683365474907 1.8547174248162168 -1.5
      vertex -3.435346987808984 1.906236622552595 0.5
      vertex -3.4681683365474907 1.8547174248162168 0.5
    endloop
  endfacet
  facet normal 0 0 -1
    outer loop
      vertex -3.4681683365474907 1.8547174248162168 0.5
      vertex -3.435346987808984 1.906236622552595 0.5
      vertex -3.3670321550114712 2.0075175272286607 0.5
    endloop
  endfacet
  facet normal -0.649448048330176 0.7604059656000375 0
    outer loop
      vertex -3.4522656304572825 3.396193111002475 -1.5
      vertex -3.4522656304572825 3.396193111002475 1.5
      vertex -3.392544243589427 3.447199994035401 -1.5
    endloop
  endfacet
  facet normal 0 0 -1
    outer loop
      vertex -3.4522656304572825 3.396193111002475 -1.5
      vertex -3.392544243589427 3.447199994035401 -1.5
      vertex 1.1262789543202945 4.456206309337066 -1.5
    endloop
  endfacet
  facet normal -0.649448048330176 0.7604059656000375 0
    outer loop
      vertex -3.4522656304572825 3.396193111002475 1.5
      vertex -3.392544243589427 3.447199994035401 1.5
      vertex -3.392544243589427 3.447199994035401 -1.5
    endloop
  endfacet
  facet normal 0.8338858220671678 -0.5519369853120589 0
    outer loop
      vertex -3.435346987808984 1.906236622552595 -1.5
      vertex -3.401631503942646 1.957175162147614 -1.5
      vertex -3.401631503942646 1.957175162147614 0.5
    endloop
  endfacet
  facet normal 0.8338858220671678 -0.5519369853120589 0
    outer loop
      vertex -3.435346987808984 1.906236622552595 -1.5
      vertex -3.401631503942646 1.957175162147614 0.5
      vertex -3.435346987808984 1.906236622552595 0.5
    endloop
  endfacet
  facet normal 0 0 -1
    outer loop
      vertex -3.435346987808984 1.906236622552595 0.5
      vertex -3.401631503942646 1.957175162147614 0.5
      vertex -3.3670321550114712 2.0075175272286607 0.5
    endloop
  endfacet
  facet normal 0.8241261886220125 -0.5664062369248375 0
    outer loop
      vertex -3.401631503942646 1.957175162147614 -1.5
      vertex -3.3670321550114712 2.0075175272286607 -1.5
      vertex -3.3670321550114712 2.0075175272286607 0.5
    endloop
  endfacet
  facet normal 0.8241261886220125 -0.5664062369248375 0
    outer loop
      vertex -3.401631503942646 1.957175162147614 -1.5
      vertex -3.3670321550114712 2.0075175272286607 0.5
      vertex -3.401631503942646 1.957175162147614 0.5
    endloop
  endfacet
  facet normal -0.6360782202777625 0.7716245833877211 0
    outer loop
      vertex -3.392544243589427 3.447199994035401 -1.5
      vertex -3.392544243589427 3.447199994035401 1.5
      vertex -3.3319417597242684 3.4971568265563686 1.5
    endloop
  endfacet
  facet normal 0 0 -1
    outer loop
      vertex -3.392544243589427 3.447199994035401 -1.5
      vertex -3.3319417597242684 3.4971568265563686 -1.5
      vertex 1.1262789543202945 4.456206309337066 -1.5
    endloop
  endfacet
  facet normal -0.6360782202777625 0.7716245833877211 0
    outer loop
      vertex -3.392544243589427 3.447199994035401 -1.5
      vertex -3.3319417597242684 3.4971568265563686 1.5
      vertex -3.3319417597242684 3.4971568265563686 -1.5
    endloop
  endfacet
  facet normal 0.814115518356323 -0.5807029557109343 0
    outer loop
      vertex -3.3670321550114712 2.0075175272286607 -1.5
      vertex -3.331559480312316 2.057248383023656 -1.5
      vertex -3.331559480312316 2.057248383023656 0.5
    endloop
  endfacet
  facet normal 0.814115518356323 -0.5807029557109343 0
    outer loop
      vertex -3.3670321550114712 2.0075175272286607 -1.5
      vertex -3.331559480312316 2.057248383023656 0.5
      vertex -3.3670321550114712 2.0075175272286607 0.5
    endloop
  endfacet
  facet normal 0 0 -1
    outer loop
      vertex -3.3670321550114712 2.0075175272286607 0.5
      vertex -3.331559480312316 2.057248383023656 0.5
      vertex -3.295224285165525 2.1063525810321693 0.5
    endloop
  endfacet
  facet normal 0 0 -1
    outer loop
      vertex -3.3670321550114712 2.0075175272286607 0.5
      vertex -3.295224285165525 2.1063525810321693 0.5
      vertex -3.2580376376235267 2.154815163639804 0.5
    endloop
  endfacet
  facet normal 0 0 -1
    outer loop
      vertex -3.3670321550114712 2.0075175272286607 0.5
      vertex -3.2580376376235267 2.154815163639804 0.5
      vertex -3.220010865099398 2.2026213686744303 0.5
    endloop
  endfacet
  facet normal 0 0 -1
    outer loop
      vertex -3.3670321550114712 2.0075175272286607 0.5
      vertex -3.220010865099398 2.2026213686744303 0.5
      vertex -3.181155550916423 2.249756633902887 0.5
    endloop
  endfacet
  facet normal 0 0 -1
    outer loop
      vertex -3.3670321550114712 2.0075175272286607 0.5
      vertex -3.181155550916423 2.249756633902887 0.5
      vertex -3.141483530779702 2.2962066014667757 0.5
    endloop
  endfacet
  facet normal 0 0 -1
    outer loop
      vertex -3.3670321550114712 2.0075175272286607 0.5
      vertex -3.141483530779702 2.2962066014667757 0.5
      vertex -3.10100688917088 2.3419571222560034 0.5
    endloop
  endfacet
  facet normal 0 0 -1
    outer loop
      vertex -3.3670321550114712 2.0075175272286607 0.5
      vertex -3.10100688917088 2.3419571222560034 0.5
      vertex -3.0597379556670967 2.386994260218745 0.5
    endloop
  endfacet
  facet normal 0 0 -1
    outer loop
      vertex -3.3670321550114712 2.0075175272286607 0.5
      vertex -3.0597379556670967 2.386994260218745 0.5
      vertex -3.0176893011852792 2.4313042966064904 0.5
    endloop
  endfacet
  facet normal 0 0 -1
    outer loop
      vertex -3.3670321550114712 2.0075175272286607 0.5
      vertex -3.0176893011852792 2.4313042966064904 0.5
      vertex -2.9748737341529163 2.474873734152917 0.5
    endloop
  endfacet
  facet normal 0 0 -1
    outer loop
      vertex -3.3670321550114712 2.0075175272286607 0.5
      vertex -2.9748737341529163 2.474873734152917 0.5
      vertex -2.9313042966064904 2.5176893011852792 0.5
    endloop
  endfacet
  facet normal 0 0 -1
    outer loop
      vertex -3.3670321550114712 2.0075175272286607 0.5
      vertex -2.9313042966064904 2.5176893011852792 0.5
      vertex -2.886994260218745 2.5597379556670967 0.5
    endloop
  endfacet
  facet normal 0 0 -1
    outer loop
      vertex -3.3670321550114712 2.0075175272286607 0.5
      vertex -2.886994260218745 2.5597379556670967 0.5
      vertex -2.841957122256004 2.60100688917088 0.5
    endloop
  endfacet
  facet normal 0 0 -1
    outer loop
      vertex -3.3670321550114712 2.0075175272286607 0.5
      vertex -2.841957122256004 2.60100688917088 0.5
      vertex -2.7962066014667757 2.641483530779702 0.5
    endloop
  endfacet
  facet normal 0 0 -1
    outer loop
      vertex -3.3670321550114712 2.0075175272286607 0.5
      vertex -2.7962066014667757 2.641483530779702 0.5
      vertex -2.749756633902887 2.681155550916423 0.5
    endloop
  endfacet
  facet normal 0 0 -1
    outer loop
      vertex -3.3670321550114712 2.0075175272286607 0.5
      vertex -2.749756633902887 2.681155550916423 0.5
      vertex -2.7026213686744307 2.7200108650993986 0.5
    endloop
  endfacet
  facet normal 0 0 -1
    outer loop
      vertex -3.3670321550114712 2.0075175272286607 0.5
      vertex -2.7026213686744307 2.7200108650993986 0.5
      vertex -2.654815163639804 2.758037637623527 0.5
    endloop
  endfacet
  facet normal 0 0 -1
    outer loop
      vertex -3.3670321550114712 2.0075175272286607 0.5
      vertex -2.654815163639804 2.758037637623527 0.5
      vertex -2.606352581032169 2.7952242851655242 0.5
    endloop
  endfacet
  facet normal 0 0 -1
    outer loop
      vertex -3.3670321550114712 2.0075175272286607 0.5
      vertex -2.606352581032169 2.7952242851655242 0.5
      vertex -2.557248383023656 2.8315594803123165 0.5
    endloop
  endfacet
  facet normal 0 0 -1
    outer loop
      vertex -3.3670321550114712 2.0075175272286607 0.5
      vertex -2.557248383023656 2.8315594803123165 0.5
      vertex -2.507517527228661 2.867032155011472 0.5
    endloop
  endfacet
  facet normal 0 0 -1
    outer loop
      vertex -3.3670321550114712 2.0075175272286607 0.5
      vertex -2.507517527228661 2.867032155011472 0.5
      vertex -2.457175162147614 2.901631503942646 0.5
    endloop
  endfacet
  facet normal 0 0 -1
    outer loop
      vertex -3.3670321550114712 2.0075175272286607 0.5
      vertex -2.457175162147614 2.901631503942646 0.5
      vertex -2.406236622552595 2.935346987808984 0.5
    endloop
  endfacet
  facet normal 0 0 -1
    outer loop
      vertex -3.3670321550114712 2.0075175272286607 0.5
      vertex -2.406236622552595 2.935346987808984 0.5
      vertex -2.3547174248162173 2.9681683365474907 0.5
    endloop
  endfacet
  facet normal 0 0 -1
    outer loop
      vertex -3.3670321550114712 2.0075175272286607 0.5
      vertex -2.3547174248162173 2.9681683365474907 0.5
      vertex -2.3026332621851893 3.000085552457392 0.5
    endloop
  endfacet
  facet normal 0 0 -1
    outer loop
      vertex -3.3670321550114712 2.0075175272286607 0.5
      vertex -2.3026332621851893 3.000085552457392 0.5
      vertex -2.25 3.0310889132455348 0.5
    endloop
  endfacet
  facet normal 0 0 -1
    outer loop
      vertex -3.3670321550114712 2.0075175272286607 0.5
      vertex -2.25 3.0310889132455348 0.5
      vertex -2.19683367086218 3.0611689749878845 0.5
    endloop
  endfacet
  facet normal 0 0 -1
    outer loop
      vertex -3.3670321550114712 2.0075175272286607 0.5
      vertex -2.19683367086218 3.0611689749878845 0.5
      vertex -2.143150469750618 3.090316575006245 0.5
    endloop
  endfacet
  facet normal 0 0 -1
    outer loop
      vertex -3.3670321550114712 2.0075175272286607 0.5
      vertex -2.143150469750618 3.090316575006245 0.5
      vertex -2.0889667490884136 3.118522834659288 0.5
    endloop
  endfacet
  facet normal 0 0 -1
    outer loop
      vertex -3.3670321550114712 2.0075175272286607 0.5
      vertex -2.0889667490884136 3.118522834659288 0.5
      vertex -2.034299013761771 3.1457791620470843 0.5
    endloop
  endfacet
  facet normal 0 0 -1
    outer loop
      vertex -3.3670321550114712 2.0075175272286607 0.5
      vertex -2.034299013761771 3.1457791620470843 0.5
      vertex -1.9791639160924481 3.172077254628274 0.5
    endloop
  endfacet
  facet normal 0 0 -1
    outer loop
      vertex -3.3670321550114712 2.0075175272286607 0.5
      vertex -1.9791639160924481 3.172077254628274 0.5
      vertex -1.9235782507653008 3.197409101749102 0.5
    endloop
  endfacet
  facet normal 0 0 -1
    outer loop
      vertex -3.3670321550114712 2.0075175272286607 0.5
      vertex -1.9235782507653008 3.197409101749102 0.5
      vertex -1.8675589497124583 3.221766987083541 0.5
    endloop
  endfacet
  facet normal 0 0 -1
    outer loop
      vertex -3.3670321550114712 2.0075175272286607 0.5
      vertex -1.8675589497124583 3.221766987083541 0.5
      vertex -1.811123076955692 3.2451434909837555 0.5
    endloop
  endfacet
  facet normal 0 0 -1
    outer loop
      vertex -3.3670321550114712 2.0075175272286607 0.5
      vertex -1.811123076955692 3.2451434909837555 0.5
      vertex -1.7542878234085508 3.267531492740206 0.5
    endloop
  endfacet
  facet normal 0 0 -1
    outer loop
      vertex -3.3670321550114712 2.0075175272286607 0.5
      vertex -1.7542878234085508 3.267531492740206 0.5
      vertex -1.6970705016398404 3.2889241727506793 0.5
    endloop
  endfacet
  facet normal 0 0 -1
    outer loop
      vertex -3.3670321550114712 2.0075175272286607 0.5
      vertex -1.6970705016398404 3.2889241727506793 0.5
      vertex -1.6394885406000483 3.3093150145976082 0.5
    endloop
  endfacet
  facet normal 0 0 -1
    outer loop
      vertex -3.3670321550114712 2.0075175272286607 0.5
      vertex -1.6394885406000483 3.3093150145976082 0.5
      vertex -1.5815594803123159 3.3286978070330377 0.5
    endloop
  endfacet
  facet normal 0 0 -1
    outer loop
      vertex -3.3670321550114712 2.0075175272286607 0.5
      vertex -1.5815594803123159 3.3286978070330377 0.5
      vertex -1.5233009665295787 3.3470666458706244 0.5
    endloop
  endfacet
  facet normal 0 0 -1
    outer loop
      vertex -3.3670321550114712 2.0075175272286607 0.5
      vertex -1.5233009665295787 3.3470666458706244 0.5
      vertex -1.464730745359497 3.364415935784116 0.5
    endloop
  endfacet
  facet normal 0 0 -1
    outer loop
      vertex -3.3670321550114712 2.0075175272286607 0.5
      vertex -1.464730745359497 3.364415935784116 0.5
      vertex -1.4058666578588226 3.380740392011738 0.5
    endloop
  endfacet
  facet normal 0 0 -1
    outer loop
      vertex -3.3670321550114712 2.0075175272286607 0.5
      vertex -1.4058666578588226 3.380740392011738 0.5
      vertex -1.346726634598837 3.3960350419659875 0.5
    endloop
  endfacet
  facet normal 0 0 -1
    outer loop
      vertex -3.3670321550114712 2.0075175272286607 0.5
      vertex -1.346726634598837 3.3960350419659875 0.5
      vertex -1.2873286902035275 3.410295226748323 0.5
    endloop
  endfacet
  facet normal 0 0 -1
    outer loop
      vertex -3.3670321550114712 2.0075175272286607 0.5
      vertex -1.2873286902035275 3.410295226748323 0.5
      vertex -1.2276909178621578 3.42351660256832 0.5
    endloop
  endfacet
  facet normal 0 0 -1
    outer loop
      vertex -3.3670321550114712 2.0075175272286607 0.5
      vertex -1.2276909178621578 3.42351660256832 0.5
      vertex -1.1678314838179067 3.435695142066823 0.5
    endloop
  endfacet
  facet normal 0 0 -1
    outer loop
      vertex -3.3670321550114712 2.0075175272286607 0.5
      vertex -1.1678314838179067 3.435695142066823 0.5
      vertex -1.1077686218342562 3.446827135542728 0.5
    endloop
  endfacet
  facet normal 0 0 -1
    outer loop
      vertex -3.3670321550114712 2.0075175272286607 0.5
      vertex -1.1077686218342562 3.446827135542728 0.5
      vertex -1.047520627640808 3.456909192082982 0.5
    endloop
  endfacet
  facet normal 0 0 -1
    outer loop
      vertex -3.3670321550114712 2.0075175272286607 0.5
      vertex -1.047520627640808 3.456909192082982 0.5
      vertex -0.987105853360229 3.465938240595497 0.5
    endloop
  endfacet
  facet normal 0 0 -1
    outer loop
      vertex -3.3670321550114712 2.0075175272286607 0.5
      vertex -0.987105853360229 3.465938240595497 0.5
      vertex -0.9265427019180161 3.473911530744626 0.5
    endloop
  endfacet
  facet normal 0 0 -1
    outer loop
      vertex -3.3670321550114712 2.0075175272286607 0.5
      vertex -0.9265427019180161 3.473911530744626 0.5
      vertex -0.8658496214367871 3.480826633788956 0.5
    endloop
  endfacet
  facet normal 0 0 -1
    outer loop
      vertex -3.3670321550114712 2.0075175272286607 0.5
      vertex -0.8658496214367871 3.480826633788956 0.5
      vertex -0.8050450996168036 3.4866814433211104 0.5
    endloop
  endfacet
  facet normal 0 0 -1
    outer loop
      vertex -3.3670321550114712 2.0075175272286607 0.5
      vertex -0.8050450996168036 3.4866814433211104 0.5
      vertex -0.7441476581044386 3.491474175909385 0.5
    endloop
  endfacet
  facet normal 0 0 -1
    outer loop
      vertex -3.3670321550114712 2.0075175272286607 0.5
      vertex -0.7441476581044386 3.491474175909385 0.5
      vertex -0.6831758468503034 3.495203371641008 0.5
    endloop
  endfacet
  facet normal 0 0 -1
    outer loop
      vertex -3.3670321550114712 2.0075175272286607 0.5
      vertex -0.6831758468503034 3.495203371641008 0.5
      vertex -0.6221482384587533 3.4978678945668342 0.5
    endloop
  endfacet
  facet normal 0 0 -1
    outer loop
      vertex -3.3670321550114712 2.0075175272286607 0.5
      vertex -0.6221482384587533 3.4978678945668342 0.5
      vertex -0.5610834225304923 3.499466933047369 0.5
    endloop
  endfacet
  facet normal 0 0 -1
    outer loop
      vertex -3.3670321550114712 2.0075175272286607 0.5
      vertex -0.5610834225304923 3.499466933047369 0.5
      vertex -0.5 3.5 0.5
    endloop
  endfacet
  facet normal 0 0 -1
    outer loop
      vertex -3.3670321550114712 2.0075175272286607 0.5
      vertex -0.5005 -2 0.5
      vertex -0.5004238475781956 -2.0087262032186417 0.5
    endloop
  endfacet
  facet normal 0 0 -1
    outer loop
      vertex -3.3670321550114712 2.0075175272286607 0.5
      vertex -0.5005 2 0.5
      vertex -0.5005 -2 0.5
    endloop
  endfacet
  facet normal 0 0 -1
    outer loop
      vertex -3.3670321550114712 2.0075175272286607 0.5
      vertex -0.5004238475781956 -2.0087262032186417 0.5
      vertex -0.5001954135095479 -2.0174497483512503 0.5
    endloop
  endfacet
  facet normal 0 0 -1
    outer loop
      vertex -3.3670321550114712 2.0075175272286607 0.5
      vertex -0.5004238475781956 2.0087262032186417 0.5
      vertex -0.5005 2 0.5
    endloop
  endfacet
  facet normal 0 0 -1
    outer loop
      vertex -3.3670321550114712 2.0075175272286607 0.5
      vertex -0.5001954135095479 -2.0174497483512503 0.5
      vertex -0.4998147673772869 -2.026167978121472 0.5
    endloop
  endfacet
  facet normal 0 0 -1
    outer loop
      vertex -3.3670321550114712 2.0075175272286607 0.5
      vertex -0.5001954135095479 2.0174497483512503 0.5
      vertex -0.5004238475781956 2.0087262032186417 0.5
    endloop
  endfacet
  facet normal 0 0 -1
    outer loop
      vertex -3.3670321550114712 2.0075175272286607 0.5
      vertex -0.5 3.5 0.5
      vertex 0.5 3.5 0.5
    endloop
  endfacet
  facet normal 0 0 -1
    outer loop
      vertex -3.3670321550114712 2.0075175272286607 0.5
      vertex -0.4998147673772869 -2.026167978121472 0.5
      vertex -0.4992820251299121 -2.034878236872063 0.5
    endloop
  endfacet
  facet normal 0 0 -1
    outer loop
      vertex -3.3670321550114712 2.0075175272286607 0.5
      vertex -0.4998147673772869 2.026167978121472 0.5
      vertex -0.5001954135095479 2.0174497483512503 0.5
    endloop
  endfacet
  facet normal 0 0 -1
    outer loop
      vertex -3.3670321550114712 2.0075175272286607 0.5
      vertex -0.4992820251299121 -2.034878236872063 0.5
      vertex -0.4985973490458728 -2.043577871373829 0.5
    endloop
  endfacet
  facet normal 0 0 -1
    outer loop
      vertex -3.3670321550114712 2.0075175272286607 0.5
      vertex -0.4992820251299121 2.034878236872063 0.5
      vertex -0.4998147673772869 2.026167978121472 0.5
    endloop
  endfacet
  facet normal 0 0 -1
    outer loop
      vertex -3.3670321550114712 2.0075175272286607 0.5
      vertex -0.4985973490458728 -2.043577871373829 0.5
      vertex -0.49776094768413665 -2.052264231633827 0.5
    endloop
  endfacet
  facet normal 0 0 -1
    outer loop
      vertex -3.3670321550114712 2.0075175272286607 0.5
      vertex -0.4985973490458728 2.043577871373829 0.5
      vertex -0.4992820251299121 2.034878236872063 0.5
    endloop
  endfacet
  facet normal 0 0 -1
    outer loop
      vertex -3.3670321550114712 2.0075175272286607 0.5
      vertex -0.49776094768413665 -2.052264231633827 0.5
      vertex -0.496773075820661 -2.0609346717025736 0.5
    endloop
  endfacet
  facet normal 0 0 -1
    outer loop
      vertex -3.3670321550114712 2.0075175272286607 0.5
      vertex -0.49776094768413665 2.052264231633827 0.5
      vertex -0.4985973490458728 2.043577871373829 0.5
    endloop
  endfacet
  facet normal 0 0 -1
    outer loop
      vertex -3.3670321550114712 2.0075175272286607 0.5
      vertex -0.496773075820661 -2.0609346717025736 0.5
      vertex -0.4956340343707852 -2.069586550480033 0.5
    endloop
  endfacet
  facet normal 0 0 -1
    outer loop
      vertex -3.3670321550114712 2.0075175272286607 0.5
      vertex -0.496773075820661 2.0609346717025736 0.5
      vertex -0.49776094768413665 2.052264231633827 0.5
    endloop
  endfacet
  facet normal 0 0 -1
    outer loop
      vertex -3.3670321550114712 2.0075175272286607 0.5
      vertex -0.4956340343707852 -2.069586550480033 0.5
      vertex -0.4943441702975689 -2.0782172325201156 0.5
    endloop
  endfacet
  facet normal 0 0 -1
    outer loop
      vertex -3.3670321550114712 2.0075175272286607 0.5
      vertex -0.4956340343707852 2.069586550480033 0.5
      vertex -0.496773075820661 2.0609346717025736 0.5
    endloop
  endfacet
  facet normal 0 0 -1
    outer loop
      vertex -3.3670321550114712 2.0075175272286607 0.5
      vertex -0.4943441702975689 -2.0782172325201156 0.5
      vertex -0.492903876506104 -2.086824088833465 0.5
    endloop
  endfacet
  facet normal 0 0 -1
    outer loop
      vertex -3.3670321550114712 2.0075175272286607 0.5
      vertex -0.4943441702975689 2.0782172325201156 0.5
      vertex -0.4956340343707852 2.069586550480033 0.5
    endloop
  endfacet
  facet normal 0 0 -1
    outer loop
      vertex -3.3670321550114712 2.0075175272286607 0.5
      vertex -0.492903876506104 -2.086824088833465 0.5
      vertex -0.491313591723832 -2.095404497688272 0.5
    endloop
  endfacet
  facet normal 0 0 -1
    outer loop
      vertex -3.3670321550114712 2.0075175272286607 0.5
      vertex -0.492903876506104 2.086824088833465 0.5
      vertex -0.4943441702975689 2.0782172325201156 0.5
    endloop
  endfacet
  facet normal 0 0 -1
    outer loop
      vertex -3.3670321550114712 2.0075175272286607 0.5
      vertex -0.491313591723832 -2.095404497688272 0.5
      vertex -0.48957380036690284 -2.10395584540888 0.5
    endloop
  endfacet
  facet normal 0 0 -1
    outer loop
      vertex -3.3670321550114712 2.0075175272286607 0.5
      vertex -0.491313591723832 2.095404497688272 0.5
      vertex -0.492903876506104 2.086824088833465 0.5
    endloop
  endfacet
  facet normal 0 0 -1
    outer loop
      vertex -3.3670321550114712 2.0075175272286607 0.5
      vertex -0.48957380036690284 -2.10395584540888 0.5
      vertex -0.4876850323926176 -2.1124755271719327 0.5
    endloop
  endfacet
  facet normal 0 0 -1
    outer loop
      vertex -3.3670321550114712 2.0075175272286607 0.5
      vertex -0.48957380036690284 2.10395584540888 0.5
      vertex -0.491313591723832 2.095404497688272 0.5
    endloop
  endfacet
  facet normal 0 0 -1
    outer loop
      vertex -3.3670321550114712 2.0075175272286607 0.5
      vertex -0.4876850323926176 -2.1124755271719327 0.5
      vertex -0.48564786313799824 -2.120960947799834 0.5
    endloop
  endfacet
  facet normal 0 0 -1
    outer loop
      vertex -3.3670321550114712 2.0075175272286607 0.5
      vertex -0.4876850323926176 2.1124755271719327 0.5
      vertex -0.48957380036690284 2.10395584540888 0.5
    endloop
  endfacet
  facet normal 0 0 -1
    outer loop
      vertex -3.3670321550114712 2.0075175272286607 0.5
      vertex -0.48564786313799824 -2.120960947799834 0.5
      vertex -0.48346291314453416 -2.1294095225512604 0.5
    endloop
  endfacet
  facet normal 0 0 -1
    outer loop
      vertex -3.3670321550114712 2.0075175272286607 0.5
      vertex -0.48564786313799824 2.120960947799834 0.5
      vertex -0.4876850323926176 2.1124755271719327 0.5
    endloop
  endfacet
  facet normal 0 0 -1
    outer loop
      vertex -3.3670321550114712 2.0075175272286607 0.5
      vertex -0.48346291314453416 -2.1294095225512604 0.5
      vertex -0.48113084796915945 -2.1378186779084998 0.5
    endloop
  endfacet
  facet normal 0 0 -1
    outer loop
      vertex -3.3670321550114712 2.0075175272286607 0.5
      vertex -0.48346291314453416 2.1294095225512604 0.5
      vertex -0.48564786313799824 2.120960947799834 0.5
    endloop
  endfacet
  facet normal 0 0 -1
    outer loop
      vertex -3.3670321550114712 2.0075175272286607 0.5
      vertex -0.48113084796915945 -2.1378186779084998 0.5
      vertex -0.4786523779815177 -2.146185852361368 0.5
    endloop
  endfacet
  facet normal 0 0 -1
    outer loop
      vertex -3.3670321550114712 2.0075175272286607 0.5
      vertex -0.48113084796915945 2.1378186779084998 0.5
      vertex -0.48346291314453416 2.1294095225512604 0.5
    endloop
  endfacet
  facet normal 0 0 -1
    outer loop
      vertex -3.3670321550114712 2.0075175272286607 0.5
      vertex -0.4786523779815177 -2.146185852361368 0.5
      vertex -0.47602825814757677 -2.1545084971874737 0.5
    endloop
  endfacet
  facet normal 0 0 -1
    outer loop
      vertex -3.3670321550114712 2.0075175272286607 0.5
      vertex -0.4786523779815177 2.146185852361368 0.5
      vertex -0.48113084796915945 2.1378186779084998 0.5
    endloop
  endfacet
  facet normal 0 0 -1
    outer loop
      vertex -3.3670321550114712 2.0075175272286607 0.5
      vertex -0.47602825814757677 -2.1545084971874737 0.5
      vertex -0.4732592877996584 -2.1627840772285785 0.5
    endloop
  endfacet
  facet normal 0 0 -1
    outer loop
      vertex -3.3670321550114712 2.0075175272286607 0.5
      vertex -0.47602825814757677 2.1545084971874737 0.5
      vertex -0.4786523779815177 2.146185852361368 0.5
    endloop
  endfacet
  facet normal 0 0 -1
    outer loop
      vertex -3.3670321550114712 2.0075175272286607 0.5
      vertex -0.4732592877996584 -2.1627840772285785 0.5
      vertex -0.4703463103929542 -2.171010071662834 0.5
    endloop
  endfacet
  facet normal 0 0 -1
    outer loop
      vertex -3.3670321550114712 2.0075175272286607 0.5
      vertex -0.4732592877996584 2.1627840772285785 0.5
      vertex -0.47602825814757677 2.1545084971874737 0.5
    endloop
  endfacet
  facet normal 0 0 -1
    outer loop
      vertex -3.3670321550114712 2.0075175272286607 0.5
      vertex -0.4703463103929542 -2.171010071662834 0.5
      vertex -0.46729021324860087 -2.1791839747726502 0.5
    endloop
  endfacet
  facet normal 0 0 -1
    outer loop
      vertex -3.3670321550114712 2.0075175272286607 0.5
      vertex -0.4703463103929542 2.171010071662834 0.5
      vertex -0.4732592877996584 2.1627840772285785 0.5
    endloop
  endfacet
  facet normal 0 0 -1
    outer loop
      vertex -3.3670321550114712 2.0075175272286607 0.5
      vertex -0.46729021324860087 -2.1791839747726502 0.5
      vertex -0.4640919272833937 -2.187303296707956 0.5
    endloop
  endfacet
  facet normal 0 0 -1
    outer loop
      vertex -3.3670321550114712 2.0075175272286607 0.5
      vertex -0.46729021324860087 2.1791839747726502 0.5
      vertex -0.4703463103929542 2.171010071662834 0.5
    endloop
  endfacet
  facet normal 0 0 -1
    outer loop
      vertex -3.3670321550114712 2.0075175272286607 0.5
      vertex -0.4640919272833937 -2.187303296707956 0.5
      vertex -0.4607524267262202 -2.195365564244637 0.5
    endloop
  endfacet
  facet normal 0 0 -1
    outer loop
      vertex -3.3670321550114712 2.0075175272286607 0.5
      vertex -0.4640919272833937 2.187303296707956 0.5
      vertex -0.46729021324860087 2.1791839747726502 0.5
    endloop
  endfacet
  facet normal 0 0 -1
    outer loop
      vertex -3.3670321550114712 2.0075175272286607 0.5
      vertex -0.4607524267262202 -2.195365564244637 0.5
      vertex -0.45727272882130043 -2.2033683215379 0.5
    endloop
  endfacet
  facet normal 0 0 -1
    outer loop
      vertex -3.3670321550114712 2.0075175272286607 0.5
      vertex -0.4607524267262202 2.195365564244637 0.5
      vertex -0.4640919272833937 2.187303296707956 0.5
    endloop
  endfacet
  facet normal 0 0 -1
    outer loop
      vertex -3.3670321550114712 2.0075175272286607 0.5
      vertex -0.45727272882130043 -2.2033683215379 0.5
      vertex -0.45365389351832497 -2.2113091308703496 0.5
    endloop
  endfacet
  facet normal 0 0 -1
    outer loop
      vertex -3.3670321550114712 2.0075175272286607 0.5
      vertex -0.45727272882130043 2.2033683215379 0.5
      vertex -0.4607524267262202 2.195365564244637 0.5
    endloop
  endfacet
  facet normal 0 0 -1
    outer loop
      vertex -3.3670321550114712 2.0075175272286607 0.5
      vertex -0.45365389351832497 -2.2113091308703496 0.5
      vertex -0.4498970231495835 -2.2191855733945385 0.5
    endloop
  endfacet
  facet normal 0 0 -1
    outer loop
      vertex -3.3670321550114712 2.0075175272286607 0.5
      vertex -0.45365389351832497 2.2113091308703496 0.5
      vertex -0.45727272882130043 2.2033683215379 0.5
    endloop
  endfacet
  facet normal 0 0 -1
    outer loop
      vertex -3.3670321550114712 2.0075175272286607 0.5
      vertex -0.4498970231495835 -2.2191855733945385 0.5
      vertex -0.44600326209418395 -2.2269952498697734 0.5
    endloop
  endfacet
  facet normal 0 0 -1
    outer loop
      vertex -3.3670321550114712 2.0075175272286607 0.5
      vertex -0.4498970231495835 2.2191855733945385 0.5
      vertex -0.45365389351832497 2.2113091308703496 0.5
    endloop
  endfacet
  facet normal 0 0 -1
    outer loop
      vertex -3.3670321550114712 2.0075175272286607 0.5
      vertex -0.44600326209418395 -2.2269952498697734 0.5
      vertex -0.4419737964294635 -2.2347357813929456 0.5
    endloop
  endfacet
  facet normal 0 0 -1
    outer loop
      vertex -3.3670321550114712 2.0075175272286607 0.5
      vertex -0.44600326209418395 2.2269952498697734 0.5
      vertex -0.4498970231495835 2.2191855733945385 0.5
    endloop
  endfacet
  facet normal 0 0 -1
    outer loop
      vertex -3.3670321550114712 2.0075175272286607 0.5
      vertex -0.4419737964294635 -2.2347357813929456 0.5
      vertex -0.43780985356969787 -2.2424048101231686 0.5
    endloop
  endfacet
  facet normal 0 0 -1
    outer loop
      vertex -3.3670321550114712 2.0075175272286607 0.5
      vertex -0.4419737964294635 2.2347357813929456 0.5
      vertex -0.44600326209418395 2.2269952498697734 0.5
    endloop
  endfacet
  facet normal 0 0 -1
    outer loop
      vertex -3.3670321550114712 2.0075175272286607 0.5
      vertex -0.43780985356969787 -2.2424048101231686 0.5
      vertex -0.4335127018922193 -2.25 0.5
    endloop
  endfacet
  facet normal 0 0 -1
    outer loop
      vertex -3.3670321550114712 2.0075175272286607 0.5
      vertex -0.43780985356969787 2.2424048101231686 0.5
      vertex -0.4419737964294635 2.2347357813929456 0.5
    endloop
  endfacet
  facet normal 0 0 -1
    outer loop
      vertex -3.3670321550114712 2.0075175272286607 0.5
      vertex -0.4335127018922193 -2.25 0.5
      vertex -0.42908365035105617 -2.257519037455027 0.5
    endloop
  endfacet
  facet normal 0 0 -1
    outer loop
      vertex -3.3670321550114712 2.0075175272286607 0.5
      vertex -0.4335127018922193 2.25 0.5
      vertex -0.43780985356969787 2.2424048101231686 0.5
    endloop
  endfacet
  facet normal 0 0 -1
    outer loop
      vertex -3.3670321550114712 2.0075175272286607 0.5
      vertex -0.42908365035105617 -2.257519037455027 0.5
      vertex -0.424524048078213 -2.2649596321166023 0.5
    endloop
  endfacet
  facet normal 0 0 -1
    outer loop
      vertex -3.3670321550114712 2.0075175272286607 0.5
      vertex -0.42908365035105617 2.257519037455027 0.5
      vertex -0.4335127018922193 2.25 0.5
    endloop
  endfacet
  facet normal 0 0 -1
    outer loop
      vertex -3.3670321550114712 2.0075175272286607 0.5
      vertex -0.424524048078213 -2.2649596321166023 0.5
      vertex -0.419835283972712 -2.2723195175075137 0.5
    endloop
  endfacet
  facet normal 0 0 -1
    outer loop
      vertex -3.3670321550114712 2.0075175272286607 0.5
      vertex -0.424524048078213 2.2649596321166023 0.5
      vertex -0.42908365035105617 2.257519037455027 0.5
    endloop
  endfacet
  facet normal 0 0 -1
    outer loop
      vertex -3.3670321550114712 2.0075175272286607 0.5
      vertex -0.419835283972712 -2.2723195175075137 0.5
      vertex -0.4150187862775208 -2.2795964517353733 0.5
    endloop
  endfacet
  facet normal 0 0 -1
    outer loop
      vertex -3.3670321550114712 2.0075175272286607 0.5
      vertex -0.419835283972712 2.2723195175075137 0.5
      vertex -0.424524048078213 2.2649596321166023 0.5
    endloop
  endfacet
  facet normal 0 0 -1
    outer loop
      vertex -3.3670321550114712 2.0075175272286607 0.5
      vertex -0.4150187862775208 -2.2795964517353733 0.5
      vertex -0.4100760221444959 -2.286788218175523 0.5
    endloop
  endfacet
  facet normal 0 0 -1
    outer loop
      vertex -3.3670321550114712 2.0075175272286607 0.5
      vertex -0.4150187862775208 2.2795964517353733 0.5
      vertex -0.419835283972712 2.2723195175075137 0.5
    endloop
  endfacet
  facet normal 0 0 -1
    outer loop
      vertex -3.3670321550114712 2.0075175272286607 0.5
      vertex -0.4100760221444959 -2.286788218175523 0.5
      vertex 4 -14 0.5
    endloop
  endfacet
  facet normal 0 0 -1
    outer loop
      vertex -3.3670321550114712 2.0075175272286607 0.5
      vertex -0.4100760221444959 2.286788218175523 0.5
      vertex -0.4150187862775208 2.2795964517353733 0.5
    endloop
  endfacet
  facet normal 0 0 -1
    outer loop
      vertex -3.3670321550114712 2.0075175272286607 0.5
      vertex -0.4050084971874737 2.2938926261462367 0.5
      vertex -0.4100760221444959 2.286788218175523 0.5
    endloop
  endfacet
  facet normal 0 0 -1
    outer loop
      vertex -3.3670321550114712 2.0075175272286607 0.5
      vertex -0.3998177550236464 2.3009075115760242 0.5
      vertex -0.4050084971874737 2.2938926261462367 0.5
    endloop
  endfacet
  facet normal 0 0 -1
    outer loop
      vertex -3.3670321550114712 2.0075175272286607 0.5
      vertex -0.39450537680336095 2.307830737662829 0.5
      vertex -0.3998177550236464 2.3009075115760242 0.5
    endloop
  endfacet
  facet normal 0 0 -1
    outer loop
      vertex -3.3670321550114712 2.0075175272286607 0.5
      vertex -0.38907298072848545 2.314660195524919 0.5
      vertex -0.39450537680336095 2.307830737662829 0.5
    endloop
  endfacet
  facet normal 0 0 -1
    outer loop
      vertex -3.3670321550114712 2.0075175272286607 0.5
      vertex -0.383522221559489 2.32139380484327 0.5
      vertex -0.38907298072848545 2.314660195524919 0.5
    endloop
  endfacet
  facet normal 0 0 -1
    outer loop
      vertex -3.3670321550114712 2.0075175272286607 0.5
      vertex -0.377854790111386 2.3280295144952534 0.5
      vertex -0.383522221559489 2.32139380484327 0.5
    endloop
  endfacet
  facet normal 0 0 -1
    outer loop
      vertex -3.3670321550114712 2.0075175272286607 0.5
      vertex -0.3720724127386971 2.334565303179429 0.5
      vertex -0.377854790111386 2.3280295144952534 0.5
    endloop
  endfacet
  facet normal 0 0 -1
    outer loop
      vertex -3.3670321550114712 2.0075175272286607 0.5
      vertex -0.36617685080958523 2.340999180031249 0.5
      vertex -0.3720724127386971 2.334565303179429 0.5
    endloop
  endfacet
  facet normal 0 0 -1
    outer loop
      vertex -3.3670321550114712 2.0075175272286607 0.5
      vertex -0.3601699001693256 2.3473291852294986 0.5
      vertex -0.36617685080958523 2.340999180031249 0.5
    endloop
  endfacet
  facet normal 0 0 -1
    outer loop
      vertex -3.3670321550114712 2.0075175272286607 0.5
      vertex -0.3540533905932738 2.353553390593274 0.5
      vertex -0.3601699001693256 2.3473291852294986 0.5
    endloop
  endfacet
  facet normal 0 0 -1
    outer loop
      vertex -3.3670321550114712 2.0075175272286607 0.5
      vertex -0.3478291852294986 2.3596699001693255 0.5
      vertex -0.3540533905932738 2.353553390593274 0.5
    endloop
  endfacet
  facet normal 0 0 -1
    outer loop
      vertex -3.3670321550114712 2.0075175272286607 0.5
      vertex -0.34149918003124924 2.365676850809585 0.5
      vertex -0.3478291852294986 2.3596699001693255 0.5
    endloop
  endfacet
  facet normal 0 0 -1
    outer loop
      vertex -3.3670321550114712 2.0075175272286607 0.5
      vertex -0.3350653031794291 2.371572412738697 0.5
      vertex -0.34149918003124924 2.365676850809585 0.5
    endloop
  endfacet
  facet normal 0 0 -1
    outer loop
      vertex -3.3670321550114712 2.0075175272286607 0.5
      vertex -0.32852951449525364 2.377354790111386 0.5
      vertex -0.3350653031794291 2.371572412738697 0.5
    endloop
  endfacet
  facet normal 0 0 -1
    outer loop
      vertex -3.3670321550114712 2.0075175272286607 0.5
      vertex -0.3218938048432696 2.383022221559489 0.5
      vertex -0.32852951449525364 2.377354790111386 0.5
    endloop
  endfacet
  facet normal 0 0 -1
    outer loop
      vertex -3.3670321550114712 2.0075175272286607 0.5
      vertex -0.3151601955249187 2.3885729807284855 0.5
      vertex -0.3218938048432696 2.383022221559489 0.5
    endloop
  endfacet
  facet normal 0 0 -1
    outer loop
      vertex -3.3670321550114712 2.0075175272286607 0.5
      vertex -0.30833073766282915 2.394005376803361 0.5
      vertex -0.3151601955249187 2.3885729807284855 0.5
    endloop
  endfacet
  facet normal 0 0 -1
    outer loop
      vertex -3.3670321550114712 2.0075175272286607 0.5
      vertex -0.30140751157602413 2.399317755023646 0.5
      vertex -0.30833073766282915 2.394005376803361 0.5
    endloop
  endfacet
  facet normal 0 0 -1
    outer loop
      vertex -3.3670321550114712 2.0075175272286607 0.5
      vertex -0.29439262614623657 2.4045084971874737 0.5
      vertex -0.30140751157602413 2.399317755023646 0.5
    endloop
  endfacet
  facet normal 0 0 -1
    outer loop
      vertex -3.3670321550114712 2.0075175272286607 0.5
      vertex -0.287288218175523 2.409576022144496 0.5
      vertex -0.29439262614623657 2.4045084971874737 0.5
    endloop
  endfacet
  facet normal 0 0 -1
    outer loop
      vertex -3.3670321550114712 2.0075175272286607 0.5
      vertex -0.28009645173537345 2.4145187862775206 0.5
      vertex -0.287288218175523 2.409576022144496 0.5
    endloop
  endfacet
  facet normal 0 0 -1
    outer loop
      vertex -3.3670321550114712 2.0075175272286607 0.5
      vertex -0.27281951750751354 2.4193352839727122 0.5
      vertex -0.28009645173537345 2.4145187862775206 0.5
    endloop
  endfacet
  facet normal 0 0 -1
    outer loop
      vertex -3.3670321550114712 2.0075175272286607 0.5
      vertex -0.26545963211660245 2.424024048078213 0.5
      vertex -0.27281951750751354 2.4193352839727122 0.5
    endloop
  endfacet
  facet normal 0 0 -1
    outer loop
      vertex -3.3670321550114712 2.0075175272286607 0.5
      vertex -0.2580190374550271 2.4285836503510563 0.5
      vertex -0.26545963211660245 2.424024048078213 0.5
    endloop
  endfacet
  facet normal 0 0 -1
    outer loop
      vertex -3.3670321550114712 2.0075175272286607 0.5
      vertex -0.2505 2.433012701892219 0.5
      vertex -0.2580190374550271 2.4285836503510563 0.5
    endloop
  endfacet
  facet normal 0 0 -1
    outer loop
      vertex -3.3670321550114712 2.0075175272286607 0.5
      vertex -0.24290481012316853 2.437309853569698 0.5
      vertex -0.2505 2.433012701892219 0.5
    endloop
  endfacet
  facet normal 0 0 -1
    outer loop
      vertex -3.3670321550114712 2.0075175272286607 0.5
      vertex -0.2352357813929454 2.4414737964294635 0.5
      vertex -0.24290481012316853 2.437309853569698 0.5
    endloop
  endfacet
  facet normal 0 0 -1
    outer loop
      vertex -3.3670321550114712 2.0075175272286607 0.5
      vertex -0.22749524986977337 2.445503262094184 0.5
      vertex -0.2352357813929454 2.4414737964294635 0.5
    endloop
  endfacet
  facet normal 0 0 -1
    outer loop
      vertex -3.3670321550114712 2.0075175272286607 0.5
      vertex -0.2196855733945387 2.4493970231495834 0.5
      vertex -0.22749524986977337 2.445503262094184 0.5
    endloop
  endfacet
  facet normal 0 0 -1
    outer loop
      vertex -3.3670321550114712 2.0075175272286607 0.5
      vertex -0.21180913087034972 2.453153893518325 0.5
      vertex -0.2196855733945387 2.4493970231495834 0.5
    endloop
  endfacet
  facet normal 0 0 -1
    outer loop
      vertex -3.3670321550114712 2.0075175272286607 0.5
      vertex -0.2038683215379001 2.4567727288213006 0.5
      vertex -0.21180913087034972 2.453153893518325 0.5
    endloop
  endfacet
  facet normal 0 0 -1
    outer loop
      vertex -3.3670321550114712 2.0075175272286607 0.5
      vertex -0.19586556424463689 2.4602524267262202 0.5
      vertex -0.2038683215379001 2.4567727288213006 0.5
    endloop
  endfacet
  facet normal 0 0 -1
    outer loop
      vertex -3.3670321550114712 2.0075175272286607 0.5
      vertex -0.187803296707956 2.4635919272833937 0.5
      vertex -0.19586556424463689 2.4602524267262202 0.5
    endloop
  endfacet
  facet normal 0 0 -1
    outer loop
      vertex -3.3670321550114712 2.0075175272286607 0.5
      vertex -0.17968397477265013 2.466790213248601 0.5
      vertex -0.187803296707956 2.4635919272833937 0.5
    endloop
  endfacet
  facet normal 0 0 -1
    outer loop
      vertex -3.3670321550114712 2.0075175272286607 0.5
      vertex -0.17151007166283436 2.4698463103929544 0.5
      vertex -0.17968397477265013 2.466790213248601 0.5
    endloop
  endfacet
  facet normal 0 0 -1
    outer loop
      vertex -3.3670321550114712 2.0075175272286607 0.5
      vertex -0.16328407722857835 2.4727592877996583 0.5
      vertex -0.17151007166283436 2.4698463103929544 0.5
    endloop
  endfacet
  facet normal 0 0 -1
    outer loop
      vertex -3.3670321550114712 2.0075175272286607 0.5
      vertex -0.1550084971874737 2.475528258147577 0.5
      vertex -0.16328407722857835 2.4727592877996583 0.5
    endloop
  endfacet
  facet normal 0 0 -1
    outer loop
      vertex -3.3670321550114712 2.0075175272286607 0.5
      vertex -0.14668585236136839 2.4781523779815178 0.5
      vertex -0.1550084971874737 2.475528258147577 0.5
    endloop
  endfacet
  facet normal 0 0 -1
    outer loop
      vertex -3.3670321550114712 2.0075175272286607 0.5
      vertex -0.13831867790849958 2.4806308479691594 0.5
      vertex -0.14668585236136839 2.4781523779815178 0.5
    endloop
  endfacet
  facet normal 0 0 -1
    outer loop
      vertex -3.3670321550114712 2.0075175272286607 0.5
      vertex -0.12990952255126037 2.4829629131445343 0.5
      vertex -0.13831867790849958 2.4806308479691594 0.5
    endloop
  endfacet
  facet normal 0 0 -1
    outer loop
      vertex -3.3670321550114712 2.0075175272286607 0.5
      vertex -0.12146094779983387 2.4851478631379984 0.5
      vertex -0.12990952255126037 2.4829629131445343 0.5
    endloop
  endfacet
  facet normal 0 0 -1
    outer loop
      vertex -3.3670321550114712 2.0075175272286607 0.5
      vertex -0.1129755271719325 2.4871850323926177 0.5
      vertex -0.12146094779983387 2.4851478631379984 0.5
    endloop
  endfacet
  facet normal 0 0 -1
    outer loop
      vertex -3.3670321550114712 2.0075175272286607 0.5
      vertex -0.10445584540887967 2.489073800366903 0.5
      vertex -0.1129755271719325 2.4871850323926177 0.5
    endloop
  endfacet
  facet normal 0 0 -1
    outer loop
      vertex -3.3670321550114712 2.0075175272286607 0.5
      vertex -0.0959044976882724 2.490813591723832 0.5
      vertex -0.10445584540887967 2.489073800366903 0.5
    endloop
  endfacet
  facet normal 0 0 -1
    outer loop
      vertex -3.3670321550114712 2.0075175272286607 0.5
      vertex -0.08732408883346517 2.492403876506104 0.5
      vertex -0.0959044976882724 2.490813591723832 0.5
    endloop
  endfacet
  facet normal 0 0 -1
    outer loop
      vertex -3.3670321550114712 2.0075175272286607 0.5
      vertex -0.07871723252011543 2.493844170297569 0.5
      vertex -0.08732408883346517 2.492403876506104 0.5
    endloop
  endfacet
  facet normal 0 0 -1
    outer loop
      vertex -3.3670321550114712 2.0075175272286607 0.5
      vertex -0.07008655048003272 2.495134034370785 0.5
      vertex -0.07871723252011543 2.493844170297569 0.5
    endloop
  endfacet
  facet normal 0 0 -1
    outer loop
      vertex -3.3670321550114712 2.0075175272286607 0.5
      vertex 0.5 3.5 0.5
      vertex 0.5610834225304923 3.499466933047369 0.5
    endloop
  endfacet
  facet normal 0 0 -1
    outer loop
      vertex -3.3670321550114712 2.0075175272286607 0.5
      vertex 0.5610834225304923 3.499466933047369 0.5
      vertex 0.6221482384587533 3.4978678945668342 0.5
    endloop
  endfacet
  facet normal 0 0 -1
    outer loop
      vertex -3.3670321550114712 2.0075175272286607 0.5
      vertex 0.6221482384587533 3.4978678945668342 0.5
      vertex 0.6831758468503034 3.495203371641008 0.5
    endloop
  endfacet
  facet normal 0 0 -1
    outer loop
      vertex -3.3670321550114712 2.0075175272286607 0.5
      vertex 0.6831758468503034 3.495203371641008 0.5
      vertex 0.7441476581044386 3.491474175909385 0.5
    endloop
  endfacet
  facet normal 0 0 -1
    outer loop
      vertex -3.3670321550114712 2.0075175272286607 0.5
      vertex 0.7441476581044386 3.491474175909385 0.5
      vertex 0.8050450996168036 3.4866814433211104 0.5
    endloop
  endfacet
  facet normal 0 0 -1
    outer loop
      vertex -3.3670321550114712 2.0075175272286607 0.5
      vertex 0.8050450996168036 3.4866814433211104 0.5
      vertex 0.8658496214367871 3.480826633788956 0.5
    endloop
  endfacet
  facet normal 0 0 -1
    outer loop
      vertex -3.3670321550114712 2.0075175272286607 0.5
      vertex 0.8658496214367871 3.480826633788956 0.5
      vertex 0.9265427019180161 3.473911530744626 0.5
    endloop
  endfacet
  facet normal 0 0 -1
    outer loop
      vertex -3.3670321550114712 2.0075175272286607 0.5
      vertex 0.9265427019180161 3.473911530744626 0.5
      vertex 0.987105853360229 3.465938240595497 0.5
    endloop
  endfacet
  facet normal 0 0 -1
    outer loop
      vertex -3.3670321550114712 2.0075175272286607 0.5
      vertex 0.987105853360229 3.465938240595497 0.5
      vertex 1.047520627640808 3.456909192082982 0.5
    endloop
  endfacet
  facet normal 0 0 -1
    outer loop
      vertex -3.3670321550114712 2.0075175272286607 0.5
      vertex 1.047520627640808 3.456909192082982 0.5
      vertex 1.1077686218342562 3.446827135542728 0.5
    endloop
  endfacet
  facet normal 0 0 -1
    outer loop
      vertex -3.3670321550114712 2.0075175272286607 0.5
      vertex 1.1077686218342562 3.446827135542728 0.5
      vertex 1.1678314838179067 3.435695142066823 0.5
    endloop
  endfacet
  facet normal 0 0 -1
    outer loop
      vertex -3.3670321550114712 2.0075175272286607 0.5
      vertex 1.1678314838179067 3.435695142066823 0.5
      vertex 1.2276909178621578 3.42351660256832 0.5
    endloop
  endfacet
  facet normal 0 0 -1
    outer loop
      vertex -3.3670321550114712 2.0075175272286607 0.5
      vertex 1.2276909178621578 3.42351660256832 0.5
      vertex 1.2873286902035275 3.410295226748323 0.5
    endloop
  endfacet
  facet normal 0 0 -1
    outer loop
      vertex -3.3670321550114712 2.0075175272286607 0.5
      vertex 1.2873286902035275 3.410295226748323 0.5
      vertex 1.346726634598837 3.3960350419659875 0.5
    endloop
  endfacet
  facet normal 0 0 -1
    outer loop
      vertex -3.3670321550114712 2.0075175272286607 0.5
      vertex 1.346726634598837 3.3960350419659875 0.5
      vertex 1.4058666578588226 3.380740392011738 0.5
    endloop
  endfacet
  facet normal 0 0 -1
    outer loop
      vertex -3.3670321550114712 2.0075175272286607 0.5
      vertex 1.4058666578588226 3.380740392011738 0.5
      vertex 1.464730745359497 3.364415935784116 0.5
    endloop
  endfacet
  facet normal 0 0 -1
    outer loop
      vertex -3.3670321550114712 2.0075175272286607 0.5
      vertex 1.464730745359497 3.364415935784116 0.5
      vertex 1.5233009665295787 3.3470666458706244 0.5
    endloop
  endfacet
  facet normal 0 0 -1
    outer loop
      vertex -3.3670321550114712 2.0075175272286607 0.5
      vertex 1.5233009665295787 3.3470666458706244 0.5
      vertex 1.5815594803123159 3.3286978070330377 0.5
    endloop
  endfacet
  facet normal 0 0 -1
    outer loop
      vertex -3.3670321550114712 2.0075175272286607 0.5
      vertex 1.5815594803123159 3.3286978070330377 0.5
      vertex 1.6394885406000483 3.3093150145976082 0.5
    endloop
  endfacet
  facet normal 0 0 -1
    outer loop
      vertex -3.3670321550114712 2.0075175272286607 0.5
      vertex 1.6394885406000483 3.3093150145976082 0.5
      vertex 1.6970705016398404 3.2889241727506793 0.5
    endloop
  endfacet
  facet normal 0 0 -1
    outer loop
      vertex -3.3670321550114712 2.0075175272286607 0.5
      vertex 1.6970705016398404 3.2889241727506793 0.5
      vertex 1.7542878234085508 3.267531492740206 0.5
    endloop
  endfacet
  facet normal 0 0 -1
    outer loop
      vertex -3.3670321550114712 2.0075175272286607 0.5
      vertex 1.7542878234085508 3.267531492740206 0.5
      vertex 1.811123076955692 3.2451434909837555 0.5
    endloop
  endfacet
  facet normal 0 0 -1
    outer loop
      vertex -3.3670321550114712 2.0075175272286607 0.5
      vertex 1.811123076955692 3.2451434909837555 0.5
      vertex 1.8675589497124583 3.221766987083541 0.5
    endloop
  endfacet
  facet normal 0 0 -1
    outer loop
      vertex -3.3670321550114712 2.0075175272286607 0.5
      vertex 1.8675589497124583 3.221766987083541 0.5
      vertex 1.9235782507653008 3.197409101749102 0.5
    endloop
  endfacet
  facet normal 0 0 -1
    outer loop
      vertex -3.3670321550114712 2.0075175272286607 0.5
      vertex 1.9235782507653008 3.197409101749102 0.5
      vertex 1.9791639160924481 3.172077254628274 0.5
    endloop
  endfacet
  facet normal 0 0 -1
    outer loop
      vertex -3.3670321550114712 2.0075175272286607 0.5
      vertex 1.9791639160924481 3.172077254628274 0.5
      vertex 2.034299013761771 3.1457791620470843 0.5
    endloop
  endfacet
  facet normal 0 0 -1
    outer loop
      vertex -3.3670321550114712 2.0075175272286607 0.5
      vertex 2.034299013761771 3.1457791620470843 0.5
      vertex 2.0889667490884136 3.118522834659288 0.5
    endloop
  endfacet
  facet normal 0 0 -1
    outer loop
      vertex -3.3670321550114712 2.0075175272286607 0.5
      vertex 2.0889667490884136 3.118522834659288 0.5
      vertex 2.143150469750618 3.090316575006245 0.5
    endloop
  endfacet
  facet normal 0 0 -1
    outer loop
      vertex -3.3670321550114712 2.0075175272286607 0.5
      vertex 2.143150469750618 3.090316575006245 0.5
      vertex 2.19683367086218 3.0611689749878845 0.5
    endloop
  endfacet
  facet normal 0 0 -1
    outer loop
      vertex -3.3670321550114712 2.0075175272286607 0.5
      vertex 2.19683367086218 3.0611689749878845 0.5
      vertex 2.25 3.0310889132455348 0.5
    endloop
  endfacet
  facet normal 0 0 -1
    outer loop
      vertex -3.3670321550114712 2.0075175272286607 0.5
      vertex 2.25 3.0310889132455348 0.5
      vertex 2.3026332621851893 3.000085552457392 0.5
    endloop
  endfacet
  facet normal 0 0 -1
    outer loop
      vertex -3.3670321550114712 2.0075175272286607 0.5
      vertex 2.3026332621851893 3.000085552457392 0.5
      vertex 2.3547174248162173 2.9681683365474907 0.5
    endloop
  endfacet
  facet normal 0 0 -1
    outer loop
      vertex -3.3670321550114712 2.0075175272286607 0.5
      vertex 2.3547174248162173 2.9681683365474907 0.5
      vertex 2.406236622552595 2.935346987808984 0.5
    endloop
  endfacet
  facet normal 0 0 -1
    outer loop
      vertex -3.3670321550114712 2.0075175272286607 0.5
      vertex 2.406236622552595 2.935346987808984 0.5
      vertex 2.457175162147614 2.901631503942646 0.5
    endloop
  endfacet
  facet normal 0 0 -1
    outer loop
      vertex -3.3670321550114712 2.0075175272286607 0.5
      vertex 2.457175162147614 2.901631503942646 0.5
      vertex -0.07008655048003272 2.495134034370785 0.5
    endloop
  endfacet
  facet normal -0.6225146366376241 0.7826081568524103 0
    outer loop
      vertex -3.3319417597242684 3.4971568265563686 -1.5
      vertex -3.3319417597242684 3.4971568265563686 1.5
      vertex -3.2704766389654623 3.546048391230249 -1.5
    endloop
  endfacet
  facet normal 0 0 -1
    outer loop
      vertex -3.3319417597242684 3.4971568265563686 -1.5
      vertex -3.2704766389654623 3.546048391230249 -1.5
      vertex 1.1262789543202945 4.456206309337066 -1.5
    endloop
  endfacet
  facet normal -0.6225146366376241 0.7826081568524103 0
    outer loop
      vertex -3.3319417597242684 3.4971568265563686 1.5
      vertex -3.2704766389654623 3.546048391230249 1.5
      vertex -3.2704766389654623 3.546048391230249 -1.5
    endloop
  endfacet
  facet normal 0.80385686061722 -0.5948227867513376 0
    outer loop
      vertex -3.331559480312316 2.057248383023656 -1.5
      vertex -3.295224285165525 2.1063525810321693 -1.5
      vertex -3.295224285165525 2.1063525810321693 0.5
    endloop
  endfacet
  facet normal 0.80385686061722 -0.5948227867513376 0
    outer loop
      vertex -3.331559480312316 2.057248383023656 -1.5
      vertex -3.295224285165525 2.1063525810321693 0.5
      vertex -3.331559480312316 2.057248383023656 0.5
    endloop
  endfacet
  facet normal 0.7933533402912317 -0.6087614290087252 0
    outer loop
      vertex -3.295224285165525 2.1063525810321693 -1.5
      vertex -3.2580376376235267 2.154815163639804 -1.5
      vertex -3.2580376376235267 2.154815163639804 0.5
    endloop
  endfacet
  facet normal 0.7933533402912317 -0.6087614290087252 0
    outer loop
      vertex -3.295224285165525 2.1063525810321693 -1.5
      vertex -3.2580376376235267 2.154815163639804 0.5
      vertex -3.295224285165525 2.1063525810321693 0.5
    endloop
  endfacet
  facet normal -0.6087614290087245 0.7933533402912322 0
    outer loop
      vertex -3.2704766389654623 3.546048391230249 -1.5
      vertex -3.2704766389654623 3.546048391230249 1.5
      vertex -3.2081676041842173 3.5938597952128184 -1.5
    endloop
  endfacet
  facet normal 0 0 -1
    outer loop
      vertex -3.2704766389654623 3.546048391230249 -1.5
      vertex -3.2081676041842173 3.5938597952128184 -1.5
      vertex 1.1262789543202945 4.456206309337066 -1.5
    endloop
  endfacet
  facet normal -0.6087614290087245 0.7933533402912322 0
    outer loop
      vertex -3.2704766389654623 3.546048391230249 1.5
      vertex -3.2081676041842173 3.5938597952128184 1.5
      vertex -3.2081676041842173 3.5938597952128184 -1.5
    endloop
  endfacet
  facet normal 0.7826081568524097 -0.6225146366376249 0
    outer loop
      vertex -3.2580376376235267 2.154815163639804 -1.5
      vertex -3.220010865099398 2.2026213686744303 -1.5
      vertex -3.220010865099398 2.2026213686744303 0.5
    endloop
  endfacet
  facet normal 0.7826081568524097 -0.6225146366376249 0
    outer loop
      vertex -3.2580376376235267 2.154815163639804 -1.5
      vertex -3.220010865099398 2.2026213686744303 0.5
      vertex -3.2580376376235267 2.154815163639804 0.5
    endloop
  endfacet
  facet normal 0.7716245833877214 -0.6360782202777622 0
    outer loop
      vertex -3.220010865099398 2.2026213686744303 -1.5
      vertex -3.181155550916423 2.249756633902887 -1.5
      vertex -3.181155550916423 2.249756633902887 0.5
    endloop
  endfacet
  facet normal 0.7716245833877214 -0.6360782202777622 0
    outer loop
      vertex -3.220010865099398 2.2026213686744303 -1.5
      vertex -3.181155550916423 2.249756633902887 0.5
      vertex -3.220010865099398 2.2026213686744303 0.5
    endloop
  endfacet
  facet normal -0.5948227867513344 0.8038568606172225 0
    outer loop
      vertex -3.2081676041842173 3.5938597952128184 -1.5
      vertex -3.2081676041842173 3.5938597952128184 1.5
      vertex -3.1450336353161292 3.640576474687263 1.5
    endloop
  endfacet
  facet normal 0 0 -1
    outer loop
      vertex -3.2081676041842173 3.5938597952128184 -1.5
      vertex -3.1450336353161292 3.640576474687263 -1.5
      vertex 1.1262789543202945 4.456206309337066 -1.5
    endloop
  endfacet
  facet normal -0.5948227867513344 0.8038568606172225 0
    outer loop
      vertex -3.2081676041842173 3.5938597952128184 -1.5
      vertex -3.1450336353161292 3.640576474687263 1.5
      vertex -3.1450336353161292 3.640576474687263 -1.5
    endloop
  endfacet
  facet normal 0.7604059656000357 -0.649448048330178 0
    outer loop
      vertex -3.181155550916423 2.249756633902887 -1.5
      vertex -3.141483530779702 2.2962066014667757 -1.5
      vertex -3.141483530779702 2.2962066014667757 0.5
    endloop
  endfacet
  facet normal 0.7604059656000357 -0.649448048330178 0
    outer loop
      vertex -3.181155550916423 2.249756633902887 -1.5
      vertex -3.141483530779702 2.2962066014667757 0.5
      vertex -3.181155550916423 2.249756633902887 0.5
    endloop
  endfacet
  facet normal -0.5807029557109411 0.8141155183563182 0
    outer loop
      vertex -3.1450336353161292 3.640576474687263 -1.5
      vertex -3.1450336353161292 3.640576474687263 1.5
      vertex -3.081093963579707 3.686184199300463 -1.5
    endloop
  endfacet
  facet normal 0 0 -1
    outer loop
      vertex -3.1450336353161292 3.640576474687263 -1.5
      vertex -3.081093963579707 3.686184199300463 -1.5
      vertex 1.1262789543202945 4.456206309337066 -1.5
    endloop
  endfacet
  facet normal -0.5807029557109411 0.8141155183563182 0
    outer loop
      vertex -3.1450336353161292 3.640576474687263 1.5
      vertex -3.081093963579707 3.686184199300463 1.5
      vertex -3.081093963579707 3.686184199300463 -1.5
    endloop
  endfacet
  facet normal 0.7489557207889993 -0.6626200482157406 0
    outer loop
      vertex -3.141483530779702 2.2962066014667757 -1.5
      vertex -3.10100688917088 2.3419571222560034 -1.5
      vertex -3.10100688917088 2.3419571222560034 0.5
    endloop
  endfacet
  facet normal 0.7489557207889993 -0.6626200482157406 0
    outer loop
      vertex -3.141483530779702 2.2962066014667757 -1.5
      vertex -3.10100688917088 2.3419571222560034 0.5
      vertex -3.141483530779702 2.2962066014667757 0.5
    endloop
  endfacet
  facet normal 0.7372773368101264 -0.6755902076156577 0
    outer loop
      vertex -3.10100688917088 2.3419571222560034 -1.5
      vertex -3.0597379556670967 2.386994260218745 -1.5
      vertex -3.0597379556670967 2.386994260218745 0.5
    endloop
  endfacet
  facet normal 0.7372773368101264 -0.6755902076156577 0
    outer loop
      vertex -3.10100688917088 2.3419571222560034 -1.5
      vertex -3.0597379556670967 2.386994260218745 0.5
      vertex -3.10100688917088 2.3419571222560034 0.5
    endloop
  endfacet
  facet normal -0.5664062369248297 0.8241261886220178 0
    outer loop
      vertex -3.081093963579707 3.686184199300463 -1.5
      vertex -3.081093963579707 3.686184199300463 1.5
      vertex -3.016368065618361 3.730669076497687 1.5
    endloop
  endfacet
  facet normal 0 0 -1
    outer loop
      vertex -3.081093963579707 3.686184199300463 -1.5
      vertex -3.016368065618361 3.730669076497687 -1.5
      vertex 1.1262789543202945 4.456206309337066 -1.5
    endloop
  endfacet
  facet normal -0.5664062369248297 0.8241261886220178 0
    outer loop
      vertex -3.081093963579707 3.686184199300463 -1.5
      vertex -3.016368065618361 3.730669076497687 1.5
      vertex -3.016368065618361 3.730669076497687 -1.5
    endloop
  endfacet
  facet normal 0.7253743710122877 -0.6883545756937538 0
    outer loop
      vertex -3.0597379556670967 2.386994260218745 -1.5
      vertex -3.0176893011852792 2.4313042966064904 -1.5
      vertex -3.0176893011852792 2.4313042966064904 0.5
    endloop
  endfacet
  facet normal 0.7253743710122877 -0.6883545756937538 0
    outer loop
      vertex -3.0597379556670967 2.386994260218745 -1.5
      vertex -3.0176893011852792 2.4313042966064904 0.5
      vertex -3.0597379556670967 2.386994260218745 0.5
    endloop
  endfacet
  facet normal 0.7132504491541841 -0.7009092642998482 0
    outer loop
      vertex -3.0176893011852792 2.4313042966064904 -1.5
      vertex -2.9748737341529163 2.474873734152917 -1.5
      vertex -2.9748737341529163 2.474873734152917 0.5
    endloop
  endfacet
  facet normal 0.7132504491541841 -0.7009092642998482 0
    outer loop
      vertex -3.0176893011852792 2.4313042966064904 -1.5
      vertex -2.9748737341529163 2.474873734152917 0.5
      vertex -3.0176893011852792 2.4313042966064904 0.5
    endloop
  endfacet
  facet normal -0.5519369853120657 0.8338858220671632 0
    outer loop
      vertex -3.016368065618361 3.730669076497687 -1.5
      vertex -3.016368065618361 3.730669076497687 1.5
      vertex -2.950875657567622 3.7740175557544084 -1.5
    endloop
  endfacet
  facet normal 0 0 -1
    outer loop
      vertex -3.016368065618361 3.730669076497687 -1.5
      vertex -2.950875657567622 3.7740175557544084 -1.5
      vertex 1.1262789543202945 4.456206309337066 -1.5
    endloop
  endfacet
  facet normal -0.5519369853120657 0.8338858220671632 0
    outer loop
      vertex -3.016368065618361 3.730669076497687 1.5
      vertex -2.950875657567622 3.7740175557544084 1.5
      vertex -2.950875657567622 3.7740175557544084 -1.5
    endloop
  endfacet
  facet normal 0.7009092642998482 -0.7132504491541842 0
    outer loop
      vertex -2.9748737341529163 2.474873734152917 -1.5
      vertex -2.9313042966064904 2.5176893011852792 -1.5
      vertex -2.9313042966064904 2.5176893011852792 0.5
    endloop
  endfacet
  facet normal 0.7009092642998482 -0.7132504491541842 0
    outer loop
      vertex -2.9748737341529163 2.474873734152917 -1.5
      vertex -2.9313042966064904 2.5176893011852792 0.5
      vertex -2.9748737341529163 2.474873734152917 0.5
    endloop
  endfacet
  facet normal -0.537299608346827 0.8433914458128837 0
    outer loop
      vertex -2.950875657567622 3.7740175557544084 -1.5
      vertex -2.950875657567622 3.7740175557544084 1.5
      vertex -2.884636689049422 3.816216432703918 -1.5
    endloop
  endfacet
  facet normal 0 0 -1
    outer loop
      vertex -2.950875657567622 3.7740175557544084 -1.5
      vertex -2.884636689049422 3.816216432703918 -1.5
      vertex 1.1262789543202945 4.456206309337066 -1.5
    endloop
  endfacet
  facet normal -0.537299608346827 0.8433914458128837 0
    outer loop
      vertex -2.950875657567622 3.7740175557544084 1.5
      vertex -2.884636689049422 3.816216432703918 1.5
      vertex -2.884636689049422 3.816216432703918 -1.5
    endloop
  endfacet
  facet normal 0.6883545756937538 -0.7253743710122877 0
    outer loop
      vertex -2.9313042966064904 2.5176893011852792 -1.5
      vertex -2.886994260218745 2.5597379556670967 -1.5
      vertex -2.886994260218745 2.5597379556670967 0.5
    endloop
  endfacet
  facet normal 0.6883545756937538 -0.7253743710122877 0
    outer loop
      vertex -2.9313042966064904 2.5176893011852792 -1.5
      vertex -2.886994260218745 2.5597379556670967 0.5
      vertex -2.9313042966064904 2.5176893011852792 0.5
    endloop
  endfacet
  facet normal 0.6755902076156612 -0.7372773368101231 0
    outer loop
      vertex -2.886994260218745 2.5597379556670967 -1.5
      vertex -2.841957122256004 2.60100688917088 -1.5
      vertex -2.841957122256004 2.60100688917088 0.5
    endloop
  endfacet
  facet normal 0.6755902076156612 -0.7372773368101231 0
    outer loop
      vertex -2.886994260218745 2.5597379556670967 -1.5
      vertex -2.841957122256004 2.60100688917088 0.5
      vertex -2.886994260218745 2.5597379556670967 0.5
    endloop
  endfacet
  facet normal -0.522498564715934 0.8526401643541013 0
    outer loop
      vertex -2.884636689049422 3.816216432703918 -1.5
      vertex -2.884636689049422 3.816216432703918 1.5
      vertex -2.8176713370952435 3.8572528531595047 1.5
    endloop
  endfacet
  facet normal 0 0 -1
    outer loop
      vertex -2.884636689049422 3.816216432703918 -1.5
      vertex -2.8176713370952435 3.8572528531595047 -1.5
      vertex 1.1262789543202945 4.456206309337066 -1.5
    endloop
  endfacet
  facet normal -0.522498564715934 0.8526401643541013 0
    outer loop
      vertex -2.884636689049422 3.816216432703918 -1.5
      vertex -2.8176713370952435 3.8572528531595047 1.5
      vertex -2.8176713370952435 3.8572528531595047 -1.5
    endloop
  endfacet
  facet normal 0.6626200482157371 -0.7489557207890025 0
    outer loop
      vertex -2.841957122256004 2.60100688917088 -1.5
      vertex -2.7962066014667757 2.641483530779702 -1.5
      vertex -2.7962066014667757 2.641483530779702 0.5
    endloop
  endfacet
  facet normal 0.6626200482157371 -0.7489557207890025 0
    outer loop
      vertex -2.841957122256004 2.60100688917088 -1.5
      vertex -2.7962066014667757 2.641483530779702 0.5
      vertex -2.841957122256004 2.60100688917088 0.5
    endloop
  endfacet
  facet normal -0.5075383629607129 0.8616291604415206 0
    outer loop
      vertex -2.8176713370952435 3.8572528531595047 -1.5
      vertex -2.8176713370952435 3.8572528531595047 1.5
      vertex -2.75 3.897114317029974 -1.5
    endloop
  endfacet
  facet normal 0 0 -1
    outer loop
      vertex -2.8176713370952435 3.8572528531595047 -1.5
      vertex -2.75 3.897114317029974 -1.5
      vertex 1.1262789543202945 4.456206309337066 -1.5
    endloop
  endfacet
  facet normal -0.5075383629607129 0.8616291604415206 0
    outer loop
      vertex -2.8176713370952435 3.8572528531595047 1.5
      vertex -2.75 3.897114317029974 1.5
      vertex -2.75 3.897114317029974 -1.5
    endloop
  endfacet
  facet normal 0.649448048330178 -0.7604059656000357 0
    outer loop
      vertex -2.7962066014667757 2.641483530779702 -1.5
      vertex -2.749756633902887 2.681155550916423 -1.5
      vertex -2.749756633902887 2.681155550916423 0.5
    endloop
  endfacet
  facet normal 0.649448048330178 -0.7604059656000357 0
    outer loop
      vertex -2.7962066014667757 2.641483530779702 -1.5
      vertex -2.749756633902887 2.681155550916423 0.5
      vertex -2.7962066014667757 2.641483530779702 0.5
    endloop
  endfacet
  facet normal -0.49242356010346877 0.8703556959398986 0
    outer loop
      vertex -2.75 3.897114317029974 -1.5
      vertex -2.75 3.897114317029974 1.5
      vertex -2.6816432911085166 3.9357886821272814 1.5
    endloop
  endfacet
  facet normal 0 0 -1
    outer loop
      vertex -2.75 3.897114317029974 -1.5
      vertex -2.6816432911085166 3.9357886821272814 -1.5
      vertex 1.1262789543202945 4.456206309337066 -1.5
    endloop
  endfacet
  facet normal -0.49242356010346877 0.8703556959398986 0
    outer loop
      vertex -2.75 3.897114317029974 -1.5
      vertex -2.6816432911085166 3.9357886821272814 1.5
      vertex -2.6816432911085166 3.9357886821272814 -1.5
    endloop
  endfacet
  facet normal 0.63607822027777 -0.7716245833877149 0
    outer loop
      vertex -2.749756633902887 2.681155550916423 -1.5
      vertex -2.7026213686744307 2.7200108650993986 -1.5
      vertex -2.7026213686744307 2.7200108650993986 0.5
    endloop
  endfacet
  facet normal 0.63607822027777 -0.7716245833877149 0
    outer loop
      vertex -2.749756633902887 2.681155550916423 -1.5
      vertex -2.7026213686744307 2.7200108650993986 0.5
      vertex -2.749756633902887 2.681155550916423 0.5
    endloop
  endfacet
  facet normal 0.6225146366376213 -0.7826081568524126 0
    outer loop
      vertex -2.7026213686744307 2.7200108650993986 -1.5
      vertex -2.654815163639804 2.758037637623527 -1.5
      vertex -2.654815163639804 2.758037637623527 0.5
    endloop
  endfacet
  facet normal 0.6225146366376213 -0.7826081568524126 0
    outer loop
      vertex -2.7026213686744307 2.7200108650993986 -1.5
      vertex -2.654815163639804 2.758037637623527 0.5
      vertex -2.7026213686744307 2.7200108650993986 0.5
    endloop
  endfacet
  facet normal -0.47715876025960385 0.8788171126619678 0
    outer loop
      vertex -2.6816432911085166 3.9357886821272814 -1.5
      vertex -2.6816432911085166 3.9357886821272814 1.5
      vertex -2.6126220325365086 3.973264167865171 -1.5
    endloop
  endfacet
  facet normal 0 0 -1
    outer loop
      vertex -2.6816432911085166 3.9357886821272814 -1.5
      vertex -2.6126220325365086 3.973264167865171 -1.5
      vertex 1.1262789543202945 4.456206309337066 -1.5
    endloop
  endfacet
  facet normal -0.47715876025960385 0.8788171126619678 0
    outer loop
      vertex -2.6816432911085166 3.9357886821272814 1.5
      vertex -2.6126220325365086 3.973264167865171 1.5
      vertex -2.6126220325365086 3.973264167865171 -1.5
    endloop
  endfacet
  facet normal 0.608761429008708 -0.7933533402912449 0
    outer loop
      vertex -2.654815163639804 2.758037637623527 -1.5
      vertex -2.606352581032169 2.7952242851655242 -1.5
      vertex -2.606352581032169 2.7952242851655242 0.5
    endloop
  endfacet
  facet normal 0.608761429008708 -0.7933533402912449 0
    outer loop
      vertex -2.654815163639804 2.758037637623527 -1.5
      vertex -2.606352581032169 2.7952242851655242 0.5
      vertex -2.654815163639804 2.758037637623527 0.5
    endloop
  endfacet
  facet normal -0.4617486132350247 0.8870108331782265 0
    outer loop
      vertex -2.6126220325365086 3.973264167865171 -1.5
      vertex -2.6126220325365086 3.973264167865171 1.5
      vertex -2.5429572488279604 4.009529358847654 -1.5
    endloop
  endfacet
  facet normal 0 0 -1
    outer loop
      vertex -2.6126220325365086 3.973264167865171 -1.5
      vertex -2.5429572488279604 4.009529358847654 -1.5
      vertex 1.1262789543202945 4.456206309337066 -1.5
    endloop
  endfacet
  facet normal -0.4617486132350247 0.8870108331782265 0
    outer loop
      vertex -2.6126220325365086 3.973264167865171 1.5
      vertex -2.5429572488279604 4.009529358847654 1.5
      vertex -2.5429572488279604 4.009529358847654 -1.5
    endloop
  endfacet
  facet normal 0.5948227867513552 -0.8038568606172071 0
    outer loop
      vertex -2.606352581032169 2.7952242851655242 -1.5
      vertex -2.557248383023656 2.8315594803123165 -1.5
      vertex -2.557248383023656 2.8315594803123165 0.5
    endloop
  endfacet
  facet normal 0.5948227867513552 -0.8038568606172071 0
    outer loop
      vertex -2.606352581032169 2.7952242851655242 -1.5
      vertex -2.557248383023656 2.8315594803123165 0.5
      vertex -2.606352581032169 2.7952242851655242 0.5
    endloop
  endfacet
  facet normal 0.5807029557109427 -0.8141155183563171 0
    outer loop
      vertex -2.557248383023656 2.8315594803123165 -1.5
      vertex -2.507517527228661 2.867032155011472 -1.5
      vertex -2.507517527228661 2.867032155011472 0.5
    endloop
  endfacet
  facet normal 0.5807029557109427 -0.8141155183563171 0
    outer loop
      vertex -2.557248383023656 2.8315594803123165 -1.5
      vertex -2.507517527228661 2.867032155011472 0.5
      vertex -2.557248383023656 2.8315594803123165 0.5
    endloop
  endfacet
  facet normal -0.446197813109824 0.8949343616020174 0
    outer loop
      vertex -2.5429572488279604 4.009529358847654 -1.5
      vertex -2.5429572488279604 4.009529358847654 1.5
      vertex -2.472670160550848 4.044573208346252 1.5
    endloop
  endfacet
  facet normal 0 0 -1
    outer loop
      vertex -2.5429572488279604 4.009529358847654 -1.5
      vertex -2.472670160550848 4.044573208346252 -1.5
      vertex 1.1262789543202945 4.456206309337066 -1.5
    endloop
  endfacet
  facet normal -0.446197813109824 0.8949343616020174 0
    outer loop
      vertex -2.5429572488279604 4.009529358847654 -1.5
      vertex -2.472670160550848 4.044573208346252 1.5
      vertex -2.472670160550848 4.044573208346252 -1.5
    endloop
  endfacet
  facet normal 0.5664062369248243 -0.8241261886220216 0
    outer loop
      vertex -2.507517527228661 2.867032155011472 -1.5
      vertex -2.457175162147614 2.901631503942646 -1.5
      vertex -2.457175162147614 2.901631503942646 0.5
    endloop
  endfacet
  facet normal 0.5664062369248243 -0.8241261886220216 0
    outer loop
      vertex -2.507517527228661 2.867032155011472 -1.5
      vertex -2.457175162147614 2.901631503942646 0.5
      vertex -2.507517527228661 2.867032155011472 0.5
    endloop
  endfacet
  facet normal -0.4305110968082889 0.9025852843498635 0
    outer loop
      vertex -2.472670160550848 4.044573208346252 -1.5
      vertex -2.472670160550848 4.044573208346252 1.5
      vertex -2.401782177833147 4.078385041664925 -1.5
    endloop
  endfacet
  facet normal 0 0 -1
    outer loop
      vertex -2.472670160550848 4.044573208346252 -1.5
      vertex -2.401782177833147 4.078385041664925 -1.5
      vertex 1.1262789543202945 4.456206309337066 -1.5
    endloop
  endfacet
  facet normal -0.4305110968082889 0.9025852843498635 0
    outer loop
      vertex -2.472670160550848 4.044573208346252 1.5
      vertex -2.401782177833147 4.078385041664925 1.5
      vertex -2.401782177833147 4.078385041664925 -1.5
    endloop
  endfacet
  facet normal 0.5519369853120589 -0.8338858220671678 0
    outer loop
      vertex -2.457175162147614 2.901631503942646 -1.5
      vertex -2.406236622552595 2.935346987808984 -1.5
      vertex -2.406236622552595 2.935346987808984 0.5
    endloop
  endfacet
  facet normal 0.5519369853120589 -0.8338858220671678 0
    outer loop
      vertex -2.457175162147614 2.901631503942646 -1.5
      vertex -2.406236622552595 2.935346987808984 0.5
      vertex -2.457175162147614 2.901631503942646 0.5
    endloop
  endfacet
  facet normal 0.5372996083468204 -0.8433914458128878 0
    outer loop
      vertex -2.406236622552595 2.935346987808984 -1.5
      vertex -2.3547174248162173 2.9681683365474907 -1.5
      vertex -2.3547174248162173 2.9681683365474907 0.5
    endloop
  endfacet
  facet normal 0.5372996083468204 -0.8433914458128878 0
    outer loop
      vertex -2.406236622552595 2.935346987808984 -1.5
      vertex -2.3547174248162173 2.9681683365474907 0.5
      vertex -2.406236622552595 2.935346987808984 0.5
    endloop
  endfacet
  facet normal -0.41469324265624236 0.9099612708765417 0
    outer loop
      vertex -2.401782177833147 4.078385041664925 -1.5
      vertex -2.401782177833147 4.078385041664925 1.5
      vertex -2.330314893841101 4.110954559391704 1.5
    endloop
  endfacet
  facet normal 0 0 -1
    outer loop
      vertex -2.401782177833147 4.078385041664925 -1.5
      vertex -2.330314893841101 4.110954559391704 -1.5
      vertex 1.1262789543202945 4.456206309337066 -1.5
    endloop
  endfacet
  facet normal -0.41469324265624236 0.9099612708765417 0
    outer loop
      vertex -2.401782177833147 4.078385041664925 -1.5
      vertex -2.330314893841101 4.110954559391704 1.5
      vertex -2.330314893841101 4.110954559391704 -1.5
    endloop
  endfacet
  facet normal 0.5224985647159386 -0.8526401643540985 0
    outer loop
      vertex -2.3547174248162173 2.9681683365474907 -1.5
      vertex -2.3026332621851893 3.000085552457392 -1.5
      vertex -2.3026332621851893 3.000085552457392 0.5
    endloop
  endfacet
  facet normal 0.5224985647159386 -0.8526401643540985 0
    outer loop
      vertex -2.3547174248162173 2.9681683365474907 -1.5
      vertex -2.3026332621851893 3.000085552457392 0.5
      vertex -2.3547174248162173 2.9681683365474907 0.5
    endloop
  endfacet
  facet normal -0.3987490689252429 0.9170600743851254 0
    outer loop
      vertex -2.330314893841101 4.110954559391704 -1.5
      vertex -2.330314893841101 4.110954559391704 1.5
      vertex -2.258290078201732 4.142271840535981 1.5
    endloop
  endfacet
  facet normal 0 0 -1
    outer loop
      vertex -2.330314893841101 4.110954559391704 -1.5
      vertex -2.258290078201732 4.142271840535981 -1.5
      vertex 1.1262789543202945 4.456206309337066 -1.5
    endloop
  endfacet
  facet normal -0.3987490689252429 0.9170600743851254 0
    outer loop
      vertex -2.330314893841101 4.110954559391704 -1.5
      vertex -2.258290078201732 4.142271840535981 1.5
      vertex -2.258290078201732 4.142271840535981 -1.5
    endloop
  endfacet
  facet normal 0.5075383629607115 -0.8616291604415214 0
    outer loop
      vertex -2.3026332621851893 3.000085552457392 -1.5
      vertex -2.25 3.0310889132455348 -1.5
      vertex -2.25 3.0310889132455348 0.5
    endloop
  endfacet
  facet normal 0.5075383629607115 -0.8616291604415214 0
    outer loop
      vertex -2.3026332621851893 3.000085552457392 -1.5
      vertex -2.25 3.0310889132455348 0.5
      vertex -2.3026332621851893 3.000085552457392 0.5
    endloop
  endfacet
  facet normal -0.38268343236509617 0.9238795325112841 0
    outer loop
      vertex -2.258290078201732 4.142271840535981 -1.5
      vertex -2.258290078201732 4.142271840535981 1.5
      vertex -2.185729670371604 4.172327345550544 -1.5
    endloop
  endfacet
  facet normal 0 0 -1
    outer loop
      vertex -2.258290078201732 4.142271840535981 -1.5
      vertex -2.185729670371604 4.172327345550544 -1.5
      vertex 1.1262789543202945 4.456206309337066 -1.5
    endloop
  endfacet
  facet normal -0.38268343236509617 0.9238795325112841 0
    outer loop
      vertex -2.258290078201732 4.142271840535981 1.5
      vertex -2.185729670371604 4.172327345550544 1.5
      vertex -2.185729670371604 4.172327345550544 -1.5
    endloop
  endfacet
  facet normal 0.49242356010346566 -0.8703556959399005 0
    outer loop
      vertex -2.25 3.0310889132455348 -1.5
      vertex -2.19683367086218 3.0611689749878845 -1.5
      vertex -2.19683367086218 3.0611689749878845 0.5
    endloop
  endfacet
  facet normal 0.49242356010346566 -0.8703556959399005 0
    outer loop
      vertex -2.25 3.0310889132455348 -1.5
      vertex -2.19683367086218 3.0611689749878845 0.5
      vertex -2.25 3.0310889132455348 0.5
    endloop
  endfacet
  facet normal 0.47715876025962495 -0.8788171126619564 0
    outer loop
      vertex -2.19683367086218 3.0611689749878845 -1.5
      vertex -2.143150469750618 3.090316575006245 -1.5
      vertex -2.143150469750618 3.090316575006245 0.5
    endloop
  endfacet
  facet normal 0.47715876025962495 -0.8788171126619564 0
    outer loop
      vertex -2.19683367086218 3.0611689749878845 -1.5
      vertex -2.143150469750618 3.090316575006245 0.5
      vertex -2.19683367086218 3.0611689749878845 0.5
    endloop
  endfacet
  facet normal -0.3665012267243044 0.9304175679820217 0
    outer loop
      vertex -2.185729670371604 4.172327345550544 -1.5
      vertex -2.185729670371604 4.172327345550544 1.5
      vertex -2.1126557729538513 4.201111919237409 -1.5
    endloop
  endfacet
  facet normal 0 0 -1
    outer loop
      vertex -2.185729670371604 4.172327345550544 -1.5
      vertex -2.1126557729538513 4.201111919237409 -1.5
      vertex 1.1262789543202945 4.456206309337066 -1.5
    endloop
  endfacet
  facet normal -0.3665012267243044 0.9304175679820217 0
    outer loop
      vertex -2.185729670371604 4.172327345550544 1.5
      vertex -2.1126557729538513 4.201111919237409 1.5
      vertex -2.1126557729538513 4.201111919237409 -1.5
    endloop
  endfacet
  facet normal 0.4617486132350294 -0.887010833178224 0
    outer loop
      vertex -2.143150469750618 3.090316575006245 -1.5
      vertex -2.0889667490884136 3.118522834659288 -1.5
      vertex -2.0889667490884136 3.118522834659288 0.5
    endloop
  endfacet
  facet normal 0.4617486132350294 -0.887010833178224 0
    outer loop
      vertex -2.143150469750618 3.090316575006245 -1.5
      vertex -2.0889667490884136 3.118522834659288 0.5
      vertex -2.143150469750618 3.090316575006245 0.5
    endloop
  endfacet
  facet normal -0.35020738125946027 0.9366721892484002 0
    outer loop
      vertex -2.1126557729538513 4.201111919237409 -1.5
      vertex -2.1126557729538513 4.201111919237409 1.5
      vertex -2.0390906449655093 4.228616793536588 -1.5
    endloop
  endfacet
  facet normal 0 0 -1
    outer loop
      vertex -2.1126557729538513 4.201111919237409 -1.5
      vertex -2.0390906449655093 4.228616793536588 -1.5
      vertex 1.1262789543202945 4.456206309337066 -1.5
    endloop
  endfacet
  facet normal -0.35020738125946027 0.9366721892484002 0
    outer loop
      vertex -2.1126557729538513 4.201111919237409 1.5
      vertex -2.0390906449655093 4.228616793536588 1.5
      vertex -2.0390906449655093 4.228616793536588 -1.5
    endloop
  endfacet
  facet normal 0.4461978131098033 -0.8949343616020278 0
    outer loop
      vertex -2.0889667490884136 3.118522834659288 -1.5
      vertex -2.034299013761771 3.1457791620470843 -1.5
      vertex -2.034299013761771 3.1457791620470843 0.5
    endloop
  endfacet
  facet normal 0.4461978131098033 -0.8949343616020278 0
    outer loop
      vertex -2.0889667490884136 3.118522834659288 -1.5
      vertex -2.034299013761771 3.1457791620470843 0.5
      vertex -2.0889667490884136 3.118522834659288 0.5
    endloop
  endfacet
  facet normal -0.33380685923376713 0.9426414910921797 0
    outer loop
      vertex -2.0390906449655093 4.228616793536588 -1.5
      vertex -2.0390906449655093 4.228616793536588 1.5
      vertex -1.9650566950572053 4.254833590196926 1.5
    endloop
  endfacet
  facet normal 0 0 -1
    outer loop
      vertex -2.0390906449655093 4.228616793536588 -1.5
      vertex -1.9650566950572053 4.254833590196926 -1.5
      vertex 1.1262789543202945 4.456206309337066 -1.5
    endloop
  endfacet
  facet normal -0.33380685923376713 0.9426414910921797 0
    outer loop
      vertex -2.0390906449655093 4.228616793536588 -1.5
      vertex -1.9650566950572053 4.254833590196926 1.5
      vertex -1.9650566950572053 4.254833590196926 -1.5
    endloop
  endfacet
  facet normal 0.4305110968082832 -0.9025852843498663 0
    outer loop
      vertex -2.034299013761771 3.1457791620470843 -1.5
      vertex -1.9791639160924481 3.172077254628274 -1.5
      vertex -1.9791639160924481 3.172077254628274 0.5
    endloop
  endfacet
  facet normal 0.4305110968082832 -0.9025852843498663 0
    outer loop
      vertex -2.034299013761771 3.1457791620470843 -1.5
      vertex -1.9791639160924481 3.172077254628274 0.5
      vertex -2.034299013761771 3.1457791620470843 0.5
    endloop
  endfacet
  facet normal 0.41469324265623697 -0.9099612708765441 0
    outer loop
      vertex -1.9791639160924481 3.172077254628274 -1.5
      vertex -1.9235782507653008 3.197409101749102 -1.5
      vertex -1.9235782507653008 3.197409101749102 0.5
    endloop
  endfacet
  facet normal 0.41469324265623697 -0.9099612708765441 0
    outer loop
      vertex -1.9791639160924481 3.172077254628274 -1.5
      vertex -1.9235782507653008 3.197409101749102 0.5
      vertex -1.9791639160924481 3.172077254628274 0.5
    endloop
  endfacet
  facet normal -0.3173046564050945 0.9483236552061985 0
    outer loop
      vertex -1.9650566950572053 4.254833590196926 -1.5
      vertex -1.9650566950572053 4.254833590196926 1.5
      vertex -1.8905764746872633 4.279754323328191 -1.5
    endloop
  endfacet
  facet normal 0 0 -1
    outer loop
      vertex -1.9650566950572053 4.254833590196926 -1.5
      vertex -1.8905764746872633 4.279754323328191 -1.5
      vertex 1.1262789543202945 4.456206309337066 -1.5
    endloop
  endfacet
  facet normal -0.3173046564050945 0.9483236552061985 0
    outer loop
      vertex -1.9650566950572053 4.254833590196926 1.5
      vertex -1.8905764746872633 4.279754323328191 1.5
      vertex -1.8905764746872633 4.279754323328191 -1.5
    endloop
  endfacet
  facet normal 0.3987490689252582 -0.9170600743851188 0
    outer loop
      vertex -1.9235782507653008 3.197409101749102 -1.5
      vertex -1.8675589497124583 3.221766987083541 -1.5
      vertex -1.8675589497124583 3.221766987083541 0.5
    endloop
  endfacet
  facet normal 0.3987490689252582 -0.9170600743851188 0
    outer loop
      vertex -1.9235782507653008 3.197409101749102 -1.5
      vertex -1.8675589497124583 3.221766987083541 0.5
      vertex -1.9235782507653008 3.197409101749102 0.5
    endloop
  endfacet
  facet normal -0.30070579950425336 0.9537169507482331 0
    outer loop
      vertex -1.8905764746872633 4.279754323328191 -1.5
      vertex -1.8905764746872633 4.279754323328191 1.5
      vertex -1.8156726712523155 4.303371401833658 -1.5
    endloop
  endfacet
  facet normal 0 0 -1
    outer loop
      vertex -1.8905764746872633 4.279754323328191 -1.5
      vertex -1.8156726712523155 4.303371401833658 -1.5
      vertex 1.1262789543202945 4.456206309337066 -1.5
    endloop
  endfacet
  facet normal -0.30070579950425336 0.9537169507482331 0
    outer loop
      vertex -1.8905764746872633 4.279754323328191 1.5
      vertex -1.8156726712523155 4.303371401833658 1.5
      vertex -1.8156726712523155 4.303371401833658 -1.5
    endloop
  endfacet
  facet normal 0.38268343236508834 -0.9238795325112874 0
    outer loop
      vertex -1.8675589497124583 3.221766987083541 -1.5
      vertex -1.811123076955692 3.2451434909837555 -1.5
      vertex -1.811123076955692 3.2451434909837555 0.5
    endloop
  endfacet
  facet normal 0.38268343236508834 -0.9238795325112874 0
    outer loop
      vertex -1.8675589497124583 3.221766987083541 -1.5
      vertex -1.811123076955692 3.2451434909837555 0.5
      vertex -1.8675589497124583 3.221766987083541 0.5
    endloop
  endfacet
  facet normal -0.2840153447039406 0.9588197348681877 0
    outer loop
      vertex -1.8156726712523155 4.303371401833658 -1.5
      vertex -1.8156726712523155 4.303371401833658 1.5
      vertex -1.7403681011764962 4.325677631722435 1.5
    endloop
  endfacet
  facet normal 0 0 -1
    outer loop
      vertex -1.8156726712523155 4.303371401833658 -1.5
      vertex -1.7403681011764962 4.325677631722435 -1.5
      vertex 1.1262789543202945 4.456206309337066 -1.5
    endloop
  endfacet
  facet normal -0.2840153447039406 0.9588197348681877 0
    outer loop
      vertex -1.8156726712523155 4.303371401833658 -1.5
      vertex -1.7403681011764962 4.325677631722435 1.5
      vertex -1.7403681011764962 4.325677631722435 -1.5
    endloop
  endfacet
  facet normal 0.36650122672429924 -0.9304175679820237 0
    outer loop
      vertex -1.811123076955692 3.2451434909837555 -1.5
      vertex -1.7542878234085508 3.267531492740206 -1.5
      vertex -1.7542878234085508 3.267531492740206 0.5
    endloop
  endfacet
  facet normal 0.36650122672429924 -0.9304175679820237 0
    outer loop
      vertex -1.811123076955692 3.2451434909837555 -1.5
      vertex -1.7542878234085508 3.267531492740206 0.5
      vertex -1.811123076955692 3.2451434909837555 0.5
    endloop
  endfacet
  facet normal 0 0 -1
    outer loop
      vertex -1.811123076955692 3.2451434909837555 -1.5
      vertex 1.1262789543202945 4.456206309337066 -1.5
      vertex -1.7542878234085508 3.267531492740206 -1.5
    endloop
  endfacet
  facet normal 0.35020738125946904 -0.936672189248397 0
    outer loop
      vertex -1.7542878234085508 3.267531492740206 -1.5
      vertex -1.6970705016398404 3.2889241727506793 -1.5
      vertex -1.6970705016398404 3.2889241727506793 0.5
    endloop
  endfacet
  facet normal 0.35020738125946904 -0.936672189248397 0
    outer loop
      vertex -1.7542878234085508 3.267531492740206 -1.5
      vertex -1.6970705016398404 3.2889241727506793 0.5
      vertex -1.7542878234085508 3.267531492740206 0.5
    endloop
  endfacet
  facet normal 0 0 -1
    outer loop
      vertex -1.7542878234085508 3.267531492740206 -1.5
      vertex 1.1262789543202945 4.456206309337066 -1.5
      vertex -1.6970705016398404 3.2889241727506793 -1.5
    endloop
  endfacet
  facet normal -0.26723837607825857 0.9636304532086225 0
    outer loop
      vertex -1.7403681011764962 4.325677631722435 -1.5
      vertex -1.7403681011764962 4.325677631722435 1.5
      vertex -1.6646857029613433 4.346666218300808 1.5
    endloop
  endfacet
  facet normal 0 0 -1
    outer loop
      vertex -1.7403681011764962 4.325677631722435 -1.5
      vertex -1.6646857029613433 4.346666218300808 -1.5
      vertex 1.1262789543202945 4.456206309337066 -1.5
    endloop
  endfacet
  facet normal -0.26723837607825857 0.9636304532086225 0
    outer loop
      vertex -1.7403681011764962 4.325677631722435 -1.5
      vertex -1.6646857029613433 4.346666218300808 1.5
      vertex -1.6646857029613433 4.346666218300808 -1.5
    endloop
  endfacet
  facet normal 0.333806859233764 -0.9426414910921809 0
    outer loop
      vertex -1.6970705016398404 3.2889241727506793 -1.5
      vertex -1.6394885406000483 3.3093150145976082 -1.5
      vertex -1.6394885406000483 3.3093150145976082 0.5
    endloop
  endfacet
  facet normal 0.333806859233764 -0.9426414910921809 0
    outer loop
      vertex -1.6970705016398404 3.2889241727506793 -1.5
      vertex -1.6394885406000483 3.3093150145976082 0.5
      vertex -1.6970705016398404 3.2889241727506793 0.5
    endloop
  endfacet
  facet normal 0 0 -1
    outer loop
      vertex -1.6970705016398404 3.2889241727506793 -1.5
      vertex 1.1262789543202945 4.456206309337066 -1.5
      vertex -1.6394885406000483 3.3093150145976082 -1.5
    endloop
  endfacet
  facet normal -0.25038000405442973 0.9681476403781109 0
    outer loop
      vertex -1.6646857029613433 4.346666218300808 -1.5
      vertex -1.6646857029613433 4.346666218300808 1.5
      vertex -1.5886485301985047 4.366330768241983 -1.5
    endloop
  endfacet
  facet normal 0 0 -1
    outer loop
      vertex -1.6646857029613433 4.346666218300808 -1.5
      vertex -1.5886485301985047 4.366330768241983 -1.5
      vertex 1.1262789543202945 4.456206309337066 -1.5
    endloop
  endfacet
  facet normal -0.25038000405442973 0.9681476403781109 0
    outer loop
      vertex -1.6646857029613433 4.346666218300808 1.5
      vertex -1.5886485301985047 4.366330768241983 1.5
      vertex -1.5886485301985047 4.366330768241983 -1.5
    endloop
  endfacet
  facet normal 0.3173046564051039 -0.9483236552061953 0
    outer loop
      vertex -1.6394885406000483 3.3093150145976082 -1.5
      vertex -1.5815594803123159 3.3286978070330377 -1.5
      vertex -1.5815594803123159 3.3286978070330377 0.5
    endloop
  endfacet
  facet normal 0.3173046564051039 -0.9483236552061953 0
    outer loop
      vertex -1.6394885406000483 3.3093150145976082 -1.5
      vertex -1.5815594803123159 3.3286978070330377 0.5
      vertex -1.6394885406000483 3.3093150145976082 0.5
    endloop
  endfacet
  facet normal 0 0 -1
    outer loop
      vertex -1.6394885406000483 3.3093150145976082 -1.5
      vertex 1.1262789543202945 4.456206309337066 -1.5
      vertex -1.5815594803123159 3.3286978070330377 -1.5
    endloop
  endfacet
  facet normal -0.23344536385591064 0.9723699203976754 0
    outer loop
      vertex -1.5886485301985047 4.366330768241983 -1.5
      vertex -1.5886485301985047 4.366330768241983 1.5
      vertex -1.5122797445473926 4.384665291533558 1.5
    endloop
  endfacet
  facet normal 0 0 -1
    outer loop
      vertex -1.5886485301985047 4.366330768241983 -1.5
      vertex -1.5122797445473926 4.384665291533558 -1.5
      vertex 1.1262789543202945 4.456206309337066 -1.5
    endloop
  endfacet
  facet normal -0.23344536385591064 0.9723699203976754 0
    outer loop
      vertex -1.5886485301985047 4.366330768241983 -1.5
      vertex -1.5122797445473926 4.384665291533558 1.5
      vertex -1.5122797445473926 4.384665291533558 -1.5
    endloop
  endfacet
  facet normal 0.3007057995042741 -0.9537169507482266 0
    outer loop
      vertex -1.5815594803123159 3.3286978070330377 -1.5
      vertex -1.5233009665295787 3.3470666458706244 -1.5
      vertex -1.5233009665295787 3.3470666458706244 0.5
    endloop
  endfacet
  facet normal 0.3007057995042741 -0.9537169507482266 0
    outer loop
      vertex -1.5815594803123159 3.3286978070330377 -1.5
      vertex -1.5233009665295787 3.3470666458706244 0.5
      vertex -1.5815594803123159 3.3286978070330377 0.5
    endloop
  endfacet
  facet normal 0 0 -1
    outer loop
      vertex -1.5815594803123159 3.3286978070330377 -1.5
      vertex 1.1262789543202945 4.456206309337066 -1.5
      vertex -1.5233009665295787 3.3470666458706244 -1.5
    endloop
  endfacet
  facet normal 0.28401534470392004 -0.9588197348681938 0
    outer loop
      vertex -1.5233009665295787 3.3470666458706244 -1.5
      vertex -1.464730745359497 3.364415935784116 -1.5
      vertex -1.464730745359497 3.364415935784116 0.5
    endloop
  endfacet
  facet normal 0.28401534470392004 -0.9588197348681938 0
    outer loop
      vertex -1.5233009665295787 3.3470666458706244 -1.5
      vertex -1.464730745359497 3.364415935784116 0.5
      vertex -1.5233009665295787 3.3470666458706244 0.5
    endloop
  endfacet
  facet normal 0 0 -1
    outer loop
      vertex -1.5233009665295787 3.3470666458706244 -1.5
      vertex 1.1262789543202945 4.456206309337066 -1.5
      vertex -1.464730745359497 3.364415935784116 -1.5
    endloop
  endfacet
  facet normal -0.2164396139381091 0.9762960071199319 0
    outer loop
      vertex -1.5122797445473926 4.384665291533558 -1.5
      vertex -1.5122797445473926 4.384665291533558 1.5
      vertex -1.435602608679917 4.401664203302126 -1.5
    endloop
  endfacet
  facet normal 0 0 -1
    outer loop
      vertex -1.5122797445473926 4.384665291533558 -1.5
      vertex -1.435602608679917 4.401664203302126 -1.5
      vertex 1.1262789543202945 4.456206309337066 -1.5
    endloop
  endfacet
  facet normal -0.2164396139381091 0.9762960071199319 0
    outer loop
      vertex -1.5122797445473926 4.384665291533558 1.5
      vertex -1.435602608679917 4.401664203302126 1.5
      vertex -1.435602608679917 4.401664203302126 -1.5
    endloop
  endfacet
  facet normal 0.26723837607824036 -0.9636304532086275 0
    outer loop
      vertex -1.464730745359497 3.364415935784116 -1.5
      vertex -1.4058666578588226 3.380740392011738 -1.5
      vertex -1.4058666578588226 3.380740392011738 0.5
    endloop
  endfacet
  facet normal 0.26723837607824036 -0.9636304532086275 0
    outer loop
      vertex -1.464730745359497 3.364415935784116 -1.5
      vertex -1.4058666578588226 3.380740392011738 0.5
      vertex -1.464730745359497 3.364415935784116 0.5
    endloop
  endfacet
  facet normal 0 0 -1
    outer loop
      vertex -1.464730745359497 3.364415935784116 -1.5
      vertex 1.1262789543202945 4.456206309337066 -1.5
      vertex -1.4058666578588226 3.380740392011738 -1.5
    endloop
  endfacet
  facet normal -0.1993679344171832 0.9799247046208324 0
    outer loop
      vertex -1.435602608679917 4.401664203302126 -1.5
      vertex -1.435602608679917 4.401664203302126 1.5
      vertex -1.3586404791944515 4.417322325514487 -1.5
    endloop
  endfacet
  facet normal 0 0 -1
    outer loop
      vertex -1.435602608679917 4.401664203302126 -1.5
      vertex -1.3586404791944515 4.417322325514487 -1.5
      vertex 1.1262789543202945 4.456206309337066 -1.5
    endloop
  endfacet
  facet normal -0.1993679344171832 0.9799247046208324 0
    outer loop
      vertex -1.435602608679917 4.401664203302126 1.5
      vertex -1.3586404791944515 4.417322325514487 1.5
      vertex -1.3586404791944515 4.417322325514487 -1.5
    endloop
  endfacet
  facet normal 0.2503800040544535 -0.9681476403781046 0
    outer loop
      vertex -1.4058666578588226 3.380740392011738 -1.5
      vertex -1.346726634598837 3.3960350419659875 -1.5
      vertex -1.346726634598837 3.3960350419659875 0.5
    endloop
  endfacet
  facet normal 0.2503800040544535 -0.9681476403781046 0
    outer loop
      vertex -1.4058666578588226 3.380740392011738 -1.5
      vertex -1.346726634598837 3.3960350419659875 0.5
      vertex -1.4058666578588226 3.380740392011738 0.5
    endloop
  endfacet
  facet normal 0 0 -1
    outer loop
      vertex -1.4058666578588226 3.380740392011738 -1.5
      vertex 1.1262789543202945 4.456206309337066 -1.5
      vertex -1.346726634598837 3.3960350419659875 -1.5
    endloop
  endfacet
  facet normal -0.1822355254921462 0.9832549075639547 0
    outer loop
      vertex -1.3586404791944515 4.417322325514487 -1.5
      vertex -1.3586404791944515 4.417322325514487 1.5
      vertex -1.2814167995011865 4.431634888554935 1.5
    endloop
  endfacet
  facet normal 0 0 -1
    outer loop
      vertex -1.3586404791944515 4.417322325514487 -1.5
      vertex -1.2814167995011865 4.431634888554935 -1.5
      vertex 1.1262789543202945 4.456206309337066 -1.5
    endloop
  endfacet
  facet normal -0.1822355254921462 0.9832549075639547 0
    outer loop
      vertex -1.3586404791944515 4.417322325514487 -1.5
      vertex -1.2814167995011865 4.431634888554935 1.5
      vertex -1.2814167995011865 4.431634888554935 -1.5
    endloop
  endfacet
  facet normal 0.23344536385590156 -0.9723699203976776 0
    outer loop
      vertex -1.346726634598837 3.3960350419659875 -1.5
      vertex -1.2873286902035275 3.410295226748323 -1.5
      vertex -1.2873286902035275 3.410295226748323 0.5
    endloop
  endfacet
  facet normal 0.23344536385590156 -0.9723699203976776 0
    outer loop
      vertex -1.346726634598837 3.3960350419659875 -1.5
      vertex -1.2873286902035275 3.410295226748323 0.5
      vertex -1.346726634598837 3.3960350419659875 0.5
    endloop
  endfacet
  facet normal 0 0 -1
    outer loop
      vertex -1.346726634598837 3.3960350419659875 -1.5
      vertex 1.1262789543202945 4.456206309337066 -1.5
      vertex -1.2873286902035275 3.410295226748323 -1.5
    endloop
  endfacet
  facet normal 0.21643961393811295 -0.9762960071199313 0
    outer loop
      vertex -1.2873286902035275 3.410295226748323 -1.5
      vertex -1.2276909178621578 3.42351660256832 -1.5
      vertex -1.2276909178621578 3.42351660256832 0.5
    endloop
  endfacet
  facet normal 0.21643961393811295 -0.9762960071199313 0
    outer loop
      vertex -1.2873286902035275 3.410295226748323 -1.5
      vertex -1.2276909178621578 3.42351660256832 0.5
      vertex -1.2873286902035275 3.410295226748323 0.5
    endloop
  endfacet
  facet normal 0 0 -1
    outer loop
      vertex -1.2873286902035275 3.410295226748323 -1.5
      vertex 1.1262789543202945 4.456206309337066 -1.5
      vertex -1.2276909178621578 3.42351660256832 -1.5
    endloop
  endfacet
  facet normal -0.16504760586069564 0.9862856015372284 0
    outer loop
      vertex -1.2814167995011865 4.431634888554935 -1.5
      vertex -1.2814167995011865 4.431634888554935 1.5
      vertex -1.203955092681039 4.44459753267812 1.5
    endloop
  endfacet
  facet normal 0 0 -1
    outer loop
      vertex -1.2814167995011865 4.431634888554935 -1.5
      vertex -1.203955092681039 4.44459753267812 -1.5
      vertex 1.1262789543202945 4.456206309337066 -1.5
    endloop
  endfacet
  facet normal -0.16504760586069564 0.9862856015372284 0
    outer loop
      vertex -1.2814167995011865 4.431634888554935 -1.5
      vertex -1.203955092681039 4.44459753267812 1.5
      vertex -1.203955092681039 4.44459753267812 -1.5
    endloop
  endfacet
  facet normal 0.19936793441718256 -0.9799247046208326 0
    outer loop
      vertex -1.2276909178621578 3.42351660256832 -1.5
      vertex -1.1678314838179067 3.435695142066823 -1.5
      vertex -1.1678314838179067 3.435695142066823 0.5
    endloop
  endfacet
  facet normal 0.19936793441718256 -0.9799247046208326 0
    outer loop
      vertex -1.2276909178621578 3.42351660256832 -1.5
      vertex -1.1678314838179067 3.435695142066823 0.5
      vertex -1.2276909178621578 3.42351660256832 0.5
    endloop
  endfacet
  facet normal 0 0 -1
    outer loop
      vertex -1.2276909178621578 3.42351660256832 -1.5
      vertex 1.1262789543202945 4.456206309337066 -1.5
      vertex -1.1678314838179067 3.435695142066823 -1.5
    endloop
  endfacet
  facet normal -0.14780941112960094 0.9890158633619184 0
    outer loop
      vertex -1.203955092681039 4.44459753267812 -1.5
      vertex -1.203955092681039 4.44459753267812 1.5
      vertex -1.1262789543202945 4.456206309337066 -1.5
    endloop
  endfacet
  facet normal 0 0 -1
    outer loop
      vertex -1.203955092681039 4.44459753267812 -1.5
      vertex -1.1262789543202945 4.456206309337066 -1.5
      vertex 1.1262789543202945 4.456206309337066 -1.5
    endloop
  endfacet
  facet normal -0.14780941112960094 0.9890158633619184 0
    outer loop
      vertex -1.203955092681039 4.44459753267812 1.5
      vertex -1.1262789543202945 4.456206309337066 1.5
      vertex -1.1262789543202945 4.456206309337066 -1.5
    endloop
  endfacet
  facet normal 0.1822355254921558 -0.9832549075639531 0
    outer loop
      vertex -1.1678314838179067 3.435695142066823 -1.5
      vertex -1.1077686218342562 3.446827135542728 -1.5
      vertex -1.1077686218342562 3.446827135542728 0.5
    endloop
  endfacet
  facet normal 0.1822355254921558 -0.9832549075639531 0
    outer loop
      vertex -1.1678314838179067 3.435695142066823 -1.5
      vertex -1.1077686218342562 3.446827135542728 0.5
      vertex -1.1678314838179067 3.435695142066823 0.5
    endloop
  endfacet
  facet normal 0 0 -1
    outer loop
      vertex -1.1678314838179067 3.435695142066823 -1.5
      vertex 1.1262789543202945 4.456206309337066 -1.5
      vertex -1.1077686218342562 3.446827135542728 -1.5
    endloop
  endfacet
  facet normal -0.13052619222005118 0.9914448613738105 0
    outer loop
      vertex -1.1262789543202945 4.456206309337066 -1.5
      vertex -1.1262789543202945 4.456206309337066 1.5
      vertex -1.0484120453231638 4.466457682385949 -1.5
    endloop
  endfacet
  facet normal 0 0 -1
    outer loop
      vertex -1.1262789543202945 4.456206309337066 -1.5
      vertex -1.0484120453231638 4.466457682385949 -1.5
      vertex 1.1262789543202945 4.456206309337066 -1.5
    endloop
  endfacet
  facet normal -0.13052619222005118 0.9914448613738105 0
    outer loop
      vertex -1.1262789543202945 4.456206309337066 1.5
      vertex -1.0484120453231638 4.466457682385949 1.5
      vertex -1.0484120453231638 4.466457682385949 -1.5
    endloop
  endfacet
  facet normal 0.16504760586067965 -0.9862856015372311 0
    outer loop
      vertex -1.1077686218342562 3.446827135542728 -1.5
      vertex -1.047520627640808 3.456909192082982 -1.5
      vertex -1.047520627640808 3.456909192082982 0.5
    endloop
  endfacet
  facet normal 0.16504760586067965 -0.9862856015372311 0
    outer loop
      vertex -1.1077686218342562 3.446827135542728 -1.5
      vertex -1.047520627640808 3.456909192082982 0.5
      vertex -1.1077686218342562 3.446827135542728 0.5
    endloop
  endfacet
  facet normal 0 0 -1
    outer loop
      vertex -1.1077686218342562 3.446827135542728 -1.5
      vertex 1.1262789543202945 4.456206309337066 -1.5
      vertex -1.047520627640808 3.456909192082982 -1.5
    endloop
  endfacet
  facet normal -0.11320321376791592 0.9935718556765863 0
    outer loop
      vertex -1.0484120453231638 4.466457682385949 -1.5
      vertex -1.0484120453231638 4.466457682385949 1.5
      vertex -0.9703780847044406 4.47534852915723 1.5
    endloop
  endfacet
  facet normal 0 0 -1
    outer loop
      vertex -1.0484120453231638 4.466457682385949 -1.5
      vertex -0.9703780847044406 4.47534852915723 -1.5
      vertex 1.1262789543202945 4.456206309337066 -1.5
    endloop
  endfacet
  facet normal -0.11320321376791592 0.9935718556765863 0
    outer loop
      vertex -1.0484120453231638 4.466457682385949 -1.5
      vertex -0.9703780847044406 4.47534852915723 1.5
      vertex -0.9703780847044406 4.47534852915723 -1.5
    endloop
  endfacet
  facet normal 0.14780941112962329 -0.9890158633619149 0
    outer loop
      vertex -1.047520627640808 3.456909192082982 -1.5
      vertex -0.987105853360229 3.465938240595497 -1.5
      vertex -0.987105853360229 3.465938240595497 0.5
    endloop
  endfacet
  facet normal 0.14780941112962329 -0.9890158633619149 0
    outer loop
      vertex -1.047520627640808 3.456909192082982 -1.5
      vertex -0.987105853360229 3.465938240595497 0.5
      vertex -1.047520627640808 3.456909192082982 0.5
    endloop
  endfacet
  facet normal 0 0 -1
    outer loop
      vertex -1.047520627640808 3.456909192082982 -1.5
      vertex 1.1262789543202945 4.456206309337066 -1.5
      vertex -0.987105853360229 3.465938240595497 -1.5
    endloop
  endfacet
  facet normal 0.1305261922200254 -0.9914448613738138 0
    outer loop
      vertex -0.987105853360229 3.465938240595497 -1.5
      vertex -0.9265427019180161 3.473911530744626 -1.5
      vertex -0.9265427019180161 3.473911530744626 0.5
    endloop
  endfacet
  facet normal 0.1305261922200254 -0.9914448613738138 0
    outer loop
      vertex -0.987105853360229 3.465938240595497 -1.5
      vertex -0.9265427019180161 3.473911530744626 0.5
      vertex -0.987105853360229 3.465938240595497 0.5
    endloop
  endfacet
  facet normal 0 0 -1
    outer loop
      vertex -0.987105853360229 3.465938240595497 -1.5
      vertex 1.1262789543202945 4.456206309337066 -1.5
      vertex -0.9265427019180161 3.473911530744626 -1.5
    endloop
  endfacet
  facet normal -0.0958457525202301 0.9953961983671782 0
    outer loop
      vertex -0.9703780847044406 4.47534852915723 -1.5
      vertex -0.9703780847044406 4.47534852915723 1.5
      vertex -0.8922008423644617 4.482876141412856 -1.5
    endloop
  endfacet
  facet normal 0 0 -1
    outer loop
      vertex -0.9703780847044406 4.47534852915723 -1.5
      vertex -0.8922008423644617 4.482876141412856 -1.5
      vertex 1.1262789543202945 4.456206309337066 -1.5
    endloop
  endfacet
  facet normal -0.0958457525202301 0.9953961983671782 0
    outer loop
      vertex -0.9703780847044406 4.47534852915723 1.5
      vertex -0.8922008423644617 4.482876141412856 1.5
      vertex -0.8922008423644617 4.482876141412856 -1.5
    endloop
  endfacet
  facet normal 0.11320321376790972 -0.9935718556765871 0
    outer loop
      vertex -0.9265427019180161 3.473911530744626 -1.5
      vertex -0.8658496214367871 3.480826633788956 -1.5
      vertex -0.8658496214367871 3.480826633788956 0.5
    endloop
  endfacet
  facet normal 0.11320321376790972 -0.9935718556765871 0
    outer loop
      vertex -0.9265427019180161 3.473911530744626 -1.5
      vertex -0.8658496214367871 3.480826633788956 0.5
      vertex -0.9265427019180161 3.473911530744626 0.5
    endloop
  endfacet
  facet normal 0 0 -1
    outer loop
      vertex -0.9265427019180161 3.473911530744626 -1.5
      vertex 1.1262789543202945 4.456206309337066 -1.5
      vertex -0.8658496214367871 3.480826633788956 -1.5
    endloop
  endfacet
  facet normal -0.07845909572782732 0.9969173337331294 0
    outer loop
      vertex -0.8922008423644617 4.482876141412856 -1.5
      vertex -0.8922008423644617 4.482876141412856 1.5
      vertex -0.8139041318485638 4.489038226169209 1.5
    endloop
  endfacet
  facet normal 0 0 -1
    outer loop
      vertex -0.8922008423644617 4.482876141412856 -1.5
      vertex -0.8139041318485638 4.489038226169209 -1.5
      vertex 1.1262789543202945 4.456206309337066 -1.5
    endloop
  endfacet
  facet normal -0.07845909572782732 0.9969173337331294 0
    outer loop
      vertex -0.8922008423644617 4.482876141412856 -1.5
      vertex -0.8139041318485638 4.489038226169209 1.5
      vertex -0.8139041318485638 4.489038226169209 -1.5
    endloop
  endfacet
  facet normal 0.09584575252025263 -0.9953961983671761 0
    outer loop
      vertex -0.8658496214367871 3.480826633788956 -1.5
      vertex -0.8050450996168036 3.4866814433211104 -1.5
      vertex -0.8050450996168036 3.4866814433211104 0.5
    endloop
  endfacet
  facet normal 0.09584575252025263 -0.9953961983671761 0
    outer loop
      vertex -0.8658496214367871 3.480826633788956 -1.5
      vertex -0.8050450996168036 3.4866814433211104 0.5
      vertex -0.8658496214367871 3.480826633788956 0.5
    endloop
  endfacet
  facet normal 0 0 -1
    outer loop
      vertex -0.8658496214367871 3.480826633788956 -1.5
      vertex 1.1262789543202945 4.456206309337066 -1.5
      vertex -0.8050450996168036 3.4866814433211104 -1.5
    endloop
  endfacet
  facet normal -0.061048539534858164 0.9981347984218669 0
    outer loop
      vertex -0.8139041318485638 4.489038226169209 -1.5
      vertex -0.8139041318485638 4.489038226169209 1.5
      vertex -0.7355118030932473 4.493832906395582 -1.5
    endloop
  endfacet
  facet normal 0 0 -1
    outer loop
      vertex -0.8139041318485638 4.489038226169209 -1.5
      vertex -0.7355118030932473 4.493832906395582 -1.5
      vertex 1.1262789543202945 4.456206309337066 -1.5
    endloop
  endfacet
  facet normal -0.061048539534858164 0.9981347984218669 0
    outer loop
      vertex -0.8139041318485638 4.489038226169209 1.5
      vertex -0.7355118030932473 4.493832906395582 1.5
      vertex -0.7355118030932473 4.493832906395582 -1.5
    endloop
  endfacet
  facet normal 0.07845909572783062 -0.9969173337331292 0
    outer loop
      vertex -0.8050450996168036 3.4866814433211104 -1.5
      vertex -0.7441476581044386 3.491474175909385 -1.5
      vertex -0.7441476581044386 3.491474175909385 0.5
    endloop
  endfacet
  facet normal 0.07845909572783062 -0.9969173337331292 0
    outer loop
      vertex -0.8050450996168036 3.4866814433211104 -1.5
      vertex -0.7441476581044386 3.491474175909385 0.5
      vertex -0.8050450996168036 3.4866814433211104 0.5
    endloop
  endfacet
  facet normal 0 0 -1
    outer loop
      vertex -0.8050450996168036 3.4866814433211104 -1.5
      vertex 1.1262789543202945 4.456206309337066 -1.5
      vertex -0.7441476581044386 3.491474175909385 -1.5
    endloop
  endfacet
  facet normal 0.061048539534841954 -0.9981347984218679 0
    outer loop
      vertex -0.7441476581044386 3.491474175909385 -1.5
      vertex -0.6831758468503034 3.495203371641008 -1.5
      vertex -0.6831758468503034 3.495203371641008 0.5
    endloop
  endfacet
  facet normal 0.061048539534841954 -0.9981347984218679 0
    outer loop
      vertex -0.7441476581044386 3.491474175909385 -1.5
      vertex -0.6831758468503034 3.495203371641008 0.5
      vertex -0.7441476581044386 3.491474175909385 0.5
    endloop
  endfacet
  facet normal 0 0 -1
    outer loop
      vertex -0.7441476581044386 3.491474175909385 -1.5
      vertex 1.1262789543202945 4.456206309337066 -1.5
      vertex -0.6831758468503034 3.495203371641008 -1.5
    endloop
  endfacet
  facet normal -0.043619387365344375 0.9990482215818574 0
    outer loop
      vertex -0.7355118030932473 4.493832906395582 -1.5
      vertex -0.7355118030932473 4.493832906395582 1.5
      vertex -0.6570477351612544 4.497258721585931 1.5
    endloop
  endfacet
  facet normal 0 0 -1
    outer loop
      vertex -0.7355118030932473 4.493832906395582 -1.5
      vertex -0.6570477351612544 4.497258721585931 -1.5
      vertex 1.1262789543202945 4.456206309337066 -1.5
    endloop
  endfacet
  facet normal -0.043619387365344375 0.9990482215818574 0
    outer loop
      vertex -0.7355118030932473 4.493832906395582 -1.5
      vertex -0.6570477351612544 4.497258721585931 1.5
      vertex -0.6570477351612544 4.497258721585931 -1.5
    endloop
  endfacet
  facet normal 0.04361938736533467 -0.9990482215818578 0
    outer loop
      vertex -0.6831758468503034 3.495203371641008 -1.5
      vertex -0.6221482384587533 3.4978678945668342 -1.5
      vertex -0.6221482384587533 3.4978678945668342 0.5
    endloop
  endfacet
  facet normal 0.04361938736533467 -0.9990482215818578 0
    outer loop
      vertex -0.6831758468503034 3.495203371641008 -1.5
      vertex -0.6221482384587533 3.4978678945668342 0.5
      vertex -0.6831758468503034 3.495203371641008 0.5
    endloop
  endfacet
  facet normal 0 0 -1
    outer loop
      vertex -0.6831758468503034 3.495203371641008 -1.5
      vertex 1.1262789543202945 4.456206309337066 -1.5
      vertex -0.6221482384587533 3.4978678945668342 -1.5
    endloop
  endfacet
  facet normal -0.02617694830787658 0.9996573249755571 0
    outer loop
      vertex -0.6570477351612544 4.497258721585931 -1.5
      vertex -0.6570477351612544 4.497258721585931 1.5
      vertex -0.5785358289677758 4.499314628203761 1.5
    endloop
  endfacet
  facet normal 0 0 -1
    outer loop
      vertex -0.6570477351612544 4.497258721585931 -1.5
      vertex -0.5785358289677758 4.499314628203761 -1.5
      vertex 1.1262789543202945 4.456206309337066 -1.5
    endloop
  endfacet
  facet normal -0.02617694830787658 0.9996573249755571 0
    outer loop
      vertex -0.6570477351612544 4.497258721585931 -1.5
      vertex -0.5785358289677758 4.499314628203761 1.5
      vertex -0.5785358289677758 4.499314628203761 -1.5
    endloop
  endfacet
  facet normal 0.026176948307883058 -0.999657324975557 0
    outer loop
      vertex -0.6221482384587533 3.4978678945668342 -1.5
      vertex -0.5610834225304923 3.499466933047369 -1.5
      vertex -0.5610834225304923 3.499466933047369 0.5
    endloop
  endfacet
  facet normal 0.026176948307883058 -0.999657324975557 0
    outer loop
      vertex -0.6221482384587533 3.4978678945668342 -1.5
      vertex -0.5610834225304923 3.499466933047369 0.5
      vertex -0.6221482384587533 3.4978678945668342 0.5
    endloop
  endfacet
  facet normal 0 0 -1
    outer loop
      vertex -0.6221482384587533 3.4978678945668342 -1.5
      vertex 1.1262789543202945 4.456206309337066 -1.5
      vertex -0.5610834225304923 3.499466933047369 -1.5
    endloop
  endfacet
  facet normal -0.008726535498367955 0.9999619230641714 0
    outer loop
      vertex -0.5785358289677758 4.499314628203761 -1.5
      vertex -0.5785358289677758 4.499314628203761 1.5
      vertex -0.5 4.5 -1.5
    endloop
  endfacet
  facet normal 0 0 -1
    outer loop
      vertex -0.5785358289677758 4.499314628203761 -1.5
      vertex -0.5 4.5 -1.5
      vertex 1.1262789543202945 4.456206309337066 -1.5
    endloop
  endfacet
  facet normal -0.008726535498367955 0.9999619230641714 0
    outer loop
      vertex -0.5785358289677758 4.499314628203761 1.5
      vertex -0.5 4.5 1.5
      vertex -0.5 4.5 -1.5
    endloop
  endfacet
  facet normal 0.008726535498377649 -0.9999619230641712 0
    outer loop
      vertex -0.5610834225304923 3.499466933047369 -1.5
      vertex -0.5 3.5 -1.5
      vertex -0.5 3.5 0.5
    endloop
  endfacet
  facet normal 0.008726535498377649 -0.9999619230641712 0
    outer loop
      vertex -0.5610834225304923 3.499466933047369 -1.5
      vertex -0.5 3.5 0.5
      vertex -0.5610834225304923 3.499466933047369 0.5
    endloop
  endfacet
  facet normal 0 0 -1
    outer loop
      vertex -0.5610834225304923 3.499466933047369 -1.5
      vertex 1.1262789543202945 4.456206309337066 -1.5
      vertex -0.5 3.5 -1.5
    endloop
  endfacet
  facet normal 0.9999619230641713 0.008726535498372245 0
    outer loop
      vertex -0.5005 -2 0.5
      vertex -0.5005 -2 1.5
      vertex -0.5004238475781956 -2.0087262032186417 0.5
    endloop
  endfacet
  facet normal 1 0 0
    outer loop
      vertex -0.5005 -2 0.5
      vertex -0.5005 2 0.5
      vertex -0.5005 2 1.5
    endloop
  endfacet
  facet normal 1 0 0
    outer loop
      vertex -0.5005 -2 0.5
      vertex -0.5005 2 1.5
      vertex -0.5005 -2 1.5
    endloop
  endfacet
  facet normal 0.9999619230641713 0.008726535498372245 0
    outer loop
      vertex -0.5005 -2 1.5
      vertex -0.5004238475781956 -2.0087262032186417 1.5
      vertex -0.5004238475781956 -2.0087262032186417 0.5
    endloop
  endfacet
  facet normal 0.9999619230641713 -0.008726535498372245 0
    outer loop
      vertex -0.5005 2 0.5
      vertex -0.5004238475781956 2.0087262032186417 0.5
      vertex -0.5004238475781956 2.0087262032186417 1.5
    endloop
  endfacet
  facet normal 0.9999619230641713 -0.008726535498372245 0
    outer loop
      vertex -0.5005 2 0.5
      vertex -0.5004238475781956 2.0087262032186417 1.5
      vertex -0.5005 2 1.5
    endloop
  endfacet
  facet normal 0.9996573249755575 0.02617694830786695 0
    outer loop
      vertex -0.5004238475781956 -2.0087262032186417 0.5
      vertex -0.5004238475781956 -2.0087262032186417 1.5
      vertex -0.5001954135095479 -2.0174497483512503 0.5
    endloop
  endfacet
  facet normal 0.9996573249755575 0.02617694830786695 0
    outer loop
      vertex -0.5004238475781956 -2.0087262032186417 1.5
      vertex -0.5001954135095479 -2.0174497483512503 1.5
      vertex -0.5001954135095479 -2.0174497483512503 0.5
    endloop
  endfacet
  facet normal 0.9996573249755575 -0.02617694830786695 0
    outer loop
      vertex -0.5004238475781956 2.0087262032186417 0.5
      vertex -0.5001954135095479 2.0174497483512503 0.5
      vertex -0.5001954135095479 2.0174497483512503 1.5
    endloop
  endfacet
  facet normal 0.9996573249755575 -0.02617694830786695 0
    outer loop
      vertex -0.5004238475781956 2.0087262032186417 0.5
      vertex -0.5001954135095479 2.0174497483512503 1.5
      vertex -0.5004238475781956 2.0087262032186417 1.5
    endloop
  endfacet
  facet normal 0.9990482215818577 0.04361938736533971 0
    outer loop
      vertex -0.5001954135095479 -2.0174497483512503 0.5
      vertex -0.5001954135095479 -2.0174497483512503 1.5
      vertex -0.4998147673772869 -2.026167978121472 0.5
    endloop
  endfacet
  facet normal 0.9990482215818577 0.04361938736533971 0
    outer loop
      vertex -0.5001954135095479 -2.0174497483512503 1.5
      vertex -0.4998147673772869 -2.026167978121472 1.5
      vertex -0.4998147673772869 -2.026167978121472 0.5
    endloop
  endfacet
  facet normal 0.9990482215818577 -0.04361938736533971 0
    outer loop
      vertex -0.5001954135095479 2.0174497483512503 0.5
      vertex -0.4998147673772869 2.026167978121472 0.5
      vertex -0.4998147673772869 2.026167978121472 1.5
    endloop
  endfacet
  facet normal 0.9990482215818577 -0.04361938736533971 0
    outer loop
      vertex -0.5001954135095479 2.0174497483512503 0.5
      vertex -0.4998147673772869 2.026167978121472 1.5
      vertex -0.5001954135095479 2.0174497483512503 1.5
    endloop
  endfacet
  facet normal 0 -1 0
    outer loop
      vertex -0.5 3.5 -1.5
      vertex 0.5 3.5 -1.5
      vertex 0.5 3.5 0.5
    endloop
  endfacet
  facet normal 0 -1 0
    outer loop
      vertex -0.5 3.5 -1.5
      vertex 0.5 3.5 0.5
      vertex -0.5 3.5 0.5
    endloop
  endfacet
  facet normal 0 0 -1
    outer loop
      vertex -0.5 3.5 -1.5
      vertex 1.1262789543202945 4.456206309337066 -1.5
      vertex 0.5 3.5 -1.5
    endloop
  endfacet
  facet normal 0 1 0
    outer loop
      vertex -0.5 4.5 -1.5
      vertex -0.5 4.5 1.5
      vertex 0.5 4.5 -1.5
    endloop
  endfacet
  facet normal 0 0 -1
    outer loop
      vertex -0.5 4.5 -1.5
      vertex 0.5 4.5 -1.5
      vertex 1.1262789543202945 4.456206309337066 -1.5
    endloop
  endfacet
  facet normal 0 1 0
    outer loop
      vertex -0.5 4.5 1.5
      vertex 0.5 4.5 1.5
      vertex 0.5 4.5 -1.5
    endloop
  endfacet
  facet normal 0.998134798421867 0.06104853953485591 0
    outer loop
      vertex -0.4998147673772869 -2.026167978121472 0.5
      vertex -0.4998147673772869 -2.026167978121472 1.5
      vertex -0.4992820251299121 -2.034878236872063 0.5
    endloop
  endfacet
  facet normal 0.998134798421867 0.06104853953485591 0
    outer loop
      vertex -0.4998147673772869 -2.026167978121472 1.5
      vertex -0.4992820251299121 -2.034878236872063 1.5
      vertex -0.4992820251299121 -2.034878236872063 0.5
    endloop
  endfacet
  facet normal 0.998134798421867 -0.06104853953485591 0
    outer loop
      vertex -0.4998147673772869 2.026167978121472 0.5
      vertex -0.4992820251299121 2.034878236872063 0.5
      vertex -0.4992820251299121 2.034878236872063 1.5
    endloop
  endfacet
  facet normal 0.998134798421867 -0.06104853953485591 0
    outer loop
      vertex -0.4998147673772869 2.026167978121472 0.5
      vertex -0.4992820251299121 2.034878236872063 1.5
      vertex -0.4998147673772869 2.026167978121472 1.5
    endloop
  endfacet
  facet normal 0.9969173337331282 0.07845909572784303 0
    outer loop
      vertex -0.4992820251299121 -2.034878236872063 0.5
      vertex -0.4992820251299121 -2.034878236872063 1.5
      vertex -0.4985973490458728 -2.043577871373829 0.5
    endloop
  endfacet
  facet normal 0.9969173337331282 0.07845909572784303 0
    outer loop
      vertex -0.4992820251299121 -2.034878236872063 1.5
      vertex -0.4985973490458728 -2.043577871373829 1.5
      vertex -0.4985973490458728 -2.043577871373829 0.5
    endloop
  endfacet
  facet normal 0.9969173337331282 -0.07845909572784303 0
    outer loop
      vertex -0.4992820251299121 2.034878236872063 0.5
      vertex -0.4985973490458728 2.043577871373829 0.5
      vertex -0.4985973490458728 2.043577871373829 1.5
    endloop
  endfacet
  facet normal 0.9969173337331282 -0.07845909572784303 0
    outer loop
      vertex -0.4992820251299121 2.034878236872063 0.5
      vertex -0.4985973490458728 2.043577871373829 1.5
      vertex -0.4992820251299121 2.034878236872063 1.5
    endloop
  endfacet
  facet normal 0.9953961983671787 0.09584575252022569 0
    outer loop
      vertex -0.4985973490458728 -2.043577871373829 0.5
      vertex -0.4985973490458728 -2.043577871373829 1.5
      vertex -0.49776094768413665 -2.052264231633827 0.5
    endloop
  endfacet
  facet normal 0.9953961983671787 0.09584575252022569 0
    outer loop
      vertex -0.4985973490458728 -2.043577871373829 1.5
      vertex -0.49776094768413665 -2.052264231633827 1.5
      vertex -0.49776094768413665 -2.052264231633827 0.5
    endloop
  endfacet
  facet normal 0.9953961983671787 -0.09584575252022569 0
    outer loop
      vertex -0.4985973490458728 2.043577871373829 0.5
      vertex -0.49776094768413665 2.052264231633827 0.5
      vertex -0.49776094768413665 2.052264231633827 1.5
    endloop
  endfacet
  facet normal 0.9953961983671787 -0.09584575252022569 0
    outer loop
      vertex -0.4985973490458728 2.043577871373829 0.5
      vertex -0.49776094768413665 2.052264231633827 1.5
      vertex -0.4985973490458728 2.043577871373829 1.5
    endloop
  endfacet
  facet normal 0.9935718556765871 0.11320321376791051 0
    outer loop
      vertex -0.49776094768413665 -2.052264231633827 0.5
      vertex -0.49776094768413665 -2.052264231633827 1.5
      vertex -0.496773075820661 -2.0609346717025736 0.5
    endloop
  endfacet
  facet normal 0.9935718556765871 0.11320321376791051 0
    outer loop
      vertex -0.49776094768413665 -2.052264231633827 1.5
      vertex -0.496773075820661 -2.0609346717025736 1.5
      vertex -0.496773075820661 -2.0609346717025736 0.5
    endloop
  endfacet
  facet normal 0.9935718556765871 -0.11320321376791051 0
    outer loop
      vertex -0.49776094768413665 2.052264231633827 0.5
      vertex -0.496773075820661 2.0609346717025736 0.5
      vertex -0.496773075820661 2.0609346717025736 1.5
    endloop
  endfacet
  facet normal 0.9935718556765871 -0.11320321376791051 0
    outer loop
      vertex -0.49776094768413665 2.052264231633827 0.5
      vertex -0.496773075820661 2.0609346717025736 1.5
      vertex -0.49776094768413665 2.052264231633827 1.5
    endloop
  endfacet
  facet normal 0.9914448613738116 0.13052619222004264 0
    outer loop
      vertex -0.496773075820661 -2.0609346717025736 0.5
      vertex -0.496773075820661 -2.0609346717025736 1.5
      vertex -0.4956340343707852 -2.069586550480033 0.5
    endloop
  endfacet
  facet normal 0.9914448613738116 0.13052619222004264 0
    outer loop
      vertex -0.496773075820661 -2.0609346717025736 1.5
      vertex -0.4956340343707852 -2.069586550480033 1.5
      vertex -0.4956340343707852 -2.069586550480033 0.5
    endloop
  endfacet
  facet normal 0.9914448613738116 -0.13052619222004264 0
    outer loop
      vertex -0.496773075820661 2.0609346717025736 0.5
      vertex -0.4956340343707852 2.069586550480033 0.5
      vertex -0.4956340343707852 2.069586550480033 1.5
    endloop
  endfacet
  facet normal 0.9914448613738116 -0.13052619222004264 0
    outer loop
      vertex -0.496773075820661 2.0609346717025736 0.5
      vertex -0.4956340343707852 2.069586550480033 1.5
      vertex -0.496773075820661 2.0609346717025736 1.5
    endloop
  endfacet
  facet normal 0.9890158633619169 0.14780941112960977 0
    outer loop
      vertex -0.4956340343707852 -2.069586550480033 0.5
      vertex -0.4956340343707852 -2.069586550480033 1.5
      vertex -0.4943441702975689 -2.0782172325201156 0.5
    endloop
  endfacet
  facet normal 0.9890158633619169 0.14780941112960977 0
    outer loop
      vertex -0.4956340343707852 -2.069586550480033 1.5
      vertex -0.4943441702975689 -2.0782172325201156 1.5
      vertex -0.4943441702975689 -2.0782172325201156 0.5
    endloop
  endfacet
  facet normal 0.9890158633619169 -0.14780941112960977 0
    outer loop
      vertex -0.4956340343707852 2.069586550480033 0.5
      vertex -0.4943441702975689 2.0782172325201156 0.5
      vertex -0.4943441702975689 2.0782172325201156 1.5
    endloop
  endfacet
  facet normal 0.9890158633619169 -0.14780941112960977 0
    outer loop
      vertex -0.4956340343707852 2.069586550480033 0.5
      vertex -0.4943441702975689 2.0782172325201156 1.5
      vertex -0.4956340343707852 2.069586550480033 1.5
    endloop
  endfacet
  facet normal 0.9862856015372296 0.16504760586068762 0
    outer loop
      vertex -0.4943441702975689 -2.0782172325201156 0.5
      vertex -0.4943441702975689 -2.0782172325201156 1.5
      vertex -0.492903876506104 -2.086824088833465 0.5
    endloop
  endfacet
  facet normal 0.9862856015372296 0.16504760586068762 0
    outer loop
      vertex -0.4943441702975689 -2.0782172325201156 1.5
      vertex -0.492903876506104 -2.086824088833465 1.5
      vertex -0.492903876506104 -2.086824088833465 0.5
    endloop
  endfacet
  facet normal 0.9862856015372296 -0.16504760586068762 0
    outer loop
      vertex -0.4943441702975689 2.0782172325201156 0.5
      vertex -0.492903876506104 2.086824088833465 0.5
      vertex -0.492903876506104 2.086824088833465 1.5
    endloop
  endfacet
  facet normal 0.9862856015372296 -0.16504760586068762 0
    outer loop
      vertex -0.4943441702975689 2.0782172325201156 0.5
      vertex -0.492903876506104 2.086824088833465 1.5
      vertex -0.4943441702975689 2.0782172325201156 1.5
    endloop
  endfacet
  facet normal 0.9832549075639551 0.1822355254921457 0
    outer loop
      vertex -0.492903876506104 -2.086824088833465 0.5
      vertex -0.492903876506104 -2.086824088833465 1.5
      vertex -0.491313591723832 -2.095404497688272 0.5
    endloop
  endfacet
  facet normal 0.9832549075639551 0.1822355254921457 0
    outer loop
      vertex -0.492903876506104 -2.086824088833465 1.5
      vertex -0.491313591723832 -2.095404497688272 1.5
      vertex -0.491313591723832 -2.095404497688272 0.5
    endloop
  endfacet
  facet normal 0.9832549075639551 -0.1822355254921457 0
    outer loop
      vertex -0.492903876506104 2.086824088833465 0.5
      vertex -0.491313591723832 2.095404497688272 0.5
      vertex -0.491313591723832 2.095404497688272 1.5
    endloop
  endfacet
  facet normal 0.9832549075639551 -0.1822355254921457 0
    outer loop
      vertex -0.492903876506104 2.086824088833465 0.5
      vertex -0.491313591723832 2.095404497688272 1.5
      vertex -0.492903876506104 2.086824088833465 1.5
    endloop
  endfacet
  facet normal 0.9799247046208316 0.1993679344171877 0
    outer loop
      vertex -0.491313591723832 -2.095404497688272 0.5
      vertex -0.491313591723832 -2.095404497688272 1.5
      vertex -0.48957380036690284 -2.10395584540888 0.5
    endloop
  endfacet
  facet normal 0.9799247046208316 0.1993679344171877 0
    outer loop
      vertex -0.491313591723832 -2.095404497688272 1.5
      vertex -0.48957380036690284 -2.10395584540888 1.5
      vertex -0.48957380036690284 -2.10395584540888 0.5
    endloop
  endfacet
  facet normal 0.9799247046208316 -0.1993679344171877 0
    outer loop
      vertex -0.491313591723832 2.095404497688272 0.5
      vertex -0.48957380036690284 2.10395584540888 0.5
      vertex -0.48957380036690284 2.10395584540888 1.5
    endloop
  endfacet
  facet normal 0.9799247046208316 -0.1993679344171877 0
    outer loop
      vertex -0.491313591723832 2.095404497688272 0.5
      vertex -0.48957380036690284 2.10395584540888 1.5
      vertex -0.491313591723832 2.095404497688272 1.5
    endloop
  endfacet
  facet normal 0.976296007119933 0.21643961393810437 0
    outer loop
      vertex -0.48957380036690284 -2.10395584540888 0.5
      vertex -0.48957380036690284 -2.10395584540888 1.5
      vertex -0.4876850323926176 -2.1124755271719327 0.5
    endloop
  endfacet
  facet normal 0.976296007119933 0.21643961393810437 0
    outer loop
      vertex -0.48957380036690284 -2.10395584540888 1.5
      vertex -0.4876850323926176 -2.1124755271719327 1.5
      vertex -0.4876850323926176 -2.1124755271719327 0.5
    endloop
  endfacet
  facet normal 0.976296007119933 -0.21643961393810437 0
    outer loop
      vertex -0.48957380036690284 2.10395584540888 0.5
      vertex -0.4876850323926176 2.1124755271719327 0.5
      vertex -0.4876850323926176 2.1124755271719327 1.5
    endloop
  endfacet
  facet normal 0.976296007119933 -0.21643961393810437 0
    outer loop
      vertex -0.48957380036690284 2.10395584540888 0.5
      vertex -0.4876850323926176 2.1124755271719327 1.5
      vertex -0.48957380036690284 2.10395584540888 1.5
    endloop
  endfacet
  facet normal 0.9723699203976757 0.23344536385590917 0
    outer loop
      vertex -0.4876850323926176 -2.1124755271719327 0.5
      vertex -0.4876850323926176 -2.1124755271719327 1.5
      vertex -0.48564786313799824 -2.120960947799834 0.5
    endloop
  endfacet
  facet normal 0.9723699203976757 0.23344536385590917 0
    outer loop
      vertex -0.4876850323926176 -2.1124755271719327 1.5
      vertex -0.48564786313799824 -2.120960947799834 1.5
      vertex -0.48564786313799824 -2.120960947799834 0.5
    endloop
  endfacet
  facet normal 0.9723699203976757 -0.23344536385590917 0
    outer loop
      vertex -0.4876850323926176 2.1124755271719327 0.5
      vertex -0.48564786313799824 2.120960947799834 0.5
      vertex -0.48564786313799824 2.120960947799834 1.5
    endloop
  endfacet
  facet normal 0.9723699203976757 -0.23344536385590917 0
    outer loop
      vertex -0.4876850323926176 2.1124755271719327 0.5
      vertex -0.48564786313799824 2.120960947799834 1.5
      vertex -0.4876850323926176 2.1124755271719327 1.5
    endloop
  endfacet
  facet normal 0.9681476403781076 0.25038000405444166 0
    outer loop
      vertex -0.48564786313799824 -2.120960947799834 0.5
      vertex -0.48564786313799824 -2.120960947799834 1.5
      vertex -0.48346291314453416 -2.1294095225512604 0.5
    endloop
  endfacet
  facet normal 0.9681476403781076 0.25038000405444166 0
    outer loop
      vertex -0.48564786313799824 -2.120960947799834 1.5
      vertex -0.48346291314453416 -2.1294095225512604 1.5
      vertex -0.48346291314453416 -2.1294095225512604 0.5
    endloop
  endfacet
  facet normal 0.9681476403781076 -0.25038000405444166 0
    outer loop
      vertex -0.48564786313799824 2.120960947799834 0.5
      vertex -0.48346291314453416 2.1294095225512604 0.5
      vertex -0.48346291314453416 2.1294095225512604 1.5
    endloop
  endfacet
  facet normal 0.9681476403781076 -0.25038000405444166 0
    outer loop
      vertex -0.48564786313799824 2.120960947799834 0.5
      vertex -0.48346291314453416 2.1294095225512604 1.5
      vertex -0.48564786313799824 2.120960947799834 1.5
    endloop
  endfacet
  facet normal 0.9636304532086246 0.26723837607825074 0
    outer loop
      vertex -0.48346291314453416 -2.1294095225512604 0.5
      vertex -0.48346291314453416 -2.1294095225512604 1.5
      vertex -0.48113084796915945 -2.1378186779084998 0.5
    endloop
  endfacet
  facet normal 0.9636304532086246 0.26723837607825074 0
    outer loop
      vertex -0.48346291314453416 -2.1294095225512604 1.5
      vertex -0.48113084796915945 -2.1378186779084998 1.5
      vertex -0.48113084796915945 -2.1378186779084998 0.5
    endloop
  endfacet
  facet normal 0.9636304532086246 -0.26723837607825074 0
    outer loop
      vertex -0.48346291314453416 2.1294095225512604 0.5
      vertex -0.48113084796915945 2.1378186779084998 0.5
      vertex -0.48113084796915945 2.1378186779084998 1.5
    endloop
  endfacet
  facet normal 0.9636304532086246 -0.26723837607825074 0
    outer loop
      vertex -0.48346291314453416 2.1294095225512604 0.5
      vertex -0.48113084796915945 2.1378186779084998 1.5
      vertex -0.48346291314453416 2.1294095225512604 1.5
    endloop
  endfacet
  facet normal 0.9588197348681883 0.28401534470393874 0
    outer loop
      vertex -0.48113084796915945 -2.1378186779084998 0.5
      vertex -0.48113084796915945 -2.1378186779084998 1.5
      vertex -0.4786523779815177 -2.146185852361368 0.5
    endloop
  endfacet
  facet normal 0.9588197348681883 0.28401534470393874 0
    outer loop
      vertex -0.48113084796915945 -2.1378186779084998 1.5
      vertex -0.4786523779815177 -2.146185852361368 1.5
      vertex -0.4786523779815177 -2.146185852361368 0.5
    endloop
  endfacet
  facet normal 0.9588197348681883 -0.28401534470393874 0
    outer loop
      vertex -0.48113084796915945 2.1378186779084998 0.5
      vertex -0.4786523779815177 2.146185852361368 0.5
      vertex -0.4786523779815177 2.146185852361368 1.5
    endloop
  endfacet
  facet normal 0.9588197348681883 -0.28401534470393874 0
    outer loop
      vertex -0.48113084796915945 2.1378186779084998 0.5
      vertex -0.4786523779815177 2.146185852361368 1.5
      vertex -0.48113084796915945 2.1378186779084998 1.5
    endloop
  endfacet
  facet normal 0.9537169507482293 0.3007057995042658 0
    outer loop
      vertex -0.4786523779815177 -2.146185852361368 0.5
      vertex -0.4786523779815177 -2.146185852361368 1.5
      vertex -0.47602825814757677 -2.1545084971874737 0.5
    endloop
  endfacet
  facet normal 0.9537169507482293 0.3007057995042658 0
    outer loop
      vertex -0.4786523779815177 -2.146185852361368 1.5
      vertex -0.47602825814757677 -2.1545084971874737 1.5
      vertex -0.47602825814757677 -2.1545084971874737 0.5
    endloop
  endfacet
  facet normal 0.9537169507482293 -0.3007057995042658 0
    outer loop
      vertex -0.4786523779815177 2.146185852361368 0.5
      vertex -0.47602825814757677 2.1545084971874737 0.5
      vertex -0.47602825814757677 2.1545084971874737 1.5
    endloop
  endfacet
  facet normal 0.9537169507482293 -0.3007057995042658 0
    outer loop
      vertex -0.4786523779815177 2.146185852361368 0.5
      vertex -0.47602825814757677 2.1545084971874737 1.5
      vertex -0.4786523779815177 2.146185852361368 1.5
    endloop
  endfacet
  facet normal 0.948323655206202 0.31730465640508426 0
    outer loop
      vertex -0.47602825814757677 -2.1545084971874737 0.5
      vertex -0.47602825814757677 -2.1545084971874737 1.5
      vertex -0.4732592877996584 -2.1627840772285785 0.5
    endloop
  endfacet
  facet normal 0.948323655206202 0.31730465640508426 0
    outer loop
      vertex -0.47602825814757677 -2.1545084971874737 1.5
      vertex -0.4732592877996584 -2.1627840772285785 1.5
      vertex -0.4732592877996584 -2.1627840772285785 0.5
    endloop
  endfacet
  facet normal 0.948323655206202 -0.31730465640508426 0
    outer loop
      vertex -0.47602825814757677 2.1545084971874737 0.5
      vertex -0.4732592877996584 2.1627840772285785 0.5
      vertex -0.4732592877996584 2.1627840772285785 1.5
    endloop
  endfacet
  facet normal 0.948323655206202 -0.31730465640508426 0
    outer loop
      vertex -0.47602825814757677 2.1545084971874737 0.5
      vertex -0.4732592877996584 2.1627840772285785 1.5
      vertex -0.47602825814757677 2.1545084971874737 1.5
    endloop
  endfacet
  facet normal 0.942641491092175 0.33380685923378045 0
    outer loop
      vertex -0.4732592877996584 -2.1627840772285785 0.5
      vertex -0.4732592877996584 -2.1627840772285785 1.5
      vertex -0.4703463103929542 -2.171010071662834 0.5
    endloop
  endfacet
  facet normal 0.942641491092175 0.33380685923378045 0
    outer loop
      vertex -0.4732592877996584 -2.1627840772285785 1.5
      vertex -0.4703463103929542 -2.171010071662834 1.5
      vertex -0.4703463103929542 -2.171010071662834 0.5
    endloop
  endfacet
  facet normal 0.942641491092175 -0.33380685923378045 0
    outer loop
      vertex -0.4732592877996584 2.1627840772285785 0.5
      vertex -0.4703463103929542 2.171010071662834 0.5
      vertex -0.4703463103929542 2.171010071662834 1.5
    endloop
  endfacet
  facet normal 0.942641491092175 -0.33380685923378045 0
    outer loop
      vertex -0.4732592877996584 2.1627840772285785 0.5
      vertex -0.4703463103929542 2.171010071662834 1.5
      vertex -0.4732592877996584 2.1627840772285785 1.5
    endloop
  endfacet
  facet normal 0.9366721892484003 0.3502073812594603 0
    outer loop
      vertex -0.4703463103929542 -2.171010071662834 0.5
      vertex -0.4703463103929542 -2.171010071662834 1.5
      vertex -0.46729021324860087 -2.1791839747726502 0.5
    endloop
  endfacet
  facet normal 0.9366721892484003 0.3502073812594603 0
    outer loop
      vertex -0.4703463103929542 -2.171010071662834 1.5
      vertex -0.46729021324860087 -2.1791839747726502 1.5
      vertex -0.46729021324860087 -2.1791839747726502 0.5
    endloop
  endfacet
  facet normal 0.9366721892484003 -0.3502073812594603 0
    outer loop
      vertex -0.4703463103929542 2.171010071662834 0.5
      vertex -0.46729021324860087 2.1791839747726502 0.5
      vertex -0.46729021324860087 2.1791839747726502 1.5
    endloop
  endfacet
  facet normal 0.9366721892484003 -0.3502073812594603 0
    outer loop
      vertex -0.4703463103929542 2.171010071662834 0.5
      vertex -0.46729021324860087 2.1791839747726502 1.5
      vertex -0.4703463103929542 2.171010071662834 1.5
    endloop
  endfacet
  facet normal 0.9304175679820229 0.3665012267243016 0
    outer loop
      vertex -0.46729021324860087 -2.1791839747726502 0.5
      vertex -0.46729021324860087 -2.1791839747726502 1.5
      vertex -0.4640919272833937 -2.187303296707956 0.5
    endloop
  endfacet
  facet normal 0.9304175679820229 0.3665012267243016 0
    outer loop
      vertex -0.46729021324860087 -2.1791839747726502 1.5
      vertex -0.4640919272833937 -2.187303296707956 1.5
      vertex -0.4640919272833937 -2.187303296707956 0.5
    endloop
  endfacet
  facet normal 0.9304175679820229 -0.3665012267243016 0
    outer loop
      vertex -0.46729021324860087 2.1791839747726502 0.5
      vertex -0.4640919272833937 2.187303296707956 0.5
      vertex -0.4640919272833937 2.187303296707956 1.5
    endloop
  endfacet
  facet normal 0.9304175679820229 -0.3665012267243016 0
    outer loop
      vertex -0.46729021324860087 2.1791839747726502 0.5
      vertex -0.4640919272833937 2.187303296707956 1.5
      vertex -0.46729021324860087 2.1791839747726502 1.5
    endloop
  endfacet
  facet normal 0.9238795325112904 0.3826834323650811 0
    outer loop
      vertex -0.4640919272833937 -2.187303296707956 0.5
      vertex -0.4640919272833937 -2.187303296707956 1.5
      vertex -0.4607524267262202 -2.195365564244637 0.5
    endloop
  endfacet
  facet normal 0.9238795325112904 0.3826834323650811 0
    outer loop
      vertex -0.4640919272833937 -2.187303296707956 1.5
      vertex -0.4607524267262202 -2.195365564244637 1.5
      vertex -0.4607524267262202 -2.195365564244637 0.5
    endloop
  endfacet
  facet normal 0.9238795325112904 -0.3826834323650811 0
    outer loop
      vertex -0.4640919272833937 2.187303296707956 0.5
      vertex -0.4607524267262202 2.195365564244637 0.5
      vertex -0.4607524267262202 2.195365564244637 1.5
    endloop
  endfacet
  facet normal 0.9238795325112904 -0.3826834323650811 0
    outer loop
      vertex -0.4640919272833937 2.187303296707956 0.5
      vertex -0.4607524267262202 2.195365564244637 1.5
      vertex -0.4640919272833937 2.187303296707956 1.5
    endloop
  endfacet
  facet normal 0.9170600743851193 0.3987490689252572 0
    outer loop
      vertex -0.4607524267262202 -2.195365564244637 0.5
      vertex -0.4607524267262202 -2.195365564244637 1.5
      vertex -0.45727272882130043 -2.2033683215379 0.5
    endloop
  endfacet
  facet normal 0.9170600743851193 0.3987490689252572 0
    outer loop
      vertex -0.4607524267262202 -2.195365564244637 1.5
      vertex -0.45727272882130043 -2.2033683215379 1.5
      vertex -0.45727272882130043 -2.2033683215379 0.5
    endloop
  endfacet
  facet normal 0.9170600743851193 -0.3987490689252572 0
    outer loop
      vertex -0.4607524267262202 2.195365564244637 0.5
      vertex -0.45727272882130043 2.2033683215379 0.5
      vertex -0.45727272882130043 2.2033683215379 1.5
    endloop
  endfacet
  facet normal 0.9170600743851193 -0.3987490689252572 0
    outer loop
      vertex -0.4607524267262202 2.195365564244637 0.5
      vertex -0.45727272882130043 2.2033683215379 1.5
      vertex -0.4607524267262202 2.195365564244637 1.5
    endloop
  endfacet
  facet normal 0.9099612708765422 0.41469324265624125 0
    outer loop
      vertex -0.45727272882130043 -2.2033683215379 0.5
      vertex -0.45727272882130043 -2.2033683215379 1.5
      vertex -0.45365389351832497 -2.2113091308703496 0.5
    endloop
  endfacet
  facet normal 0.9099612708765422 0.41469324265624125 0
    outer loop
      vertex -0.45727272882130043 -2.2033683215379 1.5
      vertex -0.45365389351832497 -2.2113091308703496 1.5
      vertex -0.45365389351832497 -2.2113091308703496 0.5
    endloop
  endfacet
  facet normal 0.9099612708765422 -0.41469324265624125 0
    outer loop
      vertex -0.45727272882130043 2.2033683215379 0.5
      vertex -0.45365389351832497 2.2113091308703496 0.5
      vertex -0.45365389351832497 2.2113091308703496 1.5
    endloop
  endfacet
  facet normal 0.9099612708765422 -0.41469324265624125 0
    outer loop
      vertex -0.45727272882130043 2.2033683215379 0.5
      vertex -0.45365389351832497 2.2113091308703496 1.5
      vertex -0.45727272882130043 2.2033683215379 1.5
    endloop
  endfacet
  facet normal 0.9025852843498591 0.4305110968082984 0
    outer loop
      vertex -0.45365389351832497 -2.2113091308703496 0.5
      vertex -0.45365389351832497 -2.2113091308703496 1.5
      vertex -0.4498970231495835 -2.2191855733945385 0.5
    endloop
  endfacet
  facet normal 0.9025852843498591 0.4305110968082984 0
    outer loop
      vertex -0.45365389351832497 -2.2113091308703496 1.5
      vertex -0.4498970231495835 -2.2191855733945385 1.5
      vertex -0.4498970231495835 -2.2191855733945385 0.5
    endloop
  endfacet
  facet normal 0 0 1
    outer loop
      vertex -0.45365389351832497 -2.2113091308703496 1.5
      vertex 5 -14 1.5
      vertex -0.4498970231495835 -2.2191855733945385 1.5
    endloop
  endfacet
  facet normal 0.9025852843498591 -0.4305110968082984 0
    outer loop
      vertex -0.45365389351832497 2.2113091308703496 0.5
      vertex -0.4498970231495835 2.2191855733945385 0.5
      vertex -0.4498970231495835 2.2191855733945385 1.5
    endloop
  endfacet
  facet normal 0.9025852843498591 -0.4305110968082984 0
    outer loop
      vertex -0.45365389351832497 2.2113091308703496 0.5
      vertex -0.4498970231495835 2.2191855733945385 1.5
      vertex -0.45365389351832497 2.2113091308703496 1.5
    endloop
  endfacet
  facet normal 0.8949343616020297 0.4461978131097997 0
    outer loop
      vertex -0.4498970231495835 -2.2191855733945385 0.5
      vertex -0.4498970231495835 -2.2191855733945385 1.5
      vertex -0.44600326209418395 -2.2269952498697734 0.5
    endloop
  endfacet
  facet normal 0.8949343616020297 0.4461978131097997 0
    outer loop
      vertex -0.4498970231495835 -2.2191855733945385 1.5
      vertex -0.44600326209418395 -2.2269952498697734 1.5
      vertex -0.44600326209418395 -2.2269952498697734 0.5
    endloop
  endfacet
  facet normal 0 0 1
    outer loop
      vertex -0.4498970231495835 -2.2191855733945385 1.5
      vertex 5 -14 1.5
      vertex -0.44600326209418395 -2.2269952498697734 1.5
    endloop
  endfacet
  facet normal 0.8949343616020297 -0.4461978131097997 0
    outer loop
      vertex -0.4498970231495835 2.2191855733945385 0.5
      vertex -0.44600326209418395 2.2269952498697734 0.5
      vertex -0.44600326209418395 2.2269952498697734 1.5
    endloop
  endfacet
  facet normal 0.8949343616020297 -0.4461978131097997 0
    outer loop
      vertex -0.4498970231495835 2.2191855733945385 0.5
      vertex -0.44600326209418395 2.2269952498697734 1.5
      vertex -0.4498970231495835 2.2191855733945385 1.5
    endloop
  endfacet
  facet normal 0.8870108331782275 0.46174861323502264 0
    outer loop
      vertex -0.44600326209418395 -2.2269952498697734 0.5
      vertex -0.44600326209418395 -2.2269952498697734 1.5
      vertex -0.4419737964294635 -2.2347357813929456 0.5
    endloop
  endfacet
  facet normal 0.8870108331782275 0.46174861323502264 0
    outer loop
      vertex -0.44600326209418395 -2.2269952498697734 1.5
      vertex -0.4419737964294635 -2.2347357813929456 1.5
      vertex -0.4419737964294635 -2.2347357813929456 0.5
    endloop
  endfacet
  facet normal 0 0 1
    outer loop
      vertex -0.44600326209418395 -2.2269952498697734 1.5
      vertex 5 -14 1.5
      vertex -0.4419737964294635 -2.2347357813929456 1.5
    endloop
  endfacet
  facet normal 0.8870108331782275 -0.46174861323502264 0
    outer loop
      vertex -0.44600326209418395 2.2269952498697734 0.5
      vertex -0.4419737964294635 2.2347357813929456 0.5
      vertex -0.4419737964294635 2.2347357813929456 1.5
    endloop
  endfacet
  facet normal 0.8870108331782275 -0.46174861323502264 0
    outer loop
      vertex -0.44600326209418395 2.2269952498697734 0.5
      vertex -0.4419737964294635 2.2347357813929456 1.5
      vertex -0.44600326209418395 2.2269952498697734 1.5
    endloop
  endfacet
  facet normal 0.8788171126619599 0.47715876025961845 0
    outer loop
      vertex -0.4419737964294635 -2.2347357813929456 0.5
      vertex -0.4419737964294635 -2.2347357813929456 1.5
      vertex -0.43780985356969787 -2.2424048101231686 0.5
    endloop
  endfacet
  facet normal 0.8788171126619599 0.47715876025961845 0
    outer loop
      vertex -0.4419737964294635 -2.2347357813929456 1.5
      vertex -0.43780985356969787 -2.2424048101231686 1.5
      vertex -0.43780985356969787 -2.2424048101231686 0.5
    endloop
  endfacet
  facet normal 0 0 1
    outer loop
      vertex -0.4419737964294635 -2.2347357813929456 1.5
      vertex 5 -14 1.5
      vertex -0.43780985356969787 -2.2424048101231686 1.5
    endloop
  endfacet
  facet normal 0.8788171126619599 -0.47715876025961845 0
    outer loop
      vertex -0.4419737964294635 2.2347357813929456 0.5
      vertex -0.43780985356969787 2.2424048101231686 0.5
      vertex -0.43780985356969787 2.2424048101231686 1.5
    endloop
  endfacet
  facet normal 0.8788171126619599 -0.47715876025961845 0
    outer loop
      vertex -0.4419737964294635 2.2347357813929456 0.5
      vertex -0.43780985356969787 2.2424048101231686 1.5
      vertex -0.4419737964294635 2.2347357813929456 1.5
    endloop
  endfacet
  facet normal 0.8703556959398971 0.4924235601034715 0
    outer loop
      vertex -0.43780985356969787 -2.2424048101231686 0.5
      vertex -0.43780985356969787 -2.2424048101231686 1.5
      vertex -0.4335127018922193 -2.25 0.5
    endloop
  endfacet
  facet normal 0.8703556959398971 0.4924235601034715 0
    outer loop
      vertex -0.43780985356969787 -2.2424048101231686 1.5
      vertex -0.4335127018922193 -2.25 1.5
      vertex -0.4335127018922193 -2.25 0.5
    endloop
  endfacet
  facet normal 0 0 1
    outer loop
      vertex -0.43780985356969787 -2.2424048101231686 1.5
      vertex 5 -14 1.5
      vertex -0.4335127018922193 -2.25 1.5
    endloop
  endfacet
  facet normal 0.8703556959398971 -0.4924235601034715 0
    outer loop
      vertex -0.43780985356969787 2.2424048101231686 0.5
      vertex -0.4335127018922193 2.25 0.5
      vertex -0.4335127018922193 2.25 1.5
    endloop
  endfacet
  facet normal 0.8703556959398971 -0.4924235601034715 0
    outer loop
      vertex -0.43780985356969787 2.2424048101231686 0.5
      vertex -0.4335127018922193 2.25 1.5
      vertex -0.43780985356969787 2.2424048101231686 1.5
    endloop
  endfacet
  facet normal 0.8616291604415224 0.5075383629607098 0
    outer loop
      vertex -0.4335127018922193 -2.25 0.5
      vertex -0.4335127018922193 -2.25 1.5
      vertex -0.42908365035105617 -2.257519037455027 0.5
    endloop
  endfacet
  facet normal 0.8616291604415224 0.5075383629607098 0
    outer loop
      vertex -0.4335127018922193 -2.25 1.5
      vertex -0.42908365035105617 -2.257519037455027 1.5
      vertex -0.42908365035105617 -2.257519037455027 0.5
    endloop
  endfacet
  facet normal 0 0 1
    outer loop
      vertex -0.4335127018922193 -2.25 1.5
      vertex 5 -14 1.5
      vertex -0.42908365035105617 -2.257519037455027 1.5
    endloop
  endfacet
  facet normal 0.8616291604415224 -0.5075383629607098 0
    outer loop
      vertex -0.4335127018922193 2.25 0.5
      vertex -0.42908365035105617 2.257519037455027 0.5
      vertex -0.42908365035105617 2.257519037455027 1.5
    endloop
  endfacet
  facet normal 0.8616291604415224 -0.5075383629607098 0
    outer loop
      vertex -0.4335127018922193 2.25 0.5
      vertex -0.42908365035105617 2.257519037455027 1.5
      vertex -0.4335127018922193 2.25 1.5
    endloop
  endfacet
  facet normal 0.8526401643540924 0.5224985647159485 0
    outer loop
      vertex -0.42908365035105617 -2.257519037455027 0.5
      vertex -0.42908365035105617 -2.257519037455027 1.5
      vertex -0.424524048078213 -2.2649596321166023 0.5
    endloop
  endfacet
  facet normal 0.8526401643540924 0.5224985647159485 0
    outer loop
      vertex -0.42908365035105617 -2.257519037455027 1.5
      vertex -0.424524048078213 -2.2649596321166023 1.5
      vertex -0.424524048078213 -2.2649596321166023 0.5
    endloop
  endfacet
  facet normal 0 0 1
    outer loop
      vertex -0.42908365035105617 -2.257519037455027 1.5
      vertex 5 -14 1.5
      vertex -0.424524048078213 -2.2649596321166023 1.5
    endloop
  endfacet
  facet normal 0.8526401643540924 -0.5224985647159485 0
    outer loop
      vertex -0.42908365035105617 2.257519037455027 0.5
      vertex -0.424524048078213 2.2649596321166023 0.5
      vertex -0.424524048078213 2.2649596321166023 1.5
    endloop
  endfacet
  facet normal 0.8526401643540924 -0.5224985647159485 0
    outer loop
      vertex -0.42908365035105617 2.257519037455027 0.5
      vertex -0.424524048078213 2.2649596321166023 1.5
      vertex -0.42908365035105617 2.257519037455027 1.5
    endloop
  endfacet
  facet normal 0.8433914458128967 0.5372996083468066 0
    outer loop
      vertex -0.424524048078213 -2.2649596321166023 0.5
      vertex -0.424524048078213 -2.2649596321166023 1.5
      vertex -0.419835283972712 -2.2723195175075137 0.5
    endloop
  endfacet
  facet normal 0.8433914458128967 0.5372996083468066 0
    outer loop
      vertex -0.424524048078213 -2.2649596321166023 1.5
      vertex -0.419835283972712 -2.2723195175075137 1.5
      vertex -0.419835283972712 -2.2723195175075137 0.5
    endloop
  endfacet
  facet normal 0 0 1
    outer loop
      vertex -0.424524048078213 -2.2649596321166023 1.5
      vertex 5 -14 1.5
      vertex -0.419835283972712 -2.2723195175075137 1.5
    endloop
  endfacet
  facet normal 0.8433914458128967 -0.5372996083468066 0
    outer loop
      vertex -0.424524048078213 2.2649596321166023 0.5
      vertex -0.419835283972712 2.2723195175075137 0.5
      vertex -0.419835283972712 2.2723195175075137 1.5
    endloop
  endfacet
  facet normal 0.8433914458128967 -0.5372996083468066 0
    outer loop
      vertex -0.424524048078213 2.2649596321166023 0.5
      vertex -0.419835283972712 2.2723195175075137 1.5
      vertex -0.424524048078213 2.2649596321166023 1.5
    endloop
  endfacet
  facet normal 0.8338858220671554 0.5519369853120774 0
    outer loop
      vertex -0.419835283972712 -2.2723195175075137 0.5
      vertex -0.419835283972712 -2.2723195175075137 1.5
      vertex -0.4150187862775208 -2.2795964517353733 0.5
    endloop
  endfacet
  facet normal 0.8338858220671554 0.5519369853120774 0
    outer loop
      vertex -0.419835283972712 -2.2723195175075137 1.5
      vertex -0.4150187862775208 -2.2795964517353733 1.5
      vertex -0.4150187862775208 -2.2795964517353733 0.5
    endloop
  endfacet
  facet normal 0 0 1
    outer loop
      vertex -0.419835283972712 -2.2723195175075137 1.5
      vertex 5 -14 1.5
      vertex -0.4150187862775208 -2.2795964517353733 1.5
    endloop
  endfacet
  facet normal 0.8338858220671554 -0.5519369853120774 0
    outer loop
      vertex -0.419835283972712 2.2723195175075137 0.5
      vertex -0.4150187862775208 2.2795964517353733 0.5
      vertex -0.4150187862775208 2.2795964517353733 1.5
    endloop
  endfacet
  facet normal 0.8338858220671554 -0.5519369853120774 0
    outer loop
      vertex -0.419835283972712 2.2723195175075137 0.5
      vertex -0.4150187862775208 2.2795964517353733 1.5
      vertex -0.419835283972712 2.2723195175075137 1.5
    endloop
  endfacet
  facet normal 0.8241261886220216 0.5664062369248242 0
    outer loop
      vertex -0.4150187862775208 -2.2795964517353733 0.5
      vertex -0.4150187862775208 -2.2795964517353733 1.5
      vertex -0.4100760221444959 -2.286788218175523 0.5
    endloop
  endfacet
  facet normal 0.8241261886220216 0.5664062369248242 0
    outer loop
      vertex -0.4150187862775208 -2.2795964517353733 1.5
      vertex -0.4100760221444959 -2.286788218175523 1.5
      vertex -0.4100760221444959 -2.286788218175523 0.5
    endloop
  endfacet
  facet normal 0 0 1
    outer loop
      vertex -0.4150187862775208 -2.2795964517353733 1.5
      vertex 5 -14 1.5
      vertex -0.4100760221444959 -2.286788218175523 1.5
    endloop
  endfacet
  facet normal 0.8241261886220216 -0.5664062369248242 0
    outer loop
      vertex -0.4150187862775208 2.2795964517353733 0.5
      vertex -0.4100760221444959 2.286788218175523 0.5
      vertex -0.4100760221444959 2.286788218175523 1.5
    endloop
  endfacet
  facet normal 0.8241261886220216 -0.5664062369248242 0
    outer loop
      vertex -0.4150187862775208 2.2795964517353733 0.5
      vertex -0.4100760221444959 2.286788218175523 1.5
      vertex -0.4150187862775208 2.2795964517353733 1.5
    endloop
  endfacet
  facet normal 0.8141155183563251 0.5807029557109316 0
    outer loop
      vertex -0.4100760221444959 -2.286788218175523 0.5
      vertex -0.4100760221444959 -2.286788218175523 1.5
      vertex -0.4050084971874737 -2.2938926261462367 0.5
    endloop
  endfacet
  facet normal 0 0 -1
    outer loop
      vertex -0.4100760221444959 -2.286788218175523 0.5
      vertex -0.4050084971874737 -2.2938926261462367 0.5
      vertex 4 -14 0.5
    endloop
  endfacet
  facet normal 0.8141155183563251 0.5807029557109316 0
    outer loop
      vertex -0.4100760221444959 -2.286788218175523 1.5
      vertex -0.4050084971874737 -2.2938926261462367 1.5
      vertex -0.4050084971874737 -2.2938926261462367 0.5
    endloop
  endfacet
  facet normal 0 0 1
    outer loop
      vertex -0.4100760221444959 -2.286788218175523 1.5
      vertex 5 -14 1.5
      vertex -0.4050084971874737 -2.2938926261462367 1.5
    endloop
  endfacet
  facet normal 0.8141155183563251 -0.5807029557109316 0
    outer loop
      vertex -0.4100760221444959 2.286788218175523 0.5
      vertex -0.4050084971874737 2.2938926261462367 0.5
      vertex -0.4050084971874737 2.2938926261462367 1.5
    endloop
  endfacet
  facet normal 0.8141155183563251 -0.5807029557109316 0
    outer loop
      vertex -0.4100760221444959 2.286788218175523 0.5
      vertex -0.4050084971874737 2.2938926261462367 1.5
      vertex -0.4100760221444959 2.286788218175523 1.5
    endloop
  endfacet
  facet normal 0.8038568606172157 0.5948227867513435 0
    outer loop
      vertex -0.4050084971874737 -2.2938926261462367 0.5
      vertex -0.4050084971874737 -2.2938926261462367 1.5
      vertex -0.3998177550236464 -2.3009075115760242 0.5
    endloop
  endfacet
  facet normal 0 0 -1
    outer loop
      vertex -0.4050084971874737 -2.2938926261462367 0.5
      vertex -0.3998177550236464 -2.3009075115760242 0.5
      vertex 4 -14 0.5
    endloop
  endfacet
  facet normal 0.8038568606172157 0.5948227867513435 0
    outer loop
      vertex -0.4050084971874737 -2.2938926261462367 1.5
      vertex -0.3998177550236464 -2.3009075115760242 1.5
      vertex -0.3998177550236464 -2.3009075115760242 0.5
    endloop
  endfacet
  facet normal 0 0 1
    outer loop
      vertex -0.4050084971874737 -2.2938926261462367 1.5
      vertex 5 -14 1.5
      vertex -0.3998177550236464 -2.3009075115760242 1.5
    endloop
  endfacet
  facet normal 0.8038568606172157 -0.5948227867513435 0
    outer loop
      vertex -0.4050084971874737 2.2938926261462367 0.5
      vertex -0.3998177550236464 2.3009075115760242 0.5
      vertex -0.3998177550236464 2.3009075115760242 1.5
    endloop
  endfacet
  facet normal 0.8038568606172157 -0.5948227867513435 0
    outer loop
      vertex -0.4050084971874737 2.2938926261462367 0.5
      vertex -0.3998177550236464 2.3009075115760242 1.5
      vertex -0.4050084971874737 2.2938926261462367 1.5
    endloop
  endfacet
  facet normal 0.7933533402912276 0.6087614290087305 0
    outer loop
      vertex -0.3998177550236464 -2.3009075115760242 0.5
      vertex -0.3998177550236464 -2.3009075115760242 1.5
      vertex -0.39450537680336095 -2.307830737662829 0.5
    endloop
  endfacet
  facet normal 0 0 -1
    outer loop
      vertex -0.3998177550236464 -2.3009075115760242 0.5
      vertex -0.39450537680336095 -2.307830737662829 0.5
      vertex 4 -14 0.5
    endloop
  endfacet
  facet normal 0.7933533402912276 0.6087614290087305 0
    outer loop
      vertex -0.3998177550236464 -2.3009075115760242 1.5
      vertex -0.39450537680336095 -2.307830737662829 1.5
      vertex -0.39450537680336095 -2.307830737662829 0.5
    endloop
  endfacet
  facet normal 0 0 1
    outer loop
      vertex -0.3998177550236464 -2.3009075115760242 1.5
      vertex 5 -14 1.5
      vertex -0.39450537680336095 -2.307830737662829 1.5
    endloop
  endfacet
  facet normal 0.7933533402912276 -0.6087614290087305 0
    outer loop
      vertex -0.3998177550236464 2.3009075115760242 0.5
      vertex -0.39450537680336095 2.307830737662829 0.5
      vertex -0.39450537680336095 2.307830737662829 1.5
    endloop
  endfacet
  facet normal 0.7933533402912276 -0.6087614290087305 0
    outer loop
      vertex -0.3998177550236464 2.3009075115760242 0.5
      vertex -0.39450537680336095 2.307830737662829 1.5
      vertex -0.3998177550236464 2.3009075115760242 1.5
    endloop
  endfacet
  facet normal 0.7826081568524242 0.6225146366376066 0
    outer loop
      vertex -0.39450537680336095 -2.307830737662829 0.5
      vertex -0.39450537680336095 -2.307830737662829 1.5
      vertex -0.38907298072848545 -2.314660195524919 0.5
    endloop
  endfacet
  facet normal 0 0 -1
    outer loop
      vertex -0.39450537680336095 -2.307830737662829 0.5
      vertex -0.38907298072848545 -2.314660195524919 0.5
      vertex 4 -14 0.5
    endloop
  endfacet
  facet normal 0.7826081568524242 0.6225146366376066 0
    outer loop
      vertex -0.39450537680336095 -2.307830737662829 1.5
      vertex -0.38907298072848545 -2.314660195524919 1.5
      vertex -0.38907298072848545 -2.314660195524919 0.5
    endloop
  endfacet
  facet normal 0 0 1
    outer loop
      vertex -0.39450537680336095 -2.307830737662829 1.5
      vertex 5 -14 1.5
      vertex -0.38907298072848545 -2.314660195524919 1.5
    endloop
  endfacet
  facet normal 0.7826081568524242 -0.6225146366376066 0
    outer loop
      vertex -0.39450537680336095 2.307830737662829 0.5
      vertex -0.38907298072848545 2.314660195524919 0.5
      vertex -0.38907298072848545 2.314660195524919 1.5
    endloop
  endfacet
  facet normal 0.7826081568524242 -0.6225146366376066 0
    outer loop
      vertex -0.39450537680336095 2.307830737662829 0.5
      vertex -0.38907298072848545 2.314660195524919 1.5
      vertex -0.39450537680336095 2.307830737662829 1.5
    endloop
  endfacet
  facet normal 0.771624583387721 0.6360782202777626 0
    outer loop
      vertex -0.38907298072848545 -2.314660195524919 0.5
      vertex -0.38907298072848545 -2.314660195524919 1.5
      vertex -0.383522221559489 -2.32139380484327 0.5
    endloop
  endfacet
  facet normal 0 0 -1
    outer loop
      vertex -0.38907298072848545 -2.314660195524919 0.5
      vertex -0.383522221559489 -2.32139380484327 0.5
      vertex 4 -14 0.5
    endloop
  endfacet
  facet normal 0.771624583387721 0.6360782202777626 0
    outer loop
      vertex -0.38907298072848545 -2.314660195524919 1.5
      vertex -0.383522221559489 -2.32139380484327 1.5
      vertex -0.383522221559489 -2.32139380484327 0.5
    endloop
  endfacet
  facet normal 0 0 1
    outer loop
      vertex -0.38907298072848545 -2.314660195524919 1.5
      vertex 5 -14 1.5
      vertex -0.383522221559489 -2.32139380484327 1.5
    endloop
  endfacet
  facet normal 0.771624583387721 -0.6360782202777626 0
    outer loop
      vertex -0.38907298072848545 2.314660195524919 0.5
      vertex -0.383522221559489 2.32139380484327 0.5
      vertex -0.383522221559489 2.32139380484327 1.5
    endloop
  endfacet
  facet normal 0.771624583387721 -0.6360782202777626 0
    outer loop
      vertex -0.38907298072848545 2.314660195524919 0.5
      vertex -0.383522221559489 2.32139380484327 1.5
      vertex -0.38907298072848545 2.314660195524919 1.5
    endloop
  endfacet
  facet normal 0.7604059656000121 0.6494480483302056 0
    outer loop
      vertex -0.383522221559489 -2.32139380484327 0.5
      vertex -0.383522221559489 -2.32139380484327 1.5
      vertex -0.377854790111386 -2.3280295144952534 0.5
    endloop
  endfacet
  facet normal 0 0 -1
    outer loop
      vertex -0.383522221559489 -2.32139380484327 0.5
      vertex -0.377854790111386 -2.3280295144952534 0.5
      vertex 4 -14 0.5
    endloop
  endfacet
  facet normal 0.7604059656000121 0.6494480483302056 0
    outer loop
      vertex -0.383522221559489 -2.32139380484327 1.5
      vertex -0.377854790111386 -2.3280295144952534 1.5
      vertex -0.377854790111386 -2.3280295144952534 0.5
    endloop
  endfacet
  facet normal 0 0 1
    outer loop
      vertex -0.383522221559489 -2.32139380484327 1.5
      vertex 5 -14 1.5
      vertex -0.377854790111386 -2.3280295144952534 1.5
    endloop
  endfacet
  facet normal 0.7604059656000121 -0.6494480483302056 0
    outer loop
      vertex -0.383522221559489 2.32139380484327 0.5
      vertex -0.377854790111386 2.3280295144952534 0.5
      vertex -0.377854790111386 2.3280295144952534 1.5
    endloop
  endfacet
  facet normal 0.7604059656000121 -0.6494480483302056 0
    outer loop
      vertex -0.383522221559489 2.32139380484327 0.5
      vertex -0.377854790111386 2.3280295144952534 1.5
      vertex -0.383522221559489 2.32139380484327 1.5
    endloop
  endfacet
  facet normal 0.748955720789014 0.6626200482157242 0
    outer loop
      vertex -0.377854790111386 -2.3280295144952534 0.5
      vertex -0.377854790111386 -2.3280295144952534 1.5
      vertex -0.3720724127386971 -2.334565303179429 0.5
    endloop
  endfacet
  facet normal 0 0 -1
    outer loop
      vertex -0.377854790111386 -2.3280295144952534 0.5
      vertex -0.3720724127386971 -2.334565303179429 0.5
      vertex 4 -14 0.5
    endloop
  endfacet
  facet normal 0.748955720789014 0.6626200482157242 0
    outer loop
      vertex -0.377854790111386 -2.3280295144952534 1.5
      vertex -0.3720724127386971 -2.334565303179429 1.5
      vertex -0.3720724127386971 -2.334565303179429 0.5
    endloop
  endfacet
  facet normal 0 0 1
    outer loop
      vertex -0.377854790111386 -2.3280295144952534 1.5
      vertex 5 -14 1.5
      vertex -0.3720724127386971 -2.334565303179429 1.5
    endloop
  endfacet
  facet normal 0.748955720789014 -0.6626200482157242 0
    outer loop
      vertex -0.377854790111386 2.3280295144952534 0.5
      vertex -0.3720724127386971 2.334565303179429 0.5
      vertex -0.3720724127386971 2.334565303179429 1.5
    endloop
  endfacet
  facet normal 0.748955720789014 -0.6626200482157242 0
    outer loop
      vertex -0.377854790111386 2.3280295144952534 0.5
      vertex -0.3720724127386971 2.334565303179429 1.5
      vertex -0.377854790111386 2.3280295144952534 1.5
    endloop
  endfacet
  facet normal 0.7372773368101131 0.6755902076156721 0
    outer loop
      vertex -0.3720724127386971 -2.334565303179429 0.5
      vertex -0.3720724127386971 -2.334565303179429 1.5
      vertex -0.36617685080958523 -2.340999180031249 0.5
    endloop
  endfacet
  facet normal 0 0 -1
    outer loop
      vertex -0.3720724127386971 -2.334565303179429 0.5
      vertex -0.36617685080958523 -2.340999180031249 0.5
      vertex 4 -14 0.5
    endloop
  endfacet
  facet normal 0.7372773368101131 0.6755902076156721 0
    outer loop
      vertex -0.3720724127386971 -2.334565303179429 1.5
      vertex -0.36617685080958523 -2.340999180031249 1.5
      vertex -0.36617685080958523 -2.340999180031249 0.5
    endloop
  endfacet
  facet normal 0 0 1
    outer loop
      vertex -0.3720724127386971 -2.334565303179429 1.5
      vertex 5 -14 1.5
      vertex -0.36617685080958523 -2.340999180031249 1.5
    endloop
  endfacet
  facet normal 0.7372773368101131 -0.6755902076156721 0
    outer loop
      vertex -0.3720724127386971 2.334565303179429 0.5
      vertex -0.36617685080958523 2.340999180031249 0.5
      vertex -0.36617685080958523 2.340999180031249 1.5
    endloop
  endfacet
  facet normal 0.7372773368101131 -0.6755902076156721 0
    outer loop
      vertex -0.3720724127386971 2.334565303179429 0.5
      vertex -0.36617685080958523 2.340999180031249 1.5
      vertex -0.3720724127386971 2.334565303179429 1.5
    endloop
  endfacet
  facet normal 0.7253743710122986 0.6883545756937424 0
    outer loop
      vertex -0.36617685080958523 -2.340999180031249 0.5
      vertex -0.36617685080958523 -2.340999180031249 1.5
      vertex -0.3601699001693256 -2.3473291852294986 0.5
    endloop
  endfacet
  facet normal 0 0 -1
    outer loop
      vertex -0.36617685080958523 -2.340999180031249 0.5
      vertex -0.3601699001693256 -2.3473291852294986 0.5
      vertex 4 -14 0.5
    endloop
  endfacet
  facet normal 0.7253743710122986 0.6883545756937424 0
    outer loop
      vertex -0.36617685080958523 -2.340999180031249 1.5
      vertex -0.3601699001693256 -2.3473291852294986 1.5
      vertex -0.3601699001693256 -2.3473291852294986 0.5
    endloop
  endfacet
  facet normal 0 0 1
    outer loop
      vertex -0.36617685080958523 -2.340999180031249 1.5
      vertex 5 -14 1.5
      vertex -0.3601699001693256 -2.3473291852294986 1.5
    endloop
  endfacet
  facet normal 0.7253743710122986 -0.6883545756937424 0
    outer loop
      vertex -0.36617685080958523 2.340999180031249 0.5
      vertex -0.3601699001693256 2.3473291852294986 0.5
      vertex -0.3601699001693256 2.3473291852294986 1.5
    endloop
  endfacet
  facet normal 0.7253743710122986 -0.6883545756937424 0
    outer loop
      vertex -0.36617685080958523 2.340999180031249 0.5
      vertex -0.3601699001693256 2.3473291852294986 1.5
      vertex -0.36617685080958523 2.340999180031249 1.5
    endloop
  endfacet
  facet normal 0.7132504491541931 0.7009092642998391 0
    outer loop
      vertex -0.3601699001693256 -2.3473291852294986 0.5
      vertex -0.3601699001693256 -2.3473291852294986 1.5
      vertex -0.3540533905932738 -2.353553390593274 0.5
    endloop
  endfacet
  facet normal 0 0 -1
    outer loop
      vertex -0.3601699001693256 -2.3473291852294986 0.5
      vertex -0.3540533905932738 -2.353553390593274 0.5
      vertex 4 -14 0.5
    endloop
  endfacet
  facet normal 0.7132504491541931 0.7009092642998391 0
    outer loop
      vertex -0.3601699001693256 -2.3473291852294986 1.5
      vertex -0.3540533905932738 -2.353553390593274 1.5
      vertex -0.3540533905932738 -2.353553390593274 0.5
    endloop
  endfacet
  facet normal 0 0 1
    outer loop
      vertex -0.3601699001693256 -2.3473291852294986 1.5
      vertex 5 -14 1.5
      vertex -0.3540533905932738 -2.353553390593274 1.5
    endloop
  endfacet
  facet normal 0.7132504491541931 -0.7009092642998391 0
    outer loop
      vertex -0.3601699001693256 2.3473291852294986 0.5
      vertex -0.3540533905932738 2.353553390593274 0.5
      vertex -0.3540533905932738 2.353553390593274 1.5
    endloop
  endfacet
  facet normal 0.7132504491541931 -0.7009092642998391 0
    outer loop
      vertex -0.3601699001693256 2.3473291852294986 0.5
      vertex -0.3540533905932738 2.353553390593274 1.5
      vertex -0.3601699001693256 2.3473291852294986 1.5
    endloop
  endfacet
  facet normal 0.7009092642998358 0.7132504491541964 0
    outer loop
      vertex -0.3540533905932738 -2.353553390593274 0.5
      vertex -0.3540533905932738 -2.353553390593274 1.5
      vertex -0.3478291852294986 -2.3596699001693255 0.5
    endloop
  endfacet
  facet normal 0 0 -1
    outer loop
      vertex -0.3540533905932738 -2.353553390593274 0.5
      vertex -0.3478291852294986 -2.3596699001693255 0.5
      vertex 4 -14 0.5
    endloop
  endfacet
  facet normal 0.7009092642998358 0.7132504491541964 0
    outer loop
      vertex -0.3540533905932738 -2.353553390593274 1.5
      vertex -0.3478291852294986 -2.3596699001693255 1.5
      vertex -0.3478291852294986 -2.3596699001693255 0.5
    endloop
  endfacet
  facet normal 0 0 1
    outer loop
      vertex -0.3540533905932738 -2.353553390593274 1.5
      vertex 5 -14 1.5
      vertex -0.3478291852294986 -2.3596699001693255 1.5
    endloop
  endfacet
  facet normal 0.7009092642998358 -0.7132504491541964 0
    outer loop
      vertex -0.3540533905932738 2.353553390593274 0.5
      vertex -0.3478291852294986 2.3596699001693255 0.5
      vertex -0.3478291852294986 2.3596699001693255 1.5
    endloop
  endfacet
  facet normal 0.7009092642998358 -0.7132504491541964 0
    outer loop
      vertex -0.3540533905932738 2.353553390593274 0.5
      vertex -0.3478291852294986 2.3596699001693255 1.5
      vertex -0.3540533905932738 2.353553390593274 1.5
    endloop
  endfacet
  facet normal 0.6883545756937485 0.7253743710122926 0
    outer loop
      vertex -0.3478291852294986 -2.3596699001693255 0.5
      vertex -0.3478291852294986 -2.3596699001693255 1.5
      vertex -0.34149918003124924 -2.365676850809585 0.5
    endloop
  endfacet
  facet normal 0 0 -1
    outer loop
      vertex -0.3478291852294986 -2.3596699001693255 0.5
      vertex -0.34149918003124924 -2.365676850809585 0.5
      vertex 4 -14 0.5
    endloop
  endfacet
  facet normal 0.6883545756937485 0.7253743710122926 0
    outer loop
      vertex -0.3478291852294986 -2.3596699001693255 1.5
      vertex -0.34149918003124924 -2.365676850809585 1.5
      vertex -0.34149918003124924 -2.365676850809585 0.5
    endloop
  endfacet
  facet normal 0 0 1
    outer loop
      vertex -0.3478291852294986 -2.3596699001693255 1.5
      vertex 5 -14 1.5
      vertex -0.34149918003124924 -2.365676850809585 1.5
    endloop
  endfacet
  facet normal 0.6883545756937485 -0.7253743710122926 0
    outer loop
      vertex -0.3478291852294986 2.3596699001693255 0.5
      vertex -0.34149918003124924 2.365676850809585 0.5
      vertex -0.34149918003124924 2.365676850809585 1.5
    endloop
  endfacet
  facet normal 0.6883545756937485 -0.7253743710122926 0
    outer loop
      vertex -0.3478291852294986 2.3596699001693255 0.5
      vertex -0.34149918003124924 2.365676850809585 1.5
      vertex -0.3478291852294986 2.3596699001693255 1.5
    endloop
  endfacet
  facet normal 0.6755902076156627 0.737277336810122 0
    outer loop
      vertex -0.34149918003124924 -2.365676850809585 0.5
      vertex -0.34149918003124924 -2.365676850809585 1.5
      vertex -0.3350653031794291 -2.371572412738697 0.5
    endloop
  endfacet
  facet normal 0 0 -1
    outer loop
      vertex -0.34149918003124924 -2.365676850809585 0.5
      vertex -0.3350653031794291 -2.371572412738697 0.5
      vertex 4 -14 0.5
    endloop
  endfacet
  facet normal 0.6755902076156627 0.737277336810122 0
    outer loop
      vertex -0.34149918003124924 -2.365676850809585 1.5
      vertex -0.3350653031794291 -2.371572412738697 1.5
      vertex -0.3350653031794291 -2.371572412738697 0.5
    endloop
  endfacet
  facet normal 0 0 1
    outer loop
      vertex -0.34149918003124924 -2.365676850809585 1.5
      vertex 5 -14 1.5
      vertex -0.3350653031794291 -2.371572412738697 1.5
    endloop
  endfacet
  facet normal 0.6755902076156627 -0.737277336810122 0
    outer loop
      vertex -0.34149918003124924 2.365676850809585 0.5
      vertex -0.3350653031794291 2.371572412738697 0.5
      vertex -0.3350653031794291 2.371572412738697 1.5
    endloop
  endfacet
  facet normal 0.6755902076156627 -0.737277336810122 0
    outer loop
      vertex -0.34149918003124924 2.365676850809585 0.5
      vertex -0.3350653031794291 2.371572412738697 1.5
      vertex -0.34149918003124924 2.365676850809585 1.5
    endloop
  endfacet
  facet normal 0.6626200482157475 0.7489557207889933 0
    outer loop
      vertex -0.3350653031794291 -2.371572412738697 0.5
      vertex -0.3350653031794291 -2.371572412738697 1.5
      vertex -0.32852951449525364 -2.377354790111386 0.5
    endloop
  endfacet
  facet normal 0 0 -1
    outer loop
      vertex -0.3350653031794291 -2.371572412738697 0.5
      vertex -0.32852951449525364 -2.377354790111386 0.5
      vertex 4 -14 0.5
    endloop
  endfacet
  facet normal 0.6626200482157475 0.7489557207889933 0
    outer loop
      vertex -0.3350653031794291 -2.371572412738697 1.5
      vertex -0.32852951449525364 -2.377354790111386 1.5
      vertex -0.32852951449525364 -2.377354790111386 0.5
    endloop
  endfacet
  facet normal 0 0 1
    outer loop
      vertex -0.3350653031794291 -2.371572412738697 1.5
      vertex 5 -14 1.5
      vertex -0.32852951449525364 -2.377354790111386 1.5
    endloop
  endfacet
  facet normal 0.6626200482157475 -0.7489557207889933 0
    outer loop
      vertex -0.3350653031794291 2.371572412738697 0.5
      vertex -0.32852951449525364 2.377354790111386 0.5
      vertex -0.32852951449525364 2.377354790111386 1.5
    endloop
  endfacet
  facet normal 0.6626200482157475 -0.7489557207889933 0
    outer loop
      vertex -0.3350653031794291 2.371572412738697 0.5
      vertex -0.32852951449525364 2.377354790111386 1.5
      vertex -0.3350653031794291 2.371572412738697 1.5
    endloop
  endfacet
  facet normal 0.6494480483301732 0.7604059656000398 0
    outer loop
      vertex -0.32852951449525364 -2.377354790111386 0.5
      vertex -0.32852951449525364 -2.377354790111386 1.5
      vertex -0.3218938048432696 -2.383022221559489 0.5
    endloop
  endfacet
  facet normal 0 0 -1
    outer loop
      vertex -0.32852951449525364 -2.377354790111386 0.5
      vertex -0.3218938048432696 -2.383022221559489 0.5
      vertex 4 -14 0.5
    endloop
  endfacet
  facet normal 0.6494480483301732 0.7604059656000398 0
    outer loop
      vertex -0.32852951449525364 -2.377354790111386 1.5
      vertex -0.3218938048432696 -2.383022221559489 1.5
      vertex -0.3218938048432696 -2.383022221559489 0.5
    endloop
  endfacet
  facet normal 0 0 1
    outer loop
      vertex -0.32852951449525364 -2.377354790111386 1.5
      vertex 5 -14 1.5
      vertex -0.3218938048432696 -2.383022221559489 1.5
    endloop
  endfacet
  facet normal 0.6494480483301732 -0.7604059656000398 0
    outer loop
      vertex -0.32852951449525364 2.377354790111386 0.5
      vertex -0.3218938048432696 2.383022221559489 0.5
      vertex -0.3218938048432696 2.383022221559489 1.5
    endloop
  endfacet
  facet normal 0.6494480483301732 -0.7604059656000398 0
    outer loop
      vertex -0.32852951449525364 2.377354790111386 0.5
      vertex -0.3218938048432696 2.383022221559489 1.5
      vertex -0.32852951449525364 2.377354790111386 1.5
    endloop
  endfacet
  facet normal 0.6360782202777695 0.7716245833877152 0
    outer loop
      vertex -0.3218938048432696 -2.383022221559489 0.5
      vertex -0.3218938048432696 -2.383022221559489 1.5
      vertex -0.3151601955249187 -2.3885729807284855 0.5
    endloop
  endfacet
  facet normal 0 0 -1
    outer loop
      vertex -0.3218938048432696 -2.383022221559489 0.5
      vertex -0.3151601955249187 -2.3885729807284855 0.5
      vertex 4 -14 0.5
    endloop
  endfacet
  facet normal 0.6360782202777695 0.7716245833877152 0
    outer loop
      vertex -0.3218938048432696 -2.383022221559489 1.5
      vertex -0.3151601955249187 -2.3885729807284855 1.5
      vertex -0.3151601955249187 -2.3885729807284855 0.5
    endloop
  endfacet
  facet normal 0 0 1
    outer loop
      vertex -0.3218938048432696 -2.383022221559489 1.5
      vertex 5 -14 1.5
      vertex -0.3151601955249187 -2.3885729807284855 1.5
    endloop
  endfacet
  facet normal 0.6360782202777695 -0.7716245833877152 0
    outer loop
      vertex -0.3218938048432696 2.383022221559489 0.5
      vertex -0.3151601955249187 2.3885729807284855 0.5
      vertex -0.3151601955249187 2.3885729807284855 1.5
    endloop
  endfacet
  facet normal 0.6360782202777695 -0.7716245833877152 0
    outer loop
      vertex -0.3218938048432696 2.383022221559489 0.5
      vertex -0.3151601955249187 2.3885729807284855 1.5
      vertex -0.3218938048432696 2.383022221559489 1.5
    endloop
  endfacet
  facet normal 0.6225146366376151 0.7826081568524175 0
    outer loop
      vertex -0.3151601955249187 -2.3885729807284855 0.5
      vertex -0.3151601955249187 -2.3885729807284855 1.5
      vertex -0.30833073766282915 -2.394005376803361 0.5
    endloop
  endfacet
  facet normal 0 0 -1
    outer loop
      vertex -0.3151601955249187 -2.3885729807284855 0.5
      vertex -0.30833073766282915 -2.394005376803361 0.5
      vertex 4 -14 0.5
    endloop
  endfacet
  facet normal 0.6225146366376151 0.7826081568524175 0
    outer loop
      vertex -0.3151601955249187 -2.3885729807284855 1.5
      vertex -0.30833073766282915 -2.394005376803361 1.5
      vertex -0.30833073766282915 -2.394005376803361 0.5
    endloop
  endfacet
  facet normal 0 0 1
    outer loop
      vertex -0.3151601955249187 -2.3885729807284855 1.5
      vertex 5 -14 1.5
      vertex -0.30833073766282915 -2.394005376803361 1.5
    endloop
  endfacet
  facet normal 0.6225146366376151 -0.7826081568524175 0
    outer loop
      vertex -0.3151601955249187 2.3885729807284855 0.5
      vertex -0.30833073766282915 2.394005376803361 0.5
      vertex -0.30833073766282915 2.394005376803361 1.5
    endloop
  endfacet
  facet normal 0.6225146366376151 -0.7826081568524175 0
    outer loop
      vertex -0.3151601955249187 2.3885729807284855 0.5
      vertex -0.30833073766282915 2.394005376803361 1.5
      vertex -0.3151601955249187 2.3885729807284855 1.5
    endloop
  endfacet
  facet normal 0.6087614290087092 0.7933533402912438 0
    outer loop
      vertex -0.30833073766282915 -2.394005376803361 0.5
      vertex -0.30833073766282915 -2.394005376803361 1.5
      vertex -0.30140751157602413 -2.399317755023646 0.5
    endloop
  endfacet
  facet normal 0 0 -1
    outer loop
      vertex -0.30833073766282915 -2.394005376803361 0.5
      vertex -0.30140751157602413 -2.399317755023646 0.5
      vertex 4 -14 0.5
    endloop
  endfacet
  facet normal 0.6087614290087092 0.7933533402912438 0
    outer loop
      vertex -0.30833073766282915 -2.394005376803361 1.5
      vertex -0.30140751157602413 -2.399317755023646 1.5
      vertex -0.30140751157602413 -2.399317755023646 0.5
    endloop
  endfacet
  facet normal 0 0 1
    outer loop
      vertex -0.30833073766282915 -2.394005376803361 1.5
      vertex 5 -14 1.5
      vertex -0.30140751157602413 -2.399317755023646 1.5
    endloop
  endfacet
  facet normal 0.6087614290087092 -0.7933533402912438 0
    outer loop
      vertex -0.30833073766282915 2.394005376803361 0.5
      vertex -0.30140751157602413 2.399317755023646 0.5
      vertex -0.30140751157602413 2.399317755023646 1.5
    endloop
  endfacet
  facet normal 0.6087614290087092 -0.7933533402912438 0
    outer loop
      vertex -0.30833073766282915 2.394005376803361 0.5
      vertex -0.30140751157602413 2.399317755023646 1.5
      vertex -0.30833073766282915 2.394005376803361 1.5
    endloop
  endfacet
  facet normal 0.5948227867513599 0.8038568606172035 0
    outer loop
      vertex -0.30140751157602413 -2.399317755023646 0.5
      vertex -0.30140751157602413 -2.399317755023646 1.5
      vertex -0.29439262614623657 -2.4045084971874737 0.5
    endloop
  endfacet
  facet normal 0 0 -1
    outer loop
      vertex -0.30140751157602413 -2.399317755023646 0.5
      vertex -0.29439262614623657 -2.4045084971874737 0.5
      vertex 4 -14 0.5
    endloop
  endfacet
  facet normal 0.5948227867513599 0.8038568606172035 0
    outer loop
      vertex -0.30140751157602413 -2.399317755023646 1.5
      vertex -0.29439262614623657 -2.4045084971874737 1.5
      vertex -0.29439262614623657 -2.4045084971874737 0.5
    endloop
  endfacet
  facet normal 0 0 1
    outer loop
      vertex -0.30140751157602413 -2.399317755023646 1.5
      vertex 5 -14 1.5
      vertex -0.29439262614623657 -2.4045084971874737 1.5
    endloop
  endfacet
  facet normal 0.5948227867513599 -0.8038568606172035 0
    outer loop
      vertex -0.30140751157602413 2.399317755023646 0.5
      vertex -0.29439262614623657 2.4045084971874737 0.5
      vertex -0.29439262614623657 2.4045084971874737 1.5
    endloop
  endfacet
  facet normal 0.5948227867513599 -0.8038568606172035 0
    outer loop
      vertex -0.30140751157602413 2.399317755023646 0.5
      vertex -0.29439262614623657 2.4045084971874737 1.5
      vertex -0.30140751157602413 2.399317755023646 1.5
    endloop
  endfacet
  facet normal 0.5807029557109418 0.8141155183563178 0
    outer loop
      vertex -0.29439262614623657 -2.4045084971874737 0.5
      vertex -0.29439262614623657 -2.4045084971874737 1.5
      vertex -0.287288218175523 -2.409576022144496 0.5
    endloop
  endfacet
  facet normal 0 0 -1
    outer loop
      vertex -0.29439262614623657 -2.4045084971874737 0.5
      vertex -0.287288218175523 -2.409576022144496 0.5
      vertex 4 -14 0.5
    endloop
  endfacet
  facet normal 0.5807029557109418 0.8141155183563178 0
    outer loop
      vertex -0.29439262614623657 -2.4045084971874737 1.5
      vertex -0.287288218175523 -2.409576022144496 1.5
      vertex -0.287288218175523 -2.409576022144496 0.5
    endloop
  endfacet
  facet normal 0 0 1
    outer loop
      vertex -0.29439262614623657 -2.4045084971874737 1.5
      vertex 5 -14 1.5
      vertex -0.287288218175523 -2.409576022144496 1.5
    endloop
  endfacet
  facet normal 0.5807029557109418 -0.8141155183563178 0
    outer loop
      vertex -0.29439262614623657 2.4045084971874737 0.5
      vertex -0.287288218175523 2.409576022144496 0.5
      vertex -0.287288218175523 2.409576022144496 1.5
    endloop
  endfacet
  facet normal 0.5807029557109418 -0.8141155183563178 0
    outer loop
      vertex -0.29439262614623657 2.4045084971874737 0.5
      vertex -0.287288218175523 2.409576022144496 1.5
      vertex -0.29439262614623657 2.4045084971874737 1.5
    endloop
  endfacet
  facet normal 0.5664062369248115 0.8241261886220304 0
    outer loop
      vertex -0.287288218175523 -2.409576022144496 0.5
      vertex -0.287288218175523 -2.409576022144496 1.5
      vertex -0.28009645173537345 -2.4145187862775206 0.5
    endloop
  endfacet
  facet normal 0 0 -1
    outer loop
      vertex -0.287288218175523 -2.409576022144496 0.5
      vertex -0.28009645173537345 -2.4145187862775206 0.5
      vertex 4 -14 0.5
    endloop
  endfacet
  facet normal 0.5664062369248115 0.8241261886220304 0
    outer loop
      vertex -0.287288218175523 -2.409576022144496 1.5
      vertex -0.28009645173537345 -2.4145187862775206 1.5
      vertex -0.28009645173537345 -2.4145187862775206 0.5
    endloop
  endfacet
  facet normal 0 0 1
    outer loop
      vertex -0.287288218175523 -2.409576022144496 1.5
      vertex 5 -14 1.5
      vertex -0.28009645173537345 -2.4145187862775206 1.5
    endloop
  endfacet
  facet normal 0.5664062369248115 -0.8241261886220304 0
    outer loop
      vertex -0.287288218175523 2.409576022144496 0.5
      vertex -0.28009645173537345 2.4145187862775206 0.5
      vertex -0.28009645173537345 2.4145187862775206 1.5
    endloop
  endfacet
  facet normal 0.5664062369248115 -0.8241261886220304 0
    outer loop
      vertex -0.287288218175523 2.409576022144496 0.5
      vertex -0.28009645173537345 2.4145187862775206 1.5
      vertex -0.287288218175523 2.409576022144496 1.5
    endloop
  endfacet
  facet normal 0.5519369853120951 0.8338858220671437 0
    outer loop
      vertex -0.28009645173537345 -2.4145187862775206 0.5
      vertex -0.28009645173537345 -2.4145187862775206 1.5
      vertex -0.27281951750751354 -2.4193352839727122 0.5
    endloop
  endfacet
  facet normal 0 0 -1
    outer loop
      vertex -0.28009645173537345 -2.4145187862775206 0.5
      vertex -0.27281951750751354 -2.4193352839727122 0.5
      vertex 4 -14 0.5
    endloop
  endfacet
  facet normal 0.5519369853120951 0.8338858220671437 0
    outer loop
      vertex -0.28009645173537345 -2.4145187862775206 1.5
      vertex -0.27281951750751354 -2.4193352839727122 1.5
      vertex -0.27281951750751354 -2.4193352839727122 0.5
    endloop
  endfacet
  facet normal 0 0 1
    outer loop
      vertex -0.28009645173537345 -2.4145187862775206 1.5
      vertex 5 -14 1.5
      vertex -0.27281951750751354 -2.4193352839727122 1.5
    endloop
  endfacet
  facet normal 0.5519369853120951 -0.8338858220671437 0
    outer loop
      vertex -0.28009645173537345 2.4145187862775206 0.5
      vertex -0.27281951750751354 2.4193352839727122 0.5
      vertex -0.27281951750751354 2.4193352839727122 1.5
    endloop
  endfacet
  facet normal 0.5519369853120951 -0.8338858220671437 0
    outer loop
      vertex -0.28009645173537345 2.4145187862775206 0.5
      vertex -0.27281951750751354 2.4193352839727122 1.5
      vertex -0.28009645173537345 2.4145187862775206 1.5
    endloop
  endfacet
  facet normal 0.5372996083468164 0.8433914458128904 0
    outer loop
      vertex -0.27281951750751354 -2.4193352839727122 0.5
      vertex -0.27281951750751354 -2.4193352839727122 1.5
      vertex -0.26545963211660245 -2.424024048078213 0.5
    endloop
  endfacet
  facet normal 0 0 -1
    outer loop
      vertex -0.27281951750751354 -2.4193352839727122 0.5
      vertex -0.26545963211660245 -2.424024048078213 0.5
      vertex 4 -14 0.5
    endloop
  endfacet
  facet normal 0.5372996083468164 0.8433914458128904 0
    outer loop
      vertex -0.27281951750751354 -2.4193352839727122 1.5
      vertex -0.26545963211660245 -2.424024048078213 1.5
      vertex -0.26545963211660245 -2.424024048078213 0.5
    endloop
  endfacet
  facet normal 0 0 1
    outer loop
      vertex -0.27281951750751354 -2.4193352839727122 1.5
      vertex 5 -14 1.5
      vertex -0.26545963211660245 -2.424024048078213 1.5
    endloop
  endfacet
  facet normal 0.5372996083468164 -0.8433914458128904 0
    outer loop
      vertex -0.27281951750751354 2.4193352839727122 0.5
      vertex -0.26545963211660245 2.424024048078213 0.5
      vertex -0.26545963211660245 2.424024048078213 1.5
    endloop
  endfacet
  facet normal 0.5372996083468164 -0.8433914458128904 0
    outer loop
      vertex -0.27281951750751354 2.4193352839727122 0.5
      vertex -0.26545963211660245 2.424024048078213 1.5
      vertex -0.27281951750751354 2.4193352839727122 1.5
    endloop
  endfacet
  facet normal 0.5224985647159467 0.8526401643540935 0
    outer loop
      vertex -0.26545963211660245 -2.424024048078213 0.5
      vertex -0.26545963211660245 -2.424024048078213 1.5
      vertex -0.2580190374550271 -2.4285836503510563 0.5
    endloop
  endfacet
  facet normal 0 0 -1
    outer loop
      vertex -0.26545963211660245 -2.424024048078213 0.5
      vertex -0.2580190374550271 -2.4285836503510563 0.5
      vertex 4 -14 0.5
    endloop
  endfacet
  facet normal 0.5224985647159467 0.8526401643540935 0
    outer loop
      vertex -0.26545963211660245 -2.424024048078213 1.5
      vertex -0.2580190374550271 -2.4285836503510563 1.5
      vertex -0.2580190374550271 -2.4285836503510563 0.5
    endloop
  endfacet
  facet normal 0 0 1
    outer loop
      vertex -0.26545963211660245 -2.424024048078213 1.5
      vertex 5 -14 1.5
      vertex -0.2580190374550271 -2.4285836503510563 1.5
    endloop
  endfacet
  facet normal 0.5224985647159467 -0.8526401643540935 0
    outer loop
      vertex -0.26545963211660245 2.424024048078213 0.5
      vertex -0.2580190374550271 2.4285836503510563 0.5
      vertex -0.2580190374550271 2.4285836503510563 1.5
    endloop
  endfacet
  facet normal 0.5224985647159467 -0.8526401643540935 0
    outer loop
      vertex -0.26545963211660245 2.424024048078213 0.5
      vertex -0.2580190374550271 2.4285836503510563 1.5
      vertex -0.26545963211660245 2.424024048078213 1.5
    endloop
  endfacet
  facet normal 0.5075383629606826 0.8616291604415386 0
    outer loop
      vertex -0.2580190374550271 -2.4285836503510563 0.5
      vertex -0.2580190374550271 -2.4285836503510563 1.5
      vertex -0.2505 -2.433012701892219 0.5
    endloop
  endfacet
  facet normal 0 0 -1
    outer loop
      vertex -0.2580190374550271 -2.4285836503510563 0.5
      vertex -0.2505 -2.433012701892219 0.5
      vertex 4 -14 0.5
    endloop
  endfacet
  facet normal 0.5075383629606826 0.8616291604415386 0
    outer loop
      vertex -0.2580190374550271 -2.4285836503510563 1.5
      vertex -0.2505 -2.433012701892219 1.5
      vertex -0.2505 -2.433012701892219 0.5
    endloop
  endfacet
  facet normal 0 0 1
    outer loop
      vertex -0.2580190374550271 -2.4285836503510563 1.5
      vertex 5 -14 1.5
      vertex -0.2505 -2.433012701892219 1.5
    endloop
  endfacet
  facet normal 0.5075383629606826 -0.8616291604415386 0
    outer loop
      vertex -0.2580190374550271 2.4285836503510563 0.5
      vertex -0.2505 2.433012701892219 0.5
      vertex -0.2505 2.433012701892219 1.5
    endloop
  endfacet
  facet normal 0.5075383629606826 -0.8616291604415386 0
    outer loop
      vertex -0.2580190374550271 2.4285836503510563 0.5
      vertex -0.2505 2.433012701892219 1.5
      vertex -0.2580190374550271 2.4285836503510563 1.5
    endloop
  endfacet
  facet normal 0.4924235601034867 0.8703556959398885 0
    outer loop
      vertex -0.2505 -2.433012701892219 0.5
      vertex -0.2505 -2.433012701892219 1.5
      vertex -0.24290481012316853 -2.437309853569698 0.5
    endloop
  endfacet
  facet normal 0 0 -1
    outer loop
      vertex -0.2505 -2.433012701892219 0.5
      vertex -0.24290481012316853 -2.437309853569698 0.5
      vertex 4 -14 0.5
    endloop
  endfacet
  facet normal 0.4924235601034867 0.8703556959398885 0
    outer loop
      vertex -0.2505 -2.433012701892219 1.5
      vertex -0.24290481012316853 -2.437309853569698 1.5
      vertex -0.24290481012316853 -2.437309853569698 0.5
    endloop
  endfacet
  facet normal 0 0 1
    outer loop
      vertex -0.2505 -2.433012701892219 1.5
      vertex 5 -14 1.5
      vertex -0.24290481012316853 -2.437309853569698 1.5
    endloop
  endfacet
  facet normal 0.4924235601034867 -0.8703556959398885 0
    outer loop
      vertex -0.2505 2.433012701892219 0.5
      vertex -0.24290481012316853 2.437309853569698 0.5
      vertex -0.24290481012316853 2.437309853569698 1.5
    endloop
  endfacet
  facet normal 0.4924235601034867 -0.8703556959398885 0
    outer loop
      vertex -0.2505 2.433012701892219 0.5
      vertex -0.24290481012316853 2.437309853569698 1.5
      vertex -0.2505 2.433012701892219 1.5
    endloop
  endfacet
  facet normal 0.47715876025960324 0.8788171126619682 0
    outer loop
      vertex -0.24290481012316853 -2.437309853569698 0.5
      vertex -0.24290481012316853 -2.437309853569698 1.5
      vertex -0.2352357813929454 -2.4414737964294635 0.5
    endloop
  endfacet
  facet normal 0 0 -1
    outer loop
      vertex -0.24290481012316853 -2.437309853569698 0.5
      vertex -0.2352357813929454 -2.4414737964294635 0.5
      vertex 4 -14 0.5
    endloop
  endfacet
  facet normal 0.47715876025960324 0.8788171126619682 0
    outer loop
      vertex -0.24290481012316853 -2.437309853569698 1.5
      vertex -0.2352357813929454 -2.4414737964294635 1.5
      vertex -0.2352357813929454 -2.4414737964294635 0.5
    endloop
  endfacet
  facet normal 0 0 1
    outer loop
      vertex -0.24290481012316853 -2.437309853569698 1.5
      vertex 5 -14 1.5
      vertex -0.2352357813929454 -2.4414737964294635 1.5
    endloop
  endfacet
  facet normal 0.47715876025960324 -0.8788171126619682 0
    outer loop
      vertex -0.24290481012316853 2.437309853569698 0.5
      vertex -0.2352357813929454 2.4414737964294635 0.5
      vertex -0.2352357813929454 2.4414737964294635 1.5
    endloop
  endfacet
  facet normal 0.47715876025960324 -0.8788171126619682 0
    outer loop
      vertex -0.24290481012316853 2.437309853569698 0.5
      vertex -0.2352357813929454 2.4414737964294635 1.5
      vertex -0.24290481012316853 2.437309853569698 1.5
    endloop
  endfacet
  facet normal 0.4617486132350468 0.8870108331782149 0
    outer loop
      vertex -0.2352357813929454 -2.4414737964294635 0.5
      vertex -0.2352357813929454 -2.4414737964294635 1.5
      vertex -0.22749524986977337 -2.445503262094184 0.5
    endloop
  endfacet
  facet normal 0 0 -1
    outer loop
      vertex -0.2352357813929454 -2.4414737964294635 0.5
      vertex -0.22749524986977337 -2.445503262094184 0.5
      vertex 4 -14 0.5
    endloop
  endfacet
  facet normal 0.4617486132350468 0.8870108331782149 0
    outer loop
      vertex -0.2352357813929454 -2.4414737964294635 1.5
      vertex -0.22749524986977337 -2.445503262094184 1.5
      vertex -0.22749524986977337 -2.445503262094184 0.5
    endloop
  endfacet
  facet normal 0 0 1
    outer loop
      vertex -0.2352357813929454 -2.4414737964294635 1.5
      vertex 5 -14 1.5
      vertex -0.22749524986977337 -2.445503262094184 1.5
    endloop
  endfacet
  facet normal 0.4617486132350468 -0.8870108331782149 0
    outer loop
      vertex -0.2352357813929454 2.4414737964294635 0.5
      vertex -0.22749524986977337 2.445503262094184 0.5
      vertex -0.22749524986977337 2.445503262094184 1.5
    endloop
  endfacet
  facet normal 0.4617486132350468 -0.8870108331782149 0
    outer loop
      vertex -0.2352357813929454 2.4414737964294635 0.5
      vertex -0.22749524986977337 2.445503262094184 1.5
      vertex -0.2352357813929454 2.4414737964294635 1.5
    endloop
  endfacet
  facet normal 0.4461978131097844 0.8949343616020373 0
    outer loop
      vertex -0.22749524986977337 -2.445503262094184 0.5
      vertex -0.22749524986977337 -2.445503262094184 1.5
      vertex -0.2196855733945387 -2.4493970231495834 0.5
    endloop
  endfacet
  facet normal 0 0 -1
    outer loop
      vertex -0.22749524986977337 -2.445503262094184 0.5
      vertex -0.2196855733945387 -2.4493970231495834 0.5
      vertex 4 -14 0.5
    endloop
  endfacet
  facet normal 0.4461978131097844 0.8949343616020373 0
    outer loop
      vertex -0.22749524986977337 -2.445503262094184 1.5
      vertex -0.2196855733945387 -2.4493970231495834 1.5
      vertex -0.2196855733945387 -2.4493970231495834 0.5
    endloop
  endfacet
  facet normal 0 0 1
    outer loop
      vertex -0.22749524986977337 -2.445503262094184 1.5
      vertex 5 -14 1.5
      vertex -0.2196855733945387 -2.4493970231495834 1.5
    endloop
  endfacet
  facet normal 0.4461978131097844 -0.8949343616020373 0
    outer loop
      vertex -0.22749524986977337 2.445503262094184 0.5
      vertex -0.2196855733945387 2.4493970231495834 0.5
      vertex -0.2196855733945387 2.4493970231495834 1.5
    endloop
  endfacet
  facet normal 0.4461978131097844 -0.8949343616020373 0
    outer loop
      vertex -0.22749524986977337 2.445503262094184 0.5
      vertex -0.2196855733945387 2.4493970231495834 1.5
      vertex -0.22749524986977337 2.445503262094184 1.5
    endloop
  endfacet
  facet normal 0.43051109680830774 0.9025852843498545 0
    outer loop
      vertex -0.2196855733945387 -2.4493970231495834 0.5
      vertex -0.2196855733945387 -2.4493970231495834 1.5
      vertex -0.21180913087034972 -2.453153893518325 0.5
    endloop
  endfacet
  facet normal 0 0 -1
    outer loop
      vertex -0.2196855733945387 -2.4493970231495834 0.5
      vertex -0.21180913087034972 -2.453153893518325 0.5
      vertex 4 -14 0.5
    endloop
  endfacet
  facet normal 0.43051109680830774 0.9025852843498545 0
    outer loop
      vertex -0.2196855733945387 -2.4493970231495834 1.5
      vertex -0.21180913087034972 -2.453153893518325 1.5
      vertex -0.21180913087034972 -2.453153893518325 0.5
    endloop
  endfacet
  facet normal 0 0 1
    outer loop
      vertex -0.2196855733945387 -2.4493970231495834 1.5
      vertex 5 -14 1.5
      vertex -0.21180913087034972 -2.453153893518325 1.5
    endloop
  endfacet
  facet normal 0.43051109680830774 -0.9025852843498545 0
    outer loop
      vertex -0.2196855733945387 2.4493970231495834 0.5
      vertex -0.21180913087034972 2.453153893518325 0.5
      vertex -0.21180913087034972 2.453153893518325 1.5
    endloop
  endfacet
  facet normal 0.43051109680830774 -0.9025852843498545 0
    outer loop
      vertex -0.2196855733945387 2.4493970231495834 0.5
      vertex -0.21180913087034972 2.453153893518325 1.5
      vertex -0.2196855733945387 2.4493970231495834 1.5
    endloop
  endfacet
  facet normal 0 0 1
    outer loop
      vertex -0.2196855733945387 2.4493970231495834 1.5
      vertex -0.21180913087034972 2.453153893518325 1.5
      vertex 2.6816432911085166 3.9357886821272814 1.5
    endloop
  endfacet
  facet normal 0.4146932426562494 0.9099612708765387 0
    outer loop
      vertex -0.21180913087034972 -2.453153893518325 0.5
      vertex -0.21180913087034972 -2.453153893518325 1.5
      vertex -0.2038683215379001 -2.4567727288213006 0.5
    endloop
  endfacet
  facet normal 0 0 -1
    outer loop
      vertex -0.21180913087034972 -2.453153893518325 0.5
      vertex -0.2038683215379001 -2.4567727288213006 0.5
      vertex 4 -14 0.5
    endloop
  endfacet
  facet normal 0.4146932426562494 0.9099612708765387 0
    outer loop
      vertex -0.21180913087034972 -2.453153893518325 1.5
      vertex -0.2038683215379001 -2.4567727288213006 1.5
      vertex -0.2038683215379001 -2.4567727288213006 0.5
    endloop
  endfacet
  facet normal 0 0 1
    outer loop
      vertex -0.21180913087034972 -2.453153893518325 1.5
      vertex 5 -14 1.5
      vertex -0.2038683215379001 -2.4567727288213006 1.5
    endloop
  endfacet
  facet normal 0.4146932426562494 -0.9099612708765387 0
    outer loop
      vertex -0.21180913087034972 2.453153893518325 0.5
      vertex -0.2038683215379001 2.4567727288213006 0.5
      vertex -0.2038683215379001 2.4567727288213006 1.5
    endloop
  endfacet
  facet normal 0.4146932426562494 -0.9099612708765387 0
    outer loop
      vertex -0.21180913087034972 2.453153893518325 0.5
      vertex -0.2038683215379001 2.4567727288213006 1.5
      vertex -0.21180913087034972 2.453153893518325 1.5
    endloop
  endfacet
  facet normal 0 0 1
    outer loop
      vertex -0.21180913087034972 2.453153893518325 1.5
      vertex -0.2038683215379001 2.4567727288213006 1.5
      vertex 2.6816432911085166 3.9357886821272814 1.5
    endloop
  endfacet
  facet normal 0.39874906892523954 0.917060074385127 0
    outer loop
      vertex -0.2038683215379001 -2.4567727288213006 0.5
      vertex -0.2038683215379001 -2.4567727288213006 1.5
      vertex -0.19586556424463689 -2.4602524267262202 0.5
    endloop
  endfacet
  facet normal 0 0 -1
    outer loop
      vertex -0.2038683215379001 -2.4567727288213006 0.5
      vertex -0.19586556424463689 -2.4602524267262202 0.5
      vertex 4 -14 0.5
    endloop
  endfacet
  facet normal 0.39874906892523954 0.917060074385127 0
    outer loop
      vertex -0.2038683215379001 -2.4567727288213006 1.5
      vertex -0.19586556424463689 -2.4602524267262202 1.5
      vertex -0.19586556424463689 -2.4602524267262202 0.5
    endloop
  endfacet
  facet normal 0 0 1
    outer loop
      vertex -0.2038683215379001 -2.4567727288213006 1.5
      vertex 5 -14 1.5
      vertex -0.19586556424463689 -2.4602524267262202 1.5
    endloop
  endfacet
  facet normal 0.39874906892523954 -0.917060074385127 0
    outer loop
      vertex -0.2038683215379001 2.4567727288213006 0.5
      vertex -0.19586556424463689 2.4602524267262202 0.5
      vertex -0.19586556424463689 2.4602524267262202 1.5
    endloop
  endfacet
  facet normal 0.39874906892523954 -0.917060074385127 0
    outer loop
      vertex -0.2038683215379001 2.4567727288213006 0.5
      vertex -0.19586556424463689 2.4602524267262202 1.5
      vertex -0.2038683215379001 2.4567727288213006 1.5
    endloop
  endfacet
  facet normal 0 0 1
    outer loop
      vertex -0.2038683215379001 2.4567727288213006 1.5
      vertex -0.19586556424463689 2.4602524267262202 1.5
      vertex 2.6816432911085166 3.9357886821272814 1.5
    endloop
  endfacet
  facet normal 0.38268343236508245 0.9238795325112898 0
    outer loop
      vertex -0.19586556424463689 -2.4602524267262202 0.5
      vertex -0.19586556424463689 -2.4602524267262202 1.5
      vertex -0.187803296707956 -2.4635919272833937 0.5
    endloop
  endfacet
  facet normal 0 0 -1
    outer loop
      vertex -0.19586556424463689 -2.4602524267262202 0.5
      vertex -0.187803296707956 -2.4635919272833937 0.5
      vertex 4 -14 0.5
    endloop
  endfacet
  facet normal 0.38268343236508245 0.9238795325112898 0
    outer loop
      vertex -0.19586556424463689 -2.4602524267262202 1.5
      vertex -0.187803296707956 -2.4635919272833937 1.5
      vertex -0.187803296707956 -2.4635919272833937 0.5
    endloop
  endfacet
  facet normal 0 0 1
    outer loop
      vertex -0.19586556424463689 -2.4602524267262202 1.5
      vertex 5 -14 1.5
      vertex -0.187803296707956 -2.4635919272833937 1.5
    endloop
  endfacet
  facet normal 0.38268343236508245 -0.9238795325112898 0
    outer loop
      vertex -0.19586556424463689 2.4602524267262202 0.5
      vertex -0.187803296707956 2.4635919272833937 0.5
      vertex -0.187803296707956 2.4635919272833937 1.5
    endloop
  endfacet
  facet normal 0.38268343236508245 -0.9238795325112898 0
    outer loop
      vertex -0.19586556424463689 2.4602524267262202 0.5
      vertex -0.187803296707956 2.4635919272833937 1.5
      vertex -0.19586556424463689 2.4602524267262202 1.5
    endloop
  endfacet
  facet normal 0 0 1
    outer loop
      vertex -0.19586556424463689 2.4602524267262202 1.5
      vertex -0.187803296707956 2.4635919272833937 1.5
      vertex 2.6816432911085166 3.9357886821272814 1.5
    endloop
  endfacet
  facet normal 0.3665012267243126 0.9304175679820185 0
    outer loop
      vertex -0.187803296707956 -2.4635919272833937 0.5
      vertex -0.187803296707956 -2.4635919272833937 1.5
      vertex -0.17968397477265013 -2.466790213248601 0.5
    endloop
  endfacet
  facet normal 0 0 -1
    outer loop
      vertex -0.187803296707956 -2.4635919272833937 0.5
      vertex -0.17968397477265013 -2.466790213248601 0.5
      vertex 4 -14 0.5
    endloop
  endfacet
  facet normal 0.3665012267243126 0.9304175679820185 0
    outer loop
      vertex -0.187803296707956 -2.4635919272833937 1.5
      vertex -0.17968397477265013 -2.466790213248601 1.5
      vertex -0.17968397477265013 -2.466790213248601 0.5
    endloop
  endfacet
  facet normal 0 0 1
    outer loop
      vertex -0.187803296707956 -2.4635919272833937 1.5
      vertex 5 -14 1.5
      vertex -0.17968397477265013 -2.466790213248601 1.5
    endloop
  endfacet
  facet normal 0.3665012267243126 -0.9304175679820185 0
    outer loop
      vertex -0.187803296707956 2.4635919272833937 0.5
      vertex -0.17968397477265013 2.466790213248601 0.5
      vertex -0.17968397477265013 2.466790213248601 1.5
    endloop
  endfacet
  facet normal 0.3665012267243126 -0.9304175679820185 0
    outer loop
      vertex -0.187803296707956 2.4635919272833937 0.5
      vertex -0.17968397477265013 2.466790213248601 1.5
      vertex -0.187803296707956 2.4635919272833937 1.5
    endloop
  endfacet
  facet normal 0 0 1
    outer loop
      vertex -0.187803296707956 2.4635919272833937 1.5
      vertex -0.17968397477265013 2.466790213248601 1.5
      vertex 2.6816432911085166 3.9357886821272814 1.5
    endloop
  endfacet
  facet normal 0.3502073812594753 0.9366721892483948 0
    outer loop
      vertex -0.17968397477265013 -2.466790213248601 0.5
      vertex -0.17968397477265013 -2.466790213248601 1.5
      vertex -0.17151007166283436 -2.4698463103929544 0.5
    endloop
  endfacet
  facet normal 0 0 -1
    outer loop
      vertex -0.17968397477265013 -2.466790213248601 0.5
      vertex -0.17151007166283436 -2.4698463103929544 0.5
      vertex 4 -14 0.5
    endloop
  endfacet
  facet normal 0.3502073812594753 0.9366721892483948 0
    outer loop
      vertex -0.17968397477265013 -2.466790213248601 1.5
      vertex -0.17151007166283436 -2.4698463103929544 1.5
      vertex -0.17151007166283436 -2.4698463103929544 0.5
    endloop
  endfacet
  facet normal 0 0 1
    outer loop
      vertex -0.17968397477265013 -2.466790213248601 1.5
      vertex 5 -14 1.5
      vertex -0.17151007166283436 -2.4698463103929544 1.5
    endloop
  endfacet
  facet normal 0.3502073812594753 -0.9366721892483948 0
    outer loop
      vertex -0.17968397477265013 2.466790213248601 0.5
      vertex -0.17151007166283436 2.4698463103929544 0.5
      vertex -0.17151007166283436 2.4698463103929544 1.5
    endloop
  endfacet
  facet normal 0.3502073812594753 -0.9366721892483948 0
    outer loop
      vertex -0.17968397477265013 2.466790213248601 0.5
      vertex -0.17151007166283436 2.4698463103929544 1.5
      vertex -0.17968397477265013 2.466790213248601 1.5
    endloop
  endfacet
  facet normal 0 0 1
    outer loop
      vertex -0.17968397477265013 2.466790213248601 1.5
      vertex -0.17151007166283436 2.4698463103929544 1.5
      vertex 2.6816432911085166 3.9357886821272814 1.5
    endloop
  endfacet
  facet normal 0.33380685923373193 0.9426414910921923 0
    outer loop
      vertex -0.17151007166283436 -2.4698463103929544 0.5
      vertex -0.17151007166283436 -2.4698463103929544 1.5
      vertex -0.16328407722857835 -2.4727592877996583 0.5
    endloop
  endfacet
  facet normal 0 0 -1
    outer loop
      vertex -0.17151007166283436 -2.4698463103929544 0.5
      vertex -0.16328407722857835 -2.4727592877996583 0.5
      vertex 4 -14 0.5
    endloop
  endfacet
  facet normal 0.33380685923373193 0.9426414910921923 0
    outer loop
      vertex -0.17151007166283436 -2.4698463103929544 1.5
      vertex -0.16328407722857835 -2.4727592877996583 1.5
      vertex -0.16328407722857835 -2.4727592877996583 0.5
    endloop
  endfacet
  facet normal 0 0 1
    outer loop
      vertex -0.17151007166283436 -2.4698463103929544 1.5
      vertex 5 -14 1.5
      vertex -0.16328407722857835 -2.4727592877996583 1.5
    endloop
  endfacet
  facet normal 0.33380685923373193 -0.9426414910921923 0
    outer loop
      vertex -0.17151007166283436 2.4698463103929544 0.5
      vertex -0.16328407722857835 2.4727592877996583 0.5
      vertex -0.16328407722857835 2.4727592877996583 1.5
    endloop
  endfacet
  facet normal 0.33380685923373193 -0.9426414910921923 0
    outer loop
      vertex -0.17151007166283436 2.4698463103929544 0.5
      vertex -0.16328407722857835 2.4727592877996583 1.5
      vertex -0.17151007166283436 2.4698463103929544 1.5
    endloop
  endfacet
  facet normal 0 0 1
    outer loop
      vertex -0.17151007166283436 2.4698463103929544 1.5
      vertex -0.16328407722857835 2.4727592877996583 1.5
      vertex 2.6816432911085166 3.9357886821272814 1.5
    endloop
  endfacet
  facet normal 0.31730465640511 0.9483236552061933 0
    outer loop
      vertex -0.16328407722857835 -2.4727592877996583 0.5
      vertex -0.16328407722857835 -2.4727592877996583 1.5
      vertex -0.1550084971874737 -2.475528258147577 0.5
    endloop
  endfacet
  facet normal 0 0 -1
    outer loop
      vertex -0.16328407722857835 -2.4727592877996583 0.5
      vertex -0.1550084971874737 -2.475528258147577 0.5
      vertex 4 -14 0.5
    endloop
  endfacet
  facet normal 0.31730465640511 0.9483236552061933 0
    outer loop
      vertex -0.16328407722857835 -2.4727592877996583 1.5
      vertex -0.1550084971874737 -2.475528258147577 1.5
      vertex -0.1550084971874737 -2.475528258147577 0.5
    endloop
  endfacet
  facet normal 0 0 1
    outer loop
      vertex -0.16328407722857835 -2.4727592877996583 1.5
      vertex 5 -14 1.5
      vertex -0.1550084971874737 -2.475528258147577 1.5
    endloop
  endfacet
  facet normal 0.31730465640511 -0.9483236552061933 0
    outer loop
      vertex -0.16328407722857835 2.4727592877996583 0.5
      vertex -0.1550084971874737 2.475528258147577 0.5
      vertex -0.1550084971874737 2.475528258147577 1.5
    endloop
  endfacet
  facet normal 0.31730465640511 -0.9483236552061933 0
    outer loop
      vertex -0.16328407722857835 2.4727592877996583 0.5
      vertex -0.1550084971874737 2.475528258147577 1.5
      vertex -0.16328407722857835 2.4727592877996583 1.5
    endloop
  endfacet
  facet normal 0 0 1
    outer loop
      vertex -0.16328407722857835 2.4727592877996583 1.5
      vertex -0.1550084971874737 2.475528258147577 1.5
      vertex 2.6816432911085166 3.9357886821272814 1.5
    endloop
  endfacet
  facet normal 0.30070579950427406 0.9537169507482267 0
    outer loop
      vertex -0.1550084971874737 -2.475528258147577 0.5
      vertex -0.1550084971874737 -2.475528258147577 1.5
      vertex -0.14668585236136839 -2.4781523779815178 0.5
    endloop
  endfacet
  facet normal 0 0 -1
    outer loop
      vertex -0.1550084971874737 -2.475528258147577 0.5
      vertex -0.14668585236136839 -2.4781523779815178 0.5
      vertex 4 -14 0.5
    endloop
  endfacet
  facet normal 0.30070579950427406 0.9537169507482267 0
    outer loop
      vertex -0.1550084971874737 -2.475528258147577 1.5
      vertex -0.14668585236136839 -2.4781523779815178 1.5
      vertex -0.14668585236136839 -2.4781523779815178 0.5
    endloop
  endfacet
  facet normal 0 0 1
    outer loop
      vertex -0.1550084971874737 -2.475528258147577 1.5
      vertex 5 -14 1.5
      vertex -0.14668585236136839 -2.4781523779815178 1.5
    endloop
  endfacet
  facet normal 0.30070579950427406 -0.9537169507482267 0
    outer loop
      vertex -0.1550084971874737 2.475528258147577 0.5
      vertex -0.14668585236136839 2.4781523779815178 0.5
      vertex -0.14668585236136839 2.4781523779815178 1.5
    endloop
  endfacet
  facet normal 0.30070579950427406 -0.9537169507482267 0
    outer loop
      vertex -0.1550084971874737 2.475528258147577 0.5
      vertex -0.14668585236136839 2.4781523779815178 1.5
      vertex -0.1550084971874737 2.475528258147577 1.5
    endloop
  endfacet
  facet normal 0 0 1
    outer loop
      vertex -0.1550084971874737 2.475528258147577 1.5
      vertex -0.14668585236136839 2.4781523779815178 1.5
      vertex 2.6816432911085166 3.9357886821272814 1.5
    endloop
  endfacet
  facet normal 0.28401534470391987 0.9588197348681938 0
    outer loop
      vertex -0.14668585236136839 -2.4781523779815178 0.5
      vertex -0.14668585236136839 -2.4781523779815178 1.5
      vertex -0.13831867790849958 -2.4806308479691594 0.5
    endloop
  endfacet
  facet normal 0 0 -1
    outer loop
      vertex -0.14668585236136839 -2.4781523779815178 0.5
      vertex -0.13831867790849958 -2.4806308479691594 0.5
      vertex 4 -14 0.5
    endloop
  endfacet
  facet normal 0.28401534470391987 0.9588197348681938 0
    outer loop
      vertex -0.14668585236136839 -2.4781523779815178 1.5
      vertex -0.13831867790849958 -2.4806308479691594 1.5
      vertex -0.13831867790849958 -2.4806308479691594 0.5
    endloop
  endfacet
  facet normal 0 0 1
    outer loop
      vertex -0.14668585236136839 -2.4781523779815178 1.5
      vertex 5 -14 1.5
      vertex -0.13831867790849958 -2.4806308479691594 1.5
    endloop
  endfacet
  facet normal 0.28401534470391987 -0.9588197348681938 0
    outer loop
      vertex -0.14668585236136839 2.4781523779815178 0.5
      vertex -0.13831867790849958 2.4806308479691594 0.5
      vertex -0.13831867790849958 2.4806308479691594 1.5
    endloop
  endfacet
  facet normal 0.28401534470391987 -0.9588197348681938 0
    outer loop
      vertex -0.14668585236136839 2.4781523779815178 0.5
      vertex -0.13831867790849958 2.4806308479691594 1.5
      vertex -0.14668585236136839 2.4781523779815178 1.5
    endloop
  endfacet
  facet normal 0 0 1
    outer loop
      vertex -0.14668585236136839 2.4781523779815178 1.5
      vertex -0.13831867790849958 2.4806308479691594 1.5
      vertex 2.6816432911085166 3.9357886821272814 1.5
    endloop
  endfacet
  facet normal 0.2672383760782742 0.9636304532086181 0
    outer loop
      vertex -0.13831867790849958 -2.4806308479691594 0.5
      vertex -0.13831867790849958 -2.4806308479691594 1.5
      vertex -0.12990952255126037 -2.4829629131445343 0.5
    endloop
  endfacet
  facet normal 0 0 -1
    outer loop
      vertex -0.13831867790849958 -2.4806308479691594 0.5
      vertex -0.12990952255126037 -2.4829629131445343 0.5
      vertex 4 -14 0.5
    endloop
  endfacet
  facet normal 0.2672383760782742 0.9636304532086181 0
    outer loop
      vertex -0.13831867790849958 -2.4806308479691594 1.5
      vertex -0.12990952255126037 -2.4829629131445343 1.5
      vertex -0.12990952255126037 -2.4829629131445343 0.5
    endloop
  endfacet
  facet normal 0 0 1
    outer loop
      vertex -0.13831867790849958 -2.4806308479691594 1.5
      vertex 5 -14 1.5
      vertex -0.12990952255126037 -2.4829629131445343 1.5
    endloop
  endfacet
  facet normal 0.2672383760782742 -0.9636304532086181 0
    outer loop
      vertex -0.13831867790849958 2.4806308479691594 0.5
      vertex -0.12990952255126037 2.4829629131445343 0.5
      vertex -0.12990952255126037 2.4829629131445343 1.5
    endloop
  endfacet
  facet normal 0.2672383760782742 -0.9636304532086181 0
    outer loop
      vertex -0.13831867790849958 2.4806308479691594 0.5
      vertex -0.12990952255126037 2.4829629131445343 1.5
      vertex -0.13831867790849958 2.4806308479691594 1.5
    endloop
  endfacet
  facet normal 0 0 1
    outer loop
      vertex -0.13831867790849958 2.4806308479691594 1.5
      vertex -0.12990952255126037 2.4829629131445343 1.5
      vertex 2.6816432911085166 3.9357886821272814 1.5
    endloop
  endfacet
  facet normal 0.2503800040544405 0.968147640378108 0
    outer loop
      vertex -0.12990952255126037 -2.4829629131445343 0.5
      vertex -0.12990952255126037 -2.4829629131445343 1.5
      vertex -0.12146094779983387 -2.4851478631379984 0.5
    endloop
  endfacet
  facet normal 0 0 -1
    outer loop
      vertex -0.12990952255126037 -2.4829629131445343 0.5
      vertex -0.12146094779983387 -2.4851478631379984 0.5
      vertex 4 -14 0.5
    endloop
  endfacet
  facet normal 0.2503800040544405 0.968147640378108 0
    outer loop
      vertex -0.12990952255126037 -2.4829629131445343 1.5
      vertex -0.12146094779983387 -2.4851478631379984 1.5
      vertex -0.12146094779983387 -2.4851478631379984 0.5
    endloop
  endfacet
  facet normal 0 0 1
    outer loop
      vertex -0.12990952255126037 -2.4829629131445343 1.5
      vertex 5 -14 1.5
      vertex -0.12146094779983387 -2.4851478631379984 1.5
    endloop
  endfacet
  facet normal 0.2503800040544405 -0.968147640378108 0
    outer loop
      vertex -0.12990952255126037 2.4829629131445343 0.5
      vertex -0.12146094779983387 2.4851478631379984 0.5
      vertex -0.12146094779983387 2.4851478631379984 1.5
    endloop
  endfacet
  facet normal 0.2503800040544405 -0.968147640378108 0
    outer loop
      vertex -0.12990952255126037 2.4829629131445343 0.5
      vertex -0.12146094779983387 2.4851478631379984 1.5
      vertex -0.12990952255126037 2.4829629131445343 1.5
    endloop
  endfacet
  facet normal 0 0 1
    outer loop
      vertex -0.12990952255126037 2.4829629131445343 1.5
      vertex -0.12146094779983387 2.4851478631379984 1.5
      vertex 2.6816432911085166 3.9357886821272814 1.5
    endloop
  endfacet
  facet normal 0.23344536385589426 0.9723699203976792 0
    outer loop
      vertex -0.12146094779983387 -2.4851478631379984 0.5
      vertex -0.12146094779983387 -2.4851478631379984 1.5
      vertex -0.1129755271719325 -2.4871850323926177 0.5
    endloop
  endfacet
  facet normal 0 0 -1
    outer loop
      vertex -0.12146094779983387 -2.4851478631379984 0.5
      vertex -0.1129755271719325 -2.4871850323926177 0.5
      vertex 4 -14 0.5
    endloop
  endfacet
  facet normal 0.23344536385589426 0.9723699203976792 0
    outer loop
      vertex -0.12146094779983387 -2.4851478631379984 1.5
      vertex -0.1129755271719325 -2.4871850323926177 1.5
      vertex -0.1129755271719325 -2.4871850323926177 0.5
    endloop
  endfacet
  facet normal 0 0 1
    outer loop
      vertex -0.12146094779983387 -2.4851478631379984 1.5
      vertex 5 -14 1.5
      vertex -0.1129755271719325 -2.4871850323926177 1.5
    endloop
  endfacet
  facet normal 0.23344536385589426 -0.9723699203976792 0
    outer loop
      vertex -0.12146094779983387 2.4851478631379984 0.5
      vertex -0.1129755271719325 2.4871850323926177 0.5
      vertex -0.1129755271719325 2.4871850323926177 1.5
    endloop
  endfacet
  facet normal 0.23344536385589426 -0.9723699203976792 0
    outer loop
      vertex -0.12146094779983387 2.4851478631379984 0.5
      vertex -0.1129755271719325 2.4871850323926177 1.5
      vertex -0.12146094779983387 2.4851478631379984 1.5
    endloop
  endfacet
  facet normal 0 0 1
    outer loop
      vertex -0.12146094779983387 2.4851478631379984 1.5
      vertex -0.1129755271719325 2.4871850323926177 1.5
      vertex 2.6816432911085166 3.9357886821272814 1.5
    endloop
  endfacet
  facet normal 0.21643961393809866 0.9762960071199344 0
    outer loop
      vertex -0.1129755271719325 -2.4871850323926177 0.5
      vertex -0.1129755271719325 -2.4871850323926177 1.5
      vertex -0.10445584540887967 -2.489073800366903 0.5
    endloop
  endfacet
  facet normal 0 0 -1
    outer loop
      vertex -0.1129755271719325 -2.4871850323926177 0.5
      vertex -0.10445584540887967 -2.489073800366903 0.5
      vertex 4 -14 0.5
    endloop
  endfacet
  facet normal 0.21643961393809866 0.9762960071199344 0
    outer loop
      vertex -0.1129755271719325 -2.4871850323926177 1.5
      vertex -0.10445584540887967 -2.489073800366903 1.5
      vertex -0.10445584540887967 -2.489073800366903 0.5
    endloop
  endfacet
  facet normal 0 0 1
    outer loop
      vertex -0.1129755271719325 -2.4871850323926177 1.5
      vertex 5 -14 1.5
      vertex -0.10445584540887967 -2.489073800366903 1.5
    endloop
  endfacet
  facet normal 0.21643961393809866 -0.9762960071199344 0
    outer loop
      vertex -0.1129755271719325 2.4871850323926177 0.5
      vertex -0.10445584540887967 2.489073800366903 0.5
      vertex -0.10445584540887967 2.489073800366903 1.5
    endloop
  endfacet
  facet normal 0.21643961393809866 -0.9762960071199344 0
    outer loop
      vertex -0.1129755271719325 2.4871850323926177 0.5
      vertex -0.10445584540887967 2.489073800366903 1.5
      vertex -0.1129755271719325 2.4871850323926177 1.5
    endloop
  endfacet
  facet normal 0 0 1
    outer loop
      vertex -0.1129755271719325 2.4871850323926177 1.5
      vertex -0.10445584540887967 2.489073800366903 1.5
      vertex 2.6816432911085166 3.9357886821272814 1.5
    endloop
  endfacet
  facet normal 0.19936793441718323 0.9799247046208324 0
    outer loop
      vertex -0.10445584540887967 -2.489073800366903 0.5
      vertex -0.10445584540887967 -2.489073800366903 1.5
      vertex -0.0959044976882724 -2.490813591723832 0.5
    endloop
  endfacet
  facet normal 0 0 -1
    outer loop
      vertex -0.10445584540887967 -2.489073800366903 0.5
      vertex -0.0959044976882724 -2.490813591723832 0.5
      vertex 4 -14 0.5
    endloop
  endfacet
  facet normal 0.19936793441718323 0.9799247046208324 0
    outer loop
      vertex -0.10445584540887967 -2.489073800366903 1.5
      vertex -0.0959044976882724 -2.490813591723832 1.5
      vertex -0.0959044976882724 -2.490813591723832 0.5
    endloop
  endfacet
  facet normal 0 0 1
    outer loop
      vertex -0.10445584540887967 -2.489073800366903 1.5
      vertex 5 -14 1.5
      vertex -0.0959044976882724 -2.490813591723832 1.5
    endloop
  endfacet
  facet normal 0.19936793441718323 -0.9799247046208324 0
    outer loop
      vertex -0.10445584540887967 2.489073800366903 0.5
      vertex -0.0959044976882724 2.490813591723832 0.5
      vertex -0.0959044976882724 2.490813591723832 1.5
    endloop
  endfacet
  facet normal 0.19936793441718323 -0.9799247046208324 0
    outer loop
      vertex -0.10445584540887967 2.489073800366903 0.5
      vertex -0.0959044976882724 2.490813591723832 1.5
      vertex -0.10445584540887967 2.489073800366903 1.5
    endloop
  endfacet
  facet normal 0 0 1
    outer loop
      vertex -0.10445584540887967 2.489073800366903 1.5
      vertex -0.0959044976882724 2.490813591723832 1.5
      vertex 2.75 3.897114317029974 1.5
    endloop
  endfacet
  facet normal 0 0 1
    outer loop
      vertex -0.10445584540887967 2.489073800366903 1.5
      vertex 2.75 3.897114317029974 1.5
      vertex 2.6816432911085166 3.9357886821272814 1.5
    endloop
  endfacet
  facet normal 0.18223552549216243 0.9832549075639518 0
    outer loop
      vertex -0.0959044976882724 -2.490813591723832 0.5
      vertex -0.0959044976882724 -2.490813591723832 1.5
      vertex -0.08732408883346517 -2.492403876506104 0.5
    endloop
  endfacet
  facet normal 0 0 -1
    outer loop
      vertex -0.0959044976882724 -2.490813591723832 0.5
      vertex -0.08732408883346517 -2.492403876506104 0.5
      vertex 4 -14 0.5
    endloop
  endfacet
  facet normal 0.18223552549216243 0.9832549075639518 0
    outer loop
      vertex -0.0959044976882724 -2.490813591723832 1.5
      vertex -0.08732408883346517 -2.492403876506104 1.5
      vertex -0.08732408883346517 -2.492403876506104 0.5
    endloop
  endfacet
  facet normal 0 0 1
    outer loop
      vertex -0.0959044976882724 -2.490813591723832 1.5
      vertex 5 -14 1.5
      vertex -0.08732408883346517 -2.492403876506104 1.5
    endloop
  endfacet
  facet normal 0.18223552549216243 -0.9832549075639518 0
    outer loop
      vertex -0.0959044976882724 2.490813591723832 0.5
      vertex -0.08732408883346517 2.492403876506104 0.5
      vertex -0.08732408883346517 2.492403876506104 1.5
    endloop
  endfacet
  facet normal 0.18223552549216243 -0.9832549075639518 0
    outer loop
      vertex -0.0959044976882724 2.490813591723832 0.5
      vertex -0.08732408883346517 2.492403876506104 1.5
      vertex -0.0959044976882724 2.490813591723832 1.5
    endloop
  endfacet
  facet normal 0 0 1
    outer loop
      vertex -0.0959044976882724 2.490813591723832 1.5
      vertex -0.08732408883346517 2.492403876506104 1.5
      vertex 2.75 3.897114317029974 1.5
    endloop
  endfacet
  facet normal 0.16504760586070102 0.9862856015372274 0
    outer loop
      vertex -0.08732408883346517 -2.492403876506104 0.5
      vertex -0.08732408883346517 -2.492403876506104 1.5
      vertex -0.07871723252011543 -2.493844170297569 0.5
    endloop
  endfacet
  facet normal 0 0 -1
    outer loop
      vertex -0.08732408883346517 -2.492403876506104 0.5
      vertex -0.07871723252011543 -2.493844170297569 0.5
      vertex 4 -14 0.5
    endloop
  endfacet
  facet normal 0.16504760586070102 0.9862856015372274 0
    outer loop
      vertex -0.08732408883346517 -2.492403876506104 1.5
      vertex -0.07871723252011543 -2.493844170297569 1.5
      vertex -0.07871723252011543 -2.493844170297569 0.5
    endloop
  endfacet
  facet normal 0 0 1
    outer loop
      vertex -0.08732408883346517 -2.492403876506104 1.5
      vertex 5 -14 1.5
      vertex -0.07871723252011543 -2.493844170297569 1.5
    endloop
  endfacet
  facet normal 0.16504760586070102 -0.9862856015372274 0
    outer loop
      vertex -0.08732408883346517 2.492403876506104 0.5
      vertex -0.07871723252011543 2.493844170297569 0.5
      vertex -0.07871723252011543 2.493844170297569 1.5
    endloop
  endfacet
  facet normal 0.16504760586070102 -0.9862856015372274 0
    outer loop
      vertex -0.08732408883346517 2.492403876506104 0.5
      vertex -0.07871723252011543 2.493844170297569 1.5
      vertex -0.08732408883346517 2.492403876506104 1.5
    endloop
  endfacet
  facet normal 0 0 1
    outer loop
      vertex -0.08732408883346517 2.492403876506104 1.5
      vertex -0.07871723252011543 2.493844170297569 1.5
      vertex 2.75 3.897114317029974 1.5
    endloop
  endfacet
  facet normal 0.14780941112957338 0.9890158633619224 0
    outer loop
      vertex -0.07871723252011543 -2.493844170297569 0.5
      vertex -0.07871723252011543 -2.493844170297569 1.5
      vertex -0.07008655048003272 -2.495134034370785 0.5
    endloop
  endfacet
  facet normal 0 0 -1
    outer loop
      vertex -0.07871723252011543 -2.493844170297569 0.5
      vertex -0.07008655048003272 -2.495134034370785 0.5
      vertex 4 -14 0.5
    endloop
  endfacet
  facet normal 0.14780941112957338 0.9890158633619224 0
    outer loop
      vertex -0.07871723252011543 -2.493844170297569 1.5
      vertex -0.07008655048003272 -2.495134034370785 1.5
      vertex -0.07008655048003272 -2.495134034370785 0.5
    endloop
  endfacet
  facet normal 0 0 1
    outer loop
      vertex -0.07871723252011543 -2.493844170297569 1.5
      vertex 5 -14 1.5
      vertex -0.07008655048003272 -2.495134034370785 1.5
    endloop
  endfacet
  facet normal 0.14780941112957338 -0.9890158633619224 0
    outer loop
      vertex -0.07871723252011543 2.493844170297569 0.5
      vertex -0.07008655048003272 2.495134034370785 0.5
      vertex -0.07008655048003272 2.495134034370785 1.5
    endloop
  endfacet
  facet normal 0.14780941112957338 -0.9890158633619224 0
    outer loop
      vertex -0.07871723252011543 2.493844170297569 0.5
      vertex -0.07008655048003272 2.495134034370785 1.5
      vertex -0.07871723252011543 2.493844170297569 1.5
    endloop
  endfacet
  facet normal 0 0 1
    outer loop
      vertex -0.07871723252011543 2.493844170297569 1.5
      vertex -0.07008655048003272 2.495134034370785 1.5
      vertex 2.75 3.897114317029974 1.5
    endloop
  endfacet
  facet normal 0.13052619222003978 0.9914448613738119 0
    outer loop
      vertex -0.07008655048003272 -2.495134034370785 0.5
      vertex -0.07008655048003272 -2.495134034370785 1.5
      vertex -0.06143467170257374 -2.496273075820661 0.5
    endloop
  endfacet
  facet normal 0 0 -1
    outer loop
      vertex -0.07008655048003272 -2.495134034370785 0.5
      vertex -0.06143467170257374 -2.496273075820661 0.5
      vertex 4 -14 0.5
    endloop
  endfacet
  facet normal 0.13052619222003978 0.9914448613738119 0
    outer loop
      vertex -0.07008655048003272 -2.495134034370785 1.5
      vertex -0.06143467170257374 -2.496273075820661 1.5
      vertex -0.06143467170257374 -2.496273075820661 0.5
    endloop
  endfacet
  facet normal 0 0 1
    outer loop
      vertex -0.07008655048003272 -2.495134034370785 1.5
      vertex 5 -14 1.5
      vertex -0.06143467170257374 -2.496273075820661 1.5
    endloop
  endfacet
  facet normal 0.13052619222003978 -0.9914448613738119 0
    outer loop
      vertex -0.07008655048003272 2.495134034370785 0.5
      vertex -0.06143467170257374 2.496273075820661 0.5
      vertex -0.06143467170257374 2.496273075820661 1.5
    endloop
  endfacet
  facet normal 0.13052619222003978 -0.9914448613738119 0
    outer loop
      vertex -0.07008655048003272 2.495134034370785 0.5
      vertex -0.06143467170257374 2.496273075820661 1.5
      vertex -0.07008655048003272 2.495134034370785 1.5
    endloop
  endfacet
  facet normal 0 0 -1
    outer loop
      vertex -0.07008655048003272 2.495134034370785 0.5
      vertex 2.457175162147614 2.901631503942646 0.5
      vertex -0.06143467170257374 2.496273075820661 0.5
    endloop
  endfacet
  facet normal 0 0 1
    outer loop
      vertex -0.07008655048003272 2.495134034370785 1.5
      vertex -0.06143467170257374 2.496273075820661 1.5
      vertex 2.75 3.897114317029974 1.5
    endloop
  endfacet
  facet normal 0.11320321376793842 0.9935718556765839 0
    outer loop
      vertex -0.06143467170257374 -2.496273075820661 0.5
      vertex -0.06143467170257374 -2.496273075820661 1.5
      vertex -0.052764231633826736 -2.4972609476841368 0.5
    endloop
  endfacet
  facet normal 0 0 -1
    outer loop
      vertex -0.06143467170257374 -2.496273075820661 0.5
      vertex -0.052764231633826736 -2.4972609476841368 0.5
      vertex 4 -14 0.5
    endloop
  endfacet
  facet normal 0.11320321376793842 0.9935718556765839 0
    outer loop
      vertex -0.06143467170257374 -2.496273075820661 1.5
      vertex -0.052764231633826736 -2.4972609476841368 1.5
      vertex -0.052764231633826736 -2.4972609476841368 0.5
    endloop
  endfacet
  facet normal 0 0 1
    outer loop
      vertex -0.06143467170257374 -2.496273075820661 1.5
      vertex 5 -14 1.5
      vertex -0.052764231633826736 -2.4972609476841368 1.5
    endloop
  endfacet
  facet normal 0.11320321376793842 -0.9935718556765839 0
    outer loop
      vertex -0.06143467170257374 2.496273075820661 0.5
      vertex -0.052764231633826736 2.4972609476841368 0.5
      vertex -0.052764231633826736 2.4972609476841368 1.5
    endloop
  endfacet
  facet normal 0.11320321376793842 -0.9935718556765839 0
    outer loop
      vertex -0.06143467170257374 2.496273075820661 0.5
      vertex -0.052764231633826736 2.4972609476841368 1.5
      vertex -0.06143467170257374 2.496273075820661 1.5
    endloop
  endfacet
  facet normal 0 0 -1
    outer loop
      vertex -0.06143467170257374 2.496273075820661 0.5
      vertex 2.457175162147614 2.901631503942646 0.5
      vertex -0.052764231633826736 2.4972609476841368 0.5
    endloop
  endfacet
  facet normal 0 0 1
    outer loop
      vertex -0.06143467170257374 2.496273075820661 1.5
      vertex -0.052764231633826736 2.4972609476841368 1.5
      vertex 2.75 3.897114317029974 1.5
    endloop
  endfacet
  facet normal 0.09584575252020214 0.9953961983671809 0
    outer loop
      vertex -0.052764231633826736 -2.4972609476841368 0.5
      vertex -0.052764231633826736 -2.4972609476841368 1.5
      vertex -0.04407787137382908 -2.4980973490458727 0.5
    endloop
  endfacet
  facet normal 0 0 -1
    outer loop
      vertex -0.052764231633826736 -2.4972609476841368 0.5
      vertex -0.04407787137382908 -2.4980973490458727 0.5
      vertex 4 -14 0.5
    endloop
  endfacet
  facet normal 0.09584575252020214 0.9953961983671809 0
    outer loop
      vertex -0.052764231633826736 -2.4972609476841368 1.5
      vertex -0.04407787137382908 -2.4980973490458727 1.5
      vertex -0.04407787137382908 -2.4980973490458727 0.5
    endloop
  endfacet
  facet normal 0 0 1
    outer loop
      vertex -0.052764231633826736 -2.4972609476841368 1.5
      vertex 5 -14 1.5
      vertex -0.04407787137382908 -2.4980973490458727 1.5
    endloop
  endfacet
  facet normal 0.09584575252020214 -0.9953961983671809 0
    outer loop
      vertex -0.052764231633826736 2.4972609476841368 0.5
      vertex -0.04407787137382908 2.4980973490458727 0.5
      vertex -0.04407787137382908 2.4980973490458727 1.5
    endloop
  endfacet
  facet normal 0.09584575252020214 -0.9953961983671809 0
    outer loop
      vertex -0.052764231633826736 2.4972609476841368 0.5
      vertex -0.04407787137382908 2.4980973490458727 1.5
      vertex -0.052764231633826736 2.4972609476841368 1.5
    endloop
  endfacet
  facet normal 0 0 -1
    outer loop
      vertex -0.052764231633826736 2.4972609476841368 0.5
      vertex 2.457175162147614 2.901631503942646 0.5
      vertex -0.04407787137382908 2.4980973490458727 0.5
    endloop
  endfacet
  facet normal 0 0 1
    outer loop
      vertex -0.052764231633826736 2.4972609476841368 1.5
      vertex -0.04407787137382908 2.4980973490458727 1.5
      vertex 2.75 3.897114317029974 1.5
    endloop
  endfacet
  facet normal 0.07845909572786669 0.9969173337331263 0
    outer loop
      vertex -0.04407787137382908 -2.4980973490458727 0.5
      vertex -0.04407787137382908 -2.4980973490458727 1.5
      vertex -0.03537823687206265 -2.498782025129912 0.5
    endloop
  endfacet
  facet normal 0 0 -1
    outer loop
      vertex -0.04407787137382908 -2.4980973490458727 0.5
      vertex -0.03537823687206265 -2.498782025129912 0.5
      vertex 4 -14 0.5
    endloop
  endfacet
  facet normal 0.07845909572786669 0.9969173337331263 0
    outer loop
      vertex -0.04407787137382908 -2.4980973490458727 1.5
      vertex -0.03537823687206265 -2.498782025129912 1.5
      vertex -0.03537823687206265 -2.498782025129912 0.5
    endloop
  endfacet
  facet normal 0 0 1
    outer loop
      vertex -0.04407787137382908 -2.4980973490458727 1.5
      vertex 5 -14 1.5
      vertex -0.03537823687206265 -2.498782025129912 1.5
    endloop
  endfacet
  facet normal 0.07845909572786669 -0.9969173337331263 0
    outer loop
      vertex -0.04407787137382908 2.4980973490458727 0.5
      vertex -0.03537823687206265 2.498782025129912 0.5
      vertex -0.03537823687206265 2.498782025129912 1.5
    endloop
  endfacet
  facet normal 0.07845909572786669 -0.9969173337331263 0
    outer loop
      vertex -0.04407787137382908 2.4980973490458727 0.5
      vertex -0.03537823687206265 2.498782025129912 1.5
      vertex -0.04407787137382908 2.4980973490458727 1.5
    endloop
  endfacet
  facet normal 0 0 -1
    outer loop
      vertex -0.04407787137382908 2.4980973490458727 0.5
      vertex 2.457175162147614 2.901631503942646 0.5
      vertex -0.03537823687206265 2.498782025129912 0.5
    endloop
  endfacet
  facet normal 0 0 1
    outer loop
      vertex -0.04407787137382908 2.4980973490458727 1.5
      vertex -0.03537823687206265 2.498782025129912 1.5
      vertex 2.75 3.897114317029974 1.5
    endloop
  endfacet
  facet normal 0.06104853953486375 0.9981347984218666 0
    outer loop
      vertex -0.03537823687206265 -2.498782025129912 0.5
      vertex -0.03537823687206265 -2.498782025129912 1.5
      vertex -0.026667978121471918 -2.499314767377287 0.5
    endloop
  endfacet
  facet normal 0 0 -1
    outer loop
      vertex -0.03537823687206265 -2.498782025129912 0.5
      vertex -0.026667978121471918 -2.499314767377287 0.5
      vertex 4 -14 0.5
    endloop
  endfacet
  facet normal 0.06104853953486375 0.9981347984218666 0
    outer loop
      vertex -0.03537823687206265 -2.498782025129912 1.5
      vertex -0.026667978121471918 -2.499314767377287 1.5
      vertex -0.026667978121471918 -2.499314767377287 0.5
    endloop
  endfacet
  facet normal 0 0 1
    outer loop
      vertex -0.03537823687206265 -2.498782025129912 1.5
      vertex 5 -14 1.5
      vertex -0.026667978121471918 -2.499314767377287 1.5
    endloop
  endfacet
  facet normal 0.06104853953486375 -0.9981347984218666 0
    outer loop
      vertex -0.03537823687206265 2.498782025129912 0.5
      vertex -0.026667978121471918 2.499314767377287 0.5
      vertex -0.026667978121471918 2.499314767377287 1.5
    endloop
  endfacet
  facet normal 0.06104853953486375 -0.9981347984218666 0
    outer loop
      vertex -0.03537823687206265 2.498782025129912 0.5
      vertex -0.026667978121471918 2.499314767377287 1.5
      vertex -0.03537823687206265 2.498782025129912 1.5
    endloop
  endfacet
  facet normal 0 0 -1
    outer loop
      vertex -0.03537823687206265 2.498782025129912 0.5
      vertex 2.457175162147614 2.901631503942646 0.5
      vertex -0.026667978121471918 2.499314767377287 0.5
    endloop
  endfacet
  facet normal 0 0 1
    outer loop
      vertex -0.03537823687206265 2.498782025129912 1.5
      vertex -0.026667978121471918 2.499314767377287 1.5
      vertex 2.75 3.897114317029974 1.5
    endloop
  endfacet
  facet normal 0.043619387365327444 0.999048221581858 0
    outer loop
      vertex -0.026667978121471918 -2.499314767377287 0.5
      vertex -0.026667978121471918 -2.499314767377287 1.5
      vertex -0.017949748351250485 -2.499695413509548 0.5
    endloop
  endfacet
  facet normal 0 0 -1
    outer loop
      vertex -0.026667978121471918 -2.499314767377287 0.5
      vertex -0.017949748351250485 -2.499695413509548 0.5
      vertex 4 -14 0.5
    endloop
  endfacet
  facet normal 0.043619387365327444 0.999048221581858 0
    outer loop
      vertex -0.026667978121471918 -2.499314767377287 1.5
      vertex -0.017949748351250485 -2.499695413509548 1.5
      vertex -0.017949748351250485 -2.499695413509548 0.5
    endloop
  endfacet
  facet normal 0 0 1
    outer loop
      vertex -0.026667978121471918 -2.499314767377287 1.5
      vertex 5 -14 1.5
      vertex -0.017949748351250485 -2.499695413509548 1.5
    endloop
  endfacet
  facet normal 0.043619387365327444 -0.999048221581858 0
    outer loop
      vertex -0.026667978121471918 2.499314767377287 0.5
      vertex -0.017949748351250485 2.499695413509548 0.5
      vertex -0.017949748351250485 2.499695413509548 1.5
    endloop
  endfacet
  facet normal 0.043619387365327444 -0.999048221581858 0
    outer loop
      vertex -0.026667978121471918 2.499314767377287 0.5
      vertex -0.017949748351250485 2.499695413509548 1.5
      vertex -0.026667978121471918 2.499314767377287 1.5
    endloop
  endfacet
  facet normal 0 0 -1
    outer loop
      vertex -0.026667978121471918 2.499314767377287 0.5
      vertex 2.457175162147614 2.901631503942646 0.5
      vertex -0.017949748351250485 2.499695413509548 0.5
    endloop
  endfacet
  facet normal 0 0 1
    outer loop
      vertex -0.026667978121471918 2.499314767377287 1.5
      vertex -0.017949748351250485 2.499695413509548 1.5
      vertex 2.75 3.897114317029974 1.5
    endloop
  endfacet
  facet normal 0.026176948307853987 0.9996573249755578 0
    outer loop
      vertex -0.017949748351250485 -2.499695413509548 0.5
      vertex -0.017949748351250485 -2.499695413509548 1.5
      vertex -0.009226203218641756 -2.4999238475781955 0.5
    endloop
  endfacet
  facet normal 0 0 -1
    outer loop
      vertex -0.017949748351250485 -2.499695413509548 0.5
      vertex -0.009226203218641756 -2.4999238475781955 0.5
      vertex 4 -14 0.5
    endloop
  endfacet
  facet normal 0.026176948307853987 0.9996573249755578 0
    outer loop
      vertex -0.017949748351250485 -2.499695413509548 1.5
      vertex -0.009226203218641756 -2.4999238475781955 1.5
      vertex -0.009226203218641756 -2.4999238475781955 0.5
    endloop
  endfacet
  facet normal 0 0 1
    outer loop
      vertex -0.017949748351250485 -2.499695413509548 1.5
      vertex 5 -14 1.5
      vertex -0.009226203218641756 -2.4999238475781955 1.5
    endloop
  endfacet
  facet normal 0.026176948307853987 -0.9996573249755578 0
    outer loop
      vertex -0.017949748351250485 2.499695413509548 0.5
      vertex -0.009226203218641756 2.4999238475781955 0.5
      vertex -0.009226203218641756 2.4999238475781955 1.5
    endloop
  endfacet
  facet normal 0.026176948307853987 -0.9996573249755578 0
    outer loop
      vertex -0.017949748351250485 2.499695413509548 0.5
      vertex -0.009226203218641756 2.4999238475781955 1.5
      vertex -0.017949748351250485 2.499695413509548 1.5
    endloop
  endfacet
  facet normal 0 0 -1
    outer loop
      vertex -0.017949748351250485 2.499695413509548 0.5
      vertex 2.457175162147614 2.901631503942646 0.5
      vertex -0.009226203218641756 2.4999238475781955 0.5
    endloop
  endfacet
  facet normal 0 0 1
    outer loop
      vertex -0.017949748351250485 2.499695413509548 1.5
      vertex -0.009226203218641756 2.4999238475781955 1.5
      vertex 2.75 3.897114317029974 1.5
    endloop
  endfacet
  facet normal 0.008726535498384915 0.9999619230641713 0
    outer loop
      vertex -0.009226203218641756 -2.4999238475781955 0.5
      vertex -0.009226203218641756 -2.4999238475781955 1.5
      vertex -0.0005 -2.5 0.5
    endloop
  endfacet
  facet normal 0 0 -1
    outer loop
      vertex -0.009226203218641756 -2.4999238475781955 0.5
      vertex -0.0005 -2.5 0.5
      vertex 4 -14 0.5
    endloop
  endfacet
  facet normal 0.008726535498384915 0.9999619230641713 0
    outer loop
      vertex -0.009226203218641756 -2.4999238475781955 1.5
      vertex -0.0005 -2.5 1.5
      vertex -0.0005 -2.5 0.5
    endloop
  endfacet
  facet normal 0 0 1
    outer loop
      vertex -0.009226203218641756 -2.4999238475781955 1.5
      vertex 5 -14 1.5
      vertex -0.0005 -2.5 1.5
    endloop
  endfacet
  facet normal 0.008726535498384915 -0.9999619230641713 0
    outer loop
      vertex -0.009226203218641756 2.4999238475781955 0.5
      vertex -0.0005 2.5 0.5
      vertex -0.0005 2.5 1.5
    endloop
  endfacet
  facet normal 0.008726535498384915 -0.9999619230641713 0
    outer loop
      vertex -0.009226203218641756 2.4999238475781955 0.5
      vertex -0.0005 2.5 1.5
      vertex -0.009226203218641756 2.4999238475781955 1.5
    endloop
  endfacet
  facet normal 0 0 -1
    outer loop
      vertex -0.009226203218641756 2.4999238475781955 0.5
      vertex 2.457175162147614 2.901631503942646 0.5
      vertex 2.507517527228661 2.867032155011472 0.5
    endloop
  endfacet
  facet normal 0 0 -1
    outer loop
      vertex -0.009226203218641756 2.4999238475781955 0.5
      vertex 2.507517527228661 2.867032155011472 0.5
      vertex -0.0005 2.5 0.5
    endloop
  endfacet
  facet normal 0 0 1
    outer loop
      vertex -0.009226203218641756 2.4999238475781955 1.5
      vertex -0.0005 2.5 1.5
      vertex 2.75 3.897114317029974 1.5
    endloop
  endfacet
  facet normal 0 1 0
    outer loop
      vertex -0.0005 -2.5 0.5
      vertex -0.0005 -2.5 1.5
      vertex 0.0005 -2.5 0.5
    endloop
  endfacet
  facet normal 0 0 -1
    outer loop
      vertex -0.0005 -2.5 0.5
      vertex 0.0005 -2.5 0.5
      vertex 4 -14 0.5
    endloop
  endfacet
  facet normal 0 1 0
    outer loop
      vertex -0.0005 -2.5 1.5
      vertex 0.0005 -2.5 1.5
      vertex 0.0005 -2.5 0.5
    endloop
  endfacet
  facet normal 0 0 1
    outer loop
      vertex -0.0005 -2.5 1.5
      vertex 5 -14 1.5
      vertex 0.0005 -2.5 1.5
    endloop
  endfacet
  facet normal 0 -1 0
    outer loop
      vertex -0.0005 2.5 0.5
      vertex 0.0005 2.5 0.5
      vertex 0.0005 2.5 1.5
    endloop
  endfacet
  facet normal 0 -1 0
    outer loop
      vertex -0.0005 2.5 0.5
      vertex 0.0005 2.5 1.5
      vertex -0.0005 2.5 1.5
    endloop
  endfacet
  facet normal 0 0 -1
    outer loop
      vertex -0.0005 2.5 0.5
      vertex 2.507517527228661 2.867032155011472 0.5
      vertex 0.0005 2.5 0.5
    endloop
  endfacet
  facet normal 0 0 1
    outer loop
      vertex -0.0005 2.5 1.5
      vertex 0.0005 2.5 1.5
      vertex 2.75 3.897114317029974 1.5
    endloop
  endfacet
  facet normal -0.008726535498384915 0.9999619230641713 0
    outer loop
      vertex 0.0005 -2.5 0.5
      vertex 0.0005 -2.5 1.5
      vertex 0.009226203218641756 -2.4999238475781955 0.5
    endloop
  endfacet
  facet normal 0 0 -1
    outer loop
      vertex 0.0005 -2.5 0.5
      vertex 0.009226203218641756 -2.4999238475781955 0.5
      vertex 4 -14 0.5
    endloop
  endfacet
  facet normal -0.008726535498384915 0.9999619230641713 0
    outer loop
      vertex 0.0005 -2.5 1.5
      vertex 0.009226203218641756 -2.4999238475781955 1.5
      vertex 0.009226203218641756 -2.4999238475781955 0.5
    endloop
  endfacet
  facet normal 0 0 1
    outer loop
      vertex 0.0005 -2.5 1.5
      vertex 5 -14 1.5
      vertex 0.009226203218641756 -2.4999238475781955 1.5
    endloop
  endfacet
  facet normal -0.008726535498384915 -0.9999619230641713 0
    outer loop
      vertex 0.0005 2.5 0.5
      vertex 0.009226203218641756 2.4999238475781955 0.5
      vertex 0.009226203218641756 2.4999238475781955 1.5
    endloop
  endfacet
  facet normal -0.008726535498384915 -0.9999619230641713 0
    outer loop
      vertex 0.0005 2.5 0.5
      vertex 0.009226203218641756 2.4999238475781955 1.5
      vertex 0.0005 2.5 1.5
    endloop
  endfacet
  facet normal 0 0 -1
    outer loop
      vertex 0.0005 2.5 0.5
      vertex 2.507517527228661 2.867032155011472 0.5
      vertex 0.009226203218641756 2.4999238475781955 0.5
    endloop
  endfacet
  facet normal 0 0 1
    outer loop
      vertex 0.0005 2.5 1.5
      vertex 0.009226203218641756 2.4999238475781955 1.5
      vertex 2.75 3.897114317029974 1.5
    endloop
  endfacet
  facet normal -0.026176948307853987 0.9996573249755578 0
    outer loop
      vertex 0.009226203218641756 -2.4999238475781955 0.5
      vertex 0.009226203218641756 -2.4999238475781955 1.5
      vertex 0.017949748351250485 -2.499695413509548 0.5
    endloop
  endfacet
  facet normal 0 0 -1
    outer loop
      vertex 0.009226203218641756 -2.4999238475781955 0.5
      vertex 0.017949748351250485 -2.499695413509548 0.5
      vertex 4 -14 0.5
    endloop
  endfacet
  facet normal -0.026176948307853987 0.9996573249755578 0
    outer loop
      vertex 0.009226203218641756 -2.4999238475781955 1.5
      vertex 0.017949748351250485 -2.499695413509548 1.5
      vertex 0.017949748351250485 -2.499695413509548 0.5
    endloop
  endfacet
  facet normal 0 0 1
    outer loop
      vertex 0.009226203218641756 -2.4999238475781955 1.5
      vertex 5 -14 1.5
      vertex 0.017949748351250485 -2.499695413509548 1.5
    endloop
  endfacet
  facet normal -0.026176948307853987 -0.9996573249755578 0
    outer loop
      vertex 0.009226203218641756 2.4999238475781955 0.5
      vertex 0.017949748351250485 2.499695413509548 0.5
      vertex 0.017949748351250485 2.499695413509548 1.5
    endloop
  endfacet
  facet normal -0.026176948307853987 -0.9996573249755578 0
    outer loop
      vertex 0.009226203218641756 2.4999238475781955 0.5
      vertex 0.017949748351250485 2.499695413509548 1.5
      vertex 0.009226203218641756 2.4999238475781955 1.5
    endloop
  endfacet
  facet normal 0 0 -1
    outer loop
      vertex 0.009226203218641756 2.4999238475781955 0.5
      vertex 2.507517527228661 2.867032155011472 0.5
      vertex 0.017949748351250485 2.499695413509548 0.5
    endloop
  endfacet
  facet normal 0 0 1
    outer loop
      vertex 0.009226203218641756 2.4999238475781955 1.5
      vertex 0.017949748351250485 2.499695413509548 1.5
      vertex 2.75 3.897114317029974 1.5
    endloop
  endfacet
  facet normal -0.043619387365327444 0.999048221581858 0
    outer loop
      vertex 0.017949748351250485 -2.499695413509548 0.5
      vertex 0.017949748351250485 -2.499695413509548 1.5
      vertex 0.026667978121471918 -2.499314767377287 0.5
    endloop
  endfacet
  facet normal 0 0 -1
    outer loop
      vertex 0.017949748351250485 -2.499695413509548 0.5
      vertex 0.026667978121471918 -2.499314767377287 0.5
      vertex 4 -14 0.5
    endloop
  endfacet
  facet normal -0.043619387365327444 0.999048221581858 0
    outer loop
      vertex 0.017949748351250485 -2.499695413509548 1.5
      vertex 0.026667978121471918 -2.499314767377287 1.5
      vertex 0.026667978121471918 -2.499314767377287 0.5
    endloop
  endfacet
  facet normal 0 0 1
    outer loop
      vertex 0.017949748351250485 -2.499695413509548 1.5
      vertex 5 -14 1.5
      vertex 0.026667978121471918 -2.499314767377287 1.5
    endloop
  endfacet
  facet normal -0.043619387365327444 -0.999048221581858 0
    outer loop
      vertex 0.017949748351250485 2.499695413509548 0.5
      vertex 0.026667978121471918 2.499314767377287 0.5
      vertex 0.026667978121471918 2.499314767377287 1.5
    endloop
  endfacet
  facet normal -0.043619387365327444 -0.999048221581858 0
    outer loop
      vertex 0.017949748351250485 2.499695413509548 0.5
      vertex 0.026667978121471918 2.499314767377287 1.5
      vertex 0.017949748351250485 2.499695413509548 1.5
    endloop
  endfacet
  facet normal 0 0 -1
    outer loop
      vertex 0.017949748351250485 2.499695413509548 0.5
      vertex 2.507517527228661 2.867032155011472 0.5
      vertex 0.026667978121471918 2.499314767377287 0.5
    endloop
  endfacet
  facet normal 0 0 1
    outer loop
      vertex 0.017949748351250485 2.499695413509548 1.5
      vertex 0.026667978121471918 2.499314767377287 1.5
      vertex 2.8176713370952435 3.8572528531595047 1.5
    endloop
  endfacet
  facet normal 0 0 1
    outer loop
      vertex 0.017949748351250485 2.499695413509548 1.5
      vertex 2.8176713370952435 3.8572528531595047 1.5
      vertex 2.75 3.897114317029974 1.5
    endloop
  endfacet
  facet normal -0.06104853953486375 0.9981347984218666 0
    outer loop
      vertex 0.026667978121471918 -2.499314767377287 0.5
      vertex 0.026667978121471918 -2.499314767377287 1.5
      vertex 0.03537823687206265 -2.498782025129912 0.5
    endloop
  endfacet
  facet normal 0 0 -1
    outer loop
      vertex 0.026667978121471918 -2.499314767377287 0.5
      vertex 0.03537823687206265 -2.498782025129912 0.5
      vertex 4 -14 0.5
    endloop
  endfacet
  facet normal -0.06104853953486375 0.9981347984218666 0
    outer loop
      vertex 0.026667978121471918 -2.499314767377287 1.5
      vertex 0.03537823687206265 -2.498782025129912 1.5
      vertex 0.03537823687206265 -2.498782025129912 0.5
    endloop
  endfacet
  facet normal 0 0 1
    outer loop
      vertex 0.026667978121471918 -2.499314767377287 1.5
      vertex 5 -14 1.5
      vertex 0.03537823687206265 -2.498782025129912 1.5
    endloop
  endfacet
  facet normal -0.06104853953486375 -0.9981347984218666 0
    outer loop
      vertex 0.026667978121471918 2.499314767377287 0.5
      vertex 0.03537823687206265 2.498782025129912 0.5
      vertex 0.03537823687206265 2.498782025129912 1.5
    endloop
  endfacet
  facet normal -0.06104853953486375 -0.9981347984218666 0
    outer loop
      vertex 0.026667978121471918 2.499314767377287 0.5
      vertex 0.03537823687206265 2.498782025129912 1.5
      vertex 0.026667978121471918 2.499314767377287 1.5
    endloop
  endfacet
  facet normal 0 0 -1
    outer loop
      vertex 0.026667978121471918 2.499314767377287 0.5
      vertex 2.507517527228661 2.867032155011472 0.5
      vertex 0.03537823687206265 2.498782025129912 0.5
    endloop
  endfacet
  facet normal 0 0 1
    outer loop
      vertex 0.026667978121471918 2.499314767377287 1.5
      vertex 0.03537823687206265 2.498782025129912 1.5
      vertex 2.8176713370952435 3.8572528531595047 1.5
    endloop
  endfacet
  facet normal -0.07845909572786669 0.9969173337331263 0
    outer loop
      vertex 0.03537823687206265 -2.498782025129912 0.5
      vertex 0.03537823687206265 -2.498782025129912 1.5
      vertex 0.04407787137382908 -2.4980973490458727 0.5
    endloop
  endfacet
  facet normal 0 0 -1
    outer loop
      vertex 0.03537823687206265 -2.498782025129912 0.5
      vertex 0.04407787137382908 -2.4980973490458727 0.5
      vertex 4 -14 0.5
    endloop
  endfacet
  facet normal -0.07845909572786669 0.9969173337331263 0
    outer loop
      vertex 0.03537823687206265 -2.498782025129912 1.5
      vertex 0.04407787137382908 -2.4980973490458727 1.5
      vertex 0.04407787137382908 -2.4980973490458727 0.5
    endloop
  endfacet
  facet normal 0 0 1
    outer loop
      vertex 0.03537823687206265 -2.498782025129912 1.5
      vertex 5 -14 1.5
      vertex 0.04407787137382908 -2.4980973490458727 1.5
    endloop
  endfacet
  facet normal -0.07845909572786669 -0.9969173337331263 0
    outer loop
      vertex 0.03537823687206265 2.498782025129912 0.5
      vertex 0.04407787137382908 2.4980973490458727 0.5
      vertex 0.04407787137382908 2.4980973490458727 1.5
    endloop
  endfacet
  facet normal -0.07845909572786669 -0.9969173337331263 0
    outer loop
      vertex 0.03537823687206265 2.498782025129912 0.5
      vertex 0.04407787137382908 2.4980973490458727 1.5
      vertex 0.03537823687206265 2.498782025129912 1.5
    endloop
  endfacet
  facet normal 0 0 -1
    outer loop
      vertex 0.03537823687206265 2.498782025129912 0.5
      vertex 2.507517527228661 2.867032155011472 0.5
      vertex 0.04407787137382908 2.4980973490458727 0.5
    endloop
  endfacet
  facet normal 0 0 1
    outer loop
      vertex 0.03537823687206265 2.498782025129912 1.5
      vertex 0.04407787137382908 2.4980973490458727 1.5
      vertex 2.8176713370952435 3.8572528531595047 1.5
    endloop
  endfacet
  facet normal -0.09584575252020214 0.9953961983671809 0
    outer loop
      vertex 0.04407787137382908 -2.4980973490458727 0.5
      vertex 0.04407787137382908 -2.4980973490458727 1.5
      vertex 0.052764231633826736 -2.4972609476841368 0.5
    endloop
  endfacet
  facet normal 0 0 -1
    outer loop
      vertex 0.04407787137382908 -2.4980973490458727 0.5
      vertex 0.052764231633826736 -2.4972609476841368 0.5
      vertex 4 -14 0.5
    endloop
  endfacet
  facet normal -0.09584575252020214 0.9953961983671809 0
    outer loop
      vertex 0.04407787137382908 -2.4980973490458727 1.5
      vertex 0.052764231633826736 -2.4972609476841368 1.5
      vertex 0.052764231633826736 -2.4972609476841368 0.5
    endloop
  endfacet
  facet normal 0 0 1
    outer loop
      vertex 0.04407787137382908 -2.4980973490458727 1.5
      vertex 5 -14 1.5
      vertex 0.052764231633826736 -2.4972609476841368 1.5
    endloop
  endfacet
  facet normal -0.09584575252020214 -0.9953961983671809 0
    outer loop
      vertex 0.04407787137382908 2.4980973490458727 0.5
      vertex 0.052764231633826736 2.4972609476841368 0.5
      vertex 0.052764231633826736 2.4972609476841368 1.5
    endloop
  endfacet
  facet normal -0.09584575252020214 -0.9953961983671809 0
    outer loop
      vertex 0.04407787137382908 2.4980973490458727 0.5
      vertex 0.052764231633826736 2.4972609476841368 1.5
      vertex 0.04407787137382908 2.4980973490458727 1.5
    endloop
  endfacet
  facet normal 0 0 -1
    outer loop
      vertex 0.04407787137382908 2.4980973490458727 0.5
      vertex 2.507517527228661 2.867032155011472 0.5
      vertex 0.052764231633826736 2.4972609476841368 0.5
    endloop
  endfacet
  facet normal 0 0 1
    outer loop
      vertex 0.04407787137382908 2.4980973490458727 1.5
      vertex 0.052764231633826736 2.4972609476841368 1.5
      vertex 2.8176713370952435 3.8572528531595047 1.5
    endloop
  endfacet
  facet normal -0.11320321376793842 0.9935718556765839 0
    outer loop
      vertex 0.052764231633826736 -2.4972609476841368 0.5
      vertex 0.052764231633826736 -2.4972609476841368 1.5
      vertex 0.06143467170257374 -2.496273075820661 0.5
    endloop
  endfacet
  facet normal 0 0 -1
    outer loop
      vertex 0.052764231633826736 -2.4972609476841368 0.5
      vertex 0.06143467170257374 -2.496273075820661 0.5
      vertex 4 -14 0.5
    endloop
  endfacet
  facet normal -0.11320321376793842 0.9935718556765839 0
    outer loop
      vertex 0.052764231633826736 -2.4972609476841368 1.5
      vertex 0.06143467170257374 -2.496273075820661 1.5
      vertex 0.06143467170257374 -2.496273075820661 0.5
    endloop
  endfacet
  facet normal 0 0 1
    outer loop
      vertex 0.052764231633826736 -2.4972609476841368 1.5
      vertex 5 -14 1.5
      vertex 0.06143467170257374 -2.496273075820661 1.5
    endloop
  endfacet
  facet normal -0.11320321376793842 -0.9935718556765839 0
    outer loop
      vertex 0.052764231633826736 2.4972609476841368 0.5
      vertex 0.06143467170257374 2.496273075820661 0.5
      vertex 0.06143467170257374 2.496273075820661 1.5
    endloop
  endfacet
  facet normal -0.11320321376793842 -0.9935718556765839 0
    outer loop
      vertex 0.052764231633826736 2.4972609476841368 0.5
      vertex 0.06143467170257374 2.496273075820661 1.5
      vertex 0.052764231633826736 2.4972609476841368 1.5
    endloop
  endfacet
  facet normal 0 0 -1
    outer loop
      vertex 0.052764231633826736 2.4972609476841368 0.5
      vertex 2.507517527228661 2.867032155011472 0.5
      vertex 0.06143467170257374 2.496273075820661 0.5
    endloop
  endfacet
  facet normal 0 0 1
    outer loop
      vertex 0.052764231633826736 2.4972609476841368 1.5
      vertex 0.06143467170257374 2.496273075820661 1.5
      vertex 2.8176713370952435 3.8572528531595047 1.5
    endloop
  endfacet
  facet normal -0.13052619222003978 0.9914448613738119 0
    outer loop
      vertex 0.06143467170257374 -2.496273075820661 0.5
      vertex 0.06143467170257374 -2.496273075820661 1.5
      vertex 0.07008655048003272 -2.495134034370785 0.5
    endloop
  endfacet
  facet normal 0 0 -1
    outer loop
      vertex 0.06143467170257374 -2.496273075820661 0.5
      vertex 0.07008655048003272 -2.495134034370785 0.5
      vertex 4 -14 0.5
    endloop
  endfacet
  facet normal -0.13052619222003978 0.9914448613738119 0
    outer loop
      vertex 0.06143467170257374 -2.496273075820661 1.5
      vertex 0.07008655048003272 -2.495134034370785 1.5
      vertex 0.07008655048003272 -2.495134034370785 0.5
    endloop
  endfacet
  facet normal 0 0 1
    outer loop
      vertex 0.06143467170257374 -2.496273075820661 1.5
      vertex 5 -14 1.5
      vertex 0.07008655048003272 -2.495134034370785 1.5
    endloop
  endfacet
  facet normal -0.13052619222003978 -0.9914448613738119 0
    outer loop
      vertex 0.06143467170257374 2.496273075820661 0.5
      vertex 0.07008655048003272 2.495134034370785 0.5
      vertex 0.07008655048003272 2.495134034370785 1.5
    endloop
  endfacet
  facet normal -0.13052619222003978 -0.9914448613738119 0
    outer loop
      vertex 0.06143467170257374 2.496273075820661 0.5
      vertex 0.07008655048003272 2.495134034370785 1.5
      vertex 0.06143467170257374 2.496273075820661 1.5
    endloop
  endfacet
  facet normal 0 0 -1
    outer loop
      vertex 0.06143467170257374 2.496273075820661 0.5
      vertex 2.507517527228661 2.867032155011472 0.5
      vertex 0.07008655048003272 2.495134034370785 0.5
    endloop
  endfacet
  facet normal 0 0 1
    outer loop
      vertex 0.06143467170257374 2.496273075820661 1.5
      vertex 0.07008655048003272 2.495134034370785 1.5
      vertex 2.8176713370952435 3.8572528531595047 1.5
    endloop
  endfacet
  facet normal -0.14780941112957338 0.9890158633619224 0
    outer loop
      vertex 0.07008655048003272 -2.495134034370785 0.5
      vertex 0.07008655048003272 -2.495134034370785 1.5
      vertex 0.07871723252011543 -2.493844170297569 0.5
    endloop
  endfacet
  facet normal 0 0 -1
    outer loop
      vertex 0.07008655048003272 -2.495134034370785 0.5
      vertex 0.07871723252011543 -2.493844170297569 0.5
      vertex 4 -14 0.5
    endloop
  endfacet
  facet normal -0.14780941112957338 0.9890158633619224 0
    outer loop
      vertex 0.07008655048003272 -2.495134034370785 1.5
      vertex 0.07871723252011543 -2.493844170297569 1.5
      vertex 0.07871723252011543 -2.493844170297569 0.5
    endloop
  endfacet
  facet normal 0 0 1
    outer loop
      vertex 0.07008655048003272 -2.495134034370785 1.5
      vertex 5 -14 1.5
      vertex 0.07871723252011543 -2.493844170297569 1.5
    endloop
  endfacet
  facet normal -0.14780941112957338 -0.9890158633619224 0
    outer loop
      vertex 0.07008655048003272 2.495134034370785 0.5
      vertex 0.07871723252011543 2.493844170297569 0.5
      vertex 0.07871723252011543 2.493844170297569 1.5
    endloop
  endfacet
  facet normal -0.14780941112957338 -0.9890158633619224 0
    outer loop
      vertex 0.07008655048003272 2.495134034370785 0.5
      vertex 0.07871723252011543 2.493844170297569 1.5
      vertex 0.07008655048003272 2.495134034370785 1.5
    endloop
  endfacet
  facet normal 0 0 -1
    outer loop
      vertex 0.07008655048003272 2.495134034370785 0.5
      vertex 2.507517527228661 2.867032155011472 0.5
      vertex 0.07871723252011543 2.493844170297569 0.5
    endloop
  endfacet
  facet normal 0 0 1
    outer loop
      vertex 0.07008655048003272 2.495134034370785 1.5
      vertex 0.07871723252011543 2.493844170297569 1.5
      vertex 2.8176713370952435 3.8572528531595047 1.5
    endloop
  endfacet
  facet normal -0.16504760586070102 0.9862856015372274 0
    outer loop
      vertex 0.07871723252011543 -2.493844170297569 0.5
      vertex 0.07871723252011543 -2.493844170297569 1.5
      vertex 0.08732408883346517 -2.492403876506104 0.5
    endloop
  endfacet
  facet normal 0 0 -1
    outer loop
      vertex 0.07871723252011543 -2.493844170297569 0.5
      vertex 0.08732408883346517 -2.492403876506104 0.5
      vertex 4 -14 0.5
    endloop
  endfacet
  facet normal -0.16504760586070102 0.9862856015372274 0
    outer loop
      vertex 0.07871723252011543 -2.493844170297569 1.5
      vertex 0.08732408883346517 -2.492403876506104 1.5
      vertex 0.08732408883346517 -2.492403876506104 0.5
    endloop
  endfacet
  facet normal 0 0 1
    outer loop
      vertex 0.07871723252011543 -2.493844170297569 1.5
      vertex 5 -14 1.5
      vertex 0.08732408883346517 -2.492403876506104 1.5
    endloop
  endfacet
  facet normal -0.16504760586070102 -0.9862856015372274 0
    outer loop
      vertex 0.07871723252011543 2.493844170297569 0.5
      vertex 0.08732408883346517 2.492403876506104 0.5
      vertex 0.08732408883346517 2.492403876506104 1.5
    endloop
  endfacet
  facet normal -0.16504760586070102 -0.9862856015372274 0
    outer loop
      vertex 0.07871723252011543 2.493844170297569 0.5
      vertex 0.08732408883346517 2.492403876506104 1.5
      vertex 0.07871723252011543 2.493844170297569 1.5
    endloop
  endfacet
  facet normal 0 0 -1
    outer loop
      vertex 0.07871723252011543 2.493844170297569 0.5
      vertex 2.507517527228661 2.867032155011472 0.5
      vertex 0.08732408883346517 2.492403876506104 0.5
    endloop
  endfacet
  facet normal 0 0 1
    outer loop
      vertex 0.07871723252011543 2.493844170297569 1.5
      vertex 0.08732408883346517 2.492403876506104 1.5
      vertex 2.8176713370952435 3.8572528531595047 1.5
    endloop
  endfacet
  facet normal -0.18223552549216243 0.9832549075639518 0
    outer loop
      vertex 0.08732408883346517 -2.492403876506104 0.5
      vertex 0.08732408883346517 -2.492403876506104 1.5
      vertex 0.0959044976882724 -2.490813591723832 0.5
    endloop
  endfacet
  facet normal 0 0 -1
    outer loop
      vertex 0.08732408883346517 -2.492403876506104 0.5
      vertex 0.0959044976882724 -2.490813591723832 0.5
      vertex 4 -14 0.5
    endloop
  endfacet
  facet normal -0.18223552549216243 0.9832549075639518 0
    outer loop
      vertex 0.08732408883346517 -2.492403876506104 1.5
      vertex 0.0959044976882724 -2.490813591723832 1.5
      vertex 0.0959044976882724 -2.490813591723832 0.5
    endloop
  endfacet
  facet normal 0 0 1
    outer loop
      vertex 0.08732408883346517 -2.492403876506104 1.5
      vertex 5 -14 1.5
      vertex 0.0959044976882724 -2.490813591723832 1.5
    endloop
  endfacet
  facet normal -0.18223552549216243 -0.9832549075639518 0
    outer loop
      vertex 0.08732408883346517 2.492403876506104 0.5
      vertex 0.0959044976882724 2.490813591723832 0.5
      vertex 0.0959044976882724 2.490813591723832 1.5
    endloop
  endfacet
  facet normal -0.18223552549216243 -0.9832549075639518 0
    outer loop
      vertex 0.08732408883346517 2.492403876506104 0.5
      vertex 0.0959044976882724 2.490813591723832 1.5
      vertex 0.08732408883346517 2.492403876506104 1.5
    endloop
  endfacet
  facet normal 0 0 -1
    outer loop
      vertex 0.08732408883346517 2.492403876506104 0.5
      vertex 2.507517527228661 2.867032155011472 0.5
      vertex 0.0959044976882724 2.490813591723832 0.5
    endloop
  endfacet
  facet normal 0 0 1
    outer loop
      vertex 0.08732408883346517 2.492403876506104 1.5
      vertex 0.0959044976882724 2.490813591723832 1.5
      vertex 2.8176713370952435 3.8572528531595047 1.5
    endloop
  endfacet
  facet normal -0.19936793441718323 0.9799247046208324 0
    outer loop
      vertex 0.0959044976882724 -2.490813591723832 0.5
      vertex 0.0959044976882724 -2.490813591723832 1.5
      vertex 0.10445584540887967 -2.489073800366903 0.5
    endloop
  endfacet
  facet normal 0 0 -1
    outer loop
      vertex 0.0959044976882724 -2.490813591723832 0.5
      vertex 0.10445584540887967 -2.489073800366903 0.5
      vertex 4 -14 0.5
    endloop
  endfacet
  facet normal -0.19936793441718323 0.9799247046208324 0
    outer loop
      vertex 0.0959044976882724 -2.490813591723832 1.5
      vertex 0.10445584540887967 -2.489073800366903 1.5
      vertex 0.10445584540887967 -2.489073800366903 0.5
    endloop
  endfacet
  facet normal 0 0 1
    outer loop
      vertex 0.0959044976882724 -2.490813591723832 1.5
      vertex 5 -14 1.5
      vertex 0.10445584540887967 -2.489073800366903 1.5
    endloop
  endfacet
  facet normal -0.19936793441718323 -0.9799247046208324 0
    outer loop
      vertex 0.0959044976882724 2.490813591723832 0.5
      vertex 0.10445584540887967 2.489073800366903 0.5
      vertex 0.10445584540887967 2.489073800366903 1.5
    endloop
  endfacet
  facet normal -0.19936793441718323 -0.9799247046208324 0
    outer loop
      vertex 0.0959044976882724 2.490813591723832 0.5
      vertex 0.10445584540887967 2.489073800366903 1.5
      vertex 0.0959044976882724 2.490813591723832 1.5
    endloop
  endfacet
  facet normal 0 0 -1
    outer loop
      vertex 0.0959044976882724 2.490813591723832 0.5
      vertex 2.507517527228661 2.867032155011472 0.5
      vertex 2.557248383023656 2.8315594803123165 0.5
    endloop
  endfacet
  facet normal 0 0 -1
    outer loop
      vertex 0.0959044976882724 2.490813591723832 0.5
      vertex 2.557248383023656 2.8315594803123165 0.5
      vertex 0.10445584540887967 2.489073800366903 0.5
    endloop
  endfacet
  facet normal 0 0 1
    outer loop
      vertex 0.0959044976882724 2.490813591723832 1.5
      vertex 0.10445584540887967 2.489073800366903 1.5
      vertex 2.884636689049422 3.816216432703918 1.5
    endloop
  endfacet
  facet normal 0 0 1
    outer loop
      vertex 0.0959044976882724 2.490813591723832 1.5
      vertex 2.884636689049422 3.816216432703918 1.5
      vertex 2.8176713370952435 3.8572528531595047 1.5
    endloop
  endfacet
  facet normal -0.21643961393809866 0.9762960071199344 0
    outer loop
      vertex 0.10445584540887967 -2.489073800366903 0.5
      vertex 0.10445584540887967 -2.489073800366903 1.5
      vertex 0.1129755271719325 -2.4871850323926177 0.5
    endloop
  endfacet
  facet normal 0 0 -1
    outer loop
      vertex 0.10445584540887967 -2.489073800366903 0.5
      vertex 0.1129755271719325 -2.4871850323926177 0.5
      vertex 4 -14 0.5
    endloop
  endfacet
  facet normal -0.21643961393809866 0.9762960071199344 0
    outer loop
      vertex 0.10445584540887967 -2.489073800366903 1.5
      vertex 0.1129755271719325 -2.4871850323926177 1.5
      vertex 0.1129755271719325 -2.4871850323926177 0.5
    endloop
  endfacet
  facet normal 0 0 1
    outer loop
      vertex 0.10445584540887967 -2.489073800366903 1.5
      vertex 5 -14 1.5
      vertex 0.1129755271719325 -2.4871850323926177 1.5
    endloop
  endfacet
  facet normal -0.21643961393809866 -0.9762960071199344 0
    outer loop
      vertex 0.10445584540887967 2.489073800366903 0.5
      vertex 0.1129755271719325 2.4871850323926177 0.5
      vertex 0.1129755271719325 2.4871850323926177 1.5
    endloop
  endfacet
  facet normal -0.21643961393809866 -0.9762960071199344 0
    outer loop
      vertex 0.10445584540887967 2.489073800366903 0.5
      vertex 0.1129755271719325 2.4871850323926177 1.5
      vertex 0.10445584540887967 2.489073800366903 1.5
    endloop
  endfacet
  facet normal 0 0 -1
    outer loop
      vertex 0.10445584540887967 2.489073800366903 0.5
      vertex 2.557248383023656 2.8315594803123165 0.5
      vertex 0.1129755271719325 2.4871850323926177 0.5
    endloop
  endfacet
  facet normal 0 0 1
    outer loop
      vertex 0.10445584540887967 2.489073800366903 1.5
      vertex 0.1129755271719325 2.4871850323926177 1.5
      vertex 2.884636689049422 3.816216432703918 1.5
    endloop
  endfacet
  facet normal -0.23344536385589426 0.9723699203976792 0
    outer loop
      vertex 0.1129755271719325 -2.4871850323926177 0.5
      vertex 0.1129755271719325 -2.4871850323926177 1.5
      vertex 0.12146094779983387 -2.4851478631379984 0.5
    endloop
  endfacet
  facet normal 0 0 -1
    outer loop
      vertex 0.1129755271719325 -2.4871850323926177 0.5
      vertex 0.12146094779983387 -2.4851478631379984 0.5
      vertex 4 -14 0.5
    endloop
  endfacet
  facet normal -0.23344536385589426 0.9723699203976792 0
    outer loop
      vertex 0.1129755271719325 -2.4871850323926177 1.5
      vertex 0.12146094779983387 -2.4851478631379984 1.5
      vertex 0.12146094779983387 -2.4851478631379984 0.5
    endloop
  endfacet
  facet normal 0 0 1
    outer loop
      vertex 0.1129755271719325 -2.4871850323926177 1.5
      vertex 5 -14 1.5
      vertex 0.12146094779983387 -2.4851478631379984 1.5
    endloop
  endfacet
  facet normal -0.23344536385589426 -0.9723699203976792 0
    outer loop
      vertex 0.1129755271719325 2.4871850323926177 0.5
      vertex 0.12146094779983387 2.4851478631379984 0.5
      vertex 0.12146094779983387 2.4851478631379984 1.5
    endloop
  endfacet
  facet normal -0.23344536385589426 -0.9723699203976792 0
    outer loop
      vertex 0.1129755271719325 2.4871850323926177 0.5
      vertex 0.12146094779983387 2.4851478631379984 1.5
      vertex 0.1129755271719325 2.4871850323926177 1.5
    endloop
  endfacet
  facet normal 0 0 -1
    outer loop
      vertex 0.1129755271719325 2.4871850323926177 0.5
      vertex 2.557248383023656 2.8315594803123165 0.5
      vertex 0.12146094779983387 2.4851478631379984 0.5
    endloop
  endfacet
  facet normal 0 0 1
    outer loop
      vertex 0.1129755271719325 2.4871850323926177 1.5
      vertex 0.12146094779983387 2.4851478631379984 1.5
      vertex 2.884636689049422 3.816216432703918 1.5
    endloop
  endfacet
  facet normal -0.2503800040544405 0.968147640378108 0
    outer loop
      vertex 0.12146094779983387 -2.4851478631379984 0.5
      vertex 0.12146094779983387 -2.4851478631379984 1.5
      vertex 0.12990952255126037 -2.4829629131445343 0.5
    endloop
  endfacet
  facet normal 0 0 -1
    outer loop
      vertex 0.12146094779983387 -2.4851478631379984 0.5
      vertex 0.12990952255126037 -2.4829629131445343 0.5
      vertex 4 -14 0.5
    endloop
  endfacet
  facet normal -0.2503800040544405 0.968147640378108 0
    outer loop
      vertex 0.12146094779983387 -2.4851478631379984 1.5
      vertex 0.12990952255126037 -2.4829629131445343 1.5
      vertex 0.12990952255126037 -2.4829629131445343 0.5
    endloop
  endfacet
  facet normal 0 0 1
    outer loop
      vertex 0.12146094779983387 -2.4851478631379984 1.5
      vertex 5 -14 1.5
      vertex 0.12990952255126037 -2.4829629131445343 1.5
    endloop
  endfacet
  facet normal -0.2503800040544405 -0.968147640378108 0
    outer loop
      vertex 0.12146094779983387 2.4851478631379984 0.5
      vertex 0.12990952255126037 2.4829629131445343 0.5
      vertex 0.12990952255126037 2.4829629131445343 1.5
    endloop
  endfacet
  facet normal -0.2503800040544405 -0.968147640378108 0
    outer loop
      vertex 0.12146094779983387 2.4851478631379984 0.5
      vertex 0.12990952255126037 2.4829629131445343 1.5
      vertex 0.12146094779983387 2.4851478631379984 1.5
    endloop
  endfacet
  facet normal 0 0 -1
    outer loop
      vertex 0.12146094779983387 2.4851478631379984 0.5
      vertex 2.557248383023656 2.8315594803123165 0.5
      vertex 0.12990952255126037 2.4829629131445343 0.5
    endloop
  endfacet
  facet normal 0 0 1
    outer loop
      vertex 0.12146094779983387 2.4851478631379984 1.5
      vertex 0.12990952255126037 2.4829629131445343 1.5
      vertex 2.884636689049422 3.816216432703918 1.5
    endloop
  endfacet
  facet normal -0.2672383760782742 0.9636304532086181 0
    outer loop
      vertex 0.12990952255126037 -2.4829629131445343 0.5
      vertex 0.12990952255126037 -2.4829629131445343 1.5
      vertex 0.13831867790849958 -2.4806308479691594 0.5
    endloop
  endfacet
  facet normal 0 0 -1
    outer loop
      vertex 0.12990952255126037 -2.4829629131445343 0.5
      vertex 0.13831867790849958 -2.4806308479691594 0.5
      vertex 4 -14 0.5
    endloop
  endfacet
  facet normal -0.2672383760782742 0.9636304532086181 0
    outer loop
      vertex 0.12990952255126037 -2.4829629131445343 1.5
      vertex 0.13831867790849958 -2.4806308479691594 1.5
      vertex 0.13831867790849958 -2.4806308479691594 0.5
    endloop
  endfacet
  facet normal 0 0 1
    outer loop
      vertex 0.12990952255126037 -2.4829629131445343 1.5
      vertex 5 -14 1.5
      vertex 0.13831867790849958 -2.4806308479691594 1.5
    endloop
  endfacet
  facet normal -0.2672383760782742 -0.9636304532086181 0
    outer loop
      vertex 0.12990952255126037 2.4829629131445343 0.5
      vertex 0.13831867790849958 2.4806308479691594 0.5
      vertex 0.13831867790849958 2.4806308479691594 1.5
    endloop
  endfacet
  facet normal -0.2672383760782742 -0.9636304532086181 0
    outer loop
      vertex 0.12990952255126037 2.4829629131445343 0.5
      vertex 0.13831867790849958 2.4806308479691594 1.5
      vertex 0.12990952255126037 2.4829629131445343 1.5
    endloop
  endfacet
  facet normal 0 0 -1
    outer loop
      vertex 0.12990952255126037 2.4829629131445343 0.5
      vertex 2.557248383023656 2.8315594803123165 0.5
      vertex 0.13831867790849958 2.4806308479691594 0.5
    endloop
  endfacet
  facet normal 0 0 1
    outer loop
      vertex 0.12990952255126037 2.4829629131445343 1.5
      vertex 0.13831867790849958 2.4806308479691594 1.5
      vertex 2.884636689049422 3.816216432703918 1.5
    endloop
  endfacet
  facet normal -0.28401534470391987 0.9588197348681938 0
    outer loop
      vertex 0.13831867790849958 -2.4806308479691594 0.5
      vertex 0.13831867790849958 -2.4806308479691594 1.5
      vertex 0.14668585236136839 -2.4781523779815178 0.5
    endloop
  endfacet
  facet normal 0 0 -1
    outer loop
      vertex 0.13831867790849958 -2.4806308479691594 0.5
      vertex 0.14668585236136839 -2.4781523779815178 0.5
      vertex 4 -14 0.5
    endloop
  endfacet
  facet normal -0.28401534470391987 0.9588197348681938 0
    outer loop
      vertex 0.13831867790849958 -2.4806308479691594 1.5
      vertex 0.14668585236136839 -2.4781523779815178 1.5
      vertex 0.14668585236136839 -2.4781523779815178 0.5
    endloop
  endfacet
  facet normal 0 0 1
    outer loop
      vertex 0.13831867790849958 -2.4806308479691594 1.5
      vertex 5 -14 1.5
      vertex 0.14668585236136839 -2.4781523779815178 1.5
    endloop
  endfacet
  facet normal -0.28401534470391987 -0.9588197348681938 0
    outer loop
      vertex 0.13831867790849958 2.4806308479691594 0.5
      vertex 0.14668585236136839 2.4781523779815178 0.5
      vertex 0.14668585236136839 2.4781523779815178 1.5
    endloop
  endfacet
  facet normal -0.28401534470391987 -0.9588197348681938 0
    outer loop
      vertex 0.13831867790849958 2.4806308479691594 0.5
      vertex 0.14668585236136839 2.4781523779815178 1.5
      vertex 0.13831867790849958 2.4806308479691594 1.5
    endloop
  endfacet
  facet normal 0 0 -1
    outer loop
      vertex 0.13831867790849958 2.4806308479691594 0.5
      vertex 2.557248383023656 2.8315594803123165 0.5
      vertex 0.14668585236136839 2.4781523779815178 0.5
    endloop
  endfacet
  facet normal 0 0 1
    outer loop
      vertex 0.13831867790849958 2.4806308479691594 1.5
      vertex 0.14668585236136839 2.4781523779815178 1.5
      vertex 2.884636689049422 3.816216432703918 1.5
    endloop
  endfacet
  facet normal -0.30070579950427406 0.9537169507482267 0
    outer loop
      vertex 0.14668585236136839 -2.4781523779815178 0.5
      vertex 0.14668585236136839 -2.4781523779815178 1.5
      vertex 0.1550084971874737 -2.475528258147577 0.5
    endloop
  endfacet
  facet normal 0 0 -1
    outer loop
      vertex 0.14668585236136839 -2.4781523779815178 0.5
      vertex 0.1550084971874737 -2.475528258147577 0.5
      vertex 4 -14 0.5
    endloop
  endfacet
  facet normal -0.30070579950427406 0.9537169507482267 0
    outer loop
      vertex 0.14668585236136839 -2.4781523779815178 1.5
      vertex 0.1550084971874737 -2.475528258147577 1.5
      vertex 0.1550084971874737 -2.475528258147577 0.5
    endloop
  endfacet
  facet normal 0 0 1
    outer loop
      vertex 0.14668585236136839 -2.4781523779815178 1.5
      vertex 5 -14 1.5
      vertex 0.1550084971874737 -2.475528258147577 1.5
    endloop
  endfacet
  facet normal -0.30070579950427406 -0.9537169507482267 0
    outer loop
      vertex 0.14668585236136839 2.4781523779815178 0.5
      vertex 0.1550084971874737 2.475528258147577 0.5
      vertex 0.1550084971874737 2.475528258147577 1.5
    endloop
  endfacet
  facet normal -0.30070579950427406 -0.9537169507482267 0
    outer loop
      vertex 0.14668585236136839 2.4781523779815178 0.5
      vertex 0.1550084971874737 2.475528258147577 1.5
      vertex 0.14668585236136839 2.4781523779815178 1.5
    endloop
  endfacet
  facet normal 0 0 -1
    outer loop
      vertex 0.14668585236136839 2.4781523779815178 0.5
      vertex 2.557248383023656 2.8315594803123165 0.5
      vertex 0.1550084971874737 2.475528258147577 0.5
    endloop
  endfacet
  facet normal 0 0 1
    outer loop
      vertex 0.14668585236136839 2.4781523779815178 1.5
      vertex 0.1550084971874737 2.475528258147577 1.5
      vertex 2.884636689049422 3.816216432703918 1.5
    endloop
  endfacet
  facet normal -0.31730465640511 0.9483236552061933 0
    outer loop
      vertex 0.1550084971874737 -2.475528258147577 0.5
      vertex 0.1550084971874737 -2.475528258147577 1.5
      vertex 0.16328407722857835 -2.4727592877996583 0.5
    endloop
  endfacet
  facet normal 0 0 -1
    outer loop
      vertex 0.1550084971874737 -2.475528258147577 0.5
      vertex 0.16328407722857835 -2.4727592877996583 0.5
      vertex 4 -14 0.5
    endloop
  endfacet
  facet normal -0.31730465640511 0.9483236552061933 0
    outer loop
      vertex 0.1550084971874737 -2.475528258147577 1.5
      vertex 0.16328407722857835 -2.4727592877996583 1.5
      vertex 0.16328407722857835 -2.4727592877996583 0.5
    endloop
  endfacet
  facet normal 0 0 1
    outer loop
      vertex 0.1550084971874737 -2.475528258147577 1.5
      vertex 5 -14 1.5
      vertex 0.16328407722857835 -2.4727592877996583 1.5
    endloop
  endfacet
  facet normal -0.31730465640511 -0.9483236552061933 0
    outer loop
      vertex 0.1550084971874737 2.475528258147577 0.5
      vertex 0.16328407722857835 2.4727592877996583 0.5
      vertex 0.16328407722857835 2.4727592877996583 1.5
    endloop
  endfacet
  facet normal -0.31730465640511 -0.9483236552061933 0
    outer loop
      vertex 0.1550084971874737 2.475528258147577 0.5
      vertex 0.16328407722857835 2.4727592877996583 1.5
      vertex 0.1550084971874737 2.475528258147577 1.5
    endloop
  endfacet
  facet normal 0 0 -1
    outer loop
      vertex 0.1550084971874737 2.475528258147577 0.5
      vertex 2.557248383023656 2.8315594803123165 0.5
      vertex 2.606352581032169 2.7952242851655242 0.5
    endloop
  endfacet
  facet normal 0 0 -1
    outer loop
      vertex 0.1550084971874737 2.475528258147577 0.5
      vertex 2.606352581032169 2.7952242851655242 0.5
      vertex 0.16328407722857835 2.4727592877996583 0.5
    endloop
  endfacet
  facet normal 0 0 1
    outer loop
      vertex 0.1550084971874737 2.475528258147577 1.5
      vertex 0.16328407722857835 2.4727592877996583 1.5
      vertex 2.884636689049422 3.816216432703918 1.5
    endloop
  endfacet
  facet normal -0.33380685923373193 0.9426414910921923 0
    outer loop
      vertex 0.16328407722857835 -2.4727592877996583 0.5
      vertex 0.16328407722857835 -2.4727592877996583 1.5
      vertex 0.17151007166283436 -2.4698463103929544 0.5
    endloop
  endfacet
  facet normal 0 0 -1
    outer loop
      vertex 0.16328407722857835 -2.4727592877996583 0.5
      vertex 0.17151007166283436 -2.4698463103929544 0.5
      vertex 4 -14 0.5
    endloop
  endfacet
  facet normal -0.33380685923373193 0.9426414910921923 0
    outer loop
      vertex 0.16328407722857835 -2.4727592877996583 1.5
      vertex 0.17151007166283436 -2.4698463103929544 1.5
      vertex 0.17151007166283436 -2.4698463103929544 0.5
    endloop
  endfacet
  facet normal 0 0 1
    outer loop
      vertex 0.16328407722857835 -2.4727592877996583 1.5
      vertex 5 -14 1.5
      vertex 0.17151007166283436 -2.4698463103929544 1.5
    endloop
  endfacet
  facet normal -0.33380685923373193 -0.9426414910921923 0
    outer loop
      vertex 0.16328407722857835 2.4727592877996583 0.5
      vertex 0.17151007166283436 2.4698463103929544 0.5
      vertex 0.17151007166283436 2.4698463103929544 1.5
    endloop
  endfacet
  facet normal -0.33380685923373193 -0.9426414910921923 0
    outer loop
      vertex 0.16328407722857835 2.4727592877996583 0.5
      vertex 0.17151007166283436 2.4698463103929544 1.5
      vertex 0.16328407722857835 2.4727592877996583 1.5
    endloop
  endfacet
  facet normal 0 0 -1
    outer loop
      vertex 0.16328407722857835 2.4727592877996583 0.5
      vertex 2.606352581032169 2.7952242851655242 0.5
      vertex 0.17151007166283436 2.4698463103929544 0.5
    endloop
  endfacet
  facet normal 0 0 1
    outer loop
      vertex 0.16328407722857835 2.4727592877996583 1.5
      vertex 0.17151007166283436 2.4698463103929544 1.5
      vertex 2.950875657567622 3.7740175557544084 1.5
    endloop
  endfacet
  facet normal 0 0 1
    outer loop
      vertex 0.16328407722857835 2.4727592877996583 1.5
      vertex 2.950875657567622 3.7740175557544084 1.5
      vertex 2.884636689049422 3.816216432703918 1.5
    endloop
  endfacet
  facet normal -0.3502073812594753 0.9366721892483948 0
    outer loop
      vertex 0.17151007166283436 -2.4698463103929544 0.5
      vertex 0.17151007166283436 -2.4698463103929544 1.5
      vertex 0.17968397477265013 -2.466790213248601 0.5
    endloop
  endfacet
  facet normal 0 0 -1
    outer loop
      vertex 0.17151007166283436 -2.4698463103929544 0.5
      vertex 0.17968397477265013 -2.466790213248601 0.5
      vertex 4 -14 0.5
    endloop
  endfacet
  facet normal -0.3502073812594753 0.9366721892483948 0
    outer loop
      vertex 0.17151007166283436 -2.4698463103929544 1.5
      vertex 0.17968397477265013 -2.466790213248601 1.5
      vertex 0.17968397477265013 -2.466790213248601 0.5
    endloop
  endfacet
  facet normal 0 0 1
    outer loop
      vertex 0.17151007166283436 -2.4698463103929544 1.5
      vertex 5 -14 1.5
      vertex 0.17968397477265013 -2.466790213248601 1.5
    endloop
  endfacet
  facet normal -0.3502073812594753 -0.9366721892483948 0
    outer loop
      vertex 0.17151007166283436 2.4698463103929544 0.5
      vertex 0.17968397477265013 2.466790213248601 0.5
      vertex 0.17968397477265013 2.466790213248601 1.5
    endloop
  endfacet
  facet normal -0.3502073812594753 -0.9366721892483948 0
    outer loop
      vertex 0.17151007166283436 2.4698463103929544 0.5
      vertex 0.17968397477265013 2.466790213248601 1.5
      vertex 0.17151007166283436 2.4698463103929544 1.5
    endloop
  endfacet
  facet normal 0 0 -1
    outer loop
      vertex 0.17151007166283436 2.4698463103929544 0.5
      vertex 2.606352581032169 2.7952242851655242 0.5
      vertex 0.17968397477265013 2.466790213248601 0.5
    endloop
  endfacet
  facet normal 0 0 1
    outer loop
      vertex 0.17151007166283436 2.4698463103929544 1.5
      vertex 0.17968397477265013 2.466790213248601 1.5
      vertex 2.950875657567622 3.7740175557544084 1.5
    endloop
  endfacet
  facet normal -0.3665012267243126 0.9304175679820185 0
    outer loop
      vertex 0.17968397477265013 -2.466790213248601 0.5
      vertex 0.17968397477265013 -2.466790213248601 1.5
      vertex 0.187803296707956 -2.4635919272833937 0.5
    endloop
  endfacet
  facet normal 0 0 -1
    outer loop
      vertex 0.17968397477265013 -2.466790213248601 0.5
      vertex 0.187803296707956 -2.4635919272833937 0.5
      vertex 4 -14 0.5
    endloop
  endfacet
  facet normal -0.3665012267243126 0.9304175679820185 0
    outer loop
      vertex 0.17968397477265013 -2.466790213248601 1.5
      vertex 0.187803296707956 -2.4635919272833937 1.5
      vertex 0.187803296707956 -2.4635919272833937 0.5
    endloop
  endfacet
  facet normal 0 0 1
    outer loop
      vertex 0.17968397477265013 -2.466790213248601 1.5
      vertex 5 -14 1.5
      vertex 0.187803296707956 -2.4635919272833937 1.5
    endloop
  endfacet
  facet normal -0.3665012267243126 -0.9304175679820185 0
    outer loop
      vertex 0.17968397477265013 2.466790213248601 0.5
      vertex 0.187803296707956 2.4635919272833937 0.5
      vertex 0.187803296707956 2.4635919272833937 1.5
    endloop
  endfacet
  facet normal -0.3665012267243126 -0.9304175679820185 0
    outer loop
      vertex 0.17968397477265013 2.466790213248601 0.5
      vertex 0.187803296707956 2.4635919272833937 1.5
      vertex 0.17968397477265013 2.466790213248601 1.5
    endloop
  endfacet
  facet normal 0 0 -1
    outer loop
      vertex 0.17968397477265013 2.466790213248601 0.5
      vertex 2.606352581032169 2.7952242851655242 0.5
      vertex 0.187803296707956 2.4635919272833937 0.5
    endloop
  endfacet
  facet normal 0 0 1
    outer loop
      vertex 0.17968397477265013 2.466790213248601 1.5
      vertex 0.187803296707956 2.4635919272833937 1.5
      vertex 2.950875657567622 3.7740175557544084 1.5
    endloop
  endfacet
  facet normal -0.38268343236508245 0.9238795325112898 0
    outer loop
      vertex 0.187803296707956 -2.4635919272833937 0.5
      vertex 0.187803296707956 -2.4635919272833937 1.5
      vertex 0.19586556424463689 -2.4602524267262202 0.5
    endloop
  endfacet
  facet normal 0 0 -1
    outer loop
      vertex 0.187803296707956 -2.4635919272833937 0.5
      vertex 0.19586556424463689 -2.4602524267262202 0.5
      vertex 4 -14 0.5
    endloop
  endfacet
  facet normal -0.38268343236508245 0.9238795325112898 0
    outer loop
      vertex 0.187803296707956 -2.4635919272833937 1.5
      vertex 0.19586556424463689 -2.4602524267262202 1.5
      vertex 0.19586556424463689 -2.4602524267262202 0.5
    endloop
  endfacet
  facet normal 0 0 1
    outer loop
      vertex 0.187803296707956 -2.4635919272833937 1.5
      vertex 5 -14 1.5
      vertex 0.19586556424463689 -2.4602524267262202 1.5
    endloop
  endfacet
  facet normal -0.38268343236508245 -0.9238795325112898 0
    outer loop
      vertex 0.187803296707956 2.4635919272833937 0.5
      vertex 0.19586556424463689 2.4602524267262202 0.5
      vertex 0.19586556424463689 2.4602524267262202 1.5
    endloop
  endfacet
  facet normal -0.38268343236508245 -0.9238795325112898 0
    outer loop
      vertex 0.187803296707956 2.4635919272833937 0.5
      vertex 0.19586556424463689 2.4602524267262202 1.5
      vertex 0.187803296707956 2.4635919272833937 1.5
    endloop
  endfacet
  facet normal 0 0 -1
    outer loop
      vertex 0.187803296707956 2.4635919272833937 0.5
      vertex 2.606352581032169 2.7952242851655242 0.5
      vertex 0.19586556424463689 2.4602524267262202 0.5
    endloop
  endfacet
  facet normal 0 0 1
    outer loop
      vertex 0.187803296707956 2.4635919272833937 1.5
      vertex 0.19586556424463689 2.4602524267262202 1.5
      vertex 2.950875657567622 3.7740175557544084 1.5
    endloop
  endfacet
  facet normal -0.39874906892523954 0.917060074385127 0
    outer loop
      vertex 0.19586556424463689 -2.4602524267262202 0.5
      vertex 0.19586556424463689 -2.4602524267262202 1.5
      vertex 0.2038683215379001 -2.4567727288213006 0.5
    endloop
  endfacet
  facet normal 0 0 -1
    outer loop
      vertex 0.19586556424463689 -2.4602524267262202 0.5
      vertex 0.2038683215379001 -2.4567727288213006 0.5
      vertex 4 -14 0.5
    endloop
  endfacet
  facet normal -0.39874906892523954 0.917060074385127 0
    outer loop
      vertex 0.19586556424463689 -2.4602524267262202 1.5
      vertex 0.2038683215379001 -2.4567727288213006 1.5
      vertex 0.2038683215379001 -2.4567727288213006 0.5
    endloop
  endfacet
  facet normal 0 0 1
    outer loop
      vertex 0.19586556424463689 -2.4602524267262202 1.5
      vertex 5 -14 1.5
      vertex 0.2038683215379001 -2.4567727288213006 1.5
    endloop
  endfacet
  facet normal -0.39874906892523954 -0.917060074385127 0
    outer loop
      vertex 0.19586556424463689 2.4602524267262202 0.5
      vertex 0.2038683215379001 2.4567727288213006 0.5
      vertex 0.2038683215379001 2.4567727288213006 1.5
    endloop
  endfacet
  facet normal -0.39874906892523954 -0.917060074385127 0
    outer loop
      vertex 0.19586556424463689 2.4602524267262202 0.5
      vertex 0.2038683215379001 2.4567727288213006 1.5
      vertex 0.19586556424463689 2.4602524267262202 1.5
    endloop
  endfacet
  facet normal 0 0 -1
    outer loop
      vertex 0.19586556424463689 2.4602524267262202 0.5
      vertex 2.606352581032169 2.7952242851655242 0.5
      vertex 0.2038683215379001 2.4567727288213006 0.5
    endloop
  endfacet
  facet normal 0 0 1
    outer loop
      vertex 0.19586556424463689 2.4602524267262202 1.5
      vertex 0.2038683215379001 2.4567727288213006 1.5
      vertex 2.950875657567622 3.7740175557544084 1.5
    endloop
  endfacet
  facet normal -0.4146932426562494 0.9099612708765387 0
    outer loop
      vertex 0.2038683215379001 -2.4567727288213006 0.5
      vertex 0.2038683215379001 -2.4567727288213006 1.5
      vertex 0.21180913087034972 -2.453153893518325 0.5
    endloop
  endfacet
  facet normal 0 0 -1
    outer loop
      vertex 0.2038683215379001 -2.4567727288213006 0.5
      vertex 0.21180913087034972 -2.453153893518325 0.5
      vertex 4 -14 0.5
    endloop
  endfacet
  facet normal -0.4146932426562494 0.9099612708765387 0
    outer loop
      vertex 0.2038683215379001 -2.4567727288213006 1.5
      vertex 0.21180913087034972 -2.453153893518325 1.5
      vertex 0.21180913087034972 -2.453153893518325 0.5
    endloop
  endfacet
  facet normal 0 0 1
    outer loop
      vertex 0.2038683215379001 -2.4567727288213006 1.5
      vertex 5 -14 1.5
      vertex 0.21180913087034972 -2.453153893518325 1.5
    endloop
  endfacet
  facet normal -0.4146932426562494 -0.9099612708765387 0
    outer loop
      vertex 0.2038683215379001 2.4567727288213006 0.5
      vertex 0.21180913087034972 2.453153893518325 0.5
      vertex 0.21180913087034972 2.453153893518325 1.5
    endloop
  endfacet
  facet normal -0.4146932426562494 -0.9099612708765387 0
    outer loop
      vertex 0.2038683215379001 2.4567727288213006 0.5
      vertex 0.21180913087034972 2.453153893518325 1.5
      vertex 0.2038683215379001 2.4567727288213006 1.5
    endloop
  endfacet
  facet normal 0 0 -1
    outer loop
      vertex 0.2038683215379001 2.4567727288213006 0.5
      vertex 2.606352581032169 2.7952242851655242 0.5
      vertex 2.654815163639804 2.758037637623527 0.5
    endloop
  endfacet
  facet normal 0 0 -1
    outer loop
      vertex 0.2038683215379001 2.4567727288213006 0.5
      vertex 2.654815163639804 2.758037637623527 0.5
      vertex 0.21180913087034972 2.453153893518325 0.5
    endloop
  endfacet
  facet normal 0 0 1
    outer loop
      vertex 0.2038683215379001 2.4567727288213006 1.5
      vertex 0.21180913087034972 2.453153893518325 1.5
      vertex 2.950875657567622 3.7740175557544084 1.5
    endloop
  endfacet
  facet normal -0.43051109680830774 0.9025852843498545 0
    outer loop
      vertex 0.21180913087034972 -2.453153893518325 0.5
      vertex 0.21180913087034972 -2.453153893518325 1.5
      vertex 0.2196855733945387 -2.4493970231495834 0.5
    endloop
  endfacet
  facet normal 0 0 -1
    outer loop
      vertex 0.21180913087034972 -2.453153893518325 0.5
      vertex 0.2196855733945387 -2.4493970231495834 0.5
      vertex 4 -14 0.5
    endloop
  endfacet
  facet normal -0.43051109680830774 0.9025852843498545 0
    outer loop
      vertex 0.21180913087034972 -2.453153893518325 1.5
      vertex 0.2196855733945387 -2.4493970231495834 1.5
      vertex 0.2196855733945387 -2.4493970231495834 0.5
    endloop
  endfacet
  facet normal 0 0 1
    outer loop
      vertex 0.21180913087034972 -2.453153893518325 1.5
      vertex 5 -14 1.5
      vertex 0.2196855733945387 -2.4493970231495834 1.5
    endloop
  endfacet
  facet normal -0.43051109680830774 -0.9025852843498545 0
    outer loop
      vertex 0.21180913087034972 2.453153893518325 0.5
      vertex 0.2196855733945387 2.4493970231495834 0.5
      vertex 0.2196855733945387 2.4493970231495834 1.5
    endloop
  endfacet
  facet normal -0.43051109680830774 -0.9025852843498545 0
    outer loop
      vertex 0.21180913087034972 2.453153893518325 0.5
      vertex 0.2196855733945387 2.4493970231495834 1.5
      vertex 0.21180913087034972 2.453153893518325 1.5
    endloop
  endfacet
  facet normal 0 0 -1
    outer loop
      vertex 0.21180913087034972 2.453153893518325 0.5
      vertex 2.654815163639804 2.758037637623527 0.5
      vertex 0.2196855733945387 2.4493970231495834 0.5
    endloop
  endfacet
  facet normal 0 0 1
    outer loop
      vertex 0.21180913087034972 2.453153893518325 1.5
      vertex 0.2196855733945387 2.4493970231495834 1.5
      vertex 2.950875657567622 3.7740175557544084 1.5
    endloop
  endfacet
  facet normal -0.4461978131097844 0.8949343616020373 0
    outer loop
      vertex 0.2196855733945387 -2.4493970231495834 0.5
      vertex 0.2196855733945387 -2.4493970231495834 1.5
      vertex 0.22749524986977337 -2.445503262094184 0.5
    endloop
  endfacet
  facet normal 0 0 -1
    outer loop
      vertex 0.2196855733945387 -2.4493970231495834 0.5
      vertex 0.22749524986977337 -2.445503262094184 0.5
      vertex 4 -14 0.5
    endloop
  endfacet
  facet normal -0.4461978131097844 0.8949343616020373 0
    outer loop
      vertex 0.2196855733945387 -2.4493970231495834 1.5
      vertex 0.22749524986977337 -2.445503262094184 1.5
      vertex 0.22749524986977337 -2.445503262094184 0.5
    endloop
  endfacet
  facet normal 0 0 1
    outer loop
      vertex 0.2196855733945387 -2.4493970231495834 1.5
      vertex 5 -14 1.5
      vertex 0.22749524986977337 -2.445503262094184 1.5
    endloop
  endfacet
  facet normal -0.4461978131097844 -0.8949343616020373 0
    outer loop
      vertex 0.2196855733945387 2.4493970231495834 0.5
      vertex 0.22749524986977337 2.445503262094184 0.5
      vertex 0.22749524986977337 2.445503262094184 1.5
    endloop
  endfacet
  facet normal -0.4461978131097844 -0.8949343616020373 0
    outer loop
      vertex 0.2196855733945387 2.4493970231495834 0.5
      vertex 0.22749524986977337 2.445503262094184 1.5
      vertex 0.2196855733945387 2.4493970231495834 1.5
    endloop
  endfacet
  facet normal 0 0 -1
    outer loop
      vertex 0.2196855733945387 2.4493970231495834 0.5
      vertex 2.654815163639804 2.758037637623527 0.5
      vertex 0.22749524986977337 2.445503262094184 0.5
    endloop
  endfacet
  facet normal 0 0 1
    outer loop
      vertex 0.2196855733945387 2.4493970231495834 1.5
      vertex 0.22749524986977337 2.445503262094184 1.5
      vertex 3.016368065618361 3.730669076497687 1.5
    endloop
  endfacet
  facet normal 0 0 1
    outer loop
      vertex 0.2196855733945387 2.4493970231495834 1.5
      vertex 3.016368065618361 3.730669076497687 1.5
      vertex 2.950875657567622 3.7740175557544084 1.5
    endloop
  endfacet
  facet normal -0.4617486132350468 0.8870108331782149 0
    outer loop
      vertex 0.22749524986977337 -2.445503262094184 0.5
      vertex 0.22749524986977337 -2.445503262094184 1.5
      vertex 0.2352357813929454 -2.4414737964294635 0.5
    endloop
  endfacet
  facet normal 0 0 -1
    outer loop
      vertex 0.22749524986977337 -2.445503262094184 0.5
      vertex 0.2352357813929454 -2.4414737964294635 0.5
      vertex 4 -14 0.5
    endloop
  endfacet
  facet normal -0.4617486132350468 0.8870108331782149 0
    outer loop
      vertex 0.22749524986977337 -2.445503262094184 1.5
      vertex 0.2352357813929454 -2.4414737964294635 1.5
      vertex 0.2352357813929454 -2.4414737964294635 0.5
    endloop
  endfacet
  facet normal 0 0 1
    outer loop
      vertex 0.22749524986977337 -2.445503262094184 1.5
      vertex 5 -14 1.5
      vertex 0.2352357813929454 -2.4414737964294635 1.5
    endloop
  endfacet
  facet normal -0.4617486132350468 -0.8870108331782149 0
    outer loop
      vertex 0.22749524986977337 2.445503262094184 0.5
      vertex 0.2352357813929454 2.4414737964294635 0.5
      vertex 0.2352357813929454 2.4414737964294635 1.5
    endloop
  endfacet
  facet normal -0.4617486132350468 -0.8870108331782149 0
    outer loop
      vertex 0.22749524986977337 2.445503262094184 0.5
      vertex 0.2352357813929454 2.4414737964294635 1.5
      vertex 0.22749524986977337 2.445503262094184 1.5
    endloop
  endfacet
  facet normal 0 0 -1
    outer loop
      vertex 0.22749524986977337 2.445503262094184 0.5
      vertex 2.654815163639804 2.758037637623527 0.5
      vertex 0.2352357813929454 2.4414737964294635 0.5
    endloop
  endfacet
  facet normal 0 0 1
    outer loop
      vertex 0.22749524986977337 2.445503262094184 1.5
      vertex 0.2352357813929454 2.4414737964294635 1.5
      vertex 3.016368065618361 3.730669076497687 1.5
    endloop
  endfacet
  facet normal -0.47715876025960324 0.8788171126619682 0
    outer loop
      vertex 0.2352357813929454 -2.4414737964294635 0.5
      vertex 0.2352357813929454 -2.4414737964294635 1.5
      vertex 0.24290481012316853 -2.437309853569698 0.5
    endloop
  endfacet
  facet normal 0 0 -1
    outer loop
      vertex 0.2352357813929454 -2.4414737964294635 0.5
      vertex 0.24290481012316853 -2.437309853569698 0.5
      vertex 4 -14 0.5
    endloop
  endfacet
  facet normal -0.47715876025960324 0.8788171126619682 0
    outer loop
      vertex 0.2352357813929454 -2.4414737964294635 1.5
      vertex 0.24290481012316853 -2.437309853569698 1.5
      vertex 0.24290481012316853 -2.437309853569698 0.5
    endloop
  endfacet
  facet normal 0 0 1
    outer loop
      vertex 0.2352357813929454 -2.4414737964294635 1.5
      vertex 5 -14 1.5
      vertex 0.24290481012316853 -2.437309853569698 1.5
    endloop
  endfacet
  facet normal -0.47715876025960324 -0.8788171126619682 0
    outer loop
      vertex 0.2352357813929454 2.4414737964294635 0.5
      vertex 0.24290481012316853 2.437309853569698 0.5
      vertex 0.24290481012316853 2.437309853569698 1.5
    endloop
  endfacet
  facet normal -0.47715876025960324 -0.8788171126619682 0
    outer loop
      vertex 0.2352357813929454 2.4414737964294635 0.5
      vertex 0.24290481012316853 2.437309853569698 1.5
      vertex 0.2352357813929454 2.4414737964294635 1.5
    endloop
  endfacet
  facet normal 0 0 -1
    outer loop
      vertex 0.2352357813929454 2.4414737964294635 0.5
      vertex 2.654815163639804 2.758037637623527 0.5
      vertex 0.24290481012316853 2.437309853569698 0.5
    endloop
  endfacet
  facet normal 0 0 1
    outer loop
      vertex 0.2352357813929454 2.4414737964294635 1.5
      vertex 0.24290481012316853 2.437309853569698 1.5
      vertex 3.016368065618361 3.730669076497687 1.5
    endloop
  endfacet
  facet normal -0.4924235601034867 0.8703556959398885 0
    outer loop
      vertex 0.24290481012316853 -2.437309853569698 0.5
      vertex 0.24290481012316853 -2.437309853569698 1.5
      vertex 0.2505 -2.433012701892219 0.5
    endloop
  endfacet
  facet normal 0 0 -1
    outer loop
      vertex 0.24290481012316853 -2.437309853569698 0.5
      vertex 0.2505 -2.433012701892219 0.5
      vertex 4 -14 0.5
    endloop
  endfacet
  facet normal -0.4924235601034867 0.8703556959398885 0
    outer loop
      vertex 0.24290481012316853 -2.437309853569698 1.5
      vertex 0.2505 -2.433012701892219 1.5
      vertex 0.2505 -2.433012701892219 0.5
    endloop
  endfacet
  facet normal 0 0 1
    outer loop
      vertex 0.24290481012316853 -2.437309853569698 1.5
      vertex 5 -14 1.5
      vertex 0.2505 -2.433012701892219 1.5
    endloop
  endfacet
  facet normal -0.4924235601034867 -0.8703556959398885 0
    outer loop
      vertex 0.24290481012316853 2.437309853569698 0.5
      vertex 0.2505 2.433012701892219 0.5
      vertex 0.2505 2.433012701892219 1.5
    endloop
  endfacet
  facet normal -0.4924235601034867 -0.8703556959398885 0
    outer loop
      vertex 0.24290481012316853 2.437309853569698 0.5
      vertex 0.2505 2.433012701892219 1.5
      vertex 0.24290481012316853 2.437309853569698 1.5
    endloop
  endfacet
  facet normal 0 0 -1
    outer loop
      vertex 0.24290481012316853 2.437309853569698 0.5
      vertex 2.654815163639804 2.758037637623527 0.5
      vertex 0.2505 2.433012701892219 0.5
    endloop
  endfacet
  facet normal 0 0 1
    outer loop
      vertex 0.24290481012316853 2.437309853569698 1.5
      vertex 0.2505 2.433012701892219 1.5
      vertex 3.016368065618361 3.730669076497687 1.5
    endloop
  endfacet
  facet normal -0.5075383629606826 0.8616291604415386 0
    outer loop
      vertex 0.2505 -2.433012701892219 0.5
      vertex 0.2505 -2.433012701892219 1.5
      vertex 0.2580190374550271 -2.4285836503510563 0.5
    endloop
  endfacet
  facet normal 0 0 -1
    outer loop
      vertex 0.2505 -2.433012701892219 0.5
      vertex 0.2580190374550271 -2.4285836503510563 0.5
      vertex 4 -14 0.5
    endloop
  endfacet
  facet normal -0.5075383629606826 0.8616291604415386 0
    outer loop
      vertex 0.2505 -2.433012701892219 1.5
      vertex 0.2580190374550271 -2.4285836503510563 1.5
      vertex 0.2580190374550271 -2.4285836503510563 0.5
    endloop
  endfacet
  facet normal 0 0 1
    outer loop
      vertex 0.2505 -2.433012701892219 1.5
      vertex 5 -14 1.5
      vertex 0.2580190374550271 -2.4285836503510563 1.5
    endloop
  endfacet
  facet normal -0.5075383629606826 -0.8616291604415386 0
    outer loop
      vertex 0.2505 2.433012701892219 0.5
      vertex 0.2580190374550271 2.4285836503510563 0.5
      vertex 0.2580190374550271 2.4285836503510563 1.5
    endloop
  endfacet
  facet normal -0.5075383629606826 -0.8616291604415386 0
    outer loop
      vertex 0.2505 2.433012701892219 0.5
      vertex 0.2580190374550271 2.4285836503510563 1.5
      vertex 0.2505 2.433012701892219 1.5
    endloop
  endfacet
  facet normal 0 0 -1
    outer loop
      vertex 0.2505 2.433012701892219 0.5
      vertex 2.654815163639804 2.758037637623527 0.5
      vertex 2.7026213686744307 2.7200108650993986 0.5
    endloop
  endfacet
  facet normal 0 0 -1
    outer loop
      vertex 0.2505 2.433012701892219 0.5
      vertex 2.7026213686744307 2.7200108650993986 0.5
      vertex 0.2580190374550271 2.4285836503510563 0.5
    endloop
  endfacet
  facet normal 0 0 1
    outer loop
      vertex 0.2505 2.433012701892219 1.5
      vertex 0.2580190374550271 2.4285836503510563 1.5
      vertex 3.016368065618361 3.730669076497687 1.5
    endloop
  endfacet
  facet normal -0.5224985647159467 0.8526401643540935 0
    outer loop
      vertex 0.2580190374550271 -2.4285836503510563 0.5
      vertex 0.2580190374550271 -2.4285836503510563 1.5
      vertex 0.26545963211660245 -2.424024048078213 0.5
    endloop
  endfacet
  facet normal 0 0 -1
    outer loop
      vertex 0.2580190374550271 -2.4285836503510563 0.5
      vertex 0.26545963211660245 -2.424024048078213 0.5
      vertex 4 -14 0.5
    endloop
  endfacet
  facet normal -0.5224985647159467 0.8526401643540935 0
    outer loop
      vertex 0.2580190374550271 -2.4285836503510563 1.5
      vertex 0.26545963211660245 -2.424024048078213 1.5
      vertex 0.26545963211660245 -2.424024048078213 0.5
    endloop
  endfacet
  facet normal 0 0 1
    outer loop
      vertex 0.2580190374550271 -2.4285836503510563 1.5
      vertex 5 -14 1.5
      vertex 0.26545963211660245 -2.424024048078213 1.5
    endloop
  endfacet
  facet normal -0.5224985647159467 -0.8526401643540935 0
    outer loop
      vertex 0.2580190374550271 2.4285836503510563 0.5
      vertex 0.26545963211660245 2.424024048078213 0.5
      vertex 0.26545963211660245 2.424024048078213 1.5
    endloop
  endfacet
  facet normal -0.5224985647159467 -0.8526401643540935 0
    outer loop
      vertex 0.2580190374550271 2.4285836503510563 0.5
      vertex 0.26545963211660245 2.424024048078213 1.5
      vertex 0.2580190374550271 2.4285836503510563 1.5
    endloop
  endfacet
  facet normal 0 0 -1
    outer loop
      vertex 0.2580190374550271 2.4285836503510563 0.5
      vertex 2.7026213686744307 2.7200108650993986 0.5
      vertex 0.26545963211660245 2.424024048078213 0.5
    endloop
  endfacet
  facet normal 0 0 1
    outer loop
      vertex 0.2580190374550271 2.4285836503510563 1.5
      vertex 0.26545963211660245 2.424024048078213 1.5
      vertex 3.016368065618361 3.730669076497687 1.5
    endloop
  endfacet
  facet normal -0.5372996083468164 0.8433914458128904 0
    outer loop
      vertex 0.26545963211660245 -2.424024048078213 0.5
      vertex 0.26545963211660245 -2.424024048078213 1.5
      vertex 0.27281951750751354 -2.4193352839727122 0.5
    endloop
  endfacet
  facet normal 0 0 -1
    outer loop
      vertex 0.26545963211660245 -2.424024048078213 0.5
      vertex 0.27281951750751354 -2.4193352839727122 0.5
      vertex 4 -14 0.5
    endloop
  endfacet
  facet normal -0.5372996083468164 0.8433914458128904 0
    outer loop
      vertex 0.26545963211660245 -2.424024048078213 1.5
      vertex 0.27281951750751354 -2.4193352839727122 1.5
      vertex 0.27281951750751354 -2.4193352839727122 0.5
    endloop
  endfacet
  facet normal 0 0 1
    outer loop
      vertex 0.26545963211660245 -2.424024048078213 1.5
      vertex 5 -14 1.5
      vertex 0.27281951750751354 -2.4193352839727122 1.5
    endloop
  endfacet
  facet normal -0.5372996083468164 -0.8433914458128904 0
    outer loop
      vertex 0.26545963211660245 2.424024048078213 0.5
      vertex 0.27281951750751354 2.4193352839727122 0.5
      vertex 0.27281951750751354 2.4193352839727122 1.5
    endloop
  endfacet
  facet normal -0.5372996083468164 -0.8433914458128904 0
    outer loop
      vertex 0.26545963211660245 2.424024048078213 0.5
      vertex 0.27281951750751354 2.4193352839727122 1.5
      vertex 0.26545963211660245 2.424024048078213 1.5
    endloop
  endfacet
  facet normal 0 0 -1
    outer loop
      vertex 0.26545963211660245 2.424024048078213 0.5
      vertex 2.7026213686744307 2.7200108650993986 0.5
      vertex 0.27281951750751354 2.4193352839727122 0.5
    endloop
  endfacet
  facet normal 0 0 1
    outer loop
      vertex 0.26545963211660245 2.424024048078213 1.5
      vertex 0.27281951750751354 2.4193352839727122 1.5
      vertex 3.081093963579707 3.686184199300463 1.5
    endloop
  endfacet
  facet normal 0 0 1
    outer loop
      vertex 0.26545963211660245 2.424024048078213 1.5
      vertex 3.081093963579707 3.686184199300463 1.5
      vertex 3.016368065618361 3.730669076497687 1.5
    endloop
  endfacet
  facet normal -0.5519369853120951 0.8338858220671437 0
    outer loop
      vertex 0.27281951750751354 -2.4193352839727122 0.5
      vertex 0.27281951750751354 -2.4193352839727122 1.5
      vertex 0.28009645173537345 -2.4145187862775206 0.5
    endloop
  endfacet
  facet normal 0 0 -1
    outer loop
      vertex 0.27281951750751354 -2.4193352839727122 0.5
      vertex 0.28009645173537345 -2.4145187862775206 0.5
      vertex 4 -14 0.5
    endloop
  endfacet
  facet normal -0.5519369853120951 0.8338858220671437 0
    outer loop
      vertex 0.27281951750751354 -2.4193352839727122 1.5
      vertex 0.28009645173537345 -2.4145187862775206 1.5
      vertex 0.28009645173537345 -2.4145187862775206 0.5
    endloop
  endfacet
  facet normal 0 0 1
    outer loop
      vertex 0.27281951750751354 -2.4193352839727122 1.5
      vertex 5 -14 1.5
      vertex 0.28009645173537345 -2.4145187862775206 1.5
    endloop
  endfacet
  facet normal -0.5519369853120951 -0.8338858220671437 0
    outer loop
      vertex 0.27281951750751354 2.4193352839727122 0.5
      vertex 0.28009645173537345 2.4145187862775206 0.5
      vertex 0.28009645173537345 2.4145187862775206 1.5
    endloop
  endfacet
  facet normal -0.5519369853120951 -0.8338858220671437 0
    outer loop
      vertex 0.27281951750751354 2.4193352839727122 0.5
      vertex 0.28009645173537345 2.4145187862775206 1.5
      vertex 0.27281951750751354 2.4193352839727122 1.5
    endloop
  endfacet
  facet normal 0 0 -1
    outer loop
      vertex 0.27281951750751354 2.4193352839727122 0.5
      vertex 2.7026213686744307 2.7200108650993986 0.5
      vertex 0.28009645173537345 2.4145187862775206 0.5
    endloop
  endfacet
  facet normal 0 0 1
    outer loop
      vertex 0.27281951750751354 2.4193352839727122 1.5
      vertex 0.28009645173537345 2.4145187862775206 1.5
      vertex 3.081093963579707 3.686184199300463 1.5
    endloop
  endfacet
  facet normal -0.5664062369248115 0.8241261886220304 0
    outer loop
      vertex 0.28009645173537345 -2.4145187862775206 0.5
      vertex 0.28009645173537345 -2.4145187862775206 1.5
      vertex 0.287288218175523 -2.409576022144496 0.5
    endloop
  endfacet
  facet normal 0 0 -1
    outer loop
      vertex 0.28009645173537345 -2.4145187862775206 0.5
      vertex 0.287288218175523 -2.409576022144496 0.5
      vertex 4 -14 0.5
    endloop
  endfacet
  facet normal -0.5664062369248115 0.8241261886220304 0
    outer loop
      vertex 0.28009645173537345 -2.4145187862775206 1.5
      vertex 0.287288218175523 -2.409576022144496 1.5
      vertex 0.287288218175523 -2.409576022144496 0.5
    endloop
  endfacet
  facet normal 0 0 1
    outer loop
      vertex 0.28009645173537345 -2.4145187862775206 1.5
      vertex 5 -14 1.5
      vertex 0.287288218175523 -2.409576022144496 1.5
    endloop
  endfacet
  facet normal -0.5664062369248115 -0.8241261886220304 0
    outer loop
      vertex 0.28009645173537345 2.4145187862775206 0.5
      vertex 0.287288218175523 2.409576022144496 0.5
      vertex 0.287288218175523 2.409576022144496 1.5
    endloop
  endfacet
  facet normal -0.5664062369248115 -0.8241261886220304 0
    outer loop
      vertex 0.28009645173537345 2.4145187862775206 0.5
      vertex 0.287288218175523 2.409576022144496 1.5
      vertex 0.28009645173537345 2.4145187862775206 1.5
    endloop
  endfacet
  facet normal 0 0 -1
    outer loop
      vertex 0.28009645173537345 2.4145187862775206 0.5
      vertex 2.7026213686744307 2.7200108650993986 0.5
      vertex 2.749756633902887 2.681155550916423 0.5
    endloop
  endfacet
  facet normal 0 0 -1
    outer loop
      vertex 0.28009645173537345 2.4145187862775206 0.5
      vertex 2.749756633902887 2.681155550916423 0.5
      vertex 0.287288218175523 2.409576022144496 0.5
    endloop
  endfacet
  facet normal 0 0 1
    outer loop
      vertex 0.28009645173537345 2.4145187862775206 1.5
      vertex 0.287288218175523 2.409576022144496 1.5
      vertex 3.081093963579707 3.686184199300463 1.5
    endloop
  endfacet
  facet normal -0.5807029557109418 0.8141155183563178 0
    outer loop
      vertex 0.287288218175523 -2.409576022144496 0.5
      vertex 0.287288218175523 -2.409576022144496 1.5
      vertex 0.29439262614623657 -2.4045084971874737 0.5
    endloop
  endfacet
  facet normal 0 0 -1
    outer loop
      vertex 0.287288218175523 -2.409576022144496 0.5
      vertex 0.29439262614623657 -2.4045084971874737 0.5
      vertex 4 -14 0.5
    endloop
  endfacet
  facet normal -0.5807029557109418 0.8141155183563178 0
    outer loop
      vertex 0.287288218175523 -2.409576022144496 1.5
      vertex 0.29439262614623657 -2.4045084971874737 1.5
      vertex 0.29439262614623657 -2.4045084971874737 0.5
    endloop
  endfacet
  facet normal 0 0 1
    outer loop
      vertex 0.287288218175523 -2.409576022144496 1.5
      vertex 5 -14 1.5
      vertex 0.29439262614623657 -2.4045084971874737 1.5
    endloop
  endfacet
  facet normal -0.5807029557109418 -0.8141155183563178 0
    outer loop
      vertex 0.287288218175523 2.409576022144496 0.5
      vertex 0.29439262614623657 2.4045084971874737 0.5
      vertex 0.29439262614623657 2.4045084971874737 1.5
    endloop
  endfacet
  facet normal -0.5807029557109418 -0.8141155183563178 0
    outer loop
      vertex 0.287288218175523 2.409576022144496 0.5
      vertex 0.29439262614623657 2.4045084971874737 1.5
      vertex 0.287288218175523 2.409576022144496 1.5
    endloop
  endfacet
  facet normal 0 0 -1
    outer loop
      vertex 0.287288218175523 2.409576022144496 0.5
      vertex 2.749756633902887 2.681155550916423 0.5
      vertex 0.29439262614623657 2.4045084971874737 0.5
    endloop
  endfacet
  facet normal 0 0 1
    outer loop
      vertex 0.287288218175523 2.409576022144496 1.5
      vertex 0.29439262614623657 2.4045084971874737 1.5
      vertex 3.081093963579707 3.686184199300463 1.5
    endloop
  endfacet
  facet normal -0.5948227867513599 0.8038568606172035 0
    outer loop
      vertex 0.29439262614623657 -2.4045084971874737 0.5
      vertex 0.29439262614623657 -2.4045084971874737 1.5
      vertex 0.30140751157602413 -2.399317755023646 0.5
    endloop
  endfacet
  facet normal 0 0 -1
    outer loop
      vertex 0.29439262614623657 -2.4045084971874737 0.5
      vertex 0.30140751157602413 -2.399317755023646 0.5
      vertex 4 -14 0.5
    endloop
  endfacet
  facet normal -0.5948227867513599 0.8038568606172035 0
    outer loop
      vertex 0.29439262614623657 -2.4045084971874737 1.5
      vertex 0.30140751157602413 -2.399317755023646 1.5
      vertex 0.30140751157602413 -2.399317755023646 0.5
    endloop
  endfacet
  facet normal 0 0 1
    outer loop
      vertex 0.29439262614623657 -2.4045084971874737 1.5
      vertex 5 -14 1.5
      vertex 0.30140751157602413 -2.399317755023646 1.5
    endloop
  endfacet
  facet normal -0.5948227867513599 -0.8038568606172035 0
    outer loop
      vertex 0.29439262614623657 2.4045084971874737 0.5
      vertex 0.30140751157602413 2.399317755023646 0.5
      vertex 0.30140751157602413 2.399317755023646 1.5
    endloop
  endfacet
  facet normal -0.5948227867513599 -0.8038568606172035 0
    outer loop
      vertex 0.29439262614623657 2.4045084971874737 0.5
      vertex 0.30140751157602413 2.399317755023646 1.5
      vertex 0.29439262614623657 2.4045084971874737 1.5
    endloop
  endfacet
  facet normal 0 0 -1
    outer loop
      vertex 0.29439262614623657 2.4045084971874737 0.5
      vertex 2.749756633902887 2.681155550916423 0.5
      vertex 0.30140751157602413 2.399317755023646 0.5
    endloop
  endfacet
  facet normal 0 0 1
    outer loop
      vertex 0.29439262614623657 2.4045084971874737 1.5
      vertex 0.30140751157602413 2.399317755023646 1.5
      vertex 3.081093963579707 3.686184199300463 1.5
    endloop
  endfacet
  facet normal -0.6087614290087092 0.7933533402912438 0
    outer loop
      vertex 0.30140751157602413 -2.399317755023646 0.5
      vertex 0.30140751157602413 -2.399317755023646 1.5
      vertex 0.30833073766282915 -2.394005376803361 0.5
    endloop
  endfacet
  facet normal 0 0 -1
    outer loop
      vertex 0.30140751157602413 -2.399317755023646 0.5
      vertex 0.30833073766282915 -2.394005376803361 0.5
      vertex 4 -14 0.5
    endloop
  endfacet
  facet normal -0.6087614290087092 0.7933533402912438 0
    outer loop
      vertex 0.30140751157602413 -2.399317755023646 1.5
      vertex 0.30833073766282915 -2.394005376803361 1.5
      vertex 0.30833073766282915 -2.394005376803361 0.5
    endloop
  endfacet
  facet normal 0 0 1
    outer loop
      vertex 0.30140751157602413 -2.399317755023646 1.5
      vertex 5 -14 1.5
      vertex 0.30833073766282915 -2.394005376803361 1.5
    endloop
  endfacet
  facet normal -0.6087614290087092 -0.7933533402912438 0
    outer loop
      vertex 0.30140751157602413 2.399317755023646 0.5
      vertex 0.30833073766282915 2.394005376803361 0.5
      vertex 0.30833073766282915 2.394005376803361 1.5
    endloop
  endfacet
  facet normal -0.6087614290087092 -0.7933533402912438 0
    outer loop
      vertex 0.30140751157602413 2.399317755023646 0.5
      vertex 0.30833073766282915 2.394005376803361 1.5
      vertex 0.30140751157602413 2.399317755023646 1.5
    endloop
  endfacet
  facet normal 0 0 -1
    outer loop
      vertex 0.30140751157602413 2.399317755023646 0.5
      vertex 2.749756633902887 2.681155550916423 0.5
      vertex 0.30833073766282915 2.394005376803361 0.5
    endloop
  endfacet
  facet normal 0 0 1
    outer loop
      vertex 0.30140751157602413 2.399317755023646 1.5
      vertex 0.30833073766282915 2.394005376803361 1.5
      vertex 3.081093963579707 3.686184199300463 1.5
    endloop
  endfacet
  facet normal -0.6225146366376151 0.7826081568524175 0
    outer loop
      vertex 0.30833073766282915 -2.394005376803361 0.5
      vertex 0.30833073766282915 -2.394005376803361 1.5
      vertex 0.3151601955249187 -2.3885729807284855 0.5
    endloop
  endfacet
  facet normal 0 0 -1
    outer loop
      vertex 0.30833073766282915 -2.394005376803361 0.5
      vertex 0.3151601955249187 -2.3885729807284855 0.5
      vertex 4 -14 0.5
    endloop
  endfacet
  facet normal -0.6225146366376151 0.7826081568524175 0
    outer loop
      vertex 0.30833073766282915 -2.394005376803361 1.5
      vertex 0.3151601955249187 -2.3885729807284855 1.5
      vertex 0.3151601955249187 -2.3885729807284855 0.5
    endloop
  endfacet
  facet normal 0 0 1
    outer loop
      vertex 0.30833073766282915 -2.394005376803361 1.5
      vertex 5 -14 1.5
      vertex 0.3151601955249187 -2.3885729807284855 1.5
    endloop
  endfacet
  facet normal -0.6225146366376151 -0.7826081568524175 0
    outer loop
      vertex 0.30833073766282915 2.394005376803361 0.5
      vertex 0.3151601955249187 2.3885729807284855 0.5
      vertex 0.3151601955249187 2.3885729807284855 1.5
    endloop
  endfacet
  facet normal -0.6225146366376151 -0.7826081568524175 0
    outer loop
      vertex 0.30833073766282915 2.394005376803361 0.5
      vertex 0.3151601955249187 2.3885729807284855 1.5
      vertex 0.30833073766282915 2.394005376803361 1.5
    endloop
  endfacet
  facet normal 0 0 -1
    outer loop
      vertex 0.30833073766282915 2.394005376803361 0.5
      vertex 2.749756633902887 2.681155550916423 0.5
      vertex 0.3151601955249187 2.3885729807284855 0.5
    endloop
  endfacet
  facet normal 0 0 1
    outer loop
      vertex 0.30833073766282915 2.394005376803361 1.5
      vertex 0.3151601955249187 2.3885729807284855 1.5
      vertex 3.1450336353161292 3.640576474687263 1.5
    endloop
  endfacet
  facet normal 0 0 1
    outer loop
      vertex 0.30833073766282915 2.394005376803361 1.5
      vertex 3.1450336353161292 3.640576474687263 1.5
      vertex 3.081093963579707 3.686184199300463 1.5
    endloop
  endfacet
  facet normal -0.6360782202777695 0.7716245833877152 0
    outer loop
      vertex 0.3151601955249187 -2.3885729807284855 0.5
      vertex 0.3151601955249187 -2.3885729807284855 1.5
      vertex 0.3218938048432696 -2.383022221559489 0.5
    endloop
  endfacet
  facet normal 0 0 -1
    outer loop
      vertex 0.3151601955249187 -2.3885729807284855 0.5
      vertex 0.3218938048432696 -2.383022221559489 0.5
      vertex 4 -14 0.5
    endloop
  endfacet
  facet normal -0.6360782202777695 0.7716245833877152 0
    outer loop
      vertex 0.3151601955249187 -2.3885729807284855 1.5
      vertex 0.3218938048432696 -2.383022221559489 1.5
      vertex 0.3218938048432696 -2.383022221559489 0.5
    endloop
  endfacet
  facet normal 0 0 1
    outer loop
      vertex 0.3151601955249187 -2.3885729807284855 1.5
      vertex 5 -14 1.5
      vertex 0.3218938048432696 -2.383022221559489 1.5
    endloop
  endfacet
  facet normal -0.6360782202777695 -0.7716245833877152 0
    outer loop
      vertex 0.3151601955249187 2.3885729807284855 0.5
      vertex 0.3218938048432696 2.383022221559489 0.5
      vertex 0.3218938048432696 2.383022221559489 1.5
    endloop
  endfacet
  facet normal -0.6360782202777695 -0.7716245833877152 0
    outer loop
      vertex 0.3151601955249187 2.3885729807284855 0.5
      vertex 0.3218938048432696 2.383022221559489 1.5
      vertex 0.3151601955249187 2.3885729807284855 1.5
    endloop
  endfacet
  facet normal 0 0 -1
    outer loop
      vertex 0.3151601955249187 2.3885729807284855 0.5
      vertex 2.749756633902887 2.681155550916423 0.5
      vertex 2.7962066014667757 2.641483530779702 0.5
    endloop
  endfacet
  facet normal 0 0 -1
    outer loop
      vertex 0.3151601955249187 2.3885729807284855 0.5
      vertex 2.7962066014667757 2.641483530779702 0.5
      vertex 0.3218938048432696 2.383022221559489 0.5
    endloop
  endfacet
  facet normal 0 0 1
    outer loop
      vertex 0.3151601955249187 2.3885729807284855 1.5
      vertex 0.3218938048432696 2.383022221559489 1.5
      vertex 3.1450336353161292 3.640576474687263 1.5
    endloop
  endfacet
  facet normal -0.6494480483301732 0.7604059656000398 0
    outer loop
      vertex 0.3218938048432696 -2.383022221559489 0.5
      vertex 0.3218938048432696 -2.383022221559489 1.5
      vertex 0.32852951449525364 -2.377354790111386 0.5
    endloop
  endfacet
  facet normal 0 0 -1
    outer loop
      vertex 0.3218938048432696 -2.383022221559489 0.5
      vertex 0.32852951449525364 -2.377354790111386 0.5
      vertex 4 -14 0.5
    endloop
  endfacet
  facet normal -0.6494480483301732 0.7604059656000398 0
    outer loop
      vertex 0.3218938048432696 -2.383022221559489 1.5
      vertex 0.32852951449525364 -2.377354790111386 1.5
      vertex 0.32852951449525364 -2.377354790111386 0.5
    endloop
  endfacet
  facet normal 0 0 1
    outer loop
      vertex 0.3218938048432696 -2.383022221559489 1.5
      vertex 5 -14 1.5
      vertex 0.32852951449525364 -2.377354790111386 1.5
    endloop
  endfacet
  facet normal -0.6494480483301732 -0.7604059656000398 0
    outer loop
      vertex 0.3218938048432696 2.383022221559489 0.5
      vertex 0.32852951449525364 2.377354790111386 0.5
      vertex 0.32852951449525364 2.377354790111386 1.5
    endloop
  endfacet
  facet normal -0.6494480483301732 -0.7604059656000398 0
    outer loop
      vertex 0.3218938048432696 2.383022221559489 0.5
      vertex 0.32852951449525364 2.377354790111386 1.5
      vertex 0.3218938048432696 2.383022221559489 1.5
    endloop
  endfacet
  facet normal 0 0 -1
    outer loop
      vertex 0.3218938048432696 2.383022221559489 0.5
      vertex 2.7962066014667757 2.641483530779702 0.5
      vertex 0.32852951449525364 2.377354790111386 0.5
    endloop
  endfacet
  facet normal 0 0 1
    outer loop
      vertex 0.3218938048432696 2.383022221559489 1.5
      vertex 0.32852951449525364 2.377354790111386 1.5
      vertex 3.1450336353161292 3.640576474687263 1.5
    endloop
  endfacet
  facet normal -0.6626200482157475 0.7489557207889933 0
    outer loop
      vertex 0.32852951449525364 -2.377354790111386 0.5
      vertex 0.32852951449525364 -2.377354790111386 1.5
      vertex 0.3350653031794291 -2.371572412738697 0.5
    endloop
  endfacet
  facet normal 0 0 -1
    outer loop
      vertex 0.32852951449525364 -2.377354790111386 0.5
      vertex 0.3350653031794291 -2.371572412738697 0.5
      vertex 4 -14 0.5
    endloop
  endfacet
  facet normal -0.6626200482157475 0.7489557207889933 0
    outer loop
      vertex 0.32852951449525364 -2.377354790111386 1.5
      vertex 0.3350653031794291 -2.371572412738697 1.5
      vertex 0.3350653031794291 -2.371572412738697 0.5
    endloop
  endfacet
  facet normal 0 0 1
    outer loop
      vertex 0.32852951449525364 -2.377354790111386 1.5
      vertex 5 -14 1.5
      vertex 0.3350653031794291 -2.371572412738697 1.5
    endloop
  endfacet
  facet normal -0.6626200482157475 -0.7489557207889933 0
    outer loop
      vertex 0.32852951449525364 2.377354790111386 0.5
      vertex 0.3350653031794291 2.371572412738697 0.5
      vertex 0.3350653031794291 2.371572412738697 1.5
    endloop
  endfacet
  facet normal -0.6626200482157475 -0.7489557207889933 0
    outer loop
      vertex 0.32852951449525364 2.377354790111386 0.5
      vertex 0.3350653031794291 2.371572412738697 1.5
      vertex 0.32852951449525364 2.377354790111386 1.5
    endloop
  endfacet
  facet normal 0 0 -1
    outer loop
      vertex 0.32852951449525364 2.377354790111386 0.5
      vertex 2.7962066014667757 2.641483530779702 0.5
      vertex 0.3350653031794291 2.371572412738697 0.5
    endloop
  endfacet
  facet normal 0 0 1
    outer loop
      vertex 0.32852951449525364 2.377354790111386 1.5
      vertex 0.3350653031794291 2.371572412738697 1.5
      vertex 3.1450336353161292 3.640576474687263 1.5
    endloop
  endfacet
  facet normal -0.6755902076156627 0.737277336810122 0
    outer loop
      vertex 0.3350653031794291 -2.371572412738697 0.5
      vertex 0.3350653031794291 -2.371572412738697 1.5
      vertex 0.34149918003124924 -2.365676850809585 0.5
    endloop
  endfacet
  facet normal 0 0 -1
    outer loop
      vertex 0.3350653031794291 -2.371572412738697 0.5
      vertex 0.34149918003124924 -2.365676850809585 0.5
      vertex 4 -14 0.5
    endloop
  endfacet
  facet normal -0.6755902076156627 0.737277336810122 0
    outer loop
      vertex 0.3350653031794291 -2.371572412738697 1.5
      vertex 0.34149918003124924 -2.365676850809585 1.5
      vertex 0.34149918003124924 -2.365676850809585 0.5
    endloop
  endfacet
  facet normal 0 0 1
    outer loop
      vertex 0.3350653031794291 -2.371572412738697 1.5
      vertex 5 -14 1.5
      vertex 0.34149918003124924 -2.365676850809585 1.5
    endloop
  endfacet
  facet normal -0.6755902076156627 -0.737277336810122 0
    outer loop
      vertex 0.3350653031794291 2.371572412738697 0.5
      vertex 0.34149918003124924 2.365676850809585 0.5
      vertex 0.34149918003124924 2.365676850809585 1.5
    endloop
  endfacet
  facet normal -0.6755902076156627 -0.737277336810122 0
    outer loop
      vertex 0.3350653031794291 2.371572412738697 0.5
      vertex 0.34149918003124924 2.365676850809585 1.5
      vertex 0.3350653031794291 2.371572412738697 1.5
    endloop
  endfacet
  facet normal 0 0 -1
    outer loop
      vertex 0.3350653031794291 2.371572412738697 0.5
      vertex 2.7962066014667757 2.641483530779702 0.5
      vertex 0.34149918003124924 2.365676850809585 0.5
    endloop
  endfacet
  facet normal 0 0 1
    outer loop
      vertex 0.3350653031794291 2.371572412738697 1.5
      vertex 0.34149918003124924 2.365676850809585 1.5
      vertex 3.1450336353161292 3.640576474687263 1.5
    endloop
  endfacet
  facet normal -0.6883545756937485 0.7253743710122926 0
    outer loop
      vertex 0.34149918003124924 -2.365676850809585 0.5
      vertex 0.34149918003124924 -2.365676850809585 1.5
      vertex 0.3478291852294986 -2.3596699001693255 0.5
    endloop
  endfacet
  facet normal 0 0 -1
    outer loop
      vertex 0.34149918003124924 -2.365676850809585 0.5
      vertex 0.3478291852294986 -2.3596699001693255 0.5
      vertex 4 -14 0.5
    endloop
  endfacet
  facet normal -0.6883545756937485 0.7253743710122926 0
    outer loop
      vertex 0.34149918003124924 -2.365676850809585 1.5
      vertex 0.3478291852294986 -2.3596699001693255 1.5
      vertex 0.3478291852294986 -2.3596699001693255 0.5
    endloop
  endfacet
  facet normal 0 0 1
    outer loop
      vertex 0.34149918003124924 -2.365676850809585 1.5
      vertex 5 -14 1.5
      vertex 0.3478291852294986 -2.3596699001693255 1.5
    endloop
  endfacet
  facet normal -0.6883545756937485 -0.7253743710122926 0
    outer loop
      vertex 0.34149918003124924 2.365676850809585 0.5
      vertex 0.3478291852294986 2.3596699001693255 0.5
      vertex 0.3478291852294986 2.3596699001693255 1.5
    endloop
  endfacet
  facet normal -0.6883545756937485 -0.7253743710122926 0
    outer loop
      vertex 0.34149918003124924 2.365676850809585 0.5
      vertex 0.3478291852294986 2.3596699001693255 1.5
      vertex 0.34149918003124924 2.365676850809585 1.5
    endloop
  endfacet
  facet normal 0 0 -1
    outer loop
      vertex 0.34149918003124924 2.365676850809585 0.5
      vertex 2.7962066014667757 2.641483530779702 0.5
      vertex 2.841957122256004 2.60100688917088 0.5
    endloop
  endfacet
  facet normal 0 0 -1
    outer loop
      vertex 0.34149918003124924 2.365676850809585 0.5
      vertex 2.841957122256004 2.60100688917088 0.5
      vertex 0.3478291852294986 2.3596699001693255 0.5
    endloop
  endfacet
  facet normal 0 0 1
    outer loop
      vertex 0.34149918003124924 2.365676850809585 1.5
      vertex 0.3478291852294986 2.3596699001693255 1.5
      vertex 3.2081676041842173 3.5938597952128184 1.5
    endloop
  endfacet
  facet normal 0 0 1
    outer loop
      vertex 0.34149918003124924 2.365676850809585 1.5
      vertex 3.2081676041842173 3.5938597952128184 1.5
      vertex 3.1450336353161292 3.640576474687263 1.5
    endloop
  endfacet
  facet normal -0.7009092642998358 0.7132504491541964 0
    outer loop
      vertex 0.3478291852294986 -2.3596699001693255 0.5
      vertex 0.3478291852294986 -2.3596699001693255 1.5
      vertex 0.3540533905932738 -2.353553390593274 0.5
    endloop
  endfacet
  facet normal 0 0 -1
    outer loop
      vertex 0.3478291852294986 -2.3596699001693255 0.5
      vertex 0.3540533905932738 -2.353553390593274 0.5
      vertex 4 -14 0.5
    endloop
  endfacet
  facet normal -0.7009092642998358 0.7132504491541964 0
    outer loop
      vertex 0.3478291852294986 -2.3596699001693255 1.5
      vertex 0.3540533905932738 -2.353553390593274 1.5
      vertex 0.3540533905932738 -2.353553390593274 0.5
    endloop
  endfacet
  facet normal 0 0 1
    outer loop
      vertex 0.3478291852294986 -2.3596699001693255 1.5
      vertex 5 -14 1.5
      vertex 0.3540533905932738 -2.353553390593274 1.5
    endloop
  endfacet
  facet normal -0.7009092642998358 -0.7132504491541964 0
    outer loop
      vertex 0.3478291852294986 2.3596699001693255 0.5
      vertex 0.3540533905932738 2.353553390593274 0.5
      vertex 0.3540533905932738 2.353553390593274 1.5
    endloop
  endfacet
  facet normal -0.7009092642998358 -0.7132504491541964 0
    outer loop
      vertex 0.3478291852294986 2.3596699001693255 0.5
      vertex 0.3540533905932738 2.353553390593274 1.5
      vertex 0.3478291852294986 2.3596699001693255 1.5
    endloop
  endfacet
  facet normal 0 0 -1
    outer loop
      vertex 0.3478291852294986 2.3596699001693255 0.5
      vertex 2.841957122256004 2.60100688917088 0.5
      vertex 0.3540533905932738 2.353553390593274 0.5
    endloop
  endfacet
  facet normal 0 0 1
    outer loop
      vertex 0.3478291852294986 2.3596699001693255 1.5
      vertex 0.3540533905932738 2.353553390593274 1.5
      vertex 3.2081676041842173 3.5938597952128184 1.5
    endloop
  endfacet
  facet normal -0.7132504491541931 0.7009092642998391 0
    outer loop
      vertex 0.3540533905932738 -2.353553390593274 0.5
      vertex 0.3540533905932738 -2.353553390593274 1.5
      vertex 0.3601699001693256 -2.3473291852294986 0.5
    endloop
  endfacet
  facet normal 0 0 -1
    outer loop
      vertex 0.3540533905932738 -2.353553390593274 0.5
      vertex 0.3601699001693256 -2.3473291852294986 0.5
      vertex 4 -14 0.5
    endloop
  endfacet
  facet normal -0.7132504491541931 0.7009092642998391 0
    outer loop
      vertex 0.3540533905932738 -2.353553390593274 1.5
      vertex 0.3601699001693256 -2.3473291852294986 1.5
      vertex 0.3601699001693256 -2.3473291852294986 0.5
    endloop
  endfacet
  facet normal 0 0 1
    outer loop
      vertex 0.3540533905932738 -2.353553390593274 1.5
      vertex 5 -14 1.5
      vertex 0.3601699001693256 -2.3473291852294986 1.5
    endloop
  endfacet
  facet normal -0.7132504491541931 -0.7009092642998391 0
    outer loop
      vertex 0.3540533905932738 2.353553390593274 0.5
      vertex 0.3601699001693256 2.3473291852294986 0.5
      vertex 0.3601699001693256 2.3473291852294986 1.5
    endloop
  endfacet
  facet normal -0.7132504491541931 -0.7009092642998391 0
    outer loop
      vertex 0.3540533905932738 2.353553390593274 0.5
      vertex 0.3601699001693256 2.3473291852294986 1.5
      vertex 0.3540533905932738 2.353553390593274 1.5
    endloop
  endfacet
  facet normal 0 0 -1
    outer loop
      vertex 0.3540533905932738 2.353553390593274 0.5
      vertex 2.841957122256004 2.60100688917088 0.5
      vertex 0.3601699001693256 2.3473291852294986 0.5
    endloop
  endfacet
  facet normal 0 0 1
    outer loop
      vertex 0.3540533905932738 2.353553390593274 1.5
      vertex 0.3601699001693256 2.3473291852294986 1.5
      vertex 3.2081676041842173 3.5938597952128184 1.5
    endloop
  endfacet
  facet normal -0.7253743710122986 0.6883545756937424 0
    outer loop
      vertex 0.3601699001693256 -2.3473291852294986 0.5
      vertex 0.3601699001693256 -2.3473291852294986 1.5
      vertex 0.36617685080958523 -2.340999180031249 0.5
    endloop
  endfacet
  facet normal 0 0 -1
    outer loop
      vertex 0.3601699001693256 -2.3473291852294986 0.5
      vertex 0.36617685080958523 -2.340999180031249 0.5
      vertex 4 -14 0.5
    endloop
  endfacet
  facet normal -0.7253743710122986 0.6883545756937424 0
    outer loop
      vertex 0.3601699001693256 -2.3473291852294986 1.5
      vertex 0.36617685080958523 -2.340999180031249 1.5
      vertex 0.36617685080958523 -2.340999180031249 0.5
    endloop
  endfacet
  facet normal 0 0 1
    outer loop
      vertex 0.3601699001693256 -2.3473291852294986 1.5
      vertex 5 -14 1.5
      vertex 0.36617685080958523 -2.340999180031249 1.5
    endloop
  endfacet
  facet normal -0.7253743710122986 -0.6883545756937424 0
    outer loop
      vertex 0.3601699001693256 2.3473291852294986 0.5
      vertex 0.36617685080958523 2.340999180031249 0.5
      vertex 0.36617685080958523 2.340999180031249 1.5
    endloop
  endfacet
  facet normal -0.7253743710122986 -0.6883545756937424 0
    outer loop
      vertex 0.3601699001693256 2.3473291852294986 0.5
      vertex 0.36617685080958523 2.340999180031249 1.5
      vertex 0.3601699001693256 2.3473291852294986 1.5
    endloop
  endfacet
  facet normal 0 0 -1
    outer loop
      vertex 0.3601699001693256 2.3473291852294986 0.5
      vertex 2.841957122256004 2.60100688917088 0.5
      vertex 0.36617685080958523 2.340999180031249 0.5
    endloop
  endfacet
  facet normal 0 0 1
    outer loop
      vertex 0.3601699001693256 2.3473291852294986 1.5
      vertex 0.36617685080958523 2.340999180031249 1.5
      vertex 3.2081676041842173 3.5938597952128184 1.5
    endloop
  endfacet
  facet normal -0.7372773368101131 0.6755902076156721 0
    outer loop
      vertex 0.36617685080958523 -2.340999180031249 0.5
      vertex 0.36617685080958523 -2.340999180031249 1.5
      vertex 0.3720724127386971 -2.334565303179429 0.5
    endloop
  endfacet
  facet normal 0 0 -1
    outer loop
      vertex 0.36617685080958523 -2.340999180031249 0.5
      vertex 0.3720724127386971 -2.334565303179429 0.5
      vertex 4 -14 0.5
    endloop
  endfacet
  facet normal -0.7372773368101131 0.6755902076156721 0
    outer loop
      vertex 0.36617685080958523 -2.340999180031249 1.5
      vertex 0.3720724127386971 -2.334565303179429 1.5
      vertex 0.3720724127386971 -2.334565303179429 0.5
    endloop
  endfacet
  facet normal 0 0 1
    outer loop
      vertex 0.36617685080958523 -2.340999180031249 1.5
      vertex 5 -14 1.5
      vertex 0.3720724127386971 -2.334565303179429 1.5
    endloop
  endfacet
  facet normal -0.7372773368101131 -0.6755902076156721 0
    outer loop
      vertex 0.36617685080958523 2.340999180031249 0.5
      vertex 0.3720724127386971 2.334565303179429 0.5
      vertex 0.3720724127386971 2.334565303179429 1.5
    endloop
  endfacet
  facet normal -0.7372773368101131 -0.6755902076156721 0
    outer loop
      vertex 0.36617685080958523 2.340999180031249 0.5
      vertex 0.3720724127386971 2.334565303179429 1.5
      vertex 0.36617685080958523 2.340999180031249 1.5
    endloop
  endfacet
  facet normal 0 0 -1
    outer loop
      vertex 0.36617685080958523 2.340999180031249 0.5
      vertex 2.841957122256004 2.60100688917088 0.5
      vertex 2.886994260218745 2.5597379556670967 0.5
    endloop
  endfacet
  facet normal 0 0 -1
    outer loop
      vertex 0.36617685080958523 2.340999180031249 0.5
      vertex 2.886994260218745 2.5597379556670967 0.5
      vertex 0.3720724127386971 2.334565303179429 0.5
    endloop
  endfacet
  facet normal 0 0 1
    outer loop
      vertex 0.36617685080958523 2.340999180031249 1.5
      vertex 0.3720724127386971 2.334565303179429 1.5
      vertex 3.2081676041842173 3.5938597952128184 1.5
    endloop
  endfacet
  facet normal -0.748955720789014 0.6626200482157242 0
    outer loop
      vertex 0.3720724127386971 -2.334565303179429 0.5
      vertex 0.3720724127386971 -2.334565303179429 1.5
      vertex 0.377854790111386 -2.3280295144952534 0.5
    endloop
  endfacet
  facet normal 0 0 -1
    outer loop
      vertex 0.3720724127386971 -2.334565303179429 0.5
      vertex 0.377854790111386 -2.3280295144952534 0.5
      vertex 4 -14 0.5
    endloop
  endfacet
  facet normal -0.748955720789014 0.6626200482157242 0
    outer loop
      vertex 0.3720724127386971 -2.334565303179429 1.5
      vertex 0.377854790111386 -2.3280295144952534 1.5
      vertex 0.377854790111386 -2.3280295144952534 0.5
    endloop
  endfacet
  facet normal 0 0 1
    outer loop
      vertex 0.3720724127386971 -2.334565303179429 1.5
      vertex 5 -14 1.5
      vertex 0.377854790111386 -2.3280295144952534 1.5
    endloop
  endfacet
  facet normal -0.748955720789014 -0.6626200482157242 0
    outer loop
      vertex 0.3720724127386971 2.334565303179429 0.5
      vertex 0.377854790111386 2.3280295144952534 0.5
      vertex 0.377854790111386 2.3280295144952534 1.5
    endloop
  endfacet
  facet normal -0.748955720789014 -0.6626200482157242 0
    outer loop
      vertex 0.3720724127386971 2.334565303179429 0.5
      vertex 0.377854790111386 2.3280295144952534 1.5
      vertex 0.3720724127386971 2.334565303179429 1.5
    endloop
  endfacet
  facet normal 0 0 -1
    outer loop
      vertex 0.3720724127386971 2.334565303179429 0.5
      vertex 2.886994260218745 2.5597379556670967 0.5
      vertex 0.377854790111386 2.3280295144952534 0.5
    endloop
  endfacet
  facet normal 0 0 1
    outer loop
      vertex 0.3720724127386971 2.334565303179429 1.5
      vertex 0.377854790111386 2.3280295144952534 1.5
      vertex 3.2081676041842173 3.5938597952128184 1.5
    endloop
  endfacet
  facet normal -0.7604059656000121 0.6494480483302056 0
    outer loop
      vertex 0.377854790111386 -2.3280295144952534 0.5
      vertex 0.377854790111386 -2.3280295144952534 1.5
      vertex 0.383522221559489 -2.32139380484327 0.5
    endloop
  endfacet
  facet normal 0 0 -1
    outer loop
      vertex 0.377854790111386 -2.3280295144952534 0.5
      vertex 0.383522221559489 -2.32139380484327 0.5
      vertex 4 -14 0.5
    endloop
  endfacet
  facet normal -0.7604059656000121 0.6494480483302056 0
    outer loop
      vertex 0.377854790111386 -2.3280295144952534 1.5
      vertex 0.383522221559489 -2.32139380484327 1.5
      vertex 0.383522221559489 -2.32139380484327 0.5
    endloop
  endfacet
  facet normal 0 0 1
    outer loop
      vertex 0.377854790111386 -2.3280295144952534 1.5
      vertex 5 -14 1.5
      vertex 0.383522221559489 -2.32139380484327 1.5
    endloop
  endfacet
  facet normal -0.7604059656000121 -0.6494480483302056 0
    outer loop
      vertex 0.377854790111386 2.3280295144952534 0.5
      vertex 0.383522221559489 2.32139380484327 0.5
      vertex 0.383522221559489 2.32139380484327 1.5
    endloop
  endfacet
  facet normal -0.7604059656000121 -0.6494480483302056 0
    outer loop
      vertex 0.377854790111386 2.3280295144952534 0.5
      vertex 0.383522221559489 2.32139380484327 1.5
      vertex 0.377854790111386 2.3280295144952534 1.5
    endloop
  endfacet
  facet normal 0 0 -1
    outer loop
      vertex 0.377854790111386 2.3280295144952534 0.5
      vertex 2.886994260218745 2.5597379556670967 0.5
      vertex 0.383522221559489 2.32139380484327 0.5
    endloop
  endfacet
  facet normal 0 0 1
    outer loop
      vertex 0.377854790111386 2.3280295144952534 1.5
      vertex 0.383522221559489 2.32139380484327 1.5
      vertex 3.2704766389654623 3.546048391230249 1.5
    endloop
  endfacet
  facet normal 0 0 1
    outer loop
      vertex 0.377854790111386 2.3280295144952534 1.5
      vertex 3.2704766389654623 3.546048391230249 1.5
      vertex 3.2081676041842173 3.5938597952128184 1.5
    endloop
  endfacet
  facet normal -0.771624583387721 0.6360782202777626 0
    outer loop
      vertex 0.383522221559489 -2.32139380484327 0.5
      vertex 0.383522221559489 -2.32139380484327 1.5
      vertex 0.38907298072848545 -2.314660195524919 0.5
    endloop
  endfacet
  facet normal 0 0 -1
    outer loop
      vertex 0.383522221559489 -2.32139380484327 0.5
      vertex 0.38907298072848545 -2.314660195524919 0.5
      vertex 4 -14 0.5
    endloop
  endfacet
  facet normal -0.771624583387721 0.6360782202777626 0
    outer loop
      vertex 0.383522221559489 -2.32139380484327 1.5
      vertex 0.38907298072848545 -2.314660195524919 1.5
      vertex 0.38907298072848545 -2.314660195524919 0.5
    endloop
  endfacet
  facet normal 0 0 1
    outer loop
      vertex 0.383522221559489 -2.32139380484327 1.5
      vertex 5 -14 1.5
      vertex 0.38907298072848545 -2.314660195524919 1.5
    endloop
  endfacet
  facet normal -0.771624583387721 -0.6360782202777626 0
    outer loop
      vertex 0.383522221559489 2.32139380484327 0.5
      vertex 0.38907298072848545 2.314660195524919 0.5
      vertex 0.38907298072848545 2.314660195524919 1.5
    endloop
  endfacet
  facet normal -0.771624583387721 -0.6360782202777626 0
    outer loop
      vertex 0.383522221559489 2.32139380484327 0.5
      vertex 0.38907298072848545 2.314660195524919 1.5
      vertex 0.383522221559489 2.32139380484327 1.5
    endloop
  endfacet
  facet normal 0 0 -1
    outer loop
      vertex 0.383522221559489 2.32139380484327 0.5
      vertex 2.886994260218745 2.5597379556670967 0.5
      vertex 0.38907298072848545 2.314660195524919 0.5
    endloop
  endfacet
  facet normal 0 0 1
    outer loop
      vertex 0.383522221559489 2.32139380484327 1.5
      vertex 0.38907298072848545 2.314660195524919 1.5
      vertex 3.2704766389654623 3.546048391230249 1.5
    endloop
  endfacet
  facet normal -0.7826081568524242 0.6225146366376066 0
    outer loop
      vertex 0.38907298072848545 -2.314660195524919 0.5
      vertex 0.38907298072848545 -2.314660195524919 1.5
      vertex 0.39450537680336095 -2.307830737662829 0.5
    endloop
  endfacet
  facet normal 0 0 -1
    outer loop
      vertex 0.38907298072848545 -2.314660195524919 0.5
      vertex 0.39450537680336095 -2.307830737662829 0.5
      vertex 4 -14 0.5
    endloop
  endfacet
  facet normal -0.7826081568524242 0.6225146366376066 0
    outer loop
      vertex 0.38907298072848545 -2.314660195524919 1.5
      vertex 0.39450537680336095 -2.307830737662829 1.5
      vertex 0.39450537680336095 -2.307830737662829 0.5
    endloop
  endfacet
  facet normal 0 0 1
    outer loop
      vertex 0.38907298072848545 -2.314660195524919 1.5
      vertex 5 -14 1.5
      vertex 0.39450537680336095 -2.307830737662829 1.5
    endloop
  endfacet
  facet normal -0.7826081568524242 -0.6225146366376066 0
    outer loop
      vertex 0.38907298072848545 2.314660195524919 0.5
      vertex 0.39450537680336095 2.307830737662829 0.5
      vertex 0.39450537680336095 2.307830737662829 1.5
    endloop
  endfacet
  facet normal -0.7826081568524242 -0.6225146366376066 0
    outer loop
      vertex 0.38907298072848545 2.314660195524919 0.5
      vertex 0.39450537680336095 2.307830737662829 1.5
      vertex 0.38907298072848545 2.314660195524919 1.5
    endloop
  endfacet
  facet normal 0 0 -1
    outer loop
      vertex 0.38907298072848545 2.314660195524919 0.5
      vertex 2.886994260218745 2.5597379556670967 0.5
      vertex 2.9313042966064904 2.5176893011852792 0.5
    endloop
  endfacet
  facet normal 0 0 -1
    outer loop
      vertex 0.38907298072848545 2.314660195524919 0.5
      vertex 2.9313042966064904 2.5176893011852792 0.5
      vertex 0.39450537680336095 2.307830737662829 0.5
    endloop
  endfacet
  facet normal 0 0 1
    outer loop
      vertex 0.38907298072848545 2.314660195524919 1.5
      vertex 0.39450537680336095 2.307830737662829 1.5
      vertex 3.2704766389654623 3.546048391230249 1.5
    endloop
  endfacet
  facet normal -0.7933533402912276 0.6087614290087305 0
    outer loop
      vertex 0.39450537680336095 -2.307830737662829 0.5
      vertex 0.39450537680336095 -2.307830737662829 1.5
      vertex 0.3998177550236464 -2.3009075115760242 0.5
    endloop
  endfacet
  facet normal 0 0 -1
    outer loop
      vertex 0.39450537680336095 -2.307830737662829 0.5
      vertex 0.3998177550236464 -2.3009075115760242 0.5
      vertex 4 -14 0.5
    endloop
  endfacet
  facet normal -0.7933533402912276 0.6087614290087305 0
    outer loop
      vertex 0.39450537680336095 -2.307830737662829 1.5
      vertex 0.3998177550236464 -2.3009075115760242 1.5
      vertex 0.3998177550236464 -2.3009075115760242 0.5
    endloop
  endfacet
  facet normal 0 0 1
    outer loop
      vertex 0.39450537680336095 -2.307830737662829 1.5
      vertex 5 -14 1.5
      vertex 0.3998177550236464 -2.3009075115760242 1.5
    endloop
  endfacet
  facet normal -0.7933533402912276 -0.6087614290087305 0
    outer loop
      vertex 0.39450537680336095 2.307830737662829 0.5
      vertex 0.3998177550236464 2.3009075115760242 0.5
      vertex 0.3998177550236464 2.3009075115760242 1.5
    endloop
  endfacet
  facet normal -0.7933533402912276 -0.6087614290087305 0
    outer loop
      vertex 0.39450537680336095 2.307830737662829 0.5
      vertex 0.3998177550236464 2.3009075115760242 1.5
      vertex 0.39450537680336095 2.307830737662829 1.5
    endloop
  endfacet
  facet normal 0 0 -1
    outer loop
      vertex 0.39450537680336095 2.307830737662829 0.5
      vertex 2.9313042966064904 2.5176893011852792 0.5
      vertex 0.3998177550236464 2.3009075115760242 0.5
    endloop
  endfacet
  facet normal 0 0 1
    outer loop
      vertex 0.39450537680336095 2.307830737662829 1.5
      vertex 0.3998177550236464 2.3009075115760242 1.5
      vertex 3.2704766389654623 3.546048391230249 1.5
    endloop
  endfacet
  facet normal -0.8038568606172157 0.5948227867513435 0
    outer loop
      vertex 0.3998177550236464 -2.3009075115760242 0.5
      vertex 0.3998177550236464 -2.3009075115760242 1.5
      vertex 0.4050084971874737 -2.2938926261462367 0.5
    endloop
  endfacet
  facet normal 0 0 -1
    outer loop
      vertex 0.3998177550236464 -2.3009075115760242 0.5
      vertex 0.4050084971874737 -2.2938926261462367 0.5
      vertex 4 -14 0.5
    endloop
  endfacet
  facet normal -0.8038568606172157 0.5948227867513435 0
    outer loop
      vertex 0.3998177550236464 -2.3009075115760242 1.5
      vertex 0.4050084971874737 -2.2938926261462367 1.5
      vertex 0.4050084971874737 -2.2938926261462367 0.5
    endloop
  endfacet
  facet normal 0 0 1
    outer loop
      vertex 0.3998177550236464 -2.3009075115760242 1.5
      vertex 5 -14 1.5
      vertex 0.4050084971874737 -2.2938926261462367 1.5
    endloop
  endfacet
  facet normal -0.8038568606172157 -0.5948227867513435 0
    outer loop
      vertex 0.3998177550236464 2.3009075115760242 0.5
      vertex 0.4050084971874737 2.2938926261462367 0.5
      vertex 0.4050084971874737 2.2938926261462367 1.5
    endloop
  endfacet
  facet normal -0.8038568606172157 -0.5948227867513435 0
    outer loop
      vertex 0.3998177550236464 2.3009075115760242 0.5
      vertex 0.4050084971874737 2.2938926261462367 1.5
      vertex 0.3998177550236464 2.3009075115760242 1.5
    endloop
  endfacet
  facet normal 0 0 -1
    outer loop
      vertex 0.3998177550236464 2.3009075115760242 0.5
      vertex 2.9313042966064904 2.5176893011852792 0.5
      vertex 0.4050084971874737 2.2938926261462367 0.5
    endloop
  endfacet
  facet normal 0 0 1
    outer loop
      vertex 0.3998177550236464 2.3009075115760242 1.5
      vertex 0.4050084971874737 2.2938926261462367 1.5
      vertex 3.2704766389654623 3.546048391230249 1.5
    endloop
  endfacet
  facet normal -0.8141155183563251 0.5807029557109316 0
    outer loop
      vertex 0.4050084971874737 -2.2938926261462367 0.5
      vertex 0.4050084971874737 -2.2938926261462367 1.5
      vertex 0.4100760221444959 -2.286788218175523 0.5
    endloop
  endfacet
  facet normal 0 0 -1
    outer loop
      vertex 0.4050084971874737 -2.2938926261462367 0.5
      vertex 0.4100760221444959 -2.286788218175523 0.5
      vertex 4 -14 0.5
    endloop
  endfacet
  facet normal -0.8141155183563251 0.5807029557109316 0
    outer loop
      vertex 0.4050084971874737 -2.2938926261462367 1.5
      vertex 0.4100760221444959 -2.286788218175523 1.5
      vertex 0.4100760221444959 -2.286788218175523 0.5
    endloop
  endfacet
  facet normal 0 0 1
    outer loop
      vertex 0.4050084971874737 -2.2938926261462367 1.5
      vertex 5 -14 1.5
      vertex 0.4100760221444959 -2.286788218175523 1.5
    endloop
  endfacet
  facet normal -0.8141155183563251 -0.5807029557109316 0
    outer loop
      vertex 0.4050084971874737 2.2938926261462367 0.5
      vertex 0.4100760221444959 2.286788218175523 0.5
      vertex 0.4100760221444959 2.286788218175523 1.5
    endloop
  endfacet
  facet normal -0.8141155183563251 -0.5807029557109316 0
    outer loop
      vertex 0.4050084971874737 2.2938926261462367 0.5
      vertex 0.4100760221444959 2.286788218175523 1.5
      vertex 0.4050084971874737 2.2938926261462367 1.5
    endloop
  endfacet
  facet normal 0 0 -1
    outer loop
      vertex 0.4050084971874737 2.2938926261462367 0.5
      vertex 2.9313042966064904 2.5176893011852792 0.5
      vertex 0.4100760221444959 2.286788218175523 0.5
    endloop
  endfacet
  facet normal 0 0 1
    outer loop
      vertex 0.4050084971874737 2.2938926261462367 1.5
      vertex 0.4100760221444959 2.286788218175523 1.5
      vertex 3.3319417597242684 3.4971568265563686 1.5
    endloop
  endfacet
  facet normal 0 0 1
    outer loop
      vertex 0.4050084971874737 2.2938926261462367 1.5
      vertex 3.3319417597242684 3.4971568265563686 1.5
      vertex 3.2704766389654623 3.546048391230249 1.5
    endloop
  endfacet
  facet normal -0.8241261886220216 0.5664062369248242 0
    outer loop
      vertex 0.4100760221444959 -2.286788218175523 0.5
      vertex 0.4100760221444959 -2.286788218175523 1.5
      vertex 0.4150187862775208 -2.2795964517353733 0.5
    endloop
  endfacet
  facet normal 0 0 -1
    outer loop
      vertex 0.4100760221444959 -2.286788218175523 0.5
      vertex 0.4150187862775208 -2.2795964517353733 0.5
      vertex 4 -14 0.5
    endloop
  endfacet
  facet normal -0.8241261886220216 0.5664062369248242 0
    outer loop
      vertex 0.4100760221444959 -2.286788218175523 1.5
      vertex 0.4150187862775208 -2.2795964517353733 1.5
      vertex 0.4150187862775208 -2.2795964517353733 0.5
    endloop
  endfacet
  facet normal 0 0 1
    outer loop
      vertex 0.4100760221444959 -2.286788218175523 1.5
      vertex 5 -14 1.5
      vertex 0.4150187862775208 -2.2795964517353733 1.5
    endloop
  endfacet
  facet normal -0.8241261886220216 -0.5664062369248242 0
    outer loop
      vertex 0.4100760221444959 2.286788218175523 0.5
      vertex 0.4150187862775208 2.2795964517353733 0.5
      vertex 0.4150187862775208 2.2795964517353733 1.5
    endloop
  endfacet
  facet normal -0.8241261886220216 -0.5664062369248242 0
    outer loop
      vertex 0.4100760221444959 2.286788218175523 0.5
      vertex 0.4150187862775208 2.2795964517353733 1.5
      vertex 0.4100760221444959 2.286788218175523 1.5
    endloop
  endfacet
  facet normal 0 0 -1
    outer loop
      vertex 0.4100760221444959 2.286788218175523 0.5
      vertex 2.9313042966064904 2.5176893011852792 0.5
      vertex 2.9748737341529163 2.474873734152917 0.5
    endloop
  endfacet
  facet normal 0 0 -1
    outer loop
      vertex 0.4100760221444959 2.286788218175523 0.5
      vertex 2.9748737341529163 2.474873734152917 0.5
      vertex 0.4150187862775208 2.2795964517353733 0.5
    endloop
  endfacet
  facet normal 0 0 1
    outer loop
      vertex 0.4100760221444959 2.286788218175523 1.5
      vertex 0.4150187862775208 2.2795964517353733 1.5
      vertex 3.3319417597242684 3.4971568265563686 1.5
    endloop
  endfacet
  facet normal -0.8338858220671554 0.5519369853120774 0
    outer loop
      vertex 0.4150187862775208 -2.2795964517353733 0.5
      vertex 0.4150187862775208 -2.2795964517353733 1.5
      vertex 0.419835283972712 -2.2723195175075137 0.5
    endloop
  endfacet
  facet normal 0 0 -1
    outer loop
      vertex 0.4150187862775208 -2.2795964517353733 0.5
      vertex 0.419835283972712 -2.2723195175075137 0.5
      vertex 4 -14 0.5
    endloop
  endfacet
  facet normal -0.8338858220671554 0.5519369853120774 0
    outer loop
      vertex 0.4150187862775208 -2.2795964517353733 1.5
      vertex 0.419835283972712 -2.2723195175075137 1.5
      vertex 0.419835283972712 -2.2723195175075137 0.5
    endloop
  endfacet
  facet normal 0 0 1
    outer loop
      vertex 0.4150187862775208 -2.2795964517353733 1.5
      vertex 5 -14 1.5
      vertex 0.419835283972712 -2.2723195175075137 1.5
    endloop
  endfacet
  facet normal -0.8338858220671554 -0.5519369853120774 0
    outer loop
      vertex 0.4150187862775208 2.2795964517353733 0.5
      vertex 0.419835283972712 2.2723195175075137 0.5
      vertex 0.419835283972712 2.2723195175075137 1.5
    endloop
  endfacet
  facet normal -0.8338858220671554 -0.5519369853120774 0
    outer loop
      vertex 0.4150187862775208 2.2795964517353733 0.5
      vertex 0.419835283972712 2.2723195175075137 1.5
      vertex 0.4150187862775208 2.2795964517353733 1.5
    endloop
  endfacet
  facet normal 0 0 -1
    outer loop
      vertex 0.4150187862775208 2.2795964517353733 0.5
      vertex 2.9748737341529163 2.474873734152917 0.5
      vertex 0.419835283972712 2.2723195175075137 0.5
    endloop
  endfacet
  facet normal 0 0 1
    outer loop
      vertex 0.4150187862775208 2.2795964517353733 1.5
      vertex 0.419835283972712 2.2723195175075137 1.5
      vertex 3.3319417597242684 3.4971568265563686 1.5
    endloop
  endfacet
  facet normal -0.8433914458128967 0.5372996083468066 0
    outer loop
      vertex 0.419835283972712 -2.2723195175075137 0.5
      vertex 0.419835283972712 -2.2723195175075137 1.5
      vertex 0.424524048078213 -2.2649596321166023 0.5
    endloop
  endfacet
  facet normal 0 0 -1
    outer loop
      vertex 0.419835283972712 -2.2723195175075137 0.5
      vertex 0.424524048078213 -2.2649596321166023 0.5
      vertex 4 -14 0.5
    endloop
  endfacet
  facet normal -0.8433914458128967 0.5372996083468066 0
    outer loop
      vertex 0.419835283972712 -2.2723195175075137 1.5
      vertex 0.424524048078213 -2.2649596321166023 1.5
      vertex 0.424524048078213 -2.2649596321166023 0.5
    endloop
  endfacet
  facet normal 0 0 1
    outer loop
      vertex 0.419835283972712 -2.2723195175075137 1.5
      vertex 5 -14 1.5
      vertex 0.424524048078213 -2.2649596321166023 1.5
    endloop
  endfacet
  facet normal -0.8433914458128967 -0.5372996083468066 0
    outer loop
      vertex 0.419835283972712 2.2723195175075137 0.5
      vertex 0.424524048078213 2.2649596321166023 0.5
      vertex 0.424524048078213 2.2649596321166023 1.5
    endloop
  endfacet
  facet normal -0.8433914458128967 -0.5372996083468066 0
    outer loop
      vertex 0.419835283972712 2.2723195175075137 0.5
      vertex 0.424524048078213 2.2649596321166023 1.5
      vertex 0.419835283972712 2.2723195175075137 1.5
    endloop
  endfacet
  facet normal 0 0 -1
    outer loop
      vertex 0.419835283972712 2.2723195175075137 0.5
      vertex 2.9748737341529163 2.474873734152917 0.5
      vertex 0.424524048078213 2.2649596321166023 0.5
    endloop
  endfacet
  facet normal 0 0 1
    outer loop
      vertex 0.419835283972712 2.2723195175075137 1.5
      vertex 0.424524048078213 2.2649596321166023 1.5
      vertex 3.3319417597242684 3.4971568265563686 1.5
    endloop
  endfacet
  facet normal -0.8526401643540924 0.5224985647159485 0
    outer loop
      vertex 0.424524048078213 -2.2649596321166023 0.5
      vertex 0.424524048078213 -2.2649596321166023 1.5
      vertex 0.42908365035105617 -2.257519037455027 0.5
    endloop
  endfacet
  facet normal 0 0 -1
    outer loop
      vertex 0.424524048078213 -2.2649596321166023 0.5
      vertex 0.42908365035105617 -2.257519037455027 0.5
      vertex 4 -14 0.5
    endloop
  endfacet
  facet normal -0.8526401643540924 0.5224985647159485 0
    outer loop
      vertex 0.424524048078213 -2.2649596321166023 1.5
      vertex 0.42908365035105617 -2.257519037455027 1.5
      vertex 0.42908365035105617 -2.257519037455027 0.5
    endloop
  endfacet
  facet normal 0 0 1
    outer loop
      vertex 0.424524048078213 -2.2649596321166023 1.5
      vertex 5 -14 1.5
      vertex 0.42908365035105617 -2.257519037455027 1.5
    endloop
  endfacet
  facet normal -0.8526401643540924 -0.5224985647159485 0
    outer loop
      vertex 0.424524048078213 2.2649596321166023 0.5
      vertex 0.42908365035105617 2.257519037455027 0.5
      vertex 0.42908365035105617 2.257519037455027 1.5
    endloop
  endfacet
  facet normal -0.8526401643540924 -0.5224985647159485 0
    outer loop
      vertex 0.424524048078213 2.2649596321166023 0.5
      vertex 0.42908365035105617 2.257519037455027 1.5
      vertex 0.424524048078213 2.2649596321166023 1.5
    endloop
  endfacet
  facet normal 0 0 -1
    outer loop
      vertex 0.424524048078213 2.2649596321166023 0.5
      vertex 2.9748737341529163 2.474873734152917 0.5
      vertex 3.0176893011852792 2.4313042966064904 0.5
    endloop
  endfacet
  facet normal 0 0 -1
    outer loop
      vertex 0.424524048078213 2.2649596321166023 0.5
      vertex 3.0176893011852792 2.4313042966064904 0.5
      vertex 0.42908365035105617 2.257519037455027 0.5
    endloop
  endfacet
  facet normal 0 0 1
    outer loop
      vertex 0.424524048078213 2.2649596321166023 1.5
      vertex 0.42908365035105617 2.257519037455027 1.5
      vertex 3.3319417597242684 3.4971568265563686 1.5
    endloop
  endfacet
  facet normal -0.8616291604415224 0.5075383629607098 0
    outer loop
      vertex 0.42908365035105617 -2.257519037455027 0.5
      vertex 0.42908365035105617 -2.257519037455027 1.5
      vertex 0.4335127018922193 -2.25 0.5
    endloop
  endfacet
  facet normal 0 0 -1
    outer loop
      vertex 0.42908365035105617 -2.257519037455027 0.5
      vertex 0.4335127018922193 -2.25 0.5
      vertex 4 -14 0.5
    endloop
  endfacet
  facet normal -0.8616291604415224 0.5075383629607098 0
    outer loop
      vertex 0.42908365035105617 -2.257519037455027 1.5
      vertex 0.4335127018922193 -2.25 1.5
      vertex 0.4335127018922193 -2.25 0.5
    endloop
  endfacet
  facet normal 0 0 1
    outer loop
      vertex 0.42908365035105617 -2.257519037455027 1.5
      vertex 5 -14 1.5
      vertex 0.4335127018922193 -2.25 1.5
    endloop
  endfacet
  facet normal -0.8616291604415224 -0.5075383629607098 0
    outer loop
      vertex 0.42908365035105617 2.257519037455027 0.5
      vertex 0.4335127018922193 2.25 0.5
      vertex 0.4335127018922193 2.25 1.5
    endloop
  endfacet
  facet normal -0.8616291604415224 -0.5075383629607098 0
    outer loop
      vertex 0.42908365035105617 2.257519037455027 0.5
      vertex 0.4335127018922193 2.25 1.5
      vertex 0.42908365035105617 2.257519037455027 1.5
    endloop
  endfacet
  facet normal 0 0 -1
    outer loop
      vertex 0.42908365035105617 2.257519037455027 0.5
      vertex 3.0176893011852792 2.4313042966064904 0.5
      vertex 0.4335127018922193 2.25 0.5
    endloop
  endfacet
  facet normal 0 0 1
    outer loop
      vertex 0.42908365035105617 2.257519037455027 1.5
      vertex 0.4335127018922193 2.25 1.5
      vertex 3.392544243589427 3.447199994035401 1.5
    endloop
  endfacet
  facet normal 0 0 1
    outer loop
      vertex 0.42908365035105617 2.257519037455027 1.5
      vertex 3.392544243589427 3.447199994035401 1.5
      vertex 3.3319417597242684 3.4971568265563686 1.5
    endloop
  endfacet
  facet normal -0.8703556959398971 0.4924235601034715 0
    outer loop
      vertex 0.4335127018922193 -2.25 0.5
      vertex 0.4335127018922193 -2.25 1.5
      vertex 0.43780985356969787 -2.2424048101231686 0.5
    endloop
  endfacet
  facet normal 0 0 -1
    outer loop
      vertex 0.4335127018922193 -2.25 0.5
      vertex 0.43780985356969787 -2.2424048101231686 0.5
      vertex 4 -14 0.5
    endloop
  endfacet
  facet normal -0.8703556959398971 0.4924235601034715 0
    outer loop
      vertex 0.4335127018922193 -2.25 1.5
      vertex 0.43780985356969787 -2.2424048101231686 1.5
      vertex 0.43780985356969787 -2.2424048101231686 0.5
    endloop
  endfacet
  facet normal 0 0 1
    outer loop
      vertex 0.4335127018922193 -2.25 1.5
      vertex 5 -14 1.5
      vertex 0.43780985356969787 -2.2424048101231686 1.5
    endloop
  endfacet
  facet normal -0.8703556959398971 -0.4924235601034715 0
    outer loop
      vertex 0.4335127018922193 2.25 0.5
      vertex 0.43780985356969787 2.2424048101231686 0.5
      vertex 0.43780985356969787 2.2424048101231686 1.5
    endloop
  endfacet
  facet normal -0.8703556959398971 -0.4924235601034715 0
    outer loop
      vertex 0.4335127018922193 2.25 0.5
      vertex 0.43780985356969787 2.2424048101231686 1.5
      vertex 0.4335127018922193 2.25 1.5
    endloop
  endfacet
  facet normal 0 0 -1
    outer loop
      vertex 0.4335127018922193 2.25 0.5
      vertex 3.0176893011852792 2.4313042966064904 0.5
      vertex 0.43780985356969787 2.2424048101231686 0.5
    endloop
  endfacet
  facet normal 0 0 1
    outer loop
      vertex 0.4335127018922193 2.25 1.5
      vertex 0.43780985356969787 2.2424048101231686 1.5
      vertex 3.392544243589427 3.447199994035401 1.5
    endloop
  endfacet
  facet normal -0.8788171126619599 0.47715876025961845 0
    outer loop
      vertex 0.43780985356969787 -2.2424048101231686 0.5
      vertex 0.43780985356969787 -2.2424048101231686 1.5
      vertex 0.4419737964294635 -2.2347357813929456 0.5
    endloop
  endfacet
  facet normal 0 0 -1
    outer loop
      vertex 0.43780985356969787 -2.2424048101231686 0.5
      vertex 0.4419737964294635 -2.2347357813929456 0.5
      vertex 4 -14 0.5
    endloop
  endfacet
  facet normal -0.8788171126619599 0.47715876025961845 0
    outer loop
      vertex 0.43780985356969787 -2.2424048101231686 1.5
      vertex 0.4419737964294635 -2.2347357813929456 1.5
      vertex 0.4419737964294635 -2.2347357813929456 0.5
    endloop
  endfacet
  facet normal 0 0 1
    outer loop
      vertex 0.43780985356969787 -2.2424048101231686 1.5
      vertex 5 -14 1.5
      vertex 0.4419737964294635 -2.2347357813929456 1.5
    endloop
  endfacet
  facet normal -0.8788171126619599 -0.47715876025961845 0
    outer loop
      vertex 0.43780985356969787 2.2424048101231686 0.5
      vertex 0.4419737964294635 2.2347357813929456 0.5
      vertex 0.4419737964294635 2.2347357813929456 1.5
    endloop
  endfacet
  facet normal -0.8788171126619599 -0.47715876025961845 0
    outer loop
      vertex 0.43780985356969787 2.2424048101231686 0.5
      vertex 0.4419737964294635 2.2347357813929456 1.5
      vertex 0.43780985356969787 2.2424048101231686 1.5
    endloop
  endfacet
  facet normal 0 0 -1
    outer loop
      vertex 0.43780985356969787 2.2424048101231686 0.5
      vertex 3.0176893011852792 2.4313042966064904 0.5
      vertex 0.4419737964294635 2.2347357813929456 0.5
    endloop
  endfacet
  facet normal 0 0 1
    outer loop
      vertex 0.43780985356969787 2.2424048101231686 1.5
      vertex 0.4419737964294635 2.2347357813929456 1.5
      vertex 3.392544243589427 3.447199994035401 1.5
    endloop
  endfacet
  facet normal -0.8870108331782275 0.46174861323502264 0
    outer loop
      vertex 0.4419737964294635 -2.2347357813929456 0.5
      vertex 0.4419737964294635 -2.2347357813929456 1.5
      vertex 0.44600326209418395 -2.2269952498697734 0.5
    endloop
  endfacet
  facet normal 0 0 -1
    outer loop
      vertex 0.4419737964294635 -2.2347357813929456 0.5
      vertex 0.44600326209418395 -2.2269952498697734 0.5
      vertex 4 -14 0.5
    endloop
  endfacet
  facet normal -0.8870108331782275 0.46174861323502264 0
    outer loop
      vertex 0.4419737964294635 -2.2347357813929456 1.5
      vertex 0.44600326209418395 -2.2269952498697734 1.5
      vertex 0.44600326209418395 -2.2269952498697734 0.5
    endloop
  endfacet
  facet normal 0 0 1
    outer loop
      vertex 0.4419737964294635 -2.2347357813929456 1.5
      vertex 5 -14 1.5
      vertex 0.44600326209418395 -2.2269952498697734 1.5
    endloop
  endfacet
  facet normal -0.8870108331782275 -0.46174861323502264 0
    outer loop
      vertex 0.4419737964294635 2.2347357813929456 0.5
      vertex 0.44600326209418395 2.2269952498697734 0.5
      vertex 0.44600326209418395 2.2269952498697734 1.5
    endloop
  endfacet
  facet normal -0.8870108331782275 -0.46174861323502264 0
    outer loop
      vertex 0.4419737964294635 2.2347357813929456 0.5
      vertex 0.44600326209418395 2.2269952498697734 1.5
      vertex 0.4419737964294635 2.2347357813929456 1.5
    endloop
  endfacet
  facet normal 0 0 -1
    outer loop
      vertex 0.4419737964294635 2.2347357813929456 0.5
      vertex 3.0176893011852792 2.4313042966064904 0.5
      vertex 3.0597379556670967 2.386994260218745 0.5
    endloop
  endfacet
  facet normal 0 0 -1
    outer loop
      vertex 0.4419737964294635 2.2347357813929456 0.5
      vertex 3.0597379556670967 2.386994260218745 0.5
      vertex 0.44600326209418395 2.2269952498697734 0.5
    endloop
  endfacet
  facet normal 0 0 1
    outer loop
      vertex 0.4419737964294635 2.2347357813929456 1.5
      vertex 0.44600326209418395 2.2269952498697734 1.5
      vertex 3.392544243589427 3.447199994035401 1.5
    endloop
  endfacet
  facet normal -0.8949343616020297 0.4461978131097997 0
    outer loop
      vertex 0.44600326209418395 -2.2269952498697734 0.5
      vertex 0.44600326209418395 -2.2269952498697734 1.5
      vertex 0.4498970231495835 -2.2191855733945385 0.5
    endloop
  endfacet
  facet normal 0 0 -1
    outer loop
      vertex 0.44600326209418395 -2.2269952498697734 0.5
      vertex 0.4498970231495835 -2.2191855733945385 0.5
      vertex 4 -14 0.5
    endloop
  endfacet
  facet normal -0.8949343616020297 0.4461978131097997 0
    outer loop
      vertex 0.44600326209418395 -2.2269952498697734 1.5
      vertex 0.4498970231495835 -2.2191855733945385 1.5
      vertex 0.4498970231495835 -2.2191855733945385 0.5
    endloop
  endfacet
  facet normal 0 0 1
    outer loop
      vertex 0.44600326209418395 -2.2269952498697734 1.5
      vertex 5 -14 1.5
      vertex 0.4498970231495835 -2.2191855733945385 1.5
    endloop
  endfacet
  facet normal -0.8949343616020297 -0.4461978131097997 0
    outer loop
      vertex 0.44600326209418395 2.2269952498697734 0.5
      vertex 0.4498970231495835 2.2191855733945385 0.5
      vertex 0.4498970231495835 2.2191855733945385 1.5
    endloop
  endfacet
  facet normal -0.8949343616020297 -0.4461978131097997 0
    outer loop
      vertex 0.44600326209418395 2.2269952498697734 0.5
      vertex 0.4498970231495835 2.2191855733945385 1.5
      vertex 0.44600326209418395 2.2269952498697734 1.5
    endloop
  endfacet
  facet normal 0 0 -1
    outer loop
      vertex 0.44600326209418395 2.2269952498697734 0.5
      vertex 3.0597379556670967 2.386994260218745 0.5
      vertex 0.4498970231495835 2.2191855733945385 0.5
    endloop
  endfacet
  facet normal 0 0 1
    outer loop
      vertex 0.44600326209418395 2.2269952498697734 1.5
      vertex 0.4498970231495835 2.2191855733945385 1.5
      vertex 3.392544243589427 3.447199994035401 1.5
    endloop
  endfacet
  facet normal -0.9025852843498591 0.4305110968082984 0
    outer loop
      vertex 0.4498970231495835 -2.2191855733945385 0.5
      vertex 0.4498970231495835 -2.2191855733945385 1.5
      vertex 0.45365389351832497 -2.2113091308703496 0.5
    endloop
  endfacet
  facet normal 0 0 -1
    outer loop
      vertex 0.4498970231495835 -2.2191855733945385 0.5
      vertex 0.45365389351832497 -2.2113091308703496 0.5
      vertex 4 -14 0.5
    endloop
  endfacet
  facet normal -0.9025852843498591 0.4305110968082984 0
    outer loop
      vertex 0.4498970231495835 -2.2191855733945385 1.5
      vertex 0.45365389351832497 -2.2113091308703496 1.5
      vertex 0.45365389351832497 -2.2113091308703496 0.5
    endloop
  endfacet
  facet normal 0 0 1
    outer loop
      vertex 0.4498970231495835 -2.2191855733945385 1.5
      vertex 5 -14 1.5
      vertex 0.45365389351832497 -2.2113091308703496 1.5
    endloop
  endfacet
  facet normal -0.9025852843498591 -0.4305110968082984 0
    outer loop
      vertex 0.4498970231495835 2.2191855733945385 0.5
      vertex 0.45365389351832497 2.2113091308703496 0.5
      vertex 0.45365389351832497 2.2113091308703496 1.5
    endloop
  endfacet
  facet normal -0.9025852843498591 -0.4305110968082984 0
    outer loop
      vertex 0.4498970231495835 2.2191855733945385 0.5
      vertex 0.45365389351832497 2.2113091308703496 1.5
      vertex 0.4498970231495835 2.2191855733945385 1.5
    endloop
  endfacet
  facet normal 0 0 -1
    outer loop
      vertex 0.4498970231495835 2.2191855733945385 0.5
      vertex 3.0597379556670967 2.386994260218745 0.5
      vertex 0.45365389351832497 2.2113091308703496 0.5
    endloop
  endfacet
  facet normal 0 0 1
    outer loop
      vertex 0.4498970231495835 2.2191855733945385 1.5
      vertex 0.45365389351832497 2.2113091308703496 1.5
      vertex 3.392544243589427 3.447199994035401 1.5
    endloop
  endfacet
  facet normal -0.9099612708765422 0.41469324265624125 0
    outer loop
      vertex 0.45365389351832497 -2.2113091308703496 0.5
      vertex 0.45365389351832497 -2.2113091308703496 1.5
      vertex 0.45727272882130043 -2.2033683215379 0.5
    endloop
  endfacet
  facet normal 0 0 -1
    outer loop
      vertex 0.45365389351832497 -2.2113091308703496 0.5
      vertex 0.45727272882130043 -2.2033683215379 0.5
      vertex 4 -14 0.5
    endloop
  endfacet
  facet normal -0.9099612708765422 0.41469324265624125 0
    outer loop
      vertex 0.45365389351832497 -2.2113091308703496 1.5
      vertex 0.45727272882130043 -2.2033683215379 1.5
      vertex 0.45727272882130043 -2.2033683215379 0.5
    endloop
  endfacet
  facet normal 0 0 1
    outer loop
      vertex 0.45365389351832497 -2.2113091308703496 1.5
      vertex 5 -14 1.5
      vertex 0.45727272882130043 -2.2033683215379 1.5
    endloop
  endfacet
  facet normal -0.9099612708765422 -0.41469324265624125 0
    outer loop
      vertex 0.45365389351832497 2.2113091308703496 0.5
      vertex 0.45727272882130043 2.2033683215379 0.5
      vertex 0.45727272882130043 2.2033683215379 1.5
    endloop
  endfacet
  facet normal -0.9099612708765422 -0.41469324265624125 0
    outer loop
      vertex 0.45365389351832497 2.2113091308703496 0.5
      vertex 0.45727272882130043 2.2033683215379 1.5
      vertex 0.45365389351832497 2.2113091308703496 1.5
    endloop
  endfacet
  facet normal 0 0 -1
    outer loop
      vertex 0.45365389351832497 2.2113091308703496 0.5
      vertex 3.0597379556670967 2.386994260218745 0.5
      vertex 3.10100688917088 2.3419571222560034 0.5
    endloop
  endfacet
  facet normal 0 0 -1
    outer loop
      vertex 0.45365389351832497 2.2113091308703496 0.5
      vertex 3.10100688917088 2.3419571222560034 0.5
      vertex 0.45727272882130043 2.2033683215379 0.5
    endloop
  endfacet
  facet normal 0 0 1
    outer loop
      vertex 0.45365389351832497 2.2113091308703496 1.5
      vertex 0.45727272882130043 2.2033683215379 1.5
      vertex 3.4522656304572825 3.396193111002475 1.5
    endloop
  endfacet
  facet normal 0 0 1
    outer loop
      vertex 0.45365389351832497 2.2113091308703496 1.5
      vertex 3.4522656304572825 3.396193111002475 1.5
      vertex 3.392544243589427 3.447199994035401 1.5
    endloop
  endfacet
  facet normal -0.9170600743851193 0.3987490689252572 0
    outer loop
      vertex 0.45727272882130043 -2.2033683215379 0.5
      vertex 0.45727272882130043 -2.2033683215379 1.5
      vertex 0.4607524267262202 -2.195365564244637 0.5
    endloop
  endfacet
  facet normal 0 0 -1
    outer loop
      vertex 0.45727272882130043 -2.2033683215379 0.5
      vertex 0.4607524267262202 -2.195365564244637 0.5
      vertex 4 -14 0.5
    endloop
  endfacet
  facet normal -0.9170600743851193 0.3987490689252572 0
    outer loop
      vertex 0.45727272882130043 -2.2033683215379 1.5
      vertex 0.4607524267262202 -2.195365564244637 1.5
      vertex 0.4607524267262202 -2.195365564244637 0.5
    endloop
  endfacet
  facet normal 0 0 1
    outer loop
      vertex 0.45727272882130043 -2.2033683215379 1.5
      vertex 5 -14 1.5
      vertex 0.4607524267262202 -2.195365564244637 1.5
    endloop
  endfacet
  facet normal -0.9170600743851193 -0.3987490689252572 0
    outer loop
      vertex 0.45727272882130043 2.2033683215379 0.5
      vertex 0.4607524267262202 2.195365564244637 0.5
      vertex 0.4607524267262202 2.195365564244637 1.5
    endloop
  endfacet
  facet normal -0.9170600743851193 -0.3987490689252572 0
    outer loop
      vertex 0.45727272882130043 2.2033683215379 0.5
      vertex 0.4607524267262202 2.195365564244637 1.5
      vertex 0.45727272882130043 2.2033683215379 1.5
    endloop
  endfacet
  facet normal 0 0 -1
    outer loop
      vertex 0.45727272882130043 2.2033683215379 0.5
      vertex 3.10100688917088 2.3419571222560034 0.5
      vertex 0.4607524267262202 2.195365564244637 0.5
    endloop
  endfacet
  facet normal 0 0 1
    outer loop
      vertex 0.45727272882130043 2.2033683215379 1.5
      vertex 0.4607524267262202 2.195365564244637 1.5
      vertex 3.4522656304572825 3.396193111002475 1.5
    endloop
  endfacet
  facet normal -0.9238795325112904 0.3826834323650811 0
    outer loop
      vertex 0.4607524267262202 -2.195365564244637 0.5
      vertex 0.4607524267262202 -2.195365564244637 1.5
      vertex 0.4640919272833937 -2.187303296707956 0.5
    endloop
  endfacet
  facet normal 0 0 -1
    outer loop
      vertex 0.4607524267262202 -2.195365564244637 0.5
      vertex 0.4640919272833937 -2.187303296707956 0.5
      vertex 4 -14 0.5
    endloop
  endfacet
  facet normal -0.9238795325112904 0.3826834323650811 0
    outer loop
      vertex 0.4607524267262202 -2.195365564244637 1.5
      vertex 0.4640919272833937 -2.187303296707956 1.5
      vertex 0.4640919272833937 -2.187303296707956 0.5
    endloop
  endfacet
  facet normal 0 0 1
    outer loop
      vertex 0.4607524267262202 -2.195365564244637 1.5
      vertex 5 -14 1.5
      vertex 0.4640919272833937 -2.187303296707956 1.5
    endloop
  endfacet
  facet normal -0.9238795325112904 -0.3826834323650811 0
    outer loop
      vertex 0.4607524267262202 2.195365564244637 0.5
      vertex 0.4640919272833937 2.187303296707956 0.5
      vertex 0.4640919272833937 2.187303296707956 1.5
    endloop
  endfacet
  facet normal -0.9238795325112904 -0.3826834323650811 0
    outer loop
      vertex 0.4607524267262202 2.195365564244637 0.5
      vertex 0.4640919272833937 2.187303296707956 1.5
      vertex 0.4607524267262202 2.195365564244637 1.5
    endloop
  endfacet
  facet normal 0 0 -1
    outer loop
      vertex 0.4607524267262202 2.195365564244637 0.5
      vertex 3.10100688917088 2.3419571222560034 0.5
      vertex 0.4640919272833937 2.187303296707956 0.5
    endloop
  endfacet
  facet normal 0 0 1
    outer loop
      vertex 0.4607524267262202 2.195365564244637 1.5
      vertex 0.4640919272833937 2.187303296707956 1.5
      vertex 3.4522656304572825 3.396193111002475 1.5
    endloop
  endfacet
  facet normal -0.9304175679820229 0.3665012267243016 0
    outer loop
      vertex 0.4640919272833937 -2.187303296707956 0.5
      vertex 0.4640919272833937 -2.187303296707956 1.5
      vertex 0.46729021324860087 -2.1791839747726502 0.5
    endloop
  endfacet
  facet normal 0 0 -1
    outer loop
      vertex 0.4640919272833937 -2.187303296707956 0.5
      vertex 0.46729021324860087 -2.1791839747726502 0.5
      vertex 4 -14 0.5
    endloop
  endfacet
  facet normal -0.9304175679820229 0.3665012267243016 0
    outer loop
      vertex 0.4640919272833937 -2.187303296707956 1.5
      vertex 0.46729021324860087 -2.1791839747726502 1.5
      vertex 0.46729021324860087 -2.1791839747726502 0.5
    endloop
  endfacet
  facet normal 0 0 1
    outer loop
      vertex 0.4640919272833937 -2.187303296707956 1.5
      vertex 5 -14 1.5
      vertex 0.46729021324860087 -2.1791839747726502 1.5
    endloop
  endfacet
  facet normal -0.9304175679820229 -0.3665012267243016 0
    outer loop
      vertex 0.4640919272833937 2.187303296707956 0.5
      vertex 0.46729021324860087 2.1791839747726502 0.5
      vertex 0.46729021324860087 2.1791839747726502 1.5
    endloop
  endfacet
  facet normal -0.9304175679820229 -0.3665012267243016 0
    outer loop
      vertex 0.4640919272833937 2.187303296707956 0.5
      vertex 0.46729021324860087 2.1791839747726502 1.5
      vertex 0.4640919272833937 2.187303296707956 1.5
    endloop
  endfacet
  facet normal 0 0 -1
    outer loop
      vertex 0.4640919272833937 2.187303296707956 0.5
      vertex 3.10100688917088 2.3419571222560034 0.5
      vertex 0.46729021324860087 2.1791839747726502 0.5
    endloop
  endfacet
  facet normal 0 0 1
    outer loop
      vertex 0.4640919272833937 2.187303296707956 1.5
      vertex 0.46729021324860087 2.1791839747726502 1.5
      vertex 3.4522656304572825 3.396193111002475 1.5
    endloop
  endfacet
  facet normal -0.9366721892484003 0.3502073812594603 0
    outer loop
      vertex 0.46729021324860087 -2.1791839747726502 0.5
      vertex 0.46729021324860087 -2.1791839747726502 1.5
      vertex 0.4703463103929542 -2.171010071662834 0.5
    endloop
  endfacet
  facet normal 0 0 -1
    outer loop
      vertex 0.46729021324860087 -2.1791839747726502 0.5
      vertex 0.4703463103929542 -2.171010071662834 0.5
      vertex 4 -14 0.5
    endloop
  endfacet
  facet normal -0.9366721892484003 0.3502073812594603 0
    outer loop
      vertex 0.46729021324860087 -2.1791839747726502 1.5
      vertex 0.4703463103929542 -2.171010071662834 1.5
      vertex 0.4703463103929542 -2.171010071662834 0.5
    endloop
  endfacet
  facet normal 0 0 1
    outer loop
      vertex 0.46729021324860087 -2.1791839747726502 1.5
      vertex 5 -14 1.5
      vertex 0.4703463103929542 -2.171010071662834 1.5
    endloop
  endfacet
  facet normal -0.9366721892484003 -0.3502073812594603 0
    outer loop
      vertex 0.46729021324860087 2.1791839747726502 0.5
      vertex 0.4703463103929542 2.171010071662834 0.5
      vertex 0.4703463103929542 2.171010071662834 1.5
    endloop
  endfacet
  facet normal -0.9366721892484003 -0.3502073812594603 0
    outer loop
      vertex 0.46729021324860087 2.1791839747726502 0.5
      vertex 0.4703463103929542 2.171010071662834 1.5
      vertex 0.46729021324860087 2.1791839747726502 1.5
    endloop
  endfacet
  facet normal 0 0 -1
    outer loop
      vertex 0.46729021324860087 2.1791839747726502 0.5
      vertex 3.10100688917088 2.3419571222560034 0.5
      vertex 3.141483530779702 2.2962066014667757 0.5
    endloop
  endfacet
  facet normal 0 0 -1
    outer loop
      vertex 0.46729021324860087 2.1791839747726502 0.5
      vertex 3.141483530779702 2.2962066014667757 0.5
      vertex 0.4703463103929542 2.171010071662834 0.5
    endloop
  endfacet
  facet normal 0 0 1
    outer loop
      vertex 0.46729021324860087 2.1791839747726502 1.5
      vertex 0.4703463103929542 2.171010071662834 1.5
      vertex 3.4522656304572825 3.396193111002475 1.5
    endloop
  endfacet
  facet normal -0.942641491092175 0.33380685923378045 0
    outer loop
      vertex 0.4703463103929542 -2.171010071662834 0.5
      vertex 0.4703463103929542 -2.171010071662834 1.5
      vertex 0.4732592877996584 -2.1627840772285785 0.5
    endloop
  endfacet
  facet normal 0 0 -1
    outer loop
      vertex 0.4703463103929542 -2.171010071662834 0.5
      vertex 0.4732592877996584 -2.1627840772285785 0.5
      vertex 4 -14 0.5
    endloop
  endfacet
  facet normal -0.942641491092175 0.33380685923378045 0
    outer loop
      vertex 0.4703463103929542 -2.171010071662834 1.5
      vertex 0.4732592877996584 -2.1627840772285785 1.5
      vertex 0.4732592877996584 -2.1627840772285785 0.5
    endloop
  endfacet
  facet normal 0 0 1
    outer loop
      vertex 0.4703463103929542 -2.171010071662834 1.5
      vertex 5 -14 1.5
      vertex 0.4732592877996584 -2.1627840772285785 1.5
    endloop
  endfacet
  facet normal -0.942641491092175 -0.33380685923378045 0
    outer loop
      vertex 0.4703463103929542 2.171010071662834 0.5
      vertex 0.4732592877996584 2.1627840772285785 0.5
      vertex 0.4732592877996584 2.1627840772285785 1.5
    endloop
  endfacet
  facet normal -0.942641491092175 -0.33380685923378045 0
    outer loop
      vertex 0.4703463103929542 2.171010071662834 0.5
      vertex 0.4732592877996584 2.1627840772285785 1.5
      vertex 0.4703463103929542 2.171010071662834 1.5
    endloop
  endfacet
  facet normal 0 0 -1
    outer loop
      vertex 0.4703463103929542 2.171010071662834 0.5
      vertex 3.141483530779702 2.2962066014667757 0.5
      vertex 0.4732592877996584 2.1627840772285785 0.5
    endloop
  endfacet
  facet normal 0 0 1
    outer loop
      vertex 0.4703463103929542 2.171010071662834 1.5
      vertex 0.4732592877996584 2.1627840772285785 1.5
      vertex 3.511087728614862 3.344151714648273 1.5
    endloop
  endfacet
  facet normal 0 0 1
    outer loop
      vertex 0.4703463103929542 2.171010071662834 1.5
      vertex 3.511087728614862 3.344151714648273 1.5
      vertex 3.4522656304572825 3.396193111002475 1.5
    endloop
  endfacet
  facet normal -0.948323655206202 0.31730465640508426 0
    outer loop
      vertex 0.4732592877996584 -2.1627840772285785 0.5
      vertex 0.4732592877996584 -2.1627840772285785 1.5
      vertex 0.47602825814757677 -2.1545084971874737 0.5
    endloop
  endfacet
  facet normal 0 0 -1
    outer loop
      vertex 0.4732592877996584 -2.1627840772285785 0.5
      vertex 0.47602825814757677 -2.1545084971874737 0.5
      vertex 4 -14 0.5
    endloop
  endfacet
  facet normal -0.948323655206202 0.31730465640508426 0
    outer loop
      vertex 0.4732592877996584 -2.1627840772285785 1.5
      vertex 0.47602825814757677 -2.1545084971874737 1.5
      vertex 0.47602825814757677 -2.1545084971874737 0.5
    endloop
  endfacet
  facet normal 0 0 1
    outer loop
      vertex 0.4732592877996584 -2.1627840772285785 1.5
      vertex 5 -14 1.5
      vertex 0.47602825814757677 -2.1545084971874737 1.5
    endloop
  endfacet
  facet normal -0.948323655206202 -0.31730465640508426 0
    outer loop
      vertex 0.4732592877996584 2.1627840772285785 0.5
      vertex 0.47602825814757677 2.1545084971874737 0.5
      vertex 0.47602825814757677 2.1545084971874737 1.5
    endloop
  endfacet
  facet normal -0.948323655206202 -0.31730465640508426 0
    outer loop
      vertex 0.4732592877996584 2.1627840772285785 0.5
      vertex 0.47602825814757677 2.1545084971874737 1.5
      vertex 0.4732592877996584 2.1627840772285785 1.5
    endloop
  endfacet
  facet normal 0 0 -1
    outer loop
      vertex 0.4732592877996584 2.1627840772285785 0.5
      vertex 3.141483530779702 2.2962066014667757 0.5
      vertex 0.47602825814757677 2.1545084971874737 0.5
    endloop
  endfacet
  facet normal 0 0 1
    outer loop
      vertex 0.4732592877996584 2.1627840772285785 1.5
      vertex 0.47602825814757677 2.1545084971874737 1.5
      vertex 3.511087728614862 3.344151714648273 1.5
    endloop
  endfacet
  facet normal -0.9537169507482293 0.3007057995042658 0
    outer loop
      vertex 0.47602825814757677 -2.1545084971874737 0.5
      vertex 0.47602825814757677 -2.1545084971874737 1.5
      vertex 0.4786523779815177 -2.146185852361368 0.5
    endloop
  endfacet
  facet normal 0 0 -1
    outer loop
      vertex 0.47602825814757677 -2.1545084971874737 0.5
      vertex 0.4786523779815177 -2.146185852361368 0.5
      vertex 4 -14 0.5
    endloop
  endfacet
  facet normal -0.9537169507482293 0.3007057995042658 0
    outer loop
      vertex 0.47602825814757677 -2.1545084971874737 1.5
      vertex 0.4786523779815177 -2.146185852361368 1.5
      vertex 0.4786523779815177 -2.146185852361368 0.5
    endloop
  endfacet
  facet normal 0 0 1
    outer loop
      vertex 0.47602825814757677 -2.1545084971874737 1.5
      vertex 5 -14 1.5
      vertex 0.4786523779815177 -2.146185852361368 1.5
    endloop
  endfacet
  facet normal -0.9537169507482293 -0.3007057995042658 0
    outer loop
      vertex 0.47602825814757677 2.1545084971874737 0.5
      vertex 0.4786523779815177 2.146185852361368 0.5
      vertex 0.4786523779815177 2.146185852361368 1.5
    endloop
  endfacet
  facet normal -0.9537169507482293 -0.3007057995042658 0
    outer loop
      vertex 0.47602825814757677 2.1545084971874737 0.5
      vertex 0.4786523779815177 2.146185852361368 1.5
      vertex 0.47602825814757677 2.1545084971874737 1.5
    endloop
  endfacet
  facet normal 0 0 -1
    outer loop
      vertex 0.47602825814757677 2.1545084971874737 0.5
      vertex 3.141483530779702 2.2962066014667757 0.5
      vertex 3.181155550916423 2.249756633902887 0.5
    endloop
  endfacet
  facet normal 0 0 -1
    outer loop
      vertex 0.47602825814757677 2.1545084971874737 0.5
      vertex 3.181155550916423 2.249756633902887 0.5
      vertex 0.4786523779815177 2.146185852361368 0.5
    endloop
  endfacet
  facet normal 0 0 1
    outer loop
      vertex 0.47602825814757677 2.1545084971874737 1.5
      vertex 0.4786523779815177 2.146185852361368 1.5
      vertex 3.511087728614862 3.344151714648273 1.5
    endloop
  endfacet
  facet normal -0.9588197348681883 0.28401534470393874 0
    outer loop
      vertex 0.4786523779815177 -2.146185852361368 0.5
      vertex 0.4786523779815177 -2.146185852361368 1.5
      vertex 0.48113084796915945 -2.1378186779084998 0.5
    endloop
  endfacet
  facet normal 0 0 -1
    outer loop
      vertex 0.4786523779815177 -2.146185852361368 0.5
      vertex 0.48113084796915945 -2.1378186779084998 0.5
      vertex 4 -14 0.5
    endloop
  endfacet
  facet normal -0.9588197348681883 0.28401534470393874 0
    outer loop
      vertex 0.4786523779815177 -2.146185852361368 1.5
      vertex 0.48113084796915945 -2.1378186779084998 1.5
      vertex 0.48113084796915945 -2.1378186779084998 0.5
    endloop
  endfacet
  facet normal 0 0 1
    outer loop
      vertex 0.4786523779815177 -2.146185852361368 1.5
      vertex 5 -14 1.5
      vertex 0.48113084796915945 -2.1378186779084998 1.5
    endloop
  endfacet
  facet normal -0.9588197348681883 -0.28401534470393874 0
    outer loop
      vertex 0.4786523779815177 2.146185852361368 0.5
      vertex 0.48113084796915945 2.1378186779084998 0.5
      vertex 0.48113084796915945 2.1378186779084998 1.5
    endloop
  endfacet
  facet normal -0.9588197348681883 -0.28401534470393874 0
    outer loop
      vertex 0.4786523779815177 2.146185852361368 0.5
      vertex 0.48113084796915945 2.1378186779084998 1.5
      vertex 0.4786523779815177 2.146185852361368 1.5
    endloop
  endfacet
  facet normal 0 0 -1
    outer loop
      vertex 0.4786523779815177 2.146185852361368 0.5
      vertex 3.181155550916423 2.249756633902887 0.5
      vertex 0.48113084796915945 2.1378186779084998 0.5
    endloop
  endfacet
  facet normal 0 0 1
    outer loop
      vertex 0.4786523779815177 2.146185852361368 1.5
      vertex 0.48113084796915945 2.1378186779084998 1.5
      vertex 3.511087728614862 3.344151714648273 1.5
    endloop
  endfacet
  facet normal -0.9636304532086246 0.26723837607825074 0
    outer loop
      vertex 0.48113084796915945 -2.1378186779084998 0.5
      vertex 0.48113084796915945 -2.1378186779084998 1.5
      vertex 0.48346291314453416 -2.1294095225512604 0.5
    endloop
  endfacet
  facet normal 0 0 -1
    outer loop
      vertex 0.48113084796915945 -2.1378186779084998 0.5
      vertex 0.48346291314453416 -2.1294095225512604 0.5
      vertex 4 -14 0.5
    endloop
  endfacet
  facet normal -0.9636304532086246 0.26723837607825074 0
    outer loop
      vertex 0.48113084796915945 -2.1378186779084998 1.5
      vertex 0.48346291314453416 -2.1294095225512604 1.5
      vertex 0.48346291314453416 -2.1294095225512604 0.5
    endloop
  endfacet
  facet normal 0 0 1
    outer loop
      vertex 0.48113084796915945 -2.1378186779084998 1.5
      vertex 5 -14 1.5
      vertex 0.48346291314453416 -2.1294095225512604 1.5
    endloop
  endfacet
  facet normal -0.9636304532086246 -0.26723837607825074 0
    outer loop
      vertex 0.48113084796915945 2.1378186779084998 0.5
      vertex 0.48346291314453416 2.1294095225512604 0.5
      vertex 0.48346291314453416 2.1294095225512604 1.5
    endloop
  endfacet
  facet normal -0.9636304532086246 -0.26723837607825074 0
    outer loop
      vertex 0.48113084796915945 2.1378186779084998 0.5
      vertex 0.48346291314453416 2.1294095225512604 1.5
      vertex 0.48113084796915945 2.1378186779084998 1.5
    endloop
  endfacet
  facet normal 0 0 -1
    outer loop
      vertex 0.48113084796915945 2.1378186779084998 0.5
      vertex 3.181155550916423 2.249756633902887 0.5
      vertex 0.48346291314453416 2.1294095225512604 0.5
    endloop
  endfacet
  facet normal 0 0 1
    outer loop
      vertex 0.48113084796915945 2.1378186779084998 1.5
      vertex 0.48346291314453416 2.1294095225512604 1.5
      vertex 3.511087728614862 3.344151714648273 1.5
    endloop
  endfacet
  facet normal -0.9681476403781076 0.25038000405444166 0
    outer loop
      vertex 0.48346291314453416 -2.1294095225512604 0.5
      vertex 0.48346291314453416 -2.1294095225512604 1.5
      vertex 0.48564786313799824 -2.120960947799834 0.5
    endloop
  endfacet
  facet normal 0 0 -1
    outer loop
      vertex 0.48346291314453416 -2.1294095225512604 0.5
      vertex 0.48564786313799824 -2.120960947799834 0.5
      vertex 4 -14 0.5
    endloop
  endfacet
  facet normal -0.9681476403781076 0.25038000405444166 0
    outer loop
      vertex 0.48346291314453416 -2.1294095225512604 1.5
      vertex 0.48564786313799824 -2.120960947799834 1.5
      vertex 0.48564786313799824 -2.120960947799834 0.5
    endloop
  endfacet
  facet normal 0 0 1
    outer loop
      vertex 0.48346291314453416 -2.1294095225512604 1.5
      vertex 5 -14 1.5
      vertex 0.48564786313799824 -2.120960947799834 1.5
    endloop
  endfacet
  facet normal -0.9681476403781076 -0.25038000405444166 0
    outer loop
      vertex 0.48346291314453416 2.1294095225512604 0.5
      vertex 0.48564786313799824 2.120960947799834 0.5
      vertex 0.48564786313799824 2.120960947799834 1.5
    endloop
  endfacet
  facet normal -0.9681476403781076 -0.25038000405444166 0
    outer loop
      vertex 0.48346291314453416 2.1294095225512604 0.5
      vertex 0.48564786313799824 2.120960947799834 1.5
      vertex 0.48346291314453416 2.1294095225512604 1.5
    endloop
  endfacet
  facet normal 0 0 -1
    outer loop
      vertex 0.48346291314453416 2.1294095225512604 0.5
      vertex 3.181155550916423 2.249756633902887 0.5
      vertex 3.220010865099398 2.2026213686744303 0.5
    endloop
  endfacet
  facet normal 0 0 -1
    outer loop
      vertex 0.48346291314453416 2.1294095225512604 0.5
      vertex 3.220010865099398 2.2026213686744303 0.5
      vertex 0.48564786313799824 2.120960947799834 0.5
    endloop
  endfacet
  facet normal 0 0 1
    outer loop
      vertex 0.48346291314453416 2.1294095225512604 1.5
      vertex 0.48564786313799824 2.120960947799834 1.5
      vertex 3.568992620281243 3.291091657286266 1.5
    endloop
  endfacet
  facet normal 0 0 1
    outer loop
      vertex 0.48346291314453416 2.1294095225512604 1.5
      vertex 3.568992620281243 3.291091657286266 1.5
      vertex 3.511087728614862 3.344151714648273 1.5
    endloop
  endfacet
  facet normal -0.9723699203976757 0.23344536385590917 0
    outer loop
      vertex 0.48564786313799824 -2.120960947799834 0.5
      vertex 0.48564786313799824 -2.120960947799834 1.5
      vertex 0.4876850323926176 -2.1124755271719327 0.5
    endloop
  endfacet
  facet normal 0 0 -1
    outer loop
      vertex 0.48564786313799824 -2.120960947799834 0.5
      vertex 0.4876850323926176 -2.1124755271719327 0.5
      vertex 4 -14 0.5
    endloop
  endfacet
  facet normal -0.9723699203976757 0.23344536385590917 0
    outer loop
      vertex 0.48564786313799824 -2.120960947799834 1.5
      vertex 0.4876850323926176 -2.1124755271719327 1.5
      vertex 0.4876850323926176 -2.1124755271719327 0.5
    endloop
  endfacet
  facet normal 0 0 1
    outer loop
      vertex 0.48564786313799824 -2.120960947799834 1.5
      vertex 5 -14 1.5
      vertex 0.4876850323926176 -2.1124755271719327 1.5
    endloop
  endfacet
  facet normal -0.9723699203976757 -0.23344536385590917 0
    outer loop
      vertex 0.48564786313799824 2.120960947799834 0.5
      vertex 0.4876850323926176 2.1124755271719327 0.5
      vertex 0.4876850323926176 2.1124755271719327 1.5
    endloop
  endfacet
  facet normal -0.9723699203976757 -0.23344536385590917 0
    outer loop
      vertex 0.48564786313799824 2.120960947799834 0.5
      vertex 0.4876850323926176 2.1124755271719327 1.5
      vertex 0.48564786313799824 2.120960947799834 1.5
    endloop
  endfacet
  facet normal 0 0 -1
    outer loop
      vertex 0.48564786313799824 2.120960947799834 0.5
      vertex 3.220010865099398 2.2026213686744303 0.5
      vertex 0.4876850323926176 2.1124755271719327 0.5
    endloop
  endfacet
  facet normal 0 0 1
    outer loop
      vertex 0.48564786313799824 2.120960947799834 1.5
      vertex 0.4876850323926176 2.1124755271719327 1.5
      vertex 3.568992620281243 3.291091657286266 1.5
    endloop
  endfacet
  facet normal -0.976296007119933 0.21643961393810437 0
    outer loop
      vertex 0.4876850323926176 -2.1124755271719327 0.5
      vertex 0.4876850323926176 -2.1124755271719327 1.5
      vertex 0.48957380036690284 -2.10395584540888 0.5
    endloop
  endfacet
  facet normal 0 0 -1
    outer loop
      vertex 0.4876850323926176 -2.1124755271719327 0.5
      vertex 0.48957380036690284 -2.10395584540888 0.5
      vertex 4 -14 0.5
    endloop
  endfacet
  facet normal -0.976296007119933 0.21643961393810437 0
    outer loop
      vertex 0.4876850323926176 -2.1124755271719327 1.5
      vertex 0.48957380036690284 -2.10395584540888 1.5
      vertex 0.48957380036690284 -2.10395584540888 0.5
    endloop
  endfacet
  facet normal 0 0 1
    outer loop
      vertex 0.4876850323926176 -2.1124755271719327 1.5
      vertex 5 -14 1.5
      vertex 0.48957380036690284 -2.10395584540888 1.5
    endloop
  endfacet
  facet normal -0.976296007119933 -0.21643961393810437 0
    outer loop
      vertex 0.4876850323926176 2.1124755271719327 0.5
      vertex 0.48957380036690284 2.10395584540888 0.5
      vertex 0.48957380036690284 2.10395584540888 1.5
    endloop
  endfacet
  facet normal -0.976296007119933 -0.21643961393810437 0
    outer loop
      vertex 0.4876850323926176 2.1124755271719327 0.5
      vertex 0.48957380036690284 2.10395584540888 1.5
      vertex 0.4876850323926176 2.1124755271719327 1.5
    endloop
  endfacet
  facet normal 0 0 -1
    outer loop
      vertex 0.4876850323926176 2.1124755271719327 0.5
      vertex 3.220010865099398 2.2026213686744303 0.5
      vertex 0.48957380036690284 2.10395584540888 0.5
    endloop
  endfacet
  facet normal 0 0 1
    outer loop
      vertex 0.4876850323926176 2.1124755271719327 1.5
      vertex 0.48957380036690284 2.10395584540888 1.5
      vertex 3.568992620281243 3.291091657286266 1.5
    endloop
  endfacet
  facet normal -0.9799247046208316 0.1993679344171877 0
    outer loop
      vertex 0.48957380036690284 -2.10395584540888 0.5
      vertex 0.48957380036690284 -2.10395584540888 1.5
      vertex 0.491313591723832 -2.095404497688272 0.5
    endloop
  endfacet
  facet normal 0 0 -1
    outer loop
      vertex 0.48957380036690284 -2.10395584540888 0.5
      vertex 0.491313591723832 -2.095404497688272 0.5
      vertex 4 -14 0.5
    endloop
  endfacet
  facet normal -0.9799247046208316 0.1993679344171877 0
    outer loop
      vertex 0.48957380036690284 -2.10395584540888 1.5
      vertex 0.491313591723832 -2.095404497688272 1.5
      vertex 0.491313591723832 -2.095404497688272 0.5
    endloop
  endfacet
  facet normal 0 0 1
    outer loop
      vertex 0.48957380036690284 -2.10395584540888 1.5
      vertex 5 -14 1.5
      vertex 0.491313591723832 -2.095404497688272 1.5
    endloop
  endfacet
  facet normal -0.9799247046208316 -0.1993679344171877 0
    outer loop
      vertex 0.48957380036690284 2.10395584540888 0.5
      vertex 0.491313591723832 2.095404497688272 0.5
      vertex 0.491313591723832 2.095404497688272 1.5
    endloop
  endfacet
  facet normal -0.9799247046208316 -0.1993679344171877 0
    outer loop
      vertex 0.48957380036690284 2.10395584540888 0.5
      vertex 0.491313591723832 2.095404497688272 1.5
      vertex 0.48957380036690284 2.10395584540888 1.5
    endloop
  endfacet
  facet normal 0 0 -1
    outer loop
      vertex 0.48957380036690284 2.10395584540888 0.5
      vertex 3.220010865099398 2.2026213686744303 0.5
      vertex 0.491313591723832 2.095404497688272 0.5
    endloop
  endfacet
  facet normal 0 0 1
    outer loop
      vertex 0.48957380036690284 2.10395584540888 1.5
      vertex 0.491313591723832 2.095404497688272 1.5
      vertex 3.568992620281243 3.291091657286266 1.5
    endloop
  endfacet
  facet normal -0.9832549075639551 0.1822355254921457 0
    outer loop
      vertex 0.491313591723832 -2.095404497688272 0.5
      vertex 0.491313591723832 -2.095404497688272 1.5
      vertex 0.492903876506104 -2.086824088833465 0.5
    endloop
  endfacet
  facet normal 0 0 -1
    outer loop
      vertex 0.491313591723832 -2.095404497688272 0.5
      vertex 0.492903876506104 -2.086824088833465 0.5
      vertex 4 -14 0.5
    endloop
  endfacet
  facet normal -0.9832549075639551 0.1822355254921457 0
    outer loop
      vertex 0.491313591723832 -2.095404497688272 1.5
      vertex 0.492903876506104 -2.086824088833465 1.5
      vertex 0.492903876506104 -2.086824088833465 0.5
    endloop
  endfacet
  facet normal 0 0 1
    outer loop
      vertex 0.491313591723832 -2.095404497688272 1.5
      vertex 5 -14 1.5
      vertex 0.492903876506104 -2.086824088833465 1.5
    endloop
  endfacet
  facet normal -0.9832549075639551 -0.1822355254921457 0
    outer loop
      vertex 0.491313591723832 2.095404497688272 0.5
      vertex 0.492903876506104 2.086824088833465 0.5
      vertex 0.492903876506104 2.086824088833465 1.5
    endloop
  endfacet
  facet normal -0.9832549075639551 -0.1822355254921457 0
    outer loop
      vertex 0.491313591723832 2.095404497688272 0.5
      vertex 0.492903876506104 2.086824088833465 1.5
      vertex 0.491313591723832 2.095404497688272 1.5
    endloop
  endfacet
  facet normal 0 0 -1
    outer loop
      vertex 0.491313591723832 2.095404497688272 0.5
      vertex 3.220010865099398 2.2026213686744303 0.5
      vertex 3.2580376376235267 2.154815163639804 0.5
    endloop
  endfacet
  facet normal 0 0 -1
    outer loop
      vertex 0.491313591723832 2.095404497688272 0.5
      vertex 3.2580376376235267 2.154815163639804 0.5
      vertex 0.492903876506104 2.086824088833465 0.5
    endloop
  endfacet
  facet normal 0 0 1
    outer loop
      vertex 0.491313591723832 2.095404497688272 1.5
      vertex 0.492903876506104 2.086824088833465 1.5
      vertex 3.568992620281243 3.291091657286266 1.5
    endloop
  endfacet
  facet normal -0.9862856015372296 0.16504760586068762 0
    outer loop
      vertex 0.492903876506104 -2.086824088833465 0.5
      vertex 0.492903876506104 -2.086824088833465 1.5
      vertex 0.4943441702975689 -2.0782172325201156 0.5
    endloop
  endfacet
  facet normal 0 0 -1
    outer loop
      vertex 0.492903876506104 -2.086824088833465 0.5
      vertex 0.4943441702975689 -2.0782172325201156 0.5
      vertex 4 -14 0.5
    endloop
  endfacet
  facet normal -0.9862856015372296 0.16504760586068762 0
    outer loop
      vertex 0.492903876506104 -2.086824088833465 1.5
      vertex 0.4943441702975689 -2.0782172325201156 1.5
      vertex 0.4943441702975689 -2.0782172325201156 0.5
    endloop
  endfacet
  facet normal 0 0 1
    outer loop
      vertex 0.492903876506104 -2.086824088833465 1.5
      vertex 5 -14 1.5
      vertex 0.4943441702975689 -2.0782172325201156 1.5
    endloop
  endfacet
  facet normal -0.9862856015372296 -0.16504760586068762 0
    outer loop
      vertex 0.492903876506104 2.086824088833465 0.5
      vertex 0.4943441702975689 2.0782172325201156 0.5
      vertex 0.4943441702975689 2.0782172325201156 1.5
    endloop
  endfacet
  facet normal -0.9862856015372296 -0.16504760586068762 0
    outer loop
      vertex 0.492903876506104 2.086824088833465 0.5
      vertex 0.4943441702975689 2.0782172325201156 1.5
      vertex 0.492903876506104 2.086824088833465 1.5
    endloop
  endfacet
  facet normal 0 0 -1
    outer loop
      vertex 0.492903876506104 2.086824088833465 0.5
      vertex 3.2580376376235267 2.154815163639804 0.5
      vertex 0.4943441702975689 2.0782172325201156 0.5
    endloop
  endfacet
  facet normal 0 0 1
    outer loop
      vertex 0.492903876506104 2.086824088833465 1.5
      vertex 0.4943441702975689 2.0782172325201156 1.5
      vertex 3.6259626670654876 3.2370291015239303 1.5
    endloop
  endfacet
  facet normal 0 0 1
    outer loop
      vertex 0.492903876506104 2.086824088833465 1.5
      vertex 3.6259626670654876 3.2370291015239303 1.5
      vertex 3.568992620281243 3.291091657286266 1.5
    endloop
  endfacet
  facet normal -0.9890158633619169 0.14780941112960977 0
    outer loop
      vertex 0.4943441702975689 -2.0782172325201156 0.5
      vertex 0.4943441702975689 -2.0782172325201156 1.5
      vertex 0.4956340343707852 -2.069586550480033 0.5
    endloop
  endfacet
  facet normal 0 0 -1
    outer loop
      vertex 0.4943441702975689 -2.0782172325201156 0.5
      vertex 0.4956340343707852 -2.069586550480033 0.5
      vertex 4 -14 0.5
    endloop
  endfacet
  facet normal -0.9890158633619169 0.14780941112960977 0
    outer loop
      vertex 0.4943441702975689 -2.0782172325201156 1.5
      vertex 0.4956340343707852 -2.069586550480033 1.5
      vertex 0.4956340343707852 -2.069586550480033 0.5
    endloop
  endfacet
  facet normal 0 0 1
    outer loop
      vertex 0.4943441702975689 -2.0782172325201156 1.5
      vertex 5 -14 1.5
      vertex 0.4956340343707852 -2.069586550480033 1.5
    endloop
  endfacet
  facet normal -0.9890158633619169 -0.14780941112960977 0
    outer loop
      vertex 0.4943441702975689 2.0782172325201156 0.5
      vertex 0.4956340343707852 2.069586550480033 0.5
      vertex 0.4956340343707852 2.069586550480033 1.5
    endloop
  endfacet
  facet normal -0.9890158633619169 -0.14780941112960977 0
    outer loop
      vertex 0.4943441702975689 2.0782172325201156 0.5
      vertex 0.4956340343707852 2.069586550480033 1.5
      vertex 0.4943441702975689 2.0782172325201156 1.5
    endloop
  endfacet
  facet normal 0 0 -1
    outer loop
      vertex 0.4943441702975689 2.0782172325201156 0.5
      vertex 3.2580376376235267 2.154815163639804 0.5
      vertex 0.4956340343707852 2.069586550480033 0.5
    endloop
  endfacet
  facet normal 0 0 1
    outer loop
      vertex 0.4943441702975689 2.0782172325201156 1.5
      vertex 0.4956340343707852 2.069586550480033 1.5
      vertex 3.6259626670654876 3.2370291015239303 1.5
    endloop
  endfacet
  facet normal -0.9914448613738116 0.13052619222004264 0
    outer loop
      vertex 0.4956340343707852 -2.069586550480033 0.5
      vertex 0.4956340343707852 -2.069586550480033 1.5
      vertex 0.496773075820661 -2.0609346717025736 0.5
    endloop
  endfacet
  facet normal 0 0 -1
    outer loop
      vertex 0.4956340343707852 -2.069586550480033 0.5
      vertex 0.496773075820661 -2.0609346717025736 0.5
      vertex 4 -14 0.5
    endloop
  endfacet
  facet normal -0.9914448613738116 0.13052619222004264 0
    outer loop
      vertex 0.4956340343707852 -2.069586550480033 1.5
      vertex 0.496773075820661 -2.0609346717025736 1.5
      vertex 0.496773075820661 -2.0609346717025736 0.5
    endloop
  endfacet
  facet normal 0 0 1
    outer loop
      vertex 0.4956340343707852 -2.069586550480033 1.5
      vertex 5 -14 1.5
      vertex 0.496773075820661 -2.0609346717025736 1.5
    endloop
  endfacet
  facet normal -0.9914448613738116 -0.13052619222004264 0
    outer loop
      vertex 0.4956340343707852 2.069586550480033 0.5
      vertex 0.496773075820661 2.0609346717025736 0.5
      vertex 0.496773075820661 2.0609346717025736 1.5
    endloop
  endfacet
  facet normal -0.9914448613738116 -0.13052619222004264 0
    outer loop
      vertex 0.4956340343707852 2.069586550480033 0.5
      vertex 0.496773075820661 2.0609346717025736 1.5
      vertex 0.4956340343707852 2.069586550480033 1.5
    endloop
  endfacet
  facet normal 0 0 -1
    outer loop
      vertex 0.4956340343707852 2.069586550480033 0.5
      vertex 3.2580376376235267 2.154815163639804 0.5
      vertex 3.295224285165525 2.1063525810321693 0.5
    endloop
  endfacet
  facet normal 0 0 -1
    outer loop
      vertex 0.4956340343707852 2.069586550480033 0.5
      vertex 3.295224285165525 2.1063525810321693 0.5
      vertex 0.496773075820661 2.0609346717025736 0.5
    endloop
  endfacet
  facet normal 0 0 1
    outer loop
      vertex 0.4956340343707852 2.069586550480033 1.5
      vertex 0.496773075820661 2.0609346717025736 1.5
      vertex 3.6259626670654876 3.2370291015239303 1.5
    endloop
  endfacet
  facet normal -0.9935718556765871 0.11320321376791051 0
    outer loop
      vertex 0.496773075820661 -2.0609346717025736 0.5
      vertex 0.496773075820661 -2.0609346717025736 1.5
      vertex 0.49776094768413665 -2.052264231633827 0.5
    endloop
  endfacet
  facet normal 0 0 -1
    outer loop
      vertex 0.496773075820661 -2.0609346717025736 0.5
      vertex 0.49776094768413665 -2.052264231633827 0.5
      vertex 4 -14 0.5
    endloop
  endfacet
  facet normal -0.9935718556765871 0.11320321376791051 0
    outer loop
      vertex 0.496773075820661 -2.0609346717025736 1.5
      vertex 0.49776094768413665 -2.052264231633827 1.5
      vertex 0.49776094768413665 -2.052264231633827 0.5
    endloop
  endfacet
  facet normal 0 0 1
    outer loop
      vertex 0.496773075820661 -2.0609346717025736 1.5
      vertex 5 -14 1.5
      vertex 0.49776094768413665 -2.052264231633827 1.5
    endloop
  endfacet
  facet normal -0.9935718556765871 -0.11320321376791051 0
    outer loop
      vertex 0.496773075820661 2.0609346717025736 0.5
      vertex 0.49776094768413665 2.052264231633827 0.5
      vertex 0.49776094768413665 2.052264231633827 1.5
    endloop
  endfacet
  facet normal -0.9935718556765871 -0.11320321376791051 0
    outer loop
      vertex 0.496773075820661 2.0609346717025736 0.5
      vertex 0.49776094768413665 2.052264231633827 1.5
      vertex 0.496773075820661 2.0609346717025736 1.5
    endloop
  endfacet
  facet normal 0 0 -1
    outer loop
      vertex 0.496773075820661 2.0609346717025736 0.5
      vertex 3.295224285165525 2.1063525810321693 0.5
      vertex 0.49776094768413665 2.052264231633827 0.5
    endloop
  endfacet
  facet normal 0 0 1
    outer loop
      vertex 0.496773075820661 2.0609346717025736 1.5
      vertex 0.49776094768413665 2.052264231633827 1.5
      vertex 3.6259626670654876 3.2370291015239303 1.5
    endloop
  endfacet
  facet normal -0.9953961983671787 0.09584575252022569 0
    outer loop
      vertex 0.49776094768413665 -2.052264231633827 0.5
      vertex 0.49776094768413665 -2.052264231633827 1.5
      vertex 0.4985973490458728 -2.043577871373829 0.5
    endloop
  endfacet
  facet normal 0 0 -1
    outer loop
      vertex 0.49776094768413665 -2.052264231633827 0.5
      vertex 0.4985973490458728 -2.043577871373829 0.5
      vertex 4 -14 0.5
    endloop
  endfacet
  facet normal -0.9953961983671787 0.09584575252022569 0
    outer loop
      vertex 0.49776094768413665 -2.052264231633827 1.5
      vertex 0.4985973490458728 -2.043577871373829 1.5
      vertex 0.4985973490458728 -2.043577871373829 0.5
    endloop
  endfacet
  facet normal 0 0 1
    outer loop
      vertex 0.49776094768413665 -2.052264231633827 1.5
      vertex 5 -14 1.5
      vertex 0.4985973490458728 -2.043577871373829 1.5
    endloop
  endfacet
  facet normal -0.9953961983671787 -0.09584575252022569 0
    outer loop
      vertex 0.49776094768413665 2.052264231633827 0.5
      vertex 0.4985973490458728 2.043577871373829 0.5
      vertex 0.4985973490458728 2.043577871373829 1.5
    endloop
  endfacet
  facet normal -0.9953961983671787 -0.09584575252022569 0
    outer loop
      vertex 0.49776094768413665 2.052264231633827 0.5
      vertex 0.4985973490458728 2.043577871373829 1.5
      vertex 0.49776094768413665 2.052264231633827 1.5
    endloop
  endfacet
  facet normal 0 0 -1
    outer loop
      vertex 0.49776094768413665 2.052264231633827 0.5
      vertex 3.295224285165525 2.1063525810321693 0.5
      vertex 0.4985973490458728 2.043577871373829 0.5
    endloop
  endfacet
  facet normal 0 0 1
    outer loop
      vertex 0.49776094768413665 2.052264231633827 1.5
      vertex 0.4985973490458728 2.043577871373829 1.5
      vertex 3.6259626670654876 3.2370291015239303 1.5
    endloop
  endfacet
  facet normal -0.9969173337331282 0.07845909572784303 0
    outer loop
      vertex 0.4985973490458728 -2.043577871373829 0.5
      vertex 0.4985973490458728 -2.043577871373829 1.5
      vertex 0.4992820251299121 -2.034878236872063 0.5
    endloop
  endfacet
  facet normal 0 0 -1
    outer loop
      vertex 0.4985973490458728 -2.043577871373829 0.5
      vertex 0.4992820251299121 -2.034878236872063 0.5
      vertex 4 -14 0.5
    endloop
  endfacet
  facet normal -0.9969173337331282 0.07845909572784303 0
    outer loop
      vertex 0.4985973490458728 -2.043577871373829 1.5
      vertex 0.4992820251299121 -2.034878236872063 1.5
      vertex 0.4992820251299121 -2.034878236872063 0.5
    endloop
  endfacet
  facet normal 0 0 1
    outer loop
      vertex 0.4985973490458728 -2.043577871373829 1.5
      vertex 5 -14 1.5
      vertex 0.4992820251299121 -2.034878236872063 1.5
    endloop
  endfacet
  facet normal -0.9969173337331282 -0.07845909572784303 0
    outer loop
      vertex 0.4985973490458728 2.043577871373829 0.5
      vertex 0.4992820251299121 2.034878236872063 0.5
      vertex 0.4992820251299121 2.034878236872063 1.5
    endloop
  endfacet
  facet normal -0.9969173337331282 -0.07845909572784303 0
    outer loop
      vertex 0.4985973490458728 2.043577871373829 0.5
      vertex 0.4992820251299121 2.034878236872063 1.5
      vertex 0.4985973490458728 2.043577871373829 1.5
    endloop
  endfacet
  facet normal 0 0 -1
    outer loop
      vertex 0.4985973490458728 2.043577871373829 0.5
      vertex 3.295224285165525 2.1063525810321693 0.5
      vertex 3.331559480312316 2.057248383023656 0.5
    endloop
  endfacet
  facet normal 0 0 -1
    outer loop
      vertex 0.4985973490458728 2.043577871373829 0.5
      vertex 3.331559480312316 2.057248383023656 0.5
      vertex 0.4992820251299121 2.034878236872063 0.5
    endloop
  endfacet
  facet normal 0 0 1
    outer loop
      vertex 0.4985973490458728 2.043577871373829 1.5
      vertex 0.4992820251299121 2.034878236872063 1.5
      vertex 3.6819805153394642 3.1819805153394647 1.5
    endloop
  endfacet
  facet normal 0 0 1
    outer loop
      vertex 0.4985973490458728 2.043577871373829 1.5
      vertex 3.6819805153394642 3.1819805153394647 1.5
      vertex 3.6259626670654876 3.2370291015239303 1.5
    endloop
  endfacet
  facet normal -0.998134798421867 0.06104853953485591 0
    outer loop
      vertex 0.4992820251299121 -2.034878236872063 0.5
      vertex 0.4992820251299121 -2.034878236872063 1.5
      vertex 0.4998147673772869 -2.026167978121472 0.5
    endloop
  endfacet
  facet normal 0 0 -1
    outer loop
      vertex 0.4992820251299121 -2.034878236872063 0.5
      vertex 0.4998147673772869 -2.026167978121472 0.5
      vertex 4 -14 0.5
    endloop
  endfacet
  facet normal -0.998134798421867 0.06104853953485591 0
    outer loop
      vertex 0.4992820251299121 -2.034878236872063 1.5
      vertex 0.4998147673772869 -2.026167978121472 1.5
      vertex 0.4998147673772869 -2.026167978121472 0.5
    endloop
  endfacet
  facet normal 0 0 1
    outer loop
      vertex 0.4992820251299121 -2.034878236872063 1.5
      vertex 5 -14 1.5
      vertex 0.4998147673772869 -2.026167978121472 1.5
    endloop
  endfacet
  facet normal -0.998134798421867 -0.06104853953485591 0
    outer loop
      vertex 0.4992820251299121 2.034878236872063 0.5
      vertex 0.4998147673772869 2.026167978121472 0.5
      vertex 0.4998147673772869 2.026167978121472 1.5
    endloop
  endfacet
  facet normal -0.998134798421867 -0.06104853953485591 0
    outer loop
      vertex 0.4992820251299121 2.034878236872063 0.5
      vertex 0.4998147673772869 2.026167978121472 1.5
      vertex 0.4992820251299121 2.034878236872063 1.5
    endloop
  endfacet
  facet normal 0 0 -1
    outer loop
      vertex 0.4992820251299121 2.034878236872063 0.5
      vertex 3.331559480312316 2.057248383023656 0.5
      vertex 0.4998147673772869 2.026167978121472 0.5
    endloop
  endfacet
  facet normal 0 0 1
    outer loop
      vertex 0.4992820251299121 2.034878236872063 1.5
      vertex 0.4998147673772869 2.026167978121472 1.5
      vertex 3.6819805153394642 3.1819805153394647 1.5
    endloop
  endfacet
  facet normal -0.9990482215818577 0.04361938736533971 0
    outer loop
      vertex 0.4998147673772869 -2.026167978121472 0.5
      vertex 0.4998147673772869 -2.026167978121472 1.5
      vertex 0.5001954135095479 -2.0174497483512503 0.5
    endloop
  endfacet
  facet normal 0 0 -1
    outer loop
      vertex 0.4998147673772869 -2.026167978121472 0.5
      vertex 0.5001954135095479 -2.0174497483512503 0.5
      vertex 4 -14 0.5
    endloop
  endfacet
  facet normal -0.9990482215818577 0.04361938736533971 0
    outer loop
      vertex 0.4998147673772869 -2.026167978121472 1.5
      vertex 0.5001954135095479 -2.0174497483512503 1.5
      vertex 0.5001954135095479 -2.0174497483512503 0.5
    endloop
  endfacet
  facet normal 0 0 1
    outer loop
      vertex 0.4998147673772869 -2.026167978121472 1.5
      vertex 5 -14 1.5
      vertex 0.5001954135095479 -2.0174497483512503 1.5
    endloop
  endfacet
  facet normal -0.9990482215818577 -0.04361938736533971 0
    outer loop
      vertex 0.4998147673772869 2.026167978121472 0.5
      vertex 0.5001954135095479 2.0174497483512503 0.5
      vertex 0.5001954135095479 2.0174497483512503 1.5
    endloop
  endfacet
  facet normal -0.9990482215818577 -0.04361938736533971 0
    outer loop
      vertex 0.4998147673772869 2.026167978121472 0.5
      vertex 0.5001954135095479 2.0174497483512503 1.5
      vertex 0.4998147673772869 2.026167978121472 1.5
    endloop
  endfacet
  facet normal 0 0 -1
    outer loop
      vertex 0.4998147673772869 2.026167978121472 0.5
      vertex 3.331559480312316 2.057248383023656 0.5
      vertex 0.5001954135095479 2.0174497483512503 0.5
    endloop
  endfacet
  facet normal 0 0 1
    outer loop
      vertex 0.4998147673772869 2.026167978121472 1.5
      vertex 0.5001954135095479 2.0174497483512503 1.5
      vertex 3.6819805153394642 3.1819805153394647 1.5
    endloop
  endfacet
  facet normal -0.008726535498377649 -0.9999619230641712 0
    outer loop
      vertex 0.5 3.5 -1.5
      vertex 0.5610834225304923 3.499466933047369 -1.5
      vertex 0.5610834225304923 3.499466933047369 0.5
    endloop
  endfacet
  facet normal -0.008726535498377649 -0.9999619230641712 0
    outer loop
      vertex 0.5 3.5 -1.5
      vertex 0.5610834225304923 3.499466933047369 0.5
      vertex 0.5 3.5 0.5
    endloop
  endfacet
  facet normal 0 0 -1
    outer loop
      vertex 0.5 3.5 -1.5
      vertex 1.1262789543202945 4.456206309337066 -1.5
      vertex 0.5610834225304923 3.499466933047369 -1.5
    endloop
  endfacet
  facet normal 0.008726535498367955 0.9999619230641714 0
    outer loop
      vertex 0.5 4.5 -1.5
      vertex 0.5 4.5 1.5
      vertex 0.5785358289677758 4.499314628203761 1.5
    endloop
  endfacet
  facet normal 0 0 -1
    outer loop
      vertex 0.5 4.5 -1.5
      vertex 0.5785358289677758 4.499314628203761 -1.5
      vertex 1.1262789543202945 4.456206309337066 -1.5
    endloop
  endfacet
  facet normal 0.008726535498367955 0.9999619230641714 0
    outer loop
      vertex 0.5 4.5 -1.5
      vertex 0.5785358289677758 4.499314628203761 1.5
      vertex 0.5785358289677758 4.499314628203761 -1.5
    endloop
  endfacet
  facet normal -0.9996573249755575 0.02617694830786695 0
    outer loop
      vertex 0.5001954135095479 -2.0174497483512503 0.5
      vertex 0.5001954135095479 -2.0174497483512503 1.5
      vertex 0.5004238475781956 -2.0087262032186417 0.5
    endloop
  endfacet
  facet normal 0 0 -1
    outer loop
      vertex 0.5001954135095479 -2.0174497483512503 0.5
      vertex 0.5004238475781956 -2.0087262032186417 0.5
      vertex 4 -14 0.5
    endloop
  endfacet
  facet normal -0.9996573249755575 0.02617694830786695 0
    outer loop
      vertex 0.5001954135095479 -2.0174497483512503 1.5
      vertex 0.5004238475781956 -2.0087262032186417 1.5
      vertex 0.5004238475781956 -2.0087262032186417 0.5
    endloop
  endfacet
  facet normal 0 0 1
    outer loop
      vertex 0.5001954135095479 -2.0174497483512503 1.5
      vertex 5 -14 1.5
      vertex 0.5004238475781956 -2.0087262032186417 1.5
    endloop
  endfacet
  facet normal -0.9996573249755575 -0.02617694830786695 0
    outer loop
      vertex 0.5001954135095479 2.0174497483512503 0.5
      vertex 0.5004238475781956 2.0087262032186417 0.5
      vertex 0.5004238475781956 2.0087262032186417 1.5
    endloop
  endfacet
  facet normal -0.9996573249755575 -0.02617694830786695 0
    outer loop
      vertex 0.5001954135095479 2.0174497483512503 0.5
      vertex 0.5004238475781956 2.0087262032186417 1.5
      vertex 0.5001954135095479 2.0174497483512503 1.5
    endloop
  endfacet
  facet normal 0 0 -1
    outer loop
      vertex 0.5001954135095479 2.0174497483512503 0.5
      vertex 3.331559480312316 2.057248383023656 0.5
      vertex 0.5004238475781956 2.0087262032186417 0.5
    endloop
  endfacet
  facet normal 0 0 1
    outer loop
      vertex 0.5001954135095479 2.0174497483512503 1.5
      vertex 0.5004238475781956 2.0087262032186417 1.5
      vertex 3.6819805153394642 3.1819805153394647 1.5
    endloop
  endfacet
  facet normal -0.9999619230641713 0.008726535498372245 0
    outer loop
      vertex 0.5004238475781956 -2.0087262032186417 0.5
      vertex 0.5004238475781956 -2.0087262032186417 1.5
      vertex 0.5005 -2 0.5
    endloop
  endfacet
  facet normal 0 0 -1
    outer loop
      vertex 0.5004238475781956 -2.0087262032186417 0.5
      vertex 0.5005 -2 0.5
      vertex 4 -14 0.5
    endloop
  endfacet
  facet normal -0.9999619230641713 0.008726535498372245 0
    outer loop
      vertex 0.5004238475781956 -2.0087262032186417 1.5
      vertex 0.5005 -2 1.5
      vertex 0.5005 -2 0.5
    endloop
  endfacet
  facet normal 0 0 1
    outer loop
      vertex 0.5004238475781956 -2.0087262032186417 1.5
      vertex 5 -14 1.5
      vertex 0.5005 -2 1.5
    endloop
  endfacet
  facet normal -0.9999619230641713 -0.008726535498372245 0
    outer loop
      vertex 0.5004238475781956 2.0087262032186417 0.5
      vertex 0.5005 2 0.5
      vertex 0.5005 2 1.5
    endloop
  endfacet
  facet normal -0.9999619230641713 -0.008726535498372245 0
    outer loop
      vertex 0.5004238475781956 2.0087262032186417 0.5
      vertex 0.5005 2 1.5
      vertex 0.5004238475781956 2.0087262032186417 1.5
    endloop
  endfacet
  facet normal 0 0 -1
    outer loop
      vertex 0.5004238475781956 2.0087262032186417 0.5
      vertex 3.331559480312316 2.057248383023656 0.5
      vertex 3.3670321550114712 2.0075175272286607 0.5
    endloop
  endfacet
  facet normal 0 0 -1
    outer loop
      vertex 0.5004238475781956 2.0087262032186417 0.5
      vertex 3.3670321550114712 2.0075175272286607 0.5
      vertex 0.5005 2 0.5
    endloop
  endfacet
  facet normal 0 0 1
    outer loop
      vertex 0.5004238475781956 2.0087262032186417 1.5
      vertex 0.5005 2 1.5
      vertex 3.6819805153394642 3.1819805153394647 1.5
    endloop
  endfacet
  facet normal -1 0 0
    outer loop
      vertex 0.5005 -2 0.5
      vertex 0.5005 -2 1.5
      vertex 0.5005 2 0.5
    endloop
  endfacet
  facet normal 0 0 -1
    outer loop
      vertex 0.5005 -2 0.5
      vertex 0.5005 2 0.5
      vertex 4 0 0.5
    endloop
  endfacet
  facet normal 0 0 -1
    outer loop
      vertex 0.5005 -2 0.5
      vertex 4 0 0.5
      vertex 4 -14 0.5
    endloop
  endfacet
  facet normal -1 0 0
    outer loop
      vertex 0.5005 -2 1.5
      vertex 0.5005 2 1.5
      vertex 0.5005 2 0.5
    endloop
  endfacet
  facet normal 0 0 1
    outer loop
      vertex 0.5005 -2 1.5
      vertex 3.6819805153394642 3.1819805153394647 1.5
      vertex 0.5005 2 1.5
    endloop
  endfacet
  facet normal 0 0 1
    outer loop
      vertex 0.5005 -2 1.5
      vertex 3.7370291015239303 3.1259626670654876 1.5
      vertex 3.6819805153394642 3.1819805153394647 1.5
    endloop
  endfacet
  facet normal 0 0 1
    outer loop
      vertex 0.5005 -2 1.5
      vertex 3.791091657286267 3.068992620281243 1.5
      vertex 3.7370291015239303 3.1259626670654876 1.5
    endloop
  endfacet
  facet normal 0 0 1
    outer loop
      vertex 0.5005 -2 1.5
      vertex 3.844151714648274 3.0110877286148625 1.5
      vertex 3.791091657286267 3.068992620281243 1.5
    endloop
  endfacet
  facet normal 0 0 1
    outer loop
      vertex 0.5005 -2 1.5
      vertex 3.896193111002474 2.9522656304572825 1.5
      vertex 3.844151714648274 3.0110877286148625 1.5
    endloop
  endfacet
  facet normal 0 0 1
    outer loop
      vertex 0.5005 -2 1.5
      vertex 3.947199994035401 2.892544243589427 1.5
      vertex 3.896193111002474 2.9522656304572825 1.5
    endloop
  endfacet
  facet normal 0 0 1
    outer loop
      vertex 0.5005 -2 1.5
      vertex 3.997156826556369 2.831941759724268 1.5
      vertex 3.947199994035401 2.892544243589427 1.5
    endloop
  endfacet
  facet normal 0 0 1
    outer loop
      vertex 0.5005 -2 1.5
      vertex 4.046048391230249 2.7704766389654623 1.5
      vertex 3.997156826556369 2.831941759724268 1.5
    endloop
  endfacet
  facet normal 0 0 1
    outer loop
      vertex 0.5005 -2 1.5
      vertex 4.0938597952128175 2.708167604184217 1.5
      vertex 4.046048391230249 2.7704766389654623 1.5
    endloop
  endfacet
  facet normal 0 0 1
    outer loop
      vertex 0.5005 -2 1.5
      vertex 4.140576474687263 2.6450336353161292 1.5
      vertex 4.0938597952128175 2.708167604184217 1.5
    endloop
  endfacet
  facet normal 0 0 1
    outer loop
      vertex 0.5005 -2 1.5
      vertex 4.186184199300463 2.5810939635797077 1.5
      vertex 4.140576474687263 2.6450336353161292 1.5
    endloop
  endfacet
  facet normal 0 0 1
    outer loop
      vertex 0.5005 -2 1.5
      vertex 4.230669076497687 2.5163680656183605 1.5
      vertex 4.186184199300463 2.5810939635797077 1.5
    endloop
  endfacet
  facet normal 0 0 1
    outer loop
      vertex 0.5005 -2 1.5
      vertex 4.2740175557544084 2.4508756575676216 1.5
      vertex 4.230669076497687 2.5163680656183605 1.5
    endloop
  endfacet
  facet normal 0 0 1
    outer loop
      vertex 0.5005 -2 1.5
      vertex 4.316216432703917 2.3846366890494224 1.5
      vertex 4.2740175557544084 2.4508756575676216 1.5
    endloop
  endfacet
  facet normal 0 0 1
    outer loop
      vertex 0.5005 -2 1.5
      vertex 4.357252853159506 2.317671337095243 1.5
      vertex 4.316216432703917 2.3846366890494224 1.5
    endloop
  endfacet
  facet normal 0 0 1
    outer loop
      vertex 0.5005 -2 1.5
      vertex 4.397114317029974 2.25 1.5
      vertex 4.357252853159506 2.317671337095243 1.5
    endloop
  endfacet
  facet normal 0 0 1
    outer loop
      vertex 0.5005 -2 1.5
      vertex 4.435788682127281 2.181643291108516 1.5
      vertex 4.397114317029974 2.25 1.5
    endloop
  endfacet
  facet normal 0 0 1
    outer loop
      vertex 0.5005 -2 1.5
      vertex 4.473264167865171 2.1126220325365086 1.5
      vertex 4.435788682127281 2.181643291108516 1.5
    endloop
  endfacet
  facet normal 0 0 1
    outer loop
      vertex 0.5005 -2 1.5
      vertex 4.509529358847655 2.0429572488279604 1.5
      vertex 4.473264167865171 2.1126220325365086 1.5
    endloop
  endfacet
  facet normal 0 0 1
    outer loop
      vertex 0.5005 -2 1.5
      vertex 4.544573208346252 1.972670160550848 1.5
      vertex 4.509529358847655 2.0429572488279604 1.5
    endloop
  endfacet
  facet normal 0 0 1
    outer loop
      vertex 0.5005 -2 1.5
      vertex 4.578385041664925 1.9017821778331472 1.5
      vertex 4.544573208346252 1.972670160550848 1.5
    endloop
  endfacet
  facet normal 0 0 1
    outer loop
      vertex 0.5005 -2 1.5
      vertex 4.610954559391704 1.8303148938411011 1.5
      vertex 4.578385041664925 1.9017821778331472 1.5
    endloop
  endfacet
  facet normal 0 0 1
    outer loop
      vertex 0.5005 -2 1.5
      vertex 4.642271840535981 1.7582900782017319 1.5
      vertex 4.610954559391704 1.8303148938411011 1.5
    endloop
  endfacet
  facet normal 0 0 1
    outer loop
      vertex 0.5005 -2 1.5
      vertex 4.672327345550544 1.6857296703716038 1.5
      vertex 4.642271840535981 1.7582900782017319 1.5
    endloop
  endfacet
  facet normal 0 0 1
    outer loop
      vertex 0.5005 -2 1.5
      vertex 4.701111919237408 1.6126557729538513 1.5
      vertex 4.672327345550544 1.6857296703716038 1.5
    endloop
  endfacet
  facet normal 0 0 1
    outer loop
      vertex 0.5005 -2 1.5
      vertex 4.728616793536588 1.5390906449655093 1.5
      vertex 4.701111919237408 1.6126557729538513 1.5
    endloop
  endfacet
  facet normal 0 0 1
    outer loop
      vertex 0.5005 -2 1.5
      vertex 4.754833590196926 1.4650566950572053 1.5
      vertex 4.728616793536588 1.5390906449655093 1.5
    endloop
  endfacet
  facet normal 0 0 1
    outer loop
      vertex 0.5005 -2 1.5
      vertex 4.7797543233281905 1.390576474687263 1.5
      vertex 4.754833590196926 1.4650566950572053 1.5
    endloop
  endfacet
  facet normal 0 0 1
    outer loop
      vertex 0.5005 -2 1.5
      vertex 4.803371401833659 1.3156726712523152 1.5
      vertex 4.7797543233281905 1.390576474687263 1.5
    endloop
  endfacet
  facet normal 0 0 1
    outer loop
      vertex 0.5005 -2 1.5
      vertex 4.825677631722435 1.2403681011764967 1.5
      vertex 4.803371401833659 1.3156726712523152 1.5
    endloop
  endfacet
  facet normal 0 0 1
    outer loop
      vertex 0.5005 -2 1.5
      vertex 4.846666218300808 1.1646857029613429 1.5
      vertex 4.825677631722435 1.2403681011764967 1.5
    endloop
  endfacet
  facet normal 0 0 1
    outer loop
      vertex 0.5005 -2 1.5
      vertex 4.866330768241984 1.0886485301985047 1.5
      vertex 4.846666218300808 1.1646857029613429 1.5
    endloop
  endfacet
  facet normal 0 0 1
    outer loop
      vertex 0.5005 -2 1.5
      vertex 4.884665291533558 1.0122797445473921 1.5
      vertex 4.866330768241984 1.0886485301985047 1.5
    endloop
  endfacet
  facet normal 0 0 1
    outer loop
      vertex 0.5005 -2 1.5
      vertex 4.901664203302126 0.9356026086799174 1.5
      vertex 4.884665291533558 1.0122797445473921 1.5
    endloop
  endfacet
  facet normal 0 0 1
    outer loop
      vertex 0.5005 -2 1.5
      vertex 4.917322325514488 0.8586404791944515 1.5
      vertex 4.901664203302126 0.9356026086799174 1.5
    endloop
  endfacet
  facet normal 0 0 1
    outer loop
      vertex 0.5005 -2 1.5
      vertex 4.931634888554936 0.7814167995011863 1.5
      vertex 4.917322325514488 0.8586404791944515 1.5
    endloop
  endfacet
  facet normal 0 0 1
    outer loop
      vertex 0.5005 -2 1.5
      vertex 4.94459753267812 0.7039550926810385 1.5
      vertex 4.931634888554936 0.7814167995011863 1.5
    endloop
  endfacet
  facet normal 0 0 1
    outer loop
      vertex 0.5005 -2 1.5
      vertex 4.956206309337067 0.6262789543202949 1.5
      vertex 4.94459753267812 0.7039550926810385 1.5
    endloop
  endfacet
  facet normal 0 0 1
    outer loop
      vertex 0.5005 -2 1.5
      vertex 4.966457682385949 0.5484120453231638 1.5
      vertex 4.956206309337067 0.6262789543202949 1.5
    endloop
  endfacet
  facet normal 0 0 1
    outer loop
      vertex 0.5005 -2 1.5
      vertex 4.9753485291572295 0.470378084704441 1.5
      vertex 4.966457682385949 0.5484120453231638 1.5
    endloop
  endfacet
  facet normal 0 0 1
    outer loop
      vertex 0.5005 -2 1.5
      vertex 4.982876141412855 0.3922008423644616 1.5
      vertex 4.9753485291572295 0.470378084704441 1.5
    endloop
  endfacet
  facet normal 0 0 1
    outer loop
      vertex 0.5005 -2 1.5
      vertex 4.989038226169209 0.313904131848564 1.5
      vertex 4.982876141412855 0.3922008423644616 1.5
    endloop
  endfacet
  facet normal 0 0 1
    outer loop
      vertex 0.5005 -2 1.5
      vertex 4.993832906395582 0.2355118030932477 1.5
      vertex 4.989038226169209 0.313904131848564 1.5
    endloop
  endfacet
  facet normal 0 0 1
    outer loop
      vertex 0.5005 -2 1.5
      vertex 4.997258721585931 0.15704773516125403 1.5
      vertex 4.993832906395582 0.2355118030932477 1.5
    endloop
  endfacet
  facet normal 0 0 1
    outer loop
      vertex 0.5005 -2 1.5
      vertex 4.999314628203761 0.07853582896777578 1.5
      vertex 4.997258721585931 0.15704773516125403 1.5
    endloop
  endfacet
  facet normal 0 0 1
    outer loop
      vertex 0.5005 -2 1.5
      vertex 5 -14 1.5
      vertex 5 0 1.5
    endloop
  endfacet
  facet normal 0 0 1
    outer loop
      vertex 0.5005 -2 1.5
      vertex 5 0 1.5
      vertex 4.999314628203761 0.07853582896777578 1.5
    endloop
  endfacet
  facet normal 0 0 -1
    outer loop
      vertex 0.5005 2 0.5
      vertex 3.3670321550114712 2.0075175272286607 0.5
      vertex 3.401631503942646 1.957175162147614 0.5
    endloop
  endfacet
  facet normal 0 0 -1
    outer loop
      vertex 0.5005 2 0.5
      vertex 3.401631503942646 1.957175162147614 0.5
      vertex 3.435346987808984 1.906236622552595 0.5
    endloop
  endfacet
  facet normal 0 0 -1
    outer loop
      vertex 0.5005 2 0.5
      vertex 3.435346987808984 1.906236622552595 0.5
      vertex 3.4681683365474907 1.8547174248162168 0.5
    endloop
  endfacet
  facet normal 0 0 -1
    outer loop
      vertex 0.5005 2 0.5
      vertex 3.4681683365474907 1.8547174248162168 0.5
      vertex 3.500085552457393 1.8026332621851893 0.5
    endloop
  endfacet
  facet normal 0 0 -1
    outer loop
      vertex 0.5005 2 0.5
      vertex 3.500085552457393 1.8026332621851893 0.5
      vertex 3.531088913245535 1.75 0.5
    endloop
  endfacet
  facet normal 0 0 -1
    outer loop
      vertex 0.5005 2 0.5
      vertex 3.531088913245535 1.75 0.5
      vertex 3.561168974987885 1.6968336708621798 0.5
    endloop
  endfacet
  facet normal 0 0 -1
    outer loop
      vertex 0.5005 2 0.5
      vertex 3.561168974987885 1.6968336708621798 0.5
      vertex 3.5903165750062445 1.6431504697506174 0.5
    endloop
  endfacet
  facet normal 0 0 -1
    outer loop
      vertex 0.5005 2 0.5
      vertex 3.5903165750062445 1.6431504697506174 0.5
      vertex 3.6185228346592875 1.5889667490884136 0.5
    endloop
  endfacet
  facet normal 0 0 -1
    outer loop
      vertex 0.5005 2 0.5
      vertex 3.6185228346592875 1.5889667490884136 0.5
      vertex 3.6457791620470847 1.5342990137617711 0.5
    endloop
  endfacet
  facet normal 0 0 -1
    outer loop
      vertex 0.5005 2 0.5
      vertex 3.6457791620470847 1.5342990137617711 0.5
      vertex 3.6720772546282747 1.479163916092448 0.5
    endloop
  endfacet
  facet normal 0 0 -1
    outer loop
      vertex 0.5005 2 0.5
      vertex 3.6720772546282747 1.479163916092448 0.5
      vertex 3.697409101749103 1.423578250765301 0.5
    endloop
  endfacet
  facet normal 0 0 -1
    outer loop
      vertex 0.5005 2 0.5
      vertex 3.697409101749103 1.423578250765301 0.5
      vertex 3.7217669870835413 1.3675589497124587 0.5
    endloop
  endfacet
  facet normal 0 0 -1
    outer loop
      vertex 0.5005 2 0.5
      vertex 3.7217669870835413 1.3675589497124587 0.5
      vertex 3.745143490983756 1.3111230769556919 0.5
    endloop
  endfacet
  facet normal 0 0 -1
    outer loop
      vertex 0.5005 2 0.5
      vertex 3.745143490983756 1.3111230769556919 0.5
      vertex 3.767531492740206 1.2542878234085508 0.5
    endloop
  endfacet
  facet normal 0 0 -1
    outer loop
      vertex 0.5005 2 0.5
      vertex 3.767531492740206 1.2542878234085508 0.5
      vertex 3.7889241727506793 1.1970705016398409 0.5
    endloop
  endfacet
  facet normal 0 0 -1
    outer loop
      vertex 0.5005 2 0.5
      vertex 3.7889241727506793 1.1970705016398409 0.5
      vertex 3.809315014597609 1.1394885406000483 0.5
    endloop
  endfacet
  facet normal 0 0 -1
    outer loop
      vertex 0.5005 2 0.5
      vertex 3.809315014597609 1.1394885406000483 0.5
      vertex 3.8286978070330373 1.0815594803123156 0.5
    endloop
  endfacet
  facet normal 0 0 -1
    outer loop
      vertex 0.5005 2 0.5
      vertex 3.8286978070330373 1.0815594803123156 0.5
      vertex 3.847066645870624 1.023300966529579 0.5
    endloop
  endfacet
  facet normal 0 0 -1
    outer loop
      vertex 0.5005 2 0.5
      vertex 3.847066645870624 1.023300966529579 0.5
      vertex 3.864415935784116 0.9647307453594971 0.5
    endloop
  endfacet
  facet normal 0 0 -1
    outer loop
      vertex 0.5005 2 0.5
      vertex 3.864415935784116 0.9647307453594971 0.5
      vertex 3.880740392011739 0.905866657858823 0.5
    endloop
  endfacet
  facet normal 0 0 -1
    outer loop
      vertex 0.5005 2 0.5
      vertex 3.880740392011739 0.905866657858823 0.5
      vertex 3.8960350419659875 0.8467266345988369 0.5
    endloop
  endfacet
  facet normal 0 0 -1
    outer loop
      vertex 0.5005 2 0.5
      vertex 3.8960350419659875 0.8467266345988369 0.5
      vertex 3.9102952267483233 0.7873286902035277 0.5
    endloop
  endfacet
  facet normal 0 0 -1
    outer loop
      vertex 0.5005 2 0.5
      vertex 3.9102952267483233 0.7873286902035277 0.5
      vertex 3.92351660256832 0.7276909178621578 0.5
    endloop
  endfacet
  facet normal 0 0 -1
    outer loop
      vertex 0.5005 2 0.5
      vertex 3.92351660256832 0.7276909178621578 0.5
      vertex 3.935695142066824 0.6678314838179071 0.5
    endloop
  endfacet
  facet normal 0 0 -1
    outer loop
      vertex 0.5005 2 0.5
      vertex 3.935695142066824 0.6678314838179071 0.5
      vertex 3.946827135542728 0.6077686218342562 0.5
    endloop
  endfacet
  facet normal 0 0 -1
    outer loop
      vertex 0.5005 2 0.5
      vertex 3.946827135542728 0.6077686218342562 0.5
      vertex 3.956909192082982 0.5475206276408082 0.5
    endloop
  endfacet
  facet normal 0 0 -1
    outer loop
      vertex 0.5005 2 0.5
      vertex 3.956909192082982 0.5475206276408082 0.5
      vertex 3.9659382405954964 0.48710585336022927 0.5
    endloop
  endfacet
  facet normal 0 0 -1
    outer loop
      vertex 0.5005 2 0.5
      vertex 3.9659382405954964 0.48710585336022927 0.5
      vertex 3.973911530744627 0.4265427019180166 0.5
    endloop
  endfacet
  facet normal 0 0 -1
    outer loop
      vertex 0.5005 2 0.5
      vertex 3.973911530744627 0.4265427019180166 0.5
      vertex 3.9808266337889564 0.36584962143678723 0.5
    endloop
  endfacet
  facet normal 0 0 -1
    outer loop
      vertex 0.5005 2 0.5
      vertex 3.9808266337889564 0.36584962143678723 0.5
      vertex 3.9866814433211095 0.3050450996168035 0.5
    endloop
  endfacet
  facet normal 0 0 -1
    outer loop
      vertex 0.5005 2 0.5
      vertex 3.9866814433211095 0.3050450996168035 0.5
      vertex 3.9914741759093846 0.2441476581044384 0.5
    endloop
  endfacet
  facet normal 0 0 -1
    outer loop
      vertex 0.5005 2 0.5
      vertex 3.9914741759093846 0.2441476581044384 0.5
      vertex 3.9952033716410082 0.18317584685030308 0.5
    endloop
  endfacet
  facet normal 0 0 -1
    outer loop
      vertex 0.5005 2 0.5
      vertex 3.9952033716410082 0.18317584685030308 0.5
      vertex 3.997867894566835 0.12214823845875333 0.5
    endloop
  endfacet
  facet normal 0 0 -1
    outer loop
      vertex 0.5005 2 0.5
      vertex 3.997867894566835 0.12214823845875333 0.5
      vertex 3.9994669330473696 0.06108342253049237 0.5
    endloop
  endfacet
  facet normal 0 0 -1
    outer loop
      vertex 0.5005 2 0.5
      vertex 3.9994669330473696 0.06108342253049237 0.5
      vertex 4 0 0.5
    endloop
  endfacet
  facet normal -0.026176948307883058 -0.999657324975557 0
    outer loop
      vertex 0.5610834225304923 3.499466933047369 -1.5
      vertex 0.6221482384587533 3.4978678945668342 -1.5
      vertex 0.6221482384587533 3.4978678945668342 0.5
    endloop
  endfacet
  facet normal -0.026176948307883058 -0.999657324975557 0
    outer loop
      vertex 0.5610834225304923 3.499466933047369 -1.5
      vertex 0.6221482384587533 3.4978678945668342 0.5
      vertex 0.5610834225304923 3.499466933047369 0.5
    endloop
  endfacet
  facet normal 0 0 -1
    outer loop
      vertex 0.5610834225304923 3.499466933047369 -1.5
      vertex 1.1262789543202945 4.456206309337066 -1.5
      vertex 0.6221482384587533 3.4978678945668342 -1.5
    endloop
  endfacet
  facet normal 0.02617694830787658 0.9996573249755571 0
    outer loop
      vertex 0.5785358289677758 4.499314628203761 -1.5
      vertex 0.5785358289677758 4.499314628203761 1.5
      vertex 0.6570477351612544 4.497258721585931 -1.5
    endloop
  endfacet
  facet normal 0 0 -1
    outer loop
      vertex 0.5785358289677758 4.499314628203761 -1.5
      vertex 0.6570477351612544 4.497258721585931 -1.5
      vertex 1.1262789543202945 4.456206309337066 -1.5
    endloop
  endfacet
  facet normal 0.02617694830787658 0.9996573249755571 0
    outer loop
      vertex 0.5785358289677758 4.499314628203761 1.5
      vertex 0.6570477351612544 4.497258721585931 1.5
      vertex 0.6570477351612544 4.497258721585931 -1.5
    endloop
  endfacet
  facet normal -0.04361938736533467 -0.9990482215818578 0
    outer loop
      vertex 0.6221482384587533 3.4978678945668342 -1.5
      vertex 0.6831758468503034 3.495203371641008 -1.5
      vertex 0.6831758468503034 3.495203371641008 0.5
    endloop
  endfacet
  facet normal -0.04361938736533467 -0.9990482215818578 0
    outer loop
      vertex 0.6221482384587533 3.4978678945668342 -1.5
      vertex 0.6831758468503034 3.495203371641008 0.5
      vertex 0.6221482384587533 3.4978678945668342 0.5
    endloop
  endfacet
  facet normal 0 0 -1
    outer loop
      vertex 0.6221482384587533 3.4978678945668342 -1.5
      vertex 1.1262789543202945 4.456206309337066 -1.5
      vertex 0.6831758468503034 3.495203371641008 -1.5
    endloop
  endfacet
  facet normal 0.043619387365344375 0.9990482215818574 0
    outer loop
      vertex 0.6570477351612544 4.497258721585931 -1.5
      vertex 0.6570477351612544 4.497258721585931 1.5
      vertex 0.7355118030932473 4.493832906395582 -1.5
    endloop
  endfacet
  facet normal 0 0 -1
    outer loop
      vertex 0.6570477351612544 4.497258721585931 -1.5
      vertex 0.7355118030932473 4.493832906395582 -1.5
      vertex 1.1262789543202945 4.456206309337066 -1.5
    endloop
  endfacet
  facet normal 0.043619387365344375 0.9990482215818574 0
    outer loop
      vertex 0.6570477351612544 4.497258721585931 1.5
      vertex 0.7355118030932473 4.493832906395582 1.5
      vertex 0.7355118030932473 4.493832906395582 -1.5
    endloop
  endfacet
  facet normal -0.061048539534841954 -0.9981347984218679 0
    outer loop
      vertex 0.6831758468503034 3.495203371641008 -1.5
      vertex 0.7441476581044386 3.491474175909385 -1.5
      vertex 0.7441476581044386 3.491474175909385 0.5
    endloop
  endfacet
  facet normal -0.061048539534841954 -0.9981347984218679 0
    outer loop
      vertex 0.6831758468503034 3.495203371641008 -1.5
      vertex 0.7441476581044386 3.491474175909385 0.5
      vertex 0.6831758468503034 3.495203371641008 0.5
    endloop
  endfacet
  facet normal 0 0 -1
    outer loop
      vertex 0.6831758468503034 3.495203371641008 -1.5
      vertex 1.1262789543202945 4.456206309337066 -1.5
      vertex 0.7441476581044386 3.491474175909385 -1.5
    endloop
  endfacet
  facet normal 0.061048539534858164 0.9981347984218669 0
    outer loop
      vertex 0.7355118030932473 4.493832906395582 -1.5
      vertex 0.7355118030932473 4.493832906395582 1.5
      vertex 0.8139041318485638 4.489038226169209 1.5
    endloop
  endfacet
  facet normal 0 0 -1
    outer loop
      vertex 0.7355118030932473 4.493832906395582 -1.5
      vertex 0.8139041318485638 4.489038226169209 -1.5
      vertex 1.1262789543202945 4.456206309337066 -1.5
    endloop
  endfacet
  facet normal 0.061048539534858164 0.9981347984218669 0
    outer loop
      vertex 0.7355118030932473 4.493832906395582 -1.5
      vertex 0.8139041318485638 4.489038226169209 1.5
      vertex 0.8139041318485638 4.489038226169209 -1.5
    endloop
  endfacet
  facet normal -0.07845909572783062 -0.9969173337331292 0
    outer loop
      vertex 0.7441476581044386 3.491474175909385 -1.5
      vertex 0.8050450996168036 3.4866814433211104 -1.5
      vertex 0.8050450996168036 3.4866814433211104 0.5
    endloop
  endfacet
  facet normal -0.07845909572783062 -0.9969173337331292 0
    outer loop
      vertex 0.7441476581044386 3.491474175909385 -1.5
      vertex 0.8050450996168036 3.4866814433211104 0.5
      vertex 0.7441476581044386 3.491474175909385 0.5
    endloop
  endfacet
  facet normal 0 0 -1
    outer loop
      vertex 0.7441476581044386 3.491474175909385 -1.5
      vertex 1.1262789543202945 4.456206309337066 -1.5
      vertex 0.8050450996168036 3.4866814433211104 -1.5
    endloop
  endfacet
  facet normal -0.09584575252025263 -0.9953961983671761 0
    outer loop
      vertex 0.8050450996168036 3.4866814433211104 -1.5
      vertex 0.8658496214367871 3.480826633788956 -1.5
      vertex 0.8658496214367871 3.480826633788956 0.5
    endloop
  endfacet
  facet normal -0.09584575252025263 -0.9953961983671761 0
    outer loop
      vertex 0.8050450996168036 3.4866814433211104 -1.5
      vertex 0.8658496214367871 3.480826633788956 0.5
      vertex 0.8050450996168036 3.4866814433211104 0.5
    endloop
  endfacet
  facet normal 0 0 -1
    outer loop
      vertex 0.8050450996168036 3.4866814433211104 -1.5
      vertex 1.1262789543202945 4.456206309337066 -1.5
      vertex 0.8658496214367871 3.480826633788956 -1.5
    endloop
  endfacet
  facet normal 0.07845909572782732 0.9969173337331294 0
    outer loop
      vertex 0.8139041318485638 4.489038226169209 -1.5
      vertex 0.8139041318485638 4.489038226169209 1.5
      vertex 0.8922008423644617 4.482876141412856 1.5
    endloop
  endfacet
  facet normal 0 0 -1
    outer loop
      vertex 0.8139041318485638 4.489038226169209 -1.5
      vertex 0.8922008423644617 4.482876141412856 -1.5
      vertex 1.1262789543202945 4.456206309337066 -1.5
    endloop
  endfacet
  facet normal 0.07845909572782732 0.9969173337331294 0
    outer loop
      vertex 0.8139041318485638 4.489038226169209 -1.5
      vertex 0.8922008423644617 4.482876141412856 1.5
      vertex 0.8922008423644617 4.482876141412856 -1.5
    endloop
  endfacet
  facet normal -0.11320321376790972 -0.9935718556765871 0
    outer loop
      vertex 0.8658496214367871 3.480826633788956 -1.5
      vertex 0.9265427019180161 3.473911530744626 -1.5
      vertex 0.9265427019180161 3.473911530744626 0.5
    endloop
  endfacet
  facet normal -0.11320321376790972 -0.9935718556765871 0
    outer loop
      vertex 0.8658496214367871 3.480826633788956 -1.5
      vertex 0.9265427019180161 3.473911530744626 0.5
      vertex 0.8658496214367871 3.480826633788956 0.5
    endloop
  endfacet
  facet normal 0 0 -1
    outer loop
      vertex 0.8658496214367871 3.480826633788956 -1.5
      vertex 1.1262789543202945 4.456206309337066 -1.5
      vertex 0.9265427019180161 3.473911530744626 -1.5
    endloop
  endfacet
  facet normal 0.0958457525202301 0.9953961983671782 0
    outer loop
      vertex 0.8922008423644617 4.482876141412856 -1.5
      vertex 0.8922008423644617 4.482876141412856 1.5
      vertex 0.9703780847044406 4.47534852915723 1.5
    endloop
  endfacet
  facet normal 0 0 -1
    outer loop
      vertex 0.8922008423644617 4.482876141412856 -1.5
      vertex 0.9703780847044406 4.47534852915723 -1.5
      vertex 1.1262789543202945 4.456206309337066 -1.5
    endloop
  endfacet
  facet normal 0.0958457525202301 0.9953961983671782 0
    outer loop
      vertex 0.8922008423644617 4.482876141412856 -1.5
      vertex 0.9703780847044406 4.47534852915723 1.5
      vertex 0.9703780847044406 4.47534852915723 -1.5
    endloop
  endfacet
  facet normal -0.1305261922200254 -0.9914448613738138 0
    outer loop
      vertex 0.9265427019180161 3.473911530744626 -1.5
      vertex 0.987105853360229 3.465938240595497 -1.5
      vertex 0.987105853360229 3.465938240595497 0.5
    endloop
  endfacet
  facet normal -0.1305261922200254 -0.9914448613738138 0
    outer loop
      vertex 0.9265427019180161 3.473911530744626 -1.5
      vertex 0.987105853360229 3.465938240595497 0.5
      vertex 0.9265427019180161 3.473911530744626 0.5
    endloop
  endfacet
  facet normal 0 0 -1
    outer loop
      vertex 0.9265427019180161 3.473911530744626 -1.5
      vertex 1.1262789543202945 4.456206309337066 -1.5
      vertex 0.987105853360229 3.465938240595497 -1.5
    endloop
  endfacet
  facet normal 0.11320321376791592 0.9935718556765863 0
    outer loop
      vertex 0.9703780847044406 4.47534852915723 -1.5
      vertex 0.9703780847044406 4.47534852915723 1.5
      vertex 1.0484120453231638 4.466457682385949 -1.5
    endloop
  endfacet
  facet normal 0 0 -1
    outer loop
      vertex 0.9703780847044406 4.47534852915723 -1.5
      vertex 1.0484120453231638 4.466457682385949 -1.5
      vertex 1.1262789543202945 4.456206309337066 -1.5
    endloop
  endfacet
  facet normal 0.11320321376791592 0.9935718556765863 0
    outer loop
      vertex 0.9703780847044406 4.47534852915723 1.5
      vertex 1.0484120453231638 4.466457682385949 1.5
      vertex 1.0484120453231638 4.466457682385949 -1.5
    endloop
  endfacet
  facet normal -0.14780941112962329 -0.9890158633619149 0
    outer loop
      vertex 0.987105853360229 3.465938240595497 -1.5
      vertex 1.047520627640808 3.456909192082982 -1.5
      vertex 1.047520627640808 3.456909192082982 0.5
    endloop
  endfacet
  facet normal -0.14780941112962329 -0.9890158633619149 0
    outer loop
      vertex 0.987105853360229 3.465938240595497 -1.5
      vertex 1.047520627640808 3.456909192082982 0.5
      vertex 0.987105853360229 3.465938240595497 0.5
    endloop
  endfacet
  facet normal 0 0 -1
    outer loop
      vertex 0.987105853360229 3.465938240595497 -1.5
      vertex 1.1262789543202945 4.456206309337066 -1.5
      vertex 1.047520627640808 3.456909192082982 -1.5
    endloop
  endfacet
  facet normal -0.16504760586067965 -0.9862856015372311 0
    outer loop
      vertex 1.047520627640808 3.456909192082982 -1.5
      vertex 1.1077686218342562 3.446827135542728 -1.5
      vertex 1.1077686218342562 3.446827135542728 0.5
    endloop
  endfacet
  facet normal -0.16504760586067965 -0.9862856015372311 0
    outer loop
      vertex 1.047520627640808 3.456909192082982 -1.5
      vertex 1.1077686218342562 3.446827135542728 0.5
      vertex 1.047520627640808 3.456909192082982 0.5
    endloop
  endfacet
  facet normal 0 0 -1
    outer loop
      vertex 1.047520627640808 3.456909192082982 -1.5
      vertex 1.1262789543202945 4.456206309337066 -1.5
      vertex 1.1077686218342562 3.446827135542728 -1.5
    endloop
  endfacet
  facet normal 0.13052619222005118 0.9914448613738105 0
    outer loop
      vertex 1.0484120453231638 4.466457682385949 -1.5
      vertex 1.0484120453231638 4.466457682385949 1.5
      vertex 1.1262789543202945 4.456206309337066 -1.5
    endloop
  endfacet
  facet normal 0.13052619222005118 0.9914448613738105 0
    outer loop
      vertex 1.0484120453231638 4.466457682385949 1.5
      vertex 1.1262789543202945 4.456206309337066 1.5
      vertex 1.1262789543202945 4.456206309337066 -1.5
    endloop
  endfacet
  facet normal 0 0 -1
    outer loop
      vertex 1.1077686218342562 3.446827135542728 -1.5
      vertex 1.1262789543202945 4.456206309337066 -1.5
      vertex 1.1678314838179067 3.435695142066823 -1.5
    endloop
  endfacet
  facet normal -0.1822355254921558 -0.9832549075639531 0
    outer loop
      vertex 1.1077686218342562 3.446827135542728 -1.5
      vertex 1.1678314838179067 3.435695142066823 -1.5
      vertex 1.1678314838179067 3.435695142066823 0.5
    endloop
  endfacet
  facet normal -0.1822355254921558 -0.9832549075639531 0
    outer loop
      vertex 1.1077686218342562 3.446827135542728 -1.5
      vertex 1.1678314838179067 3.435695142066823 0.5
      vertex 1.1077686218342562 3.446827135542728 0.5
    endloop
  endfacet
  facet normal 0.14780941112960094 0.9890158633619184 0
    outer loop
      vertex 1.1262789543202945 4.456206309337066 -1.5
      vertex 1.1262789543202945 4.456206309337066 1.5
      vertex 1.203955092681039 4.44459753267812 1.5
    endloop
  endfacet
  facet normal 0 0 -1
    outer loop
      vertex 1.1262789543202945 4.456206309337066 -1.5
      vertex 1.203955092681039 4.44459753267812 -1.5
      vertex 1.2814167995011865 4.431634888554935 -1.5
    endloop
  endfacet
  facet normal 0.14780941112960094 0.9890158633619184 0
    outer loop
      vertex 1.1262789543202945 4.456206309337066 -1.5
      vertex 1.203955092681039 4.44459753267812 1.5
      vertex 1.203955092681039 4.44459753267812 -1.5
    endloop
  endfacet
  facet normal 0 0 -1
    outer loop
      vertex 1.1262789543202945 4.456206309337066 -1.5
      vertex 1.2276909178621578 3.42351660256832 -1.5
      vertex 1.1678314838179067 3.435695142066823 -1.5
    endloop
  endfacet
  facet normal 0 0 -1
    outer loop
      vertex 1.1262789543202945 4.456206309337066 -1.5
      vertex 1.2814167995011865 4.431634888554935 -1.5
      vertex 1.3586404791944515 4.417322325514487 -1.5
    endloop
  endfacet
  facet normal 0 0 -1
    outer loop
      vertex 1.1262789543202945 4.456206309337066 -1.5
      vertex 1.2873286902035275 3.410295226748323 -1.5
      vertex 1.2276909178621578 3.42351660256832 -1.5
    endloop
  endfacet
  facet normal 0 0 -1
    outer loop
      vertex 1.1262789543202945 4.456206309337066 -1.5
      vertex 1.346726634598837 3.3960350419659875 -1.5
      vertex 1.2873286902035275 3.410295226748323 -1.5
    endloop
  endfacet
  facet normal 0 0 -1
    outer loop
      vertex 1.1262789543202945 4.456206309337066 -1.5
      vertex 1.3586404791944515 4.417322325514487 -1.5
      vertex 1.435602608679917 4.401664203302126 -1.5
    endloop
  endfacet
  facet normal 0 0 -1
    outer loop
      vertex 1.1262789543202945 4.456206309337066 -1.5
      vertex 1.4058666578588226 3.380740392011738 -1.5
      vertex 1.346726634598837 3.3960350419659875 -1.5
    endloop
  endfacet
  facet normal 0 0 -1
    outer loop
      vertex 1.1262789543202945 4.456206309337066 -1.5
      vertex 1.435602608679917 4.401664203302126 -1.5
      vertex 1.5122797445473926 4.384665291533558 -1.5
    endloop
  endfacet
  facet normal 0 0 -1
    outer loop
      vertex 1.1262789543202945 4.456206309337066 -1.5
      vertex 1.464730745359497 3.364415935784116 -1.5
      vertex 1.4058666578588226 3.380740392011738 -1.5
    endloop
  endfacet
  facet normal 0 0 -1
    outer loop
      vertex 1.1262789543202945 4.456206309337066 -1.5
      vertex 1.5122797445473926 4.384665291533558 -1.5
      vertex 1.5886485301985047 4.366330768241983 -1.5
    endloop
  endfacet
  facet normal 0 0 -1
    outer loop
      vertex 1.1262789543202945 4.456206309337066 -1.5
      vertex 1.5233009665295787 3.3470666458706244 -1.5
      vertex 1.464730745359497 3.364415935784116 -1.5
    endloop
  endfacet
  facet normal 0 0 -1
    outer loop
      vertex 1.1262789543202945 4.456206309337066 -1.5
      vertex 1.5815594803123159 3.3286978070330377 -1.5
      vertex 1.5233009665295787 3.3470666458706244 -1.5
    endloop
  endfacet
  facet normal 0 0 -1
    outer loop
      vertex 1.1262789543202945 4.456206309337066 -1.5
      vertex 1.5886485301985047 4.366330768241983 -1.5
      vertex 1.6646857029613433 4.346666218300808 -1.5
    endloop
  endfacet
  facet normal 0 0 -1
    outer loop
      vertex 1.1262789543202945 4.456206309337066 -1.5
      vertex 1.6394885406000483 3.3093150145976082 -1.5
      vertex 1.5815594803123159 3.3286978070330377 -1.5
    endloop
  endfacet
  facet normal 0 0 -1
    outer loop
      vertex 1.1262789543202945 4.456206309337066 -1.5
      vertex 1.6646857029613433 4.346666218300808 -1.5
      vertex 1.7403681011764962 4.325677631722435 -1.5
    endloop
  endfacet
  facet normal 0 0 -1
    outer loop
      vertex 1.1262789543202945 4.456206309337066 -1.5
      vertex 1.6970705016398404 3.2889241727506793 -1.5
      vertex 1.6394885406000483 3.3093150145976082 -1.5
    endloop
  endfacet
  facet normal 0 0 -1
    outer loop
      vertex 1.1262789543202945 4.456206309337066 -1.5
      vertex 1.7403681011764962 4.325677631722435 -1.5
      vertex 1.8156726712523155 4.303371401833658 -1.5
    endloop
  endfacet
  facet normal 0 0 -1
    outer loop
      vertex 1.1262789543202945 4.456206309337066 -1.5
      vertex 1.7542878234085508 3.267531492740206 -1.5
      vertex 1.6970705016398404 3.2889241727506793 -1.5
    endloop
  endfacet
  facet normal 0 0 -1
    outer loop
      vertex 1.1262789543202945 4.456206309337066 -1.5
      vertex 1.811123076955692 3.2451434909837555 -1.5
      vertex 1.7542878234085508 3.267531492740206 -1.5
    endloop
  endfacet
  facet normal 0 0 -1
    outer loop
      vertex 1.1262789543202945 4.456206309337066 -1.5
      vertex 1.8156726712523155 4.303371401833658 -1.5
      vertex 1.8905764746872633 4.279754323328191 -1.5
    endloop
  endfacet
  facet normal 0 0 -1
    outer loop
      vertex 1.1262789543202945 4.456206309337066 -1.5
      vertex 1.8675589497124583 3.221766987083541 -1.5
      vertex 1.811123076955692 3.2451434909837555 -1.5
    endloop
  endfacet
  facet normal 0 0 -1
    outer loop
      vertex 1.1262789543202945 4.456206309337066 -1.5
      vertex 1.8905764746872633 4.279754323328191 -1.5
      vertex 1.9650566950572053 4.254833590196926 -1.5
    endloop
  endfacet
  facet normal 0 0 -1
    outer loop
      vertex 1.1262789543202945 4.456206309337066 -1.5
      vertex 1.9235782507653008 3.197409101749102 -1.5
      vertex 1.8675589497124583 3.221766987083541 -1.5
    endloop
  endfacet
  facet normal 0 0 -1
    outer loop
      vertex 1.1262789543202945 4.456206309337066 -1.5
      vertex 1.9650566950572053 4.254833590196926 -1.5
      vertex 2.0390906449655093 4.228616793536588 -1.5
    endloop
  endfacet
  facet normal 0 0 -1
    outer loop
      vertex 1.1262789543202945 4.456206309337066 -1.5
      vertex 1.9791639160924481 3.172077254628274 -1.5
      vertex 1.9235782507653008 3.197409101749102 -1.5
    endloop
  endfacet
  facet normal 0 0 -1
    outer loop
      vertex 1.1262789543202945 4.456206309337066 -1.5
      vertex 2.034299013761771 3.1457791620470843 -1.5
      vertex 1.9791639160924481 3.172077254628274 -1.5
    endloop
  endfacet
  facet normal 0 0 -1
    outer loop
      vertex 1.1262789543202945 4.456206309337066 -1.5
      vertex 2.0390906449655093 4.228616793536588 -1.5
      vertex 2.1126557729538513 4.201111919237409 -1.5
    endloop
  endfacet
  facet normal 0 0 -1
    outer loop
      vertex 1.1262789543202945 4.456206309337066 -1.5
      vertex 2.0889667490884136 3.118522834659288 -1.5
      vertex 2.034299013761771 3.1457791620470843 -1.5
    endloop
  endfacet
  facet normal 0 0 -1
    outer loop
      vertex 1.1262789543202945 4.456206309337066 -1.5
      vertex 2.1126557729538513 4.201111919237409 -1.5
      vertex 2.185729670371604 4.172327345550544 -1.5
    endloop
  endfacet
  facet normal 0 0 -1
    outer loop
      vertex 1.1262789543202945 4.456206309337066 -1.5
      vertex 2.143150469750618 3.090316575006245 -1.5
      vertex 2.0889667490884136 3.118522834659288 -1.5
    endloop
  endfacet
  facet normal 0 0 -1
    outer loop
      vertex 1.1262789543202945 4.456206309337066 -1.5
      vertex 2.185729670371604 4.172327345550544 -1.5
      vertex 2.258290078201732 4.142271840535981 -1.5
    endloop
  endfacet
  facet normal 0 0 -1
    outer loop
      vertex 1.1262789543202945 4.456206309337066 -1.5
      vertex 2.19683367086218 3.0611689749878845 -1.5
      vertex 2.143150469750618 3.090316575006245 -1.5
    endloop
  endfacet
  facet normal 0 0 -1
    outer loop
      vertex 1.1262789543202945 4.456206309337066 -1.5
      vertex 2.25 3.0310889132455348 -1.5
      vertex 2.19683367086218 3.0611689749878845 -1.5
    endloop
  endfacet
  facet normal 0 0 -1
    outer loop
      vertex 1.1262789543202945 4.456206309337066 -1.5
      vertex 2.258290078201732 4.142271840535981 -1.5
      vertex 2.330314893841101 4.110954559391704 -1.5
    endloop
  endfacet
  facet normal 0 0 -1
    outer loop
      vertex 1.1262789543202945 4.456206309337066 -1.5
      vertex 2.3026332621851893 3.000085552457392 -1.5
      vertex 2.25 3.0310889132455348 -1.5
    endloop
  endfacet
  facet normal 0 0 -1
    outer loop
      vertex 1.1262789543202945 4.456206309337066 -1.5
      vertex 2.330314893841101 4.110954559391704 -1.5
      vertex 2.401782177833147 4.078385041664925 -1.5
    endloop
  endfacet
  facet normal 0 0 -1
    outer loop
      vertex 1.1262789543202945 4.456206309337066 -1.5
      vertex 2.3547174248162173 2.9681683365474907 -1.5
      vertex 2.3026332621851893 3.000085552457392 -1.5
    endloop
  endfacet
  facet normal 0 0 -1
    outer loop
      vertex 1.1262789543202945 4.456206309337066 -1.5
      vertex 2.401782177833147 4.078385041664925 -1.5
      vertex 2.472670160550848 4.044573208346252 -1.5
    endloop
  endfacet
  facet normal 0 0 -1
    outer loop
      vertex 1.1262789543202945 4.456206309337066 -1.5
      vertex 2.406236622552595 2.935346987808984 -1.5
      vertex 2.3547174248162173 2.9681683365474907 -1.5
    endloop
  endfacet
  facet normal 0 0 -1
    outer loop
      vertex 1.1262789543202945 4.456206309337066 -1.5
      vertex 2.457175162147614 2.901631503942646 -1.5
      vertex 2.406236622552595 2.935346987808984 -1.5
    endloop
  endfacet
  facet normal 0 0 -1
    outer loop
      vertex 1.1262789543202945 4.456206309337066 -1.5
      vertex 2.472670160550848 4.044573208346252 -1.5
      vertex 2.5429572488279604 4.009529358847654 -1.5
    endloop
  endfacet
  facet normal 0 0 -1
    outer loop
      vertex 1.1262789543202945 4.456206309337066 -1.5
      vertex 2.507517527228661 2.867032155011472 -1.5
      vertex 2.457175162147614 2.901631503942646 -1.5
    endloop
  endfacet
  facet normal 0 0 -1
    outer loop
      vertex 1.1262789543202945 4.456206309337066 -1.5
      vertex 2.5429572488279604 4.009529358847654 -1.5
      vertex 2.6126220325365086 3.973264167865171 -1.5
    endloop
  endfacet
  facet normal 0 0 -1
    outer loop
      vertex 1.1262789543202945 4.456206309337066 -1.5
      vertex 2.557248383023656 2.8315594803123165 -1.5
      vertex 2.507517527228661 2.867032155011472 -1.5
    endloop
  endfacet
  facet normal 0 0 -1
    outer loop
      vertex 1.1262789543202945 4.456206309337066 -1.5
      vertex 2.606352581032169 2.7952242851655242 -1.5
      vertex 2.557248383023656 2.8315594803123165 -1.5
    endloop
  endfacet
  facet normal 0 0 -1
    outer loop
      vertex 1.1262789543202945 4.456206309337066 -1.5
      vertex 2.6126220325365086 3.973264167865171 -1.5
      vertex 2.6816432911085166 3.9357886821272814 -1.5
    endloop
  endfacet
  facet normal 0 0 -1
    outer loop
      vertex 1.1262789543202945 4.456206309337066 -1.5
      vertex 2.654815163639804 2.758037637623527 -1.5
      vertex 2.606352581032169 2.7952242851655242 -1.5
    endloop
  endfacet
  facet normal 0 0 -1
    outer loop
      vertex 1.1262789543202945 4.456206309337066 -1.5
      vertex 2.6816432911085166 3.9357886821272814 -1.5
      vertex 2.75 3.897114317029974 -1.5
    endloop
  endfacet
  facet normal 0 0 -1
    outer loop
      vertex 1.1262789543202945 4.456206309337066 -1.5
      vertex 2.7026213686744307 2.7200108650993986 -1.5
      vertex 2.654815163639804 2.758037637623527 -1.5
    endloop
  endfacet
  facet normal 0 0 -1
    outer loop
      vertex 1.1262789543202945 4.456206309337066 -1.5
      vertex 2.749756633902887 2.681155550916423 -1.5
      vertex 2.7026213686744307 2.7200108650993986 -1.5
    endloop
  endfacet
  facet normal 0 0 -1
    outer loop
      vertex 1.1262789543202945 4.456206309337066 -1.5
      vertex 2.75 3.897114317029974 -1.5
      vertex 2.8176713370952435 3.8572528531595047 -1.5
    endloop
  endfacet
  facet normal 0 0 -1
    outer loop
      vertex 1.1262789543202945 4.456206309337066 -1.5
      vertex 2.7962066014667757 2.641483530779702 -1.5
      vertex 2.749756633902887 2.681155550916423 -1.5
    endloop
  endfacet
  facet normal 0 0 -1
    outer loop
      vertex 1.1262789543202945 4.456206309337066 -1.5
      vertex 2.8176713370952435 3.8572528531595047 -1.5
      vertex 2.884636689049422 3.816216432703918 -1.5
    endloop
  endfacet
  facet normal 0 0 -1
    outer loop
      vertex 1.1262789543202945 4.456206309337066 -1.5
      vertex 2.841957122256004 2.60100688917088 -1.5
      vertex 2.7962066014667757 2.641483530779702 -1.5
    endloop
  endfacet
  facet normal 0 0 -1
    outer loop
      vertex 1.1262789543202945 4.456206309337066 -1.5
      vertex 2.884636689049422 3.816216432703918 -1.5
      vertex 2.950875657567622 3.7740175557544084 -1.5
    endloop
  endfacet
  facet normal 0 0 -1
    outer loop
      vertex 1.1262789543202945 4.456206309337066 -1.5
      vertex 2.886994260218745 2.5597379556670967 -1.5
      vertex 2.841957122256004 2.60100688917088 -1.5
    endloop
  endfacet
  facet normal 0 0 -1
    outer loop
      vertex 1.1262789543202945 4.456206309337066 -1.5
      vertex 2.9313042966064904 2.5176893011852792 -1.5
      vertex 2.886994260218745 2.5597379556670967 -1.5
    endloop
  endfacet
  facet normal 0 0 -1
    outer loop
      vertex 1.1262789543202945 4.456206309337066 -1.5
      vertex 2.950875657567622 3.7740175557544084 -1.5
      vertex 3.016368065618361 3.730669076497687 -1.5
    endloop
  endfacet
  facet normal 0 0 -1
    outer loop
      vertex 1.1262789543202945 4.456206309337066 -1.5
      vertex 2.9748737341529163 2.474873734152917 -1.5
      vertex 2.9313042966064904 2.5176893011852792 -1.5
    endloop
  endfacet
  facet normal 0 0 -1
    outer loop
      vertex 1.1262789543202945 4.456206309337066 -1.5
      vertex 3.016368065618361 3.730669076497687 -1.5
      vertex 3.081093963579707 3.686184199300463 -1.5
    endloop
  endfacet
  facet normal 0 0 -1
    outer loop
      vertex 1.1262789543202945 4.456206309337066 -1.5
      vertex 3.0176893011852792 2.4313042966064904 -1.5
      vertex 2.9748737341529163 2.474873734152917 -1.5
    endloop
  endfacet
  facet normal 0 0 -1
    outer loop
      vertex 1.1262789543202945 4.456206309337066 -1.5
      vertex 3.0597379556670967 2.386994260218745 -1.5
      vertex 3.0176893011852792 2.4313042966064904 -1.5
    endloop
  endfacet
  facet normal 0 0 -1
    outer loop
      vertex 1.1262789543202945 4.456206309337066 -1.5
      vertex 3.081093963579707 3.686184199300463 -1.5
      vertex 3.1450336353161292 3.640576474687263 -1.5
    endloop
  endfacet
  facet normal 0 0 -1
    outer loop
      vertex 1.1262789543202945 4.456206309337066 -1.5
      vertex 3.1450336353161292 3.640576474687263 -1.5
      vertex 3.2081676041842173 3.5938597952128184 -1.5
    endloop
  endfacet
  facet normal 0 0 -1
    outer loop
      vertex 1.1262789543202945 4.456206309337066 -1.5
      vertex 3.2081676041842173 3.5938597952128184 -1.5
      vertex 3.2704766389654623 3.546048391230249 -1.5
    endloop
  endfacet
  facet normal 0 0 -1
    outer loop
      vertex 1.1262789543202945 4.456206309337066 -1.5
      vertex 3.2704766389654623 3.546048391230249 -1.5
      vertex 3.3319417597242684 3.4971568265563686 -1.5
    endloop
  endfacet
  facet normal 0 0 -1
    outer loop
      vertex 1.1262789543202945 4.456206309337066 -1.5
      vertex 3.3319417597242684 3.4971568265563686 -1.5
      vertex 3.392544243589427 3.447199994035401 -1.5
    endloop
  endfacet
  facet normal 0 0 -1
    outer loop
      vertex 1.1262789543202945 4.456206309337066 -1.5
      vertex 3.392544243589427 3.447199994035401 -1.5
      vertex 3.4522656304572825 3.396193111002475 -1.5
    endloop
  endfacet
  facet normal 0 0 -1
    outer loop
      vertex 1.1262789543202945 4.456206309337066 -1.5
      vertex 3.4522656304572825 3.396193111002475 -1.5
      vertex 3.511087728614862 3.344151714648273 -1.5
    endloop
  endfacet
  facet normal 0 0 -1
    outer loop
      vertex 1.1262789543202945 4.456206309337066 -1.5
      vertex 3.511087728614862 3.344151714648273 -1.5
      vertex 3.568992620281243 3.291091657286266 -1.5
    endloop
  endfacet
  facet normal 0 0 -1
    outer loop
      vertex 1.1262789543202945 4.456206309337066 -1.5
      vertex 3.568992620281243 3.291091657286266 -1.5
      vertex 3.6259626670654876 3.2370291015239303 -1.5
    endloop
  endfacet
  facet normal 0 0 -1
    outer loop
      vertex 1.1262789543202945 4.456206309337066 -1.5
      vertex 3.6259626670654876 3.2370291015239303 -1.5
      vertex 3.6819805153394642 3.1819805153394647 -1.5
    endloop
  endfacet
  facet normal 0 0 -1
    outer loop
      vertex 1.1262789543202945 4.456206309337066 -1.5
      vertex 3.6819805153394642 3.1819805153394647 -1.5
      vertex 3.7370291015239303 3.1259626670654876 -1.5
    endloop
  endfacet
  facet normal 0 0 -1
    outer loop
      vertex 1.1262789543202945 4.456206309337066 -1.5
      vertex 3.7370291015239303 3.1259626670654876 -1.5
      vertex 3.791091657286267 3.068992620281243 -1.5
    endloop
  endfacet
  facet normal 0 0 -1
    outer loop
      vertex 1.1262789543202945 4.456206309337066 -1.5
      vertex 3.791091657286267 3.068992620281243 -1.5
      vertex 3.844151714648274 3.0110877286148625 -1.5
    endloop
  endfacet
  facet normal 0 0 -1
    outer loop
      vertex 1.1262789543202945 4.456206309337066 -1.5
      vertex 3.844151714648274 3.0110877286148625 -1.5
      vertex 3.896193111002474 2.9522656304572825 -1.5
    endloop
  endfacet
  facet normal 0 0 -1
    outer loop
      vertex 1.1262789543202945 4.456206309337066 -1.5
      vertex 3.896193111002474 2.9522656304572825 -1.5
      vertex 3.947199994035401 2.892544243589427 -1.5
    endloop
  endfacet
  facet normal 0 0 -1
    outer loop
      vertex 1.1262789543202945 4.456206309337066 -1.5
      vertex 3.947199994035401 2.892544243589427 -1.5
      vertex 3.997156826556369 2.831941759724268 -1.5
    endloop
  endfacet
  facet normal 0 0 -1
    outer loop
      vertex 1.1262789543202945 4.456206309337066 -1.5
      vertex 3.997156826556369 2.831941759724268 -1.5
      vertex 4.046048391230249 2.7704766389654623 -1.5
    endloop
  endfacet
  facet normal 0 0 -1
    outer loop
      vertex 1.1262789543202945 4.456206309337066 -1.5
      vertex 4.046048391230249 2.7704766389654623 -1.5
      vertex 4.0938597952128175 2.708167604184217 -1.5
    endloop
  endfacet
  facet normal 0 0 -1
    outer loop
      vertex 1.1262789543202945 4.456206309337066 -1.5
      vertex 4.0938597952128175 2.708167604184217 -1.5
      vertex 4.140576474687263 2.6450336353161292 -1.5
    endloop
  endfacet
  facet normal 0 0 -1
    outer loop
      vertex 1.1262789543202945 4.456206309337066 -1.5
      vertex 4.140576474687263 2.6450336353161292 -1.5
      vertex 4.186184199300463 2.5810939635797077 -1.5
    endloop
  endfacet
  facet normal 0 0 -1
    outer loop
      vertex 1.1262789543202945 4.456206309337066 -1.5
      vertex 4.186184199300463 2.5810939635797077 -1.5
      vertex 4.230669076497687 2.5163680656183605 -1.5
    endloop
  endfacet
  facet normal 0 0 -1
    outer loop
      vertex 1.1262789543202945 4.456206309337066 -1.5
      vertex 4.230669076497687 2.5163680656183605 -1.5
      vertex 4.2740175557544084 2.4508756575676216 -1.5
    endloop
  endfacet
  facet normal 0 0 -1
    outer loop
      vertex 1.1262789543202945 4.456206309337066 -1.5
      vertex 4.2740175557544084 2.4508756575676216 -1.5
      vertex 4.316216432703917 2.3846366890494224 -1.5
    endloop
  endfacet
  facet normal 0 0 -1
    outer loop
      vertex 1.1262789543202945 4.456206309337066 -1.5
      vertex 4.316216432703917 2.3846366890494224 -1.5
      vertex 4.357252853159506 2.317671337095243 -1.5
    endloop
  endfacet
  facet normal 0 0 -1
    outer loop
      vertex 1.1262789543202945 4.456206309337066 -1.5
      vertex 4.357252853159506 2.317671337095243 -1.5
      vertex 4.397114317029974 2.25 -1.5
    endloop
  endfacet
  facet normal 0 0 -1
    outer loop
      vertex 1.1262789543202945 4.456206309337066 -1.5
      vertex 4.397114317029974 2.25 -1.5
      vertex 4.435788682127281 2.181643291108516 -1.5
    endloop
  endfacet
  facet normal 0 0 -1
    outer loop
      vertex 1.1262789543202945 4.456206309337066 -1.5
      vertex 4.435788682127281 2.181643291108516 -1.5
      vertex 4.473264167865171 2.1126220325365086 -1.5
    endloop
  endfacet
  facet normal 0 0 -1
    outer loop
      vertex 1.1262789543202945 4.456206309337066 -1.5
      vertex 4.473264167865171 2.1126220325365086 -1.5
      vertex 4.509529358847655 2.0429572488279604 -1.5
    endloop
  endfacet
  facet normal 0 0 -1
    outer loop
      vertex 1.1262789543202945 4.456206309337066 -1.5
      vertex 4.509529358847655 2.0429572488279604 -1.5
      vertex 4.544573208346252 1.972670160550848 -1.5
    endloop
  endfacet
  facet normal 0 0 -1
    outer loop
      vertex 1.1262789543202945 4.456206309337066 -1.5
      vertex 4.544573208346252 1.972670160550848 -1.5
      vertex 4.578385041664925 1.9017821778331472 -1.5
    endloop
  endfacet
  facet normal 0 0 -1
    outer loop
      vertex 1.1262789543202945 4.456206309337066 -1.5
      vertex 4.578385041664925 1.9017821778331472 -1.5
      vertex 4.610954559391704 1.8303148938411011 -1.5
    endloop
  endfacet
  facet normal 0 0 -1
    outer loop
      vertex 1.1262789543202945 4.456206309337066 -1.5
      vertex 4.610954559391704 1.8303148938411011 -1.5
      vertex 4.642271840535981 1.7582900782017319 -1.5
    endloop
  endfacet
  facet normal 0 0 -1
    outer loop
      vertex 1.1262789543202945 4.456206309337066 -1.5
      vertex 4.642271840535981 1.7582900782017319 -1.5
      vertex 4.672327345550544 1.6857296703716038 -1.5
    endloop
  endfacet
  facet normal 0 0 -1
    outer loop
      vertex 1.1262789543202945 4.456206309337066 -1.5
      vertex 4.672327345550544 1.6857296703716038 -1.5
      vertex 4.701111919237408 1.6126557729538513 -1.5
    endloop
  endfacet
  facet normal 0 0 -1
    outer loop
      vertex 1.1262789543202945 4.456206309337066 -1.5
      vertex 4.701111919237408 1.6126557729538513 -1.5
      vertex 4.728616793536588 1.5390906449655093 -1.5
    endloop
  endfacet
  facet normal 0 0 -1
    outer loop
      vertex 1.1262789543202945 4.456206309337066 -1.5
      vertex 4.728616793536588 1.5390906449655093 -1.5
      vertex 4.754833590196926 1.4650566950572053 -1.5
    endloop
  endfacet
  facet normal 0 0 -1
    outer loop
      vertex 1.1262789543202945 4.456206309337066 -1.5
      vertex 4.754833590196926 1.4650566950572053 -1.5
      vertex 4.7797543233281905 1.390576474687263 -1.5
    endloop
  endfacet
  facet normal 0 0 -1
    outer loop
      vertex 1.1262789543202945 4.456206309337066 -1.5
      vertex 4.7797543233281905 1.390576474687263 -1.5
      vertex 4.803371401833659 1.3156726712523152 -1.5
    endloop
  endfacet
  facet normal 0 0 -1
    outer loop
      vertex 1.1262789543202945 4.456206309337066 -1.5
      vertex 4.803371401833659 1.3156726712523152 -1.5
      vertex 4.825677631722435 1.2403681011764967 -1.5
    endloop
  endfacet
  facet normal 0 0 -1
    outer loop
      vertex 1.1262789543202945 4.456206309337066 -1.5
      vertex 4.825677631722435 1.2403681011764967 -1.5
      vertex 4.846666218300808 1.1646857029613429 -1.5
    endloop
  endfacet
  facet normal 0 0 -1
    outer loop
      vertex 1.1262789543202945 4.456206309337066 -1.5
      vertex 4.846666218300808 1.1646857029613429 -1.5
      vertex 4.866330768241984 1.0886485301985047 -1.5
    endloop
  endfacet
  facet normal 0 0 -1
    outer loop
      vertex 1.1262789543202945 4.456206309337066 -1.5
      vertex 4.866330768241984 1.0886485301985047 -1.5
      vertex 4.884665291533558 1.0122797445473921 -1.5
    endloop
  endfacet
  facet normal 0 0 -1
    outer loop
      vertex 1.1262789543202945 4.456206309337066 -1.5
      vertex 4.884665291533558 1.0122797445473921 -1.5
      vertex 4.901664203302126 0.9356026086799174 -1.5
    endloop
  endfacet
  facet normal 0 0 -1
    outer loop
      vertex 1.1262789543202945 4.456206309337066 -1.5
      vertex 4.901664203302126 0.9356026086799174 -1.5
      vertex 4.917322325514488 0.8586404791944515 -1.5
    endloop
  endfacet
  facet normal 0 0 -1
    outer loop
      vertex 1.1262789543202945 4.456206309337066 -1.5
      vertex 4.917322325514488 0.8586404791944515 -1.5
      vertex 4.931634888554936 0.7814167995011863 -1.5
    endloop
  endfacet
  facet normal 0 0 -1
    outer loop
      vertex 1.1262789543202945 4.456206309337066 -1.5
      vertex 4.931634888554936 0.7814167995011863 -1.5
      vertex 4.94459753267812 0.7039550926810385 -1.5
    endloop
  endfacet
  facet normal 0 0 -1
    outer loop
      vertex 1.1262789543202945 4.456206309337066 -1.5
      vertex 4.94459753267812 0.7039550926810385 -1.5
      vertex 4.956206309337067 0.6262789543202949 -1.5
    endloop
  endfacet
  facet normal 0 0 -1
    outer loop
      vertex 1.1262789543202945 4.456206309337066 -1.5
      vertex 4.956206309337067 0.6262789543202949 -1.5
      vertex 4.966457682385949 0.5484120453231638 -1.5
    endloop
  endfacet
  facet normal 0 0 -1
    outer loop
      vertex 1.1262789543202945 4.456206309337066 -1.5
      vertex 4.966457682385949 0.5484120453231638 -1.5
      vertex 4.9753485291572295 0.470378084704441 -1.5
    endloop
  endfacet
  facet normal 0 0 -1
    outer loop
      vertex 1.1262789543202945 4.456206309337066 -1.5
      vertex 4.9753485291572295 0.470378084704441 -1.5
      vertex 4.982876141412855 0.3922008423644616 -1.5
    endloop
  endfacet
  facet normal 0 0 -1
    outer loop
      vertex 1.1262789543202945 4.456206309337066 -1.5
      vertex 4.982876141412855 0.3922008423644616 -1.5
      vertex 3.0597379556670967 2.386994260218745 -1.5
    endloop
  endfacet
  facet normal -0.19936793441718256 -0.9799247046208326 0
    outer loop
      vertex 1.1678314838179067 3.435695142066823 -1.5
      vertex 1.2276909178621578 3.42351660256832 -1.5
      vertex 1.2276909178621578 3.42351660256832 0.5
    endloop
  endfacet
  facet normal -0.19936793441718256 -0.9799247046208326 0
    outer loop
      vertex 1.1678314838179067 3.435695142066823 -1.5
      vertex 1.2276909178621578 3.42351660256832 0.5
      vertex 1.1678314838179067 3.435695142066823 0.5
    endloop
  endfacet
  facet normal 0.16504760586069564 0.9862856015372284 0
    outer loop
      vertex 1.203955092681039 4.44459753267812 -1.5
      vertex 1.203955092681039 4.44459753267812 1.5
      vertex 1.2814167995011865 4.431634888554935 1.5
    endloop
  endfacet
  facet normal 0.16504760586069564 0.9862856015372284 0
    outer loop
      vertex 1.203955092681039 4.44459753267812 -1.5
      vertex 1.2814167995011865 4.431634888554935 1.5
      vertex 1.2814167995011865 4.431634888554935 -1.5
    endloop
  endfacet
  facet normal -0.21643961393811295 -0.9762960071199313 0
    outer loop
      vertex 1.2276909178621578 3.42351660256832 -1.5
      vertex 1.2873286902035275 3.410295226748323 -1.5
      vertex 1.2873286902035275 3.410295226748323 0.5
    endloop
  endfacet
  facet normal -0.21643961393811295 -0.9762960071199313 0
    outer loop
      vertex 1.2276909178621578 3.42351660256832 -1.5
      vertex 1.2873286902035275 3.410295226748323 0.5
      vertex 1.2276909178621578 3.42351660256832 0.5
    endloop
  endfacet
  facet normal 0.1822355254921462 0.9832549075639547 0
    outer loop
      vertex 1.2814167995011865 4.431634888554935 -1.5
      vertex 1.2814167995011865 4.431634888554935 1.5
      vertex 1.3586404791944515 4.417322325514487 -1.5
    endloop
  endfacet
  facet normal 0.1822355254921462 0.9832549075639547 0
    outer loop
      vertex 1.2814167995011865 4.431634888554935 1.5
      vertex 1.3586404791944515 4.417322325514487 1.5
      vertex 1.3586404791944515 4.417322325514487 -1.5
    endloop
  endfacet
  facet normal -0.23344536385590156 -0.9723699203976776 0
    outer loop
      vertex 1.2873286902035275 3.410295226748323 -1.5
      vertex 1.346726634598837 3.3960350419659875 -1.5
      vertex 1.346726634598837 3.3960350419659875 0.5
    endloop
  endfacet
  facet normal -0.23344536385590156 -0.9723699203976776 0
    outer loop
      vertex 1.2873286902035275 3.410295226748323 -1.5
      vertex 1.346726634598837 3.3960350419659875 0.5
      vertex 1.2873286902035275 3.410295226748323 0.5
    endloop
  endfacet
  facet normal -0.2503800040544535 -0.9681476403781046 0
    outer loop
      vertex 1.346726634598837 3.3960350419659875 -1.5
      vertex 1.4058666578588226 3.380740392011738 -1.5
      vertex 1.4058666578588226 3.380740392011738 0.5
    endloop
  endfacet
  facet normal -0.2503800040544535 -0.9681476403781046 0
    outer loop
      vertex 1.346726634598837 3.3960350419659875 -1.5
      vertex 1.4058666578588226 3.380740392011738 0.5
      vertex 1.346726634598837 3.3960350419659875 0.5
    endloop
  endfacet
  facet normal 0.1993679344171832 0.9799247046208324 0
    outer loop
      vertex 1.3586404791944515 4.417322325514487 -1.5
      vertex 1.3586404791944515 4.417322325514487 1.5
      vertex 1.435602608679917 4.401664203302126 1.5
    endloop
  endfacet
  facet normal 0.1993679344171832 0.9799247046208324 0
    outer loop
      vertex 1.3586404791944515 4.417322325514487 -1.5
      vertex 1.435602608679917 4.401664203302126 1.5
      vertex 1.435602608679917 4.401664203302126 -1.5
    endloop
  endfacet
  facet normal -0.26723837607824036 -0.9636304532086275 0
    outer loop
      vertex 1.4058666578588226 3.380740392011738 -1.5
      vertex 1.464730745359497 3.364415935784116 -1.5
      vertex 1.464730745359497 3.364415935784116 0.5
    endloop
  endfacet
  facet normal -0.26723837607824036 -0.9636304532086275 0
    outer loop
      vertex 1.4058666578588226 3.380740392011738 -1.5
      vertex 1.464730745359497 3.364415935784116 0.5
      vertex 1.4058666578588226 3.380740392011738 0.5
    endloop
  endfacet
  facet normal 0.2164396139381091 0.9762960071199319 0
    outer loop
      vertex 1.435602608679917 4.401664203302126 -1.5
      vertex 1.435602608679917 4.401664203302126 1.5
      vertex 1.5122797445473926 4.384665291533558 1.5
    endloop
  endfacet
  facet normal 0.2164396139381091 0.9762960071199319 0
    outer loop
      vertex 1.435602608679917 4.401664203302126 -1.5
      vertex 1.5122797445473926 4.384665291533558 1.5
      vertex 1.5122797445473926 4.384665291533558 -1.5
    endloop
  endfacet
  facet normal -0.28401534470392004 -0.9588197348681938 0
    outer loop
      vertex 1.464730745359497 3.364415935784116 -1.5
      vertex 1.5233009665295787 3.3470666458706244 -1.5
      vertex 1.5233009665295787 3.3470666458706244 0.5
    endloop
  endfacet
  facet normal -0.28401534470392004 -0.9588197348681938 0
    outer loop
      vertex 1.464730745359497 3.364415935784116 -1.5
      vertex 1.5233009665295787 3.3470666458706244 0.5
      vertex 1.464730745359497 3.364415935784116 0.5
    endloop
  endfacet
  facet normal 0.23344536385591064 0.9723699203976754 0
    outer loop
      vertex 1.5122797445473926 4.384665291533558 -1.5
      vertex 1.5122797445473926 4.384665291533558 1.5
      vertex 1.5886485301985047 4.366330768241983 -1.5
    endloop
  endfacet
  facet normal 0.23344536385591064 0.9723699203976754 0
    outer loop
      vertex 1.5122797445473926 4.384665291533558 1.5
      vertex 1.5886485301985047 4.366330768241983 1.5
      vertex 1.5886485301985047 4.366330768241983 -1.5
    endloop
  endfacet
  facet normal -0.3007057995042741 -0.9537169507482266 0
    outer loop
      vertex 1.5233009665295787 3.3470666458706244 -1.5
      vertex 1.5815594803123159 3.3286978070330377 -1.5
      vertex 1.5815594803123159 3.3286978070330377 0.5
    endloop
  endfacet
  facet normal -0.3007057995042741 -0.9537169507482266 0
    outer loop
      vertex 1.5233009665295787 3.3470666458706244 -1.5
      vertex 1.5815594803123159 3.3286978070330377 0.5
      vertex 1.5233009665295787 3.3470666458706244 0.5
    endloop
  endfacet
  facet normal -0.3173046564051039 -0.9483236552061953 0
    outer loop
      vertex 1.5815594803123159 3.3286978070330377 -1.5
      vertex 1.6394885406000483 3.3093150145976082 -1.5
      vertex 1.6394885406000483 3.3093150145976082 0.5
    endloop
  endfacet
  facet normal -0.3173046564051039 -0.9483236552061953 0
    outer loop
      vertex 1.5815594803123159 3.3286978070330377 -1.5
      vertex 1.6394885406000483 3.3093150145976082 0.5
      vertex 1.5815594803123159 3.3286978070330377 0.5
    endloop
  endfacet
  facet normal 0.25038000405442973 0.9681476403781109 0
    outer loop
      vertex 1.5886485301985047 4.366330768241983 -1.5
      vertex 1.5886485301985047 4.366330768241983 1.5
      vertex 1.6646857029613433 4.346666218300808 1.5
    endloop
  endfacet
  facet normal 0.25038000405442973 0.9681476403781109 0
    outer loop
      vertex 1.5886485301985047 4.366330768241983 -1.5
      vertex 1.6646857029613433 4.346666218300808 1.5
      vertex 1.6646857029613433 4.346666218300808 -1.5
    endloop
  endfacet
  facet normal -0.333806859233764 -0.9426414910921809 0
    outer loop
      vertex 1.6394885406000483 3.3093150145976082 -1.5
      vertex 1.6970705016398404 3.2889241727506793 -1.5
      vertex 1.6970705016398404 3.2889241727506793 0.5
    endloop
  endfacet
  facet normal -0.333806859233764 -0.9426414910921809 0
    outer loop
      vertex 1.6394885406000483 3.3093150145976082 -1.5
      vertex 1.6970705016398404 3.2889241727506793 0.5
      vertex 1.6394885406000483 3.3093150145976082 0.5
    endloop
  endfacet
  facet normal 0.26723837607825857 0.9636304532086225 0
    outer loop
      vertex 1.6646857029613433 4.346666218300808 -1.5
      vertex 1.6646857029613433 4.346666218300808 1.5
      vertex 1.7403681011764962 4.325677631722435 1.5
    endloop
  endfacet
  facet normal 0.26723837607825857 0.9636304532086225 0
    outer loop
      vertex 1.6646857029613433 4.346666218300808 -1.5
      vertex 1.7403681011764962 4.325677631722435 1.5
      vertex 1.7403681011764962 4.325677631722435 -1.5
    endloop
  endfacet
  facet normal -0.35020738125946904 -0.936672189248397 0
    outer loop
      vertex 1.6970705016398404 3.2889241727506793 -1.5
      vertex 1.7542878234085508 3.267531492740206 -1.5
      vertex 1.7542878234085508 3.267531492740206 0.5
    endloop
  endfacet
  facet normal -0.35020738125946904 -0.936672189248397 0
    outer loop
      vertex 1.6970705016398404 3.2889241727506793 -1.5
      vertex 1.7542878234085508 3.267531492740206 0.5
      vertex 1.6970705016398404 3.2889241727506793 0.5
    endloop
  endfacet
  facet normal 0.2840153447039406 0.9588197348681877 0
    outer loop
      vertex 1.7403681011764962 4.325677631722435 -1.5
      vertex 1.7403681011764962 4.325677631722435 1.5
      vertex 1.8156726712523155 4.303371401833658 1.5
    endloop
  endfacet
  facet normal 0.2840153447039406 0.9588197348681877 0
    outer loop
      vertex 1.7403681011764962 4.325677631722435 -1.5
      vertex 1.8156726712523155 4.303371401833658 1.5
      vertex 1.8156726712523155 4.303371401833658 -1.5
    endloop
  endfacet
  facet normal -0.36650122672429924 -0.9304175679820237 0
    outer loop
      vertex 1.7542878234085508 3.267531492740206 -1.5
      vertex 1.811123076955692 3.2451434909837555 -1.5
      vertex 1.811123076955692 3.2451434909837555 0.5
    endloop
  endfacet
  facet normal -0.36650122672429924 -0.9304175679820237 0
    outer loop
      vertex 1.7542878234085508 3.267531492740206 -1.5
      vertex 1.811123076955692 3.2451434909837555 0.5
      vertex 1.7542878234085508 3.267531492740206 0.5
    endloop
  endfacet
  facet normal -0.38268343236508834 -0.9238795325112874 0
    outer loop
      vertex 1.811123076955692 3.2451434909837555 -1.5
      vertex 1.8675589497124583 3.221766987083541 -1.5
      vertex 1.8675589497124583 3.221766987083541 0.5
    endloop
  endfacet
  facet normal -0.38268343236508834 -0.9238795325112874 0
    outer loop
      vertex 1.811123076955692 3.2451434909837555 -1.5
      vertex 1.8675589497124583 3.221766987083541 0.5
      vertex 1.811123076955692 3.2451434909837555 0.5
    endloop
  endfacet
  facet normal 0.30070579950425336 0.9537169507482331 0
    outer loop
      vertex 1.8156726712523155 4.303371401833658 -1.5
      vertex 1.8156726712523155 4.303371401833658 1.5
      vertex 1.8905764746872633 4.279754323328191 -1.5
    endloop
  endfacet
  facet normal 0.30070579950425336 0.9537169507482331 0
    outer loop
      vertex 1.8156726712523155 4.303371401833658 1.5
      vertex 1.8905764746872633 4.279754323328191 1.5
      vertex 1.8905764746872633 4.279754323328191 -1.5
    endloop
  endfacet
  facet normal -0.3987490689252582 -0.9170600743851188 0
    outer loop
      vertex 1.8675589497124583 3.221766987083541 -1.5
      vertex 1.9235782507653008 3.197409101749102 -1.5
      vertex 1.9235782507653008 3.197409101749102 0.5
    endloop
  endfacet
  facet normal -0.3987490689252582 -0.9170600743851188 0
    outer loop
      vertex 1.8675589497124583 3.221766987083541 -1.5
      vertex 1.9235782507653008 3.197409101749102 0.5
      vertex 1.8675589497124583 3.221766987083541 0.5
    endloop
  endfacet
  facet normal 0.3173046564050945 0.9483236552061985 0
    outer loop
      vertex 1.8905764746872633 4.279754323328191 -1.5
      vertex 1.8905764746872633 4.279754323328191 1.5
      vertex 1.9650566950572053 4.254833590196926 -1.5
    endloop
  endfacet
  facet normal 0.3173046564050945 0.9483236552061985 0
    outer loop
      vertex 1.8905764746872633 4.279754323328191 1.5
      vertex 1.9650566950572053 4.254833590196926 1.5
      vertex 1.9650566950572053 4.254833590196926 -1.5
    endloop
  endfacet
  facet normal -0.41469324265623697 -0.9099612708765441 0
    outer loop
      vertex 1.9235782507653008 3.197409101749102 -1.5
      vertex 1.9791639160924481 3.172077254628274 -1.5
      vertex 1.9791639160924481 3.172077254628274 0.5
    endloop
  endfacet
  facet normal -0.41469324265623697 -0.9099612708765441 0
    outer loop
      vertex 1.9235782507653008 3.197409101749102 -1.5
      vertex 1.9791639160924481 3.172077254628274 0.5
      vertex 1.9235782507653008 3.197409101749102 0.5
    endloop
  endfacet
  facet normal 0.33380685923376713 0.9426414910921797 0
    outer loop
      vertex 1.9650566950572053 4.254833590196926 -1.5
      vertex 1.9650566950572053 4.254833590196926 1.5
      vertex 2.0390906449655093 4.228616793536588 1.5
    endloop
  endfacet
  facet normal 0.33380685923376713 0.9426414910921797 0
    outer loop
      vertex 1.9650566950572053 4.254833590196926 -1.5
      vertex 2.0390906449655093 4.228616793536588 1.5
      vertex 2.0390906449655093 4.228616793536588 -1.5
    endloop
  endfacet
  facet normal -0.4305110968082832 -0.9025852843498663 0
    outer loop
      vertex 1.9791639160924481 3.172077254628274 -1.5
      vertex 2.034299013761771 3.1457791620470843 -1.5
      vertex 2.034299013761771 3.1457791620470843 0.5
    endloop
  endfacet
  facet normal -0.4305110968082832 -0.9025852843498663 0
    outer loop
      vertex 1.9791639160924481 3.172077254628274 -1.5
      vertex 2.034299013761771 3.1457791620470843 0.5
      vertex 1.9791639160924481 3.172077254628274 0.5
    endloop
  endfacet
  facet normal -0.4461978131098033 -0.8949343616020278 0
    outer loop
      vertex 2.034299013761771 3.1457791620470843 -1.5
      vertex 2.0889667490884136 3.118522834659288 -1.5
      vertex 2.0889667490884136 3.118522834659288 0.5
    endloop
  endfacet
  facet normal -0.4461978131098033 -0.8949343616020278 0
    outer loop
      vertex 2.034299013761771 3.1457791620470843 -1.5
      vertex 2.0889667490884136 3.118522834659288 0.5
      vertex 2.034299013761771 3.1457791620470843 0.5
    endloop
  endfacet
  facet normal 0.35020738125946027 0.9366721892484002 0
    outer loop
      vertex 2.0390906449655093 4.228616793536588 -1.5
      vertex 2.0390906449655093 4.228616793536588 1.5
      vertex 2.1126557729538513 4.201111919237409 -1.5
    endloop
  endfacet
  facet normal 0.35020738125946027 0.9366721892484002 0
    outer loop
      vertex 2.0390906449655093 4.228616793536588 1.5
      vertex 2.1126557729538513 4.201111919237409 1.5
      vertex 2.1126557729538513 4.201111919237409 -1.5
    endloop
  endfacet
  facet normal -0.4617486132350294 -0.887010833178224 0
    outer loop
      vertex 2.0889667490884136 3.118522834659288 -1.5
      vertex 2.143150469750618 3.090316575006245 -1.5
      vertex 2.143150469750618 3.090316575006245 0.5
    endloop
  endfacet
  facet normal -0.4617486132350294 -0.887010833178224 0
    outer loop
      vertex 2.0889667490884136 3.118522834659288 -1.5
      vertex 2.143150469750618 3.090316575006245 0.5
      vertex 2.0889667490884136 3.118522834659288 0.5
    endloop
  endfacet
  facet normal 0.3665012267243044 0.9304175679820217 0
    outer loop
      vertex 2.1126557729538513 4.201111919237409 -1.5
      vertex 2.1126557729538513 4.201111919237409 1.5
      vertex 2.185729670371604 4.172327345550544 1.5
    endloop
  endfacet
  facet normal 0.3665012267243044 0.9304175679820217 0
    outer loop
      vertex 2.1126557729538513 4.201111919237409 -1.5
      vertex 2.185729670371604 4.172327345550544 1.5
      vertex 2.185729670371604 4.172327345550544 -1.5
    endloop
  endfacet
  facet normal -0.47715876025962495 -0.8788171126619564 0
    outer loop
      vertex 2.143150469750618 3.090316575006245 -1.5
      vertex 2.19683367086218 3.0611689749878845 -1.5
      vertex 2.19683367086218 3.0611689749878845 0.5
    endloop
  endfacet
  facet normal -0.47715876025962495 -0.8788171126619564 0
    outer loop
      vertex 2.143150469750618 3.090316575006245 -1.5
      vertex 2.19683367086218 3.0611689749878845 0.5
      vertex 2.143150469750618 3.090316575006245 0.5
    endloop
  endfacet
  facet normal 0.38268343236509617 0.9238795325112841 0
    outer loop
      vertex 2.185729670371604 4.172327345550544 -1.5
      vertex 2.185729670371604 4.172327345550544 1.5
      vertex 2.258290078201732 4.142271840535981 1.5
    endloop
  endfacet
  facet normal 0.38268343236509617 0.9238795325112841 0
    outer loop
      vertex 2.185729670371604 4.172327345550544 -1.5
      vertex 2.258290078201732 4.142271840535981 1.5
      vertex 2.258290078201732 4.142271840535981 -1.5
    endloop
  endfacet
  facet normal -0.49242356010346566 -0.8703556959399005 0
    outer loop
      vertex 2.19683367086218 3.0611689749878845 -1.5
      vertex 2.25 3.0310889132455348 -1.5
      vertex 2.25 3.0310889132455348 0.5
    endloop
  endfacet
  facet normal -0.49242356010346566 -0.8703556959399005 0
    outer loop
      vertex 2.19683367086218 3.0611689749878845 -1.5
      vertex 2.25 3.0310889132455348 0.5
      vertex 2.19683367086218 3.0611689749878845 0.5
    endloop
  endfacet
  facet normal -0.5075383629607115 -0.8616291604415214 0
    outer loop
      vertex 2.25 3.0310889132455348 -1.5
      vertex 2.3026332621851893 3.000085552457392 -1.5
      vertex 2.3026332621851893 3.000085552457392 0.5
    endloop
  endfacet
  facet normal -0.5075383629607115 -0.8616291604415214 0
    outer loop
      vertex 2.25 3.0310889132455348 -1.5
      vertex 2.3026332621851893 3.000085552457392 0.5
      vertex 2.25 3.0310889132455348 0.5
    endloop
  endfacet
  facet normal 0.3987490689252429 0.9170600743851254 0
    outer loop
      vertex 2.258290078201732 4.142271840535981 -1.5
      vertex 2.258290078201732 4.142271840535981 1.5
      vertex 2.330314893841101 4.110954559391704 -1.5
    endloop
  endfacet
  facet normal 0.3987490689252429 0.9170600743851254 0
    outer loop
      vertex 2.258290078201732 4.142271840535981 1.5
      vertex 2.330314893841101 4.110954559391704 1.5
      vertex 2.330314893841101 4.110954559391704 -1.5
    endloop
  endfacet
  facet normal -0.5224985647159386 -0.8526401643540985 0
    outer loop
      vertex 2.3026332621851893 3.000085552457392 -1.5
      vertex 2.3547174248162173 2.9681683365474907 -1.5
      vertex 2.3547174248162173 2.9681683365474907 0.5
    endloop
  endfacet
  facet normal -0.5224985647159386 -0.8526401643540985 0
    outer loop
      vertex 2.3026332621851893 3.000085552457392 -1.5
      vertex 2.3547174248162173 2.9681683365474907 0.5
      vertex 2.3026332621851893 3.000085552457392 0.5
    endloop
  endfacet
  facet normal 0.41469324265624236 0.9099612708765417 0
    outer loop
      vertex 2.330314893841101 4.110954559391704 -1.5
      vertex 2.330314893841101 4.110954559391704 1.5
      vertex 2.401782177833147 4.078385041664925 1.5
    endloop
  endfacet
  facet normal 0.41469324265624236 0.9099612708765417 0
    outer loop
      vertex 2.330314893841101 4.110954559391704 -1.5
      vertex 2.401782177833147 4.078385041664925 1.5
      vertex 2.401782177833147 4.078385041664925 -1.5
    endloop
  endfacet
  facet normal -0.5372996083468204 -0.8433914458128878 0
    outer loop
      vertex 2.3547174248162173 2.9681683365474907 -1.5
      vertex 2.406236622552595 2.935346987808984 -1.5
      vertex 2.406236622552595 2.935346987808984 0.5
    endloop
  endfacet
  facet normal -0.5372996083468204 -0.8433914458128878 0
    outer loop
      vertex 2.3547174248162173 2.9681683365474907 -1.5
      vertex 2.406236622552595 2.935346987808984 0.5
      vertex 2.3547174248162173 2.9681683365474907 0.5
    endloop
  endfacet
  facet normal 0.4305110968082889 0.9025852843498635 0
    outer loop
      vertex 2.401782177833147 4.078385041664925 -1.5
      vertex 2.401782177833147 4.078385041664925 1.5
      vertex 2.472670160550848 4.044573208346252 -1.5
    endloop
  endfacet
  facet normal 0.4305110968082889 0.9025852843498635 0
    outer loop
      vertex 2.401782177833147 4.078385041664925 1.5
      vertex 2.472670160550848 4.044573208346252 1.5
      vertex 2.472670160550848 4.044573208346252 -1.5
    endloop
  endfacet
  facet normal -0.5519369853120589 -0.8338858220671678 0
    outer loop
      vertex 2.406236622552595 2.935346987808984 -1.5
      vertex 2.457175162147614 2.901631503942646 -1.5
      vertex 2.457175162147614 2.901631503942646 0.5
    endloop
  endfacet
  facet normal -0.5519369853120589 -0.8338858220671678 0
    outer loop
      vertex 2.406236622552595 2.935346987808984 -1.5
      vertex 2.457175162147614 2.901631503942646 0.5
      vertex 2.406236622552595 2.935346987808984 0.5
    endloop
  endfacet
  facet normal -0.5664062369248243 -0.8241261886220216 0
    outer loop
      vertex 2.457175162147614 2.901631503942646 -1.5
      vertex 2.507517527228661 2.867032155011472 -1.5
      vertex 2.507517527228661 2.867032155011472 0.5
    endloop
  endfacet
  facet normal -0.5664062369248243 -0.8241261886220216 0
    outer loop
      vertex 2.457175162147614 2.901631503942646 -1.5
      vertex 2.507517527228661 2.867032155011472 0.5
      vertex 2.457175162147614 2.901631503942646 0.5
    endloop
  endfacet
  facet normal 0.446197813109824 0.8949343616020174 0
    outer loop
      vertex 2.472670160550848 4.044573208346252 -1.5
      vertex 2.472670160550848 4.044573208346252 1.5
      vertex 2.5429572488279604 4.009529358847654 1.5
    endloop
  endfacet
  facet normal 0.446197813109824 0.8949343616020174 0
    outer loop
      vertex 2.472670160550848 4.044573208346252 -1.5
      vertex 2.5429572488279604 4.009529358847654 1.5
      vertex 2.5429572488279604 4.009529358847654 -1.5
    endloop
  endfacet
  facet normal -0.5807029557109427 -0.8141155183563171 0
    outer loop
      vertex 2.507517527228661 2.867032155011472 -1.5
      vertex 2.557248383023656 2.8315594803123165 -1.5
      vertex 2.557248383023656 2.8315594803123165 0.5
    endloop
  endfacet
  facet normal -0.5807029557109427 -0.8141155183563171 0
    outer loop
      vertex 2.507517527228661 2.867032155011472 -1.5
      vertex 2.557248383023656 2.8315594803123165 0.5
      vertex 2.507517527228661 2.867032155011472 0.5
    endloop
  endfacet
  facet normal 0.4617486132350247 0.8870108331782265 0
    outer loop
      vertex 2.5429572488279604 4.009529358847654 -1.5
      vertex 2.5429572488279604 4.009529358847654 1.5
      vertex 2.6126220325365086 3.973264167865171 -1.5
    endloop
  endfacet
  facet normal 0.4617486132350247 0.8870108331782265 0
    outer loop
      vertex 2.5429572488279604 4.009529358847654 1.5
      vertex 2.6126220325365086 3.973264167865171 1.5
      vertex 2.6126220325365086 3.973264167865171 -1.5
    endloop
  endfacet
  facet normal -0.5948227867513552 -0.8038568606172071 0
    outer loop
      vertex 2.557248383023656 2.8315594803123165 -1.5
      vertex 2.606352581032169 2.7952242851655242 -1.5
      vertex 2.606352581032169 2.7952242851655242 0.5
    endloop
  endfacet
  facet normal -0.5948227867513552 -0.8038568606172071 0
    outer loop
      vertex 2.557248383023656 2.8315594803123165 -1.5
      vertex 2.606352581032169 2.7952242851655242 0.5
      vertex 2.557248383023656 2.8315594803123165 0.5
    endloop
  endfacet
  facet normal -0.608761429008708 -0.7933533402912449 0
    outer loop
      vertex 2.606352581032169 2.7952242851655242 -1.5
      vertex 2.654815163639804 2.758037637623527 -1.5
      vertex 2.654815163639804 2.758037637623527 0.5
    endloop
  endfacet
  facet normal -0.608761429008708 -0.7933533402912449 0
    outer loop
      vertex 2.606352581032169 2.7952242851655242 -1.5
      vertex 2.654815163639804 2.758037637623527 0.5
      vertex 2.606352581032169 2.7952242851655242 0.5
    endloop
  endfacet
  facet normal 0.47715876025960385 0.8788171126619678 0
    outer loop
      vertex 2.6126220325365086 3.973264167865171 -1.5
      vertex 2.6126220325365086 3.973264167865171 1.5
      vertex 2.6816432911085166 3.9357886821272814 1.5
    endloop
  endfacet
  facet normal 0.47715876025960385 0.8788171126619678 0
    outer loop
      vertex 2.6126220325365086 3.973264167865171 -1.5
      vertex 2.6816432911085166 3.9357886821272814 1.5
      vertex 2.6816432911085166 3.9357886821272814 -1.5
    endloop
  endfacet
  facet normal -0.6225146366376213 -0.7826081568524126 0
    outer loop
      vertex 2.654815163639804 2.758037637623527 -1.5
      vertex 2.7026213686744307 2.7200108650993986 -1.5
      vertex 2.7026213686744307 2.7200108650993986 0.5
    endloop
  endfacet
  facet normal -0.6225146366376213 -0.7826081568524126 0
    outer loop
      vertex 2.654815163639804 2.758037637623527 -1.5
      vertex 2.7026213686744307 2.7200108650993986 0.5
      vertex 2.654815163639804 2.758037637623527 0.5
    endloop
  endfacet
  facet normal 0.49242356010346877 0.8703556959398986 0
    outer loop
      vertex 2.6816432911085166 3.9357886821272814 -1.5
      vertex 2.6816432911085166 3.9357886821272814 1.5
      vertex 2.75 3.897114317029974 -1.5
    endloop
  endfacet
  facet normal 0.49242356010346877 0.8703556959398986 0
    outer loop
      vertex 2.6816432911085166 3.9357886821272814 1.5
      vertex 2.75 3.897114317029974 1.5
      vertex 2.75 3.897114317029974 -1.5
    endloop
  endfacet
  facet normal -0.63607822027777 -0.7716245833877149 0
    outer loop
      vertex 2.7026213686744307 2.7200108650993986 -1.5
      vertex 2.749756633902887 2.681155550916423 -1.5
      vertex 2.749756633902887 2.681155550916423 0.5
    endloop
  endfacet
  facet normal -0.63607822027777 -0.7716245833877149 0
    outer loop
      vertex 2.7026213686744307 2.7200108650993986 -1.5
      vertex 2.749756633902887 2.681155550916423 0.5
      vertex 2.7026213686744307 2.7200108650993986 0.5
    endloop
  endfacet
  facet normal -0.649448048330178 -0.7604059656000357 0
    outer loop
      vertex 2.749756633902887 2.681155550916423 -1.5
      vertex 2.7962066014667757 2.641483530779702 -1.5
      vertex 2.7962066014667757 2.641483530779702 0.5
    endloop
  endfacet
  facet normal -0.649448048330178 -0.7604059656000357 0
    outer loop
      vertex 2.749756633902887 2.681155550916423 -1.5
      vertex 2.7962066014667757 2.641483530779702 0.5
      vertex 2.749756633902887 2.681155550916423 0.5
    endloop
  endfacet
  facet normal 0.5075383629607129 0.8616291604415206 0
    outer loop
      vertex 2.75 3.897114317029974 -1.5
      vertex 2.75 3.897114317029974 1.5
      vertex 2.8176713370952435 3.8572528531595047 1.5
    endloop
  endfacet
  facet normal 0.5075383629607129 0.8616291604415206 0
    outer loop
      vertex 2.75 3.897114317029974 -1.5
      vertex 2.8176713370952435 3.8572528531595047 1.5
      vertex 2.8176713370952435 3.8572528531595047 -1.5
    endloop
  endfacet
  facet normal -0.6626200482157371 -0.7489557207890025 0
    outer loop
      vertex 2.7962066014667757 2.641483530779702 -1.5
      vertex 2.841957122256004 2.60100688917088 -1.5
      vertex 2.841957122256004 2.60100688917088 0.5
    endloop
  endfacet
  facet normal -0.6626200482157371 -0.7489557207890025 0
    outer loop
      vertex 2.7962066014667757 2.641483530779702 -1.5
      vertex 2.841957122256004 2.60100688917088 0.5
      vertex 2.7962066014667757 2.641483530779702 0.5
    endloop
  endfacet
  facet normal 0.522498564715934 0.8526401643541013 0
    outer loop
      vertex 2.8176713370952435 3.8572528531595047 -1.5
      vertex 2.8176713370952435 3.8572528531595047 1.5
      vertex 2.884636689049422 3.816216432703918 -1.5
    endloop
  endfacet
  facet normal 0.522498564715934 0.8526401643541013 0
    outer loop
      vertex 2.8176713370952435 3.8572528531595047 1.5
      vertex 2.884636689049422 3.816216432703918 1.5
      vertex 2.884636689049422 3.816216432703918 -1.5
    endloop
  endfacet
  facet normal -0.6755902076156612 -0.7372773368101231 0
    outer loop
      vertex 2.841957122256004 2.60100688917088 -1.5
      vertex 2.886994260218745 2.5597379556670967 -1.5
      vertex 2.886994260218745 2.5597379556670967 0.5
    endloop
  endfacet
  facet normal -0.6755902076156612 -0.7372773368101231 0
    outer loop
      vertex 2.841957122256004 2.60100688917088 -1.5
      vertex 2.886994260218745 2.5597379556670967 0.5
      vertex 2.841957122256004 2.60100688917088 0.5
    endloop
  endfacet
  facet normal 0.537299608346827 0.8433914458128837 0
    outer loop
      vertex 2.884636689049422 3.816216432703918 -1.5
      vertex 2.884636689049422 3.816216432703918 1.5
      vertex 2.950875657567622 3.7740175557544084 -1.5
    endloop
  endfacet
  facet normal 0.537299608346827 0.8433914458128837 0
    outer loop
      vertex 2.884636689049422 3.816216432703918 1.5
      vertex 2.950875657567622 3.7740175557544084 1.5
      vertex 2.950875657567622 3.7740175557544084 -1.5
    endloop
  endfacet
  facet normal -0.6883545756937538 -0.7253743710122877 0
    outer loop
      vertex 2.886994260218745 2.5597379556670967 -1.5
      vertex 2.9313042966064904 2.5176893011852792 -1.5
      vertex 2.9313042966064904 2.5176893011852792 0.5
    endloop
  endfacet
  facet normal -0.6883545756937538 -0.7253743710122877 0
    outer loop
      vertex 2.886994260218745 2.5597379556670967 -1.5
      vertex 2.9313042966064904 2.5176893011852792 0.5
      vertex 2.886994260218745 2.5597379556670967 0.5
    endloop
  endfacet
  facet normal -0.7009092642998482 -0.7132504491541842 0
    outer loop
      vertex 2.9313042966064904 2.5176893011852792 -1.5
      vertex 2.9748737341529163 2.474873734152917 -1.5
      vertex 2.9748737341529163 2.474873734152917 0.5
    endloop
  endfacet
  facet normal -0.7009092642998482 -0.7132504491541842 0
    outer loop
      vertex 2.9313042966064904 2.5176893011852792 -1.5
      vertex 2.9748737341529163 2.474873734152917 0.5
      vertex 2.9313042966064904 2.5176893011852792 0.5
    endloop
  endfacet
  facet normal 0.5519369853120657 0.8338858220671632 0
    outer loop
      vertex 2.950875657567622 3.7740175557544084 -1.5
      vertex 2.950875657567622 3.7740175557544084 1.5
      vertex 3.016368065618361 3.730669076497687 -1.5
    endloop
  endfacet
  facet normal 0.5519369853120657 0.8338858220671632 0
    outer loop
      vertex 2.950875657567622 3.7740175557544084 1.5
      vertex 3.016368065618361 3.730669076497687 1.5
      vertex 3.016368065618361 3.730669076497687 -1.5
    endloop
  endfacet
  facet normal -0.7132504491541841 -0.7009092642998482 0
    outer loop
      vertex 2.9748737341529163 2.474873734152917 -1.5
      vertex 3.0176893011852792 2.4313042966064904 -1.5
      vertex 3.0176893011852792 2.4313042966064904 0.5
    endloop
  endfacet
  facet normal -0.7132504491541841 -0.7009092642998482 0
    outer loop
      vertex 2.9748737341529163 2.474873734152917 -1.5
      vertex 3.0176893011852792 2.4313042966064904 0.5
      vertex 2.9748737341529163 2.474873734152917 0.5
    endloop
  endfacet
  facet normal 0.5664062369248297 0.8241261886220178 0
    outer loop
      vertex 3.016368065618361 3.730669076497687 -1.5
      vertex 3.016368065618361 3.730669076497687 1.5
      vertex 3.081093963579707 3.686184199300463 1.5
    endloop
  endfacet
  facet normal 0.5664062369248297 0.8241261886220178 0
    outer loop
      vertex 3.016368065618361 3.730669076497687 -1.5
      vertex 3.081093963579707 3.686184199300463 1.5
      vertex 3.081093963579707 3.686184199300463 -1.5
    endloop
  endfacet
  facet normal -0.7253743710122877 -0.6883545756937538 0
    outer loop
      vertex 3.0176893011852792 2.4313042966064904 -1.5
      vertex 3.0597379556670967 2.386994260218745 -1.5
      vertex 3.0597379556670967 2.386994260218745 0.5
    endloop
  endfacet
  facet normal -0.7253743710122877 -0.6883545756937538 0
    outer loop
      vertex 3.0176893011852792 2.4313042966064904 -1.5
      vertex 3.0597379556670967 2.386994260218745 0.5
      vertex 3.0176893011852792 2.4313042966064904 0.5
    endloop
  endfacet
  facet normal -0.7372773368101264 -0.6755902076156577 0
    outer loop
      vertex 3.0597379556670967 2.386994260218745 -1.5
      vertex 3.10100688917088 2.3419571222560034 -1.5
      vertex 3.10100688917088 2.3419571222560034 0.5
    endloop
  endfacet
  facet normal -0.7372773368101264 -0.6755902076156577 0
    outer loop
      vertex 3.0597379556670967 2.386994260218745 -1.5
      vertex 3.10100688917088 2.3419571222560034 0.5
      vertex 3.0597379556670967 2.386994260218745 0.5
    endloop
  endfacet
  facet normal 0 0 -1
    outer loop
      vertex 3.0597379556670967 2.386994260218745 -1.5
      vertex 4.982876141412855 0.3922008423644616 -1.5
      vertex 3.10100688917088 2.3419571222560034 -1.5
    endloop
  endfacet
  facet normal 0.5807029557109411 0.8141155183563182 0
    outer loop
      vertex 3.081093963579707 3.686184199300463 -1.5
      vertex 3.081093963579707 3.686184199300463 1.5
      vertex 3.1450336353161292 3.640576474687263 -1.5
    endloop
  endfacet
  facet normal 0.5807029557109411 0.8141155183563182 0
    outer loop
      vertex 3.081093963579707 3.686184199300463 1.5
      vertex 3.1450336353161292 3.640576474687263 1.5
      vertex 3.1450336353161292 3.640576474687263 -1.5
    endloop
  endfacet
  facet normal -0.7489557207889993 -0.6626200482157406 0
    outer loop
      vertex 3.10100688917088 2.3419571222560034 -1.5
      vertex 3.141483530779702 2.2962066014667757 -1.5
      vertex 3.141483530779702 2.2962066014667757 0.5
    endloop
  endfacet
  facet normal -0.7489557207889993 -0.6626200482157406 0
    outer loop
      vertex 3.10100688917088 2.3419571222560034 -1.5
      vertex 3.141483530779702 2.2962066014667757 0.5
      vertex 3.10100688917088 2.3419571222560034 0.5
    endloop
  endfacet
  facet normal 0 0 -1
    outer loop
      vertex 3.10100688917088 2.3419571222560034 -1.5
      vertex 4.982876141412855 0.3922008423644616 -1.5
      vertex 3.141483530779702 2.2962066014667757 -1.5
    endloop
  endfacet
  facet normal -0.7604059656000357 -0.649448048330178 0
    outer loop
      vertex 3.141483530779702 2.2962066014667757 -1.5
      vertex 3.181155550916423 2.249756633902887 -1.5
      vertex 3.181155550916423 2.249756633902887 0.5
    endloop
  endfacet
  facet normal -0.7604059656000357 -0.649448048330178 0
    outer loop
      vertex 3.141483530779702 2.2962066014667757 -1.5
      vertex 3.181155550916423 2.249756633902887 0.5
      vertex 3.141483530779702 2.2962066014667757 0.5
    endloop
  endfacet
  facet normal 0 0 -1
    outer loop
      vertex 3.141483530779702 2.2962066014667757 -1.5
      vertex 4.982876141412855 0.3922008423644616 -1.5
      vertex 4.989038226169209 0.313904131848564 -1.5
    endloop
  endfacet
  facet normal 0 0 -1
    outer loop
      vertex 3.141483530779702 2.2962066014667757 -1.5
      vertex 4.989038226169209 0.313904131848564 -1.5
      vertex 3.181155550916423 2.249756633902887 -1.5
    endloop
  endfacet
  facet normal 0.5948227867513344 0.8038568606172225 0
    outer loop
      vertex 3.1450336353161292 3.640576474687263 -1.5
      vertex 3.1450336353161292 3.640576474687263 1.5
      vertex 3.2081676041842173 3.5938597952128184 1.5
    endloop
  endfacet
  facet normal 0.5948227867513344 0.8038568606172225 0
    outer loop
      vertex 3.1450336353161292 3.640576474687263 -1.5
      vertex 3.2081676041842173 3.5938597952128184 1.5
      vertex 3.2081676041842173 3.5938597952128184 -1.5
    endloop
  endfacet
  facet normal -0.7716245833877214 -0.6360782202777622 0
    outer loop
      vertex 3.181155550916423 2.249756633902887 -1.5
      vertex 3.220010865099398 2.2026213686744303 -1.5
      vertex 3.220010865099398 2.2026213686744303 0.5
    endloop
  endfacet
  facet normal -0.7716245833877214 -0.6360782202777622 0
    outer loop
      vertex 3.181155550916423 2.249756633902887 -1.5
      vertex 3.220010865099398 2.2026213686744303 0.5
      vertex 3.181155550916423 2.249756633902887 0.5
    endloop
  endfacet
  facet normal 0 0 -1
    outer loop
      vertex 3.181155550916423 2.249756633902887 -1.5
      vertex 4.989038226169209 0.313904131848564 -1.5
      vertex 3.220010865099398 2.2026213686744303 -1.5
    endloop
  endfacet
  facet normal 0.6087614290087245 0.7933533402912322 0
    outer loop
      vertex 3.2081676041842173 3.5938597952128184 -1.5
      vertex 3.2081676041842173 3.5938597952128184 1.5
      vertex 3.2704766389654623 3.546048391230249 1.5
    endloop
  endfacet
  facet normal 0.6087614290087245 0.7933533402912322 0
    outer loop
      vertex 3.2081676041842173 3.5938597952128184 -1.5
      vertex 3.2704766389654623 3.546048391230249 1.5
      vertex 3.2704766389654623 3.546048391230249 -1.5
    endloop
  endfacet
  facet normal -0.7826081568524097 -0.6225146366376249 0
    outer loop
      vertex 3.220010865099398 2.2026213686744303 -1.5
      vertex 3.2580376376235267 2.154815163639804 -1.5
      vertex 3.2580376376235267 2.154815163639804 0.5
    endloop
  endfacet
  facet normal -0.7826081568524097 -0.6225146366376249 0
    outer loop
      vertex 3.220010865099398 2.2026213686744303 -1.5
      vertex 3.2580376376235267 2.154815163639804 0.5
      vertex 3.220010865099398 2.2026213686744303 0.5
    endloop
  endfacet
  facet normal 0 0 -1
    outer loop
      vertex 3.220010865099398 2.2026213686744303 -1.5
      vertex 4.989038226169209 0.313904131848564 -1.5
      vertex 3.2580376376235267 2.154815163639804 -1.5
    endloop
  endfacet
  facet normal -0.7933533402912317 -0.6087614290087252 0
    outer loop
      vertex 3.2580376376235267 2.154815163639804 -1.5
      vertex 3.295224285165525 2.1063525810321693 -1.5
      vertex 3.295224285165525 2.1063525810321693 0.5
    endloop
  endfacet
  facet normal -0.7933533402912317 -0.6087614290087252 0
    outer loop
      vertex 3.2580376376235267 2.154815163639804 -1.5
      vertex 3.295224285165525 2.1063525810321693 0.5
      vertex 3.2580376376235267 2.154815163639804 0.5
    endloop
  endfacet
  facet normal 0 0 -1
    outer loop
      vertex 3.2580376376235267 2.154815163639804 -1.5
      vertex 4.989038226169209 0.313904131848564 -1.5
      vertex 3.295224285165525 2.1063525810321693 -1.5
    endloop
  endfacet
  facet normal 0.6225146366376241 0.7826081568524103 0
    outer loop
      vertex 3.2704766389654623 3.546048391230249 -1.5
      vertex 3.2704766389654623 3.546048391230249 1.5
      vertex 3.3319417597242684 3.4971568265563686 1.5
    endloop
  endfacet
  facet normal 0.6225146366376241 0.7826081568524103 0
    outer loop
      vertex 3.2704766389654623 3.546048391230249 -1.5
      vertex 3.3319417597242684 3.4971568265563686 1.5
      vertex 3.3319417597242684 3.4971568265563686 -1.5
    endloop
  endfacet
  facet normal -0.80385686061722 -0.5948227867513376 0
    outer loop
      vertex 3.295224285165525 2.1063525810321693 -1.5
      vertex 3.331559480312316 2.057248383023656 -1.5
      vertex 3.331559480312316 2.057248383023656 0.5
    endloop
  endfacet
  facet normal -0.80385686061722 -0.5948227867513376 0
    outer loop
      vertex 3.295224285165525 2.1063525810321693 -1.5
      vertex 3.331559480312316 2.057248383023656 0.5
      vertex 3.295224285165525 2.1063525810321693 0.5
    endloop
  endfacet
  facet normal 0 0 -1
    outer loop
      vertex 3.295224285165525 2.1063525810321693 -1.5
      vertex 4.989038226169209 0.313904131848564 -1.5
      vertex 3.331559480312316 2.057248383023656 -1.5
    endloop
  endfacet
  facet normal -0.814115518356323 -0.5807029557109343 0
    outer loop
      vertex 3.331559480312316 2.057248383023656 -1.5
      vertex 3.3670321550114712 2.0075175272286607 -1.5
      vertex 3.3670321550114712 2.0075175272286607 0.5
    endloop
  endfacet
  facet normal -0.814115518356323 -0.5807029557109343 0
    outer loop
      vertex 3.331559480312316 2.057248383023656 -1.5
      vertex 3.3670321550114712 2.0075175272286607 0.5
      vertex 3.331559480312316 2.057248383023656 0.5
    endloop
  endfacet
  facet normal 0 0 -1
    outer loop
      vertex 3.331559480312316 2.057248383023656 -1.5
      vertex 4.989038226169209 0.313904131848564 -1.5
      vertex 4.993832906395582 0.2355118030932477 -1.5
    endloop
  endfacet
  facet normal 0 0 -1
    outer loop
      vertex 3.331559480312316 2.057248383023656 -1.5
      vertex 4.993832906395582 0.2355118030932477 -1.5
      vertex 3.3670321550114712 2.0075175272286607 -1.5
    endloop
  endfacet
  facet normal 0.6360782202777625 0.7716245833877211 0
    outer loop
      vertex 3.3319417597242684 3.4971568265563686 -1.5
      vertex 3.3319417597242684 3.4971568265563686 1.5
      vertex 3.392544243589427 3.447199994035401 -1.5
    endloop
  endfacet
  facet normal 0.6360782202777625 0.7716245833877211 0
    outer loop
      vertex 3.3319417597242684 3.4971568265563686 1.5
      vertex 3.392544243589427 3.447199994035401 1.5
      vertex 3.392544243589427 3.447199994035401 -1.5
    endloop
  endfacet
  facet normal -0.8241261886220125 -0.5664062369248375 0
    outer loop
      vertex 3.3670321550114712 2.0075175272286607 -1.5
      vertex 3.401631503942646 1.957175162147614 -1.5
      vertex 3.401631503942646 1.957175162147614 0.5
    endloop
  endfacet
  facet normal -0.8241261886220125 -0.5664062369248375 0
    outer loop
      vertex 3.3670321550114712 2.0075175272286607 -1.5
      vertex 3.401631503942646 1.957175162147614 0.5
      vertex 3.3670321550114712 2.0075175272286607 0.5
    endloop
  endfacet
  facet normal 0 0 -1
    outer loop
      vertex 3.3670321550114712 2.0075175272286607 -1.5
      vertex 4.993832906395582 0.2355118030932477 -1.5
      vertex 3.401631503942646 1.957175162147614 -1.5
    endloop
  endfacet
  facet normal 0.649448048330176 0.7604059656000375 0
    outer loop
      vertex 3.392544243589427 3.447199994035401 -1.5
      vertex 3.392544243589427 3.447199994035401 1.5
      vertex 3.4522656304572825 3.396193111002475 1.5
    endloop
  endfacet
  facet normal 0.649448048330176 0.7604059656000375 0
    outer loop
      vertex 3.392544243589427 3.447199994035401 -1.5
      vertex 3.4522656304572825 3.396193111002475 1.5
      vertex 3.4522656304572825 3.396193111002475 -1.5
    endloop
  endfacet
  facet normal -0.8338858220671678 -0.5519369853120589 0
    outer loop
      vertex 3.401631503942646 1.957175162147614 -1.5
      vertex 3.435346987808984 1.906236622552595 -1.5
      vertex 3.435346987808984 1.906236622552595 0.5
    endloop
  endfacet
  facet normal -0.8338858220671678 -0.5519369853120589 0
    outer loop
      vertex 3.401631503942646 1.957175162147614 -1.5
      vertex 3.435346987808984 1.906236622552595 0.5
      vertex 3.401631503942646 1.957175162147614 0.5
    endloop
  endfacet
  facet normal 0 0 -1
    outer loop
      vertex 3.401631503942646 1.957175162147614 -1.5
      vertex 4.993832906395582 0.2355118030932477 -1.5
      vertex 3.435346987808984 1.906236622552595 -1.5
    endloop
  endfacet
  facet normal -0.8433914458128899 -0.5372996083468171 0
    outer loop
      vertex 3.435346987808984 1.906236622552595 -1.5
      vertex 3.4681683365474907 1.8547174248162168 -1.5
      vertex 3.4681683365474907 1.8547174248162168 0.5
    endloop
  endfacet
  facet normal -0.8433914458128899 -0.5372996083468171 0
    outer loop
      vertex 3.435346987808984 1.906236622552595 -1.5
      vertex 3.4681683365474907 1.8547174248162168 0.5
      vertex 3.435346987808984 1.906236622552595 0.5
    endloop
  endfacet
  facet normal 0 0 -1
    outer loop
      vertex 3.435346987808984 1.906236622552595 -1.5
      vertex 4.993832906395582 0.2355118030932477 -1.5
      vertex 4.997258721585931 0.15704773516125403 -1.5
    endloop
  endfacet
  facet normal 0 0 -1
    outer loop
      vertex 3.435346987808984 1.906236622552595 -1.5
      vertex 4.997258721585931 0.15704773516125403 -1.5
      vertex 3.4681683365474907 1.8547174248162168 -1.5
    endloop
  endfacet
  facet normal 0.6626200482157493 0.7489557207889918 0
    outer loop
      vertex 3.4522656304572825 3.396193111002475 -1.5
      vertex 3.4522656304572825 3.396193111002475 1.5
      vertex 3.511087728614862 3.344151714648273 -1.5
    endloop
  endfacet
  facet normal 0.6626200482157493 0.7489557207889918 0
    outer loop
      vertex 3.4522656304572825 3.396193111002475 1.5
      vertex 3.511087728614862 3.344151714648273 1.5
      vertex 3.511087728614862 3.344151714648273 -1.5
    endloop
  endfacet
  facet normal -0.8526401643540901 -0.5224985647159524 0
    outer loop
      vertex 3.4681683365474907 1.8547174248162168 -1.5
      vertex 3.500085552457393 1.8026332621851893 -1.5
      vertex 3.500085552457393 1.8026332621851893 0.5
    endloop
  endfacet
  facet normal -0.8526401643540901 -0.5224985647159524 0
    outer loop
      vertex 3.4681683365474907 1.8547174248162168 -1.5
      vertex 3.500085552457393 1.8026332621851893 0.5
      vertex 3.4681683365474907 1.8547174248162168 0.5
    endloop
  endfacet
  facet normal 0 0 -1
    outer loop
      vertex 3.4681683365474907 1.8547174248162168 -1.5
      vertex 4.997258721585931 0.15704773516125403 -1.5
      vertex 3.500085552457393 1.8026332621851893 -1.5
    endloop
  endfacet
  facet normal -0.8616291604415246 -0.5075383629607062 0
    outer loop
      vertex 3.500085552457393 1.8026332621851893 -1.5
      vertex 3.531088913245535 1.75 -1.5
      vertex 3.531088913245535 1.75 0.5
    endloop
  endfacet
  facet normal -0.8616291604415246 -0.5075383629607062 0
    outer loop
      vertex 3.500085552457393 1.8026332621851893 -1.5
      vertex 3.531088913245535 1.75 0.5
      vertex 3.500085552457393 1.8026332621851893 0.5
    endloop
  endfacet
  facet normal 0 0 -1
    outer loop
      vertex 3.500085552457393 1.8026332621851893 -1.5
      vertex 4.997258721585931 0.15704773516125403 -1.5
      vertex 3.531088913245535 1.75 -1.5
    endloop
  endfacet
  facet normal 0.6755902076156637 0.737277336810121 0
    outer loop
      vertex 3.511087728614862 3.344151714648273 -1.5
      vertex 3.511087728614862 3.344151714648273 1.5
      vertex 3.568992620281243 3.291091657286266 -1.5
    endloop
  endfacet
  facet normal 0.6755902076156637 0.737277336810121 0
    outer loop
      vertex 3.511087728614862 3.344151714648273 1.5
      vertex 3.568992620281243 3.291091657286266 1.5
      vertex 3.568992620281243 3.291091657286266 -1.5
    endloop
  endfacet
  facet normal -0.8703556959399005 -0.49242356010346566 0
    outer loop
      vertex 3.531088913245535 1.75 -1.5
      vertex 3.561168974987885 1.6968336708621798 -1.5
      vertex 3.561168974987885 1.6968336708621798 0.5
    endloop
  endfacet
  facet normal -0.8703556959399005 -0.49242356010346566 0
    outer loop
      vertex 3.531088913245535 1.75 -1.5
      vertex 3.561168974987885 1.6968336708621798 0.5
      vertex 3.531088913245535 1.75 0.5
    endloop
  endfacet
  facet normal 0 0 -1
    outer loop
      vertex 3.531088913245535 1.75 -1.5
      vertex 4.997258721585931 0.15704773516125403 -1.5
      vertex 4.999314628203761 0.07853582896777578 -1.5
    endloop
  endfacet
  facet normal 0 0 -1
    outer loop
      vertex 3.531088913245535 1.75 -1.5
      vertex 4.999314628203761 0.07853582896777578 -1.5
      vertex 3.561168974987885 1.6968336708621798 -1.5
    endloop
  endfacet
  facet normal -0.8788171126619642 -0.4771587602596107 0
    outer loop
      vertex 3.561168974987885 1.6968336708621798 -1.5
      vertex 3.5903165750062445 1.6431504697506174 -1.5
      vertex 3.5903165750062445 1.6431504697506174 0.5
    endloop
  endfacet
  facet normal -0.8788171126619642 -0.4771587602596107 0
    outer loop
      vertex 3.561168974987885 1.6968336708621798 -1.5
      vertex 3.5903165750062445 1.6431504697506174 0.5
      vertex 3.561168974987885 1.6968336708621798 0.5
    endloop
  endfacet
  facet normal 0 0 -1
    outer loop
      vertex 3.561168974987885 1.6968336708621798 -1.5
      vertex 4.999314628203761 0.07853582896777578 -1.5
      vertex 3.5903165750062445 1.6431504697506174 -1.5
    endloop
  endfacet
  facet normal 0.6883545756937445 0.7253743710122965 0
    outer loop
      vertex 3.568992620281243 3.291091657286266 -1.5
      vertex 3.568992620281243 3.291091657286266 1.5
      vertex 3.6259626670654876 3.2370291015239303 1.5
    endloop
  endfacet
  facet normal 0.6883545756937445 0.7253743710122965 0
    outer loop
      vertex 3.568992620281243 3.291091657286266 -1.5
      vertex 3.6259626670654876 3.2370291015239303 1.5
      vertex 3.6259626670654876 3.2370291015239303 -1.5
    endloop
  endfacet
  facet normal -0.8870108331782225 -0.4617486132350324 0
    outer loop
      vertex 3.5903165750062445 1.6431504697506174 -1.5
      vertex 3.6185228346592875 1.5889667490884136 -1.5
      vertex 3.6185228346592875 1.5889667490884136 0.5
    endloop
  endfacet
  facet normal -0.8870108331782225 -0.4617486132350324 0
    outer loop
      vertex 3.5903165750062445 1.6431504697506174 -1.5
      vertex 3.6185228346592875 1.5889667490884136 0.5
      vertex 3.5903165750062445 1.6431504697506174 0.5
    endloop
  endfacet
  facet normal 0 0 -1
    outer loop
      vertex 3.5903165750062445 1.6431504697506174 -1.5
      vertex 4.999314628203761 0.07853582896777578 -1.5
      vertex 5 0 -1.5
    endloop
  endfacet
  facet normal 0 0 -1
    outer loop
      vertex 3.5903165750062445 1.6431504697506174 -1.5
      vertex 5 0 -1.5
      vertex 3.6185228346592875 1.5889667490884136 -1.5
    endloop
  endfacet
  facet normal -0.894934361602022 -0.44619781310981493 0
    outer loop
      vertex 3.6185228346592875 1.5889667490884136 -1.5
      vertex 3.6457791620470847 1.5342990137617711 -1.5
      vertex 3.6457791620470847 1.5342990137617711 0.5
    endloop
  endfacet
  facet normal -0.894934361602022 -0.44619781310981493 0
    outer loop
      vertex 3.6185228346592875 1.5889667490884136 -1.5
      vertex 3.6457791620470847 1.5342990137617711 0.5
      vertex 3.6185228346592875 1.5889667490884136 0.5
    endloop
  endfacet
  facet normal 0 0 -1
    outer loop
      vertex 3.6185228346592875 1.5889667490884136 -1.5
      vertex 5 0 -1.5
      vertex 3.6457791620470847 1.5342990137617711 -1.5
    endloop
  endfacet
  facet normal 0.7009092642998433 0.713250449154189 0
    outer loop
      vertex 3.6259626670654876 3.2370291015239303 -1.5
      vertex 3.6259626670654876 3.2370291015239303 1.5
      vertex 3.6819805153394642 3.1819805153394647 -1.5
    endloop
  endfacet
  facet normal 0.7009092642998433 0.713250449154189 0
    outer loop
      vertex 3.6259626670654876 3.2370291015239303 1.5
      vertex 3.6819805153394642 3.1819805153394647 1.5
      vertex 3.6819805153394642 3.1819805153394647 -1.5
    endloop
  endfacet
  facet normal -0.9025852843498641 -0.4305110968082877 0
    outer loop
      vertex 3.6457791620470847 1.5342990137617711 -1.5
      vertex 3.6720772546282747 1.479163916092448 -1.5
      vertex 3.6720772546282747 1.479163916092448 0.5
    endloop
  endfacet
  facet normal -0.9025852843498641 -0.4305110968082877 0
    outer loop
      vertex 3.6457791620470847 1.5342990137617711 -1.5
      vertex 3.6720772546282747 1.479163916092448 0.5
      vertex 3.6457791620470847 1.5342990137617711 0.5
    endloop
  endfacet
  facet normal 0 0 -1
    outer loop
      vertex 3.6457791620470847 1.5342990137617711 -1.5
      vertex 5 0 -1.5
      vertex 3.6720772546282747 1.479163916092448 -1.5
    endloop
  endfacet
  facet normal -0.9099612708765428 -0.4146932426562397 0
    outer loop
      vertex 3.6720772546282747 1.479163916092448 -1.5
      vertex 3.697409101749103 1.423578250765301 -1.5
      vertex 3.697409101749103 1.423578250765301 0.5
    endloop
  endfacet
  facet normal -0.9099612708765428 -0.4146932426562397 0
    outer loop
      vertex 3.6720772546282747 1.479163916092448 -1.5
      vertex 3.697409101749103 1.423578250765301 0.5
      vertex 3.6720772546282747 1.479163916092448 0.5
    endloop
  endfacet
  facet normal 0 0 -1
    outer loop
      vertex 3.6720772546282747 1.479163916092448 -1.5
      vertex 5 0 -1.5
      vertex 3.697409101749103 1.423578250765301 -1.5
    endloop
  endfacet
  facet normal 0.713250449154189 0.7009092642998435 0
    outer loop
      vertex 3.6819805153394642 3.1819805153394647 -1.5
      vertex 3.6819805153394642 3.1819805153394647 1.5
      vertex 3.7370291015239303 3.1259626670654876 1.5
    endloop
  endfacet
  facet normal 0.713250449154189 0.7009092642998435 0
    outer loop
      vertex 3.6819805153394642 3.1819805153394647 -1.5
      vertex 3.7370291015239303 3.1259626670654876 1.5
      vertex 3.7370291015239303 3.1259626670654876 -1.5
    endloop
  endfacet
  facet normal -0.9170600743851209 -0.3987490689252534 0
    outer loop
      vertex 3.697409101749103 1.423578250765301 -1.5
      vertex 3.7217669870835413 1.3675589497124587 -1.5
      vertex 3.7217669870835413 1.3675589497124587 0.5
    endloop
  endfacet
  facet normal -0.9170600743851209 -0.3987490689252534 0
    outer loop
      vertex 3.697409101749103 1.423578250765301 -1.5
      vertex 3.7217669870835413 1.3675589497124587 0.5
      vertex 3.697409101749103 1.423578250765301 0.5
    endloop
  endfacet
  facet normal 0 0 -1
    outer loop
      vertex 3.697409101749103 1.423578250765301 -1.5
      vertex 5 0 -1.5
      vertex 3.7217669870835413 1.3675589497124587 -1.5
    endloop
  endfacet
  facet normal -0.923879532511289 -0.38268343236508445 0
    outer loop
      vertex 3.7217669870835413 1.3675589497124587 -1.5
      vertex 3.745143490983756 1.3111230769556919 -1.5
      vertex 3.745143490983756 1.3111230769556919 0.5
    endloop
  endfacet
  facet normal -0.923879532511289 -0.38268343236508445 0
    outer loop
      vertex 3.7217669870835413 1.3675589497124587 -1.5
      vertex 3.745143490983756 1.3111230769556919 0.5
      vertex 3.7217669870835413 1.3675589497124587 0.5
    endloop
  endfacet
  facet normal 0 0 -1
    outer loop
      vertex 3.7217669870835413 1.3675589497124587 -1.5
      vertex 5 0 -1.5
      vertex 3.745143490983756 1.3111230769556919 -1.5
    endloop
  endfacet
  facet normal 0.7253743710122909 0.6883545756937505 0
    outer loop
      vertex 3.7370291015239303 3.1259626670654876 -1.5
      vertex 3.7370291015239303 3.1259626670654876 1.5
      vertex 3.791091657286267 3.068992620281243 -1.5
    endloop
  endfacet
  facet normal 0.7253743710122909 0.6883545756937505 0
    outer loop
      vertex 3.7370291015239303 3.1259626670654876 1.5
      vertex 3.791091657286267 3.068992620281243 1.5
      vertex 3.791091657286267 3.068992620281243 -1.5
    endloop
  endfacet
  facet normal -0.9304175679820257 -0.3665012267242942 0
    outer loop
      vertex 3.745143490983756 1.3111230769556919 -1.5
      vertex 3.767531492740206 1.2542878234085508 -1.5
      vertex 3.767531492740206 1.2542878234085508 0.5
    endloop
  endfacet
  facet normal -0.9304175679820257 -0.3665012267242942 0
    outer loop
      vertex 3.745143490983756 1.3111230769556919 -1.5
      vertex 3.767531492740206 1.2542878234085508 0.5
      vertex 3.745143490983756 1.3111230769556919 0.5
    endloop
  endfacet
  facet normal 0 0 -1
    outer loop
      vertex 3.745143490983756 1.3111230769556919 -1.5
      vertex 5 0 -1.5
      vertex 3.767531492740206 1.2542878234085508 -1.5
    endloop
  endfacet
  facet normal -0.9366721892483961 -0.3502073812594714 0
    outer loop
      vertex 3.767531492740206 1.2542878234085508 -1.5
      vertex 3.7889241727506793 1.1970705016398409 -1.5
      vertex 3.7889241727506793 1.1970705016398409 0.5
    endloop
  endfacet
  facet normal -0.9366721892483961 -0.3502073812594714 0
    outer loop
      vertex 3.767531492740206 1.2542878234085508 -1.5
      vertex 3.7889241727506793 1.1970705016398409 0.5
      vertex 3.767531492740206 1.2542878234085508 0.5
    endloop
  endfacet
  facet normal 0 0 -1
    outer loop
      vertex 3.767531492740206 1.2542878234085508 -1.5
      vertex 5 0 -1.5
      vertex 3.7889241727506793 1.1970705016398409 -1.5
    endloop
  endfacet
  facet normal -0.9426414910921771 -0.3338068592337747 0
    outer loop
      vertex 3.7889241727506793 1.1970705016398409 -1.5
      vertex 3.809315014597609 1.1394885406000483 -1.5
      vertex 3.809315014597609 1.1394885406000483 0.5
    endloop
  endfacet
  facet normal -0.9426414910921771 -0.3338068592337747 0
    outer loop
      vertex 3.7889241727506793 1.1970705016398409 -1.5
      vertex 3.809315014597609 1.1394885406000483 0.5
      vertex 3.7889241727506793 1.1970705016398409 0.5
    endloop
  endfacet
  facet normal 0 0 -1
    outer loop
      vertex 3.7889241727506793 1.1970705016398409 -1.5
      vertex 5 0 -1.5
      vertex 3.809315014597609 1.1394885406000483 -1.5
    endloop
  endfacet
  facet normal 0.7372773368101183 0.6755902076156665 0
    outer loop
      vertex 3.791091657286267 3.068992620281243 -1.5
      vertex 3.791091657286267 3.068992620281243 1.5
      vertex 3.844151714648274 3.0110877286148625 1.5
    endloop
  endfacet
  facet normal 0.7372773368101183 0.6755902076156665 0
    outer loop
      vertex 3.791091657286267 3.068992620281243 -1.5
      vertex 3.844151714648274 3.0110877286148625 1.5
      vertex 3.844151714648274 3.0110877286148625 -1.5
    endloop
  endfacet
  facet normal -0.9483236552062023 -0.3173046564050832 0
    outer loop
      vertex 3.809315014597609 1.1394885406000483 -1.5
      vertex 3.8286978070330373 1.0815594803123156 -1.5
      vertex 3.8286978070330373 1.0815594803123156 0.5
    endloop
  endfacet
  facet normal -0.9483236552062023 -0.3173046564050832 0
    outer loop
      vertex 3.809315014597609 1.1394885406000483 -1.5
      vertex 3.8286978070330373 1.0815594803123156 0.5
      vertex 3.809315014597609 1.1394885406000483 0.5
    endloop
  endfacet
  facet normal 0 0 -1
    outer loop
      vertex 3.809315014597609 1.1394885406000483 -1.5
      vertex 5 0 -1.5
      vertex 3.8286978070330373 1.0815594803123156 -1.5
    endloop
  endfacet
  facet normal -0.9537169507482259 -0.3007057995042762 0
    outer loop
      vertex 3.8286978070330373 1.0815594803123156 -1.5
      vertex 3.847066645870624 1.023300966529579 -1.5
      vertex 3.847066645870624 1.023300966529579 0.5
    endloop
  endfacet
  facet normal -0.9537169507482259 -0.3007057995042762 0
    outer loop
      vertex 3.8286978070330373 1.0815594803123156 -1.5
      vertex 3.847066645870624 1.023300966529579 0.5
      vertex 3.8286978070330373 1.0815594803123156 0.5
    endloop
  endfacet
  facet normal 0 0 -1
    outer loop
      vertex 3.8286978070330373 1.0815594803123156 -1.5
      vertex 5 0 -1.5
      vertex 3.847066645870624 1.023300966529579 -1.5
    endloop
  endfacet
  facet normal 0.7489557207890054 0.6626200482157337 0
    outer loop
      vertex 3.844151714648274 3.0110877286148625 -1.5
      vertex 3.844151714648274 3.0110877286148625 1.5
      vertex 3.896193111002474 2.9522656304572825 -1.5
    endloop
  endfacet
  facet normal 0.7489557207890054 0.6626200482157337 0
    outer loop
      vertex 3.844151714648274 3.0110877286148625 1.5
      vertex 3.896193111002474 2.9522656304572825 1.5
      vertex 3.896193111002474 2.9522656304572825 -1.5
    endloop
  endfacet
  facet normal -0.9588197348681922 -0.2840153447039257 0
    outer loop
      vertex 3.847066645870624 1.023300966529579 -1.5
      vertex 3.864415935784116 0.9647307453594971 -1.5
      vertex 3.864415935784116 0.9647307453594971 0.5
    endloop
  endfacet
  facet normal -0.9588197348681922 -0.2840153447039257 0
    outer loop
      vertex 3.847066645870624 1.023300966529579 -1.5
      vertex 3.864415935784116 0.9647307453594971 0.5
      vertex 3.847066645870624 1.023300966529579 0.5
    endloop
  endfacet
  facet normal 0 0 -1
    outer loop
      vertex 3.847066645870624 1.023300966529579 -1.5
      vertex 5 0 -1.5
      vertex 3.864415935784116 0.9647307453594971 -1.5
    endloop
  endfacet
  facet normal -0.9636304532086233 -0.26723837607825573 0
    outer loop
      vertex 3.864415935784116 0.9647307453594971 -1.5
      vertex 3.880740392011739 0.905866657858823 -1.5
      vertex 3.880740392011739 0.905866657858823 0.5
    endloop
  endfacet
  facet normal -0.9636304532086233 -0.26723837607825573 0
    outer loop
      vertex 3.864415935784116 0.9647307453594971 -1.5
      vertex 3.880740392011739 0.905866657858823 0.5
      vertex 3.864415935784116 0.9647307453594971 0.5
    endloop
  endfacet
  facet normal 0 0 -1
    outer loop
      vertex 3.864415935784116 0.9647307453594971 -1.5
      vertex 5 0 -1.5
      vertex 3.880740392011739 0.905866657858823 -1.5
    endloop
  endfacet
  facet normal -0.9681476403781086 -0.25038000405443817 0
    outer loop
      vertex 3.880740392011739 0.905866657858823 -1.5
      vertex 3.8960350419659875 0.8467266345988369 -1.5
      vertex 3.8960350419659875 0.8467266345988369 0.5
    endloop
  endfacet
  facet normal -0.9681476403781086 -0.25038000405443817 0
    outer loop
      vertex 3.880740392011739 0.905866657858823 -1.5
      vertex 3.8960350419659875 0.8467266345988369 0.5
      vertex 3.880740392011739 0.905866657858823 0.5
    endloop
  endfacet
  facet normal 0 0 -1
    outer loop
      vertex 3.880740392011739 0.905866657858823 -1.5
      vertex 5 0 -1.5
      vertex 3.8960350419659875 0.8467266345988369 -1.5
    endloop
  endfacet
  facet normal -0.9723699203976757 -0.23344536385590925 0
    outer loop
      vertex 3.8960350419659875 0.8467266345988369 -1.5
      vertex 3.9102952267483233 0.7873286902035277 -1.5
      vertex 3.9102952267483233 0.7873286902035277 0.5
    endloop
  endfacet
  facet normal -0.9723699203976757 -0.23344536385590925 0
    outer loop
      vertex 3.8960350419659875 0.8467266345988369 -1.5
      vertex 3.9102952267483233 0.7873286902035277 0.5
      vertex 3.8960350419659875 0.8467266345988369 0.5
    endloop
  endfacet
  facet normal 0 0 -1
    outer loop
      vertex 3.8960350419659875 0.8467266345988369 -1.5
      vertex 5 0 -1.5
      vertex 3.9102952267483233 0.7873286902035277 -1.5
    endloop
  endfacet
  facet normal 0.7604059656000319 0.6494480483301825 0
    outer loop
      vertex 3.896193111002474 2.9522656304572825 -1.5
      vertex 3.896193111002474 2.9522656304572825 1.5
      vertex 3.947199994035401 2.892544243589427 -1.5
    endloop
  endfacet
  facet normal 0.7604059656000319 0.6494480483301825 0
    outer loop
      vertex 3.896193111002474 2.9522656304572825 1.5
      vertex 3.947199994035401 2.892544243589427 1.5
      vertex 3.947199994035401 2.892544243589427 -1.5
    endloop
  endfacet
  facet normal -0.9762960071199328 -0.21643961393810524 0
    outer loop
      vertex 3.9102952267483233 0.7873286902035277 -1.5
      vertex 3.92351660256832 0.7276909178621578 -1.5
      vertex 3.92351660256832 0.7276909178621578 0.5
    endloop
  endfacet
  facet normal -0.9762960071199328 -0.21643961393810524 0
    outer loop
      vertex 3.9102952267483233 0.7873286902035277 -1.5
      vertex 3.92351660256832 0.7276909178621578 0.5
      vertex 3.9102952267483233 0.7873286902035277 0.5
    endloop
  endfacet
  facet normal 0 0 -1
    outer loop
      vertex 3.9102952267483233 0.7873286902035277 -1.5
      vertex 5 0 -1.5
      vertex 3.92351660256832 0.7276909178621578 -1.5
    endloop
  endfacet
  facet normal -0.9799247046208294 -0.19936793441719794 0
    outer loop
      vertex 3.92351660256832 0.7276909178621578 -1.5
      vertex 3.935695142066824 0.6678314838179071 -1.5
      vertex 3.935695142066824 0.6678314838179071 0.5
    endloop
  endfacet
  facet normal -0.9799247046208294 -0.19936793441719794 0
    outer loop
      vertex 3.92351660256832 0.7276909178621578 -1.5
      vertex 3.935695142066824 0.6678314838179071 0.5
      vertex 3.92351660256832 0.7276909178621578 0.5
    endloop
  endfacet
  facet normal 0 0 -1
    outer loop
      vertex 3.92351660256832 0.7276909178621578 -1.5
      vertex 5 0 -1.5
      vertex 3.935695142066824 0.6678314838179071 -1.5
    endloop
  endfacet
  facet normal -0.983254907563956 -0.18223552549214042 0
    outer loop
      vertex 3.935695142066824 0.6678314838179071 -1.5
      vertex 3.946827135542728 0.6077686218342562 -1.5
      vertex 3.946827135542728 0.6077686218342562 0.5
    endloop
  endfacet
  facet normal -0.983254907563956 -0.18223552549214042 0
    outer loop
      vertex 3.935695142066824 0.6678314838179071 -1.5
      vertex 3.946827135542728 0.6077686218342562 0.5
      vertex 3.935695142066824 0.6678314838179071 0.5
    endloop
  endfacet
  facet normal 0 0 -1
    outer loop
      vertex 3.935695142066824 0.6678314838179071 -1.5
      vertex 5 0 -1.5
      vertex 3.946827135542728 0.6077686218342562 -1.5
    endloop
  endfacet
  facet normal -0.9862856015372309 -0.16504760586068024 0
    outer loop
      vertex 3.946827135542728 0.6077686218342562 -1.5
      vertex 3.956909192082982 0.5475206276408082 -1.5
      vertex 3.956909192082982 0.5475206276408082 0.5
    endloop
  endfacet
  facet normal -0.9862856015372309 -0.16504760586068024 0
    outer loop
      vertex 3.946827135542728 0.6077686218342562 -1.5
      vertex 3.956909192082982 0.5475206276408082 0.5
      vertex 3.946827135542728 0.6077686218342562 0.5
    endloop
  endfacet
  facet normal 0 0 -1
    outer loop
      vertex 3.946827135542728 0.6077686218342562 -1.5
      vertex 5 0 -1.5
      vertex 3.956909192082982 0.5475206276408082 -1.5
    endloop
  endfacet
  facet normal 0.7716245833877207 0.6360782202777631 0
    outer loop
      vertex 3.947199994035401 2.892544243589427 -1.5
      vertex 3.947199994035401 2.892544243589427 1.5
      vertex 3.997156826556369 2.831941759724268 1.5
    endloop
  endfacet
  facet normal 0.7716245833877207 0.6360782202777631 0
    outer loop
      vertex 3.947199994035401 2.892544243589427 -1.5
      vertex 3.997156826556369 2.831941759724268 1.5
      vertex 3.997156826556369 2.831941759724268 -1.5
    endloop
  endfacet
  facet normal -0.9890158633619159 -0.14780941112961618 0
    outer loop
      vertex 3.956909192082982 0.5475206276408082 -1.5
      vertex 3.9659382405954964 0.48710585336022927 -1.5
      vertex 3.9659382405954964 0.48710585336022927 0.5
    endloop
  endfacet
  facet normal -0.9890158633619159 -0.14780941112961618 0
    outer loop
      vertex 3.956909192082982 0.5475206276408082 -1.5
      vertex 3.9659382405954964 0.48710585336022927 0.5
      vertex 3.956909192082982 0.5475206276408082 0.5
    endloop
  endfacet
  facet normal 0 0 -1
    outer loop
      vertex 3.956909192082982 0.5475206276408082 -1.5
      vertex 5 0 -1.5
      vertex 3.9659382405954964 0.48710585336022927 -1.5
    endloop
  endfacet
  facet normal -0.9914448613738109 -0.1305261922200473 0
    outer loop
      vertex 3.9659382405954964 0.48710585336022927 -1.5
      vertex 3.973911530744627 0.4265427019180166 -1.5
      vertex 3.973911530744627 0.4265427019180166 0.5
    endloop
  endfacet
  facet normal -0.9914448613738109 -0.1305261922200473 0
    outer loop
      vertex 3.9659382405954964 0.48710585336022927 -1.5
      vertex 3.973911530744627 0.4265427019180166 0.5
      vertex 3.9659382405954964 0.48710585336022927 0.5
    endloop
  endfacet
  facet normal 0 0 -1
    outer loop
      vertex 3.9659382405954964 0.48710585336022927 -1.5
      vertex 5 0 -1.5
      vertex 3.973911530744627 0.4265427019180166 -1.5
    endloop
  endfacet
  facet normal -0.9935718556765881 -0.11320321376790193 0
    outer loop
      vertex 3.973911530744627 0.4265427019180166 -1.5
      vertex 3.9808266337889564 0.36584962143678723 -1.5
      vertex 3.9808266337889564 0.36584962143678723 0.5
    endloop
  endfacet
  facet normal -0.9935718556765881 -0.11320321376790193 0
    outer loop
      vertex 3.973911530744627 0.4265427019180166 -1.5
      vertex 3.9808266337889564 0.36584962143678723 0.5
      vertex 3.973911530744627 0.4265427019180166 0.5
    endloop
  endfacet
  facet normal 0 0 -1
    outer loop
      vertex 3.973911530744627 0.4265427019180166 -1.5
      vertex 5 0 -1.5
      vertex 3.9808266337889564 0.36584962143678723 -1.5
    endloop
  endfacet
  facet normal -0.9953961983671781 -0.09584575252023067 0
    outer loop
      vertex 3.9808266337889564 0.36584962143678723 -1.5
      vertex 3.9866814433211095 0.3050450996168035 -1.5
      vertex 3.9866814433211095 0.3050450996168035 0.5
    endloop
  endfacet
  facet normal -0.9953961983671781 -0.09584575252023067 0
    outer loop
      vertex 3.9808266337889564 0.36584962143678723 -1.5
      vertex 3.9866814433211095 0.3050450996168035 0.5
      vertex 3.9808266337889564 0.36584962143678723 0.5
    endloop
  endfacet
  facet normal 0 0 -1
    outer loop
      vertex 3.9808266337889564 0.36584962143678723 -1.5
      vertex 5 0 -1.5
      vertex 3.9866814433211095 0.3050450996168035 -1.5
    endloop
  endfacet
  facet normal -0.9969173337331286 -0.07845909572783771 0
    outer loop
      vertex 3.9866814433211095 0.3050450996168035 -1.5
      vertex 3.9914741759093846 0.2441476581044384 -1.5
      vertex 3.9914741759093846 0.2441476581044384 0.5
    endloop
  endfacet
  facet normal -0.9969173337331286 -0.07845909572783771 0
    outer loop
      vertex 3.9866814433211095 0.3050450996168035 -1.5
      vertex 3.9914741759093846 0.2441476581044384 0.5
      vertex 3.9866814433211095 0.3050450996168035 0.5
    endloop
  endfacet
  facet normal 0 0 -1
    outer loop
      vertex 3.9866814433211095 0.3050450996168035 -1.5
      vertex 5 0 -1.5
      vertex 3.9914741759093846 0.2441476581044384 -1.5
    endloop
  endfacet
  facet normal -0.9981347984218669 -0.06104853953485633 0
    outer loop
      vertex 3.9914741759093846 0.2441476581044384 -1.5
      vertex 3.9952033716410082 0.18317584685030308 -1.5
      vertex 3.9952033716410082 0.18317584685030308 0.5
    endloop
  endfacet
  facet normal -0.9981347984218669 -0.06104853953485633 0
    outer loop
      vertex 3.9914741759093846 0.2441476581044384 -1.5
      vertex 3.9952033716410082 0.18317584685030308 0.5
      vertex 3.9914741759093846 0.2441476581044384 0.5
    endloop
  endfacet
  facet normal 0 0 -1
    outer loop
      vertex 3.9914741759093846 0.2441476581044384 -1.5
      vertex 5 0 -1.5
      vertex 3.9952033716410082 0.18317584685030308 -1.5
    endloop
  endfacet
  facet normal -0.9990482215818575 -0.04361938736534216 0
    outer loop
      vertex 3.9952033716410082 0.18317584685030308 -1.5
      vertex 3.997867894566835 0.12214823845875333 -1.5
      vertex 3.997867894566835 0.12214823845875333 0.5
    endloop
  endfacet
  facet normal -0.9990482215818575 -0.04361938736534216 0
    outer loop
      vertex 3.9952033716410082 0.18317584685030308 -1.5
      vertex 3.997867894566835 0.12214823845875333 0.5
      vertex 3.9952033716410082 0.18317584685030308 0.5
    endloop
  endfacet
  facet normal 0 0 -1
    outer loop
      vertex 3.9952033716410082 0.18317584685030308 -1.5
      vertex 5 0 -1.5
      vertex 3.997867894566835 0.12214823845875333 -1.5
    endloop
  endfacet
  facet normal 0.7826081568524109 0.6225146366376234 0
    outer loop
      vertex 3.997156826556369 2.831941759724268 -1.5
      vertex 3.997156826556369 2.831941759724268 1.5
      vertex 4.046048391230249 2.7704766389654623 -1.5
    endloop
  endfacet
  facet normal 0.7826081568524109 0.6225146366376234 0
    outer loop
      vertex 3.997156826556369 2.831941759724268 1.5
      vertex 4.046048391230249 2.7704766389654623 1.5
      vertex 4.046048391230249 2.7704766389654623 -1.5
    endloop
  endfacet
  facet normal -0.9996573249755573 -0.02617694830787584 0
    outer loop
      vertex 3.997867894566835 0.12214823845875333 -1.5
      vertex 3.9994669330473696 0.06108342253049237 -1.5
      vertex 3.9994669330473696 0.06108342253049237 0.5
    endloop
  endfacet
  facet normal -0.9996573249755573 -0.02617694830787584 0
    outer loop
      vertex 3.997867894566835 0.12214823845875333 -1.5
      vertex 3.9994669330473696 0.06108342253049237 0.5
      vertex 3.997867894566835 0.12214823845875333 0.5
    endloop
  endfacet
  facet normal 0 0 -1
    outer loop
      vertex 3.997867894566835 0.12214823845875333 -1.5
      vertex 5 0 -1.5
      vertex 3.9994669330473696 0.06108342253049237 -1.5
    endloop
  endfacet
  facet normal -0.9999619230641713 -0.008726535498370363 0
    outer loop
      vertex 3.9994669330473696 0.06108342253049237 -1.5
      vertex 4 0 -1.5
      vertex 4 0 0.5
    endloop
  endfacet
  facet normal -0.9999619230641713 -0.008726535498370363 0
    outer loop
      vertex 3.9994669330473696 0.06108342253049237 -1.5
      vertex 4 0 0.5
      vertex 3.9994669330473696 0.06108342253049237 0.5
    endloop
  endfacet
  facet normal 0 0 -1
    outer loop
      vertex 3.9994669330473696 0.06108342253049237 -1.5
      vertex 5 0 -1.5
      vertex 4 0 -1.5
    endloop
  endfacet
  facet normal -1 0 0
    outer loop
      vertex 4 -14 -1.5
      vertex 4 -14 0.5
      vertex 4 0 -1.5
    endloop
  endfacet
  facet normal 0 0 -1
    outer loop
      vertex 4 -14 -1.5
      vertex 4 0 -1.5
      vertex 5 -14 -1.5
    endloop
  endfacet
  facet normal 0 -1 0
    outer loop
      vertex 4 -14 -1.5
      vertex 5 -14 -1.5
      vertex 4 -14 0.5
    endloop
  endfacet
  facet normal -1 0 0
    outer loop
      vertex 4 -14 0.5
      vertex 4 0 0.5
      vertex 4 0 -1.5
    endloop
  endfacet
  facet normal 0 -1 0
    outer loop
      vertex 4 -14 0.5
      vertex 5 -14 -1.5
      vertex 5 -14 1.5
    endloop
  endfacet
  facet normal 0 0 -1
    outer loop
      vertex 4 0 -1.5
      vertex 5 0 -1.5
      vertex 5 -14 -1.5
    endloop
  endfacet
  facet normal 0.7933533402912397 0.6087614290087147 0
    outer loop
      vertex 4.046048391230249 2.7704766389654623 -1.5
      vertex 4.046048391230249 2.7704766389654623 1.5
      vertex 4.0938597952128175 2.708167604184217 1.5
    endloop
  endfacet
  facet normal 0.7933533402912397 0.6087614290087147 0
    outer loop
      vertex 4.046048391230249 2.7704766389654623 -1.5
      vertex 4.0938597952128175 2.708167604184217 1.5
      vertex 4.0938597952128175 2.708167604184217 -1.5
    endloop
  endfacet
  facet normal 0.8038568606172151 0.5948227867513444 0
    outer loop
      vertex 4.0938597952128175 2.708167604184217 -1.5
      vertex 4.0938597952128175 2.708167604184217 1.5
      vertex 4.140576474687263 2.6450336353161292 -1.5
    endloop
  endfacet
  facet normal 0.8038568606172151 0.5948227867513444 0
    outer loop
      vertex 4.0938597952128175 2.708167604184217 1.5
      vertex 4.140576474687263 2.6450336353161292 1.5
      vertex 4.140576474687263 2.6450336353161292 -1.5
    endloop
  endfacet
  facet normal 0.8141155183563163 0.5807029557109438 0
    outer loop
      vertex 4.140576474687263 2.6450336353161292 -1.5
      vertex 4.140576474687263 2.6450336353161292 1.5
      vertex 4.186184199300463 2.5810939635797077 1.5
    endloop
  endfacet
  facet normal 0.8141155183563163 0.5807029557109438 0
    outer loop
      vertex 4.140576474687263 2.6450336353161292 -1.5
      vertex 4.186184199300463 2.5810939635797077 1.5
      vertex 4.186184199300463 2.5810939635797077 -1.5
    endloop
  endfacet
  facet normal 0.8241261886220214 0.5664062369248244 0
    outer loop
      vertex 4.186184199300463 2.5810939635797077 -1.5
      vertex 4.186184199300463 2.5810939635797077 1.5
      vertex 4.230669076497687 2.5163680656183605 -1.5
    endloop
  endfacet
  facet normal 0.8241261886220214 0.5664062369248244 0
    outer loop
      vertex 4.186184199300463 2.5810939635797077 1.5
      vertex 4.230669076497687 2.5163680656183605 1.5
      vertex 4.230669076497687 2.5163680656183605 -1.5
    endloop
  endfacet
  facet normal 0.8338858220671632 0.5519369853120657 0
    outer loop
      vertex 4.230669076497687 2.5163680656183605 -1.5
      vertex 4.230669076497687 2.5163680656183605 1.5
      vertex 4.2740175557544084 2.4508756575676216 1.5
    endloop
  endfacet
  facet normal 0.8338858220671632 0.5519369853120657 0
    outer loop
      vertex 4.230669076497687 2.5163680656183605 -1.5
      vertex 4.2740175557544084 2.4508756575676216 1.5
      vertex 4.2740175557544084 2.4508756575676216 -1.5
    endloop
  endfacet
  facet normal 0.8433914458128856 0.537299608346824 0
    outer loop
      vertex 4.2740175557544084 2.4508756575676216 -1.5
      vertex 4.2740175557544084 2.4508756575676216 1.5
      vertex 4.316216432703917 2.3846366890494224 -1.5
    endloop
  endfacet
  facet normal 0.8433914458128856 0.537299608346824 0
    outer loop
      vertex 4.2740175557544084 2.4508756575676216 1.5
      vertex 4.316216432703917 2.3846366890494224 1.5
      vertex 4.316216432703917 2.3846366890494224 -1.5
    endloop
  endfacet
  facet normal 0.8526401643540943 0.5224985647159455 0
    outer loop
      vertex 4.316216432703917 2.3846366890494224 -1.5
      vertex 4.316216432703917 2.3846366890494224 1.5
      vertex 4.357252853159506 2.317671337095243 -1.5
    endloop
  endfacet
  facet normal 0.8526401643540943 0.5224985647159455 0
    outer loop
      vertex 4.316216432703917 2.3846366890494224 1.5
      vertex 4.357252853159506 2.317671337095243 1.5
      vertex 4.357252853159506 2.317671337095243 -1.5
    endloop
  endfacet
  facet normal 0.861629160441524 0.5075383629607069 0
    outer loop
      vertex 4.357252853159506 2.317671337095243 -1.5
      vertex 4.357252853159506 2.317671337095243 1.5
      vertex 4.397114317029974 2.25 1.5
    endloop
  endfacet
  facet normal 0.861629160441524 0.5075383629607069 0
    outer loop
      vertex 4.357252853159506 2.317671337095243 -1.5
      vertex 4.397114317029974 2.25 1.5
      vertex 4.397114317029974 2.25 -1.5
    endloop
  endfacet
  facet normal 0.8703556959399 0.49242356010346644 0
    outer loop
      vertex 4.397114317029974 2.25 -1.5
      vertex 4.397114317029974 2.25 1.5
      vertex 4.435788682127281 2.181643291108516 1.5
    endloop
  endfacet
  facet normal 0.8703556959399 0.49242356010346644 0
    outer loop
      vertex 4.397114317029974 2.25 -1.5
      vertex 4.435788682127281 2.181643291108516 1.5
      vertex 4.435788682127281 2.181643291108516 -1.5
    endloop
  endfacet
  facet normal 0.8788171126619666 0.47715876025960624 0
    outer loop
      vertex 4.435788682127281 2.181643291108516 -1.5
      vertex 4.435788682127281 2.181643291108516 1.5
      vertex 4.473264167865171 2.1126220325365086 -1.5
    endloop
  endfacet
  facet normal 0.8788171126619666 0.47715876025960624 0
    outer loop
      vertex 4.435788682127281 2.181643291108516 1.5
      vertex 4.473264167865171 2.1126220325365086 1.5
      vertex 4.473264167865171 2.1126220325365086 -1.5
    endloop
  endfacet
  facet normal 0.8870108331782218 0.4617486132350336 0
    outer loop
      vertex 4.473264167865171 2.1126220325365086 -1.5
      vertex 4.473264167865171 2.1126220325365086 1.5
      vertex 4.509529358847655 2.0429572488279604 1.5
    endloop
  endfacet
  facet normal 0.8870108331782218 0.4617486132350336 0
    outer loop
      vertex 4.473264167865171 2.1126220325365086 -1.5
      vertex 4.509529358847655 2.0429572488279604 1.5
      vertex 4.509529358847655 2.0429572488279604 -1.5
    endloop
  endfacet
  facet normal 0.894934361602022 0.44619781310981493 0
    outer loop
      vertex 4.509529358847655 2.0429572488279604 -1.5
      vertex 4.509529358847655 2.0429572488279604 1.5
      vertex 4.544573208346252 1.972670160550848 -1.5
    endloop
  endfacet
  facet normal 0.894934361602022 0.44619781310981493 0
    outer loop
      vertex 4.509529358847655 2.0429572488279604 1.5
      vertex 4.544573208346252 1.972670160550848 1.5
      vertex 4.544573208346252 1.972670160550848 -1.5
    endloop
  endfacet
  facet normal 0.9025852843498635 0.4305110968082889 0
    outer loop
      vertex 4.544573208346252 1.972670160550848 -1.5
      vertex 4.544573208346252 1.972670160550848 1.5
      vertex 4.578385041664925 1.9017821778331472 -1.5
    endloop
  endfacet
  facet normal 0.9025852843498635 0.4305110968082889 0
    outer loop
      vertex 4.544573208346252 1.972670160550848 1.5
      vertex 4.578385041664925 1.9017821778331472 1.5
      vertex 4.578385041664925 1.9017821778331472 -1.5
    endloop
  endfacet
  facet normal 0.9099612708765417 0.41469324265624236 0
    outer loop
      vertex 4.578385041664925 1.9017821778331472 -1.5
      vertex 4.578385041664925 1.9017821778331472 1.5
      vertex 4.610954559391704 1.8303148938411011 1.5
    endloop
  endfacet
  facet normal 0.9099612708765417 0.41469324265624236 0
    outer loop
      vertex 4.578385041664925 1.9017821778331472 -1.5
      vertex 4.610954559391704 1.8303148938411011 1.5
      vertex 4.610954559391704 1.8303148938411011 -1.5
    endloop
  endfacet
  facet normal 0.9170600743851254 0.3987490689252429 0
    outer loop
      vertex 4.610954559391704 1.8303148938411011 -1.5
      vertex 4.610954559391704 1.8303148938411011 1.5
      vertex 4.642271840535981 1.7582900782017319 -1.5
    endloop
  endfacet
  facet normal 0.9170600743851254 0.3987490689252429 0
    outer loop
      vertex 4.610954559391704 1.8303148938411011 1.5
      vertex 4.642271840535981 1.7582900782017319 1.5
      vertex 4.642271840535981 1.7582900782017319 -1.5
    endloop
  endfacet
  facet normal 0.9238795325112841 0.38268343236509617 0
    outer loop
      vertex 4.642271840535981 1.7582900782017319 -1.5
      vertex 4.642271840535981 1.7582900782017319 1.5
      vertex 4.672327345550544 1.6857296703716038 1.5
    endloop
  endfacet
  facet normal 0.9238795325112841 0.38268343236509617 0
    outer loop
      vertex 4.642271840535981 1.7582900782017319 -1.5
      vertex 4.672327345550544 1.6857296703716038 1.5
      vertex 4.672327345550544 1.6857296703716038 -1.5
    endloop
  endfacet
  facet normal 0.9304175679820256 0.36650122672429464 0
    outer loop
      vertex 4.672327345550544 1.6857296703716038 -1.5
      vertex 4.672327345550544 1.6857296703716038 1.5
      vertex 4.701111919237408 1.6126557729538513 -1.5
    endloop
  endfacet
  facet normal 0.9304175679820256 0.36650122672429464 0
    outer loop
      vertex 4.672327345550544 1.6857296703716038 1.5
      vertex 4.701111919237408 1.6126557729538513 1.5
      vertex 4.701111919237408 1.6126557729538513 -1.5
    endloop
  endfacet
  facet normal 0.9366721892483966 0.3502073812594702 0
    outer loop
      vertex 4.701111919237408 1.6126557729538513 -1.5
      vertex 4.701111919237408 1.6126557729538513 1.5
      vertex 4.728616793536588 1.5390906449655093 1.5
    endloop
  endfacet
  facet normal 0.9366721892483966 0.3502073812594702 0
    outer loop
      vertex 4.701111919237408 1.6126557729538513 -1.5
      vertex 4.728616793536588 1.5390906449655093 1.5
      vertex 4.728616793536588 1.5390906449655093 -1.5
    endloop
  endfacet
  facet normal 0.9426414910921797 0.33380685923376713 0
    outer loop
      vertex 4.728616793536588 1.5390906449655093 -1.5
      vertex 4.728616793536588 1.5390906449655093 1.5
      vertex 4.754833590196926 1.4650566950572053 1.5
    endloop
  endfacet
  facet normal 0.9426414910921797 0.33380685923376713 0
    outer loop
      vertex 4.728616793536588 1.5390906449655093 -1.5
      vertex 4.754833590196926 1.4650566950572053 1.5
      vertex 4.754833590196926 1.4650566950572053 -1.5
    endloop
  endfacet
  facet normal 0.9483236552062022 0.31730465640508343 0
    outer loop
      vertex 4.754833590196926 1.4650566950572053 -1.5
      vertex 4.754833590196926 1.4650566950572053 1.5
      vertex 4.7797543233281905 1.390576474687263 -1.5
    endloop
  endfacet
  facet normal 0.9483236552062022 0.31730465640508343 0
    outer loop
      vertex 4.754833590196926 1.4650566950572053 1.5
      vertex 4.7797543233281905 1.390576474687263 1.5
      vertex 4.7797543233281905 1.390576474687263 -1.5
    endloop
  endfacet
  facet normal 0.9537169507482266 0.3007057995042739 0
    outer loop
      vertex 4.7797543233281905 1.390576474687263 -1.5
      vertex 4.7797543233281905 1.390576474687263 1.5
      vertex 4.803371401833659 1.3156726712523152 1.5
    endloop
  endfacet
  facet normal 0.9537169507482266 0.3007057995042739 0
    outer loop
      vertex 4.7797543233281905 1.390576474687263 -1.5
      vertex 4.803371401833659 1.3156726712523152 1.5
      vertex 4.803371401833659 1.3156726712523152 -1.5
    endloop
  endfacet
  facet normal 0.9588197348681902 0.2840153447039325 0
    outer loop
      vertex 4.803371401833659 1.3156726712523152 -1.5
      vertex 4.803371401833659 1.3156726712523152 1.5
      vertex 4.825677631722435 1.2403681011764967 -1.5
    endloop
  endfacet
  facet normal 0.9588197348681902 0.2840153447039325 0
    outer loop
      vertex 4.803371401833659 1.3156726712523152 1.5
      vertex 4.825677631722435 1.2403681011764967 1.5
      vertex 4.825677631722435 1.2403681011764967 -1.5
    endloop
  endfacet
  facet normal 0.9636304532086233 0.2672383760782556 0
    outer loop
      vertex 4.825677631722435 1.2403681011764967 -1.5
      vertex 4.825677631722435 1.2403681011764967 1.5
      vertex 4.846666218300808 1.1646857029613429 -1.5
    endloop
  endfacet
  facet normal 0.9636304532086233 0.2672383760782556 0
    outer loop
      vertex 4.825677631722435 1.2403681011764967 1.5
      vertex 4.846666218300808 1.1646857029613429 1.5
      vertex 4.846666218300808 1.1646857029613429 -1.5
    endloop
  endfacet
  facet normal 0.9681476403781076 0.25038000405444166 0
    outer loop
      vertex 4.846666218300808 1.1646857029613429 -1.5
      vertex 4.846666218300808 1.1646857029613429 1.5
      vertex 4.866330768241984 1.0886485301985047 1.5
    endloop
  endfacet
  facet normal 0.9681476403781076 0.25038000405444166 0
    outer loop
      vertex 4.846666218300808 1.1646857029613429 -1.5
      vertex 4.866330768241984 1.0886485301985047 1.5
      vertex 4.866330768241984 1.0886485301985047 -1.5
    endloop
  endfacet
  facet normal 0.9723699203976782 0.23344536385589865 0
    outer loop
      vertex 4.866330768241984 1.0886485301985047 -1.5
      vertex 4.866330768241984 1.0886485301985047 1.5
      vertex 4.884665291533558 1.0122797445473921 -1.5
    endloop
  endfacet
  facet normal 0.9723699203976782 0.23344536385589865 0
    outer loop
      vertex 4.866330768241984 1.0886485301985047 1.5
      vertex 4.884665291533558 1.0122797445473921 1.5
      vertex 4.884665291533558 1.0122797445473921 -1.5
    endloop
  endfacet
  facet normal 0.9762960071199315 0.21643961393811148 0
    outer loop
      vertex 4.884665291533558 1.0122797445473921 -1.5
      vertex 4.884665291533558 1.0122797445473921 1.5
      vertex 4.901664203302126 0.9356026086799174 1.5
    endloop
  endfacet
  facet normal 0.9762960071199315 0.21643961393811148 0
    outer loop
      vertex 4.884665291533558 1.0122797445473921 -1.5
      vertex 4.901664203302126 0.9356026086799174 1.5
      vertex 4.901664203302126 0.9356026086799174 -1.5
    endloop
  endfacet
  facet normal 0.9799247046208305 0.19936793441719294 0
    outer loop
      vertex 4.901664203302126 0.9356026086799174 -1.5
      vertex 4.901664203302126 0.9356026086799174 1.5
      vertex 4.917322325514488 0.8586404791944515 -1.5
    endloop
  endfacet
  facet normal 0.9799247046208305 0.19936793441719294 0
    outer loop
      vertex 4.901664203302126 0.9356026086799174 1.5
      vertex 4.917322325514488 0.8586404791944515 1.5
      vertex 4.917322325514488 0.8586404791944515 -1.5
    endloop
  endfacet
  facet normal 0.983254907563955 0.1822355254921457 0
    outer loop
      vertex 4.917322325514488 0.8586404791944515 -1.5
      vertex 4.917322325514488 0.8586404791944515 1.5
      vertex 4.931634888554936 0.7814167995011863 -1.5
    endloop
  endfacet
  facet normal 0.983254907563955 0.1822355254921457 0
    outer loop
      vertex 4.917322325514488 0.8586404791944515 1.5
      vertex 4.931634888554936 0.7814167995011863 1.5
      vertex 4.931634888554936 0.7814167995011863 -1.5
    endloop
  endfacet
  facet normal 0.9862856015372303 0.16504760586068418 0
    outer loop
      vertex 4.931634888554936 0.7814167995011863 -1.5
      vertex 4.931634888554936 0.7814167995011863 1.5
      vertex 4.94459753267812 0.7039550926810385 1.5
    endloop
  endfacet
  facet normal 0.9862856015372303 0.16504760586068418 0
    outer loop
      vertex 4.931634888554936 0.7814167995011863 -1.5
      vertex 4.94459753267812 0.7039550926810385 1.5
      vertex 4.94459753267812 0.7039550926810385 -1.5
    endloop
  endfacet
  facet normal 0.9890158633619164 0.14780941112961365 0
    outer loop
      vertex 4.94459753267812 0.7039550926810385 -1.5
      vertex 4.94459753267812 0.7039550926810385 1.5
      vertex 4.956206309337067 0.6262789543202949 -1.5
    endloop
  endfacet
  facet normal 0.9890158633619164 0.14780941112961365 0
    outer loop
      vertex 4.94459753267812 0.7039550926810385 1.5
      vertex 4.956206309337067 0.6262789543202949 1.5
      vertex 4.956206309337067 0.6262789543202949 -1.5
    endloop
  endfacet
  facet normal 0.991444861373812 0.13052619222003933 0
    outer loop
      vertex 4.956206309337067 0.6262789543202949 -1.5
      vertex 4.956206309337067 0.6262789543202949 1.5
      vertex 4.966457682385949 0.5484120453231638 1.5
    endloop
  endfacet
  facet normal 0.991444861373812 0.13052619222003933 0
    outer loop
      vertex 4.956206309337067 0.6262789543202949 -1.5
      vertex 4.966457682385949 0.5484120453231638 1.5
      vertex 4.966457682385949 0.5484120453231638 -1.5
    endloop
  endfacet
  facet normal 0.9935718556765877 0.11320321376790524 0
    outer loop
      vertex 4.966457682385949 0.5484120453231638 -1.5
      vertex 4.966457682385949 0.5484120453231638 1.5
      vertex 4.9753485291572295 0.470378084704441 1.5
    endloop
  endfacet
  facet normal 0.9935718556765877 0.11320321376790524 0
    outer loop
      vertex 4.966457682385949 0.5484120453231638 -1.5
      vertex 4.9753485291572295 0.470378084704441 1.5
      vertex 4.9753485291572295 0.470378084704441 -1.5
    endloop
  endfacet
  facet normal 0.9953961983671784 0.09584575252022957 0
    outer loop
      vertex 4.9753485291572295 0.470378084704441 -1.5
      vertex 4.9753485291572295 0.470378084704441 1.5
      vertex 4.982876141412855 0.3922008423644616 -1.5
    endloop
  endfacet
  facet normal 0.9953961983671784 0.09584575252022957 0
    outer loop
      vertex 4.9753485291572295 0.470378084704441 1.5
      vertex 4.982876141412855 0.3922008423644616 1.5
      vertex 4.982876141412855 0.3922008423644616 -1.5
    endloop
  endfacet
  facet normal 0.9969173337331284 0.07845909572783888 0
    outer loop
      vertex 4.982876141412855 0.3922008423644616 -1.5
      vertex 4.982876141412855 0.3922008423644616 1.5
      vertex 4.989038226169209 0.313904131848564 -1.5
    endloop
  endfacet
  facet normal 0.9969173337331284 0.07845909572783888 0
    outer loop
      vertex 4.982876141412855 0.3922008423644616 1.5
      vertex 4.989038226169209 0.313904131848564 1.5
      vertex 4.989038226169209 0.313904131848564 -1.5
    endloop
  endfacet
  facet normal 0.9981347984218668 0.06104853953485833 0
    outer loop
      vertex 4.989038226169209 0.313904131848564 -1.5
      vertex 4.989038226169209 0.313904131848564 1.5
      vertex 4.993832906395582 0.2355118030932477 -1.5
    endloop
  endfacet
  facet normal 0.9981347984218668 0.06104853953485833 0
    outer loop
      vertex 4.989038226169209 0.313904131848564 1.5
      vertex 4.993832906395582 0.2355118030932477 1.5
      vertex 4.993832906395582 0.2355118030932477 -1.5
    endloop
  endfacet
  facet normal 0.9990482215818574 0.04361938736534394 0
    outer loop
      vertex 4.993832906395582 0.2355118030932477 -1.5
      vertex 4.993832906395582 0.2355118030932477 1.5
      vertex 4.997258721585931 0.15704773516125403 -1.5
    endloop
  endfacet
  facet normal 0.9990482215818574 0.04361938736534394 0
    outer loop
      vertex 4.993832906395582 0.2355118030932477 1.5
      vertex 4.997258721585931 0.15704773516125403 1.5
      vertex 4.997258721585931 0.15704773516125403 -1.5
    endloop
  endfacet
  facet normal 0.9996573249755571 0.02617694830787669 0
    outer loop
      vertex 4.997258721585931 0.15704773516125403 -1.5
      vertex 4.997258721585931 0.15704773516125403 1.5
      vertex 4.999314628203761 0.07853582896777578 -1.5
    endloop
  endfacet
  facet normal 0.9996573249755571 0.02617694830787669 0
    outer loop
      vertex 4.997258721585931 0.15704773516125403 1.5
      vertex 4.999314628203761 0.07853582896777578 1.5
      vertex 4.999314628203761 0.07853582896777578 -1.5
    endloop
  endfacet
  facet normal 0.9999619230641714 0.008726535498367955 0
    outer loop
      vertex 4.999314628203761 0.07853582896777578 -1.5
      vertex 4.999314628203761 0.07853582896777578 1.5
      vertex 5 0 1.5
    endloop
  endfacet
  facet normal 0.9999619230641714 0.008726535498367955 0
    outer loop
      vertex 4.999314628203761 0.07853582896777578 -1.5
      vertex 5 0 1.5
      vertex 5 0 -1.5
    endloop
  endfacet
  facet normal 1 0 0
    outer loop
      vertex 5 -14 -1.5
      vertex 5 0 -1.5
      vertex 5 0 1.5
    endloop
  endfacet
  facet normal 1 0 0
    outer loop
      vertex 5 -14 -1.5
      vertex 5 0 1.5
      vertex 5 -14 1.5
    endloop
  endfacet
endsolid OpenSCAD_Model
