solid OpenSCAD_Model
  facet normal -1 0 0
    outer loop
      vertex -26.987499999999997 -2.75 -3.96875
      vertex -26.987499999999997 -2.75 1.1906249999999998
      vertex -26.987499999999997 -1.935381993659123 -3.96875
    endloop
  endfacet
  facet normal 0 0 -1
    outer loop
      vertex -26.987499999999997 -2.75 -3.96875
      vertex -26.987499999999997 -1.935381993659123 -3.96875
      vertex -26.973723718810437 -1.9321127222911798 -3.96875
    endloop
  endfacet
  facet normal 0 0 -1
    outer loop
      vertex -26.987499999999997 -2.75 -3.96875
      vertex -26.973723718810437 -1.9321127222911798 -3.96875
      vertex -26.757713239444474 -3.381333935915915 -3.96875
    endloop
  endfacet
  facet normal -0.9396926207859064 -0.34202014332567404 0
    outer loop
      vertex -26.987499999999997 -2.75 -3.96875
      vertex -26.757713239444474 -3.381333935915915 -3.96875
      vertex -26.987499999999997 -2.75 1.1906249999999998
    endloop
  endfacet
  facet normal -1 0 0
    outer loop
      vertex -26.987499999999997 -2.75 1.1906249999999998
      vertex -26.987499999999997 -1.935381993659123 1.1906249999999998
      vertex -26.987499999999997 -1.935381993659123 -3.96875
    endloop
  endfacet
  facet normal 0 0 1
    outer loop
      vertex -26.987499999999997 -2.75 1.1906249999999998
      vertex -26.973723718810437 -1.9321127222911798 1.1906249999999998
      vertex -26.987499999999997 -1.935381993659123 1.1906249999999998
    endloop
  endfacet
  facet normal 0 0 1
    outer loop
      vertex -26.987499999999997 -2.75 1.1906249999999998
      vertex -26.80383701106558 -1.8921097126839754 1.1906249999999998
      vertex -26.973723718810437 -1.9321127222911798 1.1906249999999998
    endloop
  endfacet
  facet normal -0.9396926207859064 -0.34202014332567404 0
    outer loop
      vertex -26.987499999999997 -2.75 1.1906249999999998
      vertex -26.757713239444474 -3.381333935915915 -3.96875
      vertex -26.757713239444474 -3.381333935915915 1.1906249999999998
    endloop
  endfacet
  facet normal 0 0 1
    outer loop
      vertex -26.987499999999997 -2.75 1.1906249999999998
      vertex -26.757713239444474 -3.381333935915915 1.1906249999999998
      vertex -26.633880743685495 -1.8524032720948327 1.1906249999999998
    endloop
  endfacet
  facet normal 0 0 1
    outer loop
      vertex -26.987499999999997 -2.75 1.1906249999999998
      vertex -26.633880743685495 -1.8524032720948327 1.1906249999999998
      vertex -26.80383701106558 -1.8921097126839754 1.1906249999999998
    endloop
  endfacet
  facet normal -0.23089890826086648 0.972977745975693 0
    outer loop
      vertex -26.987499999999997 -1.935381993659123 -3.96875
      vertex -26.987499999999997 -1.935381993659123 1.1906249999999998
      vertex -26.973723718810437 -1.9321127222911798 1.1906249999999998
    endloop
  endfacet
  facet normal -0.23089890826086648 0.972977745975693 0
    outer loop
      vertex -26.987499999999997 -1.935381993659123 -3.96875
      vertex -26.973723718810437 -1.9321127222911798 1.1906249999999998
      vertex -26.973723718810437 -1.9321127222911798 -3.96875
    endloop
  endfacet
  facet normal -0.22920039092243286 0.973379258460444 0
    outer loop
      vertex -26.973723718810437 -1.9321127222911798 -3.96875
      vertex -26.973723718810437 -1.9321127222911798 1.1906249999999998
      vertex -26.80383701106558 -1.8921097126839754 1.1906249999999998
    endloop
  endfacet
  facet normal 0 0 -1
    outer loop
      vertex -26.973723718810437 -1.9321127222911798 -3.96875
      vertex -26.80383701106558 -1.8921097126839754 -3.96875
      vertex -26.757713239444474 -3.381333935915915 -3.96875
    endloop
  endfacet
  facet normal -0.22920039092243286 0.973379258460444 0
    outer loop
      vertex -26.973723718810437 -1.9321127222911798 -3.96875
      vertex -26.80383701106558 -1.8921097126839754 1.1906249999999998
      vertex -26.80383701106558 -1.8921097126839754 -3.96875
    endloop
  endfacet
  facet normal -0.22750117539980266 0.9737778058631795 0
    outer loop
      vertex -26.80383701106558 -1.8921097126839754 -3.96875
      vertex -26.80383701106558 -1.8921097126839754 1.1906249999999998
      vertex -26.633880743685495 -1.8524032720948327 1.1906249999999998
    endloop
  endfacet
  facet normal 0 0 -1
    outer loop
      vertex -26.80383701106558 -1.8921097126839754 -3.96875
      vertex -26.633880743685495 -1.8524032720948327 -3.96875
      vertex -26.757713239444474 -3.381333935915915 -3.96875
    endloop
  endfacet
  facet normal -0.22750117539980266 0.9737778058631795 0
    outer loop
      vertex -26.80383701106558 -1.8921097126839754 -3.96875
      vertex -26.633880743685495 -1.8524032720948327 1.1906249999999998
      vertex -26.633880743685495 -1.8524032720948327 -3.96875
    endloop
  endfacet
  facet normal 0.22750117539980383 -0.9737778058631793 0
    outer loop
      vertex -26.757713239444474 -3.381333935915915 -3.96875
      vertex -26.633880743685495 -3.3524032720948327 -3.96875
      vertex -26.633880743685495 -3.3524032720948327 1.1906249999999998
    endloop
  endfacet
  facet normal 0.22750117539980383 -0.9737778058631793 0
    outer loop
      vertex -26.757713239444474 -3.381333935915915 -3.96875
      vertex -26.633880743685495 -3.3524032720948327 1.1906249999999998
      vertex -26.757713239444474 -3.381333935915915 1.1906249999999998
    endloop
  endfacet
  facet normal 0 0 -1
    outer loop
      vertex -26.757713239444474 -3.381333935915915 -3.96875
      vertex -26.633880743685495 -1.8524032720948327 -3.96875
      vertex -26.633880743685495 -3.3524032720948327 -3.96875
    endloop
  endfacet
  facet normal 0 0 1
    outer loop
      vertex -26.757713239444474 -3.381333935915915 1.1906249999999998
      vertex -26.633880743685495 -3.3524032720948327 1.1906249999999998
      vertex -26.633880743685495 -1.8524032720948327 1.1906249999999998
    endloop
  endfacet
  facet normal 0 0 -1
    outer loop
      vertex -26.633880743685495 -3.3524032720948327 -3.96875
      vertex -26.633880743685495 -1.8524032720948327 -3.96875
      vertex -26.4638554343865 -3.3129935214764714 -3.96875
    endloop
  endfacet
  facet normal 0.22580126686911264 -0.9741733869698472 0
    outer loop
      vertex -26.633880743685495 -3.3524032720948327 -3.96875
      vertex -26.4638554343865 -3.3129935214764714 -3.96875
      vertex -26.4638554343865 -3.3129935214764714 1.1906249999999998
    endloop
  endfacet
  facet normal 0.22580126686911264 -0.9741733869698472 0
    outer loop
      vertex -26.633880743685495 -3.3524032720948327 -3.96875
      vertex -26.4638554343865 -3.3129935214764714 1.1906249999999998
      vertex -26.633880743685495 -3.3524032720948327 1.1906249999999998
    endloop
  endfacet
  facet normal 0 0 1
    outer loop
      vertex -26.633880743685495 -3.3524032720948327 1.1906249999999998
      vertex -26.4638554343865 -3.3129935214764714 1.1906249999999998
      vertex -26.4638554343865 -1.8129935214764714 1.1906249999999998
    endloop
  endfacet
  facet normal 0 0 1
    outer loop
      vertex -26.633880743685495 -3.3524032720948327 1.1906249999999998
      vertex -26.4638554343865 -1.8129935214764714 1.1906249999999998
      vertex -26.633880743685495 -1.8524032720948327 1.1906249999999998
    endloop
  endfacet
  facet normal -0.22580126686911264 0.9741733869698472 0
    outer loop
      vertex -26.633880743685495 -1.8524032720948327 -3.96875
      vertex -26.633880743685495 -1.8524032720948327 1.1906249999999998
      vertex -26.4638554343865 -1.8129935214764714 1.1906249999999998
    endloop
  endfacet
  facet normal 0 0 -1
    outer loop
      vertex -26.633880743685495 -1.8524032720948327 -3.96875
      vertex -26.4638554343865 -1.8129935214764714 -3.96875
      vertex -26.4638554343865 -3.3129935214764714 -3.96875
    endloop
  endfacet
  facet normal -0.22580126686911264 0.9741733869698472 0
    outer loop
      vertex -26.633880743685495 -1.8524032720948327 -3.96875
      vertex -26.4638554343865 -1.8129935214764714 1.1906249999999998
      vertex -26.4638554343865 -1.8129935214764714 -3.96875
    endloop
  endfacet
  facet normal 0 0 -1
    outer loop
      vertex -26.4638554343865 -3.3129935214764714 -3.96875
      vertex -26.4638554343865 -1.8129935214764714 -3.96875
      vertex -26.293761601095145 -3.2738805808778295 -3.96875
    endloop
  endfacet
  facet normal 0.2241006705085583 -0.9745660005754432 0
    outer loop
      vertex -26.4638554343865 -3.3129935214764714 -3.96875
      vertex -26.293761601095145 -3.2738805808778295 -3.96875
      vertex -26.293761601095145 -3.2738805808778295 1.1906249999999998
    endloop
  endfacet
  facet normal 0.2241006705085583 -0.9745660005754432 0
    outer loop
      vertex -26.4638554343865 -3.3129935214764714 -3.96875
      vertex -26.293761601095145 -3.2738805808778295 1.1906249999999998
      vertex -26.4638554343865 -3.3129935214764714 1.1906249999999998
    endloop
  endfacet
  facet normal 0 0 1
    outer loop
      vertex -26.4638554343865 -3.3129935214764714 1.1906249999999998
      vertex -26.293761601095145 -3.2738805808778295 1.1906249999999998
      vertex -26.293761601095145 -1.7738805808778295 1.1906249999999998
    endloop
  endfacet
  facet normal 0 0 1
    outer loop
      vertex -26.4638554343865 -3.3129935214764714 1.1906249999999998
      vertex -26.293761601095145 -1.7738805808778295 1.1906249999999998
      vertex -26.4638554343865 -1.8129935214764714 1.1906249999999998
    endloop
  endfacet
  facet normal -0.2241006705085583 0.9745660005754432 0
    outer loop
      vertex -26.4638554343865 -1.8129935214764714 -3.96875
      vertex -26.4638554343865 -1.8129935214764714 1.1906249999999998
      vertex -26.293761601095145 -1.7738805808778295 1.1906249999999998
    endloop
  endfacet
  facet normal 0 0 -1
    outer loop
      vertex -26.4638554343865 -1.8129935214764714 -3.96875
      vertex -26.293761601095145 -1.7738805808778295 -3.96875
      vertex -26.293761601095145 -3.2738805808778295 -3.96875
    endloop
  endfacet
  facet normal -0.2241006705085583 0.9745660005754432 0
    outer loop
      vertex -26.4638554343865 -1.8129935214764714 -3.96875
      vertex -26.293761601095145 -1.7738805808778295 1.1906249999999998
      vertex -26.293761601095145 -1.7738805808778295 -3.96875
    endloop
  endfacet
  facet normal 0 0 -1
    outer loop
      vertex -26.293761601095145 -3.2738805808778295 -3.96875
      vertex -26.293761601095145 -1.7738805808778295 -3.96875
      vertex -26.123599761946725 -3.2350645694436793 -3.96875
    endloop
  endfacet
  facet normal 0.22239939149861987 -0.9749556454839593 0
    outer loop
      vertex -26.293761601095145 -3.2738805808778295 -3.96875
      vertex -26.123599761946725 -3.2350645694436793 -3.96875
      vertex -26.123599761946725 -3.2350645694436793 1.1906249999999998
    endloop
  endfacet
  facet normal 0.22239939149861987 -0.9749556454839593 0
    outer loop
      vertex -26.293761601095145 -3.2738805808778295 -3.96875
      vertex -26.123599761946725 -3.2350645694436793 1.1906249999999998
      vertex -26.293761601095145 -3.2738805808778295 1.1906249999999998
    endloop
  endfacet
  facet normal 0 0 1
    outer loop
      vertex -26.293761601095145 -3.2738805808778295 1.1906249999999998
      vertex -26.123599761946725 -3.2350645694436793 1.1906249999999998
      vertex -26.123599761946725 -1.7350645694436793 1.1906249999999998
    endloop
  endfacet
  facet normal 0 0 1
    outer loop
      vertex -26.293761601095145 -3.2738805808778295 1.1906249999999998
      vertex -26.123599761946725 -1.7350645694436793 1.1906249999999998
      vertex -26.293761601095145 -1.7738805808778295 1.1906249999999998
    endloop
  endfacet
  facet normal -0.22239939149861987 0.9749556454839593 0
    outer loop
      vertex -26.293761601095145 -1.7738805808778295 -3.96875
      vertex -26.293761601095145 -1.7738805808778295 1.1906249999999998
      vertex -26.123599761946725 -1.7350645694436793 1.1906249999999998
    endloop
  endfacet
  facet normal 0 0 -1
    outer loop
      vertex -26.293761601095145 -1.7738805808778295 -3.96875
      vertex -26.123599761946725 -1.7350645694436793 -3.96875
      vertex -26.123599761946725 -3.2350645694436793 -3.96875
    endloop
  endfacet
  facet normal -0.22239939149861987 0.9749556454839593 0
    outer loop
      vertex -26.293761601095145 -1.7738805808778295 -3.96875
      vertex -26.123599761946725 -1.7350645694436793 1.1906249999999998
      vertex -26.123599761946725 -1.7350645694436793 -3.96875
    endloop
  endfacet
  facet normal 0 0 -1
    outer loop
      vertex -26.123599761946725 -3.2350645694436793 -3.96875
      vertex -26.123599761946725 -1.7350645694436793 -3.96875
      vertex -25.95337043528376 -3.196545605414343 -3.96875
    endloop
  endfacet
  facet normal 0.22069743502151715 -0.9753423205085091 0
    outer loop
      vertex -26.123599761946725 -3.2350645694436793 -3.96875
      vertex -25.95337043528376 -3.196545605414343 -3.96875
      vertex -25.95337043528376 -3.196545605414343 1.1906249999999998
    endloop
  endfacet
  facet normal 0.22069743502151715 -0.9753423205085091 0
    outer loop
      vertex -26.123599761946725 -3.2350645694436793 -3.96875
      vertex -25.95337043528376 -3.196545605414343 1.1906249999999998
      vertex -26.123599761946725 -3.2350645694436793 1.1906249999999998
    endloop
  endfacet
  facet normal 0 0 1
    outer loop
      vertex -26.123599761946725 -3.2350645694436793 1.1906249999999998
      vertex -25.95337043528376 -3.196545605414343 1.1906249999999998
      vertex -25.95337043528376 -1.696545605414343 1.1906249999999998
    endloop
  endfacet
  facet normal 0 0 1
    outer loop
      vertex -26.123599761946725 -3.2350645694436793 1.1906249999999998
      vertex -25.95337043528376 -1.696545605414343 1.1906249999999998
      vertex -26.123599761946725 -1.7350645694436793 1.1906249999999998
    endloop
  endfacet
  facet normal -0.22069743502151715 0.9753423205085091 0
    outer loop
      vertex -26.123599761946725 -1.7350645694436793 -3.96875
      vertex -26.123599761946725 -1.7350645694436793 1.1906249999999998
      vertex -25.95337043528376 -1.696545605414343 1.1906249999999998
    endloop
  endfacet
  facet normal 0 0 -1
    outer loop
      vertex -26.123599761946725 -1.7350645694436793 -3.96875
      vertex -25.95337043528376 -1.696545605414343 -3.96875
      vertex -25.95337043528376 -3.196545605414343 -3.96875
    endloop
  endfacet
  facet normal -0.22069743502151715 0.9753423205085091 0
    outer loop
      vertex -26.123599761946725 -1.7350645694436793 -3.96875
      vertex -25.95337043528376 -1.696545605414343 1.1906249999999998
      vertex -25.95337043528376 -1.696545605414343 -3.96875
    endloop
  endfacet
  facet normal 0 0 -1
    outer loop
      vertex -25.95337043528376 -3.196545605414343 -3.96875
      vertex -25.95337043528376 -1.696545605414343 -3.96875
      vertex -25.783074139654246 -3.158323806125253 -3.96875
    endloop
  endfacet
  facet normal 0.2189948062617575 -0.9757260244712013 0
    outer loop
      vertex -25.95337043528376 -3.196545605414343 -3.96875
      vertex -25.783074139654246 -3.158323806125253 -3.96875
      vertex -25.783074139654246 -3.158323806125253 1.1906249999999998
    endloop
  endfacet
  facet normal 0.2189948062617575 -0.9757260244712013 0
    outer loop
      vertex -25.95337043528376 -3.196545605414343 -3.96875
      vertex -25.783074139654246 -3.158323806125253 1.1906249999999998
      vertex -25.95337043528376 -3.196545605414343 1.1906249999999998
    endloop
  endfacet
  facet normal 0 0 1
    outer loop
      vertex -25.95337043528376 -3.196545605414343 1.1906249999999998
      vertex -25.783074139654246 -3.158323806125253 1.1906249999999998
      vertex -25.783074139654246 -1.658323806125253 1.1906249999999998
    endloop
  endfacet
  facet normal 0 0 1
    outer loop
      vertex -25.95337043528376 -3.196545605414343 1.1906249999999998
      vertex -25.783074139654246 -1.658323806125253 1.1906249999999998
      vertex -25.95337043528376 -1.696545605414343 1.1906249999999998
    endloop
  endfacet
  facet normal -0.2189948062617575 0.9757260244712013 0
    outer loop
      vertex -25.95337043528376 -1.696545605414343 -3.96875
      vertex -25.95337043528376 -1.696545605414343 1.1906249999999998
      vertex -25.783074139654246 -1.658323806125253 1.1906249999999998
    endloop
  endfacet
  facet normal 0 0 -1
    outer loop
      vertex -25.95337043528376 -1.696545605414343 -3.96875
      vertex -25.783074139654246 -1.658323806125253 -3.96875
      vertex -25.783074139654246 -3.158323806125253 -3.96875
    endloop
  endfacet
  facet normal -0.2189948062617575 0.9757260244712013 0
    outer loop
      vertex -25.95337043528376 -1.696545605414343 -3.96875
      vertex -25.783074139654246 -1.658323806125253 1.1906249999999998
      vertex -25.783074139654246 -1.658323806125253 -3.96875
    endloop
  endfacet
  facet normal 0 0 -1
    outer loop
      vertex -25.783074139654246 -3.158323806125253 -3.96875
      vertex -25.783074139654246 -1.658323806125253 -3.96875
      vertex -25.612711393810287 -3.1203992880066664 -3.96875
    endloop
  endfacet
  facet normal 0.2172915104057451 -0.9761067562032291 0
    outer loop
      vertex -25.783074139654246 -3.158323806125253 -3.96875
      vertex -25.612711393810287 -3.1203992880066664 -3.96875
      vertex -25.612711393810287 -3.1203992880066664 1.1906249999999998
    endloop
  endfacet
  facet normal 0.2172915104057451 -0.9761067562032291 0
    outer loop
      vertex -25.783074139654246 -3.158323806125253 -3.96875
      vertex -25.612711393810287 -3.1203992880066664 1.1906249999999998
      vertex -25.783074139654246 -3.158323806125253 1.1906249999999998
    endloop
  endfacet
  facet normal 0 0 1
    outer loop
      vertex -25.783074139654246 -3.158323806125253 1.1906249999999998
      vertex -25.612711393810287 -3.1203992880066664 1.1906249999999998
      vertex -25.612711393810287 -1.6203992880066664 1.1906249999999998
    endloop
  endfacet
  facet normal 0 0 1
    outer loop
      vertex -25.783074139654246 -3.158323806125253 1.1906249999999998
      vertex -25.612711393810287 -1.6203992880066664 1.1906249999999998
      vertex -25.783074139654246 -1.658323806125253 1.1906249999999998
    endloop
  endfacet
  facet normal -0.2172915104057451 0.9761067562032291 0
    outer loop
      vertex -25.783074139654246 -1.658323806125253 -3.96875
      vertex -25.783074139654246 -1.658323806125253 1.1906249999999998
      vertex -25.612711393810287 -1.6203992880066664 1.1906249999999998
    endloop
  endfacet
  facet normal 0 0 -1
    outer loop
      vertex -25.783074139654246 -1.658323806125253 -3.96875
      vertex -25.612711393810287 -1.6203992880066664 -3.96875
      vertex -25.612711393810287 -3.1203992880066664 -3.96875
    endloop
  endfacet
  facet normal -0.2172915104057451 0.9761067562032291 0
    outer loop
      vertex -25.783074139654246 -1.658323806125253 -3.96875
      vertex -25.612711393810287 -1.6203992880066664 1.1906249999999998
      vertex -25.612711393810287 -1.6203992880066664 -3.96875
    endloop
  endfacet
  facet normal 0 0 -1
    outer loop
      vertex -25.612711393810287 -3.1203992880066664 -3.96875
      vertex -25.612711393810287 -1.6203992880066664 -3.96875
      vertex -25.44228271670633 -3.0827721665832115 -3.96875
    endloop
  endfacet
  facet normal 0.21558755264225618 -0.9764845145447635 0
    outer loop
      vertex -25.612711393810287 -3.1203992880066664 -3.96875
      vertex -25.44228271670633 -3.0827721665832115 -3.96875
      vertex -25.44228271670633 -3.0827721665832115 1.1906249999999998
    endloop
  endfacet
  facet normal 0.21558755264225618 -0.9764845145447635 0
    outer loop
      vertex -25.612711393810287 -3.1203992880066664 -3.96875
      vertex -25.44228271670633 -3.0827721665832115 1.1906249999999998
      vertex -25.612711393810287 -3.1203992880066664 1.1906249999999998
    endloop
  endfacet
  facet normal 0 0 1
    outer loop
      vertex -25.612711393810287 -3.1203992880066664 1.1906249999999998
      vertex -25.44228271670633 -3.0827721665832115 1.1906249999999998
      vertex -25.44228271670633 -1.5827721665832115 1.1906249999999998
    endloop
  endfacet
  facet normal 0 0 1
    outer loop
      vertex -25.612711393810287 -3.1203992880066664 1.1906249999999998
      vertex -25.44228271670633 -1.5827721665832115 1.1906249999999998
      vertex -25.612711393810287 -1.6203992880066664 1.1906249999999998
    endloop
  endfacet
  facet normal -0.21558755264225618 0.9764845145447635 0
    outer loop
      vertex -25.612711393810287 -1.6203992880066664 -3.96875
      vertex -25.612711393810287 -1.6203992880066664 1.1906249999999998
      vertex -25.44228271670633 -1.5827721665832115 1.1906249999999998
    endloop
  endfacet
  facet normal 0 0 -1
    outer loop
      vertex -25.612711393810287 -1.6203992880066664 -3.96875
      vertex -25.44228271670633 -1.5827721665832115 -3.96875
      vertex -25.44228271670633 -3.0827721665832115 -3.96875
    endloop
  endfacet
  facet normal -0.21558755264225618 0.9764845145447635 0
    outer loop
      vertex -25.612711393810287 -1.6203992880066664 -3.96875
      vertex -25.44228271670633 -1.5827721665832115 1.1906249999999998
      vertex -25.44228271670633 -1.5827721665832115 -3.96875
    endloop
  endfacet
  facet normal 0 0 -1
    outer loop
      vertex -25.44228271670633 -3.0827721665832115 -3.96875
      vertex -25.44228271670633 -1.5827721665832115 -3.96875
      vertex -25.27178862749765 -3.045442556473631 -3.96875
    endloop
  endfacet
  facet normal 0.21388293816162077 -0.9768592983451365 0
    outer loop
      vertex -25.44228271670633 -3.0827721665832115 -3.96875
      vertex -25.27178862749765 -3.045442556473631 -3.96875
      vertex -25.27178862749765 -3.045442556473631 1.1906249999999998
    endloop
  endfacet
  facet normal 0.21388293816162077 -0.9768592983451365 0
    outer loop
      vertex -25.44228271670633 -3.0827721665832115 -3.96875
      vertex -25.27178862749765 -3.045442556473631 1.1906249999999998
      vertex -25.44228271670633 -3.0827721665832115 1.1906249999999998
    endloop
  endfacet
  facet normal 0 0 1
    outer loop
      vertex -25.44228271670633 -3.0827721665832115 1.1906249999999998
      vertex -25.27178862749765 -3.045442556473631 1.1906249999999998
      vertex -25.27178862749765 -1.5454425564736312 1.1906249999999998
    endloop
  endfacet
  facet normal 0 0 1
    outer loop
      vertex -25.44228271670633 -3.0827721665832115 1.1906249999999998
      vertex -25.27178862749765 -1.5454425564736312 1.1906249999999998
      vertex -25.44228271670633 -1.5827721665832115 1.1906249999999998
    endloop
  endfacet
  facet normal -0.21388293816162077 0.9768592983451365 0
    outer loop
      vertex -25.44228271670633 -1.5827721665832115 -3.96875
      vertex -25.44228271670633 -1.5827721665832115 1.1906249999999998
      vertex -25.27178862749765 -1.5454425564736312 1.1906249999999998
    endloop
  endfacet
  facet normal 0 0 -1
    outer loop
      vertex -25.44228271670633 -1.5827721665832115 -3.96875
      vertex -25.27178862749765 -1.5454425564736312 -3.96875
      vertex -25.27178862749765 -3.045442556473631 -3.96875
    endloop
  endfacet
  facet normal -0.21388293816162077 0.9768592983451365 0
    outer loop
      vertex -25.44228271670633 -1.5827721665832115 -3.96875
      vertex -25.27178862749765 -1.5454425564736312 1.1906249999999998
      vertex -25.27178862749765 -1.5454425564736312 -3.96875
    endloop
  endfacet
  facet normal 0 0 -1
    outer loop
      vertex -25.27178862749765 -3.045442556473631 -3.96875
      vertex -25.27178862749765 -1.5454425564736312 -3.96875
      vertex -25.10122964553887 -3.0084105713904137 -3.96875
    endloop
  endfacet
  facet normal 0.21217767215641617 -0.9772311064626854 0
    outer loop
      vertex -25.27178862749765 -3.045442556473631 -3.96875
      vertex -25.10122964553887 -3.0084105713904137 -3.96875
      vertex -25.10122964553887 -3.0084105713904137 1.1906249999999998
    endloop
  endfacet
  facet normal 0.21217767215641617 -0.9772311064626854 0
    outer loop
      vertex -25.27178862749765 -3.045442556473631 -3.96875
      vertex -25.10122964553887 -3.0084105713904137 1.1906249999999998
      vertex -25.27178862749765 -3.045442556473631 1.1906249999999998
    endloop
  endfacet
  facet normal 0 0 1
    outer loop
      vertex -25.27178862749765 -3.045442556473631 1.1906249999999998
      vertex -25.10122964553887 -3.0084105713904137 1.1906249999999998
      vertex -25.10122964553887 -1.5084105713904137 1.1906249999999998
    endloop
  endfacet
  facet normal 0 0 1
    outer loop
      vertex -25.27178862749765 -3.045442556473631 1.1906249999999998
      vertex -25.10122964553887 -1.5084105713904137 1.1906249999999998
      vertex -25.27178862749765 -1.5454425564736312 1.1906249999999998
    endloop
  endfacet
  facet normal -0.21217767215641617 0.9772311064626854 0
    outer loop
      vertex -25.27178862749765 -1.5454425564736312 -3.96875
      vertex -25.27178862749765 -1.5454425564736312 1.1906249999999998
      vertex -25.10122964553887 -1.5084105713904137 1.1906249999999998
    endloop
  endfacet
  facet normal 0 0 -1
    outer loop
      vertex -25.27178862749765 -1.5454425564736312 -3.96875
      vertex -25.10122964553887 -1.5084105713904137 -3.96875
      vertex -25.10122964553887 -3.0084105713904137 -3.96875
    endloop
  endfacet
  facet normal -0.21217767215641617 0.9772311064626854 0
    outer loop
      vertex -25.27178862749765 -1.5454425564736312 -3.96875
      vertex -25.10122964553887 -1.5084105713904137 1.1906249999999998
      vertex -25.10122964553887 -1.5084105713904137 -3.96875
    endloop
  endfacet
  facet normal 0 0 -1
    outer loop
      vertex -25.10122964553887 -3.0084105713904137 -3.96875
      vertex -25.10122964553887 -1.5084105713904137 -3.96875
      vertex -24.930606290382173 -2.9716763241393807 -3.96875
    endloop
  endfacet
  facet normal 0.21047175982131047 -0.9775999377647896 0
    outer loop
      vertex -25.10122964553887 -3.0084105713904137 -3.96875
      vertex -24.930606290382173 -2.9716763241393807 -3.96875
      vertex -24.930606290382173 -2.9716763241393807 1.1906249999999998
    endloop
  endfacet
  facet normal 0.21047175982131047 -0.9775999377647896 0
    outer loop
      vertex -25.10122964553887 -3.0084105713904137 -3.96875
      vertex -24.930606290382173 -2.9716763241393807 1.1906249999999998
      vertex -25.10122964553887 -3.0084105713904137 1.1906249999999998
    endloop
  endfacet
  facet normal 0 0 1
    outer loop
      vertex -25.10122964553887 -3.0084105713904137 1.1906249999999998
      vertex -24.930606290382173 -2.9716763241393807 1.1906249999999998
      vertex -24.930606290382173 -1.4716763241393807 1.1906249999999998
    endloop
  endfacet
  facet normal 0 0 1
    outer loop
      vertex -25.10122964553887 -3.0084105713904137 1.1906249999999998
      vertex -24.930606290382173 -1.4716763241393807 1.1906249999999998
      vertex -25.10122964553887 -1.5084105713904137 1.1906249999999998
    endloop
  endfacet
  facet normal -0.21047175982131047 0.9775999377647896 0
    outer loop
      vertex -25.10122964553887 -1.5084105713904137 -3.96875
      vertex -25.10122964553887 -1.5084105713904137 1.1906249999999998
      vertex -24.930606290382173 -1.4716763241393807 1.1906249999999998
    endloop
  endfacet
  facet normal 0 0 -1
    outer loop
      vertex -25.10122964553887 -1.5084105713904137 -3.96875
      vertex -24.930606290382173 -1.4716763241393807 -3.96875
      vertex -24.930606290382173 -2.9716763241393807 -3.96875
    endloop
  endfacet
  facet normal -0.21047175982131047 0.9775999377647896 0
    outer loop
      vertex -25.10122964553887 -1.5084105713904137 -3.96875
      vertex -24.930606290382173 -1.4716763241393807 1.1906249999999998
      vertex -24.930606290382173 -1.4716763241393807 -3.96875
    endloop
  endfacet
  facet normal 0 0 -1
    outer loop
      vertex -24.930606290382173 -2.9716763241393807 -3.96875
      vertex -24.930606290382173 -1.4716763241393807 -3.96875
      vertex -24.759919081775934 -2.935239926619431 -3.96875
    endloop
  endfacet
  facet normal 0.20876520635271145 -0.9779657911279462 0
    outer loop
      vertex -24.930606290382173 -2.9716763241393807 -3.96875
      vertex -24.759919081775934 -2.935239926619431 -3.96875
      vertex -24.759919081775934 -2.935239926619431 1.1906249999999998
    endloop
  endfacet
  facet normal 0.20876520635271145 -0.9779657911279462 0
    outer loop
      vertex -24.930606290382173 -2.9716763241393807 -3.96875
      vertex -24.759919081775934 -2.935239926619431 1.1906249999999998
      vertex -24.930606290382173 -2.9716763241393807 1.1906249999999998
    endloop
  endfacet
  facet normal 0 0 1
    outer loop
      vertex -24.930606290382173 -2.9716763241393807 1.1906249999999998
      vertex -24.759919081775934 -2.935239926619431 1.1906249999999998
      vertex -24.759919081775934 -1.4352399266194311 1.1906249999999998
    endloop
  endfacet
  facet normal 0 0 1
    outer loop
      vertex -24.930606290382173 -2.9716763241393807 1.1906249999999998
      vertex -24.759919081775934 -1.4352399266194311 1.1906249999999998
      vertex -24.930606290382173 -1.4716763241393807 1.1906249999999998
    endloop
  endfacet
  facet normal -0.20876520635271145 0.9779657911279462 0
    outer loop
      vertex -24.930606290382173 -1.4716763241393807 -3.96875
      vertex -24.930606290382173 -1.4716763241393807 1.1906249999999998
      vertex -24.759919081775934 -1.4352399266194311 1.1906249999999998
    endloop
  endfacet
  facet normal 0 0 -1
    outer loop
      vertex -24.930606290382173 -1.4716763241393807 -3.96875
      vertex -24.759919081775934 -1.4352399266194311 -3.96875
      vertex -24.759919081775934 -2.935239926619431 -3.96875
    endloop
  endfacet
  facet normal -0.20876520635271145 0.9779657911279462 0
    outer loop
      vertex -24.930606290382173 -1.4716763241393807 -3.96875
      vertex -24.759919081775934 -1.4352399266194311 1.1906249999999998
      vertex -24.759919081775934 -1.4352399266194311 -3.96875
    endloop
  endfacet
  facet normal 0 0 -1
    outer loop
      vertex -24.759919081775934 -2.935239926619431 -3.96875
      vertex -24.759919081775934 -1.4352399266194311 -3.96875
      vertex -24.58916853966297 -2.899101489822158 -3.96875
    endloop
  endfacet
  facet normal 0.20705801694902776 -0.9783286654377128 0
    outer loop
      vertex -24.759919081775934 -2.935239926619431 -3.96875
      vertex -24.58916853966297 -2.899101489822158 -3.96875
      vertex -24.58916853966297 -2.899101489822158 1.1906249999999998
    endloop
  endfacet
  facet normal 0.20705801694902776 -0.9783286654377128 0
    outer loop
      vertex -24.759919081775934 -2.935239926619431 -3.96875
      vertex -24.58916853966297 -2.899101489822158 1.1906249999999998
      vertex -24.759919081775934 -2.935239926619431 1.1906249999999998
    endloop
  endfacet
  facet normal 0 0 1
    outer loop
      vertex -24.759919081775934 -2.935239926619431 1.1906249999999998
      vertex -24.58916853966297 -2.899101489822158 1.1906249999999998
      vertex -24.58916853966297 -1.3991014898221579 1.1906249999999998
    endloop
  endfacet
  facet normal 0 0 1
    outer loop
      vertex -24.759919081775934 -2.935239926619431 1.1906249999999998
      vertex -24.58916853966297 -1.3991014898221579 1.1906249999999998
      vertex -24.759919081775934 -1.4352399266194311 1.1906249999999998
    endloop
  endfacet
  facet normal -0.20705801694902776 0.9783286654377128 0
    outer loop
      vertex -24.759919081775934 -1.4352399266194311 -3.96875
      vertex -24.759919081775934 -1.4352399266194311 1.1906249999999998
      vertex -24.58916853966297 -1.3991014898221579 1.1906249999999998
    endloop
  endfacet
  facet normal 0 0 -1
    outer loop
      vertex -24.759919081775934 -1.4352399266194311 -3.96875
      vertex -24.58916853966297 -1.3991014898221579 -3.96875
      vertex -24.58916853966297 -2.899101489822158 -3.96875
    endloop
  endfacet
  facet normal -0.20705801694902776 0.9783286654377128 0
    outer loop
      vertex -24.759919081775934 -1.4352399266194311 -3.96875
      vertex -24.58916853966297 -1.3991014898221579 1.1906249999999998
      vertex -24.58916853966297 -1.3991014898221579 -3.96875
    endloop
  endfacet
  facet normal 0 0 -1
    outer loop
      vertex -24.58916853966297 -2.899101489822158 -3.96875
      vertex -24.58916853966297 -1.3991014898221579 -3.96875
      vertex -24.418355184179028 -2.8632611238315064 -3.96875
    endloop
  endfacet
  facet normal 0.20535019681069255 -0.9786885595887028 0
    outer loop
      vertex -24.58916853966297 -2.899101489822158 -3.96875
      vertex -24.418355184179028 -2.8632611238315064 -3.96875
      vertex -24.418355184179028 -2.8632611238315064 1.1906249999999998
    endloop
  endfacet
  facet normal 0.20535019681069255 -0.9786885595887028 0
    outer loop
      vertex -24.58916853966297 -2.899101489822158 -3.96875
      vertex -24.418355184179028 -2.8632611238315064 1.1906249999999998
      vertex -24.58916853966297 -2.899101489822158 1.1906249999999998
    endloop
  endfacet
  facet normal 0 0 1
    outer loop
      vertex -24.58916853966297 -2.899101489822158 1.1906249999999998
      vertex -24.418355184179028 -2.8632611238315064 1.1906249999999998
      vertex -24.418355184179028 -1.3632611238315064 1.1906249999999998
    endloop
  endfacet
  facet normal 0 0 1
    outer loop
      vertex -24.58916853966297 -2.899101489822158 1.1906249999999998
      vertex -24.418355184179028 -1.3632611238315064 1.1906249999999998
      vertex -24.58916853966297 -1.3991014898221579 1.1906249999999998
    endloop
  endfacet
  facet normal -0.20535019681069255 0.9786885595887028 0
    outer loop
      vertex -24.58916853966297 -1.3991014898221579 -3.96875
      vertex -24.58916853966297 -1.3991014898221579 1.1906249999999998
      vertex -24.418355184179028 -1.3632611238315064 1.1906249999999998
    endloop
  endfacet
  facet normal 0 0 -1
    outer loop
      vertex -24.58916853966297 -1.3991014898221579 -3.96875
      vertex -24.418355184179028 -1.3632611238315064 -3.96875
      vertex -24.418355184179028 -2.8632611238315064 -3.96875
    endloop
  endfacet
  facet normal -0.20535019681069255 0.9786885595887028 0
    outer loop
      vertex -24.58916853966297 -1.3991014898221579 -3.96875
      vertex -24.418355184179028 -1.3632611238315064 1.1906249999999998
      vertex -24.418355184179028 -1.3632611238315064 -3.96875
    endloop
  endfacet
  facet normal 0 0 -1
    outer loop
      vertex -24.418355184179028 -2.8632611238315064 -3.96875
      vertex -24.418355184179028 -1.3632611238315064 -3.96875
      vertex -24.247479535651255 -2.8277189378234198 -3.96875
    endloop
  endfacet
  facet normal 0.203641751140251 -0.9790454724845685 0
    outer loop
      vertex -24.418355184179028 -2.8632611238315064 -3.96875
      vertex -24.247479535651255 -2.8277189378234198 -3.96875
      vertex -24.247479535651255 -2.8277189378234198 1.1906249999999998
    endloop
  endfacet
  facet normal 0.203641751140251 -0.9790454724845685 0
    outer loop
      vertex -24.418355184179028 -2.8632611238315064 -3.96875
      vertex -24.247479535651255 -2.8277189378234198 1.1906249999999998
      vertex -24.418355184179028 -2.8632611238315064 1.1906249999999998
    endloop
  endfacet
  facet normal 0 0 1
    outer loop
      vertex -24.418355184179028 -2.8632611238315064 1.1906249999999998
      vertex -24.247479535651255 -2.8277189378234198 1.1906249999999998
      vertex -24.247479535651255 -1.3277189378234198 1.1906249999999998
    endloop
  endfacet
  facet normal 0 0 1
    outer loop
      vertex -24.418355184179028 -2.8632611238315064 1.1906249999999998
      vertex -24.247479535651255 -1.3277189378234198 1.1906249999999998
      vertex -24.418355184179028 -1.3632611238315064 1.1906249999999998
    endloop
  endfacet
  facet normal -0.203641751140251 0.9790454724845685 0
    outer loop
      vertex -24.418355184179028 -1.3632611238315064 -3.96875
      vertex -24.418355184179028 -1.3632611238315064 1.1906249999999998
      vertex -24.247479535651255 -1.3277189378234198 1.1906249999999998
    endloop
  endfacet
  facet normal 0 0 -1
    outer loop
      vertex -24.418355184179028 -1.3632611238315064 -3.96875
      vertex -24.247479535651255 -1.3277189378234198 -3.96875
      vertex -24.247479535651255 -2.8277189378234198 -3.96875
    endloop
  endfacet
  facet normal -0.203641751140251 0.9790454724845685 0
    outer loop
      vertex -24.418355184179028 -1.3632611238315064 -3.96875
      vertex -24.247479535651255 -1.3277189378234198 1.1906249999999998
      vertex -24.247479535651255 -1.3277189378234198 -3.96875
    endloop
  endfacet
  facet normal 0 0 -1
    outer loop
      vertex -24.247479535651255 -2.8277189378234198 -3.96875
      vertex -24.247479535651255 -1.3277189378234198 -3.96875
      vertex -24.076542114596457 -2.7924750400655967 -3.96875
    endloop
  endfacet
  facet normal 0.20193268514145496 -0.9793994030381896 0
    outer loop
      vertex -24.247479535651255 -2.8277189378234198 -3.96875
      vertex -24.076542114596457 -2.7924750400655967 -3.96875
      vertex -24.076542114596457 -2.7924750400655967 1.1906249999999998
    endloop
  endfacet
  facet normal 0.20193268514145496 -0.9793994030381896 0
    outer loop
      vertex -24.247479535651255 -2.8277189378234198 -3.96875
      vertex -24.076542114596457 -2.7924750400655967 1.1906249999999998
      vertex -24.247479535651255 -2.8277189378234198 1.1906249999999998
    endloop
  endfacet
  facet normal 0 0 1
    outer loop
      vertex -24.247479535651255 -2.8277189378234198 1.1906249999999998
      vertex -24.076542114596457 -2.7924750400655967 1.1906249999999998
      vertex -24.076542114596457 -1.2924750400655967 1.1906249999999998
    endloop
  endfacet
  facet normal 0 0 1
    outer loop
      vertex -24.247479535651255 -2.8277189378234198 1.1906249999999998
      vertex -24.076542114596457 -1.2924750400655967 1.1906249999999998
      vertex -24.247479535651255 -1.3277189378234198 1.1906249999999998
    endloop
  endfacet
  facet normal -0.20193268514145496 0.9793994030381896 0
    outer loop
      vertex -24.247479535651255 -1.3277189378234198 -3.96875
      vertex -24.247479535651255 -1.3277189378234198 1.1906249999999998
      vertex -24.076542114596457 -1.2924750400655967 1.1906249999999998
    endloop
  endfacet
  facet normal 0 0 -1
    outer loop
      vertex -24.247479535651255 -1.3277189378234198 -3.96875
      vertex -24.076542114596457 -1.2924750400655967 -3.96875
      vertex -24.076542114596457 -2.7924750400655967 -3.96875
    endloop
  endfacet
  facet normal -0.20193268514145496 0.9793994030381896 0
    outer loop
      vertex -24.247479535651255 -1.3277189378234198 -3.96875
      vertex -24.076542114596457 -1.2924750400655967 1.1906249999999998
      vertex -24.076542114596457 -1.2924750400655967 -3.96875
    endloop
  endfacet
  facet normal 0 0 -1
    outer loop
      vertex -24.076542114596457 -2.7924750400655967 -3.96875
      vertex -24.076542114596457 -1.2924750400655967 -3.96875
      vertex -23.90554344171972 -2.757529537917037 -3.96875
    endloop
  endfacet
  facet normal 0.20022300402088075 -0.9797503501713355 0
    outer loop
      vertex -24.076542114596457 -2.7924750400655967 -3.96875
      vertex -23.90554344171972 -2.757529537917037 -3.96875
      vertex -23.90554344171972 -2.757529537917037 1.1906249999999998
    endloop
  endfacet
  facet normal 0.20022300402088075 -0.9797503501713355 0
    outer loop
      vertex -24.076542114596457 -2.7924750400655967 -3.96875
      vertex -23.90554344171972 -2.757529537917037 1.1906249999999998
      vertex -24.076542114596457 -2.7924750400655967 1.1906249999999998
    endloop
  endfacet
  facet normal 0 0 1
    outer loop
      vertex -24.076542114596457 -2.7924750400655967 1.1906249999999998
      vertex -23.90554344171972 -2.757529537917037 1.1906249999999998
      vertex -23.90554344171972 -1.257529537917037 1.1906249999999998
    endloop
  endfacet
  facet normal 0 0 1
    outer loop
      vertex -24.076542114596457 -2.7924750400655967 1.1906249999999998
      vertex -23.90554344171972 -1.257529537917037 1.1906249999999998
      vertex -24.076542114596457 -1.2924750400655967 1.1906249999999998
    endloop
  endfacet
  facet normal -0.20022300402088075 0.9797503501713355 0
    outer loop
      vertex -24.076542114596457 -1.2924750400655967 -3.96875
      vertex -24.076542114596457 -1.2924750400655967 1.1906249999999998
      vertex -23.90554344171972 -1.257529537917037 1.1906249999999998
    endloop
  endfacet
  facet normal 0 0 -1
    outer loop
      vertex -24.076542114596457 -1.2924750400655967 -3.96875
      vertex -23.90554344171972 -1.257529537917037 -3.96875
      vertex -23.90554344171972 -2.757529537917037 -3.96875
    endloop
  endfacet
  facet normal -0.20022300402088075 0.9797503501713355 0
    outer loop
      vertex -24.076542114596457 -1.2924750400655967 -3.96875
      vertex -23.90554344171972 -1.257529537917037 1.1906249999999998
      vertex -23.90554344171972 -1.257529537917037 -3.96875
    endloop
  endfacet
  facet normal 0 0 -1
    outer loop
      vertex -23.90554344171972 -2.757529537917037 -3.96875
      vertex -23.90554344171972 -1.257529537917037 -3.96875
      vertex -23.734484037912626 -2.7228825378278145 -3.96875
    endloop
  endfacet
  facet normal 0.1985127129862067 -0.9800983128150237 0
    outer loop
      vertex -23.90554344171972 -2.757529537917037 -3.96875
      vertex -23.734484037912626 -2.7228825378278145 -3.96875
      vertex -23.734484037912626 -2.7228825378278145 1.1906249999999998
    endloop
  endfacet
  facet normal 0.1985127129862067 -0.9800983128150237 0
    outer loop
      vertex -23.90554344171972 -2.757529537917037 -3.96875
      vertex -23.734484037912626 -2.7228825378278145 1.1906249999999998
      vertex -23.90554344171972 -2.757529537917037 1.1906249999999998
    endloop
  endfacet
  facet normal 0 0 1
    outer loop
      vertex -23.90554344171972 -2.757529537917037 1.1906249999999998
      vertex -23.734484037912626 -2.7228825378278145 1.1906249999999998
      vertex -23.734484037912626 -1.2228825378278145 1.1906249999999998
    endloop
  endfacet
  facet normal 0 0 1
    outer loop
      vertex -23.90554344171972 -2.757529537917037 1.1906249999999998
      vertex -23.734484037912626 -1.2228825378278145 1.1906249999999998
      vertex -23.90554344171972 -1.257529537917037 1.1906249999999998
    endloop
  endfacet
  facet normal -0.1985127129862067 0.9800983128150237 0
    outer loop
      vertex -23.90554344171972 -1.257529537917037 -3.96875
      vertex -23.90554344171972 -1.257529537917037 1.1906249999999998
      vertex -23.734484037912626 -1.2228825378278145 1.1906249999999998
    endloop
  endfacet
  facet normal 0 0 -1
    outer loop
      vertex -23.90554344171972 -1.257529537917037 -3.96875
      vertex -23.734484037912626 -1.2228825378278145 -3.96875
      vertex -23.734484037912626 -2.7228825378278145 -3.96875
    endloop
  endfacet
  facet normal -0.1985127129862067 0.9800983128150237 0
    outer loop
      vertex -23.90554344171972 -1.257529537917037 -3.96875
      vertex -23.734484037912626 -1.2228825378278145 1.1906249999999998
      vertex -23.734484037912626 -1.2228825378278145 -3.96875
    endloop
  endfacet
  facet normal 0 0 -1
    outer loop
      vertex -23.734484037912626 -2.7228825378278145 -3.96875
      vertex -23.734484037912626 -1.2228825378278145 -3.96875
      vertex -23.563364424251763 -2.688534145338693 -3.96875
    endloop
  endfacet
  facet normal 0.1968018172473917 -0.9804432899092759 0
    outer loop
      vertex -23.734484037912626 -2.7228825378278145 -3.96875
      vertex -23.563364424251763 -2.688534145338693 -3.96875
      vertex -23.563364424251763 -2.688534145338693 1.1906249999999998
    endloop
  endfacet
  facet normal 0.1968018172473917 -0.9804432899092759 0
    outer loop
      vertex -23.734484037912626 -2.7228825378278145 -3.96875
      vertex -23.563364424251763 -2.688534145338693 1.1906249999999998
      vertex -23.734484037912626 -2.7228825378278145 1.1906249999999998
    endloop
  endfacet
  facet normal 0 0 1
    outer loop
      vertex -23.734484037912626 -2.7228825378278145 1.1906249999999998
      vertex -23.563364424251763 -2.688534145338693 1.1906249999999998
      vertex -23.563364424251763 -1.1885341453386928 1.1906249999999998
    endloop
  endfacet
  facet normal 0 0 1
    outer loop
      vertex -23.734484037912626 -2.7228825378278145 1.1906249999999998
      vertex -23.563364424251763 -1.1885341453386928 1.1906249999999998
      vertex -23.734484037912626 -1.2228825378278145 1.1906249999999998
    endloop
  endfacet
  facet normal -0.1968018172473917 0.9804432899092759 0
    outer loop
      vertex -23.734484037912626 -1.2228825378278145 -3.96875
      vertex -23.734484037912626 -1.2228825378278145 1.1906249999999998
      vertex -23.563364424251763 -1.1885341453386928 1.1906249999999998
    endloop
  endfacet
  facet normal 0 0 -1
    outer loop
      vertex -23.734484037912626 -1.2228825378278145 -3.96875
      vertex -23.563364424251763 -1.1885341453386928 -3.96875
      vertex -23.563364424251763 -2.688534145338693 -3.96875
    endloop
  endfacet
  facet normal -0.1968018172473917 0.9804432899092759 0
    outer loop
      vertex -23.734484037912626 -1.2228825378278145 -3.96875
      vertex -23.563364424251763 -1.1885341453386928 1.1906249999999998
      vertex -23.563364424251763 -1.1885341453386928 -3.96875
    endloop
  endfacet
  facet normal 0 0 -1
    outer loop
      vertex -23.563364424251763 -2.688534145338693 -3.96875
      vertex -23.563364424251763 -1.1885341453386928 -3.96875
      vertex -23.3921851219972 -2.6544844650808415 -3.96875
    endloop
  endfacet
  facet normal 0.19509032201612025 -0.980785280403232 0
    outer loop
      vertex -23.563364424251763 -2.688534145338693 -3.96875
      vertex -23.3921851219972 -2.6544844650808415 -3.96875
      vertex -23.3921851219972 -2.6544844650808415 1.1906249999999998
    endloop
  endfacet
  facet normal 0.19509032201612025 -0.980785280403232 0
    outer loop
      vertex -23.563364424251763 -2.688534145338693 -3.96875
      vertex -23.3921851219972 -2.6544844650808415 1.1906249999999998
      vertex -23.563364424251763 -2.688534145338693 1.1906249999999998
    endloop
  endfacet
  facet normal 0 0 1
    outer loop
      vertex -23.563364424251763 -2.688534145338693 1.1906249999999998
      vertex -23.3921851219972 -2.6544844650808415 1.1906249999999998
      vertex -23.3921851219972 -1.1544844650808415 1.1906249999999998
    endloop
  endfacet
  facet normal 0 0 1
    outer loop
      vertex -23.563364424251763 -2.688534145338693 1.1906249999999998
      vertex -23.3921851219972 -1.1544844650808415 1.1906249999999998
      vertex -23.563364424251763 -1.1885341453386928 1.1906249999999998
    endloop
  endfacet
  facet normal -0.19509032201612025 0.980785280403232 0
    outer loop
      vertex -23.563364424251763 -1.1885341453386928 -3.96875
      vertex -23.563364424251763 -1.1885341453386928 1.1906249999999998
      vertex -23.3921851219972 -1.1544844650808415 1.1906249999999998
    endloop
  endfacet
  facet normal 0 0 -1
    outer loop
      vertex -23.563364424251763 -1.1885341453386928 -3.96875
      vertex -23.3921851219972 -1.1544844650808415 -3.96875
      vertex -23.3921851219972 -2.6544844650808415 -3.96875
    endloop
  endfacet
  facet normal -0.19509032201612025 0.980785280403232 0
    outer loop
      vertex -23.563364424251763 -1.1885341453386928 -3.96875
      vertex -23.3921851219972 -1.1544844650808415 1.1906249999999998
      vertex -23.3921851219972 -1.1544844650808415 -3.96875
    endloop
  endfacet
  facet normal 0 0 -1
    outer loop
      vertex -23.3921851219972 -2.6544844650808415 -3.96875
      vertex -23.3921851219972 -1.1544844650808415 -3.96875
      vertex -23.220946652590733 -2.6207336007754805 -3.96875
    endloop
  endfacet
  facet normal 0.1933782325059003 -0.9811242832551307 0
    outer loop
      vertex -23.3921851219972 -2.6544844650808415 -3.96875
      vertex -23.220946652590733 -2.6207336007754805 -3.96875
      vertex -23.220946652590733 -2.6207336007754805 1.1906249999999998
    endloop
  endfacet
  facet normal 0.1933782325059003 -0.9811242832551307 0
    outer loop
      vertex -23.3921851219972 -2.6544844650808415 -3.96875
      vertex -23.220946652590733 -2.6207336007754805 1.1906249999999998
      vertex -23.3921851219972 -2.6544844650808415 1.1906249999999998
    endloop
  endfacet
  facet normal 0 0 1
    outer loop
      vertex -23.3921851219972 -2.6544844650808415 1.1906249999999998
      vertex -23.220946652590733 -2.6207336007754805 1.1906249999999998
      vertex -23.220946652590733 -1.1207336007754805 1.1906249999999998
    endloop
  endfacet
  facet normal 0 0 1
    outer loop
      vertex -23.3921851219972 -2.6544844650808415 1.1906249999999998
      vertex -23.220946652590733 -1.1207336007754805 1.1906249999999998
      vertex -23.3921851219972 -1.1544844650808415 1.1906249999999998
    endloop
  endfacet
  facet normal -0.1933782325059003 0.9811242832551307 0
    outer loop
      vertex -23.3921851219972 -1.1544844650808415 -3.96875
      vertex -23.3921851219972 -1.1544844650808415 1.1906249999999998
      vertex -23.220946652590733 -1.1207336007754805 1.1906249999999998
    endloop
  endfacet
  facet normal 0 0 -1
    outer loop
      vertex -23.3921851219972 -1.1544844650808415 -3.96875
      vertex -23.220946652590733 -1.1207336007754805 -3.96875
      vertex -23.220946652590733 -2.6207336007754805 -3.96875
    endloop
  endfacet
  facet normal -0.1933782325059003 0.9811242832551307 0
    outer loop
      vertex -23.3921851219972 -1.1544844650808415 -3.96875
      vertex -23.220946652590733 -1.1207336007754805 1.1906249999999998
      vertex -23.220946652590733 -1.1207336007754805 -3.96875
    endloop
  endfacet
  facet normal 0 0 -1
    outer loop
      vertex -23.220946652590733 -2.6207336007754805 -3.96875
      vertex -23.220946652590733 -1.1207336007754805 -3.96875
      vertex -23.04964953765448 -2.587281655233596 -3.96875
    endloop
  endfacet
  facet normal 0.19166555393209764 -0.9814602974323017 0
    outer loop
      vertex -23.220946652590733 -2.6207336007754805 -3.96875
      vertex -23.04964953765448 -2.587281655233596 -3.96875
      vertex -23.04964953765448 -2.587281655233596 1.1906249999999998
    endloop
  endfacet
  facet normal 0.19166555393209764 -0.9814602974323017 0
    outer loop
      vertex -23.220946652590733 -2.6207336007754805 -3.96875
      vertex -23.04964953765448 -2.587281655233596 1.1906249999999998
      vertex -23.220946652590733 -2.6207336007754805 1.1906249999999998
    endloop
  endfacet
  facet normal 0 0 1
    outer loop
      vertex -23.220946652590733 -2.6207336007754805 1.1906249999999998
      vertex -23.04964953765448 -2.587281655233596 1.1906249999999998
      vertex -23.04964953765448 -1.0872816552335962 1.1906249999999998
    endloop
  endfacet
  facet normal 0 0 1
    outer loop
      vertex -23.220946652590733 -2.6207336007754805 1.1906249999999998
      vertex -23.04964953765448 -1.0872816552335962 1.1906249999999998
      vertex -23.220946652590733 -1.1207336007754805 1.1906249999999998
    endloop
  endfacet
  facet normal -0.19166555393209764 0.9814602974323017 0
    outer loop
      vertex -23.220946652590733 -1.1207336007754805 -3.96875
      vertex -23.220946652590733 -1.1207336007754805 1.1906249999999998
      vertex -23.04964953765448 -1.0872816552335962 1.1906249999999998
    endloop
  endfacet
  facet normal 0 0 -1
    outer loop
      vertex -23.220946652590733 -1.1207336007754805 -3.96875
      vertex -23.04964953765448 -1.0872816552335962 -3.96875
      vertex -23.04964953765448 -2.587281655233596 -3.96875
    endloop
  endfacet
  facet normal -0.19166555393209764 0.9814602974323017 0
    outer loop
      vertex -23.220946652590733 -1.1207336007754805 -3.96875
      vertex -23.04964953765448 -1.0872816552335962 1.1906249999999998
      vertex -23.04964953765448 -1.0872816552335962 -3.96875
    endloop
  endfacet
  facet normal 0 0 -1
    outer loop
      vertex -23.04964953765448 -2.587281655233596 -3.96875
      vertex -23.04964953765448 -1.0872816552335962 -3.96875
      vertex -22.87829429898914 -2.554128730355643 -3.96875
    endloop
  endfacet
  facet normal 0.18995229151160212 -0.9817933219112317 0
    outer loop
      vertex -23.04964953765448 -2.587281655233596 -3.96875
      vertex -22.87829429898914 -2.554128730355643 -3.96875
      vertex -22.87829429898914 -2.554128730355643 1.1906249999999998
    endloop
  endfacet
  facet normal 0.18995229151160212 -0.9817933219112317 0
    outer loop
      vertex -23.04964953765448 -2.587281655233596 -3.96875
      vertex -22.87829429898914 -2.554128730355643 1.1906249999999998
      vertex -23.04964953765448 -2.587281655233596 1.1906249999999998
    endloop
  endfacet
  facet normal 0 0 1
    outer loop
      vertex -23.04964953765448 -2.587281655233596 1.1906249999999998
      vertex -22.87829429898914 -2.554128730355643 1.1906249999999998
      vertex -22.87829429898914 -1.054128730355643 1.1906249999999998
    endloop
  endfacet
  facet normal 0 0 1
    outer loop
      vertex -23.04964953765448 -2.587281655233596 1.1906249999999998
      vertex -22.87829429898914 -1.054128730355643 1.1906249999999998
      vertex -23.04964953765448 -1.0872816552335962 1.1906249999999998
    endloop
  endfacet
  facet normal -0.18995229151160212 0.9817933219112317 0
    outer loop
      vertex -23.04964953765448 -1.0872816552335962 -3.96875
      vertex -23.04964953765448 -1.0872816552335962 1.1906249999999998
      vertex -22.87829429898914 -1.054128730355643 1.1906249999999998
    endloop
  endfacet
  facet normal 0 0 -1
    outer loop
      vertex -23.04964953765448 -1.0872816552335962 -3.96875
      vertex -22.87829429898914 -1.054128730355643 -3.96875
      vertex -22.87829429898914 -2.554128730355643 -3.96875
    endloop
  endfacet
  facet normal -0.18995229151160212 0.9817933219112317 0
    outer loop
      vertex -23.04964953765448 -1.0872816552335962 -3.96875
      vertex -22.87829429898914 -1.054128730355643 1.1906249999999998
      vertex -22.87829429898914 -1.054128730355643 -3.96875
    endloop
  endfacet
  facet normal 0 0 -1
    outer loop
      vertex -22.87829429898914 -2.554128730355643 -3.96875
      vertex -22.87829429898914 -1.054128730355643 -3.96875
      vertex -22.706881458572457 -2.521274927131131 -3.96875
    endloop
  endfacet
  facet normal 0.1882384504637271 -0.982123355677389 0
    outer loop
      vertex -22.87829429898914 -2.554128730355643 -3.96875
      vertex -22.706881458572457 -2.521274927131131 -3.96875
      vertex -22.706881458572457 -2.521274927131131 1.1906249999999998
    endloop
  endfacet
  facet normal 0.1882384504637271 -0.982123355677389 0
    outer loop
      vertex -22.87829429898914 -2.554128730355643 -3.96875
      vertex -22.706881458572457 -2.521274927131131 1.1906249999999998
      vertex -22.87829429898914 -2.554128730355643 1.1906249999999998
    endloop
  endfacet
  facet normal 0 0 1
    outer loop
      vertex -22.87829429898914 -2.554128730355643 1.1906249999999998
      vertex -22.706881458572457 -2.521274927131131 1.1906249999999998
      vertex -22.706881458572457 -1.021274927131131 1.1906249999999998
    endloop
  endfacet
  facet normal 0 0 1
    outer loop
      vertex -22.87829429898914 -2.554128730355643 1.1906249999999998
      vertex -22.706881458572457 -1.021274927131131 1.1906249999999998
      vertex -22.87829429898914 -1.054128730355643 1.1906249999999998
    endloop
  endfacet
  facet normal -0.1882384504637271 0.982123355677389 0
    outer loop
      vertex -22.87829429898914 -1.054128730355643 -3.96875
      vertex -22.87829429898914 -1.054128730355643 1.1906249999999998
      vertex -22.706881458572457 -1.021274927131131 1.1906249999999998
    endloop
  endfacet
  facet normal 0 0 -1
    outer loop
      vertex -22.87829429898914 -1.054128730355643 -3.96875
      vertex -22.706881458572457 -1.021274927131131 -3.96875
      vertex -22.706881458572457 -2.521274927131131 -3.96875
    endloop
  endfacet
  facet normal -0.1882384504637271 0.982123355677389 0
    outer loop
      vertex -22.87829429898914 -1.054128730355643 -3.96875
      vertex -22.706881458572457 -1.021274927131131 1.1906249999999998
      vertex -22.706881458572457 -1.021274927131131 -3.96875
    endloop
  endfacet
  facet normal 0 0 -1
    outer loop
      vertex -22.706881458572457 -2.521274927131131 -3.96875
      vertex -22.706881458572457 -1.021274927131131 -3.96875
      vertex -22.535411538557724 -2.488720345638484 -3.96875
    endloop
  endfacet
  facet normal 0.18652403600871093 -0.9824503977255143 0
    outer loop
      vertex -22.706881458572457 -2.521274927131131 -3.96875
      vertex -22.535411538557724 -2.488720345638484 -3.96875
      vertex -22.535411538557724 -2.488720345638484 1.1906249999999998
    endloop
  endfacet
  facet normal 0.18652403600871093 -0.9824503977255143 0
    outer loop
      vertex -22.706881458572457 -2.521274927131131 -3.96875
      vertex -22.535411538557724 -2.488720345638484 1.1906249999999998
      vertex -22.706881458572457 -2.521274927131131 1.1906249999999998
    endloop
  endfacet
  facet normal 0 0 1
    outer loop
      vertex -22.706881458572457 -2.521274927131131 1.1906249999999998
      vertex -22.535411538557724 -2.488720345638484 1.1906249999999998
      vertex -22.535411538557724 -0.9887203456384839 1.1906249999999998
    endloop
  endfacet
  facet normal 0 0 1
    outer loop
      vertex -22.706881458572457 -2.521274927131131 1.1906249999999998
      vertex -22.535411538557724 -0.9887203456384839 1.1906249999999998
      vertex -22.706881458572457 -1.021274927131131 1.1906249999999998
    endloop
  endfacet
  facet normal -0.18652403600871093 0.9824503977255143 0
    outer loop
      vertex -22.706881458572457 -1.021274927131131 -3.96875
      vertex -22.706881458572457 -1.021274927131131 1.1906249999999998
      vertex -22.535411538557724 -0.9887203456384839 1.1906249999999998
    endloop
  endfacet
  facet normal 0 0 -1
    outer loop
      vertex -22.706881458572457 -1.021274927131131 -3.96875
      vertex -22.535411538557724 -0.9887203456384839 -3.96875
      vertex -22.535411538557724 -2.488720345638484 -3.96875
    endloop
  endfacet
  facet normal -0.18652403600871093 0.9824503977255143 0
    outer loop
      vertex -22.706881458572457 -1.021274927131131 -3.96875
      vertex -22.535411538557724 -0.9887203456384839 1.1906249999999998
      vertex -22.535411538557724 -0.9887203456384839 -3.96875
    endloop
  endfacet
  facet normal 0 0 -1
    outer loop
      vertex -22.535411538557724 -2.488720345638484 -3.96875
      vertex -22.535411538557724 -0.9887203456384839 -3.96875
      vertex -22.363885061272004 -2.45646508504457 -3.96875
    endloop
  endfacet
  facet normal 0.1848090533692603 -0.9827744470593228 0
    outer loop
      vertex -22.535411538557724 -2.488720345638484 -3.96875
      vertex -22.363885061272004 -2.45646508504457 -3.96875
      vertex -22.363885061272004 -2.45646508504457 1.1906249999999998
    endloop
  endfacet
  facet normal 0.1848090533692603 -0.9827744470593228 0
    outer loop
      vertex -22.535411538557724 -2.488720345638484 -3.96875
      vertex -22.363885061272004 -2.45646508504457 1.1906249999999998
      vertex -22.535411538557724 -2.488720345638484 1.1906249999999998
    endloop
  endfacet
  facet normal 0 0 1
    outer loop
      vertex -22.535411538557724 -2.488720345638484 1.1906249999999998
      vertex -22.363885061272004 -2.45646508504457 1.1906249999999998
      vertex -22.363885061272004 -0.9564650850445702 1.1906249999999998
    endloop
  endfacet
  facet normal 0 0 1
    outer loop
      vertex -22.535411538557724 -2.488720345638484 1.1906249999999998
      vertex -22.363885061272004 -0.9564650850445702 1.1906249999999998
      vertex -22.535411538557724 -0.9887203456384839 1.1906249999999998
    endloop
  endfacet
  facet normal -0.1848090533692603 0.9827744470593228 0
    outer loop
      vertex -22.535411538557724 -0.9887203456384839 -3.96875
      vertex -22.535411538557724 -0.9887203456384839 1.1906249999999998
      vertex -22.363885061272004 -0.9564650850445702 1.1906249999999998
    endloop
  endfacet
  facet normal 0 0 -1
    outer loop
      vertex -22.535411538557724 -0.9887203456384839 -3.96875
      vertex -22.363885061272004 -0.9564650850445702 -3.96875
      vertex -22.363885061272004 -2.45646508504457 -3.96875
    endloop
  endfacet
  facet normal -0.1848090533692603 0.9827744470593228 0
    outer loop
      vertex -22.535411538557724 -0.9887203456384839 -3.96875
      vertex -22.363885061272004 -0.9564650850445702 1.1906249999999998
      vertex -22.363885061272004 -0.9564650850445702 -3.96875
    endloop
  endfacet
  facet normal 0 0 -1
    outer loop
      vertex -22.363885061272004 -2.45646508504457 -3.96875
      vertex -22.363885061272004 -0.9564650850445702 -3.96875
      vertex -22.192302549214748 -2.4245092436045326 -3.96875
    endloop
  endfacet
  facet normal 0.1830935077693012 -0.983095502691744 0
    outer loop
      vertex -22.363885061272004 -2.45646508504457 -3.96875
      vertex -22.192302549214748 -2.4245092436045326 -3.96875
      vertex -22.192302549214748 -2.4245092436045326 1.1906249999999998
    endloop
  endfacet
  facet normal 0.1830935077693012 -0.983095502691744 0
    outer loop
      vertex -22.363885061272004 -2.45646508504457 -3.96875
      vertex -22.192302549214748 -2.4245092436045326 1.1906249999999998
      vertex -22.363885061272004 -2.45646508504457 1.1906249999999998
    endloop
  endfacet
  facet normal 0 0 1
    outer loop
      vertex -22.363885061272004 -2.45646508504457 1.1906249999999998
      vertex -22.192302549214748 -2.4245092436045326 1.1906249999999998
      vertex -22.192302549214748 -0.9245092436045326 1.1906249999999998
    endloop
  endfacet
  facet normal 0 0 1
    outer loop
      vertex -22.363885061272004 -2.45646508504457 1.1906249999999998
      vertex -22.192302549214748 -0.9245092436045326 1.1906249999999998
      vertex -22.363885061272004 -0.9564650850445702 1.1906249999999998
    endloop
  endfacet
  facet normal -0.1830935077693012 0.983095502691744 0
    outer loop
      vertex -22.363885061272004 -0.9564650850445702 -3.96875
      vertex -22.363885061272004 -0.9564650850445702 1.1906249999999998
      vertex -22.192302549214748 -0.9245092436045326 1.1906249999999998
    endloop
  endfacet
  facet normal 0 0 -1
    outer loop
      vertex -22.363885061272004 -0.9564650850445702 -3.96875
      vertex -22.192302549214748 -0.9245092436045326 -3.96875
      vertex -22.192302549214748 -2.4245092436045326 -3.96875
    endloop
  endfacet
  facet normal -0.1830935077693012 0.983095502691744 0
    outer loop
      vertex -22.363885061272004 -0.9564650850445702 -3.96875
      vertex -22.192302549214748 -0.9245092436045326 1.1906249999999998
      vertex -22.192302549214748 -0.9245092436045326 -3.96875
    endloop
  endfacet
  facet normal 0 0 -1
    outer loop
      vertex -22.192302549214748 -2.4245092436045326 -3.96875
      vertex -22.192302549214748 -0.9245092436045326 -3.96875
      vertex -22.020664525056006 -2.3928529186614043 -3.96875
    endloop
  endfacet
  facet normal 0.181377404434734 -0.9834135636447765 0
    outer loop
      vertex -22.192302549214748 -2.4245092436045326 -3.96875
      vertex -22.020664525056006 -2.3928529186614043 -3.96875
      vertex -22.020664525056006 -2.3928529186614043 1.1906249999999998
    endloop
  endfacet
  facet normal 0.181377404434734 -0.9834135636447765 0
    outer loop
      vertex -22.192302549214748 -2.4245092436045326 -3.96875
      vertex -22.020664525056006 -2.3928529186614043 1.1906249999999998
      vertex -22.192302549214748 -2.4245092436045326 1.1906249999999998
    endloop
  endfacet
  facet normal 0 0 1
    outer loop
      vertex -22.192302549214748 -2.4245092436045326 1.1906249999999998
      vertex -22.020664525056006 -2.3928529186614043 1.1906249999999998
      vertex -22.020664525056006 -0.8928529186614043 1.1906249999999998
    endloop
  endfacet
  facet normal 0 0 1
    outer loop
      vertex -22.192302549214748 -2.4245092436045326 1.1906249999999998
      vertex -22.020664525056006 -0.8928529186614043 1.1906249999999998
      vertex -22.192302549214748 -0.9245092436045326 1.1906249999999998
    endloop
  endfacet
  facet normal -0.181377404434734 0.9834135636447765 0
    outer loop
      vertex -22.192302549214748 -0.9245092436045326 -3.96875
      vertex -22.192302549214748 -0.9245092436045326 1.1906249999999998
      vertex -22.020664525056006 -0.8928529186614043 1.1906249999999998
    endloop
  endfacet
  facet normal 0 0 -1
    outer loop
      vertex -22.192302549214748 -0.9245092436045326 -3.96875
      vertex -22.020664525056006 -0.8928529186614043 -3.96875
      vertex -22.020664525056006 -2.3928529186614043 -3.96875
    endloop
  endfacet
  facet normal -0.181377404434734 0.9834135636447765 0
    outer loop
      vertex -22.192302549214748 -0.9245092436045326 -3.96875
      vertex -22.020664525056006 -0.8928529186614043 1.1906249999999998
      vertex -22.020664525056006 -0.8928529186614043 -3.96875
    endloop
  endfacet
  facet normal 0 0 -1
    outer loop
      vertex -22.020664525056006 -2.3928529186614043 -3.96875
      vertex -22.020664525056006 -0.8928529186614043 -3.96875
      vertex -21.848971511634957 -2.361496206645839 -3.96875
    endloop
  endfacet
  facet normal 0.17966074859314113 -0.9837286289495453 0
    outer loop
      vertex -22.020664525056006 -2.3928529186614043 -3.96875
      vertex -21.848971511634957 -2.361496206645839 -3.96875
      vertex -21.848971511634957 -2.361496206645839 1.1906249999999998
    endloop
  endfacet
  facet normal 0.17966074859314113 -0.9837286289495453 0
    outer loop
      vertex -22.020664525056006 -2.3928529186614043 -3.96875
      vertex -21.848971511634957 -2.361496206645839 1.1906249999999998
      vertex -22.020664525056006 -2.3928529186614043 1.1906249999999998
    endloop
  endfacet
  facet normal 0 0 1
    outer loop
      vertex -22.020664525056006 -2.3928529186614043 1.1906249999999998
      vertex -21.848971511634957 -2.361496206645839 1.1906249999999998
      vertex -21.848971511634957 -0.8614962066458389 1.1906249999999998
    endloop
  endfacet
  facet normal 0 0 1
    outer loop
      vertex -22.020664525056006 -2.3928529186614043 1.1906249999999998
      vertex -21.848971511634957 -0.8614962066458389 1.1906249999999998
      vertex -22.020664525056006 -0.8928529186614043 1.1906249999999998
    endloop
  endfacet
  facet normal -0.17966074859314113 0.9837286289495453 0
    outer loop
      vertex -22.020664525056006 -0.8928529186614043 -3.96875
      vertex -22.020664525056006 -0.8928529186614043 1.1906249999999998
      vertex -21.848971511634957 -0.8614962066458389 1.1906249999999998
    endloop
  endfacet
  facet normal 0 0 -1
    outer loop
      vertex -22.020664525056006 -0.8928529186614043 -3.96875
      vertex -21.848971511634957 -0.8614962066458389 -3.96875
      vertex -21.848971511634957 -2.361496206645839 -3.96875
    endloop
  endfacet
  facet normal -0.17966074859314113 0.9837286289495453 0
    outer loop
      vertex -22.020664525056006 -0.8928529186614043 -3.96875
      vertex -21.848971511634957 -0.8614962066458389 1.1906249999999998
      vertex -21.848971511634957 -0.8614962066458389 -3.96875
    endloop
  endfacet
  facet normal 0 0 -1
    outer loop
      vertex -21.848971511634957 -2.361496206645839 -3.96875
      vertex -21.848971511634957 -0.8614962066458389 -3.96875
      vertex -21.677224031958335 -2.3304392030758123 -3.96875
    endloop
  endfacet
  facet normal 0.17794354547382854 -0.9840406976462932 0
    outer loop
      vertex -21.848971511634957 -2.361496206645839 -3.96875
      vertex -21.677224031958335 -2.3304392030758123 -3.96875
      vertex -21.677224031958335 -2.3304392030758123 1.1906249999999998
    endloop
  endfacet
  facet normal 0.17794354547382854 -0.9840406976462932 0
    outer loop
      vertex -21.848971511634957 -2.361496206645839 -3.96875
      vertex -21.677224031958335 -2.3304392030758123 1.1906249999999998
      vertex -21.848971511634957 -2.361496206645839 1.1906249999999998
    endloop
  endfacet
  facet normal 0 0 1
    outer loop
      vertex -21.848971511634957 -2.361496206645839 1.1906249999999998
      vertex -21.677224031958335 -2.3304392030758123 1.1906249999999998
      vertex -21.677224031958335 -0.8304392030758123 1.1906249999999998
    endloop
  endfacet
  facet normal 0 0 1
    outer loop
      vertex -21.848971511634957 -2.361496206645839 1.1906249999999998
      vertex -21.677224031958335 -0.8304392030758123 1.1906249999999998
      vertex -21.848971511634957 -0.8614962066458389 1.1906249999999998
    endloop
  endfacet
  facet normal -0.17794354547382854 0.9840406976462932 0
    outer loop
      vertex -21.848971511634957 -0.8614962066458389 -3.96875
      vertex -21.848971511634957 -0.8614962066458389 1.1906249999999998
      vertex -21.677224031958335 -0.8304392030758123 1.1906249999999998
    endloop
  endfacet
  facet normal 0 0 -1
    outer loop
      vertex -21.848971511634957 -0.8614962066458389 -3.96875
      vertex -21.677224031958335 -0.8304392030758123 -3.96875
      vertex -21.677224031958335 -2.3304392030758123 -3.96875
    endloop
  endfacet
  facet normal -0.17794354547382854 0.9840406976462932 0
    outer loop
      vertex -21.848971511634957 -0.8614962066458389 -3.96875
      vertex -21.677224031958335 -0.8304392030758123 1.1906249999999998
      vertex -21.677224031958335 -0.8304392030758123 -3.96875
    endloop
  endfacet
  facet normal 0 0 -1
    outer loop
      vertex -21.677224031958335 -2.3304392030758123 -3.96875
      vertex -21.677224031958335 -0.8304392030758123 -3.96875
      vertex -21.505422609198703 -2.299682002556338 -3.96875
    endloop
  endfacet
  facet normal 0.1762258003076008 -0.9843497687844223 0
    outer loop
      vertex -21.677224031958335 -2.3304392030758123 -3.96875
      vertex -21.505422609198703 -2.299682002556338 -3.96875
      vertex -21.505422609198703 -2.299682002556338 1.1906249999999998
    endloop
  endfacet
  facet normal 0.1762258003076008 -0.9843497687844223 0
    outer loop
      vertex -21.677224031958335 -2.3304392030758123 -3.96875
      vertex -21.505422609198703 -2.299682002556338 1.1906249999999998
      vertex -21.677224031958335 -2.3304392030758123 1.1906249999999998
    endloop
  endfacet
  facet normal 0 0 1
    outer loop
      vertex -21.677224031958335 -2.3304392030758123 1.1906249999999998
      vertex -21.505422609198703 -2.299682002556338 1.1906249999999998
      vertex -21.505422609198703 -0.799682002556338 1.1906249999999998
    endloop
  endfacet
  facet normal 0 0 1
    outer loop
      vertex -21.677224031958335 -2.3304392030758123 1.1906249999999998
      vertex -21.505422609198703 -0.799682002556338 1.1906249999999998
      vertex -21.677224031958335 -0.8304392030758123 1.1906249999999998
    endloop
  endfacet
  facet normal -0.1762258003076008 0.9843497687844223 0
    outer loop
      vertex -21.677224031958335 -0.8304392030758123 -3.96875
      vertex -21.677224031958335 -0.8304392030758123 1.1906249999999998
      vertex -21.505422609198703 -0.799682002556338 1.1906249999999998
    endloop
  endfacet
  facet normal 0 0 -1
    outer loop
      vertex -21.677224031958335 -0.8304392030758123 -3.96875
      vertex -21.505422609198703 -0.799682002556338 -3.96875
      vertex -21.505422609198703 -2.299682002556338 -3.96875
    endloop
  endfacet
  facet normal -0.1762258003076008 0.9843497687844223 0
    outer loop
      vertex -21.677224031958335 -0.8304392030758123 -3.96875
      vertex -21.505422609198703 -0.799682002556338 1.1906249999999998
      vertex -21.505422609198703 -0.799682002556338 -3.96875
    endloop
  endfacet
  facet normal 0 0 -1
    outer loop
      vertex -21.505422609198703 -2.299682002556338 -3.96875
      vertex -21.505422609198703 -0.799682002556338 -3.96875
      vertex -21.333567766693033 -2.2692246987791975 -3.96875
    endloop
  endfacet
  facet normal 0.17450751832698577 -0.9846558414224519 0
    outer loop
      vertex -21.505422609198703 -2.299682002556338 -3.96875
      vertex -21.333567766693033 -2.2692246987791975 -3.96875
      vertex -21.333567766693033 -2.2692246987791975 1.1906249999999998
    endloop
  endfacet
  facet normal 0.17450751832698577 -0.9846558414224519 0
    outer loop
      vertex -21.505422609198703 -2.299682002556338 -3.96875
      vertex -21.333567766693033 -2.2692246987791975 1.1906249999999998
      vertex -21.505422609198703 -2.299682002556338 1.1906249999999998
    endloop
  endfacet
  facet normal 0 0 1
    outer loop
      vertex -21.505422609198703 -2.299682002556338 1.1906249999999998
      vertex -21.333567766693033 -2.2692246987791975 1.1906249999999998
      vertex -21.333567766693033 -0.7692246987791975 1.1906249999999998
    endloop
  endfacet
  facet normal 0 0 1
    outer loop
      vertex -21.505422609198703 -2.299682002556338 1.1906249999999998
      vertex -21.333567766693033 -0.7692246987791975 1.1906249999999998
      vertex -21.505422609198703 -0.799682002556338 1.1906249999999998
    endloop
  endfacet
  facet normal -0.17450751832698577 0.9846558414224519 0
    outer loop
      vertex -21.505422609198703 -0.799682002556338 -3.96875
      vertex -21.505422609198703 -0.799682002556338 1.1906249999999998
      vertex -21.333567766693033 -0.7692246987791975 1.1906249999999998
    endloop
  endfacet
  facet normal 0 0 -1
    outer loop
      vertex -21.505422609198703 -0.799682002556338 -3.96875
      vertex -21.333567766693033 -0.7692246987791975 -3.96875
      vertex -21.333567766693033 -2.2692246987791975 -3.96875
    endloop
  endfacet
  facet normal -0.17450751832698577 0.9846558414224519 0
    outer loop
      vertex -21.505422609198703 -0.799682002556338 -3.96875
      vertex -21.333567766693033 -0.7692246987791975 1.1906249999999998
      vertex -21.333567766693033 -0.7692246987791975 -3.96875
    endloop
  endfacet
  facet normal 0 0 -1
    outer loop
      vertex -21.333567766693033 -2.2692246987791975 -3.96875
      vertex -21.333567766693033 -0.7692246987791975 -3.96875
      vertex -21.161660027940965 -2.2390673845226132 -3.96875
    endloop
  endfacet
  facet normal 0.17278870476623032 -0.9849589146280205 0
    outer loop
      vertex -21.333567766693033 -2.2692246987791975 -3.96875
      vertex -21.161660027940965 -2.2390673845226132 -3.96875
      vertex -21.161660027940965 -2.2390673845226132 1.1906249999999998
    endloop
  endfacet
  facet normal 0.17278870476623032 -0.9849589146280205 0
    outer loop
      vertex -21.333567766693033 -2.2692246987791975 -3.96875
      vertex -21.161660027940965 -2.2390673845226132 1.1906249999999998
      vertex -21.333567766693033 -2.2692246987791975 1.1906249999999998
    endloop
  endfacet
  facet normal 0 0 1
    outer loop
      vertex -21.333567766693033 -2.2692246987791975 1.1906249999999998
      vertex -21.161660027940965 -2.2390673845226132 1.1906249999999998
      vertex -21.161660027940965 -0.7390673845226132 1.1906249999999998
    endloop
  endfacet
  facet normal 0 0 1
    outer loop
      vertex -21.333567766693033 -2.2692246987791975 1.1906249999999998
      vertex -21.161660027940965 -0.7390673845226132 1.1906249999999998
      vertex -21.333567766693033 -0.7692246987791975 1.1906249999999998
    endloop
  endfacet
  facet normal -0.17278870476623032 0.9849589146280205 0
    outer loop
      vertex -21.333567766693033 -0.7692246987791975 -3.96875
      vertex -21.333567766693033 -0.7692246987791975 1.1906249999999998
      vertex -21.161660027940965 -0.7390673845226132 1.1906249999999998
    endloop
  endfacet
  facet normal 0 0 -1
    outer loop
      vertex -21.333567766693033 -0.7692246987791975 -3.96875
      vertex -21.161660027940965 -0.7390673845226132 -3.96875
      vertex -21.161660027940965 -2.2390673845226132 -3.96875
    endloop
  endfacet
  facet normal -0.17278870476623032 0.9849589146280205 0
    outer loop
      vertex -21.333567766693033 -0.7692246987791975 -3.96875
      vertex -21.161660027940965 -0.7390673845226132 1.1906249999999998
      vertex -21.161660027940965 -0.7390673845226132 -3.96875
    endloop
  endfacet
  facet normal 0 0 -1
    outer loop
      vertex -21.161660027940965 -2.2390673845226132 -3.96875
      vertex -21.161660027940965 -0.7390673845226132 -3.96875
      vertex -20.98969991660325 -2.2092101516509928 -3.96875
    endloop
  endfacet
  facet normal 0.17106936486109114 -0.9852589874779233 0
    outer loop
      vertex -21.161660027940965 -2.2390673845226132 -3.96875
      vertex -20.98969991660325 -2.2092101516509928 -3.96875
      vertex -20.98969991660325 -2.2092101516509928 1.1906249999999998
    endloop
  endfacet
  facet normal 0.17106936486109114 -0.9852589874779233 0
    outer loop
      vertex -21.161660027940965 -2.2390673845226132 -3.96875
      vertex -20.98969991660325 -2.2092101516509928 1.1906249999999998
      vertex -21.161660027940965 -2.2390673845226132 1.1906249999999998
    endloop
  endfacet
  facet normal 0 0 1
    outer loop
      vertex -21.161660027940965 -2.2390673845226132 1.1906249999999998
      vertex -20.98969991660325 -2.2092101516509928 1.1906249999999998
      vertex -20.98969991660325 -0.7092101516509928 1.1906249999999998
    endloop
  endfacet
  facet normal 0 0 1
    outer loop
      vertex -21.161660027940965 -2.2390673845226132 1.1906249999999998
      vertex -20.98969991660325 -0.7092101516509928 1.1906249999999998
      vertex -21.161660027940965 -0.7390673845226132 1.1906249999999998
    endloop
  endfacet
  facet normal -0.17106936486109114 0.9852589874779233 0
    outer loop
      vertex -21.161660027940965 -0.7390673845226132 -3.96875
      vertex -21.161660027940965 -0.7390673845226132 1.1906249999999998
      vertex -20.98969991660325 -0.7092101516509928 1.1906249999999998
    endloop
  endfacet
  facet normal 0 0 -1
    outer loop
      vertex -21.161660027940965 -0.7390673845226132 -3.96875
      vertex -20.98969991660325 -0.7092101516509928 -3.96875
      vertex -20.98969991660325 -2.2092101516509928 -3.96875
    endloop
  endfacet
  facet normal -0.17106936486109114 0.9852589874779233 0
    outer loop
      vertex -21.161660027940965 -0.7390673845226132 -3.96875
      vertex -20.98969991660325 -0.7092101516509928 1.1906249999999998
      vertex -20.98969991660325 -0.7092101516509928 -3.96875
    endloop
  endfacet
  facet normal 0 0 -1
    outer loop
      vertex -20.98969991660325 -2.2092101516509928 -3.96875
      vertex -20.98969991660325 -0.7092101516509928 -3.96875
      vertex -20.81768795650026 -2.179653091114645 -3.96875
    endloop
  endfacet
  facet normal 0.16934950384905184 -0.985556059058073 0
    outer loop
      vertex -20.98969991660325 -2.2092101516509928 -3.96875
      vertex -20.81768795650026 -2.179653091114645 -3.96875
      vertex -20.81768795650026 -2.179653091114645 1.1906249999999998
    endloop
  endfacet
  facet normal 0.16934950384905184 -0.985556059058073 0
    outer loop
      vertex -20.98969991660325 -2.2092101516509928 -3.96875
      vertex -20.81768795650026 -2.179653091114645 1.1906249999999998
      vertex -20.98969991660325 -2.2092101516509928 1.1906249999999998
    endloop
  endfacet
  facet normal 0 0 1
    outer loop
      vertex -20.98969991660325 -2.2092101516509928 1.1906249999999998
      vertex -20.81768795650026 -2.179653091114645 1.1906249999999998
      vertex -20.81768795650026 -0.6796530911146448 1.1906249999999998
    endloop
  endfacet
  facet normal 0 0 1
    outer loop
      vertex -20.98969991660325 -2.2092101516509928 1.1906249999999998
      vertex -20.81768795650026 -0.6796530911146448 1.1906249999999998
      vertex -20.98969991660325 -0.7092101516509928 1.1906249999999998
    endloop
  endfacet
  facet normal -0.16934950384905184 0.985556059058073 0
    outer loop
      vertex -20.98969991660325 -0.7092101516509928 -3.96875
      vertex -20.98969991660325 -0.7092101516509928 1.1906249999999998
      vertex -20.81768795650026 -0.6796530911146448 1.1906249999999998
    endloop
  endfacet
  facet normal 0 0 -1
    outer loop
      vertex -20.98969991660325 -0.7092101516509928 -3.96875
      vertex -20.81768795650026 -0.6796530911146448 -3.96875
      vertex -20.81768795650026 -2.179653091114645 -3.96875
    endloop
  endfacet
  facet normal -0.16934950384905184 0.985556059058073 0
    outer loop
      vertex -20.98969991660325 -0.7092101516509928 -3.96875
      vertex -20.81768795650026 -0.6796530911146448 1.1906249999999998
      vertex -20.81768795650026 -0.6796530911146448 -3.96875
    endloop
  endfacet
  facet normal 0 0 -1
    outer loop
      vertex -20.81768795650026 -2.179653091114645 -3.96875
      vertex -20.81768795650026 -0.6796530911146448 -3.96875
      vertex -20.645624671610218 -2.1503962929494946 -3.96875
    endloop
  endfacet
  facet normal 0.16762912696905236 -0.9858501284635476 0
    outer loop
      vertex -20.81768795650026 -2.179653091114645 -3.96875
      vertex -20.645624671610218 -2.1503962929494946 -3.96875
      vertex -20.645624671610218 -2.1503962929494946 1.1906249999999998
    endloop
  endfacet
  facet normal 0.16762912696905236 -0.9858501284635476 0
    outer loop
      vertex -20.81768795650026 -2.179653091114645 -3.96875
      vertex -20.645624671610218 -2.1503962929494946 1.1906249999999998
      vertex -20.81768795650026 -2.179653091114645 1.1906249999999998
    endloop
  endfacet
  facet normal 0 0 1
    outer loop
      vertex -20.81768795650026 -2.179653091114645 1.1906249999999998
      vertex -20.645624671610218 -2.1503962929494946 1.1906249999999998
      vertex -20.645624671610218 -0.6503962929494946 1.1906249999999998
    endloop
  endfacet
  facet normal 0 0 1
    outer loop
      vertex -20.81768795650026 -2.179653091114645 1.1906249999999998
      vertex -20.645624671610218 -0.6503962929494946 1.1906249999999998
      vertex -20.81768795650026 -0.6796530911146448 1.1906249999999998
    endloop
  endfacet
  facet normal -0.16762912696905236 0.9858501284635476 0
    outer loop
      vertex -20.81768795650026 -0.6796530911146448 -3.96875
      vertex -20.81768795650026 -0.6796530911146448 1.1906249999999998
      vertex -20.645624671610218 -0.6503962929494946 1.1906249999999998
    endloop
  endfacet
  facet normal 0 0 -1
    outer loop
      vertex -20.81768795650026 -0.6796530911146448 -3.96875
      vertex -20.645624671610218 -0.6503962929494946 -3.96875
      vertex -20.645624671610218 -2.1503962929494946 -3.96875
    endloop
  endfacet
  facet normal -0.16762912696905236 0.9858501284635476 0
    outer loop
      vertex -20.81768795650026 -0.6796530911146448 -3.96875
      vertex -20.645624671610218 -0.6503962929494946 1.1906249999999998
      vertex -20.645624671610218 -0.6503962929494946 -3.96875
    endloop
  endfacet
  facet normal 0 0 -1
    outer loop
      vertex -20.645624671610218 -2.1503962929494946 -3.96875
      vertex -20.645624671610218 -0.6503962929494946 -3.96875
      vertex -20.473510586067764 -2.121439846276857 -3.96875
    endloop
  endfacet
  facet normal 0.16590823946151045 -0.9861411947985858 0
    outer loop
      vertex -20.645624671610218 -2.1503962929494946 -3.96875
      vertex -20.473510586067764 -2.121439846276857 -3.96875
      vertex -20.473510586067764 -2.121439846276857 1.1906249999999998
    endloop
  endfacet
  facet normal 0.16590823946151045 -0.9861411947985858 0
    outer loop
      vertex -20.645624671610218 -2.1503962929494946 -3.96875
      vertex -20.473510586067764 -2.121439846276857 1.1906249999999998
      vertex -20.645624671610218 -2.1503962929494946 1.1906249999999998
    endloop
  endfacet
  facet normal 0 0 1
    outer loop
      vertex -20.645624671610218 -2.1503962929494946 1.1906249999999998
      vertex -20.473510586067764 -2.121439846276857 1.1906249999999998
      vertex -20.473510586067764 -0.6214398462768571 1.1906249999999998
    endloop
  endfacet
  facet normal 0 0 1
    outer loop
      vertex -20.645624671610218 -2.1503962929494946 1.1906249999999998
      vertex -20.473510586067764 -0.6214398462768571 1.1906249999999998
      vertex -20.645624671610218 -0.6503962929494946 1.1906249999999998
    endloop
  endfacet
  facet normal -0.16590823946151045 0.9861411947985858 0
    outer loop
      vertex -20.645624671610218 -0.6503962929494946 -3.96875
      vertex -20.645624671610218 -0.6503962929494946 1.1906249999999998
      vertex -20.473510586067764 -0.6214398462768571 1.1906249999999998
    endloop
  endfacet
  facet normal 0 0 -1
    outer loop
      vertex -20.645624671610218 -0.6503962929494946 -3.96875
      vertex -20.473510586067764 -0.6214398462768571 -3.96875
      vertex -20.473510586067764 -2.121439846276857 -3.96875
    endloop
  endfacet
  facet normal -0.16590823946151045 0.9861411947985858 0
    outer loop
      vertex -20.645624671610218 -0.6503962929494946 -3.96875
      vertex -20.473510586067764 -0.6214398462768571 1.1906249999999998
      vertex -20.473510586067764 -0.6214398462768571 -3.96875
    endloop
  endfacet
  facet normal 0 0 -1
    outer loop
      vertex -20.473510586067764 -2.121439846276857 -3.96875
      vertex -20.473510586067764 -0.6214398462768571 -3.96875
      vertex -20.301346224162234 -2.092783839303067 -3.96875
    endloop
  endfacet
  facet normal 0.16418684656881166 -0.986429257176504 0
    outer loop
      vertex -20.473510586067764 -2.121439846276857 -3.96875
      vertex -20.301346224162234 -2.092783839303067 -3.96875
      vertex -20.301346224162234 -2.092783839303067 1.1906249999999998
    endloop
  endfacet
  facet normal 0.16418684656881166 -0.986429257176504 0
    outer loop
      vertex -20.473510586067764 -2.121439846276857 -3.96875
      vertex -20.301346224162234 -2.092783839303067 1.1906249999999998
      vertex -20.473510586067764 -2.121439846276857 1.1906249999999998
    endloop
  endfacet
  facet normal 0 0 1
    outer loop
      vertex -20.473510586067764 -2.121439846276857 1.1906249999999998
      vertex -20.301346224162234 -2.092783839303067 1.1906249999999998
      vertex -20.301346224162234 -0.5927838393030669 1.1906249999999998
    endloop
  endfacet
  facet normal 0 0 1
    outer loop
      vertex -20.473510586067764 -2.121439846276857 1.1906249999999998
      vertex -20.301346224162234 -0.5927838393030669 1.1906249999999998
      vertex -20.473510586067764 -0.6214398462768571 1.1906249999999998
    endloop
  endfacet
  facet normal -0.16418684656881166 0.986429257176504 0
    outer loop
      vertex -20.473510586067764 -0.6214398462768571 -3.96875
      vertex -20.473510586067764 -0.6214398462768571 1.1906249999999998
      vertex -20.301346224162234 -0.5927838393030669 1.1906249999999998
    endloop
  endfacet
  facet normal 0 0 -1
    outer loop
      vertex -20.473510586067764 -0.6214398462768571 -3.96875
      vertex -20.301346224162234 -0.5927838393030669 -3.96875
      vertex -20.301346224162234 -2.092783839303067 -3.96875
    endloop
  endfacet
  facet normal -0.16418684656881166 0.986429257176504 0
    outer loop
      vertex -20.473510586067764 -0.6214398462768571 -3.96875
      vertex -20.301346224162234 -0.5927838393030669 1.1906249999999998
      vertex -20.301346224162234 -0.5927838393030669 -3.96875
    endloop
  endfacet
  facet normal 0 0 -1
    outer loop
      vertex -20.301346224162234 -2.092783839303067 -3.96875
      vertex -20.301346224162234 -0.5927838393030669 -3.96875
      vertex -20.12913211033611 -2.0644283593192796 -3.96875
    endloop
  endfacet
  facet normal 0.16246495353454551 -0.9867143147198271 0
    outer loop
      vertex -20.301346224162234 -2.092783839303067 -3.96875
      vertex -20.12913211033611 -2.0644283593192796 -3.96875
      vertex -20.12913211033611 -2.0644283593192796 1.1906249999999998
    endloop
  endfacet
  facet normal 0.16246495353454551 -0.9867143147198271 0
    outer loop
      vertex -20.301346224162234 -2.092783839303067 -3.96875
      vertex -20.12913211033611 -2.0644283593192796 1.1906249999999998
      vertex -20.301346224162234 -2.092783839303067 1.1906249999999998
    endloop
  endfacet
  facet normal 0 0 1
    outer loop
      vertex -20.301346224162234 -2.092783839303067 1.1906249999999998
      vertex -20.12913211033611 -2.0644283593192796 1.1906249999999998
      vertex -20.12913211033611 -0.5644283593192796 1.1906249999999998
    endloop
  endfacet
  facet normal 0 0 1
    outer loop
      vertex -20.301346224162234 -2.092783839303067 1.1906249999999998
      vertex -20.12913211033611 -0.5644283593192796 1.1906249999999998
      vertex -20.301346224162234 -0.5927838393030669 1.1906249999999998
    endloop
  endfacet
  facet normal -0.16246495353454551 0.9867143147198271 0
    outer loop
      vertex -20.301346224162234 -0.5927838393030669 -3.96875
      vertex -20.301346224162234 -0.5927838393030669 1.1906249999999998
      vertex -20.12913211033611 -0.5644283593192796 1.1906249999999998
    endloop
  endfacet
  facet normal 0 0 -1
    outer loop
      vertex -20.301346224162234 -0.5927838393030669 -3.96875
      vertex -20.12913211033611 -0.5644283593192796 -3.96875
      vertex -20.12913211033611 -2.0644283593192796 -3.96875
    endloop
  endfacet
  facet normal -0.16246495353454551 0.9867143147198271 0
    outer loop
      vertex -20.301346224162234 -0.5927838393030669 -3.96875
      vertex -20.12913211033611 -0.5644283593192796 1.1906249999999998
      vertex -20.12913211033611 -0.5644283593192796 -3.96875
    endloop
  endfacet
  facet normal 0 0 -1
    outer loop
      vertex -20.12913211033611 -2.0644283593192796 -3.96875
      vertex -20.12913211033611 -0.5644283593192796 -3.96875
      vertex -19.95686876918349 -2.036373492701216 -3.96875
    endloop
  endfacet
  facet normal 0.1607425656038355 -0.9869963665602304 0
    outer loop
      vertex -20.12913211033611 -2.0644283593192796 -3.96875
      vertex -19.95686876918349 -2.036373492701216 -3.96875
      vertex -19.95686876918349 -2.036373492701216 1.1906249999999998
    endloop
  endfacet
  facet normal 0.1607425656038355 -0.9869963665602304 0
    outer loop
      vertex -20.12913211033611 -2.0644283593192796 -3.96875
      vertex -19.95686876918349 -2.036373492701216 1.1906249999999998
      vertex -20.12913211033611 -2.0644283593192796 1.1906249999999998
    endloop
  endfacet
  facet normal 0 0 1
    outer loop
      vertex -20.12913211033611 -2.0644283593192796 1.1906249999999998
      vertex -19.95686876918349 -2.036373492701216 1.1906249999999998
      vertex -19.95686876918349 -0.536373492701216 1.1906249999999998
    endloop
  endfacet
  facet normal 0 0 1
    outer loop
      vertex -20.12913211033611 -2.0644283593192796 1.1906249999999998
      vertex -19.95686876918349 -0.536373492701216 1.1906249999999998
      vertex -20.12913211033611 -0.5644283593192796 1.1906249999999998
    endloop
  endfacet
  facet normal -0.1607425656038355 0.9869963665602304 0
    outer loop
      vertex -20.12913211033611 -0.5644283593192796 -3.96875
      vertex -20.12913211033611 -0.5644283593192796 1.1906249999999998
      vertex -19.95686876918349 -0.536373492701216 1.1906249999999998
    endloop
  endfacet
  facet normal 0 0 -1
    outer loop
      vertex -20.12913211033611 -0.5644283593192796 -3.96875
      vertex -19.95686876918349 -0.536373492701216 -3.96875
      vertex -19.95686876918349 -2.036373492701216 -3.96875
    endloop
  endfacet
  facet normal -0.1607425656038355 0.9869963665602304 0
    outer loop
      vertex -20.12913211033611 -0.5644283593192796 -3.96875
      vertex -19.95686876918349 -0.536373492701216 1.1906249999999998
      vertex -19.95686876918349 -0.536373492701216 -3.96875
    endloop
  endfacet
  facet normal 0 0 -1
    outer loop
      vertex -19.95686876918349 -2.036373492701216 -3.96875
      vertex -19.95686876918349 -0.536373492701216 -3.96875
      vertex -19.78455672544834 -2.0086193249088637 -3.96875
    endloop
  endfacet
  facet normal 0.15901968802335598 -0.9872754118385378 0
    outer loop
      vertex -19.95686876918349 -2.036373492701216 -3.96875
      vertex -19.78455672544834 -2.0086193249088637 -3.96875
      vertex -19.78455672544834 -2.0086193249088637 1.1906249999999998
    endloop
  endfacet
  facet normal 0.15901968802335598 -0.9872754118385378 0
    outer loop
      vertex -19.95686876918349 -2.036373492701216 -3.96875
      vertex -19.78455672544834 -2.0086193249088637 1.1906249999999998
      vertex -19.95686876918349 -2.036373492701216 1.1906249999999998
    endloop
  endfacet
  facet normal 0 0 1
    outer loop
      vertex -19.95686876918349 -2.036373492701216 1.1906249999999998
      vertex -19.78455672544834 -2.0086193249088637 1.1906249999999998
      vertex -19.78455672544834 -0.5086193249088637 1.1906249999999998
    endloop
  endfacet
  facet normal 0 0 1
    outer loop
      vertex -19.95686876918349 -2.036373492701216 1.1906249999999998
      vertex -19.78455672544834 -0.5086193249088637 1.1906249999999998
      vertex -19.95686876918349 -0.536373492701216 1.1906249999999998
    endloop
  endfacet
  facet normal -0.15901968802335598 0.9872754118385378 0
    outer loop
      vertex -19.95686876918349 -0.536373492701216 -3.96875
      vertex -19.95686876918349 -0.536373492701216 1.1906249999999998
      vertex -19.78455672544834 -0.5086193249088637 1.1906249999999998
    endloop
  endfacet
  facet normal 0 0 -1
    outer loop
      vertex -19.95686876918349 -0.536373492701216 -3.96875
      vertex -19.78455672544834 -0.5086193249088637 -3.96875
      vertex -19.78455672544834 -2.0086193249088637 -3.96875
    endloop
  endfacet
  facet normal -0.15901968802335598 0.9872754118385378 0
    outer loop
      vertex -19.95686876918349 -0.536373492701216 -3.96875
      vertex -19.78455672544834 -0.5086193249088637 1.1906249999999998
      vertex -19.78455672544834 -0.5086193249088637 -3.96875
    endloop
  endfacet
  facet normal 0 0 -1
    outer loop
      vertex -19.78455672544834 -2.0086193249088637 -3.96875
      vertex -19.78455672544834 -0.5086193249088637 -3.96875
      vertex -19.61219650402309 -1.9811659404862212 -3.96875
    endloop
  endfacet
  facet normal 0.157296326041441 -0.9875514497047051 0
    outer loop
      vertex -19.78455672544834 -2.0086193249088637 -3.96875
      vertex -19.61219650402309 -1.9811659404862212 -3.96875
      vertex -19.61219650402309 -1.9811659404862212 1.1906249999999998
    endloop
  endfacet
  facet normal 0.157296326041441 -0.9875514497047051 0
    outer loop
      vertex -19.78455672544834 -2.0086193249088637 -3.96875
      vertex -19.61219650402309 -1.9811659404862212 1.1906249999999998
      vertex -19.78455672544834 -2.0086193249088637 1.1906249999999998
    endloop
  endfacet
  facet normal 0 0 1
    outer loop
      vertex -19.78455672544834 -2.0086193249088637 1.1906249999999998
      vertex -19.61219650402309 -1.9811659404862212 1.1906249999999998
      vertex -19.61219650402309 -0.4811659404862212 1.1906249999999998
    endloop
  endfacet
  facet normal 0 0 1
    outer loop
      vertex -19.78455672544834 -2.0086193249088637 1.1906249999999998
      vertex -19.61219650402309 -0.4811659404862212 1.1906249999999998
      vertex -19.78455672544834 -0.5086193249088637 1.1906249999999998
    endloop
  endfacet
  facet normal -0.157296326041441 0.9875514497047051 0
    outer loop
      vertex -19.78455672544834 -0.5086193249088637 -3.96875
      vertex -19.78455672544834 -0.5086193249088637 1.1906249999999998
      vertex -19.61219650402309 -0.4811659404862212 1.1906249999999998
    endloop
  endfacet
  facet normal 0 0 -1
    outer loop
      vertex -19.78455672544834 -0.5086193249088637 -3.96875
      vertex -19.61219650402309 -0.4811659404862212 -3.96875
      vertex -19.61219650402309 -1.9811659404862212 -3.96875
    endloop
  endfacet
  facet normal -0.157296326041441 0.9875514497047051 0
    outer loop
      vertex -19.78455672544834 -0.5086193249088637 -3.96875
      vertex -19.61219650402309 -0.4811659404862212 1.1906249999999998
      vertex -19.61219650402309 -0.4811659404862212 -3.96875
    endloop
  endfacet
  facet normal 0 0 -1
    outer loop
      vertex -19.61219650402309 -1.9811659404862212 -3.96875
      vertex -19.61219650402309 -0.4811659404862212 -3.96875
      vertex -19.43978862994682 -1.9540134230610846 -3.96875
    endloop
  endfacet
  facet normal 0.15557248490745088 -0.9878244793179207 0
    outer loop
      vertex -19.61219650402309 -1.9811659404862212 -3.96875
      vertex -19.43978862994682 -1.9540134230610846 -3.96875
      vertex -19.43978862994682 -1.9540134230610846 1.1906249999999998
    endloop
  endfacet
  facet normal 0.15557248490745088 -0.9878244793179207 0
    outer loop
      vertex -19.61219650402309 -1.9811659404862212 -3.96875
      vertex -19.43978862994682 -1.9540134230610846 1.1906249999999998
      vertex -19.61219650402309 -1.9811659404862212 1.1906249999999998
    endloop
  endfacet
  facet normal 0 0 1
    outer loop
      vertex -19.61219650402309 -1.9811659404862212 1.1906249999999998
      vertex -19.43978862994682 -1.9540134230610846 1.1906249999999998
      vertex -19.43978862994682 -0.4540134230610846 1.1906249999999998
    endloop
  endfacet
  facet normal 0 0 1
    outer loop
      vertex -19.61219650402309 -1.9811659404862212 1.1906249999999998
      vertex -19.43978862994682 -0.4540134230610846 1.1906249999999998
      vertex -19.61219650402309 -0.4811659404862212 1.1906249999999998
    endloop
  endfacet
  facet normal -0.15557248490745088 0.9878244793179207 0
    outer loop
      vertex -19.61219650402309 -0.4811659404862212 -3.96875
      vertex -19.61219650402309 -0.4811659404862212 1.1906249999999998
      vertex -19.43978862994682 -0.4540134230610846 1.1906249999999998
    endloop
  endfacet
  facet normal 0 0 -1
    outer loop
      vertex -19.61219650402309 -0.4811659404862212 -3.96875
      vertex -19.43978862994682 -0.4540134230610846 -3.96875
      vertex -19.43978862994682 -1.9540134230610846 -3.96875
    endloop
  endfacet
  facet normal -0.15557248490745088 0.9878244793179207 0
    outer loop
      vertex -19.61219650402309 -0.4811659404862212 -3.96875
      vertex -19.43978862994682 -0.4540134230610846 1.1906249999999998
      vertex -19.43978862994682 -0.4540134230610846 -3.96875
    endloop
  endfacet
  facet normal 0 0 -1
    outer loop
      vertex -19.43978862994682 -1.9540134230610846 -3.96875
      vertex -19.43978862994682 -0.4540134230610846 -3.96875
      vertex -19.267333628403804 -1.9271618553447212 -3.96875
    endloop
  endfacet
  facet normal 0.15384816987273994 -0.9880944998464511 0
    outer loop
      vertex -19.43978862994682 -1.9540134230610846 -3.96875
      vertex -19.267333628403804 -1.9271618553447212 -3.96875
      vertex -19.267333628403804 -1.9271618553447212 1.1906249999999998
    endloop
  endfacet
  facet normal 0.15384816987273994 -0.9880944998464511 0
    outer loop
      vertex -19.43978862994682 -1.9540134230610846 -3.96875
      vertex -19.267333628403804 -1.9271618553447212 1.1906249999999998
      vertex -19.43978862994682 -1.9540134230610846 1.1906249999999998
    endloop
  endfacet
  facet normal 0 0 1
    outer loop
      vertex -19.43978862994682 -1.9540134230610846 1.1906249999999998
      vertex -19.267333628403804 -1.9271618553447212 1.1906249999999998
      vertex -19.267333628403804 -0.4271618553447212 1.1906249999999998
    endloop
  endfacet
  facet normal 0 0 1
    outer loop
      vertex -19.43978862994682 -1.9540134230610846 1.1906249999999998
      vertex -19.267333628403804 -0.4271618553447212 1.1906249999999998
      vertex -19.43978862994682 -0.4540134230610846 1.1906249999999998
    endloop
  endfacet
  facet normal -0.15384816987273994 0.9880944998464511 0
    outer loop
      vertex -19.43978862994682 -0.4540134230610846 -3.96875
      vertex -19.43978862994682 -0.4540134230610846 1.1906249999999998
      vertex -19.267333628403804 -0.4271618553447212 1.1906249999999998
    endloop
  endfacet
  facet normal 0 0 -1
    outer loop
      vertex -19.43978862994682 -0.4540134230610846 -3.96875
      vertex -19.267333628403804 -0.4271618553447212 -3.96875
      vertex -19.267333628403804 -1.9271618553447212 -3.96875
    endloop
  endfacet
  facet normal -0.15384816987273994 0.9880944998464511 0
    outer loop
      vertex -19.43978862994682 -0.4540134230610846 -3.96875
      vertex -19.267333628403804 -0.4271618553447212 1.1906249999999998
      vertex -19.267333628403804 -0.4271618553447212 -3.96875
    endloop
  endfacet
  facet normal 0 0 -1
    outer loop
      vertex -19.267333628403804 -1.9271618553447212 -3.96875
      vertex -19.267333628403804 -0.4271618553447212 -3.96875
      vertex -19.094832024721924 -1.9006113191316416 -3.96875
    endloop
  endfacet
  facet normal 0.15212338618997168 -0.9883615104677523 0
    outer loop
      vertex -19.267333628403804 -1.9271618553447212 -3.96875
      vertex -19.094832024721924 -1.9006113191316416 -3.96875
      vertex -19.094832024721924 -1.9006113191316416 1.1906249999999998
    endloop
  endfacet
  facet normal 0.15212338618997168 -0.9883615104677523 0
    outer loop
      vertex -19.267333628403804 -1.9271618553447212 -3.96875
      vertex -19.094832024721924 -1.9006113191316416 1.1906249999999998
      vertex -19.267333628403804 -1.9271618553447212 1.1906249999999998
    endloop
  endfacet
  facet normal 0 0 1
    outer loop
      vertex -19.267333628403804 -1.9271618553447212 1.1906249999999998
      vertex -19.094832024721924 -1.9006113191316416 1.1906249999999998
      vertex -19.094832024721924 -0.4006113191316416 1.1906249999999998
    endloop
  endfacet
  facet normal 0 0 1
    outer loop
      vertex -19.267333628403804 -1.9271618553447212 1.1906249999999998
      vertex -19.094832024721924 -0.4006113191316416 1.1906249999999998
      vertex -19.267333628403804 -0.4271618553447212 1.1906249999999998
    endloop
  endfacet
  facet normal -0.15212338618997168 0.9883615104677523 0
    outer loop
      vertex -19.267333628403804 -0.4271618553447212 -3.96875
      vertex -19.267333628403804 -0.4271618553447212 1.1906249999999998
      vertex -19.094832024721924 -0.4006113191316416 1.1906249999999998
    endloop
  endfacet
  facet normal 0 0 -1
    outer loop
      vertex -19.267333628403804 -0.4271618553447212 -3.96875
      vertex -19.094832024721924 -0.4006113191316416 -3.96875
      vertex -19.094832024721924 -1.9006113191316416 -3.96875
    endloop
  endfacet
  facet normal -0.15212338618997168 0.9883615104677523 0
    outer loop
      vertex -19.267333628403804 -0.4271618553447212 -3.96875
      vertex -19.094832024721924 -0.4006113191316416 1.1906249999999998
      vertex -19.094832024721924 -0.4006113191316416 -3.96875
    endloop
  endfacet
  facet normal 0 0 -1
    outer loop
      vertex -19.094832024721924 -1.9006113191316416 -3.96875
      vertex -19.094832024721924 -0.4006113191316416 -3.96875
      vertex -18.922284344370944 -1.8743618952994154 -3.96875
    endloop
  endfacet
  facet normal 0.15039813911277916 -0.9886255103685183 0
    outer loop
      vertex -19.094832024721924 -1.9006113191316416 -3.96875
      vertex -18.922284344370944 -1.8743618952994154 -3.96875
      vertex -18.922284344370944 -1.8743618952994154 1.1906249999999998
    endloop
  endfacet
  facet normal 0.15039813911277916 -0.9886255103685183 0
    outer loop
      vertex -19.094832024721924 -1.9006113191316416 -3.96875
      vertex -18.922284344370944 -1.8743618952994154 1.1906249999999998
      vertex -19.094832024721924 -1.9006113191316416 1.1906249999999998
    endloop
  endfacet
  facet normal 0 0 1
    outer loop
      vertex -19.094832024721924 -1.9006113191316416 1.1906249999999998
      vertex -18.922284344370944 -1.8743618952994154 1.1906249999999998
      vertex -18.922284344370944 -0.37436189529941544 1.1906249999999998
    endloop
  endfacet
  facet normal 0 0 1
    outer loop
      vertex -19.094832024721924 -1.9006113191316416 1.1906249999999998
      vertex -18.922284344370944 -0.37436189529941544 1.1906249999999998
      vertex -19.094832024721924 -0.4006113191316416 1.1906249999999998
    endloop
  endfacet
  facet normal -0.15039813911277916 0.9886255103685183 0
    outer loop
      vertex -19.094832024721924 -0.4006113191316416 -3.96875
      vertex -19.094832024721924 -0.4006113191316416 1.1906249999999998
      vertex -18.922284344370944 -0.37436189529941544 1.1906249999999998
    endloop
  endfacet
  facet normal 0 0 -1
    outer loop
      vertex -19.094832024721924 -0.4006113191316416 -3.96875
      vertex -18.922284344370944 -0.37436189529941544 -3.96875
      vertex -18.922284344370944 -1.8743618952994154 -3.96875
    endloop
  endfacet
  facet normal -0.15039813911277916 0.9886255103685183 0
    outer loop
      vertex -19.094832024721924 -0.4006113191316416 -3.96875
      vertex -18.922284344370944 -0.37436189529941544 1.1906249999999998
      vertex -18.922284344370944 -0.37436189529941544 -3.96875
    endloop
  endfacet
  facet normal 0 0 -1
    outer loop
      vertex -18.922284344370944 -1.8743618952994154 -3.96875
      vertex -18.922284344370944 -0.37436189529941544 -3.96875
      vertex -18.749691112961063 -1.8484136638083157 -3.96875
    endloop
  endfacet
  facet normal 0.14867243389694382 -0.9888864987445014 0
    outer loop
      vertex -18.922284344370944 -1.8743618952994154 -3.96875
      vertex -18.749691112961063 -1.8484136638083157 -3.96875
      vertex -18.749691112961063 -1.8484136638083157 1.1906249999999998
    endloop
  endfacet
  facet normal 0.14867243389694382 -0.9888864987445014 0
    outer loop
      vertex -18.922284344370944 -1.8743618952994154 -3.96875
      vertex -18.749691112961063 -1.8484136638083157 1.1906249999999998
      vertex -18.922284344370944 -1.8743618952994154 1.1906249999999998
    endloop
  endfacet
  facet normal 0 0 1
    outer loop
      vertex -18.922284344370944 -1.8743618952994154 1.1906249999999998
      vertex -18.749691112961063 -1.8484136638083157 1.1906249999999998
      vertex -18.749691112961063 -0.34841366380831573 1.1906249999999998
    endloop
  endfacet
  facet normal 0 0 1
    outer loop
      vertex -18.922284344370944 -1.8743618952994154 1.1906249999999998
      vertex -18.749691112961063 -0.34841366380831573 1.1906249999999998
      vertex -18.922284344370944 -0.37436189529941544 1.1906249999999998
    endloop
  endfacet
  facet normal -0.14867243389694382 0.9888864987445014 0
    outer loop
      vertex -18.922284344370944 -0.37436189529941544 -3.96875
      vertex -18.922284344370944 -0.37436189529941544 1.1906249999999998
      vertex -18.749691112961063 -0.34841366380831573 1.1906249999999998
    endloop
  endfacet
  facet normal 0 0 -1
    outer loop
      vertex -18.922284344370944 -0.37436189529941544 -3.96875
      vertex -18.749691112961063 -0.34841366380831573 -3.96875
      vertex -18.749691112961063 -1.8484136638083157 -3.96875
    endloop
  endfacet
  facet normal -0.14867243389694382 0.9888864987445014 0
    outer loop
      vertex -18.922284344370944 -0.37436189529941544 -3.96875
      vertex -18.749691112961063 -0.34841366380831573 1.1906249999999998
      vertex -18.749691112961063 -0.34841366380831573 -3.96875
    endloop
  endfacet
  facet normal 0 0 -1
    outer loop
      vertex -18.749691112961063 -1.8484136638083157 -3.96875
      vertex -18.749691112961063 -0.34841366380831573 -3.96875
      vertex -18.57705285624117 -1.8227667037011628 -3.96875
    endloop
  endfacet
  facet normal 0.14694627579902883 -0.9891444748007219 0
    outer loop
      vertex -18.749691112961063 -1.8484136638083157 -3.96875
      vertex -18.57705285624117 -1.8227667037011628 -3.96875
      vertex -18.57705285624117 -1.8227667037011628 1.1906249999999998
    endloop
  endfacet
  facet normal 0.14694627579902883 -0.9891444748007219 0
    outer loop
      vertex -18.749691112961063 -1.8484136638083157 -3.96875
      vertex -18.57705285624117 -1.8227667037011628 1.1906249999999998
      vertex -18.749691112961063 -1.8484136638083157 1.1906249999999998
    endloop
  endfacet
  facet normal 0 0 1
    outer loop
      vertex -18.749691112961063 -1.8484136638083157 1.1906249999999998
      vertex -18.57705285624117 -1.8227667037011628 1.1906249999999998
      vertex -18.57705285624117 -0.3227667037011628 1.1906249999999998
    endloop
  endfacet
  facet normal 0 0 1
    outer loop
      vertex -18.749691112961063 -1.8484136638083157 1.1906249999999998
      vertex -18.57705285624117 -0.3227667037011628 1.1906249999999998
      vertex -18.749691112961063 -0.34841366380831573 1.1906249999999998
    endloop
  endfacet
  facet normal -0.14694627579902883 0.9891444748007219 0
    outer loop
      vertex -18.749691112961063 -0.34841366380831573 -3.96875
      vertex -18.749691112961063 -0.34841366380831573 1.1906249999999998
      vertex -18.57705285624117 -0.3227667037011628 1.1906249999999998
    endloop
  endfacet
  facet normal 0 0 -1
    outer loop
      vertex -18.749691112961063 -0.34841366380831573 -3.96875
      vertex -18.57705285624117 -0.3227667037011628 -3.96875
      vertex -18.57705285624117 -1.8227667037011628 -3.96875
    endloop
  endfacet
  facet normal -0.14694627579902883 0.9891444748007219 0
    outer loop
      vertex -18.749691112961063 -0.34841366380831573 -3.96875
      vertex -18.57705285624117 -0.3227667037011628 1.1906249999999998
      vertex -18.57705285624117 -0.3227667037011628 -3.96875
    endloop
  endfacet
  facet normal 0 0 -1
    outer loop
      vertex -18.57705285624117 -1.8227667037011628 -3.96875
      vertex -18.57705285624117 -0.3227667037011628 -3.96875
      vertex -18.404370100097317 -1.797421093103054 -3.96875
    endloop
  endfacet
  facet normal 0.14521967007720682 -0.9893994377513396 0
    outer loop
      vertex -18.57705285624117 -1.8227667037011628 -3.96875
      vertex -18.404370100097317 -1.797421093103054 -3.96875
      vertex -18.404370100097317 -1.797421093103054 1.1906249999999998
    endloop
  endfacet
  facet normal 0.14521967007720682 -0.9893994377513396 0
    outer loop
      vertex -18.57705285624117 -1.8227667037011628 -3.96875
      vertex -18.404370100097317 -1.797421093103054 1.1906249999999998
      vertex -18.57705285624117 -1.8227667037011628 1.1906249999999998
    endloop
  endfacet
  facet normal 0 0 1
    outer loop
      vertex -18.57705285624117 -1.8227667037011628 1.1906249999999998
      vertex -18.404370100097317 -1.797421093103054 1.1906249999999998
      vertex -18.404370100097317 -0.2974210931030541 1.1906249999999998
    endloop
  endfacet
  facet normal 0 0 1
    outer loop
      vertex -18.57705285624117 -1.8227667037011628 1.1906249999999998
      vertex -18.404370100097317 -0.2974210931030541 1.1906249999999998
      vertex -18.57705285624117 -0.3227667037011628 1.1906249999999998
    endloop
  endfacet
  facet normal -0.14521967007720682 0.9893994377513396 0
    outer loop
      vertex -18.57705285624117 -0.3227667037011628 -3.96875
      vertex -18.57705285624117 -0.3227667037011628 1.1906249999999998
      vertex -18.404370100097317 -0.2974210931030541 1.1906249999999998
    endloop
  endfacet
  facet normal 0 0 -1
    outer loop
      vertex -18.57705285624117 -0.3227667037011628 -3.96875
      vertex -18.404370100097317 -0.2974210931030541 -3.96875
      vertex -18.404370100097317 -1.797421093103054 -3.96875
    endloop
  endfacet
  facet normal -0.14521967007720682 0.9893994377513396 0
    outer loop
      vertex -18.57705285624117 -0.3227667037011628 -3.96875
      vertex -18.404370100097317 -0.2974210931030541 1.1906249999999998
      vertex -18.404370100097317 -0.2974210931030541 -3.96875
    endloop
  endfacet
  facet normal 0 0 -1
    outer loop
      vertex -18.404370100097317 -1.797421093103054 -3.96875
      vertex -18.404370100097317 -0.2974210931030541 -3.96875
      vertex -18.231643370551172 -1.7723769092210944 -3.96875
    endloop
  endfacet
  facet normal 0.1434926219912394 -0.9896513868196615 0
    outer loop
      vertex -18.404370100097317 -1.797421093103054 -3.96875
      vertex -18.231643370551172 -1.7723769092210944 -3.96875
      vertex -18.231643370551172 -1.7723769092210944 1.1906249999999998
    endloop
  endfacet
  facet normal 0.1434926219912394 -0.9896513868196615 0
    outer loop
      vertex -18.404370100097317 -1.797421093103054 -3.96875
      vertex -18.231643370551172 -1.7723769092210944 1.1906249999999998
      vertex -18.404370100097317 -1.797421093103054 1.1906249999999998
    endloop
  endfacet
  facet normal 0 0 1
    outer loop
      vertex -18.404370100097317 -1.797421093103054 1.1906249999999998
      vertex -18.231643370551172 -1.7723769092210944 1.1906249999999998
      vertex -18.231643370551172 -0.27237690922109437 1.1906249999999998
    endloop
  endfacet
  facet normal 0 0 1
    outer loop
      vertex -18.404370100097317 -1.797421093103054 1.1906249999999998
      vertex -18.231643370551172 -0.27237690922109437 1.1906249999999998
      vertex -18.404370100097317 -0.2974210931030541 1.1906249999999998
    endloop
  endfacet
  facet normal -0.1434926219912394 0.9896513868196615 0
    outer loop
      vertex -18.404370100097317 -0.2974210931030541 -3.96875
      vertex -18.404370100097317 -0.2974210931030541 1.1906249999999998
      vertex -18.231643370551172 -0.27237690922109437 1.1906249999999998
    endloop
  endfacet
  facet normal 0 0 -1
    outer loop
      vertex -18.404370100097317 -0.2974210931030541 -3.96875
      vertex -18.231643370551172 -0.27237690922109437 -3.96875
      vertex -18.231643370551172 -1.7723769092210944 -3.96875
    endloop
  endfacet
  facet normal -0.1434926219912394 0.9896513868196615 0
    outer loop
      vertex -18.404370100097317 -0.2974210931030541 -3.96875
      vertex -18.231643370551172 -0.27237690922109437 1.1906249999999998
      vertex -18.231643370551172 -0.27237690922109437 -3.96875
    endloop
  endfacet
  facet normal 0 0 -1
    outer loop
      vertex -18.231643370551172 -1.7723769092210944 -3.96875
      vertex -18.231643370551172 -0.27237690922109437 -3.96875
      vertex -18.058873193758256 -1.7476342283442534 -3.96875
    endloop
  endfacet
  facet normal 0.14176513680157954 -0.9899003212382697 0
    outer loop
      vertex -18.231643370551172 -1.7723769092210944 -3.96875
      vertex -18.058873193758256 -1.7476342283442534 -3.96875
      vertex -18.058873193758256 -1.7476342283442534 1.1906249999999998
    endloop
  endfacet
  facet normal 0.14176513680157954 -0.9899003212382697 0
    outer loop
      vertex -18.231643370551172 -1.7723769092210944 -3.96875
      vertex -18.058873193758256 -1.7476342283442534 1.1906249999999998
      vertex -18.231643370551172 -1.7723769092210944 1.1906249999999998
    endloop
  endfacet
  facet normal 0 0 1
    outer loop
      vertex -18.231643370551172 -1.7723769092210944 1.1906249999999998
      vertex -18.058873193758256 -1.7476342283442534 1.1906249999999998
      vertex -18.058873193758256 -0.24763422834425342 1.1906249999999998
    endloop
  endfacet
  facet normal 0 0 1
    outer loop
      vertex -18.231643370551172 -1.7723769092210944 1.1906249999999998
      vertex -18.058873193758256 -0.24763422834425342 1.1906249999999998
      vertex -18.231643370551172 -0.27237690922109437 1.1906249999999998
    endloop
  endfacet
  facet normal -0.14176513680157954 0.9899003212382697 0
    outer loop
      vertex -18.231643370551172 -0.27237690922109437 -3.96875
      vertex -18.231643370551172 -0.27237690922109437 1.1906249999999998
      vertex -18.058873193758256 -0.24763422834425342 1.1906249999999998
    endloop
  endfacet
  facet normal 0 0 -1
    outer loop
      vertex -18.231643370551172 -0.27237690922109437 -3.96875
      vertex -18.058873193758256 -0.24763422834425342 -3.96875
      vertex -18.058873193758256 -1.7476342283442534 -3.96875
    endloop
  endfacet
  facet normal -0.14176513680157954 0.9899003212382697 0
    outer loop
      vertex -18.231643370551172 -0.27237690922109437 -3.96875
      vertex -18.058873193758256 -0.24763422834425342 1.1906249999999998
      vertex -18.058873193758256 -0.24763422834425342 -3.96875
    endloop
  endfacet
  facet normal 0 0 -1
    outer loop
      vertex -18.058873193758256 -1.7476342283442534 -3.96875
      vertex -18.058873193758256 -0.24763422834425342 -3.96875
      vertex -17.886060096006545 -1.7231931258429682 -3.96875
    endloop
  endfacet
  facet normal 0.14003721977110872 -0.9901462402487716 0
    outer loop
      vertex -18.058873193758256 -1.7476342283442534 -3.96875
      vertex -17.886060096006545 -1.7231931258429682 -3.96875
      vertex -17.886060096006545 -1.7231931258429682 1.1906249999999998
    endloop
  endfacet
  facet normal 0.14003721977110872 -0.9901462402487716 0
    outer loop
      vertex -18.058873193758256 -1.7476342283442534 -3.96875
      vertex -17.886060096006545 -1.7231931258429682 1.1906249999999998
      vertex -18.058873193758256 -1.7476342283442534 1.1906249999999998
    endloop
  endfacet
  facet normal 0 0 1
    outer loop
      vertex -18.058873193758256 -1.7476342283442534 1.1906249999999998
      vertex -17.886060096006545 -1.7231931258429682 1.1906249999999998
      vertex -17.886060096006545 -0.22319312584296824 1.1906249999999998
    endloop
  endfacet
  facet normal 0 0 1
    outer loop
      vertex -18.058873193758256 -1.7476342283442534 1.1906249999999998
      vertex -17.886060096006545 -0.22319312584296824 1.1906249999999998
      vertex -18.058873193758256 -0.24763422834425342 1.1906249999999998
    endloop
  endfacet
  facet normal -0.14003721977110872 0.9901462402487716 0
    outer loop
      vertex -18.058873193758256 -0.24763422834425342 -3.96875
      vertex -18.058873193758256 -0.24763422834425342 1.1906249999999998
      vertex -17.886060096006545 -0.22319312584296824 1.1906249999999998
    endloop
  endfacet
  facet normal 0 0 -1
    outer loop
      vertex -18.058873193758256 -0.24763422834425342 -3.96875
      vertex -17.886060096006545 -0.22319312584296824 -3.96875
      vertex -17.886060096006545 -1.7231931258429682 -3.96875
    endloop
  endfacet
  facet normal -0.14003721977110872 0.9901462402487716 0
    outer loop
      vertex -18.058873193758256 -0.24763422834425342 -3.96875
      vertex -17.886060096006545 -0.22319312584296824 1.1906249999999998
      vertex -17.886060096006545 -0.22319312584296824 -3.96875
    endloop
  endfacet
  facet normal 0 0 -1
    outer loop
      vertex -17.886060096006545 -1.7231931258429682 -3.96875
      vertex -17.886060096006545 -0.22319312584296824 -3.96875
      vertex -17.713204603714676 -1.6990536761691146 -3.96875
    endloop
  endfacet
  facet normal 0.13830887616273752 -0.9903891431021448 0
    outer loop
      vertex -17.886060096006545 -1.7231931258429682 -3.96875
      vertex -17.713204603714676 -1.6990536761691146 -3.96875
      vertex -17.713204603714676 -1.6990536761691146 1.1906249999999998
    endloop
  endfacet
  facet normal 0.13830887616273752 -0.9903891431021448 0
    outer loop
      vertex -17.886060096006545 -1.7231931258429682 -3.96875
      vertex -17.713204603714676 -1.6990536761691146 1.1906249999999998
      vertex -17.886060096006545 -1.7231931258429682 1.1906249999999998
    endloop
  endfacet
  facet normal 0 0 1
    outer loop
      vertex -17.886060096006545 -1.7231931258429682 1.1906249999999998
      vertex -17.713204603714676 -1.6990536761691146 1.1906249999999998
      vertex -17.713204603714676 -0.19905367616911462 1.1906249999999998
    endloop
  endfacet
  facet normal 0 0 1
    outer loop
      vertex -17.886060096006545 -1.7231931258429682 1.1906249999999998
      vertex -17.713204603714676 -0.19905367616911462 1.1906249999999998
      vertex -17.886060096006545 -0.22319312584296824 1.1906249999999998
    endloop
  endfacet
  facet normal -0.13830887616273752 0.9903891431021448 0
    outer loop
      vertex -17.886060096006545 -0.22319312584296824 -3.96875
      vertex -17.886060096006545 -0.22319312584296824 1.1906249999999998
      vertex -17.713204603714676 -0.19905367616911462 1.1906249999999998
    endloop
  endfacet
  facet normal 0 0 -1
    outer loop
      vertex -17.886060096006545 -0.22319312584296824 -3.96875
      vertex -17.713204603714676 -0.19905367616911462 -3.96875
      vertex -17.713204603714676 -1.6990536761691146 -3.96875
    endloop
  endfacet
  facet normal -0.13830887616273752 0.9903891431021448 0
    outer loop
      vertex -17.886060096006545 -0.22319312584296824 -3.96875
      vertex -17.713204603714676 -0.19905367616911462 1.1906249999999998
      vertex -17.713204603714676 -0.19905367616911462 -3.96875
    endloop
  endfacet
  facet normal 0 0 -1
    outer loop
      vertex -17.713204603714676 -1.6990536761691146 -3.96875
      vertex -17.713204603714676 -0.19905367616911462 -3.96875
      vertex -17.540307243430433 -1.6752159528556376 -3.96875
    endloop
  endfacet
  facet normal 0.13658011124155586 -0.9906290290584282 0
    outer loop
      vertex -17.713204603714676 -1.6990536761691146 -3.96875
      vertex -17.540307243430433 -1.6752159528556376 -3.96875
      vertex -17.540307243430433 -1.6752159528556376 1.1906249999999998
    endloop
  endfacet
  facet normal 0.13658011124155586 -0.9906290290584282 0
    outer loop
      vertex -17.713204603714676 -1.6990536761691146 -3.96875
      vertex -17.540307243430433 -1.6752159528556376 1.1906249999999998
      vertex -17.713204603714676 -1.6990536761691146 1.1906249999999998
    endloop
  endfacet
  facet normal 0 0 1
    outer loop
      vertex -17.713204603714676 -1.6990536761691146 1.1906249999999998
      vertex -17.540307243430433 -1.6752159528556376 1.1906249999999998
      vertex -17.540307243430433 -0.17521595285563762 1.1906249999999998
    endloop
  endfacet
  facet normal 0 0 1
    outer loop
      vertex -17.713204603714676 -1.6990536761691146 1.1906249999999998
      vertex -17.540307243430433 -0.17521595285563762 1.1906249999999998
      vertex -17.713204603714676 -0.19905367616911462 1.1906249999999998
    endloop
  endfacet
  facet normal -0.13658011124155586 0.9906290290584282 0
    outer loop
      vertex -17.713204603714676 -0.19905367616911462 -3.96875
      vertex -17.713204603714676 -0.19905367616911462 1.1906249999999998
      vertex -17.540307243430433 -0.17521595285563762 1.1906249999999998
    endloop
  endfacet
  facet normal 0 0 -1
    outer loop
      vertex -17.713204603714676 -0.19905367616911462 -3.96875
      vertex -17.540307243430433 -0.17521595285563762 -3.96875
      vertex -17.540307243430433 -1.6752159528556376 -3.96875
    endloop
  endfacet
  facet normal -0.13658011124155586 0.9906290290584282 0
    outer loop
      vertex -17.713204603714676 -0.19905367616911462 -3.96875
      vertex -17.540307243430433 -0.17521595285563762 1.1906249999999998
      vertex -17.540307243430433 -0.17521595285563762 -3.96875
    endloop
  endfacet
  facet normal 0 0 -1
    outer loop
      vertex -17.540307243430433 -1.6752159528556376 -3.96875
      vertex -17.540307243430433 -0.17521595285563762 -3.96875
      vertex -17.367368541829208 -1.6516800285163669 -3.96875
    endloop
  endfacet
  facet normal 0.13485093027375855 -0.9908658973868775 0
    outer loop
      vertex -17.540307243430433 -1.6752159528556376 -3.96875
      vertex -17.367368541829208 -1.6516800285163669 -3.96875
      vertex -17.367368541829208 -1.6516800285163669 1.1906249999999998
    endloop
  endfacet
  facet normal 0.13485093027375855 -0.9908658973868775 0
    outer loop
      vertex -17.540307243430433 -1.6752159528556376 -3.96875
      vertex -17.367368541829208 -1.6516800285163669 1.1906249999999998
      vertex -17.540307243430433 -1.6752159528556376 1.1906249999999998
    endloop
  endfacet
  facet normal 0 0 1
    outer loop
      vertex -17.540307243430433 -1.6752159528556376 1.1906249999999998
      vertex -17.367368541829208 -1.6516800285163669 1.1906249999999998
      vertex -17.367368541829208 -0.15168002851636686 1.1906249999999998
    endloop
  endfacet
  facet normal 0 0 1
    outer loop
      vertex -17.540307243430433 -1.6752159528556376 1.1906249999999998
      vertex -17.367368541829208 -0.15168002851636686 1.1906249999999998
      vertex -17.540307243430433 -0.17521595285563762 1.1906249999999998
    endloop
  endfacet
  facet normal -0.13485093027375855 0.9908658973868775 0
    outer loop
      vertex -17.540307243430433 -0.17521595285563762 -3.96875
      vertex -17.540307243430433 -0.17521595285563762 1.1906249999999998
      vertex -17.367368541829208 -0.15168002851636686 1.1906249999999998
    endloop
  endfacet
  facet normal 0 0 -1
    outer loop
      vertex -17.540307243430433 -0.17521595285563762 -3.96875
      vertex -17.367368541829208 -0.15168002851636686 -3.96875
      vertex -17.367368541829208 -1.6516800285163669 -3.96875
    endloop
  endfacet
  facet normal -0.13485093027375855 0.9908658973868775 0
    outer loop
      vertex -17.540307243430433 -0.17521595285563762 -3.96875
      vertex -17.367368541829208 -0.15168002851636686 1.1906249999999998
      vertex -17.367368541829208 -0.15168002851636686 -3.96875
    endloop
  endfacet
  facet normal 0 0 -1
    outer loop
      vertex -17.367368541829208 -1.6516800285163669 -3.96875
      vertex -17.367368541829208 -0.15168002851636686 -3.96875
      vertex -17.194389025712233 -1.6284459748458318 -3.96875
    endloop
  endfacet
  facet normal 0.13312133852648325 -0.9910997473659839 0
    outer loop
      vertex -17.367368541829208 -1.6516800285163669 -3.96875
      vertex -17.194389025712233 -1.6284459748458318 -3.96875
      vertex -17.194389025712233 -1.6284459748458318 1.1906249999999998
    endloop
  endfacet
  facet normal 0.13312133852648325 -0.9910997473659839 0
    outer loop
      vertex -17.367368541829208 -1.6516800285163669 -3.96875
      vertex -17.194389025712233 -1.6284459748458318 1.1906249999999998
      vertex -17.367368541829208 -1.6516800285163669 1.1906249999999998
    endloop
  endfacet
  facet normal 0 0 1
    outer loop
      vertex -17.367368541829208 -1.6516800285163669 1.1906249999999998
      vertex -17.194389025712233 -1.6284459748458318 1.1906249999999998
      vertex -17.194389025712233 -0.12844597484583176 1.1906249999999998
    endloop
  endfacet
  facet normal 0 0 1
    outer loop
      vertex -17.367368541829208 -1.6516800285163669 1.1906249999999998
      vertex -17.194389025712233 -0.12844597484583176 1.1906249999999998
      vertex -17.367368541829208 -0.15168002851636686 1.1906249999999998
    endloop
  endfacet
  facet normal -0.13312133852648325 0.9910997473659839 0
    outer loop
      vertex -17.367368541829208 -0.15168002851636686 -3.96875
      vertex -17.367368541829208 -0.15168002851636686 1.1906249999999998
      vertex -17.194389025712233 -0.12844597484583176 1.1906249999999998
    endloop
  endfacet
  facet normal 0 0 -1
    outer loop
      vertex -17.367368541829208 -0.15168002851636686 -3.96875
      vertex -17.194389025712233 -0.12844597484583176 -3.96875
      vertex -17.194389025712233 -1.6284459748458318 -3.96875
    endloop
  endfacet
  facet normal -0.13312133852648325 0.9910997473659839 0
    outer loop
      vertex -17.367368541829208 -0.15168002851636686 -3.96875
      vertex -17.194389025712233 -0.12844597484583176 1.1906249999999998
      vertex -17.194389025712233 -0.12844597484583176 -3.96875
    endloop
  endfacet
  facet normal 0 0 -1
    outer loop
      vertex -17.194389025712233 -1.6284459748458318 -3.96875
      vertex -17.194389025712233 -0.12844597484583176 -3.96875
      vertex -17.021369222005156 -1.6055138626189631 -3.96875
    endloop
  endfacet
  facet normal 0.131391341268702 -0.9913305782833552 0
    outer loop
      vertex -17.194389025712233 -1.6284459748458318 -3.96875
      vertex -17.021369222005156 -1.6055138626189631 -3.96875
      vertex -17.021369222005156 -1.6055138626189631 1.1906249999999998
    endloop
  endfacet
  facet normal 0.131391341268702 -0.9913305782833552 0
    outer loop
      vertex -17.194389025712233 -1.6284459748458318 -3.96875
      vertex -17.021369222005156 -1.6055138626189631 1.1906249999999998
      vertex -17.194389025712233 -1.6284459748458318 1.1906249999999998
    endloop
  endfacet
  facet normal 0 0 1
    outer loop
      vertex -17.194389025712233 -1.6284459748458318 1.1906249999999998
      vertex -17.021369222005156 -1.6055138626189631 1.1906249999999998
      vertex -17.021369222005156 -0.10551386261896312 1.1906249999999998
    endloop
  endfacet
  facet normal 0 0 1
    outer loop
      vertex -17.194389025712233 -1.6284459748458318 1.1906249999999998
      vertex -17.021369222005156 -0.10551386261896312 1.1906249999999998
      vertex -17.194389025712233 -0.12844597484583176 1.1906249999999998
    endloop
  endfacet
  facet normal -0.131391341268702 0.9913305782833552 0
    outer loop
      vertex -17.194389025712233 -0.12844597484583176 -3.96875
      vertex -17.194389025712233 -0.12844597484583176 1.1906249999999998
      vertex -17.021369222005156 -0.10551386261896312 1.1906249999999998
    endloop
  endfacet
  facet normal 0 0 -1
    outer loop
      vertex -17.194389025712233 -0.12844597484583176 -3.96875
      vertex -17.021369222005156 -0.10551386261896312 -3.96875
      vertex -17.021369222005156 -1.6055138626189631 -3.96875
    endloop
  endfacet
  facet normal -0.131391341268702 0.9913305782833552 0
    outer loop
      vertex -17.194389025712233 -0.12844597484583176 -3.96875
      vertex -17.021369222005156 -0.10551386261896312 1.1906249999999998
      vertex -17.021369222005156 -0.10551386261896312 -3.96875
    endloop
  endfacet
  facet normal 0 0 -1
    outer loop
      vertex -17.021369222005156 -1.6055138626189631 -3.96875
      vertex -17.021369222005156 -0.10551386261896312 -3.96875
      vertex -16.84830965775629 -1.5828837616909652 -3.96875
    endloop
  endfacet
  facet normal 0.12966094377002255 -0.9915583894358755 0
    outer loop
      vertex -17.021369222005156 -1.6055138626189631 -3.96875
      vertex -16.84830965775629 -1.5828837616909652 -3.96875
      vertex -16.84830965775629 -1.5828837616909652 1.1906249999999998
    endloop
  endfacet
  facet normal 0.12966094377002255 -0.9915583894358755 0
    outer loop
      vertex -17.021369222005156 -1.6055138626189631 -3.96875
      vertex -16.84830965775629 -1.5828837616909652 1.1906249999999998
      vertex -17.021369222005156 -1.6055138626189631 1.1906249999999998
    endloop
  endfacet
  facet normal 0 0 1
    outer loop
      vertex -17.021369222005156 -1.6055138626189631 1.1906249999999998
      vertex -16.84830965775629 -1.5828837616909652 1.1906249999999998
      vertex -16.84830965775629 -0.08288376169096523 1.1906249999999998
    endloop
  endfacet
  facet normal 0 0 1
    outer loop
      vertex -17.021369222005156 -1.6055138626189631 1.1906249999999998
      vertex -16.84830965775629 -0.08288376169096523 1.1906249999999998
      vertex -17.021369222005156 -0.10551386261896312 1.1906249999999998
    endloop
  endfacet
  facet normal -0.12966094377002255 0.9915583894358755 0
    outer loop
      vertex -17.021369222005156 -0.10551386261896312 -3.96875
      vertex -17.021369222005156 -0.10551386261896312 1.1906249999999998
      vertex -16.84830965775629 -0.08288376169096523 1.1906249999999998
    endloop
  endfacet
  facet normal 0 0 -1
    outer loop
      vertex -17.021369222005156 -0.10551386261896312 -3.96875
      vertex -16.84830965775629 -0.08288376169096523 -3.96875
      vertex -16.84830965775629 -1.5828837616909652 -3.96875
    endloop
  endfacet
  facet normal -0.12966094377002255 0.9915583894358755 0
    outer loop
      vertex -17.021369222005156 -0.10551386261896312 -3.96875
      vertex -16.84830965775629 -0.08288376169096523 1.1906249999999998
      vertex -16.84830965775629 -0.08288376169096523 -3.96875
    endloop
  endfacet
  facet normal 0 0 -1
    outer loop
      vertex -16.84830965775629 -1.5828837616909652 -3.96875
      vertex -16.84830965775629 -0.08288376169096523 -3.96875
      vertex -16.675210860135046 -1.5605557409970316 -3.96875
    endloop
  endfacet
  facet normal 0.12793015130170177 -0.9917831801295703 0
    outer loop
      vertex -16.84830965775629 -1.5828837616909652 -3.96875
      vertex -16.675210860135046 -1.5605557409970316 -3.96875
      vertex -16.675210860135046 -1.5605557409970316 1.1906249999999998
    endloop
  endfacet
  facet normal 0.12793015130170177 -0.9917831801295703 0
    outer loop
      vertex -16.84830965775629 -1.5828837616909652 -3.96875
      vertex -16.675210860135046 -1.5605557409970316 1.1906249999999998
      vertex -16.84830965775629 -1.5828837616909652 1.1906249999999998
    endloop
  endfacet
  facet normal 0 0 1
    outer loop
      vertex -16.84830965775629 -1.5828837616909652 1.1906249999999998
      vertex -16.675210860135046 -1.5605557409970316 1.1906249999999998
      vertex -16.675210860135046 -0.06055574099703165 1.1906249999999998
    endloop
  endfacet
  facet normal 0 0 1
    outer loop
      vertex -16.84830965775629 -1.5828837616909652 1.1906249999999998
      vertex -16.675210860135046 -0.06055574099703165 1.1906249999999998
      vertex -16.84830965775629 -0.08288376169096523 1.1906249999999998
    endloop
  endfacet
  facet normal -0.12793015130170177 0.9917831801295703 0
    outer loop
      vertex -16.84830965775629 -0.08288376169096523 -3.96875
      vertex -16.84830965775629 -0.08288376169096523 1.1906249999999998
      vertex -16.675210860135046 -0.06055574099703165 1.1906249999999998
    endloop
  endfacet
  facet normal 0 0 -1
    outer loop
      vertex -16.84830965775629 -0.08288376169096523 -3.96875
      vertex -16.675210860135046 -0.06055574099703165 -3.96875
      vertex -16.675210860135046 -1.5605557409970316 -3.96875
    endloop
  endfacet
  facet normal -0.12793015130170177 0.9917831801295703 0
    outer loop
      vertex -16.84830965775629 -0.08288376169096523 -3.96875
      vertex -16.675210860135046 -0.06055574099703165 1.1906249999999998
      vertex -16.675210860135046 -0.06055574099703165 -3.96875
    endloop
  endfacet
  facet normal 0 0 -1
    outer loop
      vertex -16.675210860135046 -1.5605557409970316 -3.96875
      vertex -16.675210860135046 -0.06055574099703165 -3.96875
      vertex -16.50207335643043 -1.5385298685522173 -3.96875
    endloop
  endfacet
  facet normal 0.12619896913580927 -0.9920049496797175 0
    outer loop
      vertex -16.675210860135046 -1.5605557409970316 -3.96875
      vertex -16.50207335643043 -1.5385298685522173 -3.96875
      vertex -16.50207335643043 -1.5385298685522173 1.1906249999999998
    endloop
  endfacet
  facet normal 0.12619896913580927 -0.9920049496797175 0
    outer loop
      vertex -16.675210860135046 -1.5605557409970316 -3.96875
      vertex -16.50207335643043 -1.5385298685522173 1.1906249999999998
      vertex -16.675210860135046 -1.5605557409970316 1.1906249999999998
    endloop
  endfacet
  facet normal 0 0 1
    outer loop
      vertex -16.675210860135046 -1.5605557409970316 1.1906249999999998
      vertex -16.50207335643043 -1.5385298685522173 1.1906249999999998
      vertex -16.50207335643043 -0.038529868552217295 1.1906249999999998
    endloop
  endfacet
  facet normal 0 0 1
    outer loop
      vertex -16.675210860135046 -1.5605557409970316 1.1906249999999998
      vertex -16.50207335643043 -0.038529868552217295 1.1906249999999998
      vertex -16.675210860135046 -0.06055574099703165 1.1906249999999998
    endloop
  endfacet
  facet normal -0.12619896913580927 0.9920049496797175 0
    outer loop
      vertex -16.675210860135046 -0.06055574099703165 -3.96875
      vertex -16.675210860135046 -0.06055574099703165 1.1906249999999998
      vertex -16.50207335643043 -0.038529868552217295 1.1906249999999998
    endloop
  endfacet
  facet normal 0 0 -1
    outer loop
      vertex -16.675210860135046 -0.06055574099703165 -3.96875
      vertex -16.50207335643043 -0.038529868552217295 -3.96875
      vertex -16.50207335643043 -1.5385298685522173 -3.96875
    endloop
  endfacet
  facet normal -0.12619896913580927 0.9920049496797175 0
    outer loop
      vertex -16.675210860135046 -0.06055574099703165 -3.96875
      vertex -16.50207335643043 -0.038529868552217295 1.1906249999999998
      vertex -16.50207335643043 -0.038529868552217295 -3.96875
    endloop
  endfacet
  facet normal 0 0 -1
    outer loop
      vertex -16.50207335643043 -1.5385298685522173 -3.96875
      vertex -16.50207335643043 -0.038529868552217295 -3.96875
      vertex -16.32889767404926 -1.5168062114511258 -3.96875
    endloop
  endfacet
  facet normal 0.12446740254607262 -0.992223697410737 0
    outer loop
      vertex -16.50207335643043 -1.5385298685522173 -3.96875
      vertex -16.32889767404926 -1.5168062114511258 -3.96875
      vertex -16.32889767404926 -1.5168062114511258 1.1906249999999998
    endloop
  endfacet
  facet normal 0.12446740254607262 -0.992223697410737 0
    outer loop
      vertex -16.50207335643043 -1.5385298685522173 -3.96875
      vertex -16.32889767404926 -1.5168062114511258 1.1906249999999998
      vertex -16.50207335643043 -1.5385298685522173 1.1906249999999998
    endloop
  endfacet
  facet normal 0 0 1
    outer loop
      vertex -16.50207335643043 -1.5385298685522173 1.1906249999999998
      vertex -16.32889767404926 -1.5168062114511258 1.1906249999999998
      vertex -16.32889767404926 -0.01680621145112582 1.1906249999999998
    endloop
  endfacet
  facet normal 0 0 1
    outer loop
      vertex -16.50207335643043 -1.5385298685522173 1.1906249999999998
      vertex -16.32889767404926 -0.01680621145112582 1.1906249999999998
      vertex -16.50207335643043 -0.038529868552217295 1.1906249999999998
    endloop
  endfacet
  facet normal -0.12446740254607262 0.992223697410737 0
    outer loop
      vertex -16.50207335643043 -0.038529868552217295 -3.96875
      vertex -16.50207335643043 -0.038529868552217295 1.1906249999999998
      vertex -16.32889767404926 -0.01680621145112582 1.1906249999999998
    endloop
  endfacet
  facet normal 0 0 -1
    outer loop
      vertex -16.50207335643043 -0.038529868552217295 -3.96875
      vertex -16.32889767404926 -0.01680621145112582 -3.96875
      vertex -16.32889767404926 -1.5168062114511258 -3.96875
    endloop
  endfacet
  facet normal -0.12446740254607262 0.992223697410737 0
    outer loop
      vertex -16.50207335643043 -0.038529868552217295 -3.96875
      vertex -16.32889767404926 -0.01680621145112582 1.1906249999999998
      vertex -16.32889767404926 -0.01680621145112582 -3.96875
    endloop
  endfacet
  facet normal 0 0 -1
    outer loop
      vertex -16.32889767404926 -1.5168062114511258 -3.96875
      vertex -16.32889767404926 -0.01680621145112582 -3.96875
      vertex -16.155684340514746 -1.495384835867796 -3.96875
    endloop
  endfacet
  facet normal 0.12273545680701206 -0.992439422656302 0
    outer loop
      vertex -16.32889767404926 -1.5168062114511258 -3.96875
      vertex -16.155684340514746 -1.495384835867796 -3.96875
      vertex -16.155684340514746 -1.495384835867796 1.1906249999999998
    endloop
  endfacet
  facet normal 0.12273545680701206 -0.992439422656302 0
    outer loop
      vertex -16.32889767404926 -1.5168062114511258 -3.96875
      vertex -16.155684340514746 -1.495384835867796 1.1906249999999998
      vertex -16.32889767404926 -1.5168062114511258 1.1906249999999998
    endloop
  endfacet
  facet normal 0 0 1
    outer loop
      vertex -16.32889767404926 -1.5168062114511258 1.1906249999999998
      vertex -16.155684340514746 -1.495384835867796 1.1906249999999998
      vertex -16.155684340514746 0.004615164132204086 1.1906249999999998
    endloop
  endfacet
  facet normal 0 0 1
    outer loop
      vertex -16.32889767404926 -1.5168062114511258 1.1906249999999998
      vertex -16.155684340514746 0.004615164132204086 1.1906249999999998
      vertex -16.32889767404926 -0.01680621145112582 1.1906249999999998
    endloop
  endfacet
  facet normal -0.12273545680701206 0.992439422656302 0
    outer loop
      vertex -16.32889767404926 -0.01680621145112582 -3.96875
      vertex -16.32889767404926 -0.01680621145112582 1.1906249999999998
      vertex -16.155684340514746 0.004615164132204086 1.1906249999999998
    endloop
  endfacet
  facet normal 0 0 -1
    outer loop
      vertex -16.32889767404926 -0.01680621145112582 -3.96875
      vertex -16.155684340514746 0.004615164132204086 -3.96875
      vertex -16.155684340514746 -1.495384835867796 -3.96875
    endloop
  endfacet
  facet normal -0.12273545680701206 0.992439422656302 0
    outer loop
      vertex -16.32889767404926 -0.01680621145112582 -3.96875
      vertex -16.155684340514746 0.004615164132204086 1.1906249999999998
      vertex -16.155684340514746 0.004615164132204086 -3.96875
    endloop
  endfacet
  facet normal 0 0 -1
    outer loop
      vertex -16.155684340514746 -1.495384835867796 -3.96875
      vertex -16.155684340514746 0.004615164132204086 -3.96875
      vertex -15.982433883464719 -1.4742658070554455 -3.96875
    endloop
  endfacet
  facet normal 0.12100313719448583 -0.9926521247592696 0
    outer loop
      vertex -16.155684340514746 -1.495384835867796 -3.96875
      vertex -15.982433883464719 -1.4742658070554455 -3.96875
      vertex -15.982433883464719 -1.4742658070554455 1.1906249999999998
    endloop
  endfacet
  facet normal 0.12100313719448583 -0.9926521247592696 0
    outer loop
      vertex -16.155684340514746 -1.495384835867796 -3.96875
      vertex -15.982433883464719 -1.4742658070554455 1.1906249999999998
      vertex -16.155684340514746 -1.495384835867796 1.1906249999999998
    endloop
  endfacet
  facet normal 0 0 1
    outer loop
      vertex -16.155684340514746 -1.495384835867796 1.1906249999999998
      vertex -15.982433883464719 -1.4742658070554455 1.1906249999999998
      vertex -15.982433883464719 0.02573419294455448 1.1906249999999998
    endloop
  endfacet
  facet normal 0 0 1
    outer loop
      vertex -16.155684340514746 -1.495384835867796 1.1906249999999998
      vertex -15.982433883464719 0.02573419294455448 1.1906249999999998
      vertex -16.155684340514746 0.004615164132204086 1.1906249999999998
    endloop
  endfacet
  facet normal -0.12100313719448583 0.9926521247592696 0
    outer loop
      vertex -16.155684340514746 0.004615164132204086 -3.96875
      vertex -16.155684340514746 0.004615164132204086 1.1906249999999998
      vertex -15.982433883464719 0.02573419294455448 1.1906249999999998
    endloop
  endfacet
  facet normal 0 0 -1
    outer loop
      vertex -16.155684340514746 0.004615164132204086 -3.96875
      vertex -15.982433883464719 0.02573419294455448 -3.96875
      vertex -15.982433883464719 -1.4742658070554455 -3.96875
    endloop
  endfacet
  facet normal -0.12100313719448583 0.9926521247592696 0
    outer loop
      vertex -16.155684340514746 0.004615164132204086 -3.96875
      vertex -15.982433883464719 0.02573419294455448 1.1906249999999998
      vertex -15.982433883464719 0.02573419294455448 -3.96875
    endloop
  endfacet
  facet normal 0 0 -1
    outer loop
      vertex -15.982433883464719 -1.4742658070554455 -3.96875
      vertex -15.982433883464719 0.02573419294455448 -3.96875
      vertex -15.809146830650091 -1.4534491893463013 -3.96875
    endloop
  endfacet
  facet normal 0.1192704489853899 -0.9928618030717182 0
    outer loop
      vertex -15.982433883464719 -1.4742658070554455 -3.96875
      vertex -15.809146830650091 -1.4534491893463013 -3.96875
      vertex -15.809146830650091 -1.4534491893463013 1.1906249999999998
    endloop
  endfacet
  facet normal 0.1192704489853899 -0.9928618030717182 0
    outer loop
      vertex -15.982433883464719 -1.4742658070554455 -3.96875
      vertex -15.809146830650091 -1.4534491893463013 1.1906249999999998
      vertex -15.982433883464719 -1.4742658070554455 1.1906249999999998
    endloop
  endfacet
  facet normal 0 0 1
    outer loop
      vertex -15.982433883464719 -1.4742658070554455 1.1906249999999998
      vertex -15.809146830650091 -1.4534491893463013 1.1906249999999998
      vertex -15.809146830650091 0.046550810653698704 1.1906249999999998
    endloop
  endfacet
  facet normal 0 0 1
    outer loop
      vertex -15.982433883464719 -1.4742658070554455 1.1906249999999998
      vertex -15.809146830650091 0.046550810653698704 1.1906249999999998
      vertex -15.982433883464719 0.02573419294455448 1.1906249999999998
    endloop
  endfacet
  facet normal -0.1192704489853899 0.9928618030717182 0
    outer loop
      vertex -15.982433883464719 0.02573419294455448 -3.96875
      vertex -15.982433883464719 0.02573419294455448 1.1906249999999998
      vertex -15.809146830650091 0.046550810653698704 1.1906249999999998
    endloop
  endfacet
  facet normal 0 0 -1
    outer loop
      vertex -15.982433883464719 0.02573419294455448 -3.96875
      vertex -15.809146830650091 0.046550810653698704 -3.96875
      vertex -15.809146830650091 -1.4534491893463013 -3.96875
    endloop
  endfacet
  facet normal -0.1192704489853899 0.9928618030717182 0
    outer loop
      vertex -15.982433883464719 0.02573419294455448 -3.96875
      vertex -15.809146830650091 0.046550810653698704 1.1906249999999998
      vertex -15.809146830650091 0.046550810653698704 -3.96875
    endloop
  endfacet
  facet normal 0 0 -1
    outer loop
      vertex -15.809146830650091 -1.4534491893463013 -3.96875
      vertex -15.809146830650091 0.046550810653698704 -3.96875
      vertex -15.635823709933321 -1.4329350461513997 -3.96875
    endloop
  endfacet
  facet normal 0.11753739745780134 -0.9930684569549305 0
    outer loop
      vertex -15.809146830650091 -1.4534491893463013 -3.96875
      vertex -15.635823709933321 -1.4329350461513997 -3.96875
      vertex -15.635823709933321 -1.4329350461513997 1.1906249999999998
    endloop
  endfacet
  facet normal 0.11753739745780134 -0.9930684569549305 0
    outer loop
      vertex -15.809146830650091 -1.4534491893463013 -3.96875
      vertex -15.635823709933321 -1.4329350461513997 1.1906249999999998
      vertex -15.809146830650091 -1.4534491893463013 1.1906249999999998
    endloop
  endfacet
  facet normal 0 0 1
    outer loop
      vertex -15.809146830650091 -1.4534491893463013 1.1906249999999998
      vertex -15.635823709933321 -1.4329350461513997 1.1906249999999998
      vertex -15.635823709933321 0.06706495384860034 1.1906249999999998
    endloop
  endfacet
  facet normal 0 0 1
    outer loop
      vertex -15.809146830650091 -1.4534491893463013 1.1906249999999998
      vertex -15.635823709933321 0.06706495384860034 1.1906249999999998
      vertex -15.809146830650091 0.046550810653698704 1.1906249999999998
    endloop
  endfacet
  facet normal -0.11753739745780134 0.9930684569549305 0
    outer loop
      vertex -15.809146830650091 0.046550810653698704 -3.96875
      vertex -15.809146830650091 0.046550810653698704 1.1906249999999998
      vertex -15.635823709933321 0.06706495384860034 1.1906249999999998
    endloop
  endfacet
  facet normal 0 0 -1
    outer loop
      vertex -15.809146830650091 0.046550810653698704 -3.96875
      vertex -15.635823709933321 0.06706495384860034 -3.96875
      vertex -15.635823709933321 -1.4329350461513997 -3.96875
    endloop
  endfacet
  facet normal -0.11753739745780134 0.9930684569549305 0
    outer loop
      vertex -15.809146830650091 0.046550810653698704 -3.96875
      vertex -15.635823709933321 0.06706495384860034 1.1906249999999998
      vertex -15.635823709933321 0.06706495384860034 -3.96875
    endloop
  endfacet
  facet normal 0 0 -1
    outer loop
      vertex -15.635823709933321 -1.4329350461513997 -3.96875
      vertex -15.635823709933321 0.06706495384860034 -3.96875
      vertex -15.46246504928665 -1.4127234399603594 -3.96875
    endloop
  endfacet
  facet normal 0.1158039878909943 -0.9932720857793912 0
    outer loop
      vertex -15.635823709933321 -1.4329350461513997 -3.96875
      vertex -15.46246504928665 -1.4127234399603594 -3.96875
      vertex -15.46246504928665 -1.4127234399603594 1.1906249999999998
    endloop
  endfacet
  facet normal 0.1158039878909943 -0.9932720857793912 0
    outer loop
      vertex -15.635823709933321 -1.4329350461513997 -3.96875
      vertex -15.46246504928665 -1.4127234399603594 1.1906249999999998
      vertex -15.635823709933321 -1.4329350461513997 1.1906249999999998
    endloop
  endfacet
  facet normal 0 0 1
    outer loop
      vertex -15.635823709933321 -1.4329350461513997 1.1906249999999998
      vertex -15.46246504928665 -1.4127234399603594 1.1906249999999998
      vertex -15.46246504928665 0.08727656003964057 1.1906249999999998
    endloop
  endfacet
  facet normal 0 0 1
    outer loop
      vertex -15.635823709933321 -1.4329350461513997 1.1906249999999998
      vertex -15.46246504928665 0.08727656003964057 1.1906249999999998
      vertex -15.635823709933321 0.06706495384860034 1.1906249999999998
    endloop
  endfacet
  facet normal -0.1158039878909943 0.9932720857793912 0
    outer loop
      vertex -15.635823709933321 0.06706495384860034 -3.96875
      vertex -15.635823709933321 0.06706495384860034 1.1906249999999998
      vertex -15.46246504928665 0.08727656003964057 1.1906249999999998
    endloop
  endfacet
  facet normal 0 0 -1
    outer loop
      vertex -15.635823709933321 0.06706495384860034 -3.96875
      vertex -15.46246504928665 0.08727656003964057 -3.96875
      vertex -15.46246504928665 -1.4127234399603594 -3.96875
    endloop
  endfacet
  facet normal -0.1158039878909943 0.9932720857793912 0
    outer loop
      vertex -15.635823709933321 0.06706495384860034 -3.96875
      vertex -15.46246504928665 0.08727656003964057 1.1906249999999998
      vertex -15.46246504928665 0.08727656003964057 -3.96875
    endloop
  endfacet
  facet normal 0 0 -1
    outer loop
      vertex -15.46246504928665 -1.4127234399603594 -3.96875
      vertex -15.46246504928665 0.08727656003964057 -3.96875
      vertex -15.289071376790671 -1.392814432341254 -3.96875
    endloop
  endfacet
  facet normal 0.11407022556510209 -0.9934726889248273 0
    outer loop
      vertex -15.46246504928665 -1.4127234399603594 -3.96875
      vertex -15.289071376790671 -1.392814432341254 -3.96875
      vertex -15.289071376790671 -1.392814432341254 1.1906249999999998
    endloop
  endfacet
  facet normal 0.11407022556510209 -0.9934726889248273 0
    outer loop
      vertex -15.46246504928665 -1.4127234399603594 -3.96875
      vertex -15.289071376790671 -1.392814432341254 1.1906249999999998
      vertex -15.46246504928665 -1.4127234399603594 1.1906249999999998
    endloop
  endfacet
  facet normal 0 0 1
    outer loop
      vertex -15.46246504928665 -1.4127234399603594 1.1906249999999998
      vertex -15.289071376790671 -1.392814432341254 1.1906249999999998
      vertex -15.289071376790671 0.1071855676587461 1.1906249999999998
    endloop
  endfacet
  facet normal 0 0 1
    outer loop
      vertex -15.46246504928665 -1.4127234399603594 1.1906249999999998
      vertex -15.289071376790671 0.1071855676587461 1.1906249999999998
      vertex -15.46246504928665 0.08727656003964057 1.1906249999999998
    endloop
  endfacet
  facet normal -0.11407022556510209 0.9934726889248273 0
    outer loop
      vertex -15.46246504928665 0.08727656003964057 -3.96875
      vertex -15.46246504928665 0.08727656003964057 1.1906249999999998
      vertex -15.289071376790671 0.1071855676587461 1.1906249999999998
    endloop
  endfacet
  facet normal 0 0 -1
    outer loop
      vertex -15.46246504928665 0.08727656003964057 -3.96875
      vertex -15.289071376790671 0.1071855676587461 -3.96875
      vertex -15.289071376790671 -1.392814432341254 -3.96875
    endloop
  endfacet
  facet normal -0.11407022556510209 0.9934726889248273 0
    outer loop
      vertex -15.46246504928665 0.08727656003964057 -3.96875
      vertex -15.289071376790671 0.1071855676587461 1.1906249999999998
      vertex -15.289071376790671 0.1071855676587461 -3.96875
    endloop
  endfacet
  facet normal 0 0 -1
    outer loop
      vertex -15.289071376790671 -1.392814432341254 -3.96875
      vertex -15.289071376790671 0.1071855676587461 -3.96875
      vertex -15.115643220632558 -1.3732080839403693 -3.96875
    endloop
  endfacet
  facet normal 0.11233611576152353 -0.9936702657801599 0
    outer loop
      vertex -15.289071376790671 -1.392814432341254 -3.96875
      vertex -15.115643220632558 -1.3732080839403693 -3.96875
      vertex -15.115643220632558 -1.3732080839403693 1.1906249999999998
    endloop
  endfacet
  facet normal 0.11233611576152353 -0.9936702657801599 0
    outer loop
      vertex -15.289071376790671 -1.392814432341254 -3.96875
      vertex -15.115643220632558 -1.3732080839403693 1.1906249999999998
      vertex -15.289071376790671 -1.392814432341254 1.1906249999999998
    endloop
  endfacet
  facet normal 0 0 1
    outer loop
      vertex -15.289071376790671 -1.392814432341254 1.1906249999999998
      vertex -15.115643220632558 -1.3732080839403693 1.1906249999999998
      vertex -15.115643220632558 0.1267919160596307 1.1906249999999998
    endloop
  endfacet
  facet normal 0 0 1
    outer loop
      vertex -15.289071376790671 -1.392814432341254 1.1906249999999998
      vertex -15.115643220632558 0.1267919160596307 1.1906249999999998
      vertex -15.289071376790671 0.1071855676587461 1.1906249999999998
    endloop
  endfacet
  facet normal -0.11233611576152353 0.9936702657801599 0
    outer loop
      vertex -15.289071376790671 0.1071855676587461 -3.96875
      vertex -15.289071376790671 0.1071855676587461 1.1906249999999998
      vertex -15.115643220632558 0.1267919160596307 1.1906249999999998
    endloop
  endfacet
  facet normal 0 0 -1
    outer loop
      vertex -15.289071376790671 0.1071855676587461 -3.96875
      vertex -15.115643220632558 0.1267919160596307 -3.96875
      vertex -15.115643220632558 -1.3732080839403693 -3.96875
    endloop
  endfacet
  facet normal -0.11233611576152353 0.9936702657801599 0
    outer loop
      vertex -15.289071376790671 0.1071855676587461 -3.96875
      vertex -15.115643220632558 0.1267919160596307 1.1906249999999998
      vertex -15.115643220632558 0.1267919160596307 -3.96875
    endloop
  endfacet
  facet normal 0 0 -1
    outer loop
      vertex -15.115643220632558 -1.3732080839403693 -3.96875
      vertex -15.115643220632558 0.1267919160596307 -3.96875
      vertex -14.94218110910452 -1.3539044544820342 -3.96875
    endloop
  endfacet
  facet normal 0.1106016637626866 -0.9938648157435324 0
    outer loop
      vertex -15.115643220632558 -1.3732080839403693 -3.96875
      vertex -14.94218110910452 -1.3539044544820342 -3.96875
      vertex -14.94218110910452 -1.3539044544820342 1.1906249999999998
    endloop
  endfacet
  facet normal 0.1106016637626866 -0.9938648157435324 0
    outer loop
      vertex -15.115643220632558 -1.3732080839403693 -3.96875
      vertex -14.94218110910452 -1.3539044544820342 1.1906249999999998
      vertex -15.115643220632558 -1.3732080839403693 1.1906249999999998
    endloop
  endfacet
  facet normal 0 0 1
    outer loop
      vertex -15.115643220632558 -1.3732080839403693 1.1906249999999998
      vertex -14.94218110910452 -1.3539044544820342 1.1906249999999998
      vertex -14.94218110910452 0.14609554551796577 1.1906249999999998
    endloop
  endfacet
  facet normal 0 0 1
    outer loop
      vertex -15.115643220632558 -1.3732080839403693 1.1906249999999998
      vertex -14.94218110910452 0.14609554551796577 1.1906249999999998
      vertex -15.115643220632558 0.1267919160596307 1.1906249999999998
    endloop
  endfacet
  facet normal -0.1106016637626866 0.9938648157435324 0
    outer loop
      vertex -15.115643220632558 0.1267919160596307 -3.96875
      vertex -15.115643220632558 0.1267919160596307 1.1906249999999998
      vertex -14.94218110910452 0.14609554551796577 1.1906249999999998
    endloop
  endfacet
  facet normal 0 0 -1
    outer loop
      vertex -15.115643220632558 0.1267919160596307 -3.96875
      vertex -14.94218110910452 0.14609554551796577 -3.96875
      vertex -14.94218110910452 -1.3539044544820342 -3.96875
    endloop
  endfacet
  facet normal -0.1106016637626866 0.9938648157435324 0
    outer loop
      vertex -15.115643220632558 0.1267919160596307 -3.96875
      vertex -14.94218110910452 0.14609554551796577 1.1906249999999998
      vertex -14.94218110910452 0.14609554551796577 -3.96875
    endloop
  endfacet
  facet normal 0 0 -1
    outer loop
      vertex -14.94218110910452 -1.3539044544820342 -3.96875
      vertex -14.94218110910452 0.14609554551796577 -3.96875
      vertex -14.76868557060229 -1.3349036027684633 -3.96875
    endloop
  endfacet
  facet normal 0.1088668748519707 -0.994056338222319 0
    outer loop
      vertex -14.94218110910452 -1.3539044544820342 -3.96875
      vertex -14.76868557060229 -1.3349036027684633 -3.96875
      vertex -14.76868557060229 -1.3349036027684633 1.1906249999999998
    endloop
  endfacet
  facet normal 0.1088668748519707 -0.994056338222319 0
    outer loop
      vertex -14.94218110910452 -1.3539044544820342 -3.96875
      vertex -14.76868557060229 -1.3349036027684633 1.1906249999999998
      vertex -14.94218110910452 -1.3539044544820342 1.1906249999999998
    endloop
  endfacet
  facet normal 0 0 1
    outer loop
      vertex -14.94218110910452 -1.3539044544820342 1.1906249999999998
      vertex -14.76868557060229 -1.3349036027684633 1.1906249999999998
      vertex -14.76868557060229 0.16509639723153668 1.1906249999999998
    endloop
  endfacet
  facet normal 0 0 1
    outer loop
      vertex -14.94218110910452 -1.3539044544820342 1.1906249999999998
      vertex -14.76868557060229 0.16509639723153668 1.1906249999999998
      vertex -14.94218110910452 0.14609554551796577 1.1906249999999998
    endloop
  endfacet
  facet normal -0.1088668748519707 0.994056338222319 0
    outer loop
      vertex -14.94218110910452 0.14609554551796577 -3.96875
      vertex -14.94218110910452 0.14609554551796577 1.1906249999999998
      vertex -14.76868557060229 0.16509639723153668 1.1906249999999998
    endloop
  endfacet
  facet normal 0 0 -1
    outer loop
      vertex -14.94218110910452 0.14609554551796577 -3.96875
      vertex -14.76868557060229 0.16509639723153668 -3.96875
      vertex -14.76868557060229 -1.3349036027684633 -3.96875
    endloop
  endfacet
  facet normal -0.1088668748519707 0.994056338222319 0
    outer loop
      vertex -14.94218110910452 0.14609554551796577 -3.96875
      vertex -14.76868557060229 0.16509639723153668 1.1906249999999998
      vertex -14.76868557060229 0.16509639723153668 -3.96875
    endloop
  endfacet
  facet normal 0 0 -1
    outer loop
      vertex -14.76868557060229 -1.3349036027684633 -3.96875
      vertex -14.76868557060229 0.16509639723153668 -3.96875
      vertex -14.595157133623312 -1.31620558667953 -3.96875
    endloop
  endfacet
  facet normal 0.10713175431393217 -0.9942448326330992 0
    outer loop
      vertex -14.76868557060229 -1.3349036027684633 -3.96875
      vertex -14.595157133623312 -1.31620558667953 -3.96875
      vertex -14.595157133623312 -1.31620558667953 1.1906249999999998
    endloop
  endfacet
  facet normal 0.10713175431393217 -0.9942448326330992 0
    outer loop
      vertex -14.76868557060229 -1.3349036027684633 -3.96875
      vertex -14.595157133623312 -1.31620558667953 1.1906249999999998
      vertex -14.76868557060229 -1.3349036027684633 1.1906249999999998
    endloop
  endfacet
  facet normal 0 0 1
    outer loop
      vertex -14.76868557060229 -1.3349036027684633 1.1906249999999998
      vertex -14.595157133623312 -1.31620558667953 1.1906249999999998
      vertex -14.595157133623312 0.18379441332047008 1.1906249999999998
    endloop
  endfacet
  facet normal 0 0 1
    outer loop
      vertex -14.76868557060229 -1.3349036027684633 1.1906249999999998
      vertex -14.595157133623312 0.18379441332047008 1.1906249999999998
      vertex -14.76868557060229 0.16509639723153668 1.1906249999999998
    endloop
  endfacet
  facet normal -0.10713175431393217 0.9942448326330992 0
    outer loop
      vertex -14.76868557060229 0.16509639723153668 -3.96875
      vertex -14.76868557060229 0.16509639723153668 1.1906249999999998
      vertex -14.595157133623312 0.18379441332047008 1.1906249999999998
    endloop
  endfacet
  facet normal 0 0 -1
    outer loop
      vertex -14.76868557060229 0.16509639723153668 -3.96875
      vertex -14.595157133623312 0.18379441332047008 -3.96875
      vertex -14.595157133623312 -1.31620558667953 -3.96875
    endloop
  endfacet
  facet normal -0.10713175431393217 0.9942448326330992 0
    outer loop
      vertex -14.76868557060229 0.16509639723153668 -3.96875
      vertex -14.595157133623312 0.18379441332047008 1.1906249999999998
      vertex -14.595157133623312 0.18379441332047008 -3.96875
    endloop
  endfacet
  facet normal 0 0 -1
    outer loop
      vertex -14.595157133623312 -1.31620558667953 -3.96875
      vertex -14.595157133623312 0.18379441332047008 -3.96875
      vertex -14.421596326765346 -1.2978104631726666 -3.96875
    endloop
  endfacet
  facet normal 0.10539630743383398 -0.9944302984017094 0
    outer loop
      vertex -14.595157133623312 -1.31620558667953 -3.96875
      vertex -14.421596326765346 -1.2978104631726666 -3.96875
      vertex -14.421596326765346 -1.2978104631726666 1.1906249999999998
    endloop
  endfacet
  facet normal 0.10539630743383398 -0.9944302984017094 0
    outer loop
      vertex -14.595157133623312 -1.31620558667953 -3.96875
      vertex -14.421596326765346 -1.2978104631726666 1.1906249999999998
      vertex -14.595157133623312 -1.31620558667953 1.1906249999999998
    endloop
  endfacet
  facet normal 0 0 1
    outer loop
      vertex -14.595157133623312 -1.31620558667953 1.1906249999999998
      vertex -14.421596326765346 -1.2978104631726666 1.1906249999999998
      vertex -14.421596326765346 0.20218953682733343 1.1906249999999998
    endloop
  endfacet
  facet normal 0 0 1
    outer loop
      vertex -14.595157133623312 -1.31620558667953 1.1906249999999998
      vertex -14.421596326765346 0.20218953682733343 1.1906249999999998
      vertex -14.595157133623312 0.18379441332047008 1.1906249999999998
    endloop
  endfacet
  facet normal -0.10539630743383398 0.9944302984017094 0
    outer loop
      vertex -14.595157133623312 0.18379441332047008 -3.96875
      vertex -14.595157133623312 0.18379441332047008 1.1906249999999998
      vertex -14.421596326765346 0.20218953682733343 1.1906249999999998
    endloop
  endfacet
  facet normal 0 0 -1
    outer loop
      vertex -14.595157133623312 0.18379441332047008 -3.96875
      vertex -14.421596326765346 0.20218953682733343 -3.96875
      vertex -14.421596326765346 -1.2978104631726666 -3.96875
    endloop
  endfacet
  facet normal -0.10539630743383398 0.9944302984017094 0
    outer loop
      vertex -14.595157133623312 0.18379441332047008 -3.96875
      vertex -14.421596326765346 0.20218953682733343 1.1906249999999998
      vertex -14.421596326765346 0.20218953682733343 -3.96875
    endloop
  endfacet
  facet normal 0 0 -1
    outer loop
      vertex -14.421596326765346 -1.2978104631726666 -3.96875
      vertex -14.421596326765346 0.20218953682733343 -3.96875
      vertex -14.248003678724691 -1.2797182882825808 -3.96875
    endloop
  endfacet
  facet normal 0.10366053949845609 -0.9946127349631559 0
    outer loop
      vertex -14.421596326765346 -1.2978104631726666 -3.96875
      vertex -14.248003678724691 -1.2797182882825808 -3.96875
      vertex -14.248003678724691 -1.2797182882825808 1.1906249999999998
    endloop
  endfacet
  facet normal 0.10366053949845609 -0.9946127349631559 0
    outer loop
      vertex -14.421596326765346 -1.2978104631726666 -3.96875
      vertex -14.248003678724691 -1.2797182882825808 1.1906249999999998
      vertex -14.421596326765346 -1.2978104631726666 1.1906249999999998
    endloop
  endfacet
  facet normal 0 0 1
    outer loop
      vertex -14.421596326765346 -1.2978104631726666 1.1906249999999998
      vertex -14.248003678724691 -1.2797182882825808 1.1906249999999998
      vertex -14.248003678724691 0.22028171171741917 1.1906249999999998
    endloop
  endfacet
  facet normal 0 0 1
    outer loop
      vertex -14.421596326765346 -1.2978104631726666 1.1906249999999998
      vertex -14.248003678724691 0.22028171171741917 1.1906249999999998
      vertex -14.421596326765346 0.20218953682733343 1.1906249999999998
    endloop
  endfacet
  facet normal -0.10366053949845609 0.9946127349631559 0
    outer loop
      vertex -14.421596326765346 0.20218953682733343 -3.96875
      vertex -14.421596326765346 0.20218953682733343 1.1906249999999998
      vertex -14.248003678724691 0.22028171171741917 1.1906249999999998
    endloop
  endfacet
  facet normal 0 0 -1
    outer loop
      vertex -14.421596326765346 0.20218953682733343 -3.96875
      vertex -14.248003678724691 0.22028171171741917 -3.96875
      vertex -14.248003678724691 -1.2797182882825808 -3.96875
    endloop
  endfacet
  facet normal -0.10366053949845609 0.9946127349631559 0
    outer loop
      vertex -14.421596326765346 0.20218953682733343 -3.96875
      vertex -14.248003678724691 0.22028171171741917 1.1906249999999998
      vertex -14.248003678724691 0.22028171171741917 -3.96875
    endloop
  endfacet
  facet normal 0 0 -1
    outer loop
      vertex -14.248003678724691 -1.2797182882825808 -3.96875
      vertex -14.248003678724691 0.22028171171741917 -3.96875
      vertex -14.07437971829463 -1.2619291171211842 -3.96875
    endloop
  endfacet
  facet normal 0.1019244557950294 -0.9947921417617286 0
    outer loop
      vertex -14.248003678724691 -1.2797182882825808 -3.96875
      vertex -14.07437971829463 -1.2619291171211842 -3.96875
      vertex -14.07437971829463 -1.2619291171211842 1.1906249999999998
    endloop
  endfacet
  facet normal 0.1019244557950294 -0.9947921417617286 0
    outer loop
      vertex -14.248003678724691 -1.2797182882825808 -3.96875
      vertex -14.07437971829463 -1.2619291171211842 1.1906249999999998
      vertex -14.248003678724691 -1.2797182882825808 1.1906249999999998
    endloop
  endfacet
  facet normal 0 0 1
    outer loop
      vertex -14.248003678724691 -1.2797182882825808 1.1906249999999998
      vertex -14.07437971829463 -1.2619291171211842 1.1906249999999998
      vertex -14.07437971829463 0.23807088287881584 1.1906249999999998
    endloop
  endfacet
  facet normal 0 0 1
    outer loop
      vertex -14.248003678724691 -1.2797182882825808 1.1906249999999998
      vertex -14.07437971829463 0.23807088287881584 1.1906249999999998
      vertex -14.248003678724691 0.22028171171741917 1.1906249999999998
    endloop
  endfacet
  facet normal -0.1019244557950294 0.9947921417617286 0
    outer loop
      vertex -14.248003678724691 0.22028171171741917 -3.96875
      vertex -14.248003678724691 0.22028171171741917 1.1906249999999998
      vertex -14.07437971829463 0.23807088287881584 1.1906249999999998
    endloop
  endfacet
  facet normal 0 0 -1
    outer loop
      vertex -14.248003678724691 0.22028171171741917 -3.96875
      vertex -14.07437971829463 0.23807088287881584 -3.96875
      vertex -14.07437971829463 -1.2619291171211842 -3.96875
    endloop
  endfacet
  facet normal -0.1019244557950294 0.9947921417617286 0
    outer loop
      vertex -14.248003678724691 0.22028171171741917 -3.96875
      vertex -14.07437971829463 0.23807088287881584 1.1906249999999998
      vertex -14.07437971829463 0.23807088287881584 -3.96875
    endloop
  endfacet
  facet normal 0 0 -1
    outer loop
      vertex -14.07437971829463 -1.2619291171211842 -3.96875
      vertex -14.07437971829463 0.23807088287881584 -3.96875
      vertex -13.900724974363907 -1.2444430038773788 -3.96875
    endloop
  endfacet
  facet normal 0.10018806161205404 -0.9949685182509139 0
    outer loop
      vertex -14.07437971829463 -1.2619291171211842 -3.96875
      vertex -13.900724974363907 -1.2444430038773788 -3.96875
      vertex -13.900724974363907 -1.2444430038773788 1.1906249999999998
    endloop
  endfacet
  facet normal 0.10018806161205404 -0.9949685182509139 0
    outer loop
      vertex -14.07437971829463 -1.2619291171211842 -3.96875
      vertex -13.900724974363907 -1.2444430038773788 1.1906249999999998
      vertex -14.07437971829463 -1.2619291171211842 1.1906249999999998
    endloop
  endfacet
  facet normal 0 0 1
    outer loop
      vertex -14.07437971829463 -1.2619291171211842 1.1906249999999998
      vertex -13.900724974363907 -1.2444430038773788 1.1906249999999998
      vertex -13.900724974363907 0.25555699612262117 1.1906249999999998
    endloop
  endfacet
  facet normal 0 0 1
    outer loop
      vertex -14.07437971829463 -1.2619291171211842 1.1906249999999998
      vertex -13.900724974363907 0.25555699612262117 1.1906249999999998
      vertex -14.07437971829463 0.23807088287881584 1.1906249999999998
    endloop
  endfacet
  facet normal -0.10018806161205404 0.9949685182509139 0
    outer loop
      vertex -14.07437971829463 0.23807088287881584 -3.96875
      vertex -14.07437971829463 0.23807088287881584 1.1906249999999998
      vertex -13.900724974363907 0.25555699612262117 1.1906249999999998
    endloop
  endfacet
  facet normal 0 0 -1
    outer loop
      vertex -14.07437971829463 0.23807088287881584 -3.96875
      vertex -13.900724974363907 0.25555699612262117 -3.96875
      vertex -13.900724974363907 -1.2444430038773788 -3.96875
    endloop
  endfacet
  facet normal -0.10018806161205404 0.9949685182509139 0
    outer loop
      vertex -14.07437971829463 0.23807088287881584 -3.96875
      vertex -13.900724974363907 0.25555699612262117 1.1906249999999998
      vertex -13.900724974363907 0.25555699612262117 -3.96875
    endloop
  endfacet
  facet normal 0 0 -1
    outer loop
      vertex -13.900724974363907 -1.2444430038773788 -3.96875
      vertex -13.900724974363907 0.25555699612262117 -3.96875
      vertex -13.727039975914938 -1.2272600018168873 -3.96875
    endloop
  endfacet
  facet normal 0.0984513622389001 -0.9951418638934375 0
    outer loop
      vertex -13.900724974363907 -1.2444430038773788 -3.96875
      vertex -13.727039975914938 -1.2272600018168873 -3.96875
      vertex -13.727039975914938 -1.2272600018168873 1.1906249999999998
    endloop
  endfacet
  facet normal 0.0984513622389001 -0.9951418638934375 0
    outer loop
      vertex -13.900724974363907 -1.2444430038773788 -3.96875
      vertex -13.727039975914938 -1.2272600018168873 1.1906249999999998
      vertex -13.900724974363907 -1.2444430038773788 1.1906249999999998
    endloop
  endfacet
  facet normal 0 0 1
    outer loop
      vertex -13.900724974363907 -1.2444430038773788 1.1906249999999998
      vertex -13.727039975914938 -1.2272600018168873 1.1906249999999998
      vertex -13.727039975914938 0.2727399981831127 1.1906249999999998
    endloop
  endfacet
  facet normal 0 0 1
    outer loop
      vertex -13.900724974363907 -1.2444430038773788 1.1906249999999998
      vertex -13.727039975914938 0.2727399981831127 1.1906249999999998
      vertex -13.900724974363907 0.25555699612262117 1.1906249999999998
    endloop
  endfacet
  facet normal -0.0984513622389001 0.9951418638934375 0
    outer loop
      vertex -13.900724974363907 0.25555699612262117 -3.96875
      vertex -13.900724974363907 0.25555699612262117 1.1906249999999998
      vertex -13.727039975914938 0.2727399981831127 1.1906249999999998
    endloop
  endfacet
  facet normal 0 0 -1
    outer loop
      vertex -13.900724974363907 0.25555699612262117 -3.96875
      vertex -13.727039975914938 0.2727399981831127 -3.96875
      vertex -13.727039975914938 -1.2272600018168873 -3.96875
    endloop
  endfacet
  facet normal -0.0984513622389001 0.9951418638934375 0
    outer loop
      vertex -13.900724974363907 0.25555699612262117 -3.96875
      vertex -13.727039975914938 0.2727399981831127 1.1906249999999998
      vertex -13.727039975914938 0.2727399981831127 -3.96875
    endloop
  endfacet
  facet normal 0 0 -1
    outer loop
      vertex -13.727039975914938 -1.2272600018168873 -3.96875
      vertex -13.727039975914938 0.2727399981831127 -3.96875
      vertex -13.553325252022399 -1.2103801632821103 -3.96875
    endloop
  endfacet
  facet normal 0.0967143629658719 -0.9953121781612569 0
    outer loop
      vertex -13.727039975914938 -1.2272600018168873 -3.96875
      vertex -13.553325252022399 -1.2103801632821103 -3.96875
      vertex -13.553325252022399 -1.2103801632821103 1.1906249999999998
    endloop
  endfacet
  facet normal 0.0967143629658719 -0.9953121781612569 0
    outer loop
      vertex -13.727039975914938 -1.2272600018168873 -3.96875
      vertex -13.553325252022399 -1.2103801632821103 1.1906249999999998
      vertex -13.727039975914938 -1.2272600018168873 1.1906249999999998
    endloop
  endfacet
  facet normal 0 0 1
    outer loop
      vertex -13.727039975914938 -1.2272600018168873 1.1906249999999998
      vertex -13.553325252022399 -1.2103801632821103 1.1906249999999998
      vertex -13.553325252022399 0.2896198367178897 1.1906249999999998
    endloop
  endfacet
  facet normal 0 0 1
    outer loop
      vertex -13.727039975914938 -1.2272600018168873 1.1906249999999998
      vertex -13.553325252022399 0.2896198367178897 1.1906249999999998
      vertex -13.727039975914938 0.2727399981831127 1.1906249999999998
    endloop
  endfacet
  facet normal -0.0967143629658719 0.9953121781612569 0
    outer loop
      vertex -13.727039975914938 0.2727399981831127 -3.96875
      vertex -13.727039975914938 0.2727399981831127 1.1906249999999998
      vertex -13.553325252022399 0.2896198367178897 1.1906249999999998
    endloop
  endfacet
  facet normal 0 0 -1
    outer loop
      vertex -13.727039975914938 0.2727399981831127 -3.96875
      vertex -13.553325252022399 0.2896198367178897 -3.96875
      vertex -13.553325252022399 -1.2103801632821103 -3.96875
    endloop
  endfacet
  facet normal -0.0967143629658719 0.9953121781612569 0
    outer loop
      vertex -13.727039975914938 0.2727399981831127 -3.96875
      vertex -13.553325252022399 0.2896198367178897 1.1906249999999998
      vertex -13.553325252022399 0.2896198367178897 -3.96875
    endloop
  endfacet
  facet normal 0 0 -1
    outer loop
      vertex -13.553325252022399 -1.2103801632821103 -3.96875
      vertex -13.553325252022399 0.2896198367178897 -3.96875
      vertex -13.379581331851442 -1.1938035396919986 -3.96875
    endloop
  endfacet
  facet normal 0.09497706908390811 -0.9954794605355907 0
    outer loop
      vertex -13.553325252022399 -1.2103801632821103 -3.96875
      vertex -13.379581331851442 -1.1938035396919986 -3.96875
      vertex -13.379581331851442 -1.1938035396919986 1.1906249999999998
    endloop
  endfacet
  facet normal 0.09497706908390811 -0.9954794605355907 0
    outer loop
      vertex -13.553325252022399 -1.2103801632821103 -3.96875
      vertex -13.379581331851442 -1.1938035396919986 1.1906249999999998
      vertex -13.553325252022399 -1.2103801632821103 1.1906249999999998
    endloop
  endfacet
  facet normal 0 0 1
    outer loop
      vertex -13.553325252022399 -1.2103801632821103 1.1906249999999998
      vertex -13.379581331851442 -1.1938035396919986 1.1906249999999998
      vertex -13.379581331851442 0.3061964603080014 1.1906249999999998
    endloop
  endfacet
  facet normal 0 0 1
    outer loop
      vertex -13.553325252022399 -1.2103801632821103 1.1906249999999998
      vertex -13.379581331851442 0.3061964603080014 1.1906249999999998
      vertex -13.553325252022399 0.2896198367178897 1.1906249999999998
    endloop
  endfacet
  facet normal -0.09497706908390811 0.9954794605355907 0
    outer loop
      vertex -13.553325252022399 0.2896198367178897 -3.96875
      vertex -13.553325252022399 0.2896198367178897 1.1906249999999998
      vertex -13.379581331851442 0.3061964603080014 1.1906249999999998
    endloop
  endfacet
  facet normal 0 0 -1
    outer loop
      vertex -13.553325252022399 0.2896198367178897 -3.96875
      vertex -13.379581331851442 0.3061964603080014 -3.96875
      vertex -13.379581331851442 -1.1938035396919986 -3.96875
    endloop
  endfacet
  facet normal -0.09497706908390811 0.9954794605355907 0
    outer loop
      vertex -13.553325252022399 0.2896198367178897 -3.96875
      vertex -13.379581331851442 0.3061964603080014 1.1906249999999998
      vertex -13.379581331851442 0.3061964603080014 -3.96875
    endloop
  endfacet
  facet normal 0 0 -1
    outer loop
      vertex -13.379581331851442 -1.1938035396919986 -3.96875
      vertex -13.379581331851442 0.3061964603080014 -3.96875
      vertex -13.205808744656153 -1.1775301815417976 -3.96875
    endloop
  endfacet
  facet normal 0.09323948588544705 -0.9956437105068346 0
    outer loop
      vertex -13.379581331851442 -1.1938035396919986 -3.96875
      vertex -13.205808744656153 -1.1775301815417976 -3.96875
      vertex -13.205808744656153 -1.1775301815417976 1.1906249999999998
    endloop
  endfacet
  facet normal 0.09323948588544705 -0.9956437105068346 0
    outer loop
      vertex -13.379581331851442 -1.1938035396919986 -3.96875
      vertex -13.205808744656153 -1.1775301815417976 1.1906249999999998
      vertex -13.379581331851442 -1.1938035396919986 1.1906249999999998
    endloop
  endfacet
  facet normal 0 0 1
    outer loop
      vertex -13.379581331851442 -1.1938035396919986 1.1906249999999998
      vertex -13.205808744656153 -1.1775301815417976 1.1906249999999998
      vertex -13.205808744656153 0.32246981845820244 1.1906249999999998
    endloop
  endfacet
  facet normal 0 0 1
    outer loop
      vertex -13.379581331851442 -1.1938035396919986 1.1906249999999998
      vertex -13.205808744656153 0.32246981845820244 1.1906249999999998
      vertex -13.379581331851442 0.3061964603080014 1.1906249999999998
    endloop
  endfacet
  facet normal -0.09323948588544705 0.9956437105068346 0
    outer loop
      vertex -13.379581331851442 0.3061964603080014 -3.96875
      vertex -13.379581331851442 0.3061964603080014 1.1906249999999998
      vertex -13.205808744656153 0.32246981845820244 1.1906249999999998
    endloop
  endfacet
  facet normal 0 0 -1
    outer loop
      vertex -13.379581331851442 0.3061964603080014 -3.96875
      vertex -13.205808744656153 0.32246981845820244 -3.96875
      vertex -13.205808744656153 -1.1775301815417976 -3.96875
    endloop
  endfacet
  facet normal -0.09323948588544705 0.9956437105068346 0
    outer loop
      vertex -13.379581331851442 0.3061964603080014 -3.96875
      vertex -13.205808744656153 0.32246981845820244 1.1906249999999998
      vertex -13.205808744656153 0.32246981845820244 -3.96875
    endloop
  endfacet
  facet normal 0 0 -1
    outer loop
      vertex -13.205808744656153 -1.1775301815417976 -3.96875
      vertex -13.205808744656153 0.32246981845820244 -3.96875
      vertex -13.03200801977802 -1.1615601384029617 -3.96875
    endloop
  endfacet
  facet normal 0.09150161866346448 -0.9958049275746561 0
    outer loop
      vertex -13.205808744656153 -1.1775301815417976 -3.96875
      vertex -13.03200801977802 -1.1615601384029617 -3.96875
      vertex -13.03200801977802 -1.1615601384029617 1.1906249999999998
    endloop
  endfacet
  facet normal 0.09150161866346448 -0.9958049275746561 0
    outer loop
      vertex -13.205808744656153 -1.1775301815417976 -3.96875
      vertex -13.03200801977802 -1.1615601384029617 1.1906249999999998
      vertex -13.205808744656153 -1.1775301815417976 1.1906249999999998
    endloop
  endfacet
  facet normal 0 0 1
    outer loop
      vertex -13.205808744656153 -1.1775301815417976 1.1906249999999998
      vertex -13.03200801977802 -1.1615601384029617 1.1906249999999998
      vertex -13.03200801977802 0.3384398615970383 1.1906249999999998
    endloop
  endfacet
  facet normal 0 0 1
    outer loop
      vertex -13.205808744656153 -1.1775301815417976 1.1906249999999998
      vertex -13.03200801977802 0.3384398615970383 1.1906249999999998
      vertex -13.205808744656153 0.32246981845820244 1.1906249999999998
    endloop
  endfacet
  facet normal -0.09150161866346448 0.9958049275746561 0
    outer loop
      vertex -13.205808744656153 0.32246981845820244 -3.96875
      vertex -13.205808744656153 0.32246981845820244 1.1906249999999998
      vertex -13.03200801977802 0.3384398615970383 1.1906249999999998
    endloop
  endfacet
  facet normal 0 0 -1
    outer loop
      vertex -13.205808744656153 0.32246981845820244 -3.96875
      vertex -13.03200801977802 0.3384398615970383 -3.96875
      vertex -13.03200801977802 -1.1615601384029617 -3.96875
    endloop
  endfacet
  facet normal -0.09150161866346448 0.9958049275746561 0
    outer loop
      vertex -13.205808744656153 0.32246981845820244 -3.96875
      vertex -13.03200801977802 0.3384398615970383 1.1906249999999998
      vertex -13.03200801977802 0.3384398615970383 -3.96875
    endloop
  endfacet
  facet normal 0 0 -1
    outer loop
      vertex -13.03200801977802 -1.1615601384029617 -3.96875
      vertex -13.03200801977802 0.3384398615970383 -3.96875
      vertex -12.858179686644142 -1.145893458923041 -3.96875
    endloop
  endfacet
  facet normal 0.08976347271149121 -0.9959631112479886 0
    outer loop
      vertex -13.03200801977802 -1.1615601384029617 -3.96875
      vertex -12.858179686644142 -1.145893458923041 -3.96875
      vertex -12.858179686644142 -1.145893458923041 1.1906249999999998
    endloop
  endfacet
  facet normal 0.08976347271149121 -0.9959631112479886 0
    outer loop
      vertex -13.03200801977802 -1.1615601384029617 -3.96875
      vertex -12.858179686644142 -1.145893458923041 1.1906249999999998
      vertex -13.03200801977802 -1.1615601384029617 1.1906249999999998
    endloop
  endfacet
  facet normal 0 0 1
    outer loop
      vertex -13.03200801977802 -1.1615601384029617 1.1906249999999998
      vertex -12.858179686644142 -1.145893458923041 1.1906249999999998
      vertex -12.858179686644142 0.35410654107695905 1.1906249999999998
    endloop
  endfacet
  facet normal 0 0 1
    outer loop
      vertex -13.03200801977802 -1.1615601384029617 1.1906249999999998
      vertex -12.858179686644142 0.35410654107695905 1.1906249999999998
      vertex -13.03200801977802 0.3384398615970383 1.1906249999999998
    endloop
  endfacet
  facet normal -0.08976347271149121 0.9959631112479886 0
    outer loop
      vertex -13.03200801977802 0.3384398615970383 -3.96875
      vertex -13.03200801977802 0.3384398615970383 1.1906249999999998
      vertex -12.858179686644142 0.35410654107695905 1.1906249999999998
    endloop
  endfacet
  facet normal 0 0 -1
    outer loop
      vertex -13.03200801977802 0.3384398615970383 -3.96875
      vertex -12.858179686644142 0.35410654107695905 -3.96875
      vertex -12.858179686644142 -1.145893458923041 -3.96875
    endloop
  endfacet
  facet normal -0.08976347271149121 0.9959631112479886 0
    outer loop
      vertex -13.03200801977802 0.3384398615970383 -3.96875
      vertex -12.858179686644142 0.35410654107695905 1.1906249999999998
      vertex -12.858179686644142 0.35410654107695905 -3.96875
    endloop
  endfacet
  facet normal 0 0 -1
    outer loop
      vertex -12.858179686644142 -1.145893458923041 -3.96875
      vertex -12.858179686644142 0.35410654107695905 -3.96875
      vertex -12.684324274765817 -1.1305301908254393 -3.96875
    endloop
  endfacet
  facet normal 0.08802505332454522 -0.9961182610449478 0
    outer loop
      vertex -12.858179686644142 -1.145893458923041 -3.96875
      vertex -12.684324274765817 -1.1305301908254393 -3.96875
      vertex -12.684324274765817 -1.1305301908254393 1.1906249999999998
    endloop
  endfacet
  facet normal 0.08802505332454522 -0.9961182610449478 0
    outer loop
      vertex -12.858179686644142 -1.145893458923041 -3.96875
      vertex -12.684324274765817 -1.1305301908254393 1.1906249999999998
      vertex -12.858179686644142 -1.145893458923041 1.1906249999999998
    endloop
  endfacet
  facet normal 0 0 1
    outer loop
      vertex -12.858179686644142 -1.145893458923041 1.1906249999999998
      vertex -12.684324274765817 -1.1305301908254393 1.1906249999999998
      vertex -12.684324274765817 0.36946980917456074 1.1906249999999998
    endloop
  endfacet
  facet normal 0 0 1
    outer loop
      vertex -12.858179686644142 -1.145893458923041 1.1906249999999998
      vertex -12.684324274765817 0.36946980917456074 1.1906249999999998
      vertex -12.858179686644142 0.35410654107695905 1.1906249999999998
    endloop
  endfacet
  facet normal -0.08802505332454522 0.9961182610449478 0
    outer loop
      vertex -12.858179686644142 0.35410654107695905 -3.96875
      vertex -12.858179686644142 0.35410654107695905 1.1906249999999998
      vertex -12.684324274765817 0.36946980917456074 1.1906249999999998
    endloop
  endfacet
  facet normal 0 0 -1
    outer loop
      vertex -12.858179686644142 0.35410654107695905 -3.96875
      vertex -12.684324274765817 0.36946980917456074 -3.96875
      vertex -12.684324274765817 -1.1305301908254393 -3.96875
    endloop
  endfacet
  facet normal -0.08802505332454522 0.9961182610449478 0
    outer loop
      vertex -12.858179686644142 0.35410654107695905 -3.96875
      vertex -12.684324274765817 0.36946980917456074 1.1906249999999998
      vertex -12.684324274765817 0.36946980917456074 -3.96875
    endloop
  endfacet
  facet normal 0 0 -1
    outer loop
      vertex -12.684324274765817 -1.1305301908254393 -3.96875
      vertex -12.684324274765817 0.36946980917456074 -3.96875
      vertex -12.510442313736757 -1.1154703809093576 -3.96875
    endloop
  endfacet
  facet normal 0.08628636579788379 -0.9962703764929447 0
    outer loop
      vertex -12.684324274765817 -1.1305301908254393 -3.96875
      vertex -12.510442313736757 -1.1154703809093576 -3.96875
      vertex -12.510442313736757 -1.1154703809093576 1.1906249999999998
    endloop
  endfacet
  facet normal 0.08628636579788379 -0.9962703764929447 0
    outer loop
      vertex -12.684324274765817 -1.1305301908254393 -3.96875
      vertex -12.510442313736757 -1.1154703809093576 1.1906249999999998
      vertex -12.684324274765817 -1.1305301908254393 1.1906249999999998
    endloop
  endfacet
  facet normal 0 0 1
    outer loop
      vertex -12.684324274765817 -1.1305301908254393 1.1906249999999998
      vertex -12.510442313736757 -1.1154703809093576 1.1906249999999998
      vertex -12.510442313736757 0.3845296190906424 1.1906249999999998
    endloop
  endfacet
  facet normal 0 0 1
    outer loop
      vertex -12.684324274765817 -1.1305301908254393 1.1906249999999998
      vertex -12.510442313736757 0.3845296190906424 1.1906249999999998
      vertex -12.684324274765817 0.36946980917456074 1.1906249999999998
    endloop
  endfacet
  facet normal -0.08628636579788379 0.9962703764929447 0
    outer loop
      vertex -12.684324274765817 0.36946980917456074 -3.96875
      vertex -12.684324274765817 0.36946980917456074 1.1906249999999998
      vertex -12.510442313736757 0.3845296190906424 1.1906249999999998
    endloop
  endfacet
  facet normal 0 0 -1
    outer loop
      vertex -12.684324274765817 0.36946980917456074 -3.96875
      vertex -12.510442313736757 0.3845296190906424 -3.96875
      vertex -12.510442313736757 -1.1154703809093576 -3.96875
    endloop
  endfacet
  facet normal -0.08628636579788379 0.9962703764929447 0
    outer loop
      vertex -12.684324274765817 0.36946980917456074 -3.96875
      vertex -12.510442313736757 0.3845296190906424 1.1906249999999998
      vertex -12.510442313736757 0.3845296190906424 -3.96875
    endloop
  endfacet
  facet normal 0 0 -1
    outer loop
      vertex -12.510442313736757 -1.1154703809093576 -3.96875
      vertex -12.510442313736757 0.3845296190906424 -3.96875
      vertex -12.336534333231544 -1.1007140750495665 -3.96875
    endloop
  endfacet
  facet normal 0.08454741542810133 -0.996419457128587 0
    outer loop
      vertex -12.510442313736757 -1.1154703809093576 -3.96875
      vertex -12.336534333231544 -1.1007140750495665 -3.96875
      vertex -12.336534333231544 -1.1007140750495665 1.1906249999999998
    endloop
  endfacet
  facet normal 0.08454741542810133 -0.996419457128587 0
    outer loop
      vertex -12.510442313736757 -1.1154703809093576 -3.96875
      vertex -12.336534333231544 -1.1007140750495665 1.1906249999999998
      vertex -12.510442313736757 -1.1154703809093576 1.1906249999999998
    endloop
  endfacet
  facet normal 0 0 1
    outer loop
      vertex -12.510442313736757 -1.1154703809093576 1.1906249999999998
      vertex -12.336534333231544 -1.1007140750495665 1.1906249999999998
      vertex -12.336534333231544 0.39928592495043347 1.1906249999999998
    endloop
  endfacet
  facet normal 0 0 1
    outer loop
      vertex -12.510442313736757 -1.1154703809093576 1.1906249999999998
      vertex -12.336534333231544 0.39928592495043347 1.1906249999999998
      vertex -12.510442313736757 0.3845296190906424 1.1906249999999998
    endloop
  endfacet
  facet normal -0.08454741542810133 0.996419457128587 0
    outer loop
      vertex -12.510442313736757 0.3845296190906424 -3.96875
      vertex -12.510442313736757 0.3845296190906424 1.1906249999999998
      vertex -12.336534333231544 0.39928592495043347 1.1906249999999998
    endloop
  endfacet
  facet normal 0 0 -1
    outer loop
      vertex -12.510442313736757 0.3845296190906424 -3.96875
      vertex -12.336534333231544 0.39928592495043347 -3.96875
      vertex -12.336534333231544 -1.1007140750495665 -3.96875
    endloop
  endfacet
  facet normal -0.08454741542810133 0.996419457128587 0
    outer loop
      vertex -12.510442313736757 0.3845296190906424 -3.96875
      vertex -12.336534333231544 0.39928592495043347 1.1906249999999998
      vertex -12.336534333231544 0.39928592495043347 -3.96875
    endloop
  endfacet
  facet normal 0 0 -1
    outer loop
      vertex -12.336534333231544 -1.1007140750495665 -3.96875
      vertex -12.336534333231544 0.39928592495043347 -3.96875
      vertex -12.162600863004098 -1.0862613181963354 -3.96875
    endloop
  endfacet
  facet normal 0.08280820751223884 -0.9965655024977585 0
    outer loop
      vertex -12.336534333231544 -1.1007140750495665 -3.96875
      vertex -12.162600863004098 -1.0862613181963354 -3.96875
      vertex -12.162600863004098 -1.0862613181963354 1.1906249999999998
    endloop
  endfacet
  facet normal 0.08280820751223884 -0.9965655024977585 0
    outer loop
      vertex -12.336534333231544 -1.1007140750495665 -3.96875
      vertex -12.162600863004098 -1.0862613181963354 1.1906249999999998
      vertex -12.336534333231544 -1.1007140750495665 1.1906249999999998
    endloop
  endfacet
  facet normal 0 0 1
    outer loop
      vertex -12.336534333231544 -1.1007140750495665 1.1906249999999998
      vertex -12.162600863004098 -1.0862613181963354 1.1906249999999998
      vertex -12.162600863004098 0.4137386818036646 1.1906249999999998
    endloop
  endfacet
  facet normal 0 0 1
    outer loop
      vertex -12.336534333231544 -1.1007140750495665 1.1906249999999998
      vertex -12.162600863004098 0.4137386818036646 1.1906249999999998
      vertex -12.336534333231544 0.39928592495043347 1.1906249999999998
    endloop
  endfacet
  facet normal -0.08280820751223884 0.9965655024977585 0
    outer loop
      vertex -12.336534333231544 0.39928592495043347 -3.96875
      vertex -12.336534333231544 0.39928592495043347 1.1906249999999998
      vertex -12.162600863004098 0.4137386818036646 1.1906249999999998
    endloop
  endfacet
  facet normal 0 0 -1
    outer loop
      vertex -12.336534333231544 0.39928592495043347 -3.96875
      vertex -12.162600863004098 0.4137386818036646 -3.96875
      vertex -12.162600863004098 -1.0862613181963354 -3.96875
    endloop
  endfacet
  facet normal -0.08280820751223884 0.9965655024977585 0
    outer loop
      vertex -12.336534333231544 0.39928592495043347 -3.96875
      vertex -12.162600863004098 0.4137386818036646 1.1906249999999998
      vertex -12.162600863004098 0.4137386818036646 -3.96875
    endloop
  endfacet
  facet normal 0 0 -1
    outer loop
      vertex -12.162600863004098 -1.0862613181963354 -3.96875
      vertex -12.162600863004098 0.4137386818036646 -3.96875
      vertex -11.988642432885882 -1.07211215437529 -3.96875
    endloop
  endfacet
  facet normal 0.08106874734806632 -0.9967085121555928 0
    outer loop
      vertex -12.162600863004098 -1.0862613181963354 -3.96875
      vertex -11.988642432885882 -1.07211215437529 -3.96875
      vertex -11.988642432885882 -1.07211215437529 1.1906249999999998
    endloop
  endfacet
  facet normal 0.08106874734806632 -0.9967085121555928 0
    outer loop
      vertex -12.162600863004098 -1.0862613181963354 -3.96875
      vertex -11.988642432885882 -1.07211215437529 1.1906249999999998
      vertex -12.162600863004098 -1.0862613181963354 1.1906249999999998
    endloop
  endfacet
  facet normal 0 0 1
    outer loop
      vertex -12.162600863004098 -1.0862613181963354 1.1906249999999998
      vertex -11.988642432885882 -1.07211215437529 1.1906249999999998
      vertex -11.988642432885882 0.42788784562470994 1.1906249999999998
    endloop
  endfacet
  facet normal 0 0 1
    outer loop
      vertex -12.162600863004098 -1.0862613181963354 1.1906249999999998
      vertex -11.988642432885882 0.42788784562470994 1.1906249999999998
      vertex -12.162600863004098 0.4137386818036646 1.1906249999999998
    endloop
  endfacet
  facet normal -0.08106874734806632 0.9967085121555928 0
    outer loop
      vertex -12.162600863004098 0.4137386818036646 -3.96875
      vertex -12.162600863004098 0.4137386818036646 1.1906249999999998
      vertex -11.988642432885882 0.42788784562470994 1.1906249999999998
    endloop
  endfacet
  facet normal 0 0 -1
    outer loop
      vertex -12.162600863004098 0.4137386818036646 -3.96875
      vertex -11.988642432885882 0.42788784562470994 -3.96875
      vertex -11.988642432885882 -1.07211215437529 -3.96875
    endloop
  endfacet
  facet normal -0.08106874734806632 0.9967085121555928 0
    outer loop
      vertex -12.162600863004098 0.4137386818036646 -3.96875
      vertex -11.988642432885882 0.42788784562470994 1.1906249999999998
      vertex -11.988642432885882 0.42788784562470994 -3.96875
    endloop
  endfacet
  facet normal 0 0 -1
    outer loop
      vertex -11.988642432885882 -1.07211215437529 -3.96875
      vertex -11.988642432885882 0.42788784562470994 -3.96875
      vertex -11.814659572784494 -1.0582666266871996 -3.96875
    endloop
  endfacet
  facet normal 0.07932904023466747 -0.9968484856664258 0
    outer loop
      vertex -11.988642432885882 -1.07211215437529 -3.96875
      vertex -11.814659572784494 -1.0582666266871996 -3.96875
      vertex -11.814659572784494 -1.0582666266871996 1.1906249999999998
    endloop
  endfacet
  facet normal 0.07932904023466747 -0.9968484856664258 0
    outer loop
      vertex -11.988642432885882 -1.07211215437529 -3.96875
      vertex -11.814659572784494 -1.0582666266871996 1.1906249999999998
      vertex -11.988642432885882 -1.07211215437529 1.1906249999999998
    endloop
  endfacet
  facet normal 0 0 1
    outer loop
      vertex -11.988642432885882 -1.07211215437529 1.1906249999999998
      vertex -11.814659572784494 -1.0582666266871996 1.1906249999999998
      vertex -11.814659572784494 0.4417333733128004 1.1906249999999998
    endloop
  endfacet
  facet normal 0 0 1
    outer loop
      vertex -11.988642432885882 -1.07211215437529 1.1906249999999998
      vertex -11.814659572784494 0.4417333733128004 1.1906249999999998
      vertex -11.988642432885882 0.42788784562470994 1.1906249999999998
    endloop
  endfacet
  facet normal -0.07932904023466747 0.9968484856664258 0
    outer loop
      vertex -11.988642432885882 0.42788784562470994 -3.96875
      vertex -11.988642432885882 0.42788784562470994 1.1906249999999998
      vertex -11.814659572784494 0.4417333733128004 1.1906249999999998
    endloop
  endfacet
  facet normal 0 0 -1
    outer loop
      vertex -11.988642432885882 0.42788784562470994 -3.96875
      vertex -11.814659572784494 0.4417333733128004 -3.96875
      vertex -11.814659572784494 -1.0582666266871996 -3.96875
    endloop
  endfacet
  facet normal -0.07932904023466747 0.9968484856664258 0
    outer loop
      vertex -11.988642432885882 0.42788784562470994 -3.96875
      vertex -11.814659572784494 0.4417333733128004 1.1906249999999998
      vertex -11.814659572784494 0.4417333733128004 -3.96875
    endloop
  endfacet
  facet normal 0 0 -1
    outer loop
      vertex -11.814659572784494 -1.0582666266871996 -3.96875
      vertex -11.814659572784494 0.4417333733128004 -3.96875
      vertex -11.640652812681873 -1.0447247773079766 -3.96875
    endloop
  endfacet
  facet normal 0.07758909147104881 -0.9969854226039101 0
    outer loop
      vertex -11.814659572784494 -1.0582666266871996 -3.96875
      vertex -11.640652812681873 -1.0447247773079766 -3.96875
      vertex -11.640652812681873 -1.0447247773079766 1.1906249999999998
    endloop
  endfacet
  facet normal 0.07758909147104881 -0.9969854226039101 0
    outer loop
      vertex -11.814659572784494 -1.0582666266871996 -3.96875
      vertex -11.640652812681873 -1.0447247773079766 1.1906249999999998
      vertex -11.814659572784494 -1.0582666266871996 1.1906249999999998
    endloop
  endfacet
  facet normal 0 0 1
    outer loop
      vertex -11.814659572784494 -1.0582666266871996 1.1906249999999998
      vertex -11.640652812681873 -1.0447247773079766 1.1906249999999998
      vertex -11.640652812681873 0.45527522269202336 1.1906249999999998
    endloop
  endfacet
  facet normal 0 0 1
    outer loop
      vertex -11.814659572784494 -1.0582666266871996 1.1906249999999998
      vertex -11.640652812681873 0.45527522269202336 1.1906249999999998
      vertex -11.814659572784494 0.4417333733128004 1.1906249999999998
    endloop
  endfacet
  facet normal -0.07758909147104881 0.9969854226039101 0
    outer loop
      vertex -11.814659572784494 0.4417333733128004 -3.96875
      vertex -11.814659572784494 0.4417333733128004 1.1906249999999998
      vertex -11.640652812681873 0.45527522269202336 1.1906249999999998
    endloop
  endfacet
  facet normal 0 0 -1
    outer loop
      vertex -11.814659572784494 0.4417333733128004 -3.96875
      vertex -11.640652812681873 0.45527522269202336 -3.96875
      vertex -11.640652812681873 -1.0447247773079766 -3.96875
    endloop
  endfacet
  facet normal -0.07758909147104881 0.9969854226039101 0
    outer loop
      vertex -11.814659572784494 0.4417333733128004 -3.96875
      vertex -11.640652812681873 0.45527522269202336 1.1906249999999998
      vertex -11.640652812681873 0.45527522269202336 -3.96875
    endloop
  endfacet
  facet normal 0 0 -1
    outer loop
      vertex -11.640652812681873 -1.0447247773079766 -3.96875
      vertex -11.640652812681873 0.45527522269202336 -3.96875
      vertex -11.466622682632766 -1.0314866474884212 -3.96875
    endloop
  endfacet
  facet normal 0.0758489063577153 -0.9971193225508863 0
    outer loop
      vertex -11.640652812681873 -1.0447247773079766 -3.96875
      vertex -11.466622682632766 -1.0314866474884212 -3.96875
      vertex -11.466622682632766 -1.0314866474884212 1.1906249999999998
    endloop
  endfacet
  facet normal 0.0758489063577153 -0.9971193225508863 0
    outer loop
      vertex -11.640652812681873 -1.0447247773079766 -3.96875
      vertex -11.466622682632766 -1.0314866474884212 1.1906249999999998
      vertex -11.640652812681873 -1.0447247773079766 1.1906249999999998
    endloop
  endfacet
  facet normal 0 0 1
    outer loop
      vertex -11.640652812681873 -1.0447247773079766 1.1906249999999998
      vertex -11.466622682632766 -1.0314866474884212 1.1906249999999998
      vertex -11.466622682632766 0.4685133525115788 1.1906249999999998
    endloop
  endfacet
  facet normal 0 0 1
    outer loop
      vertex -11.640652812681873 -1.0447247773079766 1.1906249999999998
      vertex -11.466622682632766 0.4685133525115788 1.1906249999999998
      vertex -11.640652812681873 0.45527522269202336 1.1906249999999998
    endloop
  endfacet
  facet normal -0.0758489063577153 0.9971193225508863 0
    outer loop
      vertex -11.640652812681873 0.45527522269202336 -3.96875
      vertex -11.640652812681873 0.45527522269202336 1.1906249999999998
      vertex -11.466622682632766 0.4685133525115788 1.1906249999999998
    endloop
  endfacet
  facet normal 0 0 -1
    outer loop
      vertex -11.640652812681873 0.45527522269202336 -3.96875
      vertex -11.466622682632766 0.4685133525115788 -3.96875
      vertex -11.466622682632766 -1.0314866474884212 -3.96875
    endloop
  endfacet
  facet normal -0.0758489063577153 0.9971193225508863 0
    outer loop
      vertex -11.640652812681873 0.45527522269202336 -3.96875
      vertex -11.466622682632766 0.4685133525115788 1.1906249999999998
      vertex -11.466622682632766 0.4685133525115788 -3.96875
    endloop
  endfacet
  facet normal 0 0 -1
    outer loop
      vertex -11.466622682632766 -1.0314866474884212 -3.96875
      vertex -11.466622682632766 0.4685133525115788 -3.96875
      vertex -11.292569712763173 -1.0185522775541926 -3.96875
    endloop
  endfacet
  facet normal 0.07410849019536427 -0.9972501850994883 0
    outer loop
      vertex -11.466622682632766 -1.0314866474884212 -3.96875
      vertex -11.292569712763173 -1.0185522775541926 -3.96875
      vertex -11.292569712763173 -1.0185522775541926 1.1906249999999998
    endloop
  endfacet
  facet normal 0.07410849019536427 -0.9972501850994883 0
    outer loop
      vertex -11.466622682632766 -1.0314866474884212 -3.96875
      vertex -11.292569712763173 -1.0185522775541926 1.1906249999999998
      vertex -11.466622682632766 -1.0314866474884212 1.1906249999999998
    endloop
  endfacet
  facet normal 0 0 1
    outer loop
      vertex -11.466622682632766 -1.0314866474884212 1.1906249999999998
      vertex -11.292569712763173 -1.0185522775541926 1.1906249999999998
      vertex -11.292569712763173 0.48144772244580736 1.1906249999999998
    endloop
  endfacet
  facet normal 0 0 1
    outer loop
      vertex -11.466622682632766 -1.0314866474884212 1.1906249999999998
      vertex -11.292569712763173 0.48144772244580736 1.1906249999999998
      vertex -11.466622682632766 0.4685133525115788 1.1906249999999998
    endloop
  endfacet
  facet normal -0.07410849019536427 0.9972501850994883 0
    outer loop
      vertex -11.466622682632766 0.4685133525115788 -3.96875
      vertex -11.466622682632766 0.4685133525115788 1.1906249999999998
      vertex -11.292569712763173 0.48144772244580736 1.1906249999999998
    endloop
  endfacet
  facet normal 0 0 -1
    outer loop
      vertex -11.466622682632766 0.4685133525115788 -3.96875
      vertex -11.292569712763173 0.48144772244580736 -3.96875
      vertex -11.292569712763173 -1.0185522775541926 -3.96875
    endloop
  endfacet
  facet normal -0.07410849019536427 0.9972501850994883 0
    outer loop
      vertex -11.466622682632766 0.4685133525115788 -3.96875
      vertex -11.292569712763173 0.48144772244580736 1.1906249999999998
      vertex -11.292569712763173 0.48144772244580736 -3.96875
    endloop
  endfacet
  facet normal 0 0 -1
    outer loop
      vertex -11.292569712763173 -1.0185522775541926 -3.96875
      vertex -11.292569712763173 0.48144772244580736 -3.96875
      vertex -11.118494433268584 -1.0059217069056103 -3.96875
    endloop
  endfacet
  facet normal 0.07236784828576395 -0.9973780098510738 0
    outer loop
      vertex -11.292569712763173 -1.0185522775541926 -3.96875
      vertex -11.118494433268584 -1.0059217069056103 -3.96875
      vertex -11.118494433268584 -1.0059217069056103 1.1906249999999998
    endloop
  endfacet
  facet normal 0.07236784828576395 -0.9973780098510738 0
    outer loop
      vertex -11.292569712763173 -1.0185522775541926 -3.96875
      vertex -11.118494433268584 -1.0059217069056103 1.1906249999999998
      vertex -11.292569712763173 -1.0185522775541926 1.1906249999999998
    endloop
  endfacet
  facet normal 0 0 1
    outer loop
      vertex -11.292569712763173 -1.0185522775541926 1.1906249999999998
      vertex -11.118494433268584 -1.0059217069056103 1.1906249999999998
      vertex -11.118494433268584 0.49407829309438966 1.1906249999999998
    endloop
  endfacet
  facet normal 0 0 1
    outer loop
      vertex -11.292569712763173 -1.0185522775541926 1.1906249999999998
      vertex -11.118494433268584 0.49407829309438966 1.1906249999999998
      vertex -11.292569712763173 0.48144772244580736 1.1906249999999998
    endloop
  endfacet
  facet normal -0.07236784828576395 0.9973780098510738 0
    outer loop
      vertex -11.292569712763173 0.48144772244580736 -3.96875
      vertex -11.292569712763173 0.48144772244580736 1.1906249999999998
      vertex -11.118494433268584 0.49407829309438966 1.1906249999999998
    endloop
  endfacet
  facet normal 0 0 -1
    outer loop
      vertex -11.292569712763173 0.48144772244580736 -3.96875
      vertex -11.118494433268584 0.49407829309438966 -3.96875
      vertex -11.118494433268584 -1.0059217069056103 -3.96875
    endloop
  endfacet
  facet normal -0.07236784828576395 0.9973780098510738 0
    outer loop
      vertex -11.292569712763173 0.48144772244580736 -3.96875
      vertex -11.118494433268584 0.49407829309438966 1.1906249999999998
      vertex -11.118494433268584 0.49407829309438966 -3.96875
    endloop
  endfacet
  facet normal 0 0 -1
    outer loop
      vertex -11.118494433268584 -1.0059217069056103 -3.96875
      vertex -11.118494433268584 0.49407829309438966 -3.96875
      vertex -10.94439737441253 -0.9935949740175829 -3.96875
    endloop
  endfacet
  facet normal 0.07062698593116527 -0.9975027964162703 0
    outer loop
      vertex -11.118494433268584 -1.0059217069056103 -3.96875
      vertex -10.94439737441253 -0.9935949740175829 -3.96875
      vertex -10.94439737441253 -0.9935949740175829 1.1906249999999998
    endloop
  endfacet
  facet normal 0.07062698593116527 -0.9975027964162703 0
    outer loop
      vertex -11.118494433268584 -1.0059217069056103 -3.96875
      vertex -10.94439737441253 -0.9935949740175829 1.1906249999999998
      vertex -11.118494433268584 -1.0059217069056103 1.1906249999999998
    endloop
  endfacet
  facet normal 0 0 1
    outer loop
      vertex -11.118494433268584 -1.0059217069056103 1.1906249999999998
      vertex -10.94439737441253 -0.9935949740175829 1.1906249999999998
      vertex -10.94439737441253 0.5064050259824171 1.1906249999999998
    endloop
  endfacet
  facet normal 0 0 1
    outer loop
      vertex -11.118494433268584 -1.0059217069056103 1.1906249999999998
      vertex -10.94439737441253 0.5064050259824171 1.1906249999999998
      vertex -11.118494433268584 0.49407829309438966 1.1906249999999998
    endloop
  endfacet
  facet normal -0.07062698593116527 0.9975027964162703 0
    outer loop
      vertex -11.118494433268584 0.49407829309438966 -3.96875
      vertex -11.118494433268584 0.49407829309438966 1.1906249999999998
      vertex -10.94439737441253 0.5064050259824171 1.1906249999999998
    endloop
  endfacet
  facet normal 0 0 -1
    outer loop
      vertex -11.118494433268584 0.49407829309438966 -3.96875
      vertex -10.94439737441253 0.5064050259824171 -3.96875
      vertex -10.94439737441253 -0.9935949740175829 -3.96875
    endloop
  endfacet
  facet normal -0.07062698593116527 0.9975027964162703 0
    outer loop
      vertex -11.118494433268584 0.49407829309438966 -3.96875
      vertex -10.94439737441253 0.5064050259824171 1.1906249999999998
      vertex -10.94439737441253 0.5064050259824171 -3.96875
    endloop
  endfacet
  facet normal 0 0 -1
    outer loop
      vertex -10.94439737441253 -0.9935949740175829 -3.96875
      vertex -10.94439737441253 0.5064050259824171 -3.96875
      vertex -10.770279066524827 -0.981572116439466 -3.96875
    endloop
  endfacet
  facet normal 0.06888590843457125 -0.9976245444149536 0
    outer loop
      vertex -10.94439737441253 -0.9935949740175829 -3.96875
      vertex -10.770279066524827 -0.981572116439466 -3.96875
      vertex -10.770279066524827 -0.981572116439466 1.1906249999999998
    endloop
  endfacet
  facet normal 0.06888590843457125 -0.9976245444149536 0
    outer loop
      vertex -10.94439737441253 -0.9935949740175829 -3.96875
      vertex -10.770279066524827 -0.981572116439466 1.1906249999999998
      vertex -10.94439737441253 -0.9935949740175829 1.1906249999999998
    endloop
  endfacet
  facet normal 0 0 1
    outer loop
      vertex -10.94439737441253 -0.9935949740175829 1.1906249999999998
      vertex -10.770279066524827 -0.981572116439466 1.1906249999999998
      vertex -10.770279066524827 0.518427883560534 1.1906249999999998
    endloop
  endfacet
  facet normal 0 0 1
    outer loop
      vertex -10.94439737441253 -0.9935949740175829 1.1906249999999998
      vertex -10.770279066524827 0.518427883560534 1.1906249999999998
      vertex -10.94439737441253 0.5064050259824171 1.1906249999999998
    endloop
  endfacet
  facet normal -0.06888590843457125 0.9976245444149536 0
    outer loop
      vertex -10.94439737441253 0.5064050259824171 -3.96875
      vertex -10.94439737441253 0.5064050259824171 1.1906249999999998
      vertex -10.770279066524827 0.518427883560534 1.1906249999999998
    endloop
  endfacet
  facet normal 0 0 -1
    outer loop
      vertex -10.94439737441253 0.5064050259824171 -3.96875
      vertex -10.770279066524827 0.518427883560534 -3.96875
      vertex -10.770279066524827 -0.981572116439466 -3.96875
    endloop
  endfacet
  facet normal -0.06888590843457125 0.9976245444149536 0
    outer loop
      vertex -10.94439737441253 0.5064050259824171 -3.96875
      vertex -10.770279066524827 0.518427883560534 1.1906249999999998
      vertex -10.770279066524827 0.518427883560534 -3.96875
    endloop
  endfacet
  facet normal 0 0 -1
    outer loop
      vertex -10.770279066524827 -0.981572116439466 -3.96875
      vertex -10.770279066524827 0.518427883560534 -3.96875
      vertex -10.596140040000009 -0.9698531707950053 -3.96875
    endloop
  endfacet
  facet normal 0.06714462109933406 -0.9977432534762772 0
    outer loop
      vertex -10.770279066524827 -0.981572116439466 -3.96875
      vertex -10.596140040000009 -0.9698531707950053 -3.96875
      vertex -10.596140040000009 -0.9698531707950053 1.1906249999999998
    endloop
  endfacet
  facet normal 0.06714462109933406 -0.9977432534762772 0
    outer loop
      vertex -10.770279066524827 -0.981572116439466 -3.96875
      vertex -10.596140040000009 -0.9698531707950053 1.1906249999999998
      vertex -10.770279066524827 -0.981572116439466 1.1906249999999998
    endloop
  endfacet
  facet normal 0 0 1
    outer loop
      vertex -10.770279066524827 -0.981572116439466 1.1906249999999998
      vertex -10.596140040000009 -0.9698531707950053 1.1906249999999998
      vertex -10.596140040000009 0.5301468292049947 1.1906249999999998
    endloop
  endfacet
  facet normal 0 0 1
    outer loop
      vertex -10.770279066524827 -0.981572116439466 1.1906249999999998
      vertex -10.596140040000009 0.5301468292049947 1.1906249999999998
      vertex -10.770279066524827 0.518427883560534 1.1906249999999998
    endloop
  endfacet
  facet normal -0.06714462109933406 0.9977432534762772 0
    outer loop
      vertex -10.770279066524827 0.518427883560534 -3.96875
      vertex -10.770279066524827 0.518427883560534 1.1906249999999998
      vertex -10.596140040000009 0.5301468292049947 1.1906249999999998
    endloop
  endfacet
  facet normal 0 0 -1
    outer loop
      vertex -10.770279066524827 0.518427883560534 -3.96875
      vertex -10.596140040000009 0.5301468292049947 -3.96875
      vertex -10.596140040000009 -0.9698531707950053 -3.96875
    endloop
  endfacet
  facet normal -0.06714462109933406 0.9977432534762772 0
    outer loop
      vertex -10.770279066524827 0.518427883560534 -3.96875
      vertex -10.596140040000009 0.5301468292049947 1.1906249999999998
      vertex -10.596140040000009 0.5301468292049947 -3.96875
    endloop
  endfacet
  facet normal 0 0 -1
    outer loop
      vertex -10.596140040000009 -0.9698531707950053 -3.96875
      vertex -10.596140040000009 0.5301468292049947 -3.96875
      vertex -10.421980825295803 -0.9584381727820954 -3.96875
    endloop
  endfacet
  facet normal 0.06540312923022118 -0.9978589232385983 0
    outer loop
      vertex -10.596140040000009 -0.9698531707950053 -3.96875
      vertex -10.421980825295803 -0.9584381727820954 -3.96875
      vertex -10.421980825295803 -0.9584381727820954 1.1906249999999998
    endloop
  endfacet
  facet normal 0.06540312923022118 -0.9978589232385983 0
    outer loop
      vertex -10.596140040000009 -0.9698531707950053 -3.96875
      vertex -10.421980825295803 -0.9584381727820954 1.1906249999999998
      vertex -10.596140040000009 -0.9698531707950053 1.1906249999999998
    endloop
  endfacet
  facet normal 0 0 1
    outer loop
      vertex -10.596140040000009 -0.9698531707950053 1.1906249999999998
      vertex -10.421980825295803 -0.9584381727820954 1.1906249999999998
      vertex -10.421980825295803 0.5415618272179046 1.1906249999999998
    endloop
  endfacet
  facet normal 0 0 1
    outer loop
      vertex -10.596140040000009 -0.9698531707950053 1.1906249999999998
      vertex -10.421980825295803 0.5415618272179046 1.1906249999999998
      vertex -10.596140040000009 0.5301468292049947 1.1906249999999998
    endloop
  endfacet
  facet normal -0.06540312923022118 0.9978589232385983 0
    outer loop
      vertex -10.596140040000009 0.5301468292049947 -3.96875
      vertex -10.596140040000009 0.5301468292049947 1.1906249999999998
      vertex -10.421980825295803 0.5415618272179046 1.1906249999999998
    endloop
  endfacet
  facet normal 0 0 -1
    outer loop
      vertex -10.596140040000009 0.5301468292049947 -3.96875
      vertex -10.421980825295803 0.5415618272179046 -3.96875
      vertex -10.421980825295803 -0.9584381727820954 -3.96875
    endloop
  endfacet
  facet normal -0.06540312923022118 0.9978589232385983 0
    outer loop
      vertex -10.596140040000009 0.5301468292049947 -3.96875
      vertex -10.421980825295803 0.5415618272179046 1.1906249999999998
      vertex -10.421980825295803 0.5415618272179046 -3.96875
    endloop
  endfacet
  facet normal 0 0 -1
    outer loop
      vertex -10.421980825295803 -0.9584381727820954 -3.96875
      vertex -10.421980825295803 0.5415618272179046 -3.96875
      vertex -10.247801952931328 -0.9473271571728503 -3.96875
    endloop
  endfacet
  facet normal 0.06366143813152628 -0.9979715533496062 0
    outer loop
      vertex -10.421980825295803 -0.9584381727820954 -3.96875
      vertex -10.247801952931328 -0.9473271571728503 -3.96875
      vertex -10.247801952931328 -0.9473271571728503 1.1906249999999998
    endloop
  endfacet
  facet normal 0.06366143813152628 -0.9979715533496062 0
    outer loop
      vertex -10.421980825295803 -0.9584381727820954 -3.96875
      vertex -10.247801952931328 -0.9473271571728503 1.1906249999999998
      vertex -10.421980825295803 -0.9584381727820954 1.1906249999999998
    endloop
  endfacet
  facet normal 0 0 1
    outer loop
      vertex -10.421980825295803 -0.9584381727820954 1.1906249999999998
      vertex -10.247801952931328 -0.9473271571728503 1.1906249999999998
      vertex -10.247801952931328 0.5526728428271497 1.1906249999999998
    endloop
  endfacet
  facet normal 0 0 1
    outer loop
      vertex -10.421980825295803 -0.9584381727820954 1.1906249999999998
      vertex -10.247801952931328 0.5526728428271497 1.1906249999999998
      vertex -10.421980825295803 0.5415618272179046 1.1906249999999998
    endloop
  endfacet
  facet normal -0.06366143813152628 0.9979715533496062 0
    outer loop
      vertex -10.421980825295803 0.5415618272179046 -3.96875
      vertex -10.421980825295803 0.5415618272179046 1.1906249999999998
      vertex -10.247801952931328 0.5526728428271497 1.1906249999999998
    endloop
  endfacet
  facet normal 0 0 -1
    outer loop
      vertex -10.421980825295803 0.5415618272179046 -3.96875
      vertex -10.247801952931328 0.5526728428271497 -3.96875
      vertex -10.247801952931328 -0.9473271571728503 -3.96875
    endloop
  endfacet
  facet normal -0.06366143813152628 0.9979715533496062 0
    outer loop
      vertex -10.421980825295803 0.5415618272179046 -3.96875
      vertex -10.247801952931328 0.5526728428271497 1.1906249999999998
      vertex -10.247801952931328 0.5526728428271497 -3.96875
    endloop
  endfacet
  facet normal 0 0 -1
    outer loop
      vertex -10.247801952931328 -0.9473271571728503 -3.96875
      vertex -10.247801952931328 0.5526728428271497 -3.96875
      vertex -10.185510380764338 0.5565373245241613 -3.96875
    endloop
  endfacet
  facet normal 0 0 -1
    outer loop
      vertex -10.247801952931328 -0.9473271571728503 -3.96875
      vertex -10.185510380764338 -0.5953124999999999 -3.96875
      vertex -10.073603953485687 -0.9365201578133053 -3.96875
    endloop
  endfacet
  facet normal 0 0 -1
    outer loop
      vertex -10.247801952931328 -0.9473271571728503 -3.96875
      vertex -10.185510380764338 0.5565373245241613 -3.96875
      vertex -10.185510380764338 -0.5953124999999999 -3.96875
    endloop
  endfacet
  facet normal 0.061919553109327015 -0.9980811434661718 0
    outer loop
      vertex -10.247801952931328 -0.9473271571728503 -3.96875
      vertex -10.073603953485687 -0.9365201578133053 -3.96875
      vertex -10.073603953485687 -0.9365201578133053 1.1906249999999998
    endloop
  endfacet
  facet normal 0.061919553109327015 -0.9980811434661718 0
    outer loop
      vertex -10.247801952931328 -0.9473271571728503 -3.96875
      vertex -10.073603953485687 -0.9365201578133053 1.1906249999999998
      vertex -10.247801952931328 -0.9473271571728503 1.1906249999999998
    endloop
  endfacet
  facet normal 0 0 1
    outer loop
      vertex -10.247801952931328 -0.9473271571728503 1.1906249999999998
      vertex -10.073603953485687 -0.9365201578133053 1.1906249999999998
      vertex -10.073603953485687 0.5634798421866947 1.1906249999999998
    endloop
  endfacet
  facet normal 0 0 1
    outer loop
      vertex -10.247801952931328 -0.9473271571728503 1.1906249999999998
      vertex -10.073603953485687 0.5634798421866947 1.1906249999999998
      vertex -10.247801952931328 0.5526728428271497 1.1906249999999998
    endloop
  endfacet
  facet normal -0.061919553109327015 0.9980811434661718 0
    outer loop
      vertex -10.247801952931328 0.5526728428271497 -3.96875
      vertex -10.247801952931328 0.5526728428271497 1.1906249999999998
      vertex -10.073603953485687 0.5634798421866947 1.1906249999999998
    endloop
  endfacet
  facet normal -0.06191955310932767 0.9980811434661718 2.2222538757035166e-17
    outer loop
      vertex -10.247801952931328 0.5526728428271497 -3.96875
      vertex -10.073603953485687 0.5634798421866947 1.1906249999999998
      vertex -10.185510380764338 0.5565373245241613 -3.96875
    endloop
  endfacet
  facet normal -0.4226182617406994 0 -0.9063077870366499
    outer loop
      vertex -10.185510380764338 -0.5953124999999999 -3.96875
      vertex -10.185510380764338 0.5565373245241613 -3.96875
      vertex -7.632206828532645 -0.5953124999999999 -5.159375
    endloop
  endfacet
  facet normal 0 0 -1
    outer loop
      vertex -10.185510380764338 -0.5953124999999999 -3.96875
      vertex -9.899387357596172 -0.9260172076234738 -3.96875
      vertex -10.073603953485687 -0.9365201578133053 -3.96875
    endloop
  endfacet
  facet normal 0 0 -1
    outer loop
      vertex -10.185510380764338 -0.5953124999999999 -3.96875
      vertex -9.725152695956723 -0.9158183385971626 -3.96875
      vertex -9.899387357596172 -0.9260172076234738 -3.96875
    endloop
  endfacet
  facet normal 0 0 -1
    outer loop
      vertex -10.185510380764338 -0.5953124999999999 -3.96875
      vertex -9.550900499316384 -0.9059235818019005 -3.96875
      vertex -9.725152695956723 -0.9158183385971626 -3.96875
    endloop
  endfacet
  facet normal 0 0 -1
    outer loop
      vertex -10.185510380764338 -0.5953124999999999 -3.96875
      vertex -9.37663129847752 -0.8963329673788252 -3.96875
      vertex -9.550900499316384 -0.9059235818019005 -3.96875
    endloop
  endfacet
  facet normal 0 0 -1
    outer loop
      vertex -10.185510380764338 -0.5953124999999999 -3.96875
      vertex -9.202345624294384 -0.8870465245426118 -3.96875
      vertex -9.37663129847752 -0.8963329673788252 -3.96875
    endloop
  endfacet
  facet normal 0 0 -1
    outer loop
      vertex -10.185510380764338 -0.5953124999999999 -3.96875
      vertex -9.02804400767134 -0.8780642815813877 -3.96875
      vertex -9.202345624294384 -0.8870465245426118 -3.96875
    endloop
  endfacet
  facet normal 0 0 -1
    outer loop
      vertex -10.185510380764338 -0.5953124999999999 -3.96875
      vertex -8.853726979561321 -0.8693862658565905 -3.96875
      vertex -9.02804400767134 -0.8780642815813877 -3.96875
    endloop
  endfacet
  facet normal 0 0 -1
    outer loop
      vertex -10.185510380764338 -0.5953124999999999 -3.96875
      vertex -8.679395070964272 -0.8610125038029963 -3.96875
      vertex -8.853726979561321 -0.8693862658565905 -3.96875
    endloop
  endfacet
  facet normal 0 0 -1
    outer loop
      vertex -10.185510380764338 -0.5953124999999999 -3.96875
      vertex -8.505048812925368 -0.8529430209285209 -3.96875
      vertex -8.679395070964272 -0.8610125038029963 -3.96875
    endloop
  endfacet
  facet normal 0 0 -1
    outer loop
      vertex -10.185510380764338 -0.5953124999999999 -3.96875
      vertex -8.330688736533599 -0.8451778418142197 -3.96875
      vertex -8.505048812925368 -0.8529430209285209 -3.96875
    endloop
  endfacet
  facet normal 0 0 -1
    outer loop
      vertex -10.185510380764338 -0.5953124999999999 -3.96875
      vertex -8.156315372919973 -0.8377169901141599 -3.96875
      vertex -8.330688736533599 -0.8451778418142197 -3.96875
    endloop
  endfacet
  facet normal 0 0 -1
    outer loop
      vertex -10.185510380764338 -0.5953124999999999 -3.96875
      vertex -7.981929253255968 -0.8305604885554061 -3.96875
      vertex -8.156315372919973 -0.8377169901141599 -3.96875
    endloop
  endfacet
  facet normal 0 0 -1
    outer loop
      vertex -10.185510380764338 -0.5953124999999999 -3.96875
      vertex -7.807530908751999 -0.8237083589378784 -3.96875
      vertex -7.981929253255968 -0.8305604885554061 -3.96875
    endloop
  endfacet
  facet normal 0 0 -1
    outer loop
      vertex -10.185510380764338 -0.5953124999999999 -3.96875
      vertex -7.633120870655617 -0.8171606221343808 -3.96875
      vertex -7.807530908751999 -0.8237083589378784 -3.96875
    endloop
  endfacet
  facet normal 0 -1 0
    outer loop
      vertex -10.185510380764338 -0.5953124999999999 -3.96875
      vertex -7.632206828532645 -0.5953124999999999 -5.159375
      vertex -3.96875 -0.5953124999999999 -5.159375
    endloop
  endfacet
  facet normal 0 0 -1
    outer loop
      vertex -10.185510380764338 -0.5953124999999999 -3.96875
      vertex -7.4586996702500965 -0.8109172980904304 -3.96875
      vertex -7.633120870655617 -0.8171606221343808 -3.96875
    endloop
  endfacet
  facet normal 0 0 -1
    outer loop
      vertex -10.185510380764338 -0.5953124999999999 -3.96875
      vertex -7.284267838852637 -0.8049784058242864 -3.96875
      vertex -7.4586996702500965 -0.8109172980904304 -3.96875
    endloop
  endfacet
  facet normal 0 0 -1
    outer loop
      vertex -10.185510380764338 -0.5953124999999999 -3.96875
      vertex -7.109825907812825 -0.7993439634268356 -3.96875
      vertex -7.284267838852637 -0.8049784058242864 -3.96875
    endloop
  endfacet
  facet normal 0 0 -1
    outer loop
      vertex -10.185510380764338 -0.5953124999999999 -3.96875
      vertex -6.9353744085110804 -0.7940139880615931 -3.96875
      vertex -7.109825907812825 -0.7993439634268356 -3.96875
    endloop
  endfacet
  facet normal 0 0 -1
    outer loop
      vertex -10.185510380764338 -0.5953124999999999 -3.96875
      vertex -6.760913872356878 -0.7889884959645599 -3.96875
      vertex -6.9353744085110804 -0.7940139880615931 -3.96875
    endloop
  endfacet
  facet normal 0 0 -1
    outer loop
      vertex -10.185510380764338 -0.5953124999999999 -3.96875
      vertex -6.586444830787315 -0.7842675024442798 -3.96875
      vertex -6.760913872356878 -0.7889884959645599 -3.96875
    endloop
  endfacet
  facet normal 0 0 -1
    outer loop
      vertex -10.185510380764338 -0.5953124999999999 -3.96875
      vertex -6.411967815265324 -0.779851021881683 -3.96875
      vertex -6.586444830787315 -0.7842675024442798 -3.96875
    endloop
  endfacet
  facet normal 0 0 -1
    outer loop
      vertex -10.185510380764338 -0.5953124999999999 -3.96875
      vertex -6.237483357278131 -0.7757390677301714 -3.96875
      vertex -6.411967815265324 -0.779851021881683 -3.96875
    endloop
  endfacet
  facet normal 0 0 -1
    outer loop
      vertex -10.185510380764338 -0.5953124999999999 -3.96875
      vertex -6.0629919883357015 -0.7719316525154483 -3.96875
      vertex -6.237483357278131 -0.7757390677301714 -3.96875
    endloop
  endfacet
  facet normal 0 0 -1
    outer loop
      vertex -10.185510380764338 -0.5953124999999999 -3.96875
      vertex -5.888494239968956 -0.7684287878355747 -3.96875
      vertex -6.0629919883357015 -0.7719316525154483 -3.96875
    endloop
  endfacet
  facet normal 0 0 -1
    outer loop
      vertex -10.185510380764338 -0.5953124999999999 -3.96875
      vertex -5.713990643728351 -0.7652304843608704 -3.96875
      vertex -5.888494239968956 -0.7684287878355747 -3.96875
    endloop
  endfacet
  facet normal 0 0 -1
    outer loop
      vertex -10.185510380764338 -0.5953124999999999 -3.96875
      vertex -5.539481731182077 -0.7623367518339421 -3.96875
      vertex -5.713990643728351 -0.7652304843608704 -3.96875
    endloop
  endfacet
  facet normal 0 0 -1
    outer loop
      vertex -10.185510380764338 -0.5953124999999999 -3.96875
      vertex -5.364968033914522 -0.7597475990695699 -3.96875
      vertex -5.539481731182077 -0.7623367518339421 -3.96875
    endloop
  endfacet
  facet normal 0 0 -1
    outer loop
      vertex -10.185510380764338 -0.5953124999999999 -3.96875
      vertex -5.190450083524722 -0.7574630339548065 -3.96875
      vertex -5.364968033914522 -0.7597475990695699 -3.96875
    endloop
  endfacet
  facet normal 0 0 -1
    outer loop
      vertex -10.185510380764338 -0.5953124999999999 -3.96875
      vertex -5.01592841162457 -0.7554830634487928 -3.96875
      vertex -5.190450083524722 -0.7574630339548065 -3.96875
    endloop
  endfacet
  facet normal 0 0 -1
    outer loop
      vertex -10.185510380764338 -0.5953124999999999 -3.96875
      vertex -4.841403549837393 -0.7538076935828713 -3.96875
      vertex -5.01592841162457 -0.7554830634487928 -3.96875
    endloop
  endfacet
  facet normal 0 0 -1
    outer loop
      vertex -10.185510380764338 -0.5953124999999999 -3.96875
      vertex -4.666876029796165 -0.7524369294605293 -3.96875
      vertex -4.841403549837393 -0.7538076935828713 -3.96875
    endloop
  endfacet
  facet normal 0 0 -1
    outer loop
      vertex -10.185510380764338 -0.5953124999999999 -3.96875
      vertex -4.492346383141953 -0.7513707752573282 -3.96875
      vertex -4.666876029796165 -0.7524369294605293 -3.96875
    endloop
  endfacet
  facet normal 0 0 -1
    outer loop
      vertex -10.185510380764338 -0.5953124999999999 -3.96875
      vertex -4.317815141522378 -0.7506092342209598 -3.96875
      vertex -4.492346383141953 -0.7513707752573282 -3.96875
    endloop
  endfacet
  facet normal 0 0 -1
    outer loop
      vertex -10.185510380764338 -0.5953124999999999 -3.96875
      vertex -4.143282836589821 -0.7501523086712325 -3.96875
      vertex -4.317815141522378 -0.7506092342209598 -3.96875
    endloop
  endfacet
  facet normal 0 0 -1
    outer loop
      vertex -10.185510380764338 -0.5953124999999999 -3.96875
      vertex -3.96875 -0.75 -3.96875
      vertex -4.143282836589821 -0.7501523086712325 -3.96875
    endloop
  endfacet
  facet normal 0 -1 0
    outer loop
      vertex -10.185510380764338 -0.5953124999999999 -3.96875
      vertex -3.96875 -0.5953124999999999 -5.159375
      vertex -3.96875 -0.5953124999999999 -3.96875
    endloop
  endfacet
  facet normal 0 0 -1
    outer loop
      vertex -10.185510380764338 -0.5953124999999999 -3.96875
      vertex -3.96875 -0.5953124999999999 -3.96875
      vertex -3.96875 -0.75 -3.96875
    endloop
  endfacet
  facet normal -0.4226182617406994 0 -0.9063077870366499
    outer loop
      vertex -10.185510380764338 0.5565373245241613 -3.96875
      vertex -10.185510380764338 0.5953124999999999 -3.96875
      vertex -7.632206828532645 -0.5953124999999999 -5.159375
    endloop
  endfacet
  facet normal 0 0 1
    outer loop
      vertex -10.185510380764338 0.5565373245241613 -3.96875
      vertex -10.073603953485687 0.5634798421866947 -3.96875
      vertex -10.185510380764338 0.5953124999999999 -3.96875
    endloop
  endfacet
  facet normal -0.06191955310932665 0.9980811434661718 0
    outer loop
      vertex -10.185510380764338 0.5565373245241613 -3.96875
      vertex -10.073603953485687 0.5634798421866947 1.1906249999999998
      vertex -10.073603953485687 0.5634798421866947 -3.96875
    endloop
  endfacet
  facet normal 0 0 1
    outer loop
      vertex -10.185510380764338 0.5953124999999999 -3.96875
      vertex -10.073603953485687 0.5634798421866947 -3.96875
      vertex -9.899387357596172 0.5739827923765262 -3.96875
    endloop
  endfacet
  facet normal 0 0 1
    outer loop
      vertex -10.185510380764338 0.5953124999999999 -3.96875
      vertex -9.899387357596172 0.5739827923765262 -3.96875
      vertex -9.725152695956723 0.5841816614028374 -3.96875
    endloop
  endfacet
  facet normal 0 0 1
    outer loop
      vertex -10.185510380764338 0.5953124999999999 -3.96875
      vertex -9.725152695956723 0.5841816614028374 -3.96875
      vertex -9.550900499316384 0.5940764181980995 -3.96875
    endloop
  endfacet
  facet normal 0 0 1
    outer loop
      vertex -10.185510380764338 0.5953124999999999 -3.96875
      vertex -9.550900499316384 0.5940764181980995 -3.96875
      vertex -9.52843989582571 0.5953124999999999 -3.96875
    endloop
  endfacet
  facet normal 0 1 0
    outer loop
      vertex -10.185510380764338 0.5953124999999999 -3.96875
      vertex -9.52843989582571 0.5953124999999999 -3.96875
      vertex -7.632206828532645 0.5953124999999999 -5.159375
    endloop
  endfacet
  facet normal -0.42261826174069944 0 -0.90630778703665
    outer loop
      vertex -10.185510380764338 0.5953124999999999 -3.96875
      vertex -7.632206828532645 0.5953124999999999 -5.159375
      vertex -7.632206828532645 -0.5953124999999999 -5.159375
    endloop
  endfacet
  facet normal 0.060177479469311984 -0.9981876932544904 0
    outer loop
      vertex -10.073603953485687 -0.9365201578133053 -3.96875
      vertex -9.899387357596172 -0.9260172076234738 -3.96875
      vertex -9.899387357596172 -0.9260172076234738 1.1906249999999998
    endloop
  endfacet
  facet normal 0.060177479469311984 -0.9981876932544904 0
    outer loop
      vertex -10.073603953485687 -0.9365201578133053 -3.96875
      vertex -9.899387357596172 -0.9260172076234738 1.1906249999999998
      vertex -10.073603953485687 -0.9365201578133053 1.1906249999999998
    endloop
  endfacet
  facet normal 0 0 1
    outer loop
      vertex -10.073603953485687 -0.9365201578133053 1.1906249999999998
      vertex -9.899387357596172 -0.9260172076234738 1.1906249999999998
      vertex -9.899387357596172 0.5739827923765262 1.1906249999999998
    endloop
  endfacet
  facet normal 0 0 1
    outer loop
      vertex -10.073603953485687 -0.9365201578133053 1.1906249999999998
      vertex -9.899387357596172 0.5739827923765262 1.1906249999999998
      vertex -10.073603953485687 0.5634798421866947 1.1906249999999998
    endloop
  endfacet
  facet normal -0.060177479469311984 0.9981876932544904 0
    outer loop
      vertex -10.073603953485687 0.5634798421866947 -3.96875
      vertex -10.073603953485687 0.5634798421866947 1.1906249999999998
      vertex -9.899387357596172 0.5739827923765262 1.1906249999999998
    endloop
  endfacet
  facet normal -0.060177479469311984 0.9981876932544904 0
    outer loop
      vertex -10.073603953485687 0.5634798421866947 -3.96875
      vertex -9.899387357596172 0.5739827923765262 1.1906249999999998
      vertex -9.899387357596172 0.5739827923765262 -3.96875
    endloop
  endfacet
  facet normal 0.05843522251825606 -0.998291202389985 0
    outer loop
      vertex -9.899387357596172 -0.9260172076234738 -3.96875
      vertex -9.725152695956723 -0.9158183385971626 -3.96875
      vertex -9.725152695956723 -0.9158183385971626 1.1906249999999998
    endloop
  endfacet
  facet normal 0.05843522251825606 -0.998291202389985 0
    outer loop
      vertex -9.899387357596172 -0.9260172076234738 -3.96875
      vertex -9.725152695956723 -0.9158183385971626 1.1906249999999998
      vertex -9.899387357596172 -0.9260172076234738 1.1906249999999998
    endloop
  endfacet
  facet normal 0 0 1
    outer loop
      vertex -9.899387357596172 -0.9260172076234738 1.1906249999999998
      vertex -9.725152695956723 -0.9158183385971626 1.1906249999999998
      vertex -9.725152695956723 0.5841816614028374 1.1906249999999998
    endloop
  endfacet
  facet normal 0 0 1
    outer loop
      vertex -9.899387357596172 -0.9260172076234738 1.1906249999999998
      vertex -9.725152695956723 0.5841816614028374 1.1906249999999998
      vertex -9.899387357596172 0.5739827923765262 1.1906249999999998
    endloop
  endfacet
  facet normal -0.05843522251825606 0.998291202389985 0
    outer loop
      vertex -9.899387357596172 0.5739827923765262 -3.96875
      vertex -9.899387357596172 0.5739827923765262 1.1906249999999998
      vertex -9.725152695956723 0.5841816614028374 1.1906249999999998
    endloop
  endfacet
  facet normal -0.05843522251825606 0.998291202389985 0
    outer loop
      vertex -9.899387357596172 0.5739827923765262 -3.96875
      vertex -9.725152695956723 0.5841816614028374 1.1906249999999998
      vertex -9.725152695956723 0.5841816614028374 -3.96875
    endloop
  endfacet
  facet normal 0.056692787563364815 -0.9983916705573496 0
    outer loop
      vertex -9.725152695956723 -0.9158183385971626 -3.96875
      vertex -9.550900499316384 -0.9059235818019005 -3.96875
      vertex -9.550900499316384 -0.9059235818019005 1.1906249999999998
    endloop
  endfacet
  facet normal 0.056692787563364815 -0.9983916705573496 0
    outer loop
      vertex -9.725152695956723 -0.9158183385971626 -3.96875
      vertex -9.550900499316384 -0.9059235818019005 1.1906249999999998
      vertex -9.725152695956723 -0.9158183385971626 1.1906249999999998
    endloop
  endfacet
  facet normal 0 0 1
    outer loop
      vertex -9.725152695956723 -0.9158183385971626 1.1906249999999998
      vertex -9.550900499316384 -0.9059235818019005 1.1906249999999998
      vertex -9.550900499316384 0.5940764181980995 1.1906249999999998
    endloop
  endfacet
  facet normal 0 0 1
    outer loop
      vertex -9.725152695956723 -0.9158183385971626 1.1906249999999998
      vertex -9.550900499316384 0.5940764181980995 1.1906249999999998
      vertex -9.725152695956723 0.5841816614028374 1.1906249999999998
    endloop
  endfacet
  facet normal -0.056692787563364815 0.9983916705573496 0
    outer loop
      vertex -9.725152695956723 0.5841816614028374 -3.96875
      vertex -9.725152695956723 0.5841816614028374 1.1906249999999998
      vertex -9.550900499316384 0.5940764181980995 1.1906249999999998
    endloop
  endfacet
  facet normal -0.056692787563364815 0.9983916705573496 0
    outer loop
      vertex -9.725152695956723 0.5841816614028374 -3.96875
      vertex -9.550900499316384 0.5940764181980995 1.1906249999999998
      vertex -9.550900499316384 0.5940764181980995 -3.96875
    endloop
  endfacet
  facet normal 0.054950179912438994 -0.9984890974505383 0
    outer loop
      vertex -9.550900499316384 -0.9059235818019005 -3.96875
      vertex -9.37663129847752 -0.8963329673788252 -3.96875
      vertex -9.37663129847752 -0.8963329673788252 1.1906249999999998
    endloop
  endfacet
  facet normal 0.054950179912438994 -0.9984890974505383 0
    outer loop
      vertex -9.550900499316384 -0.9059235818019005 -3.96875
      vertex -9.37663129847752 -0.8963329673788252 1.1906249999999998
      vertex -9.550900499316384 -0.9059235818019005 1.1906249999999998
    endloop
  endfacet
  facet normal 0 0 1
    outer loop
      vertex -9.550900499316384 -0.9059235818019005 1.1906249999999998
      vertex -9.37663129847752 -0.8963329673788252 1.1906249999999998
      vertex -9.37663129847752 0.6036670326211748 1.1906249999999998
    endloop
  endfacet
  facet normal 0 0 1
    outer loop
      vertex -9.550900499316384 -0.9059235818019005 1.1906249999999998
      vertex -9.37663129847752 0.6036670326211748 1.1906249999999998
      vertex -9.550900499316384 0.5940764181980995 1.1906249999999998
    endloop
  endfacet
  facet normal -0.054950179912438994 0.9984890974505383 0
    outer loop
      vertex -9.550900499316384 0.5940764181980995 -3.96875
      vertex -9.550900499316384 0.5940764181980995 1.1906249999999998
      vertex -9.37663129847752 0.6036670326211748 1.1906249999999998
    endloop
  endfacet
  facet normal -0.05495017991243913 0.9984890974505383 4.670948604089029e-18
    outer loop
      vertex -9.550900499316384 0.5940764181980995 -3.96875
      vertex -9.37663129847752 0.6036670326211748 1.1906249999999998
      vertex -9.52843989582571 0.5953124999999999 -3.96875
    endloop
  endfacet
  facet normal 0 0 -1
    outer loop
      vertex -9.52843989582571 0.5953124999999999 -3.96875
      vertex -9.37663129847752 0.6036670326211748 -3.96875
      vertex -3.96875 0.5953124999999999 -3.96875
    endloop
  endfacet
  facet normal -0.05495017991243898 0.9984890974505384 0
    outer loop
      vertex -9.52843989582571 0.5953124999999999 -3.96875
      vertex -9.37663129847752 0.6036670326211748 1.1906249999999998
      vertex -9.37663129847752 0.6036670326211748 -3.96875
    endloop
  endfacet
  facet normal 0 1 0
    outer loop
      vertex -9.52843989582571 0.5953124999999999 -3.96875
      vertex -3.96875 0.5953124999999999 -3.96875
      vertex -7.632206828532645 0.5953124999999999 -5.159375
    endloop
  endfacet
  facet normal 0.053207404873748095 -0.998583482772773 0
    outer loop
      vertex -9.37663129847752 -0.8963329673788252 -3.96875
      vertex -9.202345624294384 -0.8870465245426118 -3.96875
      vertex -9.202345624294384 -0.8870465245426118 1.1906249999999998
    endloop
  endfacet
  facet normal 0.053207404873748095 -0.998583482772773 0
    outer loop
      vertex -9.37663129847752 -0.8963329673788252 -3.96875
      vertex -9.202345624294384 -0.8870465245426118 1.1906249999999998
      vertex -9.37663129847752 -0.8963329673788252 1.1906249999999998
    endloop
  endfacet
  facet normal 0 0 1
    outer loop
      vertex -9.37663129847752 -0.8963329673788252 1.1906249999999998
      vertex -9.202345624294384 -0.8870465245426118 1.1906249999999998
      vertex -9.202345624294384 0.6129534754573882 1.1906249999999998
    endloop
  endfacet
  facet normal 0 0 1
    outer loop
      vertex -9.37663129847752 -0.8963329673788252 1.1906249999999998
      vertex -9.202345624294384 0.6129534754573882 1.1906249999999998
      vertex -9.37663129847752 0.6036670326211748 1.1906249999999998
    endloop
  endfacet
  facet normal -0.053207404873748095 0.998583482772773 0
    outer loop
      vertex -9.37663129847752 0.6036670326211748 -3.96875
      vertex -9.37663129847752 0.6036670326211748 1.1906249999999998
      vertex -9.202345624294384 0.6129534754573882 1.1906249999999998
    endloop
  endfacet
  facet normal 0 0 -1
    outer loop
      vertex -9.37663129847752 0.6036670326211748 -3.96875
      vertex -9.202345624294384 0.6129534754573882 -3.96875
      vertex -3.96875 0.5953124999999999 -3.96875
    endloop
  endfacet
  facet normal -0.053207404873748095 0.998583482772773 0
    outer loop
      vertex -9.37663129847752 0.6036670326211748 -3.96875
      vertex -9.202345624294384 0.6129534754573882 1.1906249999999998
      vertex -9.202345624294384 0.6129534754573882 -3.96875
    endloop
  endfacet
  facet normal 0.051464467755997445 -0.9986748262365444 0
    outer loop
      vertex -9.202345624294384 -0.8870465245426118 -3.96875
      vertex -9.02804400767134 -0.8780642815813877 -3.96875
      vertex -9.02804400767134 -0.8780642815813877 1.1906249999999998
    endloop
  endfacet
  facet normal 0.051464467755997445 -0.9986748262365444 0
    outer loop
      vertex -9.202345624294384 -0.8870465245426118 -3.96875
      vertex -9.02804400767134 -0.8780642815813877 1.1906249999999998
      vertex -9.202345624294384 -0.8870465245426118 1.1906249999999998
    endloop
  endfacet
  facet normal 0 0 1
    outer loop
      vertex -9.202345624294384 -0.8870465245426118 1.1906249999999998
      vertex -9.02804400767134 -0.8780642815813877 1.1906249999999998
      vertex -9.02804400767134 0.6219357184186123 1.1906249999999998
    endloop
  endfacet
  facet normal 0 0 1
    outer loop
      vertex -9.202345624294384 -0.8870465245426118 1.1906249999999998
      vertex -9.02804400767134 0.6219357184186123 1.1906249999999998
      vertex -9.202345624294384 0.6129534754573882 1.1906249999999998
    endloop
  endfacet
  facet normal -0.051464467755997445 0.9986748262365444 0
    outer loop
      vertex -9.202345624294384 0.6129534754573882 -3.96875
      vertex -9.202345624294384 0.6129534754573882 1.1906249999999998
      vertex -9.02804400767134 0.6219357184186123 1.1906249999999998
    endloop
  endfacet
  facet normal 0 0 -1
    outer loop
      vertex -9.202345624294384 0.6129534754573882 -3.96875
      vertex -9.02804400767134 0.6219357184186123 -3.96875
      vertex -3.96875 0.5953124999999999 -3.96875
    endloop
  endfacet
  facet normal -0.051464467755997445 0.9986748262365444 0
    outer loop
      vertex -9.202345624294384 0.6129534754573882 -3.96875
      vertex -9.02804400767134 0.6219357184186123 1.1906249999999998
      vertex -9.02804400767134 0.6219357184186123 -3.96875
    endloop
  endfacet
  facet normal 0.04972137386873163 -0.998763127563591 0
    outer loop
      vertex -9.02804400767134 -0.8780642815813877 -3.96875
      vertex -8.853726979561321 -0.8693862658565905 -3.96875
      vertex -8.853726979561321 -0.8693862658565905 1.1906249999999998
    endloop
  endfacet
  facet normal 0.04972137386873163 -0.998763127563591 0
    outer loop
      vertex -9.02804400767134 -0.8780642815813877 -3.96875
      vertex -8.853726979561321 -0.8693862658565905 1.1906249999999998
      vertex -9.02804400767134 -0.8780642815813877 1.1906249999999998
    endloop
  endfacet
  facet normal 0 0 1
    outer loop
      vertex -9.02804400767134 -0.8780642815813877 1.1906249999999998
      vertex -8.853726979561321 -0.8693862658565905 1.1906249999999998
      vertex -8.853726979561321 0.6306137341434095 1.1906249999999998
    endloop
  endfacet
  facet normal 0 0 1
    outer loop
      vertex -9.02804400767134 -0.8780642815813877 1.1906249999999998
      vertex -8.853726979561321 0.6306137341434095 1.1906249999999998
      vertex -9.02804400767134 0.6219357184186123 1.1906249999999998
    endloop
  endfacet
  facet normal -0.04972137386873163 0.998763127563591 0
    outer loop
      vertex -9.02804400767134 0.6219357184186123 -3.96875
      vertex -9.02804400767134 0.6219357184186123 1.1906249999999998
      vertex -8.853726979561321 0.6306137341434095 1.1906249999999998
    endloop
  endfacet
  facet normal 0 0 -1
    outer loop
      vertex -9.02804400767134 0.6219357184186123 -3.96875
      vertex -8.853726979561321 0.6306137341434095 -3.96875
      vertex -3.96875 0.5953124999999999 -3.96875
    endloop
  endfacet
  facet normal -0.04972137386873163 0.998763127563591 0
    outer loop
      vertex -9.02804400767134 0.6219357184186123 -3.96875
      vertex -8.853726979561321 0.6306137341434095 1.1906249999999998
      vertex -8.853726979561321 0.6306137341434095 -3.96875
    endloop
  endfacet
  facet normal 0.047978128521350104 -0.9988483864849504 0
    outer loop
      vertex -8.853726979561321 -0.8693862658565905 -3.96875
      vertex -8.679395070964272 -0.8610125038029963 -3.96875
      vertex -8.679395070964272 -0.8610125038029963 1.1906249999999998
    endloop
  endfacet
  facet normal 0.047978128521350104 -0.9988483864849504 0
    outer loop
      vertex -8.853726979561321 -0.8693862658565905 -3.96875
      vertex -8.679395070964272 -0.8610125038029963 1.1906249999999998
      vertex -8.853726979561321 -0.8693862658565905 1.1906249999999998
    endloop
  endfacet
  facet normal 0 0 1
    outer loop
      vertex -8.853726979561321 -0.8693862658565905 1.1906249999999998
      vertex -8.679395070964272 -0.8610125038029963 1.1906249999999998
      vertex -8.679395070964272 0.6389874961970037 1.1906249999999998
    endloop
  endfacet
  facet normal 0 0 1
    outer loop
      vertex -8.853726979561321 -0.8693862658565905 1.1906249999999998
      vertex -8.679395070964272 0.6389874961970037 1.1906249999999998
      vertex -8.853726979561321 0.6306137341434095 1.1906249999999998
    endloop
  endfacet
  facet normal -0.047978128521350104 0.9988483864849504 0
    outer loop
      vertex -8.853726979561321 0.6306137341434095 -3.96875
      vertex -8.853726979561321 0.6306137341434095 1.1906249999999998
      vertex -8.679395070964272 0.6389874961970037 1.1906249999999998
    endloop
  endfacet
  facet normal 0 0 -1
    outer loop
      vertex -8.853726979561321 0.6306137341434095 -3.96875
      vertex -8.679395070964272 0.6389874961970037 -3.96875
      vertex -3.96875 0.5953124999999999 -3.96875
    endloop
  endfacet
  facet normal -0.047978128521350104 0.9988483864849504 0
    outer loop
      vertex -8.853726979561321 0.6306137341434095 -3.96875
      vertex -8.679395070964272 0.6389874961970037 1.1906249999999998
      vertex -8.679395070964272 0.6389874961970037 -3.96875
    endloop
  endfacet
  facet normal 0.04623473702434345 -0.9989306027408961 0
    outer loop
      vertex -8.679395070964272 -0.8610125038029963 -3.96875
      vertex -8.505048812925368 -0.8529430209285209 -3.96875
      vertex -8.505048812925368 -0.8529430209285209 1.1906249999999998
    endloop
  endfacet
  facet normal 0.04623473702434345 -0.9989306027408961 0
    outer loop
      vertex -8.679395070964272 -0.8610125038029963 -3.96875
      vertex -8.505048812925368 -0.8529430209285209 1.1906249999999998
      vertex -8.679395070964272 -0.8610125038029963 1.1906249999999998
    endloop
  endfacet
  facet normal 0 0 1
    outer loop
      vertex -8.679395070964272 -0.8610125038029963 1.1906249999999998
      vertex -8.505048812925368 -0.8529430209285209 1.1906249999999998
      vertex -8.505048812925368 0.6470569790714791 1.1906249999999998
    endloop
  endfacet
  facet normal 0 0 1
    outer loop
      vertex -8.679395070964272 -0.8610125038029963 1.1906249999999998
      vertex -8.505048812925368 0.6470569790714791 1.1906249999999998
      vertex -8.679395070964272 0.6389874961970037 1.1906249999999998
    endloop
  endfacet
  facet normal -0.04623473702434345 0.9989306027408961 0
    outer loop
      vertex -8.679395070964272 0.6389874961970037 -3.96875
      vertex -8.679395070964272 0.6389874961970037 1.1906249999999998
      vertex -8.505048812925368 0.6470569790714791 1.1906249999999998
    endloop
  endfacet
  facet normal 0 0 -1
    outer loop
      vertex -8.679395070964272 0.6389874961970037 -3.96875
      vertex -8.505048812925368 0.6470569790714791 -3.96875
      vertex -3.96875 0.5953124999999999 -3.96875
    endloop
  endfacet
  facet normal -0.04623473702434345 0.9989306027408961 0
    outer loop
      vertex -8.679395070964272 0.6389874961970037 -3.96875
      vertex -8.505048812925368 0.6470569790714791 1.1906249999999998
      vertex -8.505048812925368 0.6470569790714791 -3.96875
    endloop
  endfacet
  facet normal 0.04449120468825966 -0.9990097760809887 0
    outer loop
      vertex -8.505048812925368 -0.8529430209285209 -3.96875
      vertex -8.330688736533599 -0.8451778418142197 -3.96875
      vertex -8.330688736533599 -0.8451778418142197 1.1906249999999998
    endloop
  endfacet
  facet normal 0.04449120468825966 -0.9990097760809887 0
    outer loop
      vertex -8.505048812925368 -0.8529430209285209 -3.96875
      vertex -8.330688736533599 -0.8451778418142197 1.1906249999999998
      vertex -8.505048812925368 -0.8529430209285209 1.1906249999999998
    endloop
  endfacet
  facet normal 0 0 1
    outer loop
      vertex -8.505048812925368 -0.8529430209285209 1.1906249999999998
      vertex -8.330688736533599 -0.8451778418142197 1.1906249999999998
      vertex -8.330688736533599 0.6548221581857803 1.1906249999999998
    endloop
  endfacet
  facet normal 0 0 1
    outer loop
      vertex -8.505048812925368 -0.8529430209285209 1.1906249999999998
      vertex -8.330688736533599 0.6548221581857803 1.1906249999999998
      vertex -8.505048812925368 0.6470569790714791 1.1906249999999998
    endloop
  endfacet
  facet normal -0.04449120468825966 0.9990097760809887 0
    outer loop
      vertex -8.505048812925368 0.6470569790714791 -3.96875
      vertex -8.505048812925368 0.6470569790714791 1.1906249999999998
      vertex -8.330688736533599 0.6548221581857803 1.1906249999999998
    endloop
  endfacet
  facet normal 0 0 -1
    outer loop
      vertex -8.505048812925368 0.6470569790714791 -3.96875
      vertex -8.330688736533599 0.6548221581857803 -3.96875
      vertex -3.96875 0.5953124999999999 -3.96875
    endloop
  endfacet
  facet normal -0.04449120468825966 0.9990097760809887 0
    outer loop
      vertex -8.505048812925368 0.6470569790714791 -3.96875
      vertex -8.330688736533599 0.6548221581857803 1.1906249999999998
      vertex -8.330688736533599 0.6548221581857803 -3.96875
    endloop
  endfacet
  facet normal 0.042747536824331106 -0.9990859062640471 0
    outer loop
      vertex -8.330688736533599 -0.8451778418142197 -3.96875
      vertex -8.156315372919973 -0.8377169901141599 -3.96875
      vertex -8.156315372919973 -0.8377169901141599 1.1906249999999998
    endloop
  endfacet
  facet normal 0.042747536824331106 -0.9990859062640471 0
    outer loop
      vertex -8.330688736533599 -0.8451778418142197 -3.96875
      vertex -8.156315372919973 -0.8377169901141599 1.1906249999999998
      vertex -8.330688736533599 -0.8451778418142197 1.1906249999999998
    endloop
  endfacet
  facet normal 0 0 1
    outer loop
      vertex -8.330688736533599 -0.8451778418142197 1.1906249999999998
      vertex -8.156315372919973 -0.8377169901141599 1.1906249999999998
      vertex -8.156315372919973 0.6622830098858401 1.1906249999999998
    endloop
  endfacet
  facet normal 0 0 1
    outer loop
      vertex -8.330688736533599 -0.8451778418142197 1.1906249999999998
      vertex -8.156315372919973 0.6622830098858401 1.1906249999999998
      vertex -8.330688736533599 0.6548221581857803 1.1906249999999998
    endloop
  endfacet
  facet normal -0.042747536824331106 0.9990859062640471 0
    outer loop
      vertex -8.330688736533599 0.6548221581857803 -3.96875
      vertex -8.330688736533599 0.6548221581857803 1.1906249999999998
      vertex -8.156315372919973 0.6622830098858401 1.1906249999999998
    endloop
  endfacet
  facet normal 0 0 -1
    outer loop
      vertex -8.330688736533599 0.6548221581857803 -3.96875
      vertex -8.156315372919973 0.6622830098858401 -3.96875
      vertex -3.96875 0.5953124999999999 -3.96875
    endloop
  endfacet
  facet normal -0.042747536824331106 0.9990859062640471 0
    outer loop
      vertex -8.330688736533599 0.6548221581857803 -3.96875
      vertex -8.156315372919973 0.6622830098858401 1.1906249999999998
      vertex -8.156315372919973 0.6622830098858401 -3.96875
    endloop
  endfacet
  facet normal 0.041003738743890544 -0.9991589930581734 0
    outer loop
      vertex -8.156315372919973 -0.8377169901141599 -3.96875
      vertex -7.981929253255968 -0.8305604885554061 -3.96875
      vertex -7.981929253255968 -0.8305604885554061 1.1906249999999998
    endloop
  endfacet
  facet normal 0.041003738743890544 -0.9991589930581734 0
    outer loop
      vertex -8.156315372919973 -0.8377169901141599 -3.96875
      vertex -7.981929253255968 -0.8305604885554061 1.1906249999999998
      vertex -8.156315372919973 -0.8377169901141599 1.1906249999999998
    endloop
  endfacet
  facet normal 0 0 1
    outer loop
      vertex -8.156315372919973 -0.8377169901141599 1.1906249999999998
      vertex -7.981929253255968 -0.8305604885554061 1.1906249999999998
      vertex -7.981929253255968 0.6694395114445939 1.1906249999999998
    endloop
  endfacet
  facet normal 0 0 1
    outer loop
      vertex -8.156315372919973 -0.8377169901141599 1.1906249999999998
      vertex -7.981929253255968 0.6694395114445939 1.1906249999999998
      vertex -8.156315372919973 0.6622830098858401 1.1906249999999998
    endloop
  endfacet
  facet normal -0.041003738743890544 0.9991589930581734 0
    outer loop
      vertex -8.156315372919973 0.6622830098858401 -3.96875
      vertex -8.156315372919973 0.6622830098858401 1.1906249999999998
      vertex -7.981929253255968 0.6694395114445939 1.1906249999999998
    endloop
  endfacet
  facet normal 0 0 -1
    outer loop
      vertex -8.156315372919973 0.6622830098858401 -3.96875
      vertex -7.981929253255968 0.6694395114445939 -3.96875
      vertex -3.96875 0.5953124999999999 -3.96875
    endloop
  endfacet
  facet normal -0.041003738743890544 0.9991589930581734 0
    outer loop
      vertex -8.156315372919973 0.6622830098858401 -3.96875
      vertex -7.981929253255968 0.6694395114445939 1.1906249999999998
      vertex -7.981929253255968 0.6694395114445939 -3.96875
    endloop
  endfacet
  facet normal 0.039259815759104574 -0.9992290362407215 0
    outer loop
      vertex -7.981929253255968 -0.8305604885554061 -3.96875
      vertex -7.807530908751999 -0.8237083589378784 -3.96875
      vertex -7.807530908751999 -0.8237083589378784 1.1906249999999998
    endloop
  endfacet
  facet normal 0.039259815759104574 -0.9992290362407215 0
    outer loop
      vertex -7.981929253255968 -0.8305604885554061 -3.96875
      vertex -7.807530908751999 -0.8237083589378784 1.1906249999999998
      vertex -7.981929253255968 -0.8305604885554061 1.1906249999999998
    endloop
  endfacet
  facet normal 0 0 1
    outer loop
      vertex -7.981929253255968 -0.8305604885554061 1.1906249999999998
      vertex -7.807530908751999 -0.8237083589378784 1.1906249999999998
      vertex -7.807530908751999 0.6762916410621216 1.1906249999999998
    endloop
  endfacet
  facet normal 0 0 1
    outer loop
      vertex -7.981929253255968 -0.8305604885554061 1.1906249999999998
      vertex -7.807530908751999 0.6762916410621216 1.1906249999999998
      vertex -7.981929253255968 0.6694395114445939 1.1906249999999998
    endloop
  endfacet
  facet normal -0.039259815759104574 0.9992290362407215 0
    outer loop
      vertex -7.981929253255968 0.6694395114445939 -3.96875
      vertex -7.981929253255968 0.6694395114445939 1.1906249999999998
      vertex -7.807530908751999 0.6762916410621216 1.1906249999999998
    endloop
  endfacet
  facet normal 0 0 -1
    outer loop
      vertex -7.981929253255968 0.6694395114445939 -3.96875
      vertex -7.807530908751999 0.6762916410621216 -3.96875
      vertex -3.96875 0.5953124999999999 -3.96875
    endloop
  endfacet
  facet normal -0.039259815759104574 0.9992290362407215 0
    outer loop
      vertex -7.981929253255968 0.6694395114445939 -3.96875
      vertex -7.807530908751999 0.6762916410621216 1.1906249999999998
      vertex -7.807530908751999 0.6762916410621216 -3.96875
    endloop
  endfacet
  facet normal 0.03751577318193534 -0.9992960355983415 0
    outer loop
      vertex -7.807530908751999 -0.8237083589378784 -3.96875
      vertex -7.633120870655618 -0.8171606221343808 1.1906249999999998
      vertex -7.807530908751999 -0.8237083589378784 1.1906249999999998
    endloop
  endfacet
  facet normal 0.03751577318193514 -0.9992960355983413 6.501740407260555e-18
    outer loop
      vertex -7.807530908751999 -0.8237083589378784 -3.96875
      vertex -7.633120870655617 -0.8171606221343808 -3.96875
      vertex -7.633120870655618 -0.8171606221343808 1.1906249999999998
    endloop
  endfacet
  facet normal 0 0 1
    outer loop
      vertex -7.807530908751999 -0.8237083589378784 1.1906249999999998
      vertex -7.633120870655618 -0.8171606221343808 1.1906249999999998
      vertex -7.633120870655617 0.6828393778656192 1.1906249999999998
    endloop
  endfacet
  facet normal 0 0 1
    outer loop
      vertex -7.807530908751999 -0.8237083589378784 1.1906249999999998
      vertex -7.633120870655617 0.6828393778656192 1.1906249999999998
      vertex -7.807530908751999 0.6762916410621216 1.1906249999999998
    endloop
  endfacet
  facet normal -0.03751577318193514 0.9992960355983413 0
    outer loop
      vertex -7.807530908751999 0.6762916410621216 -3.96875
      vertex -7.807530908751999 0.6762916410621216 1.1906249999999998
      vertex -7.633120870655617 0.6828393778656192 1.1906249999999998
    endloop
  endfacet
  facet normal 0 0 -1
    outer loop
      vertex -7.807530908751999 0.6762916410621216 -3.96875
      vertex -7.633120870655617 0.6828393778656192 -3.96875
      vertex -3.96875 0.5953124999999999 -3.96875
    endloop
  endfacet
  facet normal -0.03751577318193514 0.9992960355983413 0
    outer loop
      vertex -7.807530908751999 0.6762916410621216 -3.96875
      vertex -7.633120870655617 0.6828393778656192 1.1906249999999998
      vertex -7.633120870655617 0.6828393778656192 -3.96875
    endloop
  endfacet
  facet normal 0.035771616325366046 -0.9993599909269286 6.158028377077226e-18
    outer loop
      vertex -7.633120870655618 -0.8171606221343808 1.1906249999999998
      vertex -7.633120870655617 -0.8171606221343808 -3.96875
      vertex -7.4586996702500965 -0.8109172980904304 1.1906249999999998
    endloop
  endfacet
  facet normal 0 0 1
    outer loop
      vertex -7.633120870655618 -0.8171606221343808 1.1906249999999998
      vertex -7.4586996702500965 -0.8109172980904304 1.1906249999999998
      vertex -7.4586996702500965 0.6890827019095696 1.1906249999999998
    endloop
  endfacet
  facet normal 0 0 1
    outer loop
      vertex -7.633120870655618 -0.8171606221343808 1.1906249999999998
      vertex -7.4586996702500965 0.6890827019095696 1.1906249999999998
      vertex -7.633120870655617 0.6828393778656192 1.1906249999999998
    endloop
  endfacet
  facet normal 0.035771616325366226 -0.9993599909269286 0
    outer loop
      vertex -7.633120870655617 -0.8171606221343808 -3.96875
      vertex -7.4586996702500965 -0.8109172980904304 -3.96875
      vertex -7.4586996702500965 -0.8109172980904304 1.1906249999999998
    endloop
  endfacet
  facet normal -0.035771616325366226 0.9993599909269286 0
    outer loop
      vertex -7.633120870655617 0.6828393778656192 -3.96875
      vertex -7.633120870655617 0.6828393778656192 1.1906249999999998
      vertex -7.4586996702500965 0.6890827019095696 1.1906249999999998
    endloop
  endfacet
  facet normal 0 0 -1
    outer loop
      vertex -7.633120870655617 0.6828393778656192 -3.96875
      vertex -7.4586996702500965 0.6890827019095696 -3.96875
      vertex -3.96875 0.5953124999999999 -3.96875
    endloop
  endfacet
  facet normal -0.035771616325366226 0.9993599909269286 0
    outer loop
      vertex -7.633120870655617 0.6828393778656192 -3.96875
      vertex -7.4586996702500965 0.6890827019095696 1.1906249999999998
      vertex -7.4586996702500965 0.6890827019095696 -3.96875
    endloop
  endfacet
  facet normal 0 0 -1
    outer loop
      vertex -7.632206828532645 -0.5953124999999999 -5.159375
      vertex -7.632206828532645 0.5953124999999999 -5.159375
      vertex -3.96875 0.5953124999999999 -5.159375
    endloop
  endfacet
  facet normal 0 0 -1
    outer loop
      vertex -7.632206828532645 -0.5953124999999999 -5.159375
      vertex -3.96875 0.5953124999999999 -5.159375
      vertex -3.96875 -0.5953124999999999 -5.159375
    endloop
  endfacet
  facet normal 0 1 0
    outer loop
      vertex -7.632206828532645 0.5953124999999999 -5.159375
      vertex -3.96875 0.5953124999999999 -3.96875
      vertex -3.96875 0.5953124999999999 -5.159375
    endloop
  endfacet
  facet normal 0.03402735050218085 -0.9994209020316724 0
    outer loop
      vertex -7.4586996702500965 -0.8109172980904304 -3.96875
      vertex -7.284267838852638 -0.8049784058242864 1.1906249999999998
      vertex -7.4586996702500965 -0.8109172980904304 1.1906249999999998
    endloop
  endfacet
  facet normal 0.03402735050218068 -0.9994209020316723 6.020130006723595e-18
    outer loop
      vertex -7.4586996702500965 -0.8109172980904304 -3.96875
      vertex -7.284267838852637 -0.8049784058242864 -3.96875
      vertex -7.284267838852638 -0.8049784058242864 1.1906249999999998
    endloop
  endfacet
  facet normal 0 0 1
    outer loop
      vertex -7.4586996702500965 -0.8109172980904304 1.1906249999999998
      vertex -7.284267838852638 -0.8049784058242864 1.1906249999999998
      vertex -7.284267838852638 0.6950215941757136 1.1906249999999998
    endloop
  endfacet
  facet normal 0 0 1
    outer loop
      vertex -7.4586996702500965 -0.8109172980904304 1.1906249999999998
      vertex -7.284267838852638 0.6950215941757136 1.1906249999999998
      vertex -7.4586996702500965 0.6890827019095696 1.1906249999999998
    endloop
  endfacet
  facet normal -0.03402735050218085 0.9994209020316724 0
    outer loop
      vertex -7.4586996702500965 0.6890827019095696 -3.96875
      vertex -7.4586996702500965 0.6890827019095696 1.1906249999999998
      vertex -7.284267838852638 0.6950215941757136 1.1906249999999998
    endloop
  endfacet
  facet normal 0 0 -1
    outer loop
      vertex -7.4586996702500965 0.6890827019095696 -3.96875
      vertex -7.284267838852638 0.6950215941757136 -3.96875
      vertex -3.96875 0.5953124999999999 -3.96875
    endloop
  endfacet
  facet normal -0.03402735050218085 0.9994209020316724 0
    outer loop
      vertex -7.4586996702500965 0.6890827019095696 -3.96875
      vertex -7.284267838852638 0.6950215941757136 1.1906249999999998
      vertex -7.284267838852638 0.6950215941757136 -3.96875
    endloop
  endfacet
  facet normal 0.03228298102583024 -0.999478768727023 5.557465210559618e-18
    outer loop
      vertex -7.284267838852638 -0.8049784058242864 1.1906249999999998
      vertex -7.284267838852637 -0.8049784058242864 -3.96875
      vertex -7.109825907812825 -0.7993439634268356 1.1906249999999998
    endloop
  endfacet
  facet normal 0 0 1
    outer loop
      vertex -7.284267838852638 -0.8049784058242864 1.1906249999999998
      vertex -7.109825907812825 -0.7993439634268356 1.1906249999999998
      vertex -7.109825907812825 0.7006560365731644 1.1906249999999998
    endloop
  endfacet
  facet normal 0 0 1
    outer loop
      vertex -7.284267838852638 -0.8049784058242864 1.1906249999999998
      vertex -7.109825907812825 0.7006560365731644 1.1906249999999998
      vertex -7.284267838852638 0.6950215941757136 1.1906249999999998
    endloop
  endfacet
  facet normal -0.03228298102583024 0.999478768727023 0
    outer loop
      vertex -7.284267838852638 0.6950215941757136 -3.96875
      vertex -7.284267838852638 0.6950215941757136 1.1906249999999998
      vertex -7.109825907812825 0.7006560365731644 1.1906249999999998
    endloop
  endfacet
  facet normal 0 0 -1
    outer loop
      vertex -7.284267838852638 0.6950215941757136 -3.96875
      vertex -7.109825907812825 0.7006560365731644 -3.96875
      vertex -3.96875 0.5953124999999999 -3.96875
    endloop
  endfacet
  facet normal -0.03228298102583024 0.999478768727023 0
    outer loop
      vertex -7.284267838852638 0.6950215941757136 -3.96875
      vertex -7.109825907812825 0.7006560365731644 1.1906249999999998
      vertex -7.109825907812825 0.7006560365731644 -3.96875
    endloop
  endfacet
  facet normal 0.0322829810258304 -0.999478768727023 0
    outer loop
      vertex -7.284267838852637 -0.8049784058242864 -3.96875
      vertex -7.109825907812825 -0.7993439634268356 -3.96875
      vertex -7.109825907812825 -0.7993439634268356 1.1906249999999998
    endloop
  endfacet
  facet normal 0.030538513209778906 -0.9995335908367143 0
    outer loop
      vertex -7.109825907812825 -0.7993439634268356 -3.96875
      vertex -6.9353744085110804 -0.7940139880615931 -3.96875
      vertex -6.9353744085110804 -0.7940139880615931 1.1906249999999998
    endloop
  endfacet
  facet normal 0.030538513209778906 -0.9995335908367143 0
    outer loop
      vertex -7.109825907812825 -0.7993439634268356 -3.96875
      vertex -6.9353744085110804 -0.7940139880615931 1.1906249999999998
      vertex -7.109825907812825 -0.7993439634268356 1.1906249999999998
    endloop
  endfacet
  facet normal 0 0 1
    outer loop
      vertex -7.109825907812825 -0.7993439634268356 1.1906249999999998
      vertex -6.9353744085110804 -0.7940139880615931 1.1906249999999998
      vertex -6.9353744085110804 0.7059860119384069 1.1906249999999998
    endloop
  endfacet
  facet normal 0 0 1
    outer loop
      vertex -7.109825907812825 -0.7993439634268356 1.1906249999999998
      vertex -6.9353744085110804 0.7059860119384069 1.1906249999999998
      vertex -7.109825907812825 0.7006560365731644 1.1906249999999998
    endloop
  endfacet
  facet normal -0.030538513209778906 0.9995335908367143 0
    outer loop
      vertex -7.109825907812825 0.7006560365731644 -3.96875
      vertex -7.109825907812825 0.7006560365731644 1.1906249999999998
      vertex -6.9353744085110804 0.7059860119384069 1.1906249999999998
    endloop
  endfacet
  facet normal 0 0 -1
    outer loop
      vertex -7.109825907812825 0.7006560365731644 -3.96875
      vertex -6.9353744085110804 0.7059860119384069 -3.96875
      vertex -3.96875 0.5953124999999999 -3.96875
    endloop
  endfacet
  facet normal -0.030538513209778906 0.9995335908367143 0
    outer loop
      vertex -7.109825907812825 0.7006560365731644 -3.96875
      vertex -6.9353744085110804 0.7059860119384069 1.1906249999999998
      vertex -6.9353744085110804 0.7059860119384069 -3.96875
    endloop
  endfacet
  facet normal 0.02879395236827405 -0.9995853681937394 0
    outer loop
      vertex -6.9353744085110804 -0.7940139880615931 -3.96875
      vertex -6.760913872356879 -0.7889884959645599 1.1906249999999998
      vertex -6.9353744085110804 -0.7940139880615931 1.1906249999999998
    endloop
  endfacet
  facet normal 0.028793952368273902 -0.9995853681937394 4.9365066055126534e-18
    outer loop
      vertex -6.9353744085110804 -0.7940139880615931 -3.96875
      vertex -6.760913872356878 -0.7889884959645599 -3.96875
      vertex -6.760913872356879 -0.7889884959645599 1.1906249999999998
    endloop
  endfacet
  facet normal 0 0 1
    outer loop
      vertex -6.9353744085110804 -0.7940139880615931 1.1906249999999998
      vertex -6.760913872356879 -0.7889884959645599 1.1906249999999998
      vertex -6.760913872356878 0.7110115040354401 1.1906249999999998
    endloop
  endfacet
  facet normal 0 0 1
    outer loop
      vertex -6.9353744085110804 -0.7940139880615931 1.1906249999999998
      vertex -6.760913872356878 0.7110115040354401 1.1906249999999998
      vertex -6.9353744085110804 0.7059860119384069 1.1906249999999998
    endloop
  endfacet
  facet normal -0.028793952368273902 0.9995853681937394 0
    outer loop
      vertex -6.9353744085110804 0.7059860119384069 -3.96875
      vertex -6.9353744085110804 0.7059860119384069 1.1906249999999998
      vertex -6.760913872356878 0.7110115040354401 1.1906249999999998
    endloop
  endfacet
  facet normal 0 0 -1
    outer loop
      vertex -6.9353744085110804 0.7059860119384069 -3.96875
      vertex -6.760913872356878 0.7110115040354401 -3.96875
      vertex -3.96875 0.5953124999999999 -3.96875
    endloop
  endfacet
  facet normal -0.028793952368273902 0.9995853681937394 0
    outer loop
      vertex -6.9353744085110804 0.7059860119384069 -3.96875
      vertex -6.760913872356878 0.7110115040354401 1.1906249999999998
      vertex -6.760913872356878 0.7110115040354401 -3.96875
    endloop
  endfacet
  facet normal 0.027049303815270993 -0.9996341006403839 4.656495780329199e-18
    outer loop
      vertex -6.760913872356879 -0.7889884959645599 1.1906249999999998
      vertex -6.760913872356878 -0.7889884959645599 -3.96875
      vertex -6.586444830787315 -0.7842675024442798 1.1906249999999998
    endloop
  endfacet
  facet normal 0 0 1
    outer loop
      vertex -6.760913872356879 -0.7889884959645599 1.1906249999999998
      vertex -6.586444830787315 -0.7842675024442798 1.1906249999999998
      vertex -6.586444830787315 0.7157324975557202 1.1906249999999998
    endloop
  endfacet
  facet normal 0 0 1
    outer loop
      vertex -6.760913872356879 -0.7889884959645599 1.1906249999999998
      vertex -6.586444830787315 0.7157324975557202 1.1906249999999998
      vertex -6.760913872356878 0.7110115040354401 1.1906249999999998
    endloop
  endfacet
  facet normal 0.02704930381527113 -0.9996341006403838 0
    outer loop
      vertex -6.760913872356878 -0.7889884959645599 -3.96875
      vertex -6.586444830787315 -0.7842675024442798 -3.96875
      vertex -6.586444830787315 -0.7842675024442798 1.1906249999999998
    endloop
  endfacet
  facet normal -0.02704930381527113 0.9996341006403838 0
    outer loop
      vertex -6.760913872356878 0.7110115040354401 -3.96875
      vertex -6.760913872356878 0.7110115040354401 1.1906249999999998
      vertex -6.586444830787315 0.7157324975557202 1.1906249999999998
    endloop
  endfacet
  facet normal 0 0 -1
    outer loop
      vertex -6.760913872356878 0.7110115040354401 -3.96875
      vertex -6.586444830787315 0.7157324975557202 -3.96875
      vertex -3.96875 0.5953124999999999 -3.96875
    endloop
  endfacet
  facet normal -0.02704930381527113 0.9996341006403838 0
    outer loop
      vertex -6.760913872356878 0.7110115040354401 -3.96875
      vertex -6.586444830787315 0.7157324975557202 1.1906249999999998
      vertex -6.586444830787315 0.7157324975557202 -3.96875
    endloop
  endfacet
  facet normal 0.025304572865593098 -0.9996797880281916 0
    outer loop
      vertex -6.586444830787315 -0.7842675024442798 -3.96875
      vertex -6.411967815265325 -0.779851021881683 1.1906249999999998
      vertex -6.586444830787315 -0.7842675024442798 1.1906249999999998
    endloop
  endfacet
  facet normal 0.02530457286559297 -0.9996797880281916 4.454896204975458e-18
    outer loop
      vertex -6.586444830787315 -0.7842675024442798 -3.96875
      vertex -6.411967815265324 -0.779851021881683 -3.96875
      vertex -6.411967815265325 -0.779851021881683 1.1906249999999998
    endloop
  endfacet
  facet normal 0 0 1
    outer loop
      vertex -6.586444830787315 -0.7842675024442798 1.1906249999999998
      vertex -6.411967815265325 -0.779851021881683 1.1906249999999998
      vertex -6.411967815265325 0.720148978118317 1.1906249999999998
    endloop
  endfacet
  facet normal 0 0 1
    outer loop
      vertex -6.586444830787315 -0.7842675024442798 1.1906249999999998
      vertex -6.411967815265325 0.720148978118317 1.1906249999999998
      vertex -6.586444830787315 0.7157324975557202 1.1906249999999998
    endloop
  endfacet
  facet normal -0.025304572865593098 0.9996797880281916 0
    outer loop
      vertex -6.586444830787315 0.7157324975557202 -3.96875
      vertex -6.586444830787315 0.7157324975557202 1.1906249999999998
      vertex -6.411967815265325 0.720148978118317 1.1906249999999998
    endloop
  endfacet
  facet normal 0 0 -1
    outer loop
      vertex -6.586444830787315 0.7157324975557202 -3.96875
      vertex -6.411967815265325 0.720148978118317 -3.96875
      vertex -3.96875 0.5953124999999999 -3.96875
    endloop
  endfacet
  facet normal -0.025304572865593098 0.9996797880281916 0
    outer loop
      vertex -6.586444830787315 0.7157324975557202 -3.96875
      vertex -6.411967815265325 0.720148978118317 1.1906249999999998
      vertex -6.411967815265325 0.720148978118317 -3.96875
    endloop
  endfacet
  facet normal 0.02355976483358664 -0.9997224302180011 4.05577704632859e-18
    outer loop
      vertex -6.411967815265325 -0.779851021881683 1.1906249999999998
      vertex -6.411967815265324 -0.779851021881683 -3.96875
      vertex -6.237483357278131 -0.7757390677301714 1.1906249999999998
    endloop
  endfacet
  facet normal 0 0 1
    outer loop
      vertex -6.411967815265325 -0.779851021881683 1.1906249999999998
      vertex -6.237483357278131 -0.7757390677301714 1.1906249999999998
      vertex -6.237483357278131 0.7242609322698286 1.1906249999999998
    endloop
  endfacet
  facet normal 0 0 1
    outer loop
      vertex -6.411967815265325 -0.779851021881683 1.1906249999999998
      vertex -6.237483357278131 0.7242609322698286 1.1906249999999998
      vertex -6.411967815265325 0.720148978118317 1.1906249999999998
    endloop
  endfacet
  facet normal -0.02355976483358664 0.9997224302180011 0
    outer loop
      vertex -6.411967815265325 0.720148978118317 -3.96875
      vertex -6.411967815265325 0.720148978118317 1.1906249999999998
      vertex -6.237483357278131 0.7242609322698286 1.1906249999999998
    endloop
  endfacet
  facet normal 0 0 -1
    outer loop
      vertex -6.411967815265325 0.720148978118317 -3.96875
      vertex -6.237483357278131 0.7242609322698286 -3.96875
      vertex -3.96875 0.5953124999999999 -3.96875
    endloop
  endfacet
  facet normal -0.02355976483358664 0.9997224302180011 0
    outer loop
      vertex -6.411967815265325 0.720148978118317 -3.96875
      vertex -6.237483357278131 0.7242609322698286 1.1906249999999998
      vertex -6.237483357278131 0.7242609322698286 -3.96875
    endloop
  endfacet
  facet normal 0.02355976483358676 -0.9997224302180011 0
    outer loop
      vertex -6.411967815265324 -0.779851021881683 -3.96875
      vertex -6.237483357278131 -0.7757390677301714 -3.96875
      vertex -6.237483357278131 -0.7757390677301714 1.1906249999999998
    endloop
  endfacet
  facet normal 0.021814885034585382 -0.9997620270799086 0
    outer loop
      vertex -6.237483357278131 -0.7757390677301714 -3.96875
      vertex -6.0629919883357015 -0.7719316525154483 -3.96875
      vertex -6.0629919883357015 -0.7719316525154483 1.1906249999999998
    endloop
  endfacet
  facet normal 0.021814885034585382 -0.9997620270799086 0
    outer loop
      vertex -6.237483357278131 -0.7757390677301714 -3.96875
      vertex -6.0629919883357015 -0.7719316525154483 1.1906249999999998
      vertex -6.237483357278131 -0.7757390677301714 1.1906249999999998
    endloop
  endfacet
  facet normal 0 0 1
    outer loop
      vertex -6.237483357278131 -0.7757390677301714 1.1906249999999998
      vertex -6.0629919883357015 -0.7719316525154483 1.1906249999999998
      vertex -6.0629919883357015 0.7280683474845517 1.1906249999999998
    endloop
  endfacet
  facet normal 0 0 1
    outer loop
      vertex -6.237483357278131 -0.7757390677301714 1.1906249999999998
      vertex -6.0629919883357015 0.7280683474845517 1.1906249999999998
      vertex -6.237483357278131 0.7242609322698286 1.1906249999999998
    endloop
  endfacet
  facet normal -0.021814885034585382 0.9997620270799086 0
    outer loop
      vertex -6.237483357278131 0.7242609322698286 -3.96875
      vertex -6.237483357278131 0.7242609322698286 1.1906249999999998
      vertex -6.0629919883357015 0.7280683474845517 1.1906249999999998
    endloop
  endfacet
  facet normal 0 0 -1
    outer loop
      vertex -6.237483357278131 0.7242609322698286 -3.96875
      vertex -6.0629919883357015 0.7280683474845517 -3.96875
      vertex -3.96875 0.5953124999999999 -3.96875
    endloop
  endfacet
  facet normal -0.021814885034585382 0.9997620270799086 0
    outer loop
      vertex -6.237483357278131 0.7242609322698286 -3.96875
      vertex -6.0629919883357015 0.7280683474845517 1.1906249999999998
      vertex -6.0629919883357015 0.7280683474845517 -3.96875
    endloop
  endfacet
  facet normal 0.02006993878357373 -0.9997985784933001 0
    outer loop
      vertex -6.0629919883357015 -0.7719316525154483 -3.96875
      vertex -5.888494239968957 -0.7684287878355747 1.1906249999999998
      vertex -6.0629919883357015 -0.7719316525154483 1.1906249999999998
    endloop
  endfacet
  facet normal 0.02006993878357363 -0.9997985784933001 3.3712728037647265e-18
    outer loop
      vertex -6.0629919883357015 -0.7719316525154483 -3.96875
      vertex -5.888494239968956 -0.7684287878355747 -3.96875
      vertex -5.888494239968957 -0.7684287878355747 1.1906249999999998
    endloop
  endfacet
  facet normal 0 0 1
    outer loop
      vertex -6.0629919883357015 -0.7719316525154483 1.1906249999999998
      vertex -5.888494239968957 -0.7684287878355747 1.1906249999999998
      vertex -5.888494239968956 0.7315712121644253 1.1906249999999998
    endloop
  endfacet
  facet normal 0 0 1
    outer loop
      vertex -6.0629919883357015 -0.7719316525154483 1.1906249999999998
      vertex -5.888494239968956 0.7315712121644253 1.1906249999999998
      vertex -6.0629919883357015 0.7280683474845517 1.1906249999999998
    endloop
  endfacet
  facet normal -0.02006993878357363 0.9997985784933001 0
    outer loop
      vertex -6.0629919883357015 0.7280683474845517 -3.96875
      vertex -6.0629919883357015 0.7280683474845517 1.1906249999999998
      vertex -5.888494239968956 0.7315712121644253 1.1906249999999998
    endloop
  endfacet
  facet normal 0 0 -1
    outer loop
      vertex -6.0629919883357015 0.7280683474845517 -3.96875
      vertex -5.888494239968956 0.7315712121644253 -3.96875
      vertex -3.96875 0.5953124999999999 -3.96875
    endloop
  endfacet
  facet normal -0.02006993878357363 0.9997985784933001 0
    outer loop
      vertex -6.0629919883357015 0.7280683474845517 -3.96875
      vertex -5.888494239968956 0.7315712121644253 1.1906249999999998
      vertex -5.888494239968956 0.7315712121644253 -3.96875
    endloop
  endfacet
  facet normal 0.018324931396131307 -0.9998320843468304 3.1546085734278115e-18
    outer loop
      vertex -5.888494239968957 -0.7684287878355747 1.1906249999999998
      vertex -5.888494239968956 -0.7684287878355747 -3.96875
      vertex -5.713990643728351 -0.7652304843608704 1.1906249999999998
    endloop
  endfacet
  facet normal 0 0 1
    outer loop
      vertex -5.888494239968957 -0.7684287878355747 1.1906249999999998
      vertex -5.713990643728351 -0.7652304843608704 1.1906249999999998
      vertex -5.713990643728351 0.7347695156391296 1.1906249999999998
    endloop
  endfacet
  facet normal 0 0 1
    outer loop
      vertex -5.888494239968957 -0.7684287878355747 1.1906249999999998
      vertex -5.713990643728351 0.7347695156391296 1.1906249999999998
      vertex -5.888494239968956 0.7315712121644253 1.1906249999999998
    endloop
  endfacet
  facet normal 0.018324931396131398 -0.9998320843468302 0
    outer loop
      vertex -5.888494239968956 -0.7684287878355747 -3.96875
      vertex -5.713990643728351 -0.7652304843608704 -3.96875
      vertex -5.713990643728351 -0.7652304843608704 1.1906249999999998
    endloop
  endfacet
  facet normal -0.018324931396131398 0.9998320843468302 0
    outer loop
      vertex -5.888494239968956 0.7315712121644253 -3.96875
      vertex -5.888494239968956 0.7315712121644253 1.1906249999999998
      vertex -5.713990643728351 0.7347695156391296 1.1906249999999998
    endloop
  endfacet
  facet normal 0 0 -1
    outer loop
      vertex -5.888494239968956 0.7315712121644253 -3.96875
      vertex -5.713990643728351 0.7347695156391296 -3.96875
      vertex -3.96875 0.5953124999999999 -3.96875
    endloop
  endfacet
  facet normal -0.018324931396131398 0.9998320843468302 0
    outer loop
      vertex -5.888494239968956 0.7315712121644253 -3.96875
      vertex -5.713990643728351 0.7347695156391296 1.1906249999999998
      vertex -5.713990643728351 0.7347695156391296 -3.96875
    endloop
  endfacet
  facet normal 0.016579868187654376 -0.9998625445384379 0
    outer loop
      vertex -5.713990643728351 -0.7652304843608704 -3.96875
      vertex -5.539481731182077 -0.7623367518339421 -3.96875
      vertex -5.539481731182077 -0.7623367518339421 1.1906249999999998
    endloop
  endfacet
  facet normal 0.016579868187654376 -0.9998625445384379 0
    outer loop
      vertex -5.713990643728351 -0.7652304843608704 -3.96875
      vertex -5.539481731182077 -0.7623367518339421 1.1906249999999998
      vertex -5.713990643728351 -0.7652304843608704 1.1906249999999998
    endloop
  endfacet
  facet normal 0 0 1
    outer loop
      vertex -5.713990643728351 -0.7652304843608704 1.1906249999999998
      vertex -5.539481731182077 -0.7623367518339421 1.1906249999999998
      vertex -5.539481731182077 0.7376632481660579 1.1906249999999998
    endloop
  endfacet
  facet normal 0 0 1
    outer loop
      vertex -5.713990643728351 -0.7652304843608704 1.1906249999999998
      vertex -5.539481731182077 0.7376632481660579 1.1906249999999998
      vertex -5.713990643728351 0.7347695156391296 1.1906249999999998
    endloop
  endfacet
  facet normal -0.016579868187654376 0.9998625445384379 0
    outer loop
      vertex -5.713990643728351 0.7347695156391296 -3.96875
      vertex -5.713990643728351 0.7347695156391296 1.1906249999999998
      vertex -5.539481731182077 0.7376632481660579 1.1906249999999998
    endloop
  endfacet
  facet normal 0 0 -1
    outer loop
      vertex -5.713990643728351 0.7347695156391296 -3.96875
      vertex -5.539481731182077 0.7376632481660579 -3.96875
      vertex -3.96875 0.5953124999999999 -3.96875
    endloop
  endfacet
  facet normal -0.016579868187654376 0.9998625445384379 0
    outer loop
      vertex -5.713990643728351 0.7347695156391296 -3.96875
      vertex -5.539481731182077 0.7376632481660579 1.1906249999999998
      vertex -5.539481731182077 0.7376632481660579 -3.96875
    endloop
  endfacet
  facet normal 0.014834754474199748 -0.9998899589753315 0
    outer loop
      vertex -5.539481731182077 -0.7623367518339421 -3.96875
      vertex -5.364968033914522 -0.7597475990695699 -3.96875
      vertex -5.364968033914522 -0.7597475990695699 1.1906249999999998
    endloop
  endfacet
  facet normal 0.014834754474199748 -0.9998899589753315 0
    outer loop
      vertex -5.539481731182077 -0.7623367518339421 -3.96875
      vertex -5.364968033914522 -0.7597475990695699 1.1906249999999998
      vertex -5.539481731182077 -0.7623367518339421 1.1906249999999998
    endloop
  endfacet
  facet normal 0 0 1
    outer loop
      vertex -5.539481731182077 -0.7623367518339421 1.1906249999999998
      vertex -5.364968033914522 -0.7597475990695699 1.1906249999999998
      vertex -5.364968033914522 0.7402524009304301 1.1906249999999998
    endloop
  endfacet
  facet normal 0 0 1
    outer loop
      vertex -5.539481731182077 -0.7623367518339421 1.1906249999999998
      vertex -5.364968033914522 0.7402524009304301 1.1906249999999998
      vertex -5.539481731182077 0.7376632481660579 1.1906249999999998
    endloop
  endfacet
  facet normal -0.014834754474199748 0.9998899589753315 0
    outer loop
      vertex -5.539481731182077 0.7376632481660579 -3.96875
      vertex -5.539481731182077 0.7376632481660579 1.1906249999999998
      vertex -5.364968033914522 0.7402524009304301 1.1906249999999998
    endloop
  endfacet
  facet normal 0 0 -1
    outer loop
      vertex -5.539481731182077 0.7376632481660579 -3.96875
      vertex -5.364968033914522 0.7402524009304301 -3.96875
      vertex -3.96875 0.5953124999999999 -3.96875
    endloop
  endfacet
  facet normal -0.014834754474199748 0.9998899589753315 0
    outer loop
      vertex -5.539481731182077 0.7376632481660579 -3.96875
      vertex -5.364968033914522 0.7402524009304301 1.1906249999999998
      vertex -5.364968033914522 0.7402524009304301 -3.96875
    endloop
  endfacet
  facet normal 0.013089595571259768 -0.9999143275740081 0
    outer loop
      vertex -5.364968033914522 -0.7597475990695699 -3.96875
      vertex -5.190450083524722 -0.7574630339548065 -3.96875
      vertex -5.190450083524722 -0.7574630339548065 1.1906249999999998
    endloop
  endfacet
  facet normal 0.013089595571259768 -0.9999143275740081 0
    outer loop
      vertex -5.364968033914522 -0.7597475990695699 -3.96875
      vertex -5.190450083524722 -0.7574630339548065 1.1906249999999998
      vertex -5.364968033914522 -0.7597475990695699 1.1906249999999998
    endloop
  endfacet
  facet normal 0 0 1
    outer loop
      vertex -5.364968033914522 -0.7597475990695699 1.1906249999999998
      vertex -5.190450083524722 -0.7574630339548065 1.1906249999999998
      vertex -5.190450083524722 0.7425369660451935 1.1906249999999998
    endloop
  endfacet
  facet normal 0 0 1
    outer loop
      vertex -5.364968033914522 -0.7597475990695699 1.1906249999999998
      vertex -5.190450083524722 0.7425369660451935 1.1906249999999998
      vertex -5.364968033914522 0.7402524009304301 1.1906249999999998
    endloop
  endfacet
  facet normal -0.013089595571259768 0.9999143275740081 0
    outer loop
      vertex -5.364968033914522 0.7402524009304301 -3.96875
      vertex -5.364968033914522 0.7402524009304301 1.1906249999999998
      vertex -5.190450083524722 0.7425369660451935 1.1906249999999998
    endloop
  endfacet
  facet normal 0 0 -1
    outer loop
      vertex -5.364968033914522 0.7402524009304301 -3.96875
      vertex -5.190450083524722 0.7425369660451935 -3.96875
      vertex -3.96875 0.5953124999999999 -3.96875
    endloop
  endfacet
  facet normal -0.013089595571259768 0.9999143275740081 0
    outer loop
      vertex -5.364968033914522 0.7402524009304301 -3.96875
      vertex -5.190450083524722 0.7425369660451935 1.1906249999999998
      vertex -5.190450083524722 0.7425369660451935 -3.96875
    endloop
  endfacet
  facet normal 0.01134439679537124 -0.99993565026023 0
    outer loop
      vertex -5.190450083524722 -0.7574630339548065 -3.96875
      vertex -5.01592841162457 -0.7554830634487928 -3.96875
      vertex -5.01592841162457 -0.7554830634487928 1.1906249999999998
    endloop
  endfacet
  facet normal 0.01134439679537124 -0.99993565026023 0
    outer loop
      vertex -5.190450083524722 -0.7574630339548065 -3.96875
      vertex -5.01592841162457 -0.7554830634487928 1.1906249999999998
      vertex -5.190450083524722 -0.7574630339548065 1.1906249999999998
    endloop
  endfacet
  facet normal 0 0 1
    outer loop
      vertex -5.190450083524722 -0.7574630339548065 1.1906249999999998
      vertex -5.01592841162457 -0.7554830634487928 1.1906249999999998
      vertex -5.01592841162457 0.7445169365512072 1.1906249999999998
    endloop
  endfacet
  facet normal 0 0 1
    outer loop
      vertex -5.190450083524722 -0.7574630339548065 1.1906249999999998
      vertex -5.01592841162457 0.7445169365512072 1.1906249999999998
      vertex -5.190450083524722 0.7425369660451935 1.1906249999999998
    endloop
  endfacet
  facet normal -0.01134439679537124 0.99993565026023 0
    outer loop
      vertex -5.190450083524722 0.7425369660451935 -3.96875
      vertex -5.190450083524722 0.7425369660451935 1.1906249999999998
      vertex -5.01592841162457 0.7445169365512072 1.1906249999999998
    endloop
  endfacet
  facet normal 0 0 -1
    outer loop
      vertex -5.190450083524722 0.7425369660451935 -3.96875
      vertex -5.01592841162457 0.7445169365512072 -3.96875
      vertex -3.96875 0.5953124999999999 -3.96875
    endloop
  endfacet
  facet normal -0.01134439679537124 0.99993565026023 0
    outer loop
      vertex -5.190450083524722 0.7425369660451935 -3.96875
      vertex -5.01592841162457 0.7445169365512072 1.1906249999999998
      vertex -5.01592841162457 0.7445169365512072 -3.96875
    endloop
  endfacet
  facet normal 0.00959916346243424 -0.9999539269690486 0
    outer loop
      vertex -5.01592841162457 -0.7554830634487928 -3.96875
      vertex -4.841403549837393 -0.7538076935828713 -3.96875
      vertex -4.841403549837393 -0.7538076935828713 1.1906249999999998
    endloop
  endfacet
  facet normal 0.00959916346243424 -0.9999539269690486 0
    outer loop
      vertex -5.01592841162457 -0.7554830634487928 -3.96875
      vertex -4.841403549837393 -0.7538076935828713 1.1906249999999998
      vertex -5.01592841162457 -0.7554830634487928 1.1906249999999998
    endloop
  endfacet
  facet normal 0 0 1
    outer loop
      vertex -5.01592841162457 -0.7554830634487928 1.1906249999999998
      vertex -4.841403549837393 -0.7538076935828713 1.1906249999999998
      vertex -4.841403549837393 0.7461923064171287 1.1906249999999998
    endloop
  endfacet
  facet normal 0 0 1
    outer loop
      vertex -5.01592841162457 -0.7554830634487928 1.1906249999999998
      vertex -4.841403549837393 0.7461923064171287 1.1906249999999998
      vertex -5.01592841162457 0.7445169365512072 1.1906249999999998
    endloop
  endfacet
  facet normal -0.00959916346243424 0.9999539269690486 0
    outer loop
      vertex -5.01592841162457 0.7445169365512072 -3.96875
      vertex -5.01592841162457 0.7445169365512072 1.1906249999999998
      vertex -4.841403549837393 0.7461923064171287 1.1906249999999998
    endloop
  endfacet
  facet normal 0 0 -1
    outer loop
      vertex -5.01592841162457 0.7445169365512072 -3.96875
      vertex -4.841403549837393 0.7461923064171287 -3.96875
      vertex -3.96875 0.5953124999999999 -3.96875
    endloop
  endfacet
  facet normal -0.00959916346243424 0.9999539269690486 0
    outer loop
      vertex -5.01592841162457 0.7445169365512072 -3.96875
      vertex -4.841403549837393 0.7461923064171287 1.1906249999999998
      vertex -4.841403549837393 0.7461923064171287 -3.96875
    endloop
  endfacet
  facet normal 0.007853900888663097 -0.99996915764479 0
    outer loop
      vertex -4.841403549837393 -0.7538076935828713 -3.96875
      vertex -4.666876029796165 -0.7524369294605293 -3.96875
      vertex -4.666876029796165 -0.7524369294605293 1.1906249999999998
    endloop
  endfacet
  facet normal 0.007853900888663097 -0.99996915764479 0
    outer loop
      vertex -4.841403549837393 -0.7538076935828713 -3.96875
      vertex -4.666876029796165 -0.7524369294605293 1.1906249999999998
      vertex -4.841403549837393 -0.7538076935828713 1.1906249999999998
    endloop
  endfacet
  facet normal 0 0 1
    outer loop
      vertex -4.841403549837393 -0.7538076935828713 1.1906249999999998
      vertex -4.666876029796165 -0.7524369294605293 1.1906249999999998
      vertex -4.666876029796165 0.7475630705394707 1.1906249999999998
    endloop
  endfacet
  facet normal 0 0 1
    outer loop
      vertex -4.841403549837393 -0.7538076935828713 1.1906249999999998
      vertex -4.666876029796165 0.7475630705394707 1.1906249999999998
      vertex -4.841403549837393 0.7461923064171287 1.1906249999999998
    endloop
  endfacet
  facet normal -0.007853900888663097 0.99996915764479 0
    outer loop
      vertex -4.841403549837393 0.7461923064171287 -3.96875
      vertex -4.841403549837393 0.7461923064171287 1.1906249999999998
      vertex -4.666876029796165 0.7475630705394707 1.1906249999999998
    endloop
  endfacet
  facet normal 0 0 -1
    outer loop
      vertex -4.841403549837393 0.7461923064171287 -3.96875
      vertex -4.666876029796165 0.7475630705394707 -3.96875
      vertex -3.96875 0.5953124999999999 -3.96875
    endloop
  endfacet
  facet normal -0.007853900888663097 0.99996915764479 0
    outer loop
      vertex -4.841403549837393 0.7461923064171287 -3.96875
      vertex -4.666876029796165 0.7475630705394707 1.1906249999999998
      vertex -4.666876029796165 0.7475630705394707 -3.96875
    endloop
  endfacet
  facet normal 0.0061086143906844475 -0.9999813422410571 0
    outer loop
      vertex -4.666876029796165 -0.7524369294605293 -3.96875
      vertex -4.492346383141953 -0.7513707752573282 -3.96875
      vertex -4.492346383141953 -0.7513707752573282 1.1906249999999998
    endloop
  endfacet
  facet normal 0.0061086143906844475 -0.9999813422410571 0
    outer loop
      vertex -4.666876029796165 -0.7524369294605293 -3.96875
      vertex -4.492346383141953 -0.7513707752573282 1.1906249999999998
      vertex -4.666876029796165 -0.7524369294605293 1.1906249999999998
    endloop
  endfacet
  facet normal 0 0 1
    outer loop
      vertex -4.666876029796165 -0.7524369294605293 1.1906249999999998
      vertex -4.492346383141953 -0.7513707752573282 1.1906249999999998
      vertex -4.492346383141953 0.7486292247426718 1.1906249999999998
    endloop
  endfacet
  facet normal 0 0 1
    outer loop
      vertex -4.666876029796165 -0.7524369294605293 1.1906249999999998
      vertex -4.492346383141953 0.7486292247426718 1.1906249999999998
      vertex -4.666876029796165 0.7475630705394707 1.1906249999999998
    endloop
  endfacet
  facet normal -0.0061086143906844475 0.9999813422410571 0
    outer loop
      vertex -4.666876029796165 0.7475630705394707 -3.96875
      vertex -4.666876029796165 0.7475630705394707 1.1906249999999998
      vertex -4.492346383141953 0.7486292247426718 1.1906249999999998
    endloop
  endfacet
  facet normal 0 0 -1
    outer loop
      vertex -4.666876029796165 0.7475630705394707 -3.96875
      vertex -4.492346383141953 0.7486292247426718 -3.96875
      vertex -3.96875 0.5953124999999999 -3.96875
    endloop
  endfacet
  facet normal -0.0061086143906844475 0.9999813422410571 0
    outer loop
      vertex -4.666876029796165 0.7475630705394707 -3.96875
      vertex -4.492346383141953 0.7486292247426718 1.1906249999999998
      vertex -4.492346383141953 0.7486292247426718 -3.96875
    endloop
  endfacet
  facet normal 0.004363309284801282 -0.9999904807207343 0
    outer loop
      vertex -4.492346383141953 -0.7513707752573282 -3.96875
      vertex -4.317815141522378 -0.7506092342209598 -3.96875
      vertex -4.317815141522378 -0.7506092342209598 1.1906249999999998
    endloop
  endfacet
  facet normal 0.004363309284801282 -0.9999904807207343 0
    outer loop
      vertex -4.492346383141953 -0.7513707752573282 -3.96875
      vertex -4.317815141522378 -0.7506092342209598 1.1906249999999998
      vertex -4.492346383141953 -0.7513707752573282 1.1906249999999998
    endloop
  endfacet
  facet normal 0 0 1
    outer loop
      vertex -4.492346383141953 -0.7513707752573282 1.1906249999999998
      vertex -4.317815141522378 -0.7506092342209598 1.1906249999999998
      vertex -4.317815141522378 0.7493907657790402 1.1906249999999998
    endloop
  endfacet
  facet normal 0 0 1
    outer loop
      vertex -4.492346383141953 -0.7513707752573282 1.1906249999999998
      vertex -4.317815141522378 0.7493907657790402 1.1906249999999998
      vertex -4.492346383141953 0.7486292247426718 1.1906249999999998
    endloop
  endfacet
  facet normal -0.004363309284801282 0.9999904807207343 0
    outer loop
      vertex -4.492346383141953 0.7486292247426718 -3.96875
      vertex -4.492346383141953 0.7486292247426718 1.1906249999999998
      vertex -4.317815141522378 0.7493907657790402 1.1906249999999998
    endloop
  endfacet
  facet normal 0 0 -1
    outer loop
      vertex -4.492346383141953 0.7486292247426718 -3.96875
      vertex -4.317815141522378 0.7493907657790402 -3.96875
      vertex -3.96875 0.5953124999999999 -3.96875
    endloop
  endfacet
  facet normal -0.004363309284801282 0.9999904807207343 0
    outer loop
      vertex -4.492346383141953 0.7486292247426718 -3.96875
      vertex -4.317815141522378 0.7493907657790402 1.1906249999999998
      vertex -4.317815141522378 0.7493907657790402 -3.96875
    endloop
  endfacet
  facet normal 0.002617990887392475 -0.9999965730559848 0
    outer loop
      vertex -4.317815141522378 -0.7506092342209598 -3.96875
      vertex -4.1432828365898215 -0.7501523086712325 1.1906249999999998
      vertex -4.317815141522378 -0.7506092342209598 1.1906249999999998
    endloop
  endfacet
  facet normal 0.002617990887392462 -0.9999965730559848 4.364594254873988e-19
    outer loop
      vertex -4.317815141522378 -0.7506092342209598 -3.96875
      vertex -4.143282836589821 -0.7501523086712325 -3.96875
      vertex -4.1432828365898215 -0.7501523086712325 1.1906249999999998
    endloop
  endfacet
  facet normal 0 0 1
    outer loop
      vertex -4.317815141522378 -0.7506092342209598 1.1906249999999998
      vertex -4.1432828365898215 -0.7501523086712325 1.1906249999999998
      vertex -4.143282836589821 0.7498476913287675 1.1906249999999998
    endloop
  endfacet
  facet normal 0 0 1
    outer loop
      vertex -4.317815141522378 -0.7506092342209598 1.1906249999999998
      vertex -4.143282836589821 0.7498476913287675 1.1906249999999998
      vertex -4.317815141522378 0.7493907657790402 1.1906249999999998
    endloop
  endfacet
  facet normal -0.002617990887392462 0.9999965730559848 0
    outer loop
      vertex -4.317815141522378 0.7493907657790402 -3.96875
      vertex -4.317815141522378 0.7493907657790402 1.1906249999999998
      vertex -4.143282836589821 0.7498476913287675 1.1906249999999998
    endloop
  endfacet
  facet normal 0 0 -1
    outer loop
      vertex -4.317815141522378 0.7493907657790402 -3.96875
      vertex -4.143282836589821 0.7498476913287675 -3.96875
      vertex -3.96875 0.5953124999999999 -3.96875
    endloop
  endfacet
  facet normal -0.002617990887392462 0.9999965730559848 0
    outer loop
      vertex -4.317815141522378 0.7493907657790402 -3.96875
      vertex -4.143282836589821 0.7498476913287675 1.1906249999999998
      vertex -4.143282836589821 0.7498476913287675 -3.96875
    endloop
  endfacet
  facet normal 0.0008726645152488567 -0.9999996192282494 1.5022784544292775e-19
    outer loop
      vertex -4.1432828365898215 -0.7501523086712325 1.1906249999999998
      vertex -4.143282836589821 -0.7501523086712325 -3.96875
      vertex -3.96875 -0.75 1.1906249999999998
    endloop
  endfacet
  facet normal 0 0 1
    outer loop
      vertex -4.1432828365898215 -0.7501523086712325 1.1906249999999998
      vertex -3.96875 -0.75 1.1906249999999998
      vertex -3.96875 0.75 1.1906249999999998
    endloop
  endfacet
  facet normal 0 0 1
    outer loop
      vertex -4.1432828365898215 -0.7501523086712325 1.1906249999999998
      vertex -3.96875 0.75 1.1906249999999998
      vertex -4.143282836589821 0.7498476913287675 1.1906249999999998
    endloop
  endfacet
  facet normal 0.000872664515248861 -0.9999996192282493 0
    outer loop
      vertex -4.143282836589821 -0.7501523086712325 -3.96875
      vertex -3.96875 -0.75 -3.96875
      vertex -3.96875 -0.75 0
    endloop
  endfacet
  facet normal 0.0008726645152488611 -0.9999996192282494 0
    outer loop
      vertex -4.143282836589821 -0.7501523086712325 -3.96875
      vertex -3.96875 -0.75 0
      vertex -3.96875 -0.75 1.1906249999999998
    endloop
  endfacet
  facet normal -0.0008726645152488611 0.9999996192282494 0
    outer loop
      vertex -4.143282836589821 0.7498476913287675 -3.96875
      vertex -4.143282836589821 0.7498476913287675 1.1906249999999998
      vertex -3.96875 0.75 1.1906249999999998
    endloop
  endfacet
  facet normal 0 0 -1
    outer loop
      vertex -4.143282836589821 0.7498476913287675 -3.96875
      vertex -3.96875 0.75 -3.96875
      vertex -3.96875 0.5953124999999999 -3.96875
    endloop
  endfacet
  facet normal -0.000872664515248861 0.9999996192282493 0
    outer loop
      vertex -4.143282836589821 0.7498476913287675 -3.96875
      vertex -3.96875 0.75 0
      vertex -3.96875 0.75 -3.96875
    endloop
  endfacet
  facet normal -0.0008726645152488611 0.9999996192282494 0
    outer loop
      vertex -4.143282836589821 0.7498476913287675 -3.96875
      vertex -3.96875 0.75 1.1906249999999998
      vertex -3.96875 0.75 0
    endloop
  endfacet
  facet normal 0 0 -1
    outer loop
      vertex -3.96875 -0.75 -3.96875
      vertex -3.96875 -0.5953124999999999 -3.96875
      vertex -1.0000543427378015 -2.071137169529827 -3.96875
    endloop
  endfacet
  facet normal -0.4065796337252828 -0.9136153465435083 0
    outer loop
      vertex -3.96875 -0.75 -3.96875
      vertex -1.0000543427378015 -2.071137169529827 -3.96875
      vertex -1.0000543427378015 -2.071137169529827 0
    endloop
  endfacet
  facet normal -0.4065796337252828 -0.9136153465435083 0
    outer loop
      vertex -3.96875 -0.75 -3.96875
      vertex -1.0000543427378015 -2.071137169529827 0
      vertex -3.96875 -0.75 0
    endloop
  endfacet
  facet normal 1 0 0
    outer loop
      vertex -3.96875 -0.75 0
      vertex -3.96875 0.75 0
      vertex -3.96875 -0.75 1.1906249999999998
    endloop
  endfacet
  facet normal 0 0 1
    outer loop
      vertex -3.96875 -0.75 0
      vertex -1.0000543427378015 -2.071137169529827 0
      vertex -3.96875 0.75 0
    endloop
  endfacet
  facet normal 1 0 0
    outer loop
      vertex -3.96875 -0.75 1.1906249999999998
      vertex -3.96875 0.75 0
      vertex -3.96875 0.75 1.1906249999999998
    endloop
  endfacet
  facet normal 1 0 0
    outer loop
      vertex -3.96875 -0.5953124999999999 -5.159375
      vertex -3.96875 0.5953124999999999 -5.159375
      vertex -3.96875 0.5953124999999999 -3.96875
    endloop
  endfacet
  facet normal 1 0 0
    outer loop
      vertex -3.96875 -0.5953124999999999 -5.159375
      vertex -3.96875 0.5953124999999999 -3.96875
      vertex -3.96875 -0.5953124999999999 -3.96875
    endloop
  endfacet
  facet normal 0 0 -1
    outer loop
      vertex -3.96875 -0.5953124999999999 -3.96875
      vertex -3.96875 0.5953124999999999 -3.96875
      vertex -1.0000543427378015 -2.071137169529827 -3.96875
    endloop
  endfacet
  facet normal 0 0 -1
    outer loop
      vertex -3.96875 0.5953124999999999 -3.96875
      vertex -3.96875 0.75 -3.96875
      vertex -1.0000543427378015 -2.071137169529827 -3.96875
    endloop
  endfacet
  facet normal -0.4065796337252828 0.9136153465435083 0
    outer loop
      vertex -3.96875 0.75 -3.96875
      vertex -3.96875 0.75 0
      vertex -1.0000543427378015 2.071137169529827 -3.96875
    endloop
  endfacet
  facet normal 0 0 -1
    outer loop
      vertex -3.96875 0.75 -3.96875
      vertex -1.5875 0 -3.96875
      vertex -1.587258216060771 -0.027705695219187573 -3.96875
    endloop
  endfacet
  facet normal 0 0 -1
    outer loop
      vertex -3.96875 0.75 -3.96875
      vertex -1.587258216060771 -0.027705695219187573 -3.96875
      vertex -1.5865329378928144 -0.05540295101522028 -3.96875
    endloop
  endfacet
  facet normal 0 0 -1
    outer loop
      vertex -3.96875 0.75 -3.96875
      vertex -1.587258216060771 0.027705695219187573 -3.96875
      vertex -1.5875 0 -3.96875
    endloop
  endfacet
  facet normal 0 0 -1
    outer loop
      vertex -3.96875 0.75 -3.96875
      vertex -1.5865329378928144 -0.05540295101522028 -3.96875
      vertex -1.5853243864228859 -0.08308333053567334 -3.96875
    endloop
  endfacet
  facet normal 0 0 -1
    outer loop
      vertex -3.96875 0.75 -3.96875
      vertex -1.5865329378928144 0.05540295101522028 -3.96875
      vertex -1.587258216060771 0.027705695219187573 -3.96875
    endloop
  endfacet
  facet normal 0 0 -1
    outer loop
      vertex -3.96875 0.75 -3.96875
      vertex -1.5853243864228859 -0.08308333053567334 -3.96875
      vertex -1.5836329297874707 -0.11073840206879891 -3.96875
    endloop
  endfacet
  facet normal 0 0 -1
    outer loop
      vertex -3.96875 0.75 -3.96875
      vertex -1.5853243864228859 0.08308333053567334 -3.96875
      vertex -1.5865329378928144 0.05540295101522028 -3.96875
    endloop
  endfacet
  facet normal 0 0 -1
    outer loop
      vertex -3.96875 0.75 -3.96875
      vertex -1.5836329297874707 -0.11073840206879891 -3.96875
      vertex -1.5814590832206459 -0.13835974161190734 -3.96875
    endloop
  endfacet
  facet normal 0 0 -1
    outer loop
      vertex -3.96875 0.75 -3.96875
      vertex -1.5836329297874707 0.11073840206879891 -3.96875
      vertex -1.5853243864228859 0.08308333053567334 -3.96875
    endloop
  endfacet
  facet normal 0 0 -1
    outer loop
      vertex -3.96875 0.75 -3.96875
      vertex -1.5814590832206459 -0.13835974161190734 -3.96875
      vertex -1.5788035088971337 -0.16593893543739988 -3.96875
    endloop
  endfacet
  facet normal 0 0 -1
    outer loop
      vertex -3.96875 0.75 -3.96875
      vertex -1.5814590832206459 0.13835974161190734 -3.96875
      vertex -1.5836329297874707 0.11073840206879891 -3.96875
    endloop
  endfacet
  facet normal 0 0 -1
    outer loop
      vertex -3.96875 0.75 -3.96875
      vertex -1.5788035088971337 -0.16593893543739988 -3.96875
      vertex -1.5756670157305985 -0.1934675826556716 -3.96875
    endloop
  endfacet
  facet normal 0 0 -1
    outer loop
      vertex -3.96875 0.75 -3.96875
      vertex -1.5788035088971337 0.16593893543739988 -3.96875
      vertex -1.5814590832206459 0.13835974161190734 -3.96875
    endloop
  endfacet
  facet normal 0 0 -1
    outer loop
      vertex -3.96875 0.75 -3.96875
      vertex -1.5756670157305985 -0.1934675826556716 -3.96875
      vertex -1.572050559127243 -0.22093729777410387 -3.96875
    endloop
  endfacet
  facet normal 0 0 -1
    outer loop
      vertex -3.96875 0.75 -3.96875
      vertex -1.5756670157305985 0.1934675826556716 -3.96875
      vertex -1.5788035088971337 0.16593893543739988 -3.96875
    endloop
  endfacet
  facet normal 0 0 -1
    outer loop
      vertex -3.96875 0.75 -3.96875
      vertex -1.572050559127243 -0.22093729777410387 -3.96875
      vertex -1.5679552406947812 -0.2483397132513665 -3.96875
    endloop
  endfacet
  facet normal 0 0 -1
    outer loop
      vertex -3.96875 0.75 -3.96875
      vertex -1.572050559127243 0.22093729777410387 -3.96875
      vertex -1.5756670157305985 0.1934675826556716 -3.96875
    endloop
  endfacet
  facet normal 0 0 -1
    outer loop
      vertex -3.96875 0.75 -3.96875
      vertex -1.5679552406947812 -0.2483397132513665 -3.96875
      vertex -1.56338230790688 -0.2756664820462519 -3.96875
    endloop
  endfacet
  facet normal 0 0 -1
    outer loop
      vertex -3.96875 0.75 -3.96875
      vertex -1.5679552406947812 0.2483397132513665 -3.96875
      vertex -1.572050559127243 0.22093729777410387 -3.96875
    endloop
  endfacet
  facet normal 0 0 -1
    outer loop
      vertex -3.96875 0.75 -3.96875
      vertex -1.56338230790688 -0.2756664820462519 -3.96875
      vertex -1.5583331537231664 -0.30290928016026486 -3.96875
    endloop
  endfacet
  facet normal 0 0 -1
    outer loop
      vertex -3.96875 0.75 -3.96875
      vertex -1.56338230790688 0.2756664820462519 -3.96875
      vertex -1.5679552406947812 0.2483397132513665 -3.96875
    endloop
  endfacet
  facet normal 0 0 -1
    outer loop
      vertex -3.96875 0.75 -3.96875
      vertex -1.5583331537231664 -0.30290928016026486 -3.96875
      vertex -1.5528093161649164 -0.33005980917319294 -3.96875
    endloop
  endfacet
  facet normal 0 0 -1
    outer loop
      vertex -3.96875 0.75 -3.96875
      vertex -1.5583331537231664 0.30290928016026486 -3.96875
      vertex -1.56338230790688 0.2756664820462519 -3.96875
    endloop
  endfacet
  facet normal 0 0 -1
    outer loop
      vertex -3.96875 0.75 -3.96875
      vertex -1.5528093161649164 -0.33005980917319294 -3.96875
      vertex -1.5468124778465608 -0.35710979877088567 -3.96875
    endloop
  endfacet
  facet normal 0 0 -1
    outer loop
      vertex -3.96875 0.75 -3.96875
      vertex -1.5528093161649164 0.33005980917319294 -3.96875
      vertex -1.5583331537231664 0.30290928016026486 -3.96875
    endloop
  endfacet
  facet normal 0 0 -1
    outer loop
      vertex -3.96875 0.75 -3.96875
      vertex -1.5468124778465608 -0.35710979877088567 -3.96875
      vertex -1.5403444654631444 -0.3840510092644725 -3.96875
    endloop
  endfacet
  facet normal 0 0 -1
    outer loop
      vertex -3.96875 0.75 -3.96875
      vertex -1.5468124778465608 0.35710979877088567 -3.96875
      vertex -1.5528093161649164 0.33005980917319294 -3.96875
    endloop
  endfacet
  facet normal 0 0 -1
    outer loop
      vertex -3.96875 0.75 -3.96875
      vertex -1.5403444654631444 -0.3840510092644725 -3.96875
      vertex -1.533407249233896 -0.4108752341002517 -3.96875
    endloop
  endfacet
  facet normal 0 0 -1
    outer loop
      vertex -3.96875 0.75 -3.96875
      vertex -1.5403444654631444 0.3840510092644725 -3.96875
      vertex -1.5468124778465608 0.35710979877088567 -3.96875
    endloop
  endfacet
  facet normal 0 0 -1
    outer loop
      vertex -3.96875 0.75 -3.96875
      vertex -1.533407249233896 -0.4108752341002517 -3.96875
      vertex -1.5260029423020811 -0.43757430235948613 -3.96875
    endloop
  endfacet
  facet normal 0 0 -1
    outer loop
      vertex -3.96875 0.75 -3.96875
      vertex -1.533407249233896 0.4108752341002517 -3.96875
      vertex -1.5403444654631444 0.3840510092644725 -3.96875
    endloop
  endfacet
  facet normal 0 0 -1
    outer loop
      vertex -3.96875 0.75 -3.96875
      vertex -1.5260029423020811 -0.43757430235948613 -3.96875
      vertex -1.5181338000913187 -0.46414008124734457 -3.96875
    endloop
  endfacet
  facet normal 0 0 -1
    outer loop
      vertex -3.96875 0.75 -3.96875
      vertex -1.5260029423020811 0.43757430235948613 -3.96875
      vertex -1.533407249233896 0.4108752341002517 -3.96875
    endloop
  endfacet
  facet normal 0 0 -1
    outer loop
      vertex -3.96875 0.75 -3.96875
      vertex -1.5181338000913187 -0.46414008124734457 -3.96875
      vertex -1.509802219618556 -0.49056447857022895 -3.96875
    endloop
  endfacet
  facet normal 0 0 -1
    outer loop
      vertex -3.96875 0.75 -3.96875
      vertex -1.5181338000913187 0.46414008124734457 -3.96875
      vertex -1.5260029423020811 0.43757430235948613 -3.96875
    endloop
  endfacet
  facet normal 0 0 -1
    outer loop
      vertex -3.96875 0.75 -3.96875
      vertex -1.509802219618556 -0.49056447857022895 -3.96875
      vertex -1.5010107387639153 -0.5168394452007362 -3.96875
    endloop
  endfacet
  facet normal 0 0 -1
    outer loop
      vertex -3.96875 0.75 -3.96875
      vertex -1.509802219618556 0.49056447857022895 -3.96875
      vertex -1.5181338000913187 0.46414008124734457 -3.96875
    endloop
  endfacet
  facet normal 0 0 -1
    outer loop
      vertex -3.96875 0.75 -3.96875
      vertex -1.5010107387639153 -0.5168394452007362 -3.96875
      vertex -1.4917620354976295 -0.542956977529499 -3.96875
    endloop
  endfacet
  facet normal 0 0 -1
    outer loop
      vertex -3.96875 0.75 -3.96875
      vertex -1.5010107387639153 0.5168394452007362 -3.96875
      vertex -1.509802219618556 0.49056447857022895 -3.96875
    endloop
  endfacet
  facet normal 0 0 -1
    outer loop
      vertex -3.96875 0.75 -3.96875
      vertex -1.4917620354976295 -0.542956977529499 -3.96875
      vertex -1.4820589270643076 -0.5689091199031642 -3.96875
    endloop
  endfacet
  facet normal 0 0 -1
    outer loop
      vertex -3.96875 0.75 -3.96875
      vertex -1.4917620354976295 0.542956977529499 -3.96875
      vertex -1.5010107387639153 0.5168394452007362 -3.96875
    endloop
  endfacet
  facet normal 0 0 -1
    outer loop
      vertex -3.96875 0.75 -3.96875
      vertex -1.4820589270643076 -0.5689091199031642 -3.96875
      vertex -1.4719043691247748 -0.5946879670477603 -3.96875
    endloop
  endfacet
  facet normal 0 0 -1
    outer loop
      vertex -3.96875 0.75 -3.96875
      vertex -1.4820589270643076 0.5689091199031642 -3.96875
      vertex -1.4917620354976295 0.542956977529499 -3.96875
    endloop
  endfacet
  facet normal 0 0 -1
    outer loop
      vertex -3.96875 0.75 -3.96875
      vertex -1.4719043691247748 -0.5946879670477603 -3.96875
      vertex -1.461301454855749 -0.6202856664767221 -3.96875
    endloop
  endfacet
  facet normal 0 0 -1
    outer loop
      vertex -3.96875 0.75 -3.96875
      vertex -1.4719043691247748 0.5946879670477603 -3.96875
      vertex -1.4820589270643076 0.5689091199031642 -3.96875
    endloop
  endfacet
  facet normal 0 0 -1
    outer loop
      vertex -3.96875 0.75 -3.96875
      vertex -1.461301454855749 -0.6202856664767221 -3.96875
      vertex -1.4502534140076289 -0.6456944208828328 -3.96875
    endloop
  endfacet
  facet normal 0 0 -1
    outer loop
      vertex -3.96875 0.75 -3.96875
      vertex -1.461301454855749 0.6202856664767221 -3.96875
      vertex -1.4719043691247748 0.5946879670477603 -3.96875
    endloop
  endfacet
  facet normal 0 0 -1
    outer loop
      vertex -3.96875 0.75 -3.96875
      vertex -1.4502534140076289 -0.6456944208828328 -3.96875
      vertex -1.4387636119206817 -0.6709064905133604 -3.96875
    endloop
  endfacet
  facet normal 0 0 -1
    outer loop
      vertex -3.96875 0.75 -3.96875
      vertex -1.4502534140076289 0.6456944208828328 -3.96875
      vertex -1.461301454855749 0.6202856664767221 -3.96875
    endloop
  endfacet
  facet normal 0 0 -1
    outer loop
      vertex -3.96875 0.75 -3.96875
      vertex -1.4387636119206817 -0.6709064905133604 -3.96875
      vertex -1.4268355484999276 -0.6959141955276603 -3.96875
    endloop
  endfacet
  facet normal 0 0 -1
    outer loop
      vertex -3.96875 0.75 -3.96875
      vertex -1.4387636119206817 0.6709064905133604 -3.96875
      vertex -1.4502534140076289 0.6456944208828328 -3.96875
    endloop
  endfacet
  facet normal 0 0 -1
    outer loop
      vertex -3.96875 0.75 -3.96875
      vertex -1.4268355484999276 -0.6959141955276603 -3.96875
      vertex -1.414472857149034 -0.7207099183365304 -3.96875
    endloop
  endfacet
  facet normal 0 0 -1
    outer loop
      vertex -3.96875 0.75 -3.96875
      vertex -1.4268355484999276 0.6959141955276603 -3.96875
      vertex -1.4387636119206817 0.6709064905133604 -3.96875
    endloop
  endfacet
  facet normal 0 0 -1
    outer loop
      vertex -3.96875 0.75 -3.96875
      vertex -1.414472857149034 -0.7207099183365304 -3.96875
      vertex -1.4016793036635464 -0.7452861059226016 -3.96875
    endloop
  endfacet
  facet normal 0 0 -1
    outer loop
      vertex -3.96875 0.75 -3.96875
      vertex -1.414472857149034 0.7207099183365304 -3.96875
      vertex -1.4268355484999276 0.6959141955276603 -3.96875
    endloop
  endfacet
  facet normal 0 0 -1
    outer loop
      vertex -3.96875 0.75 -3.96875
      vertex -1.4016793036635464 -0.7452861059226016 -3.96875
      vertex -1.3884587850837906 -0.7696352721410601 -3.96875
    endloop
  endfacet
  facet normal 0 0 -1
    outer loop
      vertex -3.96875 0.75 -3.96875
      vertex -1.4016793036635464 0.7452861059226016 -3.96875
      vertex -1.414472857149034 0.7207099183365304 -3.96875
    endloop
  endfacet
  facet normal 0 0 -1
    outer loop
      vertex -3.96875 0.75 -3.96875
      vertex -1.3884587850837906 -0.7696352721410601 -3.96875
      vertex -1.3748153285077962 -0.79375 -3.96875
    endloop
  endfacet
  facet normal 0 0 -1
    outer loop
      vertex -3.96875 0.75 -3.96875
      vertex -1.3884587850837906 0.7696352721410601 -3.96875
      vertex -1.4016793036635464 0.7452861059226016 -3.96875
    endloop
  endfacet
  facet normal 0 0 -1
    outer loop
      vertex -3.96875 0.75 -3.96875
      vertex -1.3748153285077962 -0.79375 -3.96875
      vertex -1.3607530898646032 -0.8176229439197109 -3.96875
    endloop
  endfacet
  facet normal 0 0 -1
    outer loop
      vertex -3.96875 0.75 -3.96875
      vertex -1.3748153285077962 0.79375 -3.96875
      vertex -1.3884587850837906 0.7696352721410601 -3.96875
    endloop
  endfacet
  facet normal 0 0 -1
    outer loop
      vertex -3.96875 0.75 -3.96875
      vertex -1.3607530898646032 -0.8176229439197109 -3.96875
      vertex -1.3462763526483261 -0.8412468319702128 -3.96875
    endloop
  endfacet
  facet normal 0 0 -1
    outer loop
      vertex -3.96875 0.75 -3.96875
      vertex -1.3607530898646032 0.8176229439197109 -3.96875
      vertex -1.3748153285077962 0.79375 -3.96875
    endloop
  endfacet
  facet normal 0 0 -1
    outer loop
      vertex -3.96875 0.75 -3.96875
      vertex -1.3462763526483261 -0.8412468319702128 -3.96875
      vertex -1.3313895266133606 -0.8646144680863554 -3.96875
    endloop
  endfacet
  facet normal 0 0 -1
    outer loop
      vertex -3.96875 0.75 -3.96875
      vertex -1.3462763526483261 0.8412468319702128 -3.96875
      vertex -1.3607530898646032 0.8176229439197109 -3.96875
    endloop
  endfacet
  facet normal 0 0 -1
    outer loop
      vertex -3.96875 0.75 -3.96875
      vertex -1.3313895266133606 -0.8646144680863554 -3.96875
      vertex -1.3160971464311284 -0.8877187342598106 -3.96875
    endloop
  endfacet
  facet normal 0 0 -1
    outer loop
      vertex -3.96875 0.75 -3.96875
      vertex -1.3313895266133606 0.8646144680863554 -3.96875
      vertex -1.3462763526483261 0.8412468319702128 -3.96875
    endloop
  endfacet
  facet normal 0 0 -1
    outer loop
      vertex -3.96875 0.75 -3.96875
      vertex -1.3160971464311284 -0.8877187342598106 -3.96875
      vertex -1.3004038703087744 -0.9105525927072855 -3.96875
    endloop
  endfacet
  facet normal 0 0 -1
    outer loop
      vertex -3.96875 0.75 -3.96875
      vertex -1.3160971464311284 0.8877187342598106 -3.96875
      vertex -1.3313895266133606 0.8646144680863554 -3.96875
    endloop
  endfacet
  facet normal 0 0 -1
    outer loop
      vertex -3.96875 0.75 -3.96875
      vertex -1.3004038703087744 -0.9105525927072855 -3.96875
      vertex -1.284314478570229 -0.933109088014301 -3.96875
    endloop
  endfacet
  facet normal 0 0 -1
    outer loop
      vertex -3.96875 0.75 -3.96875
      vertex -1.3004038703087744 0.9105525927072855 -3.96875
      vertex -1.3160971464311284 0.8877187342598106 -3.96875
    endloop
  endfacet
  facet normal 0 0 -1
    outer loop
      vertex -3.96875 0.75 -3.96875
      vertex -1.284314478570229 -0.933109088014301 -3.96875
      vertex -1.2678338722000773 -0.9553813492538765 -3.96875
    endloop
  endfacet
  facet normal 0 0 -1
    outer loop
      vertex -3.96875 0.75 -3.96875
      vertex -1.284314478570229 0.933109088014301 -3.96875
      vertex -1.3004038703087744 0.9105525927072855 -3.96875
    endloop
  endfacet
  facet normal 0 0 -1
    outer loop
      vertex -3.96875 0.75 -3.96875
      vertex -1.2678338722000773 -0.9553813492538765 -3.96875
      vertex -1.2509670713506709 -0.9773625920794825 -3.96875
    endloop
  endfacet
  facet normal 0 0 -1
    outer loop
      vertex -3.96875 0.75 -3.96875
      vertex -1.2678338722000773 0.9553813492538765 -3.96875
      vertex -1.284314478570229 0.933109088014301 -3.96875
    endloop
  endfacet
  facet normal 0 0 -1
    outer loop
      vertex -3.96875 0.75 -3.96875
      vertex -1.2509670713506709 -0.9773625920794825 -3.96875
      vertex -1.2337192138129411 -0.9990461207916168 -3.96875
    endloop
  endfacet
  facet normal 0 0 -1
    outer loop
      vertex -3.96875 0.75 -3.96875
      vertex -1.2509670713506709 0.9773625920794825 -3.96875
      vertex -1.2678338722000773 0.9553813492538765 -3.96875
    endloop
  endfacet
  facet normal 0 0 -1
    outer loop
      vertex -3.96875 0.75 -3.96875
      vertex -1.2337192138129411 -0.9990461207916168 -3.96875
      vertex -1.2160955534513775 -1.020425330377381 -3.96875
    endloop
  endfacet
  facet normal 0 0 -1
    outer loop
      vertex -3.96875 0.75 -3.96875
      vertex -1.2337192138129411 0.9990461207916168 -3.96875
      vertex -1.2509670713506709 0.9773625920794825 -3.96875
    endloop
  endfacet
  facet normal 0 0 -1
    outer loop
      vertex -3.96875 0.75 -3.96875
      vertex -1.2160955534513775 -1.020425330377381 -3.96875
      vertex -1.1981014586036505 -1.0414937085224303 -3.96875
    endloop
  endfacet
  facet normal 0 0 -1
    outer loop
      vertex -3.96875 0.75 -3.96875
      vertex -1.2160955534513775 1.020425330377381 -3.96875
      vertex -1.2337192138129411 0.9990461207916168 -3.96875
    endloop
  endfacet
  facet normal 0 0 -1
    outer loop
      vertex -3.96875 0.75 -3.96875
      vertex -1.1981014586036505 -1.0414937085224303 -3.96875
      vertex -1.1797424104453633 -1.0622448375946874 -3.96875
    endloop
  endfacet
  facet normal 0 0 -1
    outer loop
      vertex -3.96875 0.75 -3.96875
      vertex -1.1981014586036505 1.0414937085224303 -3.96875
      vertex -1.2160955534513775 1.020425330377381 -3.96875
    endloop
  endfacet
  facet normal 0 0 -1
    outer loop
      vertex -3.96875 0.75 -3.96875
      vertex -1.1797424104453633 -1.0622448375946874 -3.96875
      vertex -1.161024001320433 -1.0826723965992162 -3.96875
    endloop
  endfacet
  facet normal 0 0 -1
    outer loop
      vertex -3.96875 0.75 -3.96875
      vertex -1.1797424104453633 1.0622448375946874 -3.96875
      vertex -1.1981014586036505 1.0414937085224303 -3.96875
    endloop
  endfacet
  facet normal 0 0 -1
    outer loop
      vertex -3.96875 0.75 -3.96875
      vertex -1.161024001320433 -1.0826723965992162 -3.96875
      vertex -1.1419519330376087 -1.1027701631036582 -3.96875
    endloop
  endfacet
  facet normal 0 0 -1
    outer loop
      vertex -3.96875 0.75 -3.96875
      vertex -1.161024001320433 1.0826723965992162 -3.96875
      vertex -1.1797424104453633 1.0622448375946874 -3.96875
    endloop
  endfacet
  facet normal 0 0 -1
    outer loop
      vertex -3.96875 0.75 -3.96875
      vertex -1.1419519330376087 -1.1027701631036582 -3.96875
      vertex -1.1225320151336442 -1.1225320151336442 -3.96875
    endloop
  endfacet
  facet normal 0 0 -1
    outer loop
      vertex -3.96875 0.75 -3.96875
      vertex -1.1419519330376087 1.1027701631036582 -3.96875
      vertex -1.161024001320433 1.0826723965992162 -3.96875
    endloop
  endfacet
  facet normal 0 0 -1
    outer loop
      vertex -3.96875 0.75 -3.96875
      vertex -1.1225320151336442 -1.1225320151336442 -3.96875
      vertex -1.1027701631036582 -1.1419519330376087 -3.96875
    endloop
  endfacet
  facet normal 0 0 -1
    outer loop
      vertex -3.96875 0.75 -3.96875
      vertex -1.1225320151336442 1.1225320151336442 -3.96875
      vertex -1.1419519330376087 1.1027701631036582 -3.96875
    endloop
  endfacet
  facet normal 0 0 -1
    outer loop
      vertex -3.96875 0.75 -3.96875
      vertex -1.1027701631036582 -1.1419519330376087 -3.96875
      vertex -1.0826723965992162 -1.161024001320433 -3.96875
    endloop
  endfacet
  facet normal 0 0 -1
    outer loop
      vertex -3.96875 0.75 -3.96875
      vertex -1.1027701631036582 1.1419519330376087 -3.96875
      vertex -1.1225320151336442 1.1225320151336442 -3.96875
    endloop
  endfacet
  facet normal 0 0 -1
    outer loop
      vertex -3.96875 0.75 -3.96875
      vertex -1.0826723965992162 -1.161024001320433 -3.96875
      vertex -1.0622448375946874 -1.1797424104453633 -3.96875
    endloop
  endfacet
  facet normal 0 0 -1
    outer loop
      vertex -3.96875 0.75 -3.96875
      vertex -1.0826723965992162 1.161024001320433 -3.96875
      vertex -1.1027701631036582 1.1419519330376087 -3.96875
    endloop
  endfacet
  facet normal 0 0 -1
    outer loop
      vertex -3.96875 0.75 -3.96875
      vertex -1.0622448375946874 -1.1797424104453633 -3.96875
      vertex -1.0414937085224303 -1.1981014586036505 -3.96875
    endloop
  endfacet
  facet normal 0 0 -1
    outer loop
      vertex -3.96875 0.75 -3.96875
      vertex -1.0622448375946874 1.1797424104453633 -3.96875
      vertex -1.0826723965992162 1.161024001320433 -3.96875
    endloop
  endfacet
  facet normal 0 0 -1
    outer loop
      vertex -3.96875 0.75 -3.96875
      vertex -1.0414937085224303 -1.1981014586036505 -3.96875
      vertex -1.0082536376148779 -1.9543180824910287 -3.96875
    endloop
  endfacet
  facet normal 0 0 -1
    outer loop
      vertex -3.96875 0.75 -3.96875
      vertex -1.0414937085224303 1.1981014586036505 -3.96875
      vertex -1.0622448375946874 1.1797424104453633 -3.96875
    endloop
  endfacet
  facet normal 0 0 -1
    outer loop
      vertex -3.96875 0.75 -3.96875
      vertex -1.020425330377381 1.2160955534513775 -3.96875
      vertex -1.0414937085224303 1.1981014586036505 -3.96875
    endloop
  endfacet
  facet normal 0 0 -1
    outer loop
      vertex -3.96875 0.75 -3.96875
      vertex -1.0082536376148779 -1.9543180824910287 -3.96875
      vertex -1.0000543427378015 -2.071137169529827 -3.96875
    endloop
  endfacet
  facet normal 0 0 -1
    outer loop
      vertex -3.96875 0.75 -3.96875
      vertex -1.0000543427378015 2.071137169529827 -3.96875
      vertex -0.9990461207916168 1.2337192138129411 -3.96875
    endloop
  endfacet
  facet normal 0 0 -1
    outer loop
      vertex -3.96875 0.75 -3.96875
      vertex -0.9990461207916168 1.2337192138129411 -3.96875
      vertex -1.020425330377381 1.2160955534513775 -3.96875
    endloop
  endfacet
  facet normal 0 0 1
    outer loop
      vertex -3.96875 0.75 0
      vertex -1.5875 0 0
      vertex -1.587258216060771 0.027705695219187573 0
    endloop
  endfacet
  facet normal 0 0 1
    outer loop
      vertex -3.96875 0.75 0
      vertex -1.587258216060771 -0.027705695219187573 0
      vertex -1.5875 0 0
    endloop
  endfacet
  facet normal 0 0 1
    outer loop
      vertex -3.96875 0.75 0
      vertex -1.587258216060771 0.027705695219187573 0
      vertex -1.5865329378928144 0.05540295101522028 0
    endloop
  endfacet
  facet normal 0 0 1
    outer loop
      vertex -3.96875 0.75 0
      vertex -1.5865329378928144 -0.05540295101522028 0
      vertex -1.587258216060771 -0.027705695219187573 0
    endloop
  endfacet
  facet normal 0 0 1
    outer loop
      vertex -3.96875 0.75 0
      vertex -1.5865329378928144 0.05540295101522028 0
      vertex -1.5853243864228859 0.08308333053567334 0
    endloop
  endfacet
  facet normal 0 0 1
    outer loop
      vertex -3.96875 0.75 0
      vertex -1.5853243864228859 -0.08308333053567334 0
      vertex -1.5865329378928144 -0.05540295101522028 0
    endloop
  endfacet
  facet normal 0 0 1
    outer loop
      vertex -3.96875 0.75 0
      vertex -1.5853243864228859 0.08308333053567334 0
      vertex -1.5836329297874707 0.11073840206879891 0
    endloop
  endfacet
  facet normal 0 0 1
    outer loop
      vertex -3.96875 0.75 0
      vertex -1.5836329297874707 -0.11073840206879891 0
      vertex -1.5853243864228859 -0.08308333053567334 0
    endloop
  endfacet
  facet normal 0 0 1
    outer loop
      vertex -3.96875 0.75 0
      vertex -1.5836329297874707 0.11073840206879891 0
      vertex -1.5814590832206459 0.13835974161190734 0
    endloop
  endfacet
  facet normal 0 0 1
    outer loop
      vertex -3.96875 0.75 0
      vertex -1.5814590832206459 -0.13835974161190734 0
      vertex -1.5836329297874707 -0.11073840206879891 0
    endloop
  endfacet
  facet normal 0 0 1
    outer loop
      vertex -3.96875 0.75 0
      vertex -1.5814590832206459 0.13835974161190734 0
      vertex -1.5788035088971337 0.16593893543739988 0
    endloop
  endfacet
  facet normal 0 0 1
    outer loop
      vertex -3.96875 0.75 0
      vertex -1.5788035088971337 -0.16593893543739988 0
      vertex -1.5814590832206459 -0.13835974161190734 0
    endloop
  endfacet
  facet normal 0 0 1
    outer loop
      vertex -3.96875 0.75 0
      vertex -1.5788035088971337 0.16593893543739988 0
      vertex -1.5756670157305985 0.1934675826556716 0
    endloop
  endfacet
  facet normal 0 0 1
    outer loop
      vertex -3.96875 0.75 0
      vertex -1.5756670157305985 -0.1934675826556716 0
      vertex -1.5788035088971337 -0.16593893543739988 0
    endloop
  endfacet
  facet normal 0 0 1
    outer loop
      vertex -3.96875 0.75 0
      vertex -1.5756670157305985 0.1934675826556716 0
      vertex -1.572050559127243 0.22093729777410387 0
    endloop
  endfacet
  facet normal 0 0 1
    outer loop
      vertex -3.96875 0.75 0
      vertex -1.572050559127243 -0.22093729777410387 0
      vertex -1.5756670157305985 -0.1934675826556716 0
    endloop
  endfacet
  facet normal 0 0 1
    outer loop
      vertex -3.96875 0.75 0
      vertex -1.572050559127243 0.22093729777410387 0
      vertex -1.5679552406947812 0.2483397132513665 0
    endloop
  endfacet
  facet normal 0 0 1
    outer loop
      vertex -3.96875 0.75 0
      vertex -1.5679552406947812 -0.2483397132513665 0
      vertex -1.572050559127243 -0.22093729777410387 0
    endloop
  endfacet
  facet normal 0 0 1
    outer loop
      vertex -3.96875 0.75 0
      vertex -1.5679552406947812 0.2483397132513665 0
      vertex -1.56338230790688 0.2756664820462519 0
    endloop
  endfacet
  facet normal 0 0 1
    outer loop
      vertex -3.96875 0.75 0
      vertex -1.56338230790688 -0.2756664820462519 0
      vertex -1.5679552406947812 -0.2483397132513665 0
    endloop
  endfacet
  facet normal 0 0 1
    outer loop
      vertex -3.96875 0.75 0
      vertex -1.56338230790688 0.2756664820462519 0
      vertex -1.5583331537231664 0.30290928016026486 0
    endloop
  endfacet
  facet normal 0 0 1
    outer loop
      vertex -3.96875 0.75 0
      vertex -1.5583331537231664 -0.30290928016026486 0
      vertex -1.56338230790688 -0.2756664820462519 0
    endloop
  endfacet
  facet normal 0 0 1
    outer loop
      vertex -3.96875 0.75 0
      vertex -1.5583331537231664 0.30290928016026486 0
      vertex -1.5528093161649164 0.33005980917319294 0
    endloop
  endfacet
  facet normal 0 0 1
    outer loop
      vertex -3.96875 0.75 0
      vertex -1.5528093161649164 -0.33005980917319294 0
      vertex -1.5583331537231664 -0.30290928016026486 0
    endloop
  endfacet
  facet normal 0 0 1
    outer loop
      vertex -3.96875 0.75 0
      vertex -1.5528093161649164 0.33005980917319294 0
      vertex -1.5468124778465608 0.35710979877088567 0
    endloop
  endfacet
  facet normal 0 0 1
    outer loop
      vertex -3.96875 0.75 0
      vertex -1.5468124778465608 -0.35710979877088567 0
      vertex -1.5528093161649164 -0.33005980917319294 0
    endloop
  endfacet
  facet normal 0 0 1
    outer loop
      vertex -3.96875 0.75 0
      vertex -1.5468124778465608 0.35710979877088567 0
      vertex -1.5403444654631444 0.3840510092644725 0
    endloop
  endfacet
  facet normal 0 0 1
    outer loop
      vertex -3.96875 0.75 0
      vertex -1.5403444654631444 -0.3840510092644725 0
      vertex -1.5468124778465608 -0.35710979877088567 0
    endloop
  endfacet
  facet normal 0 0 1
    outer loop
      vertex -3.96875 0.75 0
      vertex -1.5403444654631444 0.3840510092644725 0
      vertex -1.533407249233896 0.4108752341002517 0
    endloop
  endfacet
  facet normal 0 0 1
    outer loop
      vertex -3.96875 0.75 0
      vertex -1.533407249233896 -0.4108752341002517 0
      vertex -1.5403444654631444 -0.3840510092644725 0
    endloop
  endfacet
  facet normal 0 0 1
    outer loop
      vertex -3.96875 0.75 0
      vertex -1.533407249233896 0.4108752341002517 0
      vertex -1.5260029423020811 0.43757430235948613 0
    endloop
  endfacet
  facet normal 0 0 1
    outer loop
      vertex -3.96875 0.75 0
      vertex -1.5260029423020811 -0.43757430235948613 0
      vertex -1.533407249233896 -0.4108752341002517 0
    endloop
  endfacet
  facet normal 0 0 1
    outer loop
      vertex -3.96875 0.75 0
      vertex -1.5260029423020811 0.43757430235948613 0
      vertex -1.5181338000913187 0.46414008124734457 0
    endloop
  endfacet
  facet normal 0 0 1
    outer loop
      vertex -3.96875 0.75 0
      vertex -1.5181338000913187 -0.46414008124734457 0
      vertex -1.5260029423020811 -0.43757430235948613 0
    endloop
  endfacet
  facet normal 0 0 1
    outer loop
      vertex -3.96875 0.75 0
      vertex -1.5181338000913187 0.46414008124734457 0
      vertex -1.509802219618556 0.49056447857022895 0
    endloop
  endfacet
  facet normal 0 0 1
    outer loop
      vertex -3.96875 0.75 0
      vertex -1.509802219618556 -0.49056447857022895 0
      vertex -1.5181338000913187 -0.46414008124734457 0
    endloop
  endfacet
  facet normal 0 0 1
    outer loop
      vertex -3.96875 0.75 0
      vertex -1.509802219618556 0.49056447857022895 0
      vertex -1.5010107387639153 0.5168394452007362 0
    endloop
  endfacet
  facet normal 0 0 1
    outer loop
      vertex -3.96875 0.75 0
      vertex -1.5010107387639153 -0.5168394452007362 0
      vertex -1.509802219618556 -0.49056447857022895 0
    endloop
  endfacet
  facet normal 0 0 1
    outer loop
      vertex -3.96875 0.75 0
      vertex -1.5010107387639153 0.5168394452007362 0
      vertex -1.4917620354976295 0.542956977529499 0
    endloop
  endfacet
  facet normal 0 0 1
    outer loop
      vertex -3.96875 0.75 0
      vertex -1.4917620354976295 -0.542956977529499 0
      vertex -1.5010107387639153 -0.5168394452007362 0
    endloop
  endfacet
  facet normal 0 0 1
    outer loop
      vertex -3.96875 0.75 0
      vertex -1.4917620354976295 0.542956977529499 0
      vertex -1.4820589270643076 0.5689091199031642 0
    endloop
  endfacet
  facet normal 0 0 1
    outer loop
      vertex -3.96875 0.75 0
      vertex -1.4820589270643076 -0.5689091199031642 0
      vertex -1.4917620354976295 -0.542956977529499 0
    endloop
  endfacet
  facet normal 0 0 1
    outer loop
      vertex -3.96875 0.75 0
      vertex -1.4820589270643076 0.5689091199031642 0
      vertex -1.4719043691247748 0.5946879670477603 0
    endloop
  endfacet
  facet normal 0 0 1
    outer loop
      vertex -3.96875 0.75 0
      vertex -1.4719043691247748 -0.5946879670477603 0
      vertex -1.4820589270643076 -0.5689091199031642 0
    endloop
  endfacet
  facet normal 0 0 1
    outer loop
      vertex -3.96875 0.75 0
      vertex -1.4719043691247748 0.5946879670477603 0
      vertex -1.461301454855749 0.6202856664767221 0
    endloop
  endfacet
  facet normal 0 0 1
    outer loop
      vertex -3.96875 0.75 0
      vertex -1.461301454855749 -0.6202856664767221 0
      vertex -1.4719043691247748 -0.5946879670477603 0
    endloop
  endfacet
  facet normal 0 0 1
    outer loop
      vertex -3.96875 0.75 0
      vertex -1.461301454855749 0.6202856664767221 0
      vertex -1.4502534140076289 0.6456944208828328 0
    endloop
  endfacet
  facet normal 0 0 1
    outer loop
      vertex -3.96875 0.75 0
      vertex -1.4502534140076289 -0.6456944208828328 0
      vertex -1.461301454855749 -0.6202856664767221 0
    endloop
  endfacet
  facet normal 0 0 1
    outer loop
      vertex -3.96875 0.75 0
      vertex -1.4502534140076289 0.6456944208828328 0
      vertex -1.4387636119206817 0.6709064905133604 0
    endloop
  endfacet
  facet normal 0 0 1
    outer loop
      vertex -3.96875 0.75 0
      vertex -1.4387636119206817 -0.6709064905133604 0
      vertex -1.4502534140076289 -0.6456944208828328 0
    endloop
  endfacet
  facet normal 0 0 1
    outer loop
      vertex -3.96875 0.75 0
      vertex -1.4387636119206817 0.6709064905133604 0
      vertex -1.4268355484999276 0.6959141955276603 0
    endloop
  endfacet
  facet normal 0 0 1
    outer loop
      vertex -3.96875 0.75 0
      vertex -1.4268355484999276 -0.6959141955276603 0
      vertex -1.4387636119206817 -0.6709064905133604 0
    endloop
  endfacet
  facet normal 0 0 1
    outer loop
      vertex -3.96875 0.75 0
      vertex -1.4268355484999276 0.6959141955276603 0
      vertex -1.414472857149034 0.7207099183365304 0
    endloop
  endfacet
  facet normal 0 0 1
    outer loop
      vertex -3.96875 0.75 0
      vertex -1.414472857149034 -0.7207099183365304 0
      vertex -1.4268355484999276 -0.6959141955276603 0
    endloop
  endfacet
  facet normal 0 0 1
    outer loop
      vertex -3.96875 0.75 0
      vertex -1.414472857149034 0.7207099183365304 0
      vertex -1.4016793036635464 0.7452861059226016 0
    endloop
  endfacet
  facet normal 0 0 1
    outer loop
      vertex -3.96875 0.75 0
      vertex -1.4016793036635464 -0.7452861059226016 0
      vertex -1.414472857149034 -0.7207099183365304 0
    endloop
  endfacet
  facet normal 0 0 1
    outer loop
      vertex -3.96875 0.75 0
      vertex -1.4016793036635464 0.7452861059226016 0
      vertex -1.3884587850837906 0.7696352721410601 0
    endloop
  endfacet
  facet normal 0 0 1
    outer loop
      vertex -3.96875 0.75 0
      vertex -1.3884587850837906 -0.7696352721410601 0
      vertex -1.4016793036635464 -0.7452861059226016 0
    endloop
  endfacet
  facet normal 0 0 1
    outer loop
      vertex -3.96875 0.75 0
      vertex -1.3884587850837906 0.7696352721410601 0
      vertex -1.3748153285077962 0.79375 0
    endloop
  endfacet
  facet normal 0 0 1
    outer loop
      vertex -3.96875 0.75 0
      vertex -1.3748153285077962 -0.79375 0
      vertex -1.3884587850837906 -0.7696352721410601 0
    endloop
  endfacet
  facet normal 0 0 1
    outer loop
      vertex -3.96875 0.75 0
      vertex -1.3748153285077962 0.79375 0
      vertex -1.3607530898646032 0.8176229439197109 0
    endloop
  endfacet
  facet normal 0 0 1
    outer loop
      vertex -3.96875 0.75 0
      vertex -1.3607530898646032 -0.8176229439197109 0
      vertex -1.3748153285077962 -0.79375 0
    endloop
  endfacet
  facet normal 0 0 1
    outer loop
      vertex -3.96875 0.75 0
      vertex -1.3607530898646032 0.8176229439197109 0
      vertex -1.3462763526483261 0.8412468319702128 0
    endloop
  endfacet
  facet normal 0 0 1
    outer loop
      vertex -3.96875 0.75 0
      vertex -1.3462763526483261 -0.8412468319702128 0
      vertex -1.3607530898646032 -0.8176229439197109 0
    endloop
  endfacet
  facet normal 0 0 1
    outer loop
      vertex -3.96875 0.75 0
      vertex -1.3462763526483261 0.8412468319702128 0
      vertex -1.3313895266133606 0.8646144680863554 0
    endloop
  endfacet
  facet normal 0 0 1
    outer loop
      vertex -3.96875 0.75 0
      vertex -1.3313895266133606 -0.8646144680863554 0
      vertex -1.3462763526483261 -0.8412468319702128 0
    endloop
  endfacet
  facet normal 0 0 1
    outer loop
      vertex -3.96875 0.75 0
      vertex -1.3313895266133606 0.8646144680863554 0
      vertex -1.3160971464311284 0.8877187342598106 0
    endloop
  endfacet
  facet normal 0 0 1
    outer loop
      vertex -3.96875 0.75 0
      vertex -1.3160971464311284 -0.8877187342598106 0
      vertex -1.3313895266133606 -0.8646144680863554 0
    endloop
  endfacet
  facet normal 0 0 1
    outer loop
      vertex -3.96875 0.75 0
      vertex -1.3160971464311284 0.8877187342598106 0
      vertex -1.3004038703087744 0.9105525927072855 0
    endloop
  endfacet
  facet normal 0 0 1
    outer loop
      vertex -3.96875 0.75 0
      vertex -1.3004038703087744 -0.9105525927072855 0
      vertex -1.3160971464311284 -0.8877187342598106 0
    endloop
  endfacet
  facet normal 0 0 1
    outer loop
      vertex -3.96875 0.75 0
      vertex -1.3004038703087744 0.9105525927072855 0
      vertex -1.284314478570229 0.933109088014301 0
    endloop
  endfacet
  facet normal 0 0 1
    outer loop
      vertex -3.96875 0.75 0
      vertex -1.284314478570229 -0.933109088014301 0
      vertex -1.3004038703087744 -0.9105525927072855 0
    endloop
  endfacet
  facet normal 0 0 1
    outer loop
      vertex -3.96875 0.75 0
      vertex -1.284314478570229 0.933109088014301 0
      vertex -1.2678338722000773 0.9553813492538765 0
    endloop
  endfacet
  facet normal 0 0 1
    outer loop
      vertex -3.96875 0.75 0
      vertex -1.2678338722000773 -0.9553813492538765 0
      vertex -1.284314478570229 -0.933109088014301 0
    endloop
  endfacet
  facet normal 0 0 1
    outer loop
      vertex -3.96875 0.75 0
      vertex -1.2678338722000773 0.9553813492538765 0
      vertex -1.2509670713506709 0.9773625920794825 0
    endloop
  endfacet
  facet normal 0 0 1
    outer loop
      vertex -3.96875 0.75 0
      vertex -1.2509670713506709 -0.9773625920794825 0
      vertex -1.2678338722000773 -0.9553813492538765 0
    endloop
  endfacet
  facet normal 0 0 1
    outer loop
      vertex -3.96875 0.75 0
      vertex -1.2509670713506709 0.9773625920794825 0
      vertex -1.2337192138129411 0.9990461207916168 0
    endloop
  endfacet
  facet normal 0 0 1
    outer loop
      vertex -3.96875 0.75 0
      vertex -1.2337192138129411 -0.9990461207916168 0
      vertex -1.2509670713506709 -0.9773625920794825 0
    endloop
  endfacet
  facet normal 0 0 1
    outer loop
      vertex -3.96875 0.75 0
      vertex -1.2337192138129411 0.9990461207916168 0
      vertex -1.2160955534513775 1.020425330377381 0
    endloop
  endfacet
  facet normal 0 0 1
    outer loop
      vertex -3.96875 0.75 0
      vertex -1.2160955534513775 -1.020425330377381 0
      vertex -1.2337192138129411 -0.9990461207916168 0
    endloop
  endfacet
  facet normal 0 0 1
    outer loop
      vertex -3.96875 0.75 0
      vertex -1.2160955534513775 1.020425330377381 0
      vertex -1.1981014586036505 1.0414937085224303 0
    endloop
  endfacet
  facet normal 0 0 1
    outer loop
      vertex -3.96875 0.75 0
      vertex -1.1981014586036505 -1.0414937085224303 0
      vertex -1.2160955534513775 -1.020425330377381 0
    endloop
  endfacet
  facet normal 0 0 1
    outer loop
      vertex -3.96875 0.75 0
      vertex -1.1981014586036505 1.0414937085224303 0
      vertex -1.1797424104453633 1.0622448375946874 0
    endloop
  endfacet
  facet normal 0 0 1
    outer loop
      vertex -3.96875 0.75 0
      vertex -1.1797424104453633 -1.0622448375946874 0
      vertex -1.1981014586036505 -1.0414937085224303 0
    endloop
  endfacet
  facet normal 0 0 1
    outer loop
      vertex -3.96875 0.75 0
      vertex -1.1797424104453633 1.0622448375946874 0
      vertex -1.161024001320433 1.0826723965992162 0
    endloop
  endfacet
  facet normal 0 0 1
    outer loop
      vertex -3.96875 0.75 0
      vertex -1.161024001320433 -1.0826723965992162 0
      vertex -1.1797424104453633 -1.0622448375946874 0
    endloop
  endfacet
  facet normal 0 0 1
    outer loop
      vertex -3.96875 0.75 0
      vertex -1.161024001320433 1.0826723965992162 0
      vertex -1.1419519330376087 1.1027701631036582 0
    endloop
  endfacet
  facet normal 0 0 1
    outer loop
      vertex -3.96875 0.75 0
      vertex -1.1419519330376087 -1.1027701631036582 0
      vertex -1.161024001320433 -1.0826723965992162 0
    endloop
  endfacet
  facet normal 0 0 1
    outer loop
      vertex -3.96875 0.75 0
      vertex -1.1419519330376087 1.1027701631036582 0
      vertex -1.1225320151336442 1.1225320151336442 0
    endloop
  endfacet
  facet normal 0 0 1
    outer loop
      vertex -3.96875 0.75 0
      vertex -1.1225320151336442 -1.1225320151336442 0
      vertex -1.1419519330376087 -1.1027701631036582 0
    endloop
  endfacet
  facet normal 0 0 1
    outer loop
      vertex -3.96875 0.75 0
      vertex -1.1225320151336442 1.1225320151336442 0
      vertex -1.1027701631036582 1.1419519330376087 0
    endloop
  endfacet
  facet normal 0 0 1
    outer loop
      vertex -3.96875 0.75 0
      vertex -1.1027701631036582 -1.1419519330376087 0
      vertex -1.1225320151336442 -1.1225320151336442 0
    endloop
  endfacet
  facet normal 0 0 1
    outer loop
      vertex -3.96875 0.75 0
      vertex -1.1027701631036582 1.1419519330376087 0
      vertex -1.0826723965992162 1.161024001320433 0
    endloop
  endfacet
  facet normal 0 0 1
    outer loop
      vertex -3.96875 0.75 0
      vertex -1.0826723965992162 -1.161024001320433 0
      vertex -1.1027701631036582 -1.1419519330376087 0
    endloop
  endfacet
  facet normal 0 0 1
    outer loop
      vertex -3.96875 0.75 0
      vertex -1.0826723965992162 1.161024001320433 0
      vertex -1.0622448375946874 1.1797424104453633 0
    endloop
  endfacet
  facet normal 0 0 1
    outer loop
      vertex -3.96875 0.75 0
      vertex -1.0622448375946874 -1.1797424104453633 0
      vertex -1.0826723965992162 -1.161024001320433 0
    endloop
  endfacet
  facet normal 0 0 1
    outer loop
      vertex -3.96875 0.75 0
      vertex -1.0622448375946874 1.1797424104453633 0
      vertex -1.0414937085224303 1.1981014586036505 0
    endloop
  endfacet
  facet normal 0 0 1
    outer loop
      vertex -3.96875 0.75 0
      vertex -1.0414937085224303 -1.1981014586036505 0
      vertex -1.0622448375946874 -1.1797424104453633 0
    endloop
  endfacet
  facet normal 0 0 1
    outer loop
      vertex -3.96875 0.75 0
      vertex -1.0414937085224303 1.1981014586036505 0
      vertex -1.020425330377381 1.2160955534513775 0
    endloop
  endfacet
  facet normal 0 0 1
    outer loop
      vertex -3.96875 0.75 0
      vertex -1.020425330377381 -1.2160955534513775 0
      vertex -1.0414937085224303 -1.1981014586036505 0
    endloop
  endfacet
  facet normal 0 0 1
    outer loop
      vertex -3.96875 0.75 0
      vertex -1.020425330377381 1.2160955534513775 0
      vertex -0.9990461207916168 1.2337192138129411 0
    endloop
  endfacet
  facet normal 0 0 1
    outer loop
      vertex -3.96875 0.75 0
      vertex -1.0000543427378015 -2.071137169529827 0
      vertex -0.8691186012092474 -2.1294065561306925 0
    endloop
  endfacet
  facet normal -0.4065796337252828 0.9136153465435083 0
    outer loop
      vertex -3.96875 0.75 0
      vertex -1.0000543427378015 2.071137169529827 0
      vertex -1.0000543427378015 2.071137169529827 -3.96875
    endloop
  endfacet
  facet normal 0 0 1
    outer loop
      vertex -3.96875 0.75 0
      vertex -0.9990461207916168 -1.2337192138129411 0
      vertex -1.020425330377381 -1.2160955534513775 0
    endloop
  endfacet
  facet normal 0 0 1
    outer loop
      vertex -3.96875 0.75 0
      vertex -0.9990461207916168 1.2337192138129411 0
      vertex -0.9773625920794825 1.2509670713506709 0
    endloop
  endfacet
  facet normal 0 0 1
    outer loop
      vertex -3.96875 0.75 0
      vertex -0.9773625920794825 -1.2509670713506709 0
      vertex -0.9990461207916168 -1.2337192138129411 0
    endloop
  endfacet
  facet normal 0 0 1
    outer loop
      vertex -3.96875 0.75 0
      vertex -0.9773625920794825 1.2509670713506709 0
      vertex -0.9553813492538765 1.2678338722000773 0
    endloop
  endfacet
  facet normal 0 0 1
    outer loop
      vertex -3.96875 0.75 0
      vertex -0.9553813492538765 -1.2678338722000773 0
      vertex -0.9773625920794825 -1.2509670713506709 0
    endloop
  endfacet
  facet normal 0 0 1
    outer loop
      vertex -3.96875 0.75 0
      vertex -0.9553813492538765 1.2678338722000773 0
      vertex -0.933109088014301 1.284314478570229 0
    endloop
  endfacet
  facet normal 0 0 1
    outer loop
      vertex -3.96875 0.75 0
      vertex -0.933109088014301 -1.284314478570229 0
      vertex -0.9553813492538765 -1.2678338722000773 0
    endloop
  endfacet
  facet normal 0 0 1
    outer loop
      vertex -3.96875 0.75 0
      vertex -0.933109088014301 1.284314478570229 0
      vertex -1.0000543427378015 2.071137169529827 0
    endloop
  endfacet
  facet normal 0 0 1
    outer loop
      vertex -3.96875 0.75 0
      vertex -0.8691186012092474 -2.1294065561306925 0
      vertex -0.7666666666666666 -2.175 0
    endloop
  endfacet
  facet normal 0 0 1
    outer loop
      vertex -3.96875 0.75 0
      vertex -0.7666666666666666 -2.175 0
      vertex -0.7666666666666666 -2.168368197542551 0
    endloop
  endfacet
  facet normal 0 0 1
    outer loop
      vertex -3.96875 0.75 0
      vertex -0.7666666666666666 -2.168368197542551 0
      vertex -0.933109088014301 -1.284314478570229 0
    endloop
  endfacet
  facet normal 0.9999619230641713 0.00872653549837009 0
    outer loop
      vertex -1.5875 0 -3.96875
      vertex -1.5875 0 0
      vertex -1.587258216060771 -0.027705695219187573 0
    endloop
  endfacet
  facet normal 0.9999619230641713 0.00872653549837009 0
    outer loop
      vertex -1.5875 0 -3.96875
      vertex -1.587258216060771 -0.027705695219187573 0
      vertex -1.587258216060771 -0.027705695219187573 -3.96875
    endloop
  endfacet
  facet normal 0.9999619230641713 -0.00872653549837009 0
    outer loop
      vertex -1.5875 0 -3.96875
      vertex -1.587258216060771 0.027705695219187573 -3.96875
      vertex -1.5875 0 0
    endloop
  endfacet
  facet normal 0.9999619230641713 -0.00872653549837009 0
    outer loop
      vertex -1.5875 0 0
      vertex -1.587258216060771 0.027705695219187573 -3.96875
      vertex -1.587258216060771 0.027705695219187573 0
    endloop
  endfacet
  facet normal 0.999657324975557 0.026176948307878017 0
    outer loop
      vertex -1.587258216060771 -0.027705695219187573 -3.96875
      vertex -1.587258216060771 -0.027705695219187573 0
      vertex -1.5865329378928144 -0.05540295101522028 0
    endloop
  endfacet
  facet normal 0.999657324975557 0.026176948307878017 0
    outer loop
      vertex -1.587258216060771 -0.027705695219187573 -3.96875
      vertex -1.5865329378928144 -0.05540295101522028 0
      vertex -1.5865329378928144 -0.05540295101522028 -3.96875
    endloop
  endfacet
  facet normal 0.999657324975557 -0.026176948307878017 0
    outer loop
      vertex -1.587258216060771 0.027705695219187573 -3.96875
      vertex -1.5865329378928144 0.05540295101522028 -3.96875
      vertex -1.587258216060771 0.027705695219187573 0
    endloop
  endfacet
  facet normal 0.999657324975557 -0.026176948307878017 0
    outer loop
      vertex -1.587258216060771 0.027705695219187573 0
      vertex -1.5865329378928144 0.05540295101522028 -3.96875
      vertex -1.5865329378928144 0.05540295101522028 0
    endloop
  endfacet
  facet normal 0.9990482215818577 0.043619387365337436 0
    outer loop
      vertex -1.5865329378928144 -0.05540295101522028 -3.96875
      vertex -1.5865329378928144 -0.05540295101522028 0
      vertex -1.5853243864228859 -0.08308333053567334 0
    endloop
  endfacet
  facet normal 0.9990482215818577 0.043619387365337436 0
    outer loop
      vertex -1.5865329378928144 -0.05540295101522028 -3.96875
      vertex -1.5853243864228859 -0.08308333053567334 0
      vertex -1.5853243864228859 -0.08308333053567334 -3.96875
    endloop
  endfacet
  facet normal 0.9990482215818577 -0.043619387365337436 0
    outer loop
      vertex -1.5865329378928144 0.05540295101522028 -3.96875
      vertex -1.5853243864228859 0.08308333053567334 -3.96875
      vertex -1.5865329378928144 0.05540295101522028 0
    endloop
  endfacet
  facet normal 0.9990482215818577 -0.043619387365337436 0
    outer loop
      vertex -1.5865329378928144 0.05540295101522028 0
      vertex -1.5853243864228859 0.08308333053567334 -3.96875
      vertex -1.5853243864228859 0.08308333053567334 0
    endloop
  endfacet
  facet normal 0.9981347984218667 0.06104853953486096 0
    outer loop
      vertex -1.5853243864228859 -0.08308333053567334 -3.96875
      vertex -1.5853243864228859 -0.08308333053567334 0
      vertex -1.5836329297874707 -0.11073840206879891 0
    endloop
  endfacet
  facet normal 0.9981347984218667 0.06104853953486096 0
    outer loop
      vertex -1.5853243864228859 -0.08308333053567334 -3.96875
      vertex -1.5836329297874707 -0.11073840206879891 0
      vertex -1.5836329297874707 -0.11073840206879891 -3.96875
    endloop
  endfacet
  facet normal 0.9981347984218667 -0.06104853953486096 0
    outer loop
      vertex -1.5853243864228859 0.08308333053567334 -3.96875
      vertex -1.5836329297874707 0.11073840206879891 -3.96875
      vertex -1.5853243864228859 0.08308333053567334 0
    endloop
  endfacet
  facet normal 0.9981347984218667 -0.06104853953486096 0
    outer loop
      vertex -1.5853243864228859 0.08308333053567334 0
      vertex -1.5836329297874707 0.11073840206879891 -3.96875
      vertex -1.5836329297874707 0.11073840206879891 0
    endloop
  endfacet
  facet normal 0.9969173337331282 0.07845909572784078 0
    outer loop
      vertex -1.5836329297874707 -0.11073840206879891 -3.96875
      vertex -1.5836329297874707 -0.11073840206879891 0
      vertex -1.5814590832206459 -0.13835974161190734 0
    endloop
  endfacet
  facet normal 0.9969173337331282 0.07845909572784078 0
    outer loop
      vertex -1.5836329297874707 -0.11073840206879891 -3.96875
      vertex -1.5814590832206459 -0.13835974161190734 0
      vertex -1.5814590832206459 -0.13835974161190734 -3.96875
    endloop
  endfacet
  facet normal 0.9969173337331282 -0.07845909572784078 0
    outer loop
      vertex -1.5836329297874707 0.11073840206879891 -3.96875
      vertex -1.5814590832206459 0.13835974161190734 -3.96875
      vertex -1.5836329297874707 0.11073840206879891 0
    endloop
  endfacet
  facet normal 0.9969173337331282 -0.07845909572784078 0
    outer loop
      vertex -1.5836329297874707 0.11073840206879891 0
      vertex -1.5814590832206459 0.13835974161190734 -3.96875
      vertex -1.5814590832206459 0.13835974161190734 0
    endloop
  endfacet
  facet normal 0.9953961983671786 0.09584575252022559 0
    outer loop
      vertex -1.5814590832206459 -0.13835974161190734 -3.96875
      vertex -1.5814590832206459 -0.13835974161190734 0
      vertex -1.5788035088971337 -0.16593893543739988 0
    endloop
  endfacet
  facet normal 0.9953961983671786 0.09584575252022559 0
    outer loop
      vertex -1.5814590832206459 -0.13835974161190734 -3.96875
      vertex -1.5788035088971337 -0.16593893543739988 0
      vertex -1.5788035088971337 -0.16593893543739988 -3.96875
    endloop
  endfacet
  facet normal 0.9953961983671786 -0.09584575252022559 0
    outer loop
      vertex -1.5814590832206459 0.13835974161190734 -3.96875
      vertex -1.5788035088971337 0.16593893543739988 -3.96875
      vertex -1.5814590832206459 0.13835974161190734 0
    endloop
  endfacet
  facet normal 0.9953961983671786 -0.09584575252022559 0
    outer loop
      vertex -1.5814590832206459 0.13835974161190734 0
      vertex -1.5788035088971337 0.16593893543739988 -3.96875
      vertex -1.5788035088971337 0.16593893543739988 0
    endloop
  endfacet
  facet normal 0.9935718556765875 0.1132032137679068 0
    outer loop
      vertex -1.5788035088971337 -0.16593893543739988 -3.96875
      vertex -1.5788035088971337 -0.16593893543739988 0
      vertex -1.5756670157305985 -0.1934675826556716 0
    endloop
  endfacet
  facet normal 0.9935718556765875 0.1132032137679068 0
    outer loop
      vertex -1.5788035088971337 -0.16593893543739988 -3.96875
      vertex -1.5756670157305985 -0.1934675826556716 0
      vertex -1.5756670157305985 -0.1934675826556716 -3.96875
    endloop
  endfacet
  facet normal 0.9935718556765875 -0.1132032137679068 0
    outer loop
      vertex -1.5788035088971337 0.16593893543739988 -3.96875
      vertex -1.5756670157305985 0.1934675826556716 -3.96875
      vertex -1.5788035088971337 0.16593893543739988 0
    endloop
  endfacet
  facet normal 0.9935718556765875 -0.1132032137679068 0
    outer loop
      vertex -1.5788035088971337 0.16593893543739988 0
      vertex -1.5756670157305985 0.1934675826556716 -3.96875
      vertex -1.5756670157305985 0.1934675826556716 0
    endloop
  endfacet
  facet normal 0.9914448613738114 0.1305261922200437 0
    outer loop
      vertex -1.5756670157305985 -0.1934675826556716 -3.96875
      vertex -1.5756670157305985 -0.1934675826556716 0
      vertex -1.572050559127243 -0.22093729777410387 0
    endloop
  endfacet
  facet normal 0.9914448613738114 0.1305261922200437 0
    outer loop
      vertex -1.5756670157305985 -0.1934675826556716 -3.96875
      vertex -1.572050559127243 -0.22093729777410387 0
      vertex -1.572050559127243 -0.22093729777410387 -3.96875
    endloop
  endfacet
  facet normal 0.9914448613738114 -0.1305261922200437 0
    outer loop
      vertex -1.5756670157305985 0.1934675826556716 -3.96875
      vertex -1.572050559127243 0.22093729777410387 -3.96875
      vertex -1.5756670157305985 0.1934675826556716 0
    endloop
  endfacet
  facet normal 0.9914448613738114 -0.1305261922200437 0
    outer loop
      vertex -1.5756670157305985 0.1934675826556716 0
      vertex -1.572050559127243 0.22093729777410387 -3.96875
      vertex -1.572050559127243 0.22093729777410387 0
    endloop
  endfacet
  facet normal 0.989015863361917 0.147809411129609 0
    outer loop
      vertex -1.572050559127243 -0.22093729777410387 -3.96875
      vertex -1.572050559127243 -0.22093729777410387 0
      vertex -1.5679552406947812 -0.2483397132513665 0
    endloop
  endfacet
  facet normal 0.989015863361917 0.147809411129609 0
    outer loop
      vertex -1.572050559127243 -0.22093729777410387 -3.96875
      vertex -1.5679552406947812 -0.2483397132513665 0
      vertex -1.5679552406947812 -0.2483397132513665 -3.96875
    endloop
  endfacet
  facet normal 0.989015863361917 -0.147809411129609 0
    outer loop
      vertex -1.572050559127243 0.22093729777410387 -3.96875
      vertex -1.5679552406947812 0.2483397132513665 -3.96875
      vertex -1.572050559127243 0.22093729777410387 0
    endloop
  endfacet
  facet normal 0.989015863361917 -0.147809411129609 0
    outer loop
      vertex -1.572050559127243 0.22093729777410387 0
      vertex -1.5679552406947812 0.2483397132513665 -3.96875
      vertex -1.5679552406947812 0.2483397132513665 0
    endloop
  endfacet
  facet normal 0.9862856015372294 0.16504760586068903 0
    outer loop
      vertex -1.5679552406947812 -0.2483397132513665 -3.96875
      vertex -1.5679552406947812 -0.2483397132513665 0
      vertex -1.56338230790688 -0.2756664820462519 0
    endloop
  endfacet
  facet normal 0.9862856015372294 0.16504760586068903 0
    outer loop
      vertex -1.5679552406947812 -0.2483397132513665 -3.96875
      vertex -1.56338230790688 -0.2756664820462519 0
      vertex -1.56338230790688 -0.2756664820462519 -3.96875
    endloop
  endfacet
  facet normal 0.9862856015372294 -0.16504760586068903 0
    outer loop
      vertex -1.5679552406947812 0.2483397132513665 -3.96875
      vertex -1.56338230790688 0.2756664820462519 -3.96875
      vertex -1.5679552406947812 0.2483397132513665 0
    endloop
  endfacet
  facet normal 0.9862856015372294 -0.16504760586068903 0
    outer loop
      vertex -1.5679552406947812 0.2483397132513665 0
      vertex -1.56338230790688 0.2756664820462519 -3.96875
      vertex -1.56338230790688 0.2756664820462519 0
    endloop
  endfacet
  facet normal 0.9832549075639553 0.1822355254921434 0
    outer loop
      vertex -1.56338230790688 -0.2756664820462519 -3.96875
      vertex -1.56338230790688 -0.2756664820462519 0
      vertex -1.5583331537231664 -0.30290928016026486 0
    endloop
  endfacet
  facet normal 0.9832549075639553 0.1822355254921434 0
    outer loop
      vertex -1.56338230790688 -0.2756664820462519 -3.96875
      vertex -1.5583331537231664 -0.30290928016026486 0
      vertex -1.5583331537231664 -0.30290928016026486 -3.96875
    endloop
  endfacet
  facet normal 0.9832549075639553 -0.1822355254921434 0
    outer loop
      vertex -1.56338230790688 0.2756664820462519 -3.96875
      vertex -1.5583331537231664 0.30290928016026486 -3.96875
      vertex -1.56338230790688 0.2756664820462519 0
    endloop
  endfacet
  facet normal 0.9832549075639553 -0.1822355254921434 0
    outer loop
      vertex -1.56338230790688 0.2756664820462519 0
      vertex -1.5583331537231664 0.30290928016026486 -3.96875
      vertex -1.5583331537231664 0.30290928016026486 0
    endloop
  endfacet
  facet normal 0.9799247046208299 0.19936793441719552 0
    outer loop
      vertex -1.5583331537231664 -0.30290928016026486 -3.96875
      vertex -1.5583331537231664 -0.30290928016026486 0
      vertex -1.5528093161649164 -0.33005980917319294 0
    endloop
  endfacet
  facet normal 0.9799247046208299 0.19936793441719552 0
    outer loop
      vertex -1.5583331537231664 -0.30290928016026486 -3.96875
      vertex -1.5528093161649164 -0.33005980917319294 0
      vertex -1.5528093161649164 -0.33005980917319294 -3.96875
    endloop
  endfacet
  facet normal 0.9799247046208299 -0.19936793441719552 0
    outer loop
      vertex -1.5583331537231664 0.30290928016026486 -3.96875
      vertex -1.5528093161649164 0.33005980917319294 -3.96875
      vertex -1.5583331537231664 0.30290928016026486 0
    endloop
  endfacet
  facet normal 0.9799247046208299 -0.19936793441719552 0
    outer loop
      vertex -1.5583331537231664 0.30290928016026486 0
      vertex -1.5528093161649164 0.33005980917319294 -3.96875
      vertex -1.5528093161649164 0.33005980917319294 0
    endloop
  endfacet
  facet normal 0.9762960071199334 0.21643961393810254 0
    outer loop
      vertex -1.5528093161649164 -0.33005980917319294 -3.96875
      vertex -1.5528093161649164 -0.33005980917319294 0
      vertex -1.5468124778465608 -0.35710979877088567 0
    endloop
  endfacet
  facet normal 0.9762960071199334 0.21643961393810254 0
    outer loop
      vertex -1.5528093161649164 -0.33005980917319294 -3.96875
      vertex -1.5468124778465608 -0.35710979877088567 0
      vertex -1.5468124778465608 -0.35710979877088567 -3.96875
    endloop
  endfacet
  facet normal 0.9762960071199334 -0.21643961393810254 0
    outer loop
      vertex -1.5528093161649164 0.33005980917319294 -3.96875
      vertex -1.5468124778465608 0.35710979877088567 -3.96875
      vertex -1.5528093161649164 0.33005980917319294 0
    endloop
  endfacet
  facet normal 0.9762960071199334 -0.21643961393810254 0
    outer loop
      vertex -1.5528093161649164 0.33005980917319294 0
      vertex -1.5468124778465608 0.35710979877088567 -3.96875
      vertex -1.5468124778465608 0.35710979877088567 0
    endloop
  endfacet
  facet normal 0.9723699203976773 0.2334453638559022 0
    outer loop
      vertex -1.5468124778465608 -0.35710979877088567 -3.96875
      vertex -1.5468124778465608 -0.35710979877088567 0
      vertex -1.5403444654631444 -0.3840510092644725 0
    endloop
  endfacet
  facet normal 0.9723699203976773 0.2334453638559022 0
    outer loop
      vertex -1.5468124778465608 -0.35710979877088567 -3.96875
      vertex -1.5403444654631444 -0.3840510092644725 0
      vertex -1.5403444654631444 -0.3840510092644725 -3.96875
    endloop
  endfacet
  facet normal 0.9723699203976773 -0.2334453638559022 0
    outer loop
      vertex -1.5468124778465608 0.35710979877088567 -3.96875
      vertex -1.5403444654631444 0.3840510092644725 -3.96875
      vertex -1.5468124778465608 0.35710979877088567 0
    endloop
  endfacet
  facet normal 0.9723699203976773 -0.2334453638559022 0
    outer loop
      vertex -1.5468124778465608 0.35710979877088567 0
      vertex -1.5403444654631444 0.3840510092644725 -3.96875
      vertex -1.5403444654631444 0.3840510092644725 0
    endloop
  endfacet
  facet normal 0.9681476403781079 0.25038000405444105 0
    outer loop
      vertex -1.5403444654631444 -0.3840510092644725 -3.96875
      vertex -1.5403444654631444 -0.3840510092644725 0
      vertex -1.533407249233896 -0.4108752341002517 0
    endloop
  endfacet
  facet normal 0.9681476403781079 0.25038000405444105 0
    outer loop
      vertex -1.5403444654631444 -0.3840510092644725 -3.96875
      vertex -1.533407249233896 -0.4108752341002517 0
      vertex -1.533407249233896 -0.4108752341002517 -3.96875
    endloop
  endfacet
  facet normal 0.9681476403781079 -0.25038000405444105 0
    outer loop
      vertex -1.5403444654631444 0.3840510092644725 -3.96875
      vertex -1.533407249233896 0.4108752341002517 -3.96875
      vertex -1.5403444654631444 0.3840510092644725 0
    endloop
  endfacet
  facet normal 0.9681476403781079 -0.25038000405444105 0
    outer loop
      vertex -1.5403444654631444 0.3840510092644725 0
      vertex -1.533407249233896 0.4108752341002517 -3.96875
      vertex -1.533407249233896 0.4108752341002517 0
    endloop
  endfacet
  facet normal 0.963630453208622 0.26723837607826084 0
    outer loop
      vertex -1.533407249233896 -0.4108752341002517 -3.96875
      vertex -1.533407249233896 -0.4108752341002517 0
      vertex -1.5260029423020811 -0.43757430235948613 0
    endloop
  endfacet
  facet normal 0.963630453208622 0.26723837607826084 0
    outer loop
      vertex -1.533407249233896 -0.4108752341002517 -3.96875
      vertex -1.5260029423020811 -0.43757430235948613 0
      vertex -1.5260029423020811 -0.43757430235948613 -3.96875
    endloop
  endfacet
  facet normal 0.963630453208622 -0.26723837607826084 0
    outer loop
      vertex -1.533407249233896 0.4108752341002517 -3.96875
      vertex -1.5260029423020811 0.43757430235948613 -3.96875
      vertex -1.533407249233896 0.4108752341002517 0
    endloop
  endfacet
  facet normal 0.963630453208622 -0.26723837607826084 0
    outer loop
      vertex -1.533407249233896 0.4108752341002517 0
      vertex -1.5260029423020811 0.43757430235948613 -3.96875
      vertex -1.5260029423020811 0.43757430235948613 0
    endloop
  endfacet
  facet normal 0.9588197348681929 0.2840153447039229 0
    outer loop
      vertex -1.5260029423020811 -0.43757430235948613 -3.96875
      vertex -1.5260029423020811 -0.43757430235948613 0
      vertex -1.5181338000913187 -0.46414008124734457 0
    endloop
  endfacet
  facet normal 0.9588197348681929 0.2840153447039229 0
    outer loop
      vertex -1.5260029423020811 -0.43757430235948613 -3.96875
      vertex -1.5181338000913187 -0.46414008124734457 0
      vertex -1.5181338000913187 -0.46414008124734457 -3.96875
    endloop
  endfacet
  facet normal 0.9588197348681929 -0.2840153447039229 0
    outer loop
      vertex -1.5260029423020811 0.43757430235948613 -3.96875
      vertex -1.5181338000913187 0.46414008124734457 -3.96875
      vertex -1.5260029423020811 0.43757430235948613 0
    endloop
  endfacet
  facet normal 0.9588197348681929 -0.2840153447039229 0
    outer loop
      vertex -1.5260029423020811 0.43757430235948613 0
      vertex -1.5181338000913187 0.46414008124734457 -3.96875
      vertex -1.5181338000913187 0.46414008124734457 0
    endloop
  endfacet
  facet normal 0.9537169507482257 0.30070579950427684 0
    outer loop
      vertex -1.5181338000913187 -0.46414008124734457 -3.96875
      vertex -1.5181338000913187 -0.46414008124734457 0
      vertex -1.509802219618556 -0.49056447857022895 0
    endloop
  endfacet
  facet normal 0.9537169507482257 0.30070579950427684 0
    outer loop
      vertex -1.5181338000913187 -0.46414008124734457 -3.96875
      vertex -1.509802219618556 -0.49056447857022895 0
      vertex -1.509802219618556 -0.49056447857022895 -3.96875
    endloop
  endfacet
  facet normal 0.9537169507482257 -0.30070579950427684 0
    outer loop
      vertex -1.5181338000913187 0.46414008124734457 -3.96875
      vertex -1.509802219618556 0.49056447857022895 -3.96875
      vertex -1.5181338000913187 0.46414008124734457 0
    endloop
  endfacet
  facet normal 0.9537169507482257 -0.30070579950427684 0
    outer loop
      vertex -1.5181338000913187 0.46414008124734457 0
      vertex -1.509802219618556 0.49056447857022895 -3.96875
      vertex -1.509802219618556 0.49056447857022895 0
    endloop
  endfacet
  facet normal 0.9483236552062005 0.31730465640508804 0
    outer loop
      vertex -1.509802219618556 -0.49056447857022895 -3.96875
      vertex -1.509802219618556 -0.49056447857022895 0
      vertex -1.5010107387639153 -0.5168394452007362 0
    endloop
  endfacet
  facet normal 0.9483236552062005 0.31730465640508804 0
    outer loop
      vertex -1.509802219618556 -0.49056447857022895 -3.96875
      vertex -1.5010107387639153 -0.5168394452007362 0
      vertex -1.5010107387639153 -0.5168394452007362 -3.96875
    endloop
  endfacet
  facet normal 0.9483236552062005 -0.31730465640508804 0
    outer loop
      vertex -1.509802219618556 0.49056447857022895 -3.96875
      vertex -1.5010107387639153 0.5168394452007362 -3.96875
      vertex -1.509802219618556 0.49056447857022895 0
    endloop
  endfacet
  facet normal 0.9483236552062005 -0.31730465640508804 0
    outer loop
      vertex -1.509802219618556 0.49056447857022895 0
      vertex -1.5010107387639153 0.5168394452007362 -3.96875
      vertex -1.5010107387639153 0.5168394452007362 0
    endloop
  endfacet
  facet normal 0.9426414910921789 0.33380685923376957 0
    outer loop
      vertex -1.5010107387639153 -0.5168394452007362 -3.96875
      vertex -1.5010107387639153 -0.5168394452007362 0
      vertex -1.4917620354976295 -0.542956977529499 0
    endloop
  endfacet
  facet normal 0.9426414910921789 0.33380685923376957 0
    outer loop
      vertex -1.5010107387639153 -0.5168394452007362 -3.96875
      vertex -1.4917620354976295 -0.542956977529499 0
      vertex -1.4917620354976295 -0.542956977529499 -3.96875
    endloop
  endfacet
  facet normal 0.9426414910921789 -0.33380685923376957 0
    outer loop
      vertex -1.5010107387639153 0.5168394452007362 -3.96875
      vertex -1.4917620354976295 0.542956977529499 -3.96875
      vertex -1.5010107387639153 0.5168394452007362 0
    endloop
  endfacet
  facet normal 0.9426414910921789 -0.33380685923376957 0
    outer loop
      vertex -1.5010107387639153 0.5168394452007362 0
      vertex -1.4917620354976295 0.542956977529499 -3.96875
      vertex -1.4917620354976295 0.542956977529499 0
    endloop
  endfacet
  facet normal 0.9366721892483968 0.3502073812594699 0
    outer loop
      vertex -1.4917620354976295 -0.542956977529499 -3.96875
      vertex -1.4917620354976295 -0.542956977529499 0
      vertex -1.4820589270643076 -0.5689091199031642 0
    endloop
  endfacet
  facet normal 0.9366721892483968 0.3502073812594699 0
    outer loop
      vertex -1.4917620354976295 -0.542956977529499 -3.96875
      vertex -1.4820589270643076 -0.5689091199031642 0
      vertex -1.4820589270643076 -0.5689091199031642 -3.96875
    endloop
  endfacet
  facet normal 0.9366721892483968 -0.3502073812594699 0
    outer loop
      vertex -1.4917620354976295 0.542956977529499 -3.96875
      vertex -1.4820589270643076 0.5689091199031642 -3.96875
      vertex -1.4917620354976295 0.542956977529499 0
    endloop
  endfacet
  facet normal 0.9366721892483968 -0.3502073812594699 0
    outer loop
      vertex -1.4917620354976295 0.542956977529499 0
      vertex -1.4820589270643076 0.5689091199031642 -3.96875
      vertex -1.4820589270643076 0.5689091199031642 0
    endloop
  endfacet
  facet normal 0.9304175679820241 0.3665012267242986 0
    outer loop
      vertex -1.4820589270643076 -0.5689091199031642 -3.96875
      vertex -1.4820589270643076 -0.5689091199031642 0
      vertex -1.4719043691247748 -0.5946879670477603 0
    endloop
  endfacet
  facet normal 0.9304175679820241 0.3665012267242986 0
    outer loop
      vertex -1.4820589270643076 -0.5689091199031642 -3.96875
      vertex -1.4719043691247748 -0.5946879670477603 0
      vertex -1.4719043691247748 -0.5946879670477603 -3.96875
    endloop
  endfacet
  facet normal 0.9304175679820241 -0.3665012267242986 0
    outer loop
      vertex -1.4820589270643076 0.5689091199031642 -3.96875
      vertex -1.4719043691247748 0.5946879670477603 -3.96875
      vertex -1.4820589270643076 0.5689091199031642 0
    endloop
  endfacet
  facet normal 0.9304175679820241 -0.3665012267242986 0
    outer loop
      vertex -1.4820589270643076 0.5689091199031642 0
      vertex -1.4719043691247748 0.5946879670477603 -3.96875
      vertex -1.4719043691247748 0.5946879670477603 0
    endloop
  endfacet
  facet normal 0.9238795325112894 0.3826834323650835 0
    outer loop
      vertex -1.4719043691247748 -0.5946879670477603 -3.96875
      vertex -1.4719043691247748 -0.5946879670477603 0
      vertex -1.461301454855749 -0.6202856664767221 0
    endloop
  endfacet
  facet normal 0.9238795325112894 0.3826834323650835 0
    outer loop
      vertex -1.4719043691247748 -0.5946879670477603 -3.96875
      vertex -1.461301454855749 -0.6202856664767221 0
      vertex -1.461301454855749 -0.6202856664767221 -3.96875
    endloop
  endfacet
  facet normal 0.9238795325112894 -0.3826834323650835 0
    outer loop
      vertex -1.4719043691247748 0.5946879670477603 -3.96875
      vertex -1.461301454855749 0.6202856664767221 -3.96875
      vertex -1.4719043691247748 0.5946879670477603 0
    endloop
  endfacet
  facet normal 0.9238795325112894 -0.3826834323650835 0
    outer loop
      vertex -1.4719043691247748 0.5946879670477603 0
      vertex -1.461301454855749 0.6202856664767221 -3.96875
      vertex -1.461301454855749 0.6202856664767221 0
    endloop
  endfacet
  facet normal 0.9170600743851228 0.39874906892524914 0
    outer loop
      vertex -1.461301454855749 -0.6202856664767221 -3.96875
      vertex -1.461301454855749 -0.6202856664767221 0
      vertex -1.4502534140076289 -0.6456944208828328 0
    endloop
  endfacet
  facet normal 0.9170600743851228 0.39874906892524914 0
    outer loop
      vertex -1.461301454855749 -0.6202856664767221 -3.96875
      vertex -1.4502534140076289 -0.6456944208828328 0
      vertex -1.4502534140076289 -0.6456944208828328 -3.96875
    endloop
  endfacet
  facet normal 0.9170600743851228 -0.39874906892524914 0
    outer loop
      vertex -1.461301454855749 0.6202856664767221 -3.96875
      vertex -1.4502534140076289 0.6456944208828328 -3.96875
      vertex -1.461301454855749 0.6202856664767221 0
    endloop
  endfacet
  facet normal 0.9170600743851228 -0.39874906892524914 0
    outer loop
      vertex -1.461301454855749 0.6202856664767221 0
      vertex -1.4502534140076289 0.6456944208828328 -3.96875
      vertex -1.4502534140076289 0.6456944208828328 0
    endloop
  endfacet
  facet normal 0.9099612708765427 0.41469324265624014 0
    outer loop
      vertex -1.4502534140076289 -0.6456944208828328 -3.96875
      vertex -1.4502534140076289 -0.6456944208828328 0
      vertex -1.4387636119206817 -0.6709064905133604 0
    endloop
  endfacet
  facet normal 0.9099612708765427 0.41469324265624014 0
    outer loop
      vertex -1.4502534140076289 -0.6456944208828328 -3.96875
      vertex -1.4387636119206817 -0.6709064905133604 0
      vertex -1.4387636119206817 -0.6709064905133604 -3.96875
    endloop
  endfacet
  facet normal 0.9099612708765427 -0.41469324265624014 0
    outer loop
      vertex -1.4502534140076289 0.6456944208828328 -3.96875
      vertex -1.4387636119206817 0.6709064905133604 -3.96875
      vertex -1.4502534140076289 0.6456944208828328 0
    endloop
  endfacet
  facet normal 0.9099612708765427 -0.41469324265624014 0
    outer loop
      vertex -1.4502534140076289 0.6456944208828328 0
      vertex -1.4387636119206817 0.6709064905133604 -3.96875
      vertex -1.4387636119206817 0.6709064905133604 0
    endloop
  endfacet
  facet normal 0.902585284349861 0.4305110968082944 0
    outer loop
      vertex -1.4387636119206817 -0.6709064905133604 -3.96875
      vertex -1.4387636119206817 -0.6709064905133604 0
      vertex -1.4268355484999276 -0.6959141955276603 0
    endloop
  endfacet
  facet normal 0.902585284349861 0.4305110968082944 0
    outer loop
      vertex -1.4387636119206817 -0.6709064905133604 -3.96875
      vertex -1.4268355484999276 -0.6959141955276603 0
      vertex -1.4268355484999276 -0.6959141955276603 -3.96875
    endloop
  endfacet
  facet normal 0.902585284349861 -0.4305110968082944 0
    outer loop
      vertex -1.4387636119206817 0.6709064905133604 -3.96875
      vertex -1.4268355484999276 0.6959141955276603 -3.96875
      vertex -1.4387636119206817 0.6709064905133604 0
    endloop
  endfacet
  facet normal 0.902585284349861 -0.4305110968082944 0
    outer loop
      vertex -1.4387636119206817 0.6709064905133604 0
      vertex -1.4268355484999276 0.6959141955276603 -3.96875
      vertex -1.4268355484999276 0.6959141955276603 0
    endloop
  endfacet
  facet normal 0.8949343616020247 0.4461978131098095 0
    outer loop
      vertex -1.4268355484999276 -0.6959141955276603 -3.96875
      vertex -1.4268355484999276 -0.6959141955276603 0
      vertex -1.414472857149034 -0.7207099183365304 0
    endloop
  endfacet
  facet normal 0.8949343616020247 0.4461978131098095 0
    outer loop
      vertex -1.4268355484999276 -0.6959141955276603 -3.96875
      vertex -1.414472857149034 -0.7207099183365304 0
      vertex -1.414472857149034 -0.7207099183365304 -3.96875
    endloop
  endfacet
  facet normal 0.8949343616020247 -0.4461978131098095 0
    outer loop
      vertex -1.4268355484999276 0.6959141955276603 -3.96875
      vertex -1.414472857149034 0.7207099183365304 -3.96875
      vertex -1.4268355484999276 0.6959141955276603 0
    endloop
  endfacet
  facet normal 0.8949343616020247 -0.4461978131098095 0
    outer loop
      vertex -1.4268355484999276 0.6959141955276603 0
      vertex -1.414472857149034 0.7207099183365304 -3.96875
      vertex -1.414472857149034 0.7207099183365304 0
    endloop
  endfacet
  facet normal 0.8870108331782218 0.46174861323503363 0
    outer loop
      vertex -1.414472857149034 -0.7207099183365304 -3.96875
      vertex -1.414472857149034 -0.7207099183365304 0
      vertex -1.4016793036635464 -0.7452861059226016 0
    endloop
  endfacet
  facet normal 0.8870108331782218 0.46174861323503363 0
    outer loop
      vertex -1.414472857149034 -0.7207099183365304 -3.96875
      vertex -1.4016793036635464 -0.7452861059226016 0
      vertex -1.4016793036635464 -0.7452861059226016 -3.96875
    endloop
  endfacet
  facet normal 0.8870108331782218 -0.46174861323503363 0
    outer loop
      vertex -1.414472857149034 0.7207099183365304 -3.96875
      vertex -1.4016793036635464 0.7452861059226016 -3.96875
      vertex -1.414472857149034 0.7207099183365304 0
    endloop
  endfacet
  facet normal 0.8870108331782218 -0.46174861323503363 0
    outer loop
      vertex -1.414472857149034 0.7207099183365304 0
      vertex -1.4016793036635464 0.7452861059226016 -3.96875
      vertex -1.4016793036635464 0.7452861059226016 0
    endloop
  endfacet
  facet normal 0.878817112661964 0.4771587602596107 0
    outer loop
      vertex -1.4016793036635464 -0.7452861059226016 -3.96875
      vertex -1.4016793036635464 -0.7452861059226016 0
      vertex -1.3884587850837906 -0.7696352721410601 0
    endloop
  endfacet
  facet normal 0.878817112661964 0.4771587602596107 0
    outer loop
      vertex -1.4016793036635464 -0.7452861059226016 -3.96875
      vertex -1.3884587850837906 -0.7696352721410601 0
      vertex -1.3884587850837906 -0.7696352721410601 -3.96875
    endloop
  endfacet
  facet normal 0.878817112661964 -0.4771587602596107 0
    outer loop
      vertex -1.4016793036635464 0.7452861059226016 -3.96875
      vertex -1.3884587850837906 0.7696352721410601 -3.96875
      vertex -1.4016793036635464 0.7452861059226016 0
    endloop
  endfacet
  facet normal 0.878817112661964 -0.4771587602596107 0
    outer loop
      vertex -1.4016793036635464 0.7452861059226016 0
      vertex -1.3884587850837906 0.7696352721410601 -3.96875
      vertex -1.3884587850837906 0.7696352721410601 0
    endloop
  endfacet
  facet normal 0.8703556959398998 0.4924235601034669 0
    outer loop
      vertex -1.3884587850837906 -0.7696352721410601 -3.96875
      vertex -1.3884587850837906 -0.7696352721410601 0
      vertex -1.3748153285077962 -0.79375 0
    endloop
  endfacet
  facet normal 0.8703556959398998 0.4924235601034669 0
    outer loop
      vertex -1.3884587850837906 -0.7696352721410601 -3.96875
      vertex -1.3748153285077962 -0.79375 0
      vertex -1.3748153285077962 -0.79375 -3.96875
    endloop
  endfacet
  facet normal 0.8703556959398998 -0.4924235601034669 0
    outer loop
      vertex -1.3884587850837906 0.7696352721410601 -3.96875
      vertex -1.3748153285077962 0.79375 -3.96875
      vertex -1.3884587850837906 0.7696352721410601 0
    endloop
  endfacet
  facet normal 0.8703556959398998 -0.4924235601034669 0
    outer loop
      vertex -1.3884587850837906 0.7696352721410601 0
      vertex -1.3748153285077962 0.79375 -3.96875
      vertex -1.3748153285077962 0.79375 0
    endloop
  endfacet
  facet normal 0.8616291604415262 0.5075383629607034 0
    outer loop
      vertex -1.3748153285077962 -0.79375 -3.96875
      vertex -1.3748153285077962 -0.79375 0
      vertex -1.3607530898646032 -0.8176229439197109 0
    endloop
  endfacet
  facet normal 0.8616291604415262 0.5075383629607034 0
    outer loop
      vertex -1.3748153285077962 -0.79375 -3.96875
      vertex -1.3607530898646032 -0.8176229439197109 0
      vertex -1.3607530898646032 -0.8176229439197109 -3.96875
    endloop
  endfacet
  facet normal 0.8616291604415262 -0.5075383629607034 0
    outer loop
      vertex -1.3748153285077962 0.79375 -3.96875
      vertex -1.3607530898646032 0.8176229439197109 -3.96875
      vertex -1.3748153285077962 0.79375 0
    endloop
  endfacet
  facet normal 0.8616291604415262 -0.5075383629607034 0
    outer loop
      vertex -1.3748153285077962 0.79375 0
      vertex -1.3607530898646032 0.8176229439197109 -3.96875
      vertex -1.3607530898646032 0.8176229439197109 0
    endloop
  endfacet
  facet normal 0.8526401643540922 0.522498564715949 0
    outer loop
      vertex -1.3607530898646032 -0.8176229439197109 -3.96875
      vertex -1.3607530898646032 -0.8176229439197109 0
      vertex -1.3462763526483261 -0.8412468319702128 0
    endloop
  endfacet
  facet normal 0.8526401643540922 0.522498564715949 0
    outer loop
      vertex -1.3607530898646032 -0.8176229439197109 -3.96875
      vertex -1.3462763526483261 -0.8412468319702128 0
      vertex -1.3462763526483261 -0.8412468319702128 -3.96875
    endloop
  endfacet
  facet normal 0.8526401643540922 -0.522498564715949 0
    outer loop
      vertex -1.3607530898646032 0.8176229439197109 -3.96875
      vertex -1.3462763526483261 0.8412468319702128 -3.96875
      vertex -1.3607530898646032 0.8176229439197109 0
    endloop
  endfacet
  facet normal 0.8526401643540922 -0.522498564715949 0
    outer loop
      vertex -1.3607530898646032 0.8176229439197109 0
      vertex -1.3462763526483261 0.8412468319702128 -3.96875
      vertex -1.3462763526483261 0.8412468319702128 0
    endloop
  endfacet
  facet normal 0.8433914458128876 0.5372996083468209 0
    outer loop
      vertex -1.3462763526483261 -0.8412468319702128 -3.96875
      vertex -1.3462763526483261 -0.8412468319702128 0
      vertex -1.3313895266133606 -0.8646144680863554 0
    endloop
  endfacet
  facet normal 0.8433914458128876 0.5372996083468209 0
    outer loop
      vertex -1.3462763526483261 -0.8412468319702128 -3.96875
      vertex -1.3313895266133606 -0.8646144680863554 0
      vertex -1.3313895266133606 -0.8646144680863554 -3.96875
    endloop
  endfacet
  facet normal 0.8433914458128876 -0.5372996083468209 0
    outer loop
      vertex -1.3462763526483261 0.8412468319702128 -3.96875
      vertex -1.3313895266133606 0.8646144680863554 -3.96875
      vertex -1.3462763526483261 0.8412468319702128 0
    endloop
  endfacet
  facet normal 0.8433914458128876 -0.5372996083468209 0
    outer loop
      vertex -1.3462763526483261 0.8412468319702128 0
      vertex -1.3313895266133606 0.8646144680863554 -3.96875
      vertex -1.3313895266133606 0.8646144680863554 0
    endloop
  endfacet
  facet normal 0.8338858220671648 0.5519369853120635 0
    outer loop
      vertex -1.3313895266133606 -0.8646144680863554 -3.96875
      vertex -1.3313895266133606 -0.8646144680863554 0
      vertex -1.3160971464311284 -0.8877187342598106 0
    endloop
  endfacet
  facet normal 0.8338858220671648 0.5519369853120635 0
    outer loop
      vertex -1.3313895266133606 -0.8646144680863554 -3.96875
      vertex -1.3160971464311284 -0.8877187342598106 0
      vertex -1.3160971464311284 -0.8877187342598106 -3.96875
    endloop
  endfacet
  facet normal 0.8338858220671648 -0.5519369853120635 0
    outer loop
      vertex -1.3313895266133606 0.8646144680863554 -3.96875
      vertex -1.3160971464311284 0.8877187342598106 -3.96875
      vertex -1.3313895266133606 0.8646144680863554 0
    endloop
  endfacet
  facet normal 0.8338858220671648 -0.5519369853120635 0
    outer loop
      vertex -1.3313895266133606 0.8646144680863554 0
      vertex -1.3160971464311284 0.8877187342598106 -3.96875
      vertex -1.3160971464311284 0.8877187342598106 0
    endloop
  endfacet
  facet normal 0.8241261886220161 0.5664062369248322 0
    outer loop
      vertex -1.3160971464311284 -0.8877187342598106 -3.96875
      vertex -1.3160971464311284 -0.8877187342598106 0
      vertex -1.3004038703087744 -0.9105525927072855 0
    endloop
  endfacet
  facet normal 0.8241261886220161 0.5664062369248322 0
    outer loop
      vertex -1.3160971464311284 -0.8877187342598106 -3.96875
      vertex -1.3004038703087744 -0.9105525927072855 0
      vertex -1.3004038703087744 -0.9105525927072855 -3.96875
    endloop
  endfacet
  facet normal 0.8241261886220161 -0.5664062369248322 0
    outer loop
      vertex -1.3160971464311284 0.8877187342598106 -3.96875
      vertex -1.3004038703087744 0.9105525927072855 -3.96875
      vertex -1.3160971464311284 0.8877187342598106 0
    endloop
  endfacet
  facet normal 0.8241261886220161 -0.5664062369248322 0
    outer loop
      vertex -1.3160971464311284 0.8877187342598106 0
      vertex -1.3004038703087744 0.9105525927072855 -3.96875
      vertex -1.3004038703087744 0.9105525927072855 0
    endloop
  endfacet
  facet normal 0.8141155183563212 0.580702955710937 0
    outer loop
      vertex -1.3004038703087744 -0.9105525927072855 -3.96875
      vertex -1.3004038703087744 -0.9105525927072855 0
      vertex -1.284314478570229 -0.933109088014301 0
    endloop
  endfacet
  facet normal 0.8141155183563212 0.580702955710937 0
    outer loop
      vertex -1.3004038703087744 -0.9105525927072855 -3.96875
      vertex -1.284314478570229 -0.933109088014301 0
      vertex -1.284314478570229 -0.933109088014301 -3.96875
    endloop
  endfacet
  facet normal 0.8141155183563212 -0.580702955710937 0
    outer loop
      vertex -1.3004038703087744 0.9105525927072855 -3.96875
      vertex -1.284314478570229 0.933109088014301 -3.96875
      vertex -1.3004038703087744 0.9105525927072855 0
    endloop
  endfacet
  facet normal 0.8141155183563212 -0.580702955710937 0
    outer loop
      vertex -1.3004038703087744 0.9105525927072855 0
      vertex -1.284314478570229 0.933109088014301 -3.96875
      vertex -1.284314478570229 0.933109088014301 0
    endloop
  endfacet
  facet normal 0.8038568606172156 0.5948227867513436 0
    outer loop
      vertex -1.284314478570229 -0.933109088014301 -3.96875
      vertex -1.284314478570229 -0.933109088014301 0
      vertex -1.2678338722000773 -0.9553813492538765 0
    endloop
  endfacet
  facet normal 0.8038568606172156 0.5948227867513436 0
    outer loop
      vertex -1.284314478570229 -0.933109088014301 -3.96875
      vertex -1.2678338722000773 -0.9553813492538765 0
      vertex -1.2678338722000773 -0.9553813492538765 -3.96875
    endloop
  endfacet
  facet normal 0.8038568606172156 -0.5948227867513436 0
    outer loop
      vertex -1.284314478570229 0.933109088014301 -3.96875
      vertex -1.2678338722000773 0.9553813492538765 -3.96875
      vertex -1.284314478570229 0.933109088014301 0
    endloop
  endfacet
  facet normal 0.8038568606172156 -0.5948227867513436 0
    outer loop
      vertex -1.284314478570229 0.933109088014301 0
      vertex -1.2678338722000773 0.9553813492538765 -3.96875
      vertex -1.2678338722000773 0.9553813492538765 0
    endloop
  endfacet
  facet normal 0.7933533402912348 0.6087614290087211 0
    outer loop
      vertex -1.2678338722000773 -0.9553813492538765 -3.96875
      vertex -1.2678338722000773 -0.9553813492538765 0
      vertex -1.2509670713506709 -0.9773625920794825 0
    endloop
  endfacet
  facet normal 0.7933533402912348 0.6087614290087211 0
    outer loop
      vertex -1.2678338722000773 -0.9553813492538765 -3.96875
      vertex -1.2509670713506709 -0.9773625920794825 0
      vertex -1.2509670713506709 -0.9773625920794825 -3.96875
    endloop
  endfacet
  facet normal 0.7933533402912348 -0.6087614290087211 0
    outer loop
      vertex -1.2678338722000773 0.9553813492538765 -3.96875
      vertex -1.2509670713506709 0.9773625920794825 -3.96875
      vertex -1.2678338722000773 0.9553813492538765 0
    endloop
  endfacet
  facet normal 0.7933533402912348 -0.6087614290087211 0
    outer loop
      vertex -1.2678338722000773 0.9553813492538765 0
      vertex -1.2509670713506709 0.9773625920794825 -3.96875
      vertex -1.2509670713506709 0.9773625920794825 0
    endloop
  endfacet
  facet normal 0.7826081568524139 0.6225146366376195 0
    outer loop
      vertex -1.2509670713506709 -0.9773625920794825 -3.96875
      vertex -1.2509670713506709 -0.9773625920794825 0
      vertex -1.2337192138129411 -0.9990461207916168 0
    endloop
  endfacet
  facet normal 0.7826081568524139 0.6225146366376195 0
    outer loop
      vertex -1.2509670713506709 -0.9773625920794825 -3.96875
      vertex -1.2337192138129411 -0.9990461207916168 0
      vertex -1.2337192138129411 -0.9990461207916168 -3.96875
    endloop
  endfacet
  facet normal 0.7826081568524139 -0.6225146366376195 0
    outer loop
      vertex -1.2509670713506709 0.9773625920794825 -3.96875
      vertex -1.2337192138129411 0.9990461207916168 -3.96875
      vertex -1.2509670713506709 0.9773625920794825 0
    endloop
  endfacet
  facet normal 0.7826081568524139 -0.6225146366376195 0
    outer loop
      vertex -1.2509670713506709 0.9773625920794825 0
      vertex -1.2337192138129411 0.9990461207916168 -3.96875
      vertex -1.2337192138129411 0.9990461207916168 0
    endloop
  endfacet
  facet normal 0.7716245833877191 0.636078220277765 0
    outer loop
      vertex -1.2337192138129411 -0.9990461207916168 -3.96875
      vertex -1.2337192138129411 -0.9990461207916168 0
      vertex -1.2160955534513775 -1.020425330377381 0
    endloop
  endfacet
  facet normal 0.7716245833877191 0.636078220277765 0
    outer loop
      vertex -1.2337192138129411 -0.9990461207916168 -3.96875
      vertex -1.2160955534513775 -1.020425330377381 0
      vertex -1.2160955534513775 -1.020425330377381 -3.96875
    endloop
  endfacet
  facet normal 0.7716245833877191 -0.636078220277765 0
    outer loop
      vertex -1.2337192138129411 0.9990461207916168 -3.96875
      vertex -1.2160955534513775 1.020425330377381 -3.96875
      vertex -1.2337192138129411 0.9990461207916168 0
    endloop
  endfacet
  facet normal 0.7716245833877191 -0.636078220277765 0
    outer loop
      vertex -1.2337192138129411 0.9990461207916168 0
      vertex -1.2160955534513775 1.020425330377381 -3.96875
      vertex -1.2160955534513775 1.020425330377381 0
    endloop
  endfacet
  facet normal 0.7604059656000346 0.6494480483301793 0
    outer loop
      vertex -1.2160955534513775 -1.020425330377381 -3.96875
      vertex -1.2160955534513775 -1.020425330377381 0
      vertex -1.1981014586036505 -1.0414937085224303 0
    endloop
  endfacet
  facet normal 0.7604059656000346 0.6494480483301793 0
    outer loop
      vertex -1.2160955534513775 -1.020425330377381 -3.96875
      vertex -1.1981014586036505 -1.0414937085224303 0
      vertex -1.1981014586036505 -1.0414937085224303 -3.96875
    endloop
  endfacet
  facet normal 0.7604059656000346 -0.6494480483301793 0
    outer loop
      vertex -1.2160955534513775 1.020425330377381 -3.96875
      vertex -1.1981014586036505 1.0414937085224303 -3.96875
      vertex -1.2160955534513775 1.020425330377381 0
    endloop
  endfacet
  facet normal 0.7604059656000346 -0.6494480483301793 0
    outer loop
      vertex -1.2160955534513775 1.020425330377381 0
      vertex -1.1981014586036505 1.0414937085224303 -3.96875
      vertex -1.1981014586036505 1.0414937085224303 0
    endloop
  endfacet
  facet normal 0.7489557207890025 0.6626200482157371 0
    outer loop
      vertex -1.1981014586036505 -1.0414937085224303 -3.96875
      vertex -1.1981014586036505 -1.0414937085224303 0
      vertex -1.1797424104453633 -1.0622448375946874 0
    endloop
  endfacet
  facet normal 0.7489557207890025 0.6626200482157371 0
    outer loop
      vertex -1.1981014586036505 -1.0414937085224303 -3.96875
      vertex -1.1797424104453633 -1.0622448375946874 0
      vertex -1.1797424104453633 -1.0622448375946874 -3.96875
    endloop
  endfacet
  facet normal 0.7489557207890025 -0.6626200482157371 0
    outer loop
      vertex -1.1981014586036505 1.0414937085224303 -3.96875
      vertex -1.1797424104453633 1.0622448375946874 -3.96875
      vertex -1.1981014586036505 1.0414937085224303 0
    endloop
  endfacet
  facet normal 0.7489557207890025 -0.6626200482157371 0
    outer loop
      vertex -1.1981014586036505 1.0414937085224303 0
      vertex -1.1797424104453633 1.0622448375946874 -3.96875
      vertex -1.1797424104453633 1.0622448375946874 0
    endloop
  endfacet
  facet normal 0.7372773368101192 0.6755902076156656 0
    outer loop
      vertex -1.1797424104453633 -1.0622448375946874 -3.96875
      vertex -1.1797424104453633 -1.0622448375946874 0
      vertex -1.161024001320433 -1.0826723965992162 0
    endloop
  endfacet
  facet normal 0.7372773368101192 0.6755902076156656 0
    outer loop
      vertex -1.1797424104453633 -1.0622448375946874 -3.96875
      vertex -1.161024001320433 -1.0826723965992162 0
      vertex -1.161024001320433 -1.0826723965992162 -3.96875
    endloop
  endfacet
  facet normal 0.7372773368101192 -0.6755902076156656 0
    outer loop
      vertex -1.1797424104453633 1.0622448375946874 -3.96875
      vertex -1.161024001320433 1.0826723965992162 -3.96875
      vertex -1.1797424104453633 1.0622448375946874 0
    endloop
  endfacet
  facet normal 0.7372773368101192 -0.6755902076156656 0
    outer loop
      vertex -1.1797424104453633 1.0622448375946874 0
      vertex -1.161024001320433 1.0826723965992162 -3.96875
      vertex -1.161024001320433 1.0826723965992162 0
    endloop
  endfacet
  facet normal 0.7253743710122933 0.6883545756937479 0
    outer loop
      vertex -1.161024001320433 -1.0826723965992162 -3.96875
      vertex -1.161024001320433 -1.0826723965992162 0
      vertex -1.1419519330376087 -1.1027701631036582 0
    endloop
  endfacet
  facet normal 0.7253743710122933 0.6883545756937479 0
    outer loop
      vertex -1.161024001320433 -1.0826723965992162 -3.96875
      vertex -1.1419519330376087 -1.1027701631036582 0
      vertex -1.1419519330376087 -1.1027701631036582 -3.96875
    endloop
  endfacet
  facet normal 0.7253743710122933 -0.6883545756937479 0
    outer loop
      vertex -1.161024001320433 1.0826723965992162 -3.96875
      vertex -1.1419519330376087 1.1027701631036582 -3.96875
      vertex -1.161024001320433 1.0826723965992162 0
    endloop
  endfacet
  facet normal 0.7253743710122933 -0.6883545756937479 0
    outer loop
      vertex -1.161024001320433 1.0826723965992162 0
      vertex -1.1419519330376087 1.1027701631036582 -3.96875
      vertex -1.1419519330376087 1.1027701631036582 0
    endloop
  endfacet
  facet normal 0.7132504491541826 0.7009092642998498 0
    outer loop
      vertex -1.1419519330376087 -1.1027701631036582 -3.96875
      vertex -1.1419519330376087 -1.1027701631036582 0
      vertex -1.1225320151336442 -1.1225320151336442 0
    endloop
  endfacet
  facet normal 0.7132504491541826 0.7009092642998498 0
    outer loop
      vertex -1.1419519330376087 -1.1027701631036582 -3.96875
      vertex -1.1225320151336442 -1.1225320151336442 0
      vertex -1.1225320151336442 -1.1225320151336442 -3.96875
    endloop
  endfacet
  facet normal 0.7132504491541826 -0.7009092642998498 0
    outer loop
      vertex -1.1419519330376087 1.1027701631036582 -3.96875
      vertex -1.1225320151336442 1.1225320151336442 -3.96875
      vertex -1.1419519330376087 1.1027701631036582 0
    endloop
  endfacet
  facet normal 0.7132504491541826 -0.7009092642998498 0
    outer loop
      vertex -1.1419519330376087 1.1027701631036582 0
      vertex -1.1225320151336442 1.1225320151336442 -3.96875
      vertex -1.1225320151336442 1.1225320151336442 0
    endloop
  endfacet
  facet normal 0.7009092642998498 0.7132504491541826 0
    outer loop
      vertex -1.1225320151336442 -1.1225320151336442 -3.96875
      vertex -1.1225320151336442 -1.1225320151336442 0
      vertex -1.1027701631036582 -1.1419519330376087 -3.96875
    endloop
  endfacet
  facet normal 0.7009092642998498 0.7132504491541826 0
    outer loop
      vertex -1.1225320151336442 -1.1225320151336442 0
      vertex -1.1027701631036582 -1.1419519330376087 0
      vertex -1.1027701631036582 -1.1419519330376087 -3.96875
    endloop
  endfacet
  facet normal 0.7009092642998498 -0.7132504491541826 0
    outer loop
      vertex -1.1225320151336442 1.1225320151336442 -3.96875
      vertex -1.1027701631036582 1.1419519330376087 -3.96875
      vertex -1.1027701631036582 1.1419519330376087 0
    endloop
  endfacet
  facet normal 0.7009092642998498 -0.7132504491541826 0
    outer loop
      vertex -1.1225320151336442 1.1225320151336442 -3.96875
      vertex -1.1027701631036582 1.1419519330376087 0
      vertex -1.1225320151336442 1.1225320151336442 0
    endloop
  endfacet
  facet normal 0.6883545756937479 0.7253743710122933 0
    outer loop
      vertex -1.1027701631036582 -1.1419519330376087 -3.96875
      vertex -1.1027701631036582 -1.1419519330376087 0
      vertex -1.0826723965992162 -1.161024001320433 -3.96875
    endloop
  endfacet
  facet normal 0.6883545756937479 0.7253743710122933 0
    outer loop
      vertex -1.1027701631036582 -1.1419519330376087 0
      vertex -1.0826723965992162 -1.161024001320433 0
      vertex -1.0826723965992162 -1.161024001320433 -3.96875
    endloop
  endfacet
  facet normal 0.6883545756937479 -0.7253743710122933 0
    outer loop
      vertex -1.1027701631036582 1.1419519330376087 -3.96875
      vertex -1.0826723965992162 1.161024001320433 -3.96875
      vertex -1.0826723965992162 1.161024001320433 0
    endloop
  endfacet
  facet normal 0.6883545756937479 -0.7253743710122933 0
    outer loop
      vertex -1.1027701631036582 1.1419519330376087 -3.96875
      vertex -1.0826723965992162 1.161024001320433 0
      vertex -1.1027701631036582 1.1419519330376087 0
    endloop
  endfacet
  facet normal 0.6755902076156656 0.7372773368101192 0
    outer loop
      vertex -1.0826723965992162 -1.161024001320433 -3.96875
      vertex -1.0826723965992162 -1.161024001320433 0
      vertex -1.0622448375946874 -1.1797424104453633 -3.96875
    endloop
  endfacet
  facet normal 0.6755902076156656 0.7372773368101192 0
    outer loop
      vertex -1.0826723965992162 -1.161024001320433 0
      vertex -1.0622448375946874 -1.1797424104453633 0
      vertex -1.0622448375946874 -1.1797424104453633 -3.96875
    endloop
  endfacet
  facet normal 0.6755902076156656 -0.7372773368101192 0
    outer loop
      vertex -1.0826723965992162 1.161024001320433 -3.96875
      vertex -1.0622448375946874 1.1797424104453633 -3.96875
      vertex -1.0622448375946874 1.1797424104453633 0
    endloop
  endfacet
  facet normal 0.6755902076156656 -0.7372773368101192 0
    outer loop
      vertex -1.0826723965992162 1.161024001320433 -3.96875
      vertex -1.0622448375946874 1.1797424104453633 0
      vertex -1.0826723965992162 1.161024001320433 0
    endloop
  endfacet
  facet normal 0.6626200482157371 0.7489557207890025 0
    outer loop
      vertex -1.0622448375946874 -1.1797424104453633 -3.96875
      vertex -1.0622448375946874 -1.1797424104453633 0
      vertex -1.0414937085224303 -1.1981014586036505 -3.96875
    endloop
  endfacet
  facet normal 0.6626200482157371 0.7489557207890025 0
    outer loop
      vertex -1.0622448375946874 -1.1797424104453633 0
      vertex -1.0414937085224303 -1.1981014586036505 0
      vertex -1.0414937085224303 -1.1981014586036505 -3.96875
    endloop
  endfacet
  facet normal 0.6626200482157371 -0.7489557207890025 0
    outer loop
      vertex -1.0622448375946874 1.1797424104453633 -3.96875
      vertex -1.0414937085224303 1.1981014586036505 -3.96875
      vertex -1.0414937085224303 1.1981014586036505 0
    endloop
  endfacet
  facet normal 0.6626200482157371 -0.7489557207890025 0
    outer loop
      vertex -1.0622448375946874 1.1797424104453633 -3.96875
      vertex -1.0414937085224303 1.1981014586036505 0
      vertex -1.0622448375946874 1.1797424104453633 0
    endloop
  endfacet
  facet normal 0.6494480483301793 0.7604059656000346 0
    outer loop
      vertex -1.0414937085224303 -1.1981014586036505 -3.96875
      vertex -1.0414937085224303 -1.1981014586036505 0
      vertex -1.020425330377381 -1.2160955534513775 -3.96875
    endloop
  endfacet
  facet normal 0 0 -1
    outer loop
      vertex -1.0414937085224303 -1.1981014586036505 -3.96875
      vertex -1.020425330377381 -1.2160955534513775 -3.96875
      vertex -1.0082536376148779 -1.9543180824910287 -3.96875
    endloop
  endfacet
  facet normal 0.6494480483301793 0.7604059656000346 0
    outer loop
      vertex -1.0414937085224303 -1.1981014586036505 0
      vertex -1.020425330377381 -1.2160955534513775 0
      vertex -1.020425330377381 -1.2160955534513775 -3.96875
    endloop
  endfacet
  facet normal 0.6494480483301793 -0.7604059656000346 0
    outer loop
      vertex -1.0414937085224303 1.1981014586036505 -3.96875
      vertex -1.020425330377381 1.2160955534513775 -3.96875
      vertex -1.020425330377381 1.2160955534513775 0
    endloop
  endfacet
  facet normal 0.6494480483301793 -0.7604059656000346 0
    outer loop
      vertex -1.0414937085224303 1.1981014586036505 -3.96875
      vertex -1.020425330377381 1.2160955534513775 0
      vertex -1.0414937085224303 1.1981014586036505 0
    endloop
  endfacet
  facet normal 0.636078220277765 0.7716245833877191 0
    outer loop
      vertex -1.020425330377381 -1.2160955534513775 -3.96875
      vertex -1.020425330377381 -1.2160955534513775 0
      vertex -0.9990461207916168 -1.2337192138129411 -3.96875
    endloop
  endfacet
  facet normal 0 0 -1
    outer loop
      vertex -1.020425330377381 -1.2160955534513775 -3.96875
      vertex -0.9990461207916168 -1.2337192138129411 -3.96875
      vertex -1.0082536376148779 -1.9543180824910287 -3.96875
    endloop
  endfacet
  facet normal 0.636078220277765 0.7716245833877191 0
    outer loop
      vertex -1.020425330377381 -1.2160955534513775 0
      vertex -0.9990461207916168 -1.2337192138129411 0
      vertex -0.9990461207916168 -1.2337192138129411 -3.96875
    endloop
  endfacet
  facet normal 0.636078220277765 -0.7716245833877191 0
    outer loop
      vertex -1.020425330377381 1.2160955534513775 -3.96875
      vertex -0.9990461207916168 1.2337192138129411 -3.96875
      vertex -0.9990461207916168 1.2337192138129411 0
    endloop
  endfacet
  facet normal 0.636078220277765 -0.7716245833877191 0
    outer loop
      vertex -1.020425330377381 1.2160955534513775 -3.96875
      vertex -0.9990461207916168 1.2337192138129411 0
      vertex -1.020425330377381 1.2160955534513775 0
    endloop
  endfacet
  facet normal 0 0 -1
    outer loop
      vertex -1.0082536376148779 -1.9543180824910287 -3.96875
      vertex -0.9990461207916168 -1.2337192138129411 -3.96875
      vertex -0.9778058581114103 -1.2506144816282367 -3.96875
    endloop
  endfacet
  facet normal 0 0 -1
    outer loop
      vertex -1.0082536376148779 -1.9543180824910287 -3.96875
      vertex -0.9778058581114103 -1.2506144816282367 -3.96875
      vertex -0.97287613210861 -1.986634294417379 -3.96875
    endloop
  endfacet
  facet normal 0 0 -1
    outer loop
      vertex -1.0082536376148779 -1.9543180824910287 -3.96875
      vertex -0.97287613210861 -1.986634294417379 -3.96875
      vertex -1.0000543427378015 -2.071137169529827 -3.96875
    endloop
  endfacet
  facet normal 0 0 -1
    outer loop
      vertex -1.0000543427378015 -2.071137169529827 -3.96875
      vertex -0.97287613210861 -1.986634294417379 -3.96875
      vertex -0.9720220020036087 -2.0845079101842945 -3.96875
    endloop
  endfacet
  facet normal -0.43051109680828703 -0.9025852843498645 0
    outer loop
      vertex -1.0000543427378015 -2.071137169529827 -3.96875
      vertex -0.9720220020036087 -2.0845079101842945 -3.96875
      vertex -1.0000543427378015 -2.071137169529827 0
    endloop
  endfacet
  facet normal -0.43051109680828703 -0.9025852843498645 0
    outer loop
      vertex -1.0000543427378015 -2.071137169529827 0
      vertex -0.9720220020036087 -2.0845079101842945 -3.96875
      vertex -0.9720220020036087 -2.0845079101842945 0
    endloop
  endfacet
  facet normal 0 0 1
    outer loop
      vertex -1.0000543427378015 -2.071137169529827 0
      vertex -0.9720220020036087 -2.0845079101842945 0
      vertex -0.8691186012092474 -2.1294065561306925 0
    endloop
  endfacet
  facet normal -0.43051109680828703 0.9025852843498645 0
    outer loop
      vertex -1.0000543427378015 2.071137169529827 -3.96875
      vertex -1.0000543427378015 2.071137169529827 0
      vertex -0.9720220020036087 2.0845079101842945 0
    endloop
  endfacet
  facet normal 0 0 -1
    outer loop
      vertex -1.0000543427378015 2.071137169529827 -3.96875
      vertex -0.9944698514489717 1.237359342812427 -3.96875
      vertex -0.9990461207916168 1.2337192138129411 -3.96875
    endloop
  endfacet
  facet normal 0 0 -1
    outer loop
      vertex -1.0000543427378015 2.071137169529827 -3.96875
      vertex -0.9773625920794825 1.2509670713506709 -3.96875
      vertex -0.9944698514489717 1.237359342812427 -3.96875
    endloop
  endfacet
  facet normal 0 0 -1
    outer loop
      vertex -1.0000543427378015 2.071137169529827 -3.96875
      vertex -0.9720220020036087 2.0845079101842945 -3.96875
      vertex -0.9553813492538765 1.2678338722000773 -3.96875
    endloop
  endfacet
  facet normal -0.43051109680828703 0.9025852843498645 0
    outer loop
      vertex -1.0000543427378015 2.071137169529827 -3.96875
      vertex -0.9720220020036087 2.0845079101842945 0
      vertex -0.9720220020036087 2.0845079101842945 -3.96875
    endloop
  endfacet
  facet normal 0 0 -1
    outer loop
      vertex -1.0000543427378015 2.071137169529827 -3.96875
      vertex -0.9553813492538765 1.2678338722000773 -3.96875
      vertex -0.9773625920794825 1.2509670713506709 -3.96875
    endloop
  endfacet
  facet normal 0 0 1
    outer loop
      vertex -1.0000543427378015 2.071137169529827 0
      vertex -0.9720298492282529 2.0836087073050584 0
      vertex -0.9720220020036087 2.0845079101842945 0
    endloop
  endfacet
  facet normal 0 0 1
    outer loop
      vertex -1.0000543427378015 2.071137169529827 0
      vertex -0.933109088014301 1.284314478570229 0
      vertex -0.9105525927072855 1.3004038703087744 0
    endloop
  endfacet
  facet normal 0 0 1
    outer loop
      vertex -1.0000543427378015 2.071137169529827 0
      vertex -0.9105525927072855 1.3004038703087744 0
      vertex -0.9720298492282529 2.0836087073050584 0
    endloop
  endfacet
  facet normal 0.6225146366376211 0.7826081568524127 0
    outer loop
      vertex -0.9990461207916168 -1.2337192138129411 -3.96875
      vertex -0.9990461207916168 -1.2337192138129411 0
      vertex -0.9778058581114103 -1.2506144816282367 -3.96875
    endloop
  endfacet
  facet normal 0.6225146366375452 0.782608156852473 -6.511337658027087e-16
    outer loop
      vertex -0.9990461207916168 -1.2337192138129411 0
      vertex -0.9773625920794825 -1.2509670713506709 -3.96875
      vertex -0.9778058581114103 -1.2506144816282367 -3.96875
    endloop
  endfacet
  facet normal 0.6225146366376195 0.7826081568524139 0
    outer loop
      vertex -0.9990461207916168 -1.2337192138129411 0
      vertex -0.9773625920794825 -1.2509670713506709 0
      vertex -0.9773625920794825 -1.2509670713506709 -3.96875
    endloop
  endfacet
  facet normal 0.622514636637626 -0.7826081568524088 -5.723021952443285e-17
    outer loop
      vertex -0.9990461207916168 1.2337192138129411 -3.96875
      vertex -0.9944698514489717 1.237359342812427 -3.96875
      vertex -0.9773625920794825 1.2509670713506709 0
    endloop
  endfacet
  facet normal 0.6225146366376195 -0.7826081568524139 0
    outer loop
      vertex -0.9990461207916168 1.2337192138129411 -3.96875
      vertex -0.9773625920794825 1.2509670713506709 0
      vertex -0.9990461207916168 1.2337192138129411 0
    endloop
  endfacet
  facet normal 0.6225146366376179 -0.7826081568524152 0
    outer loop
      vertex -0.9944698514489717 1.237359342812427 -3.96875
      vertex -0.9773625920794825 1.2509670713506709 -3.96875
      vertex -0.9773625920794825 1.2509670713506709 0
    endloop
  endfacet
  facet normal 0 0 -1
    outer loop
      vertex -0.9778058581114103 -1.2506144816282367 -3.96875
      vertex -0.9773625920794825 -1.2509670713506709 -3.96875
      vertex -0.97287613210861 -1.986634294417379 -3.96875
    endloop
  endfacet
  facet normal 0.6087614290087211 0.7933533402912348 0
    outer loop
      vertex -0.9773625920794825 -1.2509670713506709 -3.96875
      vertex -0.9773625920794825 -1.2509670713506709 0
      vertex -0.9553813492538765 -1.2678338722000773 -3.96875
    endloop
  endfacet
  facet normal 0 0 -1
    outer loop
      vertex -0.9773625920794825 -1.2509670713506709 -3.96875
      vertex -0.9720220020036087 -2.0845079101842945 -3.96875
      vertex -0.97287613210861 -1.986634294417379 -3.96875
    endloop
  endfacet
  facet normal 0 0 -1
    outer loop
      vertex -0.9773625920794825 -1.2509670713506709 -3.96875
      vertex -0.9553813492538765 -1.2678338722000773 -3.96875
      vertex -0.9720220020036087 -2.0845079101842945 -3.96875
    endloop
  endfacet
  facet normal 0.6087614290087211 0.7933533402912348 0
    outer loop
      vertex -0.9773625920794825 -1.2509670713506709 0
      vertex -0.9553813492538765 -1.2678338722000773 0
      vertex -0.9553813492538765 -1.2678338722000773 -3.96875
    endloop
  endfacet
  facet normal 0.6087614290087211 -0.7933533402912348 0
    outer loop
      vertex -0.9773625920794825 1.2509670713506709 -3.96875
      vertex -0.9553813492538765 1.2678338722000773 -3.96875
      vertex -0.9553813492538765 1.2678338722000773 0
    endloop
  endfacet
  facet normal 0.6087614290087211 -0.7933533402912348 0
    outer loop
      vertex -0.9773625920794825 1.2509670713506709 -3.96875
      vertex -0.9553813492538765 1.2678338722000773 0
      vertex -0.9773625920794825 1.2509670713506709 0
    endloop
  endfacet
  facet normal 0 0 1
    outer loop
      vertex -0.9720298492282529 2.0836087073050584 0
      vertex -0.9354942790743404 2.101154552577982 0
      vertex -0.9720220020036087 2.0845079101842945 0
    endloop
  endfacet
  facet normal 0 0 1
    outer loop
      vertex -0.9720298492282529 2.0836087073050584 0
      vertex -0.9105525927072855 1.3004038703087744 0
      vertex -0.8877187342598106 1.3160971464311284 0
    endloop
  endfacet
  facet normal 0 0 1
    outer loop
      vertex -0.9720298492282529 2.0836087073050584 0
      vertex -0.8986815955253296 2.117161162940613 0
      vertex -0.9354942790743404 2.101154552577982 0
    endloop
  endfacet
  facet normal 0 0 1
    outer loop
      vertex -0.9720298492282529 2.0836087073050584 0
      vertex -0.8877187342598106 1.3160971464311284 0
      vertex -0.8646144680863554 1.3313895266133606 0
    endloop
  endfacet
  facet normal 0 0 1
    outer loop
      vertex -0.9720298492282529 2.0836087073050584 0
      vertex -0.8691186012092474 2.1294065561306925 0
      vertex -0.8986815955253296 2.117161162940613 0
    endloop
  endfacet
  facet normal 0 0 1
    outer loop
      vertex -0.9720298492282529 2.0836087073050584 0
      vertex -0.8646144680863554 1.3313895266133606 0
      vertex -0.8412468319702128 1.3462763526483261 0
    endloop
  endfacet
  facet normal 0 0 1
    outer loop
      vertex -0.9720298492282529 2.0836087073050584 0
      vertex -0.8412468319702128 1.3462763526483261 0
      vertex -0.8691186012092474 2.1294065561306925 0
    endloop
  endfacet
  facet normal 0 0 -1
    outer loop
      vertex -0.9720220020036087 -2.0845079101842945 -3.96875
      vertex -0.9553813492538765 -1.2678338722000773 -3.96875
      vertex -0.9354942790743404 -2.101154552577982 -3.96875
    endloop
  endfacet
  facet normal -0.4146932426562413 -0.9099612708765422 0
    outer loop
      vertex -0.9720220020036087 -2.0845079101842945 -3.96875
      vertex -0.9354942790743404 -2.101154552577982 -3.96875
      vertex -0.9720220020036087 -2.0845079101842945 0
    endloop
  endfacet
  facet normal -0.4146932426562413 -0.9099612708765422 0
    outer loop
      vertex -0.9720220020036087 -2.0845079101842945 0
      vertex -0.9354942790743404 -2.101154552577982 -3.96875
      vertex -0.9354942790743404 -2.101154552577982 0
    endloop
  endfacet
  facet normal 0 0 1
    outer loop
      vertex -0.9720220020036087 -2.0845079101842945 0
      vertex -0.9354942790743404 -2.101154552577982 0
      vertex -0.8691186012092474 -2.1294065561306925 0
    endloop
  endfacet
  facet normal -0.4146932426562413 0.9099612708765422 0
    outer loop
      vertex -0.9720220020036087 2.0845079101842945 -3.96875
      vertex -0.9720220020036087 2.0845079101842945 0
      vertex -0.9354942790743404 2.101154552577982 0
    endloop
  endfacet
  facet normal 0 0 -1
    outer loop
      vertex -0.9720220020036087 2.0845079101842945 -3.96875
      vertex -0.9354942790743404 2.101154552577982 -3.96875
      vertex -0.933109088014301 1.284314478570229 -3.96875
    endloop
  endfacet
  facet normal -0.4146932426562413 0.9099612708765422 0
    outer loop
      vertex -0.9720220020036087 2.0845079101842945 -3.96875
      vertex -0.9354942790743404 2.101154552577982 0
      vertex -0.9354942790743404 2.101154552577982 -3.96875
    endloop
  endfacet
  facet normal 0 0 -1
    outer loop
      vertex -0.9720220020036087 2.0845079101842945 -3.96875
      vertex -0.933109088014301 1.284314478570229 -3.96875
      vertex -0.9553813492538765 1.2678338722000773 -3.96875
    endloop
  endfacet
  facet normal 0.5948227867513436 0.8038568606172156 0
    outer loop
      vertex -0.9553813492538765 -1.2678338722000773 -3.96875
      vertex -0.9553813492538765 -1.2678338722000773 0
      vertex -0.933109088014301 -1.284314478570229 -3.96875
    endloop
  endfacet
  facet normal 0 0 -1
    outer loop
      vertex -0.9553813492538765 -1.2678338722000773 -3.96875
      vertex -0.933109088014301 -1.284314478570229 -3.96875
      vertex -0.9354942790743404 -2.101154552577982 -3.96875
    endloop
  endfacet
  facet normal 0.5948227867513436 0.8038568606172156 0
    outer loop
      vertex -0.9553813492538765 -1.2678338722000773 0
      vertex -0.933109088014301 -1.284314478570229 0
      vertex -0.933109088014301 -1.284314478570229 -3.96875
    endloop
  endfacet
  facet normal 0.5948227867513436 -0.8038568606172156 0
    outer loop
      vertex -0.9553813492538765 1.2678338722000773 -3.96875
      vertex -0.933109088014301 1.284314478570229 -3.96875
      vertex -0.933109088014301 1.284314478570229 0
    endloop
  endfacet
  facet normal 0.5948227867513436 -0.8038568606172156 0
    outer loop
      vertex -0.9553813492538765 1.2678338722000773 -3.96875
      vertex -0.933109088014301 1.284314478570229 0
      vertex -0.9553813492538765 1.2678338722000773 0
    endloop
  endfacet
  facet normal 0 0 -1
    outer loop
      vertex -0.9354942790743404 -2.101154552577982 -3.96875
      vertex -0.933109088014301 -1.284314478570229 -3.96875
      vertex -0.9105525927072855 -1.3004038703087744 -3.96875
    endloop
  endfacet
  facet normal 0 0 -1
    outer loop
      vertex -0.9354942790743404 -2.101154552577982 -3.96875
      vertex -0.9105525927072855 -1.3004038703087744 -3.96875
      vertex -0.8986815955253296 -2.117161162940613 -3.96875
    endloop
  endfacet
  facet normal -0.39874906892525447 -0.9170600743851204 0
    outer loop
      vertex -0.9354942790743404 -2.101154552577982 -3.96875
      vertex -0.8986815955253296 -2.117161162940613 -3.96875
      vertex -0.9354942790743404 -2.101154552577982 0
    endloop
  endfacet
  facet normal -0.39874906892525447 -0.9170600743851204 0
    outer loop
      vertex -0.9354942790743404 -2.101154552577982 0
      vertex -0.8986815955253296 -2.117161162940613 -3.96875
      vertex -0.8986815955253296 -2.117161162940613 0
    endloop
  endfacet
  facet normal 0 0 1
    outer loop
      vertex -0.9354942790743404 -2.101154552577982 0
      vertex -0.8986815955253296 -2.117161162940613 0
      vertex -0.8691186012092474 -2.1294065561306925 0
    endloop
  endfacet
  facet normal -0.39874906892525447 0.9170600743851204 0
    outer loop
      vertex -0.9354942790743404 2.101154552577982 -3.96875
      vertex -0.9354942790743404 2.101154552577982 0
      vertex -0.8986815955253296 2.117161162940613 0
    endloop
  endfacet
  facet normal 0 0 -1
    outer loop
      vertex -0.9354942790743404 2.101154552577982 -3.96875
      vertex -0.9105525927072855 1.3004038703087744 -3.96875
      vertex -0.933109088014301 1.284314478570229 -3.96875
    endloop
  endfacet
  facet normal 0 0 -1
    outer loop
      vertex -0.9354942790743404 2.101154552577982 -3.96875
      vertex -0.8986815955253296 2.117161162940613 -3.96875
      vertex -0.8877187342598106 1.3160971464311284 -3.96875
    endloop
  endfacet
  facet normal -0.39874906892525447 0.9170600743851204 0
    outer loop
      vertex -0.9354942790743404 2.101154552577982 -3.96875
      vertex -0.8986815955253296 2.117161162940613 0
      vertex -0.8986815955253296 2.117161162940613 -3.96875
    endloop
  endfacet
  facet normal 0 0 -1
    outer loop
      vertex -0.9354942790743404 2.101154552577982 -3.96875
      vertex -0.8877187342598106 1.3160971464311284 -3.96875
      vertex -0.9105525927072855 1.3004038703087744 -3.96875
    endloop
  endfacet
  facet normal 0.580702955710937 0.8141155183563212 0
    outer loop
      vertex -0.933109088014301 -1.284314478570229 -3.96875
      vertex -0.933109088014301 -1.284314478570229 0
      vertex -0.9105525927072855 -1.3004038703087744 -3.96875
    endloop
  endfacet
  facet normal 0.580702955710937 0.8141155183563212 0
    outer loop
      vertex -0.933109088014301 -1.284314478570229 0
      vertex -0.9105525927072855 -1.3004038703087744 0
      vertex -0.9105525927072855 -1.3004038703087744 -3.96875
    endloop
  endfacet
  facet normal 0 0 1
    outer loop
      vertex -0.933109088014301 -1.284314478570229 0
      vertex -0.7666666666666666 -2.168368197542551 0
      vertex -0.9105525927072855 -1.3004038703087744 0
    endloop
  endfacet
  facet normal 0.580702955710937 -0.8141155183563212 0
    outer loop
      vertex -0.933109088014301 1.284314478570229 -3.96875
      vertex -0.9105525927072855 1.3004038703087744 -3.96875
      vertex -0.9105525927072855 1.3004038703087744 0
    endloop
  endfacet
  facet normal 0.580702955710937 -0.8141155183563212 0
    outer loop
      vertex -0.933109088014301 1.284314478570229 -3.96875
      vertex -0.9105525927072855 1.3004038703087744 0
      vertex -0.933109088014301 1.284314478570229 0
    endloop
  endfacet
  facet normal 0.5664062369248322 0.8241261886220161 0
    outer loop
      vertex -0.9105525927072855 -1.3004038703087744 -3.96875
      vertex -0.9105525927072855 -1.3004038703087744 0
      vertex -0.8877187342598106 -1.3160971464311284 -3.96875
    endloop
  endfacet
  facet normal 0 0 -1
    outer loop
      vertex -0.9105525927072855 -1.3004038703087744 -3.96875
      vertex -0.8877187342598106 -1.3160971464311284 -3.96875
      vertex -0.8619843174443717 -2.0879303957762536 -3.96875
    endloop
  endfacet
  facet normal 0 0 -1
    outer loop
      vertex -0.9105525927072855 -1.3004038703087744 -3.96875
      vertex -0.8619843174443717 -2.0879303957762536 -3.96875
      vertex -0.8986815955253296 -2.117161162940613 -3.96875
    endloop
  endfacet
  facet normal 0.5664062369248322 0.8241261886220161 0
    outer loop
      vertex -0.9105525927072855 -1.3004038703087744 0
      vertex -0.8877187342598106 -1.3160971464311284 0
      vertex -0.8877187342598106 -1.3160971464311284 -3.96875
    endloop
  endfacet
  facet normal 0 0 1
    outer loop
      vertex -0.9105525927072855 -1.3004038703087744 0
      vertex -0.7666666666666666 -2.168368197542551 0
      vertex -0.8877187342598106 -1.3160971464311284 0
    endloop
  endfacet
  facet normal 0.5664062369248322 -0.8241261886220161 0
    outer loop
      vertex -0.9105525927072855 1.3004038703087744 -3.96875
      vertex -0.8877187342598106 1.3160971464311284 -3.96875
      vertex -0.8877187342598106 1.3160971464311284 0
    endloop
  endfacet
  facet normal 0.5664062369248322 -0.8241261886220161 0
    outer loop
      vertex -0.9105525927072855 1.3004038703087744 -3.96875
      vertex -0.8877187342598106 1.3160971464311284 0
      vertex -0.9105525927072855 1.3004038703087744 0
    endloop
  endfacet
  facet normal -0.38268343236508273 -0.9238795325112897 0
    outer loop
      vertex -0.8986815955253296 -2.117161162940613 -3.96875
      vertex -0.8691186012092474 -2.1294065561306925 -3.96875
      vertex -0.8986815955253296 -2.117161162940613 0
    endloop
  endfacet
  facet normal 0 0 -1
    outer loop
      vertex -0.8986815955253296 -2.117161162940613 -3.96875
      vertex -0.8619843174443717 -2.0879303957762536 -3.96875
      vertex -0.8691186012092474 -2.1294065561306925 -3.96875
    endloop
  endfacet
  facet normal -0.38268343236508273 -0.9238795325112897 0
    outer loop
      vertex -0.8986815955253296 -2.117161162940613 0
      vertex -0.8691186012092474 -2.1294065561306925 -3.96875
      vertex -0.8691186012092474 -2.1294065561306925 0
    endloop
  endfacet
  facet normal -0.38268343236508273 0.9238795325112897 0
    outer loop
      vertex -0.8986815955253296 2.117161162940613 -3.96875
      vertex -0.8986815955253296 2.117161162940613 0
      vertex -0.8691186012092474 2.1294065561306925 0
    endloop
  endfacet
  facet normal 0 0 -1
    outer loop
      vertex -0.8986815955253296 2.117161162940613 -3.96875
      vertex -0.8691186012092474 2.1294065561306925 -3.96875
      vertex -0.8676914813112677 1.329352895988183 -3.96875
    endloop
  endfacet
  facet normal -0.38268343236508273 0.9238795325112897 0
    outer loop
      vertex -0.8986815955253296 2.117161162940613 -3.96875
      vertex -0.8691186012092474 2.1294065561306925 0
      vertex -0.8691186012092474 2.1294065561306925 -3.96875
    endloop
  endfacet
  facet normal 0 0 -1
    outer loop
      vertex -0.8986815955253296 2.117161162940613 -3.96875
      vertex -0.8676914813112677 1.329352895988183 -3.96875
      vertex -0.8877187342598106 1.3160971464311284 -3.96875
    endloop
  endfacet
  facet normal 0.5519369853120635 0.8338858220671648 0
    outer loop
      vertex -0.8877187342598106 -1.3160971464311284 -3.96875
      vertex -0.8877187342598106 -1.3160971464311284 0
      vertex -0.8646144680863554 -1.3313895266133606 -3.96875
    endloop
  endfacet
  facet normal 0 0 -1
    outer loop
      vertex -0.8877187342598106 -1.3160971464311284 -3.96875
      vertex -0.8646144680863554 -1.3313895266133606 -3.96875
      vertex -0.8615951648565976 -2.0882858741322945 -3.96875
    endloop
  endfacet
  facet normal 0 0 -1
    outer loop
      vertex -0.8877187342598106 -1.3160971464311284 -3.96875
      vertex -0.8615951648565976 -2.0882858741322945 -3.96875
      vertex -0.8619843174443717 -2.0879303957762536 -3.96875
    endloop
  endfacet
  facet normal 0.5519369853120635 0.8338858220671648 0
    outer loop
      vertex -0.8877187342598106 -1.3160971464311284 0
      vertex -0.8646144680863554 -1.3313895266133606 0
      vertex -0.8646144680863554 -1.3313895266133606 -3.96875
    endloop
  endfacet
  facet normal 0 0 1
    outer loop
      vertex -0.8877187342598106 -1.3160971464311284 0
      vertex -0.7666666666666666 -2.168368197542551 0
      vertex -0.8646144680863554 -1.3313895266133606 0
    endloop
  endfacet
  facet normal 0.5519369853120661 -0.833885822067163 -2.2180756221705082e-17
    outer loop
      vertex -0.8877187342598106 1.3160971464311284 -3.96875
      vertex -0.8676914813112677 1.329352895988183 -3.96875
      vertex -0.8646144680863554 1.3313895266133606 0
    endloop
  endfacet
  facet normal 0.5519369853120635 -0.8338858220671648 0
    outer loop
      vertex -0.8877187342598106 1.3160971464311284 -3.96875
      vertex -0.8646144680863554 1.3313895266133606 0
      vertex -0.8877187342598106 1.3160971464311284 0
    endloop
  endfacet
  facet normal 0 0 -1
    outer loop
      vertex -0.8691186012092474 -2.1294065561306925 -3.96875
      vertex -0.8619843174443717 -2.0879303957762536 -3.96875
      vertex -0.8615951648565976 -2.0882858741322945 -3.96875
    endloop
  endfacet
  facet normal 0 0 -1
    outer loop
      vertex -0.8691186012092474 -2.1294065561306925 -3.96875
      vertex -0.8615951648565976 -2.0882858741322945 -3.96875
      vertex -0.786646329649038 -2.156749221322544 -3.96875
    endloop
  endfacet
  facet normal 0 0 -1
    outer loop
      vertex -0.8691186012092474 -2.1294065561306925 -3.96875
      vertex -0.786646329649038 -2.156749221322544 -3.96875
      vertex -0.7785229492860117 -2.164169667665868 -3.96875
    endloop
  endfacet
  facet normal 0 0 -1
    outer loop
      vertex -0.8691186012092474 -2.1294065561306925 -3.96875
      vertex -0.7785229492860117 -2.164169667665868 -3.96875
      vertex -0.7666666666666666 -2.175 -3.96875
    endloop
  endfacet
  facet normal -0.40657963372528294 -0.9136153465435083 0
    outer loop
      vertex -0.8691186012092474 -2.1294065561306925 -3.96875
      vertex -0.7666666666666666 -2.175 -3.96875
      vertex -0.7666666666666666 -2.175 0
    endloop
  endfacet
  facet normal -0.40657963372528294 -0.9136153465435083 0
    outer loop
      vertex -0.8691186012092474 -2.1294065561306925 -3.96875
      vertex -0.7666666666666666 -2.175 0
      vertex -0.8691186012092474 -2.1294065561306925 0
    endloop
  endfacet
  facet normal -0.40657963372528294 0.9136153465435083 0
    outer loop
      vertex -0.8691186012092474 2.1294065561306925 -3.96875
      vertex -0.8691186012092474 2.1294065561306925 0
      vertex -0.7666666666666666 2.175 -3.96875
    endloop
  endfacet
  facet normal 0 0 -1
    outer loop
      vertex -0.8691186012092474 2.1294065561306925 -3.96875
      vertex -0.8646144680863554 1.3313895266133606 -3.96875
      vertex -0.8676914813112677 1.329352895988183 -3.96875
    endloop
  endfacet
  facet normal 0 0 -1
    outer loop
      vertex -0.8691186012092474 2.1294065561306925 -3.96875
      vertex -0.8412468319702128 1.3462763526483261 -3.96875
      vertex -0.8646144680863554 1.3313895266133606 -3.96875
    endloop
  endfacet
  facet normal 0 0 -1
    outer loop
      vertex -0.8691186012092474 2.1294065561306925 -3.96875
      vertex -0.8176229439197109 1.3607530898646032 -3.96875
      vertex -0.8412468319702128 1.3462763526483261 -3.96875
    endloop
  endfacet
  facet normal 0 0 -1
    outer loop
      vertex -0.8691186012092474 2.1294065561306925 -3.96875
      vertex -0.79375 1.3748153285077962 -3.96875
      vertex -0.8176229439197109 1.3607530898646032 -3.96875
    endloop
  endfacet
  facet normal 0 0 -1
    outer loop
      vertex -0.8691186012092474 2.1294065561306925 -3.96875
      vertex -0.7696352721410601 1.3884587850837906 -3.96875
      vertex -0.79375 1.3748153285077962 -3.96875
    endloop
  endfacet
  facet normal 0 0 -1
    outer loop
      vertex -0.8691186012092474 2.1294065561306925 -3.96875
      vertex -0.7666666666666666 1.3900706063460904 -3.96875
      vertex -0.7696352721410601 1.3884587850837906 -3.96875
    endloop
  endfacet
  facet normal 0 0 -1
    outer loop
      vertex -0.8691186012092474 2.1294065561306925 -3.96875
      vertex -0.7666666666666666 2.168368197542551 -3.96875
      vertex -0.7666666666666666 1.3900706063460904 -3.96875
    endloop
  endfacet
  facet normal 0 0 -1
    outer loop
      vertex -0.8691186012092474 2.1294065561306925 -3.96875
      vertex -0.7666666666666666 2.175 -3.96875
      vertex -0.7666666666666666 2.168368197542551 -3.96875
    endloop
  endfacet
  facet normal 0 0 1
    outer loop
      vertex -0.8691186012092474 2.1294065561306925 0
      vertex -0.8412468319702128 1.3462763526483261 0
      vertex -0.8176229439197109 1.3607530898646032 0
    endloop
  endfacet
  facet normal 0 0 1
    outer loop
      vertex -0.8691186012092474 2.1294065561306925 0
      vertex -0.8176229439197109 1.3607530898646032 0
      vertex -0.79375 1.3748153285077962 0
    endloop
  endfacet
  facet normal 0 0 1
    outer loop
      vertex -0.8691186012092474 2.1294065561306925 0
      vertex -0.79375 1.3748153285077962 0
      vertex -0.7696352721410601 1.3884587850837906 0
    endloop
  endfacet
  facet normal 0 0 1
    outer loop
      vertex -0.8691186012092474 2.1294065561306925 0
      vertex -0.7696352721410601 1.3884587850837906 0
      vertex -0.7666666666666666 1.3900706063460904 0
    endloop
  endfacet
  facet normal 0 0 1
    outer loop
      vertex -0.8691186012092474 2.1294065561306925 0
      vertex -0.7666666666666666 1.3900706063460904 0
      vertex -0.7666666666666666 2.168368197542551 0
    endloop
  endfacet
  facet normal 0 0 1
    outer loop
      vertex -0.8691186012092474 2.1294065561306925 0
      vertex -0.7666666666666666 2.168368197542551 0
      vertex -0.7666666666666666 2.175 0
    endloop
  endfacet
  facet normal -0.40657963372528294 0.9136153465435083 0
    outer loop
      vertex -0.8691186012092474 2.1294065561306925 0
      vertex -0.7666666666666666 2.175 0
      vertex -0.7666666666666666 2.175 -3.96875
    endloop
  endfacet
  facet normal 0.5519369853120462 -0.8338858220671762 0
    outer loop
      vertex -0.8676914813112677 1.329352895988183 -3.96875
      vertex -0.8646144680863554 1.3313895266133606 -3.96875
      vertex -0.8646144680863554 1.3313895266133606 0
    endloop
  endfacet
  facet normal 0.5372996083468394 0.8433914458128757 0
    outer loop
      vertex -0.8646144680863554 -1.3313895266133606 -3.96875
      vertex -0.8646144680863554 -1.3313895266133606 0
      vertex -0.8629434026060798 -1.3324541127347063 -3.96875
    endloop
  endfacet
  facet normal 0 0 -1
    outer loop
      vertex -0.8646144680863554 -1.3313895266133606 -3.96875
      vertex -0.8629434026060798 -1.3324541127347063 -3.96875
      vertex -0.8615951648565976 -2.0882858741322945 -3.96875
    endloop
  endfacet
  facet normal 0.5372996083468193 0.8433914458128885 -1.1847122129914134e-17
    outer loop
      vertex -0.8646144680863554 -1.3313895266133606 0
      vertex -0.8412468319702128 -1.3462763526483261 -3.96875
      vertex -0.8629434026060798 -1.3324541127347063 -3.96875
    endloop
  endfacet
  facet normal 0.5372996083468209 0.8433914458128876 0
    outer loop
      vertex -0.8646144680863554 -1.3313895266133606 0
      vertex -0.8412468319702128 -1.3462763526483261 0
      vertex -0.8412468319702128 -1.3462763526483261 -3.96875
    endloop
  endfacet
  facet normal 0 0 1
    outer loop
      vertex -0.8646144680863554 -1.3313895266133606 0
      vertex -0.7666666666666666 -2.168368197542551 0
      vertex -0.8412468319702128 -1.3462763526483261 0
    endloop
  endfacet
  facet normal 0.5372996083468209 -0.8433914458128876 0
    outer loop
      vertex -0.8646144680863554 1.3313895266133606 -3.96875
      vertex -0.8412468319702128 1.3462763526483261 -3.96875
      vertex -0.8412468319702128 1.3462763526483261 0
    endloop
  endfacet
  facet normal 0.5372996083468209 -0.8433914458128876 0
    outer loop
      vertex -0.8646144680863554 1.3313895266133606 -3.96875
      vertex -0.8412468319702128 1.3462763526483261 0
      vertex -0.8646144680863554 1.3313895266133606 0
    endloop
  endfacet
  facet normal 0 0 -1
    outer loop
      vertex -0.8629434026060798 -1.3324541127347063 -3.96875
      vertex -0.8412468319702128 -1.3462763526483261 -3.96875
      vertex -0.8615951648565976 -2.0882858741322945 -3.96875
    endloop
  endfacet
  facet normal 0 0 -1
    outer loop
      vertex -0.8615951648565976 -2.0882858741322945 -3.96875
      vertex -0.8412468319702128 -1.3462763526483261 -3.96875
      vertex -0.8176229439197109 -1.3607530898646032 -3.96875
    endloop
  endfacet
  facet normal 0 0 -1
    outer loop
      vertex -0.8615951648565976 -2.0882858741322945 -3.96875
      vertex -0.8176229439197109 -1.3607530898646032 -3.96875
      vertex -0.79375 -1.3748153285077962 -3.96875
    endloop
  endfacet
  facet normal 0 0 -1
    outer loop
      vertex -0.8615951648565976 -2.0882858741322945 -3.96875
      vertex -0.79375 -1.3748153285077962 -3.96875
      vertex -0.7790271087119826 -1.3831451396147743 -3.96875
    endloop
  endfacet
  facet normal 0 0 -1
    outer loop
      vertex -0.8615951648565976 -2.0882858741322945 -3.96875
      vertex -0.7790271087119826 -1.3831451396147743 -3.96875
      vertex -0.786646329649038 -2.156749221322544 -3.96875
    endloop
  endfacet
  facet normal 0.522498564715949 0.8526401643540922 0
    outer loop
      vertex -0.8412468319702128 -1.3462763526483261 -3.96875
      vertex -0.8412468319702128 -1.3462763526483261 0
      vertex -0.8176229439197109 -1.3607530898646032 -3.96875
    endloop
  endfacet
  facet normal 0.522498564715949 0.8526401643540922 0
    outer loop
      vertex -0.8412468319702128 -1.3462763526483261 0
      vertex -0.8176229439197109 -1.3607530898646032 0
      vertex -0.8176229439197109 -1.3607530898646032 -3.96875
    endloop
  endfacet
  facet normal 0 0 1
    outer loop
      vertex -0.8412468319702128 -1.3462763526483261 0
      vertex -0.7666666666666666 -2.168368197542551 0
      vertex -0.8176229439197109 -1.3607530898646032 0
    endloop
  endfacet
  facet normal 0.522498564715949 -0.8526401643540922 0
    outer loop
      vertex -0.8412468319702128 1.3462763526483261 -3.96875
      vertex -0.8176229439197109 1.3607530898646032 -3.96875
      vertex -0.8176229439197109 1.3607530898646032 0
    endloop
  endfacet
  facet normal 0.522498564715949 -0.8526401643540922 0
    outer loop
      vertex -0.8412468319702128 1.3462763526483261 -3.96875
      vertex -0.8176229439197109 1.3607530898646032 0
      vertex -0.8412468319702128 1.3462763526483261 0
    endloop
  endfacet
  facet normal 0.5075383629607034 0.8616291604415262 0
    outer loop
      vertex -0.8176229439197109 -1.3607530898646032 -3.96875
      vertex -0.8176229439197109 -1.3607530898646032 0
      vertex -0.79375 -1.3748153285077962 -3.96875
    endloop
  endfacet
  facet normal 0.5075383629607034 0.8616291604415262 0
    outer loop
      vertex -0.8176229439197109 -1.3607530898646032 0
      vertex -0.79375 -1.3748153285077962 0
      vertex -0.79375 -1.3748153285077962 -3.96875
    endloop
  endfacet
  facet normal 0 0 1
    outer loop
      vertex -0.8176229439197109 -1.3607530898646032 0
      vertex -0.7666666666666666 -2.168368197542551 0
      vertex -0.79375 -1.3748153285077962 0
    endloop
  endfacet
  facet normal 0.5075383629607034 -0.8616291604415262 0
    outer loop
      vertex -0.8176229439197109 1.3607530898646032 -3.96875
      vertex -0.79375 1.3748153285077962 -3.96875
      vertex -0.79375 1.3748153285077962 0
    endloop
  endfacet
  facet normal 0.5075383629607034 -0.8616291604415262 0
    outer loop
      vertex -0.8176229439197109 1.3607530898646032 -3.96875
      vertex -0.79375 1.3748153285077962 0
      vertex -0.8176229439197109 1.3607530898646032 0
    endloop
  endfacet
  facet normal 0.4924235601034642 0.8703556959399013 0
    outer loop
      vertex -0.79375 -1.3748153285077962 -3.96875
      vertex -0.79375 -1.3748153285077962 0
      vertex -0.7790271087119826 -1.3831451396147743 -3.96875
    endloop
  endfacet
  facet normal 0.4924235601034711 0.8703556959398974 3.4177205375040775e-17
    outer loop
      vertex -0.79375 -1.3748153285077962 0
      vertex -0.7696352721410601 -1.3884587850837906 -3.96875
      vertex -0.7790271087119826 -1.3831451396147743 -3.96875
    endloop
  endfacet
  facet normal 0.4924235601034669 0.8703556959398998 0
    outer loop
      vertex -0.79375 -1.3748153285077962 0
      vertex -0.7696352721410601 -1.3884587850837906 0
      vertex -0.7696352721410601 -1.3884587850837906 -3.96875
    endloop
  endfacet
  facet normal 0 0 1
    outer loop
      vertex -0.79375 -1.3748153285077962 0
      vertex -0.7666666666666666 -2.168368197542551 0
      vertex -0.7696352721410601 -1.3884587850837906 0
    endloop
  endfacet
  facet normal 0.4924235601034669 -0.8703556959398998 0
    outer loop
      vertex -0.79375 1.3748153285077962 -3.96875
      vertex -0.7696352721410601 1.3884587850837906 -3.96875
      vertex -0.7696352721410601 1.3884587850837906 0
    endloop
  endfacet
  facet normal 0.4924235601034669 -0.8703556959398998 0
    outer loop
      vertex -0.79375 1.3748153285077962 -3.96875
      vertex -0.7696352721410601 1.3884587850837906 0
      vertex -0.79375 1.3748153285077962 0
    endloop
  endfacet
  facet normal 0 0 -1
    outer loop
      vertex -0.786646329649038 -2.156749221322544 -3.96875
      vertex -0.7790271087119826 -1.3831451396147743 -3.96875
      vertex -0.7785229492860117 -2.164169667665868 -3.96875
    endloop
  endfacet
  facet normal 0 0 -1
    outer loop
      vertex -0.7790271087119826 -1.3831451396147743 -3.96875
      vertex -0.7696352721410601 -1.3884587850837906 -3.96875
      vertex -0.7785229492860117 -2.164169667665868 -3.96875
    endloop
  endfacet
  facet normal 0 0 -1
    outer loop
      vertex -0.7785229492860117 -2.164169667665868 -3.96875
      vertex -0.7696352721410601 -1.3884587850837906 -3.96875
      vertex -0.7666666666666666 -2.168368197542551 -3.96875
    endloop
  endfacet
  facet normal 0 0 -1
    outer loop
      vertex -0.7785229492860117 -2.164169667665868 -3.96875
      vertex -0.7666666666666666 -2.168368197542551 -3.96875
      vertex -0.7666666666666666 -2.175 -3.96875
    endloop
  endfacet
  facet normal 0.4771587602596107 0.878817112661964 0
    outer loop
      vertex -0.7696352721410601 -1.3884587850837906 -3.96875
      vertex -0.7696352721410601 -1.3884587850837906 0
      vertex -0.7452861059226016 -1.4016793036635464 -3.96875
    endloop
  endfacet
  facet normal 0 0 -1
    outer loop
      vertex -0.7696352721410601 -1.3884587850837906 -3.96875
      vertex -0.7488067552514603 -2.1746927238784286 -3.96875
      vertex -0.7666666666666666 -2.168368197542551 -3.96875
    endloop
  endfacet
  facet normal 0 0 -1
    outer loop
      vertex -0.7696352721410601 -1.3884587850837906 -3.96875
      vertex -0.7452861059226016 -1.4016793036635464 -3.96875
      vertex -0.7488067552514603 -2.1746927238784286 -3.96875
    endloop
  endfacet
  facet normal 0 0 1
    outer loop
      vertex -0.7696352721410601 -1.3884587850837906 0
      vertex -0.7666666666666666 -2.168368197542551 0
      vertex -0.7666666666666666 -1.3900706063460904 0
    endloop
  endfacet
  facet normal 0.4771587602595956 0.8788171126619723 -1.2029830993926475e-16
    outer loop
      vertex -0.7696352721410601 -1.3884587850837906 0
      vertex -0.7666666666666666 -1.3900706063460904 0
      vertex -0.7452861059226016 -1.4016793036635464 -3.96875
    endloop
  endfacet
  facet normal 0.4771587602595956 -0.8788171126619723 1.2029830993926475e-16
    outer loop
      vertex -0.7696352721410601 1.3884587850837906 -3.96875
      vertex -0.7666666666666666 1.3900706063460904 -3.96875
      vertex -0.7452861059226016 1.4016793036635464 0
    endloop
  endfacet
  facet normal 0.4771587602595956 -0.8788171126619723 0
    outer loop
      vertex -0.7696352721410601 1.3884587850837906 -3.96875
      vertex -0.7666666666666666 1.3900706063460904 0
      vertex -0.7696352721410601 1.3884587850837906 0
    endloop
  endfacet
  facet normal 0.47715876025961285 -0.878817112661963 -1.670293991447876e-17
    outer loop
      vertex -0.7696352721410601 1.3884587850837906 -3.96875
      vertex -0.7452861059226016 1.4016793036635464 0
      vertex -0.7666666666666666 1.3900706063460904 0
    endloop
  endfacet
  facet normal 1 0 0
    outer loop
      vertex -0.7666666666666666 -2.175 -3.96875
      vertex -0.7666666666666666 -2.168368197542551 -3.96875
      vertex -0.7666666666666666 -2.168368197542551 0
    endloop
  endfacet
  facet normal 1 0 0
    outer loop
      vertex -0.7666666666666666 -2.175 -3.96875
      vertex -0.7666666666666666 -2.168368197542551 0
      vertex -0.7666666666666666 -2.175 0
    endloop
  endfacet
  facet normal -0.3338068592337805 -0.942641491092175 0
    outer loop
      vertex -0.7666666666666666 -2.168368197542551 -3.96875
      vertex -0.7488067552514603 -2.1746927238784286 -3.96875
      vertex -0.7666666666666666 -2.168368197542551 0
    endloop
  endfacet
  facet normal -0.3338068592337805 -0.942641491092175 0
    outer loop
      vertex -0.7666666666666666 -2.168368197542551 0
      vertex -0.7488067552514603 -2.1746927238784286 -3.96875
      vertex -0.7488067552514603 -2.1746927238784286 0
    endloop
  endfacet
  facet normal 0 0 1
    outer loop
      vertex -0.7666666666666666 -2.168368197542551 0
      vertex -0.7488067552514603 -2.1746927238784286 0
      vertex -0.7452861059226016 -1.4016793036635464 0
    endloop
  endfacet
  facet normal 0 0 1
    outer loop
      vertex -0.7666666666666666 -2.168368197542551 0
      vertex -0.7452861059226016 -1.4016793036635464 0
      vertex -0.7666666666666666 -1.3900706063460904 0
    endloop
  endfacet
  facet normal 0.47715876025961285 0.878817112661963 0
    outer loop
      vertex -0.7666666666666666 -1.3900706063460904 0
      vertex -0.7452861059226016 -1.4016793036635464 0
      vertex -0.7452861059226016 -1.4016793036635464 -3.96875
    endloop
  endfacet
  facet normal 0 0 -1
    outer loop
      vertex -0.7666666666666666 1.3900706063460904 -3.96875
      vertex -0.7666666666666666 2.168368197542551 -3.96875
      vertex -0.7452861059226016 1.4016793036635464 -3.96875
    endloop
  endfacet
  facet normal 0.47715876025961285 -0.878817112661963 0
    outer loop
      vertex -0.7666666666666666 1.3900706063460904 -3.96875
      vertex -0.7452861059226016 1.4016793036635464 -3.96875
      vertex -0.7452861059226016 1.4016793036635464 0
    endloop
  endfacet
  facet normal 0 0 1
    outer loop
      vertex -0.7666666666666666 1.3900706063460904 0
      vertex -0.7488067552514603 2.1746927238784286 0
      vertex -0.7666666666666666 2.168368197542551 0
    endloop
  endfacet
  facet normal 0 0 1
    outer loop
      vertex -0.7666666666666666 1.3900706063460904 0
      vertex -0.7452861059226016 1.4016793036635464 0
      vertex -0.7488067552514603 2.1746927238784286 0
    endloop
  endfacet
  facet normal -0.3338068592337805 0.942641491092175 0
    outer loop
      vertex -0.7666666666666666 2.168368197542551 -3.96875
      vertex -0.7666666666666666 2.168368197542551 0
      vertex -0.7488067552514603 2.1746927238784286 0
    endloop
  endfacet
  facet normal 1 0 0
    outer loop
      vertex -0.7666666666666666 2.168368197542551 -3.96875
      vertex -0.7666666666666666 2.175 -3.96875
      vertex -0.7666666666666666 2.175 0
    endloop
  endfacet
  facet normal 1 0 0
    outer loop
      vertex -0.7666666666666666 2.168368197542551 -3.96875
      vertex -0.7666666666666666 2.175 0
      vertex -0.7666666666666666 2.168368197542551 0
    endloop
  endfacet
  facet normal 0 0 -1
    outer loop
      vertex -0.7666666666666666 2.168368197542551 -3.96875
      vertex -0.7488067552514603 2.1746927238784286 -3.96875
      vertex -0.7452861059226016 1.4016793036635464 -3.96875
    endloop
  endfacet
  facet normal -0.3338068592337805 0.942641491092175 0
    outer loop
      vertex -0.7666666666666666 2.168368197542551 -3.96875
      vertex -0.7488067552514603 2.1746927238784286 0
      vertex -0.7488067552514603 2.1746927238784286 -3.96875
    endloop
  endfacet
  facet normal 0 0 -1
    outer loop
      vertex -0.7488067552514603 -2.1746927238784286 -3.96875
      vertex -0.7452861059226016 -1.4016793036635464 -3.96875
      vertex -0.7207099183365304 -1.414472857149034 -3.96875
    endloop
  endfacet
  facet normal 0 0 -1
    outer loop
      vertex -0.7488067552514603 -2.1746927238784286 -3.96875
      vertex -0.7207099183365304 -1.414472857149034 -3.96875
      vertex -0.710739087062379 -2.1874299874788528 -3.96875
    endloop
  endfacet
  facet normal -0.3173046564050825 -0.9483236552062027 0
    outer loop
      vertex -0.7488067552514603 -2.1746927238784286 -3.96875
      vertex -0.710739087062379 -2.1874299874788528 -3.96875
      vertex -0.7488067552514603 -2.1746927238784286 0
    endloop
  endfacet
  facet normal 0 0 1
    outer loop
      vertex -0.7488067552514603 -2.1746927238784286 0
      vertex -0.7207099183365304 -1.414472857149034 0
      vertex -0.7452861059226016 -1.4016793036635464 0
    endloop
  endfacet
  facet normal -0.3173046564050825 -0.9483236552062027 0
    outer loop
      vertex -0.7488067552514603 -2.1746927238784286 0
      vertex -0.710739087062379 -2.1874299874788528 -3.96875
      vertex -0.710739087062379 -2.1874299874788528 0
    endloop
  endfacet
  facet normal 0 0 1
    outer loop
      vertex -0.7488067552514603 -2.1746927238784286 0
      vertex -0.710739087062379 -2.1874299874788528 0
      vertex -0.6959141955276603 -1.4268355484999276 0
    endloop
  endfacet
  facet normal 0 0 1
    outer loop
      vertex -0.7488067552514603 -2.1746927238784286 0
      vertex -0.6959141955276603 -1.4268355484999276 0
      vertex -0.7207099183365304 -1.414472857149034 0
    endloop
  endfacet
  facet normal -0.3173046564050825 0.9483236552062027 0
    outer loop
      vertex -0.7488067552514603 2.1746927238784286 -3.96875
      vertex -0.7488067552514603 2.1746927238784286 0
      vertex -0.710739087062379 2.1874299874788528 0
    endloop
  endfacet
  facet normal 0 0 -1
    outer loop
      vertex -0.7488067552514603 2.1746927238784286 -3.96875
      vertex -0.7207099183365304 1.414472857149034 -3.96875
      vertex -0.7452861059226016 1.4016793036635464 -3.96875
    endloop
  endfacet
  facet normal 0 0 -1
    outer loop
      vertex -0.7488067552514603 2.1746927238784286 -3.96875
      vertex -0.710739087062379 2.1874299874788528 -3.96875
      vertex -0.6959141955276603 1.4268355484999276 -3.96875
    endloop
  endfacet
  facet normal -0.3173046564050825 0.9483236552062027 0
    outer loop
      vertex -0.7488067552514603 2.1746927238784286 -3.96875
      vertex -0.710739087062379 2.1874299874788528 0
      vertex -0.710739087062379 2.1874299874788528 -3.96875
    endloop
  endfacet
  facet normal 0 0 -1
    outer loop
      vertex -0.7488067552514603 2.1746927238784286 -3.96875
      vertex -0.6959141955276603 1.4268355484999276 -3.96875
      vertex -0.7207099183365304 1.414472857149034 -3.96875
    endloop
  endfacet
  facet normal 0 0 1
    outer loop
      vertex -0.7488067552514603 2.1746927238784286 0
      vertex -0.7452861059226016 1.4016793036635464 0
      vertex -0.7207099183365304 1.414472857149034 0
    endloop
  endfacet
  facet normal 0 0 1
    outer loop
      vertex -0.7488067552514603 2.1746927238784286 0
      vertex -0.7207099183365304 1.414472857149034 0
      vertex -0.710739087062379 2.1874299874788528 0
    endloop
  endfacet
  facet normal 0.46174861323503363 0.8870108331782218 0
    outer loop
      vertex -0.7452861059226016 -1.4016793036635464 -3.96875
      vertex -0.7452861059226016 -1.4016793036635464 0
      vertex -0.7207099183365304 -1.414472857149034 -3.96875
    endloop
  endfacet
  facet normal 0.46174861323503363 0.8870108331782218 0
    outer loop
      vertex -0.7452861059226016 -1.4016793036635464 0
      vertex -0.7207099183365304 -1.414472857149034 0
      vertex -0.7207099183365304 -1.414472857149034 -3.96875
    endloop
  endfacet
  facet normal 0.46174861323503363 -0.8870108331782218 0
    outer loop
      vertex -0.7452861059226016 1.4016793036635464 -3.96875
      vertex -0.7207099183365304 1.414472857149034 -3.96875
      vertex -0.7207099183365304 1.414472857149034 0
    endloop
  endfacet
  facet normal 0.46174861323503363 -0.8870108331782218 0
    outer loop
      vertex -0.7452861059226016 1.4016793036635464 -3.96875
      vertex -0.7207099183365304 1.414472857149034 0
      vertex -0.7452861059226016 1.4016793036635464 0
    endloop
  endfacet
  facet normal 0.4461978131098095 0.8949343616020247 0
    outer loop
      vertex -0.7207099183365304 -1.414472857149034 -3.96875
      vertex -0.7207099183365304 -1.414472857149034 0
      vertex -0.6959141955276603 -1.4268355484999276 -3.96875
    endloop
  endfacet
  facet normal 0 0 -1
    outer loop
      vertex -0.7207099183365304 -1.414472857149034 -3.96875
      vertex -0.6959141955276603 -1.4268355484999276 -3.96875
      vertex -0.710739087062379 -2.1874299874788528 -3.96875
    endloop
  endfacet
  facet normal 0.4461978131098095 0.8949343616020247 0
    outer loop
      vertex -0.7207099183365304 -1.414472857149034 0
      vertex -0.6959141955276603 -1.4268355484999276 0
      vertex -0.6959141955276603 -1.4268355484999276 -3.96875
    endloop
  endfacet
  facet normal 0.4461978131098095 -0.8949343616020247 0
    outer loop
      vertex -0.7207099183365304 1.414472857149034 -3.96875
      vertex -0.6959141955276603 1.4268355484999276 -3.96875
      vertex -0.6959141955276603 1.4268355484999276 0
    endloop
  endfacet
  facet normal 0.4461978131098095 -0.8949343616020247 0
    outer loop
      vertex -0.7207099183365304 1.414472857149034 -3.96875
      vertex -0.6959141955276603 1.4268355484999276 0
      vertex -0.7207099183365304 1.414472857149034 0
    endloop
  endfacet
  facet normal 0 0 1
    outer loop
      vertex -0.7207099183365304 1.414472857149034 0
      vertex -0.6959141955276603 1.4268355484999276 0
      vertex -0.710739087062379 2.1874299874788528 0
    endloop
  endfacet
  facet normal 0 0 -1
    outer loop
      vertex -0.710739087062379 -2.1874299874788528 -3.96875
      vertex -0.6959141955276603 -1.4268355484999276 -3.96875
      vertex -0.6724549208622945 -2.1995009387149813 -3.96875
    endloop
  endfacet
  facet normal -0.30070579950427795 -0.9537169507482255 0
    outer loop
      vertex -0.710739087062379 -2.1874299874788528 -3.96875
      vertex -0.6724549208622945 -2.1995009387149813 -3.96875
      vertex -0.710739087062379 -2.1874299874788528 0
    endloop
  endfacet
  facet normal -0.30070579950427795 -0.9537169507482255 0
    outer loop
      vertex -0.710739087062379 -2.1874299874788528 0
      vertex -0.6724549208622945 -2.1995009387149813 -3.96875
      vertex -0.6724549208622945 -2.1995009387149813 0
    endloop
  endfacet
  facet normal 0 0 1
    outer loop
      vertex -0.710739087062379 -2.1874299874788528 0
      vertex -0.6724549208622945 -2.1995009387149813 0
      vertex -0.6709064905133604 -1.4387636119206817 0
    endloop
  endfacet
  facet normal 0 0 1
    outer loop
      vertex -0.710739087062379 -2.1874299874788528 0
      vertex -0.6709064905133604 -1.4387636119206817 0
      vertex -0.6959141955276603 -1.4268355484999276 0
    endloop
  endfacet
  facet normal -0.30070579950427795 0.9537169507482255 0
    outer loop
      vertex -0.710739087062379 2.1874299874788528 -3.96875
      vertex -0.710739087062379 2.1874299874788528 0
      vertex -0.6724549208622945 2.1995009387149813 0
    endloop
  endfacet
  facet normal 0 0 -1
    outer loop
      vertex -0.710739087062379 2.1874299874788528 -3.96875
      vertex -0.6724549208622945 2.1995009387149813 -3.96875
      vertex -0.6709064905133604 1.4387636119206817 -3.96875
    endloop
  endfacet
  facet normal -0.30070579950427795 0.9537169507482255 0
    outer loop
      vertex -0.710739087062379 2.1874299874788528 -3.96875
      vertex -0.6724549208622945 2.1995009387149813 0
      vertex -0.6724549208622945 2.1995009387149813 -3.96875
    endloop
  endfacet
  facet normal 0 0 -1
    outer loop
      vertex -0.710739087062379 2.1874299874788528 -3.96875
      vertex -0.6709064905133604 1.4387636119206817 -3.96875
      vertex -0.6959141955276603 1.4268355484999276 -3.96875
    endloop
  endfacet
  facet normal 0 0 1
    outer loop
      vertex -0.710739087062379 2.1874299874788528 0
      vertex -0.6959141955276603 1.4268355484999276 0
      vertex -0.6724549208622945 2.1995009387149813 0
    endloop
  endfacet
  facet normal 0.4305110968082944 0.902585284349861 0
    outer loop
      vertex -0.6959141955276603 -1.4268355484999276 -3.96875
      vertex -0.6959141955276603 -1.4268355484999276 0
      vertex -0.6709064905133604 -1.4387636119206817 -3.96875
    endloop
  endfacet
  facet normal 0 0 -1
    outer loop
      vertex -0.6959141955276603 -1.4268355484999276 -3.96875
      vertex -0.6709064905133604 -1.4387636119206817 -3.96875
      vertex -0.6724549208622945 -2.1995009387149813 -3.96875
    endloop
  endfacet
  facet normal 0.4305110968082944 0.902585284349861 0
    outer loop
      vertex -0.6959141955276603 -1.4268355484999276 0
      vertex -0.6709064905133604 -1.4387636119206817 0
      vertex -0.6709064905133604 -1.4387636119206817 -3.96875
    endloop
  endfacet
  facet normal 0.4305110968082944 -0.902585284349861 0
    outer loop
      vertex -0.6959141955276603 1.4268355484999276 -3.96875
      vertex -0.6709064905133604 1.4387636119206817 -3.96875
      vertex -0.6709064905133604 1.4387636119206817 0
    endloop
  endfacet
  facet normal 0.4305110968082944 -0.902585284349861 0
    outer loop
      vertex -0.6959141955276603 1.4268355484999276 -3.96875
      vertex -0.6709064905133604 1.4387636119206817 0
      vertex -0.6959141955276603 1.4268355484999276 0
    endloop
  endfacet
  facet normal 0 0 1
    outer loop
      vertex -0.6959141955276603 1.4268355484999276 0
      vertex -0.6709064905133604 1.4387636119206817 0
      vertex -0.6724549208622945 2.1995009387149813 0
    endloop
  endfacet
  facet normal 0 0 -1
    outer loop
      vertex -0.6724549208622945 -2.1995009387149813 -3.96875
      vertex -0.6709064905133604 -1.4387636119206817 -3.96875
      vertex -0.6456944208828328 -1.4502534140076289 -3.96875
    endloop
  endfacet
  facet normal 0 0 -1
    outer loop
      vertex -0.6724549208622945 -2.1995009387149813 -3.96875
      vertex -0.6456944208828328 -1.4502534140076289 -3.96875
      vertex -0.633965918379098 -2.210901900658133 -3.96875
    endloop
  endfacet
  facet normal -0.28401534470392364 -0.9588197348681926 0
    outer loop
      vertex -0.6724549208622945 -2.1995009387149813 -3.96875
      vertex -0.633965918379098 -2.210901900658133 -3.96875
      vertex -0.6724549208622945 -2.1995009387149813 0
    endloop
  endfacet
  facet normal 0 0 1
    outer loop
      vertex -0.6724549208622945 -2.1995009387149813 0
      vertex -0.6456944208828328 -1.4502534140076289 0
      vertex -0.6709064905133604 -1.4387636119206817 0
    endloop
  endfacet
  facet normal -0.28401534470392364 -0.9588197348681926 0
    outer loop
      vertex -0.6724549208622945 -2.1995009387149813 0
      vertex -0.633965918379098 -2.210901900658133 -3.96875
      vertex -0.633965918379098 -2.210901900658133 0
    endloop
  endfacet
  facet normal 0 0 1
    outer loop
      vertex -0.6724549208622945 -2.1995009387149813 0
      vertex -0.633965918379098 -2.210901900658133 0
      vertex -0.6202856664767221 -1.461301454855749 0
    endloop
  endfacet
  facet normal 0 0 1
    outer loop
      vertex -0.6724549208622945 -2.1995009387149813 0
      vertex -0.6202856664767221 -1.461301454855749 0
      vertex -0.6456944208828328 -1.4502534140076289 0
    endloop
  endfacet
  facet normal -0.28401534470392364 0.9588197348681926 0
    outer loop
      vertex -0.6724549208622945 2.1995009387149813 -3.96875
      vertex -0.6724549208622945 2.1995009387149813 0
      vertex -0.633965918379098 2.210901900658133 0
    endloop
  endfacet
  facet normal 0 0 -1
    outer loop
      vertex -0.6724549208622945 2.1995009387149813 -3.96875
      vertex -0.6456944208828328 1.4502534140076289 -3.96875
      vertex -0.6709064905133604 1.4387636119206817 -3.96875
    endloop
  endfacet
  facet normal 0 0 -1
    outer loop
      vertex -0.6724549208622945 2.1995009387149813 -3.96875
      vertex -0.633965918379098 2.210901900658133 -3.96875
      vertex -0.6202856664767221 1.461301454855749 -3.96875
    endloop
  endfacet
  facet normal -0.28401534470392364 0.9588197348681926 0
    outer loop
      vertex -0.6724549208622945 2.1995009387149813 -3.96875
      vertex -0.633965918379098 2.210901900658133 0
      vertex -0.633965918379098 2.210901900658133 -3.96875
    endloop
  endfacet
  facet normal 0 0 -1
    outer loop
      vertex -0.6724549208622945 2.1995009387149813 -3.96875
      vertex -0.6202856664767221 1.461301454855749 -3.96875
      vertex -0.6456944208828328 1.4502534140076289 -3.96875
    endloop
  endfacet
  facet normal 0 0 1
    outer loop
      vertex -0.6724549208622945 2.1995009387149813 0
      vertex -0.6709064905133604 1.4387636119206817 0
      vertex -0.6456944208828328 1.4502534140076289 0
    endloop
  endfacet
  facet normal 0 0 1
    outer loop
      vertex -0.6724549208622945 2.1995009387149813 0
      vertex -0.6456944208828328 1.4502534140076289 0
      vertex -0.633965918379098 2.210901900658133 0
    endloop
  endfacet
  facet normal 0.41469324265624014 0.9099612708765427 0
    outer loop
      vertex -0.6709064905133604 -1.4387636119206817 -3.96875
      vertex -0.6709064905133604 -1.4387636119206817 0
      vertex -0.6456944208828328 -1.4502534140076289 -3.96875
    endloop
  endfacet
  facet normal 0.41469324265624014 0.9099612708765427 0
    outer loop
      vertex -0.6709064905133604 -1.4387636119206817 0
      vertex -0.6456944208828328 -1.4502534140076289 0
      vertex -0.6456944208828328 -1.4502534140076289 -3.96875
    endloop
  endfacet
  facet normal 0.41469324265624014 -0.9099612708765427 0
    outer loop
      vertex -0.6709064905133604 1.4387636119206817 -3.96875
      vertex -0.6456944208828328 1.4502534140076289 -3.96875
      vertex -0.6456944208828328 1.4502534140076289 0
    endloop
  endfacet
  facet normal 0.41469324265624014 -0.9099612708765427 0
    outer loop
      vertex -0.6709064905133604 1.4387636119206817 -3.96875
      vertex -0.6456944208828328 1.4502534140076289 0
      vertex -0.6709064905133604 1.4387636119206817 0
    endloop
  endfacet
  facet normal 0.39874906892524914 0.9170600743851228 0
    outer loop
      vertex -0.6456944208828328 -1.4502534140076289 -3.96875
      vertex -0.6456944208828328 -1.4502534140076289 0
      vertex -0.6202856664767221 -1.461301454855749 -3.96875
    endloop
  endfacet
  facet normal 0 0 -1
    outer loop
      vertex -0.6456944208828328 -1.4502534140076289 -3.96875
      vertex -0.6202856664767221 -1.461301454855749 -3.96875
      vertex -0.633965918379098 -2.210901900658133 -3.96875
    endloop
  endfacet
  facet normal 0.39874906892524914 0.9170600743851228 0
    outer loop
      vertex -0.6456944208828328 -1.4502534140076289 0
      vertex -0.6202856664767221 -1.461301454855749 0
      vertex -0.6202856664767221 -1.461301454855749 -3.96875
    endloop
  endfacet
  facet normal 0.39874906892524914 -0.9170600743851228 0
    outer loop
      vertex -0.6456944208828328 1.4502534140076289 -3.96875
      vertex -0.6202856664767221 1.461301454855749 -3.96875
      vertex -0.6202856664767221 1.461301454855749 0
    endloop
  endfacet
  facet normal 0.39874906892524914 -0.9170600743851228 0
    outer loop
      vertex -0.6456944208828328 1.4502534140076289 -3.96875
      vertex -0.6202856664767221 1.461301454855749 0
      vertex -0.6456944208828328 1.4502534140076289 0
    endloop
  endfacet
  facet normal 0 0 1
    outer loop
      vertex -0.6456944208828328 1.4502534140076289 0
      vertex -0.6202856664767221 1.461301454855749 0
      vertex -0.633965918379098 2.210901900658133 0
    endloop
  endfacet
  facet normal 0 0 -1
    outer loop
      vertex -0.633965918379098 -2.210901900658133 -3.96875
      vertex -0.6202856664767221 -1.461301454855749 -3.96875
      vertex -0.5952838037357977 -2.221629400464857 -3.96875
    endloop
  endfacet
  facet normal -0.26723837607825834 -0.9636304532086226 0
    outer loop
      vertex -0.633965918379098 -2.210901900658133 -3.96875
      vertex -0.5952838037357977 -2.221629400464857 -3.96875
      vertex -0.633965918379098 -2.210901900658133 0
    endloop
  endfacet
  facet normal -0.26723837607825834 -0.9636304532086226 0
    outer loop
      vertex -0.633965918379098 -2.210901900658133 0
      vertex -0.5952838037357977 -2.221629400464857 -3.96875
      vertex -0.5952838037357977 -2.221629400464857 0
    endloop
  endfacet
  facet normal 0 0 1
    outer loop
      vertex -0.633965918379098 -2.210901900658133 0
      vertex -0.5952838037357977 -2.221629400464857 0
      vertex -0.5946879670477603 -1.4719043691247748 0
    endloop
  endfacet
  facet normal 0 0 1
    outer loop
      vertex -0.633965918379098 -2.210901900658133 0
      vertex -0.5946879670477603 -1.4719043691247748 0
      vertex -0.6202856664767221 -1.461301454855749 0
    endloop
  endfacet
  facet normal -0.26723837607825834 0.9636304532086226 0
    outer loop
      vertex -0.633965918379098 2.210901900658133 -3.96875
      vertex -0.633965918379098 2.210901900658133 0
      vertex -0.5952838037357977 2.221629400464857 0
    endloop
  endfacet
  facet normal 0 0 -1
    outer loop
      vertex -0.633965918379098 2.210901900658133 -3.96875
      vertex -0.5952838037357977 2.221629400464857 -3.96875
      vertex -0.5946879670477603 1.4719043691247748 -3.96875
    endloop
  endfacet
  facet normal -0.26723837607825834 0.9636304532086226 0
    outer loop
      vertex -0.633965918379098 2.210901900658133 -3.96875
      vertex -0.5952838037357977 2.221629400464857 0
      vertex -0.5952838037357977 2.221629400464857 -3.96875
    endloop
  endfacet
  facet normal 0 0 -1
    outer loop
      vertex -0.633965918379098 2.210901900658133 -3.96875
      vertex -0.5946879670477603 1.4719043691247748 -3.96875
      vertex -0.6202856664767221 1.461301454855749 -3.96875
    endloop
  endfacet
  facet normal 0 0 1
    outer loop
      vertex -0.633965918379098 2.210901900658133 0
      vertex -0.6202856664767221 1.461301454855749 0
      vertex -0.5952838037357977 2.221629400464857 0
    endloop
  endfacet
  facet normal 0.3826834323650835 0.9238795325112894 0
    outer loop
      vertex -0.6202856664767221 -1.461301454855749 -3.96875
      vertex -0.6202856664767221 -1.461301454855749 0
      vertex -0.5946879670477603 -1.4719043691247748 -3.96875
    endloop
  endfacet
  facet normal 0 0 -1
    outer loop
      vertex -0.6202856664767221 -1.461301454855749 -3.96875
      vertex -0.5946879670477603 -1.4719043691247748 -3.96875
      vertex -0.5952838037357977 -2.221629400464857 -3.96875
    endloop
  endfacet
  facet normal 0.3826834323650835 0.9238795325112894 0
    outer loop
      vertex -0.6202856664767221 -1.461301454855749 0
      vertex -0.5946879670477603 -1.4719043691247748 0
      vertex -0.5946879670477603 -1.4719043691247748 -3.96875
    endloop
  endfacet
  facet normal 0.3826834323650835 -0.9238795325112894 0
    outer loop
      vertex -0.6202856664767221 1.461301454855749 -3.96875
      vertex -0.5946879670477603 1.4719043691247748 -3.96875
      vertex -0.5946879670477603 1.4719043691247748 0
    endloop
  endfacet
  facet normal 0.3826834323650835 -0.9238795325112894 0
    outer loop
      vertex -0.6202856664767221 1.461301454855749 -3.96875
      vertex -0.5946879670477603 1.4719043691247748 0
      vertex -0.6202856664767221 1.461301454855749 0
    endloop
  endfacet
  facet normal 0 0 1
    outer loop
      vertex -0.6202856664767221 1.461301454855749 0
      vertex -0.5946879670477603 1.4719043691247748 0
      vertex -0.5952838037357977 2.221629400464857 0
    endloop
  endfacet
  facet normal 0 0 -1
    outer loop
      vertex -0.5952838037357977 -2.221629400464857 -3.96875
      vertex -0.5946879670477603 -1.4719043691247748 -3.96875
      vertex -0.5689091199031642 -1.4820589270643076 -3.96875
    endloop
  endfacet
  facet normal 0 0 -1
    outer loop
      vertex -0.5952838037357977 -2.221629400464857 -3.96875
      vertex -0.5689091199031642 -1.4820589270643076 -3.96875
      vertex -0.5564203598792358 -2.2316801704347915 -3.96875
    endloop
  endfacet
  facet normal -0.25038000405443633 -0.9681476403781091 0
    outer loop
      vertex -0.5952838037357977 -2.221629400464857 -3.96875
      vertex -0.5564203598792358 -2.2316801704347915 -3.96875
      vertex -0.5952838037357977 -2.221629400464857 0
    endloop
  endfacet
  facet normal 0 0 1
    outer loop
      vertex -0.5952838037357977 -2.221629400464857 0
      vertex -0.5689091199031642 -1.4820589270643076 0
      vertex -0.5946879670477603 -1.4719043691247748 0
    endloop
  endfacet
  facet normal -0.25038000405443633 -0.9681476403781091 0
    outer loop
      vertex -0.5952838037357977 -2.221629400464857 0
      vertex -0.5564203598792358 -2.2316801704347915 -3.96875
      vertex -0.5564203598792358 -2.2316801704347915 0
    endloop
  endfacet
  facet normal 0 0 1
    outer loop
      vertex -0.5952838037357977 -2.221629400464857 0
      vertex -0.5564203598792358 -2.2316801704347915 0
      vertex -0.542956977529499 -1.4917620354976295 0
    endloop
  endfacet
  facet normal 0 0 1
    outer loop
      vertex -0.5952838037357977 -2.221629400464857 0
      vertex -0.542956977529499 -1.4917620354976295 0
      vertex -0.5689091199031642 -1.4820589270643076 0
    endloop
  endfacet
  facet normal -0.25038000405443633 0.9681476403781091 0
    outer loop
      vertex -0.5952838037357977 2.221629400464857 -3.96875
      vertex -0.5952838037357977 2.221629400464857 0
      vertex -0.5564203598792358 2.2316801704347915 0
    endloop
  endfacet
  facet normal 0 0 -1
    outer loop
      vertex -0.5952838037357977 2.221629400464857 -3.96875
      vertex -0.5689091199031642 1.4820589270643076 -3.96875
      vertex -0.5946879670477603 1.4719043691247748 -3.96875
    endloop
  endfacet
  facet normal 0 0 -1
    outer loop
      vertex -0.5952838037357977 2.221629400464857 -3.96875
      vertex -0.5564203598792358 2.2316801704347915 -3.96875
      vertex -0.542956977529499 1.4917620354976295 -3.96875
    endloop
  endfacet
  facet normal -0.25038000405443633 0.9681476403781091 0
    outer loop
      vertex -0.5952838037357977 2.221629400464857 -3.96875
      vertex -0.5564203598792358 2.2316801704347915 0
      vertex -0.5564203598792358 2.2316801704347915 -3.96875
    endloop
  endfacet
  facet normal 0 0 -1
    outer loop
      vertex -0.5952838037357977 2.221629400464857 -3.96875
      vertex -0.542956977529499 1.4917620354976295 -3.96875
      vertex -0.5689091199031642 1.4820589270643076 -3.96875
    endloop
  endfacet
  facet normal 0 0 1
    outer loop
      vertex -0.5952838037357977 2.221629400464857 0
      vertex -0.5946879670477603 1.4719043691247748 0
      vertex -0.5689091199031642 1.4820589270643076 0
    endloop
  endfacet
  facet normal 0 0 1
    outer loop
      vertex -0.5952838037357977 2.221629400464857 0
      vertex -0.5689091199031642 1.4820589270643076 0
      vertex -0.5564203598792358 2.2316801704347915 0
    endloop
  endfacet
  facet normal 0.3665012267242986 0.9304175679820241 0
    outer loop
      vertex -0.5946879670477603 -1.4719043691247748 -3.96875
      vertex -0.5946879670477603 -1.4719043691247748 0
      vertex -0.5689091199031642 -1.4820589270643076 -3.96875
    endloop
  endfacet
  facet normal 0.3665012267242986 0.9304175679820241 0
    outer loop
      vertex -0.5946879670477603 -1.4719043691247748 0
      vertex -0.5689091199031642 -1.4820589270643076 0
      vertex -0.5689091199031642 -1.4820589270643076 -3.96875
    endloop
  endfacet
  facet normal 0.3665012267242986 -0.9304175679820241 0
    outer loop
      vertex -0.5946879670477603 1.4719043691247748 -3.96875
      vertex -0.5689091199031642 1.4820589270643076 -3.96875
      vertex -0.5689091199031642 1.4820589270643076 0
    endloop
  endfacet
  facet normal 0.3665012267242986 -0.9304175679820241 0
    outer loop
      vertex -0.5946879670477603 1.4719043691247748 -3.96875
      vertex -0.5689091199031642 1.4820589270643076 0
      vertex -0.5946879670477603 1.4719043691247748 0
    endloop
  endfacet
  facet normal 0.3502073812594699 0.9366721892483968 0
    outer loop
      vertex -0.5689091199031642 -1.4820589270643076 -3.96875
      vertex -0.5689091199031642 -1.4820589270643076 0
      vertex -0.542956977529499 -1.4917620354976295 -3.96875
    endloop
  endfacet
  facet normal 0 0 -1
    outer loop
      vertex -0.5689091199031642 -1.4820589270643076 -3.96875
      vertex -0.542956977529499 -1.4917620354976295 -3.96875
      vertex -0.5564203598792358 -2.2316801704347915 -3.96875
    endloop
  endfacet
  facet normal 0.3502073812594699 0.9366721892483968 0
    outer loop
      vertex -0.5689091199031642 -1.4820589270643076 0
      vertex -0.542956977529499 -1.4917620354976295 0
      vertex -0.542956977529499 -1.4917620354976295 -3.96875
    endloop
  endfacet
  facet normal 0.3502073812594699 -0.9366721892483968 0
    outer loop
      vertex -0.5689091199031642 1.4820589270643076 -3.96875
      vertex -0.542956977529499 1.4917620354976295 -3.96875
      vertex -0.542956977529499 1.4917620354976295 0
    endloop
  endfacet
  facet normal 0.3502073812594699 -0.9366721892483968 0
    outer loop
      vertex -0.5689091199031642 1.4820589270643076 -3.96875
      vertex -0.542956977529499 1.4917620354976295 0
      vertex -0.5689091199031642 1.4820589270643076 0
    endloop
  endfacet
  facet normal 0 0 1
    outer loop
      vertex -0.5689091199031642 1.4820589270643076 0
      vertex -0.542956977529499 1.4917620354976295 0
      vertex -0.5564203598792358 2.2316801704347915 0
    endloop
  endfacet
  facet normal 0 0 -1
    outer loop
      vertex -0.5564203598792358 -2.2316801704347915 -3.96875
      vertex -0.542956977529499 -1.4917620354976295 -3.96875
      vertex -0.5173874249908895 -2.241051149006041 -3.96875
    endloop
  endfacet
  facet normal -0.23344536385591322 -0.9723699203976748 0
    outer loop
      vertex -0.5564203598792358 -2.2316801704347915 -3.96875
      vertex -0.5173874249908895 -2.241051149006041 -3.96875
      vertex -0.5564203598792358 -2.2316801704347915 0
    endloop
  endfacet
  facet normal -0.23344536385591322 -0.9723699203976748 0
    outer loop
      vertex -0.5564203598792358 -2.2316801704347915 0
      vertex -0.5173874249908895 -2.241051149006041 -3.96875
      vertex -0.5173874249908895 -2.241051149006041 0
    endloop
  endfacet
  facet normal 0 0 1
    outer loop
      vertex -0.5564203598792358 -2.2316801704347915 0
      vertex -0.5173874249908895 -2.241051149006041 0
      vertex -0.5168394452007362 -1.5010107387639153 0
    endloop
  endfacet
  facet normal 0 0 1
    outer loop
      vertex -0.5564203598792358 -2.2316801704347915 0
      vertex -0.5168394452007362 -1.5010107387639153 0
      vertex -0.542956977529499 -1.4917620354976295 0
    endloop
  endfacet
  facet normal -0.23344536385591322 0.9723699203976748 0
    outer loop
      vertex -0.5564203598792358 2.2316801704347915 -3.96875
      vertex -0.5564203598792358 2.2316801704347915 0
      vertex -0.5173874249908895 2.241051149006041 0
    endloop
  endfacet
  facet normal 0 0 -1
    outer loop
      vertex -0.5564203598792358 2.2316801704347915 -3.96875
      vertex -0.5173874249908895 2.241051149006041 -3.96875
      vertex -0.5168394452007362 1.5010107387639153 -3.96875
    endloop
  endfacet
  facet normal -0.23344536385591322 0.9723699203976748 0
    outer loop
      vertex -0.5564203598792358 2.2316801704347915 -3.96875
      vertex -0.5173874249908895 2.241051149006041 0
      vertex -0.5173874249908895 2.241051149006041 -3.96875
    endloop
  endfacet
  facet normal 0 0 -1
    outer loop
      vertex -0.5564203598792358 2.2316801704347915 -3.96875
      vertex -0.5168394452007362 1.5010107387639153 -3.96875
      vertex -0.542956977529499 1.4917620354976295 -3.96875
    endloop
  endfacet
  facet normal 0 0 1
    outer loop
      vertex -0.5564203598792358 2.2316801704347915 0
      vertex -0.542956977529499 1.4917620354976295 0
      vertex -0.5173874249908895 2.241051149006041 0
    endloop
  endfacet
  facet normal 0.33380685923376957 0.9426414910921789 0
    outer loop
      vertex -0.542956977529499 -1.4917620354976295 -3.96875
      vertex -0.542956977529499 -1.4917620354976295 0
      vertex -0.5168394452007362 -1.5010107387639153 -3.96875
    endloop
  endfacet
  facet normal 0 0 -1
    outer loop
      vertex -0.542956977529499 -1.4917620354976295 -3.96875
      vertex -0.5168394452007362 -1.5010107387639153 -3.96875
      vertex -0.5173874249908895 -2.241051149006041 -3.96875
    endloop
  endfacet
  facet normal 0.33380685923376957 0.9426414910921789 0
    outer loop
      vertex -0.542956977529499 -1.4917620354976295 0
      vertex -0.5168394452007362 -1.5010107387639153 0
      vertex -0.5168394452007362 -1.5010107387639153 -3.96875
    endloop
  endfacet
  facet normal 0.33380685923376957 -0.9426414910921789 0
    outer loop
      vertex -0.542956977529499 1.4917620354976295 -3.96875
      vertex -0.5168394452007362 1.5010107387639153 -3.96875
      vertex -0.5168394452007362 1.5010107387639153 0
    endloop
  endfacet
  facet normal 0.33380685923376957 -0.9426414910921789 0
    outer loop
      vertex -0.542956977529499 1.4917620354976295 -3.96875
      vertex -0.5168394452007362 1.5010107387639153 0
      vertex -0.542956977529499 1.4917620354976295 0
    endloop
  endfacet
  facet normal 0 0 1
    outer loop
      vertex -0.542956977529499 1.4917620354976295 0
      vertex -0.5168394452007362 1.5010107387639153 0
      vertex -0.5173874249908895 2.241051149006041 0
    endloop
  endfacet
  facet normal 0 0 -1
    outer loop
      vertex -0.5173874249908895 -2.241051149006041 -3.96875
      vertex -0.5168394452007362 -1.5010107387639153 -3.96875
      vertex -0.49056447857022895 -1.509802219618556 -3.96875
    endloop
  endfacet
  facet normal 0 0 -1
    outer loop
      vertex -0.5173874249908895 -2.241051149006041 -3.96875
      vertex -0.49056447857022895 -1.509802219618556 -3.96875
      vertex -0.47819688888084644 -2.2497394816877527 -3.96875
    endloop
  endfacet
  facet normal -0.2164396139380983 -0.9762960071199344 0
    outer loop
      vertex -0.5173874249908895 -2.241051149006041 -3.96875
      vertex -0.47819688888084644 -2.2497394816877527 -3.96875
      vertex -0.5173874249908895 -2.241051149006041 0
    endloop
  endfacet
  facet normal 0 0 1
    outer loop
      vertex -0.5173874249908895 -2.241051149006041 0
      vertex -0.49056447857022895 -1.509802219618556 0
      vertex -0.5168394452007362 -1.5010107387639153 0
    endloop
  endfacet
  facet normal -0.2164396139380983 -0.9762960071199344 0
    outer loop
      vertex -0.5173874249908895 -2.241051149006041 0
      vertex -0.47819688888084644 -2.2497394816877527 -3.96875
      vertex -0.47819688888084644 -2.2497394816877527 0
    endloop
  endfacet
  facet normal 0 0 1
    outer loop
      vertex -0.5173874249908895 -2.241051149006041 0
      vertex -0.47819688888084644 -2.2497394816877527 0
      vertex -0.46414008124734457 -1.5181338000913187 0
    endloop
  endfacet
  facet normal 0 0 1
    outer loop
      vertex -0.5173874249908895 -2.241051149006041 0
      vertex -0.46414008124734457 -1.5181338000913187 0
      vertex -0.49056447857022895 -1.509802219618556 0
    endloop
  endfacet
  facet normal -0.2164396139380983 0.9762960071199344 0
    outer loop
      vertex -0.5173874249908895 2.241051149006041 -3.96875
      vertex -0.5173874249908895 2.241051149006041 0
      vertex -0.47819688888084644 2.2497394816877527 0
    endloop
  endfacet
  facet normal 0 0 -1
    outer loop
      vertex -0.5173874249908895 2.241051149006041 -3.96875
      vertex -0.49056447857022895 1.509802219618556 -3.96875
      vertex -0.5168394452007362 1.5010107387639153 -3.96875
    endloop
  endfacet
  facet normal 0 0 -1
    outer loop
      vertex -0.5173874249908895 2.241051149006041 -3.96875
      vertex -0.47819688888084644 2.2497394816877527 -3.96875
      vertex -0.46414008124734457 1.5181338000913187 -3.96875
    endloop
  endfacet
  facet normal -0.2164396139380983 0.9762960071199344 0
    outer loop
      vertex -0.5173874249908895 2.241051149006041 -3.96875
      vertex -0.47819688888084644 2.2497394816877527 0
      vertex -0.47819688888084644 2.2497394816877527 -3.96875
    endloop
  endfacet
  facet normal 0 0 -1
    outer loop
      vertex -0.5173874249908895 2.241051149006041 -3.96875
      vertex -0.46414008124734457 1.5181338000913187 -3.96875
      vertex -0.49056447857022895 1.509802219618556 -3.96875
    endloop
  endfacet
  facet normal 0 0 1
    outer loop
      vertex -0.5173874249908895 2.241051149006041 0
      vertex -0.5168394452007362 1.5010107387639153 0
      vertex -0.49056447857022895 1.509802219618556 0
    endloop
  endfacet
  facet normal 0 0 1
    outer loop
      vertex -0.5173874249908895 2.241051149006041 0
      vertex -0.49056447857022895 1.509802219618556 0
      vertex -0.47819688888084644 2.2497394816877527 0
    endloop
  endfacet
  facet normal 0.31730465640508804 0.9483236552062005 0
    outer loop
      vertex -0.5168394452007362 -1.5010107387639153 -3.96875
      vertex -0.5168394452007362 -1.5010107387639153 0
      vertex -0.49056447857022895 -1.509802219618556 -3.96875
    endloop
  endfacet
  facet normal 0.31730465640508804 0.9483236552062005 0
    outer loop
      vertex -0.5168394452007362 -1.5010107387639153 0
      vertex -0.49056447857022895 -1.509802219618556 0
      vertex -0.49056447857022895 -1.509802219618556 -3.96875
    endloop
  endfacet
  facet normal 0.31730465640508804 -0.9483236552062005 0
    outer loop
      vertex -0.5168394452007362 1.5010107387639153 -3.96875
      vertex -0.49056447857022895 1.509802219618556 -3.96875
      vertex -0.49056447857022895 1.509802219618556 0
    endloop
  endfacet
  facet normal 0.31730465640508804 -0.9483236552062005 0
    outer loop
      vertex -0.5168394452007362 1.5010107387639153 -3.96875
      vertex -0.49056447857022895 1.509802219618556 0
      vertex -0.5168394452007362 1.5010107387639153 0
    endloop
  endfacet
  facet normal 0.30070579950427684 0.9537169507482257 0
    outer loop
      vertex -0.49056447857022895 -1.509802219618556 -3.96875
      vertex -0.49056447857022895 -1.509802219618556 0
      vertex -0.46414008124734457 -1.5181338000913187 -3.96875
    endloop
  endfacet
  facet normal 0 0 -1
    outer loop
      vertex -0.49056447857022895 -1.509802219618556 -3.96875
      vertex -0.46414008124734457 -1.5181338000913187 -3.96875
      vertex -0.47819688888084644 -2.2497394816877527 -3.96875
    endloop
  endfacet
  facet normal 0.30070579950427684 0.9537169507482257 0
    outer loop
      vertex -0.49056447857022895 -1.509802219618556 0
      vertex -0.46414008124734457 -1.5181338000913187 0
      vertex -0.46414008124734457 -1.5181338000913187 -3.96875
    endloop
  endfacet
  facet normal 0.30070579950427684 -0.9537169507482257 0
    outer loop
      vertex -0.49056447857022895 1.509802219618556 -3.96875
      vertex -0.46414008124734457 1.5181338000913187 -3.96875
      vertex -0.46414008124734457 1.5181338000913187 0
    endloop
  endfacet
  facet normal 0.30070579950427684 -0.9537169507482257 0
    outer loop
      vertex -0.49056447857022895 1.509802219618556 -3.96875
      vertex -0.46414008124734457 1.5181338000913187 0
      vertex -0.49056447857022895 1.509802219618556 0
    endloop
  endfacet
  facet normal 0 0 1
    outer loop
      vertex -0.49056447857022895 1.509802219618556 0
      vertex -0.46414008124734457 1.5181338000913187 0
      vertex -0.47819688888084644 2.2497394816877527 0
    endloop
  endfacet
  facet normal 0 0 -1
    outer loop
      vertex -0.47819688888084644 -2.2497394816877527 -3.96875
      vertex -0.46414008124734457 -1.5181338000913187 -3.96875
      vertex -0.438860689366053 -2.257742521929627 -3.96875
    endloop
  endfacet
  facet normal -0.1993679344172002 -0.9799247046208289 0
    outer loop
      vertex -0.47819688888084644 -2.2497394816877527 -3.96875
      vertex -0.438860689366053 -2.257742521929627 -3.96875
      vertex -0.47819688888084644 -2.2497394816877527 0
    endloop
  endfacet
  facet normal -0.1993679344172002 -0.9799247046208289 0
    outer loop
      vertex -0.47819688888084644 -2.2497394816877527 0
      vertex -0.438860689366053 -2.257742521929627 -3.96875
      vertex -0.438860689366053 -2.257742521929627 0
    endloop
  endfacet
  facet normal 0 0 1
    outer loop
      vertex -0.47819688888084644 -2.2497394816877527 0
      vertex -0.438860689366053 -2.257742521929627 0
      vertex -0.43757430235948613 -1.5260029423020811 0
    endloop
  endfacet
  facet normal 0 0 1
    outer loop
      vertex -0.47819688888084644 -2.2497394816877527 0
      vertex -0.43757430235948613 -1.5260029423020811 0
      vertex -0.46414008124734457 -1.5181338000913187 0
    endloop
  endfacet
  facet normal -0.1993679344172002 0.9799247046208289 0
    outer loop
      vertex -0.47819688888084644 2.2497394816877527 -3.96875
      vertex -0.47819688888084644 2.2497394816877527 0
      vertex -0.438860689366053 2.257742521929627 0
    endloop
  endfacet
  facet normal 0 0 -1
    outer loop
      vertex -0.47819688888084644 2.2497394816877527 -3.96875
      vertex -0.438860689366053 2.257742521929627 -3.96875
      vertex -0.43757430235948613 1.5260029423020811 -3.96875
    endloop
  endfacet
  facet normal -0.1993679344172002 0.9799247046208289 0
    outer loop
      vertex -0.47819688888084644 2.2497394816877527 -3.96875
      vertex -0.438860689366053 2.257742521929627 0
      vertex -0.438860689366053 2.257742521929627 -3.96875
    endloop
  endfacet
  facet normal 0 0 -1
    outer loop
      vertex -0.47819688888084644 2.2497394816877527 -3.96875
      vertex -0.43757430235948613 1.5260029423020811 -3.96875
      vertex -0.46414008124734457 1.5181338000913187 -3.96875
    endloop
  endfacet
  facet normal 0 0 1
    outer loop
      vertex -0.47819688888084644 2.2497394816877527 0
      vertex -0.46414008124734457 1.5181338000913187 0
      vertex -0.438860689366053 2.257742521929627 0
    endloop
  endfacet
  facet normal 0.2840153447039229 0.9588197348681929 0
    outer loop
      vertex -0.46414008124734457 -1.5181338000913187 -3.96875
      vertex -0.46414008124734457 -1.5181338000913187 0
      vertex -0.43757430235948613 -1.5260029423020811 -3.96875
    endloop
  endfacet
  facet normal 0 0 -1
    outer loop
      vertex -0.46414008124734457 -1.5181338000913187 -3.96875
      vertex -0.43757430235948613 -1.5260029423020811 -3.96875
      vertex -0.438860689366053 -2.257742521929627 -3.96875
    endloop
  endfacet
  facet normal 0.2840153447039229 0.9588197348681929 0
    outer loop
      vertex -0.46414008124734457 -1.5181338000913187 0
      vertex -0.43757430235948613 -1.5260029423020811 0
      vertex -0.43757430235948613 -1.5260029423020811 -3.96875
    endloop
  endfacet
  facet normal 0.2840153447039229 -0.9588197348681929 0
    outer loop
      vertex -0.46414008124734457 1.5181338000913187 -3.96875
      vertex -0.43757430235948613 1.5260029423020811 -3.96875
      vertex -0.43757430235948613 1.5260029423020811 0
    endloop
  endfacet
  facet normal 0.2840153447039229 -0.9588197348681929 0
    outer loop
      vertex -0.46414008124734457 1.5181338000913187 -3.96875
      vertex -0.43757430235948613 1.5260029423020811 0
      vertex -0.46414008124734457 1.5181338000913187 0
    endloop
  endfacet
  facet normal 0 0 1
    outer loop
      vertex -0.46414008124734457 1.5181338000913187 0
      vertex -0.43757430235948613 1.5260029423020811 0
      vertex -0.438860689366053 2.257742521929627 0
    endloop
  endfacet
  facet normal 0 0 -1
    outer loop
      vertex -0.438860689366053 -2.257742521929627 -3.96875
      vertex -0.43757430235948613 -1.5260029423020811 -3.96875
      vertex -0.4108752341002517 -1.533407249233896 -3.96875
    endloop
  endfacet
  facet normal 0 0 -1
    outer loop
      vertex -0.438860689366053 -2.257742521929627 -3.96875
      vertex -0.4108752341002517 -1.533407249233896 -3.96875
      vertex -0.3993908086339397 -2.265057831928078 -3.96875
    endloop
  endfacet
  facet normal -0.18223552549213895 -0.9832549075639562 0
    outer loop
      vertex -0.438860689366053 -2.257742521929627 -3.96875
      vertex -0.3993908086339397 -2.265057831928078 -3.96875
      vertex -0.438860689366053 -2.257742521929627 0
    endloop
  endfacet
  facet normal 0 0 1
    outer loop
      vertex -0.438860689366053 -2.257742521929627 0
      vertex -0.4108752341002517 -1.533407249233896 0
      vertex -0.43757430235948613 -1.5260029423020811 0
    endloop
  endfacet
  facet normal -0.18223552549213895 -0.9832549075639562 0
    outer loop
      vertex -0.438860689366053 -2.257742521929627 0
      vertex -0.3993908086339397 -2.265057831928078 -3.96875
      vertex -0.3993908086339397 -2.265057831928078 0
    endloop
  endfacet
  facet normal 0 0 1
    outer loop
      vertex -0.438860689366053 -2.257742521929627 0
      vertex -0.3993908086339397 -2.265057831928078 0
      vertex -0.3840510092644725 -1.5403444654631444 0
    endloop
  endfacet
  facet normal 0 0 1
    outer loop
      vertex -0.438860689366053 -2.257742521929627 0
      vertex -0.3840510092644725 -1.5403444654631444 0
      vertex -0.4108752341002517 -1.533407249233896 0
    endloop
  endfacet
  facet normal -0.18223552549213895 0.9832549075639562 0
    outer loop
      vertex -0.438860689366053 2.257742521929627 -3.96875
      vertex -0.438860689366053 2.257742521929627 0
      vertex -0.3993908086339397 2.265057831928078 0
    endloop
  endfacet
  facet normal 0 0 -1
    outer loop
      vertex -0.438860689366053 2.257742521929627 -3.96875
      vertex -0.4108752341002517 1.533407249233896 -3.96875
      vertex -0.43757430235948613 1.5260029423020811 -3.96875
    endloop
  endfacet
  facet normal 0 0 -1
    outer loop
      vertex -0.438860689366053 2.257742521929627 -3.96875
      vertex -0.3993908086339397 2.265057831928078 -3.96875
      vertex -0.3840510092644725 1.5403444654631444 -3.96875
    endloop
  endfacet
  facet normal -0.18223552549213895 0.9832549075639562 0
    outer loop
      vertex -0.438860689366053 2.257742521929627 -3.96875
      vertex -0.3993908086339397 2.265057831928078 0
      vertex -0.3993908086339397 2.265057831928078 -3.96875
    endloop
  endfacet
  facet normal 0 0 -1
    outer loop
      vertex -0.438860689366053 2.257742521929627 -3.96875
      vertex -0.3840510092644725 1.5403444654631444 -3.96875
      vertex -0.4108752341002517 1.533407249233896 -3.96875
    endloop
  endfacet
  facet normal 0 0 1
    outer loop
      vertex -0.438860689366053 2.257742521929627 0
      vertex -0.43757430235948613 1.5260029423020811 0
      vertex -0.4108752341002517 1.533407249233896 0
    endloop
  endfacet
  facet normal 0 0 1
    outer loop
      vertex -0.438860689366053 2.257742521929627 0
      vertex -0.4108752341002517 1.533407249233896 0
      vertex -0.3993908086339397 2.265057831928078 0
    endloop
  endfacet
  facet normal 0.26723837607826084 0.963630453208622 0
    outer loop
      vertex -0.43757430235948613 -1.5260029423020811 -3.96875
      vertex -0.43757430235948613 -1.5260029423020811 0
      vertex -0.4108752341002517 -1.533407249233896 -3.96875
    endloop
  endfacet
  facet normal 0.26723837607826084 0.963630453208622 0
    outer loop
      vertex -0.43757430235948613 -1.5260029423020811 0
      vertex -0.4108752341002517 -1.533407249233896 0
      vertex -0.4108752341002517 -1.533407249233896 -3.96875
    endloop
  endfacet
  facet normal 0.26723837607826084 -0.963630453208622 0
    outer loop
      vertex -0.43757430235948613 1.5260029423020811 -3.96875
      vertex -0.4108752341002517 1.533407249233896 -3.96875
      vertex -0.4108752341002517 1.533407249233896 0
    endloop
  endfacet
  facet normal 0.26723837607826084 -0.963630453208622 0
    outer loop
      vertex -0.43757430235948613 1.5260029423020811 -3.96875
      vertex -0.4108752341002517 1.533407249233896 0
      vertex -0.43757430235948613 1.5260029423020811 0
    endloop
  endfacet
  facet normal 0.25038000405444105 0.9681476403781079 0
    outer loop
      vertex -0.4108752341002517 -1.533407249233896 -3.96875
      vertex -0.4108752341002517 -1.533407249233896 0
      vertex -0.3840510092644725 -1.5403444654631444 -3.96875
    endloop
  endfacet
  facet normal 0 0 -1
    outer loop
      vertex -0.4108752341002517 -1.533407249233896 -3.96875
      vertex -0.3840510092644725 -1.5403444654631444 -3.96875
      vertex -0.3993908086339397 -2.265057831928078 -3.96875
    endloop
  endfacet
  facet normal 0.25038000405444105 0.9681476403781079 0
    outer loop
      vertex -0.4108752341002517 -1.533407249233896 0
      vertex -0.3840510092644725 -1.5403444654631444 0
      vertex -0.3840510092644725 -1.5403444654631444 -3.96875
    endloop
  endfacet
  facet normal 0.25038000405444105 -0.9681476403781079 0
    outer loop
      vertex -0.4108752341002517 1.533407249233896 -3.96875
      vertex -0.3840510092644725 1.5403444654631444 -3.96875
      vertex -0.3840510092644725 1.5403444654631444 0
    endloop
  endfacet
  facet normal 0.25038000405444105 -0.9681476403781079 0
    outer loop
      vertex -0.4108752341002517 1.533407249233896 -3.96875
      vertex -0.3840510092644725 1.5403444654631444 0
      vertex -0.4108752341002517 1.533407249233896 0
    endloop
  endfacet
  facet normal 0 0 1
    outer loop
      vertex -0.4108752341002517 1.533407249233896 0
      vertex -0.3840510092644725 1.5403444654631444 0
      vertex -0.3993908086339397 2.265057831928078 0
    endloop
  endfacet
  facet normal 0 0 -1
    outer loop
      vertex -0.3993908086339397 -2.265057831928078 -3.96875
      vertex -0.3840510092644725 -1.5403444654631444 -3.96875
      vertex -0.35979926959253095 -2.271683183368817 -3.96875
    endloop
  endfacet
  facet normal -0.16504760586069234 -0.9862856015372289 0
    outer loop
      vertex -0.3993908086339397 -2.265057831928078 -3.96875
      vertex -0.35979926959253095 -2.271683183368817 -3.96875
      vertex -0.3993908086339397 -2.265057831928078 0
    endloop
  endfacet
  facet normal -0.16504760586069234 -0.9862856015372289 0
    outer loop
      vertex -0.3993908086339397 -2.265057831928078 0
      vertex -0.35979926959253095 -2.271683183368817 -3.96875
      vertex -0.35979926959253095 -2.271683183368817 0
    endloop
  endfacet
  facet normal 0 0 1
    outer loop
      vertex -0.3993908086339397 -2.265057831928078 0
      vertex -0.35979926959253095 -2.271683183368817 0
      vertex -0.35710979877088567 -1.5468124778465608 0
    endloop
  endfacet
  facet normal 0 0 1
    outer loop
      vertex -0.3993908086339397 -2.265057831928078 0
      vertex -0.35710979877088567 -1.5468124778465608 0
      vertex -0.3840510092644725 -1.5403444654631444 0
    endloop
  endfacet
  facet normal -0.16504760586069234 0.9862856015372289 0
    outer loop
      vertex -0.3993908086339397 2.265057831928078 -3.96875
      vertex -0.3993908086339397 2.265057831928078 0
      vertex -0.35979926959253095 2.271683183368817 0
    endloop
  endfacet
  facet normal 0 0 -1
    outer loop
      vertex -0.3993908086339397 2.265057831928078 -3.96875
      vertex -0.35979926959253095 2.271683183368817 -3.96875
      vertex -0.35710979877088567 1.5468124778465608 -3.96875
    endloop
  endfacet
  facet normal -0.16504760586069234 0.9862856015372289 0
    outer loop
      vertex -0.3993908086339397 2.265057831928078 -3.96875
      vertex -0.35979926959253095 2.271683183368817 0
      vertex -0.35979926959253095 2.271683183368817 -3.96875
    endloop
  endfacet
  facet normal 0 0 -1
    outer loop
      vertex -0.3993908086339397 2.265057831928078 -3.96875
      vertex -0.35710979877088567 1.5468124778465608 -3.96875
      vertex -0.3840510092644725 1.5403444654631444 -3.96875
    endloop
  endfacet
  facet normal 0 0 1
    outer loop
      vertex -0.3993908086339397 2.265057831928078 0
      vertex -0.3840510092644725 1.5403444654631444 0
      vertex -0.35979926959253095 2.271683183368817 0
    endloop
  endfacet
  facet normal 0.2334453638559022 0.9723699203976773 0
    outer loop
      vertex -0.3840510092644725 -1.5403444654631444 -3.96875
      vertex -0.3840510092644725 -1.5403444654631444 0
      vertex -0.35710979877088567 -1.5468124778465608 -3.96875
    endloop
  endfacet
  facet normal 0 0 -1
    outer loop
      vertex -0.3840510092644725 -1.5403444654631444 -3.96875
      vertex -0.35710979877088567 -1.5468124778465608 -3.96875
      vertex -0.35979926959253095 -2.271683183368817 -3.96875
    endloop
  endfacet
  facet normal 0.2334453638559022 0.9723699203976773 0
    outer loop
      vertex -0.3840510092644725 -1.5403444654631444 0
      vertex -0.35710979877088567 -1.5468124778465608 0
      vertex -0.35710979877088567 -1.5468124778465608 -3.96875
    endloop
  endfacet
  facet normal 0.2334453638559022 -0.9723699203976773 0
    outer loop
      vertex -0.3840510092644725 1.5403444654631444 -3.96875
      vertex -0.35710979877088567 1.5468124778465608 -3.96875
      vertex -0.35710979877088567 1.5468124778465608 0
    endloop
  endfacet
  facet normal 0.2334453638559022 -0.9723699203976773 0
    outer loop
      vertex -0.3840510092644725 1.5403444654631444 -3.96875
      vertex -0.35710979877088567 1.5468124778465608 0
      vertex -0.3840510092644725 1.5403444654631444 0
    endloop
  endfacet
  facet normal 0 0 1
    outer loop
      vertex -0.3840510092644725 1.5403444654631444 0
      vertex -0.35710979877088567 1.5468124778465608 0
      vertex -0.35979926959253095 2.271683183368817 0
    endloop
  endfacet
  facet normal 0 0 -1
    outer loop
      vertex -0.35979926959253095 -2.271683183368817 -3.96875
      vertex -0.35710979877088567 -1.5468124778465608 -3.96875
      vertex -0.33005980917319294 -1.5528093161649164 -3.96875
    endloop
  endfacet
  facet normal 0 0 -1
    outer loop
      vertex -0.35979926959253095 -2.271683183368817 -3.96875
      vertex -0.33005980917319294 -1.5528093161649164 -3.96875
      vertex -0.3200981322081505 -2.2776165581056116 -3.96875
    endloop
  endfacet
  facet normal -0.14780941112960377 -0.9890158633619179 0
    outer loop
      vertex -0.35979926959253095 -2.271683183368817 -3.96875
      vertex -0.3200981322081505 -2.2776165581056116 -3.96875
      vertex -0.35979926959253095 -2.271683183368817 0
    endloop
  endfacet
  facet normal 0 0 1
    outer loop
      vertex -0.35979926959253095 -2.271683183368817 0
      vertex -0.33005980917319294 -1.5528093161649164 0
      vertex -0.35710979877088567 -1.5468124778465608 0
    endloop
  endfacet
  facet normal -0.14780941112960377 -0.9890158633619179 0
    outer loop
      vertex -0.35979926959253095 -2.271683183368817 0
      vertex -0.3200981322081505 -2.2776165581056116 -3.96875
      vertex -0.3200981322081505 -2.2776165581056116 0
    endloop
  endfacet
  facet normal 0 0 1
    outer loop
      vertex -0.35979926959253095 -2.271683183368817 0
      vertex -0.3200981322081505 -2.2776165581056116 0
      vertex -0.30290928016026486 -1.5583331537231664 0
    endloop
  endfacet
  facet normal 0 0 1
    outer loop
      vertex -0.35979926959253095 -2.271683183368817 0
      vertex -0.30290928016026486 -1.5583331537231664 0
      vertex -0.33005980917319294 -1.5528093161649164 0
    endloop
  endfacet
  facet normal -0.14780941112960377 0.9890158633619179 0
    outer loop
      vertex -0.35979926959253095 2.271683183368817 -3.96875
      vertex -0.35979926959253095 2.271683183368817 0
      vertex -0.3200981322081505 2.2776165581056116 0
    endloop
  endfacet
  facet normal 0 0 -1
    outer loop
      vertex -0.35979926959253095 2.271683183368817 -3.96875
      vertex -0.33005980917319294 1.5528093161649164 -3.96875
      vertex -0.35710979877088567 1.5468124778465608 -3.96875
    endloop
  endfacet
  facet normal 0 0 -1
    outer loop
      vertex -0.35979926959253095 2.271683183368817 -3.96875
      vertex -0.3200981322081505 2.2776165581056116 -3.96875
      vertex -0.30290928016026486 1.5583331537231664 -3.96875
    endloop
  endfacet
  facet normal -0.14780941112960377 0.9890158633619179 0
    outer loop
      vertex -0.35979926959253095 2.271683183368817 -3.96875
      vertex -0.3200981322081505 2.2776165581056116 0
      vertex -0.3200981322081505 2.2776165581056116 -3.96875
    endloop
  endfacet
  facet normal 0 0 -1
    outer loop
      vertex -0.35979926959253095 2.271683183368817 -3.96875
      vertex -0.30290928016026486 1.5583331537231664 -3.96875
      vertex -0.33005980917319294 1.5528093161649164 -3.96875
    endloop
  endfacet
  facet normal 0 0 1
    outer loop
      vertex -0.35979926959253095 2.271683183368817 0
      vertex -0.35710979877088567 1.5468124778465608 0
      vertex -0.33005980917319294 1.5528093161649164 0
    endloop
  endfacet
  facet normal 0 0 1
    outer loop
      vertex -0.35979926959253095 2.271683183368817 0
      vertex -0.33005980917319294 1.5528093161649164 0
      vertex -0.3200981322081505 2.2776165581056116 0
    endloop
  endfacet
  facet normal 0.21643961393810254 0.9762960071199334 0
    outer loop
      vertex -0.35710979877088567 -1.5468124778465608 -3.96875
      vertex -0.35710979877088567 -1.5468124778465608 0
      vertex -0.33005980917319294 -1.5528093161649164 -3.96875
    endloop
  endfacet
  facet normal 0.21643961393810254 0.9762960071199334 0
    outer loop
      vertex -0.35710979877088567 -1.5468124778465608 0
      vertex -0.33005980917319294 -1.5528093161649164 0
      vertex -0.33005980917319294 -1.5528093161649164 -3.96875
    endloop
  endfacet
  facet normal 0.21643961393810254 -0.9762960071199334 0
    outer loop
      vertex -0.35710979877088567 1.5468124778465608 -3.96875
      vertex -0.33005980917319294 1.5528093161649164 -3.96875
      vertex -0.33005980917319294 1.5528093161649164 0
    endloop
  endfacet
  facet normal 0.21643961393810254 -0.9762960071199334 0
    outer loop
      vertex -0.35710979877088567 1.5468124778465608 -3.96875
      vertex -0.33005980917319294 1.5528093161649164 0
      vertex -0.35710979877088567 1.5468124778465608 0
    endloop
  endfacet
  facet normal 0.19936793441719552 0.9799247046208299 0
    outer loop
      vertex -0.33005980917319294 -1.5528093161649164 -3.96875
      vertex -0.33005980917319294 -1.5528093161649164 0
      vertex -0.30290928016026486 -1.5583331537231664 -3.96875
    endloop
  endfacet
  facet normal 0 0 -1
    outer loop
      vertex -0.33005980917319294 -1.5528093161649164 -3.96875
      vertex -0.30290928016026486 -1.5583331537231664 -3.96875
      vertex -0.3200981322081505 -2.2776165581056116 -3.96875
    endloop
  endfacet
  facet normal 0.19936793441719552 0.9799247046208299 0
    outer loop
      vertex -0.33005980917319294 -1.5528093161649164 0
      vertex -0.30290928016026486 -1.5583331537231664 0
      vertex -0.30290928016026486 -1.5583331537231664 -3.96875
    endloop
  endfacet
  facet normal 0.19936793441719552 -0.9799247046208299 0
    outer loop
      vertex -0.33005980917319294 1.5528093161649164 -3.96875
      vertex -0.30290928016026486 1.5583331537231664 -3.96875
      vertex -0.30290928016026486 1.5583331537231664 0
    endloop
  endfacet
  facet normal 0.19936793441719552 -0.9799247046208299 0
    outer loop
      vertex -0.33005980917319294 1.5528093161649164 -3.96875
      vertex -0.30290928016026486 1.5583331537231664 0
      vertex -0.33005980917319294 1.5528093161649164 0
    endloop
  endfacet
  facet normal 0 0 1
    outer loop
      vertex -0.33005980917319294 1.5528093161649164 0
      vertex -0.30290928016026486 1.5583331537231664 0
      vertex -0.3200981322081505 2.2776165581056116 0
    endloop
  endfacet
  facet normal 0 0 -1
    outer loop
      vertex -0.3200981322081505 -2.2776165581056116 -3.96875
      vertex -0.30290928016026486 -1.5583331537231664 -3.96875
      vertex -0.28029948983183917 -2.2828561487750405 -3.96875
    endloop
  endfacet
  facet normal -0.13052619222005066 -0.9914448613738105 0
    outer loop
      vertex -0.3200981322081505 -2.2776165581056116 -3.96875
      vertex -0.28029948983183917 -2.2828561487750405 -3.96875
      vertex -0.3200981322081505 -2.2776165581056116 0
    endloop
  endfacet
  facet normal -0.13052619222005066 -0.9914448613738105 0
    outer loop
      vertex -0.3200981322081505 -2.2776165581056116 0
      vertex -0.28029948983183917 -2.2828561487750405 -3.96875
      vertex -0.28029948983183917 -2.2828561487750405 0
    endloop
  endfacet
  facet normal 0 0 1
    outer loop
      vertex -0.3200981322081505 -2.2776165581056116 0
      vertex -0.28029948983183917 -2.2828561487750405 0
      vertex -0.2756664820462519 -1.56338230790688 0
    endloop
  endfacet
  facet normal 0 0 1
    outer loop
      vertex -0.3200981322081505 -2.2776165581056116 0
      vertex -0.2756664820462519 -1.56338230790688 0
      vertex -0.30290928016026486 -1.5583331537231664 0
    endloop
  endfacet
  facet normal -0.13052619222005066 0.9914448613738105 0
    outer loop
      vertex -0.3200981322081505 2.2776165581056116 -3.96875
      vertex -0.3200981322081505 2.2776165581056116 0
      vertex -0.28029948983183917 2.2828561487750405 0
    endloop
  endfacet
  facet normal 0 0 -1
    outer loop
      vertex -0.3200981322081505 2.2776165581056116 -3.96875
      vertex -0.28029948983183917 2.2828561487750405 -3.96875
      vertex -0.2756664820462519 1.56338230790688 -3.96875
    endloop
  endfacet
  facet normal -0.13052619222005066 0.9914448613738105 0
    outer loop
      vertex -0.3200981322081505 2.2776165581056116 -3.96875
      vertex -0.28029948983183917 2.2828561487750405 0
      vertex -0.28029948983183917 2.2828561487750405 -3.96875
    endloop
  endfacet
  facet normal 0 0 -1
    outer loop
      vertex -0.3200981322081505 2.2776165581056116 -3.96875
      vertex -0.2756664820462519 1.56338230790688 -3.96875
      vertex -0.30290928016026486 1.5583331537231664 -3.96875
    endloop
  endfacet
  facet normal 0 0 1
    outer loop
      vertex -0.3200981322081505 2.2776165581056116 0
      vertex -0.30290928016026486 1.5583331537231664 0
      vertex -0.28029948983183917 2.2828561487750405 0
    endloop
  endfacet
  facet normal 0.1822355254921434 0.9832549075639553 0
    outer loop
      vertex -0.30290928016026486 -1.5583331537231664 -3.96875
      vertex -0.30290928016026486 -1.5583331537231664 0
      vertex -0.2756664820462519 -1.56338230790688 -3.96875
    endloop
  endfacet
  facet normal 0 0 -1
    outer loop
      vertex -0.30290928016026486 -1.5583331537231664 -3.96875
      vertex -0.2756664820462519 -1.56338230790688 -3.96875
      vertex -0.28029948983183917 -2.2828561487750405 -3.96875
    endloop
  endfacet
  facet normal 0.1822355254921434 0.9832549075639553 0
    outer loop
      vertex -0.30290928016026486 -1.5583331537231664 0
      vertex -0.2756664820462519 -1.56338230790688 0
      vertex -0.2756664820462519 -1.56338230790688 -3.96875
    endloop
  endfacet
  facet normal 0.1822355254921434 -0.9832549075639553 0
    outer loop
      vertex -0.30290928016026486 1.5583331537231664 -3.96875
      vertex -0.2756664820462519 1.56338230790688 -3.96875
      vertex -0.2756664820462519 1.56338230790688 0
    endloop
  endfacet
  facet normal 0.1822355254921434 -0.9832549075639553 0
    outer loop
      vertex -0.30290928016026486 1.5583331537231664 -3.96875
      vertex -0.2756664820462519 1.56338230790688 0
      vertex -0.30290928016026486 1.5583331537231664 0
    endloop
  endfacet
  facet normal 0 0 1
    outer loop
      vertex -0.30290928016026486 1.5583331537231664 0
      vertex -0.2756664820462519 1.56338230790688 0
      vertex -0.28029948983183917 2.2828561487750405 0
    endloop
  endfacet
  facet normal 0 0 -1
    outer loop
      vertex -0.28029948983183917 -2.2828561487750405 -3.96875
      vertex -0.2756664820462519 -1.56338230790688 -3.96875
      vertex -0.2483397132513665 -1.5679552406947812 -3.96875
    endloop
  endfacet
  facet normal 0 0 -1
    outer loop
      vertex -0.28029948983183917 -2.2828561487750405 -3.96875
      vertex -0.2483397132513665 -1.5679552406947812 -3.96875
      vertex -0.24041546551560297 -2.2874003593470285 -3.96875
    endloop
  endfacet
  facet normal -0.1132032137679057 -0.9935718556765876 0
    outer loop
      vertex -0.28029948983183917 -2.2828561487750405 -3.96875
      vertex -0.24041546551560297 -2.2874003593470285 -3.96875
      vertex -0.28029948983183917 -2.2828561487750405 0
    endloop
  endfacet
  facet normal 0 0 1
    outer loop
      vertex -0.28029948983183917 -2.2828561487750405 0
      vertex -0.2483397132513665 -1.5679552406947812 0
      vertex -0.2756664820462519 -1.56338230790688 0
    endloop
  endfacet
  facet normal -0.1132032137679057 -0.9935718556765876 0
    outer loop
      vertex -0.28029948983183917 -2.2828561487750405 0
      vertex -0.24041546551560297 -2.2874003593470285 -3.96875
      vertex -0.24041546551560297 -2.2874003593470285 0
    endloop
  endfacet
  facet normal 0 0 1
    outer loop
      vertex -0.28029948983183917 -2.2828561487750405 0
      vertex -0.24041546551560297 -2.2874003593470285 0
      vertex -0.22093729777410387 -1.572050559127243 0
    endloop
  endfacet
  facet normal 0 0 1
    outer loop
      vertex -0.28029948983183917 -2.2828561487750405 0
      vertex -0.22093729777410387 -1.572050559127243 0
      vertex -0.2483397132513665 -1.5679552406947812 0
    endloop
  endfacet
  facet normal -0.1132032137679057 0.9935718556765876 0
    outer loop
      vertex -0.28029948983183917 2.2828561487750405 -3.96875
      vertex -0.28029948983183917 2.2828561487750405 0
      vertex -0.24041546551560297 2.2874003593470285 0
    endloop
  endfacet
  facet normal 0 0 -1
    outer loop
      vertex -0.28029948983183917 2.2828561487750405 -3.96875
      vertex -0.2483397132513665 1.5679552406947812 -3.96875
      vertex -0.2756664820462519 1.56338230790688 -3.96875
    endloop
  endfacet
  facet normal 0 0 -1
    outer loop
      vertex -0.28029948983183917 2.2828561487750405 -3.96875
      vertex -0.24041546551560297 2.2874003593470285 -3.96875
      vertex -0.22093729777410387 1.572050559127243 -3.96875
    endloop
  endfacet
  facet normal -0.1132032137679057 0.9935718556765876 0
    outer loop
      vertex -0.28029948983183917 2.2828561487750405 -3.96875
      vertex -0.24041546551560297 2.2874003593470285 0
      vertex -0.24041546551560297 2.2874003593470285 -3.96875
    endloop
  endfacet
  facet normal 0 0 -1
    outer loop
      vertex -0.28029948983183917 2.2828561487750405 -3.96875
      vertex -0.22093729777410387 1.572050559127243 -3.96875
      vertex -0.2483397132513665 1.5679552406947812 -3.96875
    endloop
  endfacet
  facet normal 0 0 1
    outer loop
      vertex -0.28029948983183917 2.2828561487750405 0
      vertex -0.2756664820462519 1.56338230790688 0
      vertex -0.2483397132513665 1.5679552406947812 0
    endloop
  endfacet
  facet normal 0 0 1
    outer loop
      vertex -0.28029948983183917 2.2828561487750405 0
      vertex -0.2483397132513665 1.5679552406947812 0
      vertex -0.24041546551560297 2.2874003593470285 0
    endloop
  endfacet
  facet normal 0.16504760586068903 0.9862856015372294 0
    outer loop
      vertex -0.2756664820462519 -1.56338230790688 -3.96875
      vertex -0.2756664820462519 -1.56338230790688 0
      vertex -0.2483397132513665 -1.5679552406947812 -3.96875
    endloop
  endfacet
  facet normal 0.16504760586068903 0.9862856015372294 0
    outer loop
      vertex -0.2756664820462519 -1.56338230790688 0
      vertex -0.2483397132513665 -1.5679552406947812 0
      vertex -0.2483397132513665 -1.5679552406947812 -3.96875
    endloop
  endfacet
  facet normal 0.16504760586068903 -0.9862856015372294 0
    outer loop
      vertex -0.2756664820462519 1.56338230790688 -3.96875
      vertex -0.2483397132513665 1.5679552406947812 -3.96875
      vertex -0.2483397132513665 1.5679552406947812 0
    endloop
  endfacet
  facet normal 0.16504760586068903 -0.9862856015372294 0
    outer loop
      vertex -0.2756664820462519 1.56338230790688 -3.96875
      vertex -0.2483397132513665 1.5679552406947812 0
      vertex -0.2756664820462519 1.56338230790688 0
    endloop
  endfacet
  facet normal 0.147809411129609 0.989015863361917 0
    outer loop
      vertex -0.2483397132513665 -1.5679552406947812 -3.96875
      vertex -0.2483397132513665 -1.5679552406947812 0
      vertex -0.22093729777410387 -1.572050559127243 -3.96875
    endloop
  endfacet
  facet normal 0 0 -1
    outer loop
      vertex -0.2483397132513665 -1.5679552406947812 -3.96875
      vertex -0.22093729777410387 -1.572050559127243 -3.96875
      vertex -0.24041546551560297 -2.2874003593470285 -3.96875
    endloop
  endfacet
  facet normal 0.147809411129609 0.989015863361917 0
    outer loop
      vertex -0.2483397132513665 -1.5679552406947812 0
      vertex -0.22093729777410387 -1.572050559127243 0
      vertex -0.22093729777410387 -1.572050559127243 -3.96875
    endloop
  endfacet
  facet normal 0.147809411129609 -0.989015863361917 0
    outer loop
      vertex -0.2483397132513665 1.5679552406947812 -3.96875
      vertex -0.22093729777410387 1.572050559127243 -3.96875
      vertex -0.22093729777410387 1.572050559127243 0
    endloop
  endfacet
  facet normal 0.147809411129609 -0.989015863361917 0
    outer loop
      vertex -0.2483397132513665 1.5679552406947812 -3.96875
      vertex -0.22093729777410387 1.572050559127243 0
      vertex -0.2483397132513665 1.5679552406947812 0
    endloop
  endfacet
  facet normal 0 0 1
    outer loop
      vertex -0.2483397132513665 1.5679552406947812 0
      vertex -0.22093729777410387 1.572050559127243 0
      vertex -0.24041546551560297 2.2874003593470285 0
    endloop
  endfacet
  facet normal 0 0 -1
    outer loop
      vertex -0.24041546551560297 -2.2874003593470285 -3.96875
      vertex -0.22093729777410387 -1.572050559127243 -3.96875
      vertex -0.20045820831961378 -2.2912478056110146 -3.96875
    endloop
  endfacet
  facet normal -0.09584575252022627 -0.9953961983671785 0
    outer loop
      vertex -0.24041546551560297 -2.2874003593470285 -3.96875
      vertex -0.20045820831961378 -2.2912478056110146 -3.96875
      vertex -0.24041546551560297 -2.2874003593470285 0
    endloop
  endfacet
  facet normal -0.09584575252022627 -0.9953961983671785 0
    outer loop
      vertex -0.24041546551560297 -2.2874003593470285 0
      vertex -0.20045820831961378 -2.2912478056110146 -3.96875
      vertex -0.20045820831961378 -2.2912478056110146 0
    endloop
  endfacet
  facet normal 0 0 1
    outer loop
      vertex -0.24041546551560297 -2.2874003593470285 0
      vertex -0.20045820831961378 -2.2912478056110146 0
      vertex -0.1934675826556716 -1.5756670157305985 0
    endloop
  endfacet
  facet normal 0 0 1
    outer loop
      vertex -0.24041546551560297 -2.2874003593470285 0
      vertex -0.1934675826556716 -1.5756670157305985 0
      vertex -0.22093729777410387 -1.572050559127243 0
    endloop
  endfacet
  facet normal -0.09584575252022627 0.9953961983671785 0
    outer loop
      vertex -0.24041546551560297 2.2874003593470285 -3.96875
      vertex -0.24041546551560297 2.2874003593470285 0
      vertex -0.20045820831961378 2.2912478056110146 0
    endloop
  endfacet
  facet normal 0 0 -1
    outer loop
      vertex -0.24041546551560297 2.2874003593470285 -3.96875
      vertex -0.20045820831961378 2.2912478056110146 -3.96875
      vertex -0.1934675826556716 1.5756670157305985 -3.96875
    endloop
  endfacet
  facet normal -0.09584575252022627 0.9953961983671785 0
    outer loop
      vertex -0.24041546551560297 2.2874003593470285 -3.96875
      vertex -0.20045820831961378 2.2912478056110146 0
      vertex -0.20045820831961378 2.2912478056110146 -3.96875
    endloop
  endfacet
  facet normal 0 0 -1
    outer loop
      vertex -0.24041546551560297 2.2874003593470285 -3.96875
      vertex -0.1934675826556716 1.5756670157305985 -3.96875
      vertex -0.22093729777410387 1.572050559127243 -3.96875
    endloop
  endfacet
  facet normal 0 0 1
    outer loop
      vertex -0.24041546551560297 2.2874003593470285 0
      vertex -0.22093729777410387 1.572050559127243 0
      vertex -0.20045820831961378 2.2912478056110146 0
    endloop
  endfacet
  facet normal 0.1305261922200437 0.9914448613738114 0
    outer loop
      vertex -0.22093729777410387 -1.572050559127243 -3.96875
      vertex -0.22093729777410387 -1.572050559127243 0
      vertex -0.1934675826556716 -1.5756670157305985 -3.96875
    endloop
  endfacet
  facet normal 0 0 -1
    outer loop
      vertex -0.22093729777410387 -1.572050559127243 -3.96875
      vertex -0.1934675826556716 -1.5756670157305985 -3.96875
      vertex -0.20045820831961378 -2.2912478056110146 -3.96875
    endloop
  endfacet
  facet normal 0.1305261922200437 0.9914448613738114 0
    outer loop
      vertex -0.22093729777410387 -1.572050559127243 0
      vertex -0.1934675826556716 -1.5756670157305985 0
      vertex -0.1934675826556716 -1.5756670157305985 -3.96875
    endloop
  endfacet
  facet normal 0.1305261922200437 -0.9914448613738114 0
    outer loop
      vertex -0.22093729777410387 1.572050559127243 -3.96875
      vertex -0.1934675826556716 1.5756670157305985 -3.96875
      vertex -0.1934675826556716 1.5756670157305985 0
    endloop
  endfacet
  facet normal 0.1305261922200437 -0.9914448613738114 0
    outer loop
      vertex -0.22093729777410387 1.572050559127243 -3.96875
      vertex -0.1934675826556716 1.5756670157305985 0
      vertex -0.22093729777410387 1.572050559127243 0
    endloop
  endfacet
  facet normal 0 0 1
    outer loop
      vertex -0.22093729777410387 1.572050559127243 0
      vertex -0.1934675826556716 1.5756670157305985 0
      vertex -0.20045820831961378 2.2912478056110146 0
    endloop
  endfacet
  facet normal 0 0 -1
    outer loop
      vertex -0.20045820831961378 -2.2912478056110146 -3.96875
      vertex -0.1934675826556716 -1.5756670157305985 -3.96875
      vertex -0.1604398896114882 -2.2943973155975956 -3.96875
    endloop
  endfacet
  facet normal -0.07845909572784471 -0.996917333733128 0
    outer loop
      vertex -0.20045820831961378 -2.2912478056110146 -3.96875
      vertex -0.1604398896114882 -2.2943973155975956 -3.96875
      vertex -0.20045820831961378 -2.2912478056110146 0
    endloop
  endfacet
  facet normal 0 0 1
    outer loop
      vertex -0.20045820831961378 -2.2912478056110146 0
      vertex -0.16593893543739988 -1.5788035088971337 0
      vertex -0.1934675826556716 -1.5756670157305985 0
    endloop
  endfacet
  facet normal -0.07845909572784471 -0.996917333733128 0
    outer loop
      vertex -0.20045820831961378 -2.2912478056110146 0
      vertex -0.1604398896114882 -2.2943973155975956 -3.96875
      vertex -0.1604398896114882 -2.2943973155975956 0
    endloop
  endfacet
  facet normal 0 0 1
    outer loop
      vertex -0.20045820831961378 -2.2912478056110146 0
      vertex -0.1604398896114882 -2.2943973155975956 0
      vertex -0.13835974161190734 -1.5814590832206459 0
    endloop
  endfacet
  facet normal 0 0 1
    outer loop
      vertex -0.20045820831961378 -2.2912478056110146 0
      vertex -0.13835974161190734 -1.5814590832206459 0
      vertex -0.16593893543739988 -1.5788035088971337 0
    endloop
  endfacet
  facet normal -0.07845909572784471 0.996917333733128 0
    outer loop
      vertex -0.20045820831961378 2.2912478056110146 -3.96875
      vertex -0.20045820831961378 2.2912478056110146 0
      vertex -0.1604398896114882 2.2943973155975956 0
    endloop
  endfacet
  facet normal 0 0 -1
    outer loop
      vertex -0.20045820831961378 2.2912478056110146 -3.96875
      vertex -0.16593893543739988 1.5788035088971337 -3.96875
      vertex -0.1934675826556716 1.5756670157305985 -3.96875
    endloop
  endfacet
  facet normal 0 0 -1
    outer loop
      vertex -0.20045820831961378 2.2912478056110146 -3.96875
      vertex -0.1604398896114882 2.2943973155975956 -3.96875
      vertex -0.13835974161190734 1.5814590832206459 -3.96875
    endloop
  endfacet
  facet normal -0.07845909572784471 0.996917333733128 0
    outer loop
      vertex -0.20045820831961378 2.2912478056110146 -3.96875
      vertex -0.1604398896114882 2.2943973155975956 0
      vertex -0.1604398896114882 2.2943973155975956 -3.96875
    endloop
  endfacet
  facet normal 0 0 -1
    outer loop
      vertex -0.20045820831961378 2.2912478056110146 -3.96875
      vertex -0.13835974161190734 1.5814590832206459 -3.96875
      vertex -0.16593893543739988 1.5788035088971337 -3.96875
    endloop
  endfacet
  facet normal 0 0 1
    outer loop
      vertex -0.20045820831961378 2.2912478056110146 0
      vertex -0.1934675826556716 1.5756670157305985 0
      vertex -0.1604398896114882 2.2943973155975956 0
    endloop
  endfacet
  facet normal 0.1132032137679068 0.9935718556765875 0
    outer loop
      vertex -0.1934675826556716 -1.5756670157305985 -3.96875
      vertex -0.1934675826556716 -1.5756670157305985 0
      vertex -0.16593893543739988 -1.5788035088971337 -3.96875
    endloop
  endfacet
  facet normal 0 0 -1
    outer loop
      vertex -0.1934675826556716 -1.5756670157305985 -3.96875
      vertex -0.16593893543739988 -1.5788035088971337 -3.96875
      vertex -0.1604398896114882 -2.2943973155975956 -3.96875
    endloop
  endfacet
  facet normal 0.1132032137679068 0.9935718556765875 0
    outer loop
      vertex -0.1934675826556716 -1.5756670157305985 0
      vertex -0.16593893543739988 -1.5788035088971337 0
      vertex -0.16593893543739988 -1.5788035088971337 -3.96875
    endloop
  endfacet
  facet normal 0.1132032137679068 -0.9935718556765875 0
    outer loop
      vertex -0.1934675826556716 1.5756670157305985 -3.96875
      vertex -0.16593893543739988 1.5788035088971337 -3.96875
      vertex -0.16593893543739988 1.5788035088971337 0
    endloop
  endfacet
  facet normal 0.1132032137679068 -0.9935718556765875 0
    outer loop
      vertex -0.1934675826556716 1.5756670157305985 -3.96875
      vertex -0.16593893543739988 1.5788035088971337 0
      vertex -0.1934675826556716 1.5756670157305985 0
    endloop
  endfacet
  facet normal 0 0 1
    outer loop
      vertex -0.1934675826556716 1.5756670157305985 0
      vertex -0.16593893543739988 1.5788035088971337 0
      vertex -0.1604398896114882 2.2943973155975956 0
    endloop
  endfacet
  facet normal 0.09584575252022559 0.9953961983671786 0
    outer loop
      vertex -0.16593893543739988 -1.5788035088971337 -3.96875
      vertex -0.16593893543739988 -1.5788035088971337 0
      vertex -0.13835974161190734 -1.5814590832206459 -3.96875
    endloop
  endfacet
  facet normal 0 0 -1
    outer loop
      vertex -0.16593893543739988 -1.5788035088971337 -3.96875
      vertex -0.13835974161190734 -1.5814590832206459 -3.96875
      vertex -0.1604398896114882 -2.2943973155975956 -3.96875
    endloop
  endfacet
  facet normal 0.09584575252022559 0.9953961983671786 0
    outer loop
      vertex -0.16593893543739988 -1.5788035088971337 0
      vertex -0.13835974161190734 -1.5814590832206459 0
      vertex -0.13835974161190734 -1.5814590832206459 -3.96875
    endloop
  endfacet
  facet normal 0.09584575252022559 -0.9953961983671786 0
    outer loop
      vertex -0.16593893543739988 1.5788035088971337 -3.96875
      vertex -0.13835974161190734 1.5814590832206459 -3.96875
      vertex -0.13835974161190734 1.5814590832206459 0
    endloop
  endfacet
  facet normal 0.09584575252022559 -0.9953961983671786 0
    outer loop
      vertex -0.16593893543739988 1.5788035088971337 -3.96875
      vertex -0.13835974161190734 1.5814590832206459 0
      vertex -0.16593893543739988 1.5788035088971337 0
    endloop
  endfacet
  facet normal 0 0 1
    outer loop
      vertex -0.16593893543739988 1.5788035088971337 0
      vertex -0.13835974161190734 1.5814590832206459 0
      vertex -0.1604398896114882 2.2943973155975956 0
    endloop
  endfacet
  facet normal 0 0 -1
    outer loop
      vertex -0.1604398896114882 -2.2943973155975956 -3.96875
      vertex -0.13835974161190734 -1.5814590832206459 -3.96875
      vertex -0.1203726993587708 -2.29684792993552 -3.96875
    endloop
  endfacet
  facet normal -0.06104853953485711 -0.9981347984218669 0
    outer loop
      vertex -0.1604398896114882 -2.2943973155975956 -3.96875
      vertex -0.1203726993587708 -2.29684792993552 -3.96875
      vertex -0.1604398896114882 -2.2943973155975956 0
    endloop
  endfacet
  facet normal -0.06104853953485711 -0.9981347984218669 0
    outer loop
      vertex -0.1604398896114882 -2.2943973155975956 0
      vertex -0.1203726993587708 -2.29684792993552 -3.96875
      vertex -0.1203726993587708 -2.29684792993552 0
    endloop
  endfacet
  facet normal 0 0 1
    outer loop
      vertex -0.1604398896114882 -2.2943973155975956 0
      vertex -0.1203726993587708 -2.29684792993552 0
      vertex -0.11073840206879891 -1.5836329297874707 0
    endloop
  endfacet
  facet normal 0 0 1
    outer loop
      vertex -0.1604398896114882 -2.2943973155975956 0
      vertex -0.11073840206879891 -1.5836329297874707 0
      vertex -0.13835974161190734 -1.5814590832206459 0
    endloop
  endfacet
  facet normal -0.06104853953485711 0.9981347984218669 0
    outer loop
      vertex -0.1604398896114882 2.2943973155975956 -3.96875
      vertex -0.1604398896114882 2.2943973155975956 0
      vertex -0.1203726993587708 2.29684792993552 0
    endloop
  endfacet
  facet normal 0 0 -1
    outer loop
      vertex -0.1604398896114882 2.2943973155975956 -3.96875
      vertex -0.1203726993587708 2.29684792993552 -3.96875
      vertex -0.11073840206879891 1.5836329297874707 -3.96875
    endloop
  endfacet
  facet normal -0.06104853953485711 0.9981347984218669 0
    outer loop
      vertex -0.1604398896114882 2.2943973155975956 -3.96875
      vertex -0.1203726993587708 2.29684792993552 0
      vertex -0.1203726993587708 2.29684792993552 -3.96875
    endloop
  endfacet
  facet normal 0 0 -1
    outer loop
      vertex -0.1604398896114882 2.2943973155975956 -3.96875
      vertex -0.11073840206879891 1.5836329297874707 -3.96875
      vertex -0.13835974161190734 1.5814590832206459 -3.96875
    endloop
  endfacet
  facet normal 0 0 1
    outer loop
      vertex -0.1604398896114882 2.2943973155975956 0
      vertex -0.13835974161190734 1.5814590832206459 0
      vertex -0.1203726993587708 2.29684792993552 0
    endloop
  endfacet
  facet normal 0.07845909572784078 0.9969173337331282 0
    outer loop
      vertex -0.13835974161190734 -1.5814590832206459 -3.96875
      vertex -0.13835974161190734 -1.5814590832206459 0
      vertex -0.11073840206879891 -1.5836329297874707 -3.96875
    endloop
  endfacet
  facet normal 0 0 -1
    outer loop
      vertex -0.13835974161190734 -1.5814590832206459 -3.96875
      vertex -0.11073840206879891 -1.5836329297874707 -3.96875
      vertex -0.1203726993587708 -2.29684792993552 -3.96875
    endloop
  endfacet
  facet normal 0.07845909572784078 0.9969173337331282 0
    outer loop
      vertex -0.13835974161190734 -1.5814590832206459 0
      vertex -0.11073840206879891 -1.5836329297874707 0
      vertex -0.11073840206879891 -1.5836329297874707 -3.96875
    endloop
  endfacet
  facet normal 0.07845909572784078 -0.9969173337331282 0
    outer loop
      vertex -0.13835974161190734 1.5814590832206459 -3.96875
      vertex -0.11073840206879891 1.5836329297874707 -3.96875
      vertex -0.11073840206879891 1.5836329297874707 0
    endloop
  endfacet
  facet normal 0.07845909572784078 -0.9969173337331282 0
    outer loop
      vertex -0.13835974161190734 1.5814590832206459 -3.96875
      vertex -0.11073840206879891 1.5836329297874707 0
      vertex -0.13835974161190734 1.5814590832206459 0
    endloop
  endfacet
  facet normal 0 0 1
    outer loop
      vertex -0.13835974161190734 1.5814590832206459 0
      vertex -0.11073840206879891 1.5836329297874707 0
      vertex -0.1203726993587708 2.29684792993552 0
    endloop
  endfacet
  facet normal 0 0 -1
    outer loop
      vertex -0.1203726993587708 -2.29684792993552 -3.96875
      vertex -0.11073840206879891 -1.5836329297874707 -3.96875
      vertex -0.08026884241575222 -2.29859890214392 -3.96875
    endloop
  endfacet
  facet normal -0.04361938736533849 -0.9990482215818576 0
    outer loop
      vertex -0.1203726993587708 -2.29684792993552 -3.96875
      vertex -0.08026884241575222 -2.29859890214392 -3.96875
      vertex -0.1203726993587708 -2.29684792993552 0
    endloop
  endfacet
  facet normal 0 0 1
    outer loop
      vertex -0.1203726993587708 -2.29684792993552 0
      vertex -0.08308333053567334 -1.5853243864228859 0
      vertex -0.11073840206879891 -1.5836329297874707 0
    endloop
  endfacet
  facet normal -0.04361938736533849 -0.9990482215818576 0
    outer loop
      vertex -0.1203726993587708 -2.29684792993552 0
      vertex -0.08026884241575222 -2.29859890214392 -3.96875
      vertex -0.08026884241575222 -2.29859890214392 0
    endloop
  endfacet
  facet normal 0 0 1
    outer loop
      vertex -0.1203726993587708 -2.29684792993552 0
      vertex -0.08026884241575222 -2.29859890214392 0
      vertex -0.05540295101522028 -1.5865329378928144 0
    endloop
  endfacet
  facet normal 0 0 1
    outer loop
      vertex -0.1203726993587708 -2.29684792993552 0
      vertex -0.05540295101522028 -1.5865329378928144 0
      vertex -0.08308333053567334 -1.5853243864228859 0
    endloop
  endfacet
  facet normal -0.04361938736533849 0.9990482215818576 0
    outer loop
      vertex -0.1203726993587708 2.29684792993552 -3.96875
      vertex -0.1203726993587708 2.29684792993552 0
      vertex -0.08026884241575222 2.29859890214392 0
    endloop
  endfacet
  facet normal 0 0 -1
    outer loop
      vertex -0.1203726993587708 2.29684792993552 -3.96875
      vertex -0.08308333053567334 1.5853243864228859 -3.96875
      vertex -0.11073840206879891 1.5836329297874707 -3.96875
    endloop
  endfacet
  facet normal 0 0 -1
    outer loop
      vertex -0.1203726993587708 2.29684792993552 -3.96875
      vertex -0.08026884241575222 2.29859890214392 -3.96875
      vertex -0.05540295101522028 1.5865329378928144 -3.96875
    endloop
  endfacet
  facet normal -0.04361938736533849 0.9990482215818576 0
    outer loop
      vertex -0.1203726993587708 2.29684792993552 -3.96875
      vertex -0.08026884241575222 2.29859890214392 0
      vertex -0.08026884241575222 2.29859890214392 -3.96875
    endloop
  endfacet
  facet normal 0 0 -1
    outer loop
      vertex -0.1203726993587708 2.29684792993552 -3.96875
      vertex -0.05540295101522028 1.5865329378928144 -3.96875
      vertex -0.08308333053567334 1.5853243864228859 -3.96875
    endloop
  endfacet
  facet normal 0 0 1
    outer loop
      vertex -0.1203726993587708 2.29684792993552 0
      vertex -0.11073840206879891 1.5836329297874707 0
      vertex -0.08026884241575222 2.29859890214392 0
    endloop
  endfacet
  facet normal 0.06104853953486096 0.9981347984218667 0
    outer loop
      vertex -0.11073840206879891 -1.5836329297874707 -3.96875
      vertex -0.11073840206879891 -1.5836329297874707 0
      vertex -0.08308333053567334 -1.5853243864228859 -3.96875
    endloop
  endfacet
  facet normal 0 0 -1
    outer loop
      vertex -0.11073840206879891 -1.5836329297874707 -3.96875
      vertex -0.08308333053567334 -1.5853243864228859 -3.96875
      vertex -0.08026884241575222 -2.29859890214392 -3.96875
    endloop
  endfacet
  facet normal 0.06104853953486096 0.9981347984218667 0
    outer loop
      vertex -0.11073840206879891 -1.5836329297874707 0
      vertex -0.08308333053567334 -1.5853243864228859 0
      vertex -0.08308333053567334 -1.5853243864228859 -3.96875
    endloop
  endfacet
  facet normal 0.06104853953486096 -0.9981347984218667 0
    outer loop
      vertex -0.11073840206879891 1.5836329297874707 -3.96875
      vertex -0.08308333053567334 1.5853243864228859 -3.96875
      vertex -0.08308333053567334 1.5853243864228859 0
    endloop
  endfacet
  facet normal 0.06104853953486096 -0.9981347984218667 0
    outer loop
      vertex -0.11073840206879891 1.5836329297874707 -3.96875
      vertex -0.08308333053567334 1.5853243864228859 0
      vertex -0.11073840206879891 1.5836329297874707 0
    endloop
  endfacet
  facet normal 0 0 1
    outer loop
      vertex -0.11073840206879891 1.5836329297874707 0
      vertex -0.08308333053567334 1.5853243864228859 0
      vertex -0.08026884241575222 2.29859890214392 0
    endloop
  endfacet
  facet normal 0.043619387365337436 0.9990482215818577 0
    outer loop
      vertex -0.08308333053567334 -1.5853243864228859 -3.96875
      vertex -0.08308333053567334 -1.5853243864228859 0
      vertex -0.05540295101522028 -1.5865329378928144 -3.96875
    endloop
  endfacet
  facet normal 0 0 -1
    outer loop
      vertex -0.08308333053567334 -1.5853243864228859 -3.96875
      vertex -0.05540295101522028 -1.5865329378928144 -3.96875
      vertex -0.08026884241575222 -2.29859890214392 -3.96875
    endloop
  endfacet
  facet normal 0.043619387365337436 0.9990482215818577 0
    outer loop
      vertex -0.08308333053567334 -1.5853243864228859 0
      vertex -0.05540295101522028 -1.5865329378928144 0
      vertex -0.05540295101522028 -1.5865329378928144 -3.96875
    endloop
  endfacet
  facet normal 0.043619387365337436 -0.9990482215818577 0
    outer loop
      vertex -0.08308333053567334 1.5853243864228859 -3.96875
      vertex -0.05540295101522028 1.5865329378928144 -3.96875
      vertex -0.05540295101522028 1.5865329378928144 0
    endloop
  endfacet
  facet normal 0.043619387365337436 -0.9990482215818577 0
    outer loop
      vertex -0.08308333053567334 1.5853243864228859 -3.96875
      vertex -0.05540295101522028 1.5865329378928144 0
      vertex -0.08308333053567334 1.5853243864228859 0
    endloop
  endfacet
  facet normal 0 0 1
    outer loop
      vertex -0.08308333053567334 1.5853243864228859 0
      vertex -0.05540295101522028 1.5865329378928144 0
      vertex -0.08026884241575222 2.29859890214392 0
    endloop
  endfacet
  facet normal 0 0 -1
    outer loop
      vertex -0.08026884241575222 -2.29859890214392 -3.96875
      vertex -0.05540295101522028 -1.5865329378928144 -3.96875
      vertex -0.040140534805752075 -2.2996496988597 -3.96875
    endloop
  endfacet
  facet normal -0.026176948307876105 -0.9996573249755573 0
    outer loop
      vertex -0.08026884241575222 -2.29859890214392 -3.96875
      vertex -0.040140534805752075 -2.2996496988597 -3.96875
      vertex -0.08026884241575222 -2.29859890214392 0
    endloop
  endfacet
  facet normal -0.026176948307876105 -0.9996573249755573 0
    outer loop
      vertex -0.08026884241575222 -2.29859890214392 0
      vertex -0.040140534805752075 -2.2996496988597 -3.96875
      vertex -0.040140534805752075 -2.2996496988597 0
    endloop
  endfacet
  facet normal 0 0 1
    outer loop
      vertex -0.08026884241575222 -2.29859890214392 0
      vertex -0.040140534805752075 -2.2996496988597 0
      vertex -0.027705695219187573 -1.587258216060771 0
    endloop
  endfacet
  facet normal 0 0 1
    outer loop
      vertex -0.08026884241575222 -2.29859890214392 0
      vertex -0.027705695219187573 -1.587258216060771 0
      vertex -0.05540295101522028 -1.5865329378928144 0
    endloop
  endfacet
  facet normal -0.026176948307876105 0.9996573249755573 0
    outer loop
      vertex -0.08026884241575222 2.29859890214392 -3.96875
      vertex -0.08026884241575222 2.29859890214392 0
      vertex -0.040140534805752075 2.2996496988597 0
    endloop
  endfacet
  facet normal 0 0 -1
    outer loop
      vertex -0.08026884241575222 2.29859890214392 -3.96875
      vertex -0.040140534805752075 2.2996496988597 -3.96875
      vertex -0.027705695219187573 1.587258216060771 -3.96875
    endloop
  endfacet
  facet normal -0.026176948307876105 0.9996573249755573 0
    outer loop
      vertex -0.08026884241575222 2.29859890214392 -3.96875
      vertex -0.040140534805752075 2.2996496988597 0
      vertex -0.040140534805752075 2.2996496988597 -3.96875
    endloop
  endfacet
  facet normal 0 0 -1
    outer loop
      vertex -0.08026884241575222 2.29859890214392 -3.96875
      vertex -0.027705695219187573 1.587258216060771 -3.96875
      vertex -0.05540295101522028 1.5865329378928144 -3.96875
    endloop
  endfacet
  facet normal 0 0 1
    outer loop
      vertex -0.08026884241575222 2.29859890214392 0
      vertex -0.05540295101522028 1.5865329378928144 0
      vertex -0.040140534805752075 2.2996496988597 0
    endloop
  endfacet
  facet normal 0.026176948307878017 0.999657324975557 0
    outer loop
      vertex -0.05540295101522028 -1.5865329378928144 -3.96875
      vertex -0.05540295101522028 -1.5865329378928144 0
      vertex -0.027705695219187573 -1.587258216060771 -3.96875
    endloop
  endfacet
  facet normal 0 0 -1
    outer loop
      vertex -0.05540295101522028 -1.5865329378928144 -3.96875
      vertex -0.027705695219187573 -1.587258216060771 -3.96875
      vertex -0.040140534805752075 -2.2996496988597 -3.96875
    endloop
  endfacet
  facet normal 0.026176948307878017 0.999657324975557 0
    outer loop
      vertex -0.05540295101522028 -1.5865329378928144 0
      vertex -0.027705695219187573 -1.587258216060771 0
      vertex -0.027705695219187573 -1.587258216060771 -3.96875
    endloop
  endfacet
  facet normal 0.026176948307878017 -0.999657324975557 0
    outer loop
      vertex -0.05540295101522028 1.5865329378928144 -3.96875
      vertex -0.027705695219187573 1.587258216060771 -3.96875
      vertex -0.027705695219187573 1.587258216060771 0
    endloop
  endfacet
  facet normal 0.026176948307878017 -0.999657324975557 0
    outer loop
      vertex -0.05540295101522028 1.5865329378928144 -3.96875
      vertex -0.027705695219187573 1.587258216060771 0
      vertex -0.05540295101522028 1.5865329378928144 0
    endloop
  endfacet
  facet normal 0 0 1
    outer loop
      vertex -0.05540295101522028 1.5865329378928144 0
      vertex -0.027705695219187573 1.587258216060771 0
      vertex -0.040140534805752075 2.2996496988597 0
    endloop
  endfacet
  facet normal 0 0 -1
    outer loop
      vertex -0.040140534805752075 -2.2996496988597 -3.96875
      vertex -0.027705695219187573 -1.587258216060771 -3.96875
      vertex 0 -2.3 -3.96875
    endloop
  endfacet
  facet normal -0.008726535498367214 -0.9999619230641713 0
    outer loop
      vertex -0.040140534805752075 -2.2996496988597 -3.96875
      vertex 0 -2.3 -3.96875
      vertex -0.040140534805752075 -2.2996496988597 0
    endloop
  endfacet
  facet normal -0.008726535498367214 -0.9999619230641713 0
    outer loop
      vertex -0.040140534805752075 -2.2996496988597 0
      vertex 0 -2.3 -3.96875
      vertex 0 -2.3 0
    endloop
  endfacet
  facet normal 0 0 1
    outer loop
      vertex -0.040140534805752075 -2.2996496988597 0
      vertex 0 -2.3 0
      vertex -0.027705695219187573 -1.587258216060771 0
    endloop
  endfacet
  facet normal -0.008726535498367214 0.9999619230641713 0
    outer loop
      vertex -0.040140534805752075 2.2996496988597 -3.96875
      vertex -0.040140534805752075 2.2996496988597 0
      vertex 0 2.3 0
    endloop
  endfacet
  facet normal 0 0 -1
    outer loop
      vertex -0.040140534805752075 2.2996496988597 -3.96875
      vertex 0 2.3 -3.96875
      vertex -0.027705695219187573 1.587258216060771 -3.96875
    endloop
  endfacet
  facet normal -0.008726535498367214 0.9999619230641713 0
    outer loop
      vertex -0.040140534805752075 2.2996496988597 -3.96875
      vertex 0 2.3 0
      vertex 0 2.3 -3.96875
    endloop
  endfacet
  facet normal 0 0 1
    outer loop
      vertex -0.040140534805752075 2.2996496988597 0
      vertex -0.027705695219187573 1.587258216060771 0
      vertex 0 2.3 0
    endloop
  endfacet
  facet normal 0.00872653549837009 0.9999619230641713 0
    outer loop
      vertex -0.027705695219187573 -1.587258216060771 -3.96875
      vertex -0.027705695219187573 -1.587258216060771 0
      vertex 0 -1.5875 -3.96875
    endloop
  endfacet
  facet normal 0 0 -1
    outer loop
      vertex -0.027705695219187573 -1.587258216060771 -3.96875
      vertex 0 -1.5875 -3.96875
      vertex 0 -2.3 -3.96875
    endloop
  endfacet
  facet normal 0 0 1
    outer loop
      vertex -0.027705695219187573 -1.587258216060771 0
      vertex 0 -2.3 0
      vertex 0 -1.5875 0
    endloop
  endfacet
  facet normal 0.00872653549837009 0.9999619230641713 0
    outer loop
      vertex -0.027705695219187573 -1.587258216060771 0
      vertex 0 -1.5875 0
      vertex 0 -1.5875 -3.96875
    endloop
  endfacet
  facet normal 0.00872653549837009 -0.9999619230641713 0
    outer loop
      vertex -0.027705695219187573 1.587258216060771 -3.96875
      vertex 0 1.5875 -3.96875
      vertex 0 1.5875 0
    endloop
  endfacet
  facet normal 0.00872653549837009 -0.9999619230641713 0
    outer loop
      vertex -0.027705695219187573 1.587258216060771 -3.96875
      vertex 0 1.5875 0
      vertex -0.027705695219187573 1.587258216060771 0
    endloop
  endfacet
  facet normal 0 0 -1
    outer loop
      vertex -0.027705695219187573 1.587258216060771 -3.96875
      vertex 0 2.3 -3.96875
      vertex 0 1.5875 -3.96875
    endloop
  endfacet
  facet normal 0 0 1
    outer loop
      vertex -0.027705695219187573 1.587258216060771 0
      vertex 0 1.5875 0
      vertex 0 2.3 0
    endloop
  endfacet
  facet normal 0 0 -1
    outer loop
      vertex 0 -2.3 -3.96875
      vertex 0 -1.5875 -3.96875
      vertex 0.027705695219187573 -1.587258216060771 -3.96875
    endloop
  endfacet
  facet normal 0 0 -1
    outer loop
      vertex 0 -2.3 -3.96875
      vertex 0.027705695219187573 -1.587258216060771 -3.96875
      vertex 0.040140534805752075 -2.2996496988597 -3.96875
    endloop
  endfacet
  facet normal 0.008726535498367214 -0.9999619230641713 0
    outer loop
      vertex 0 -2.3 -3.96875
      vertex 0.040140534805752075 -2.2996496988597 -3.96875
      vertex 0 -2.3 0
    endloop
  endfacet
  facet normal 0 0 1
    outer loop
      vertex 0 -2.3 0
      vertex 0.027705695219187573 -1.587258216060771 0
      vertex 0 -1.5875 0
    endloop
  endfacet
  facet normal 0.008726535498367214 -0.9999619230641713 0
    outer loop
      vertex 0 -2.3 0
      vertex 0.040140534805752075 -2.2996496988597 -3.96875
      vertex 0.040140534805752075 -2.2996496988597 0
    endloop
  endfacet
  facet normal 0 0 1
    outer loop
      vertex 0 -2.3 0
      vertex 0.040140534805752075 -2.2996496988597 0
      vertex 0.027705695219187573 -1.587258216060771 0
    endloop
  endfacet
  facet normal -0.00872653549837009 0.9999619230641713 0
    outer loop
      vertex 0 -1.5875 -3.96875
      vertex 0 -1.5875 0
      vertex 0.027705695219187573 -1.587258216060771 -3.96875
    endloop
  endfacet
  facet normal -0.00872653549837009 0.9999619230641713 0
    outer loop
      vertex 0 -1.5875 0
      vertex 0.027705695219187573 -1.587258216060771 0
      vertex 0.027705695219187573 -1.587258216060771 -3.96875
    endloop
  endfacet
  facet normal 0 0 -1
    outer loop
      vertex 0 1.5875 -3.96875
      vertex 0 2.3 -3.96875
      vertex 0.027705695219187573 1.587258216060771 -3.96875
    endloop
  endfacet
  facet normal -0.00872653549837009 -0.9999619230641713 0
    outer loop
      vertex 0 1.5875 -3.96875
      vertex 0.027705695219187573 1.587258216060771 -3.96875
      vertex 0.027705695219187573 1.587258216060771 0
    endloop
  endfacet
  facet normal -0.00872653549837009 -0.9999619230641713 0
    outer loop
      vertex 0 1.5875 -3.96875
      vertex 0.027705695219187573 1.587258216060771 0
      vertex 0 1.5875 0
    endloop
  endfacet
  facet normal 0 0 1
    outer loop
      vertex 0 1.5875 0
      vertex 0.027705695219187573 1.587258216060771 0
      vertex 0 2.3 0
    endloop
  endfacet
  facet normal 0.008726535498367214 0.9999619230641713 0
    outer loop
      vertex 0 2.3 -3.96875
      vertex 0 2.3 0
      vertex 0.040140534805752075 2.2996496988597 0
    endloop
  endfacet
  facet normal 0 0 -1
    outer loop
      vertex 0 2.3 -3.96875
      vertex 0.040140534805752075 2.2996496988597 -3.96875
      vertex 0.027705695219187573 1.587258216060771 -3.96875
    endloop
  endfacet
  facet normal 0.008726535498367214 0.9999619230641713 0
    outer loop
      vertex 0 2.3 -3.96875
      vertex 0.040140534805752075 2.2996496988597 0
      vertex 0.040140534805752075 2.2996496988597 -3.96875
    endloop
  endfacet
  facet normal 0 0 1
    outer loop
      vertex 0 2.3 0
      vertex 0.027705695219187573 1.587258216060771 0
      vertex 0.040140534805752075 2.2996496988597 0
    endloop
  endfacet
  facet normal -0.026176948307878017 0.999657324975557 0
    outer loop
      vertex 0.027705695219187573 -1.587258216060771 -3.96875
      vertex 0.027705695219187573 -1.587258216060771 0
      vertex 0.05540295101522028 -1.5865329378928144 -3.96875
    endloop
  endfacet
  facet normal 0 0 -1
    outer loop
      vertex 0.027705695219187573 -1.587258216060771 -3.96875
      vertex 0.05540295101522028 -1.5865329378928144 -3.96875
      vertex 0.08026884241575222 -2.29859890214392 -3.96875
    endloop
  endfacet
  facet normal 0 0 -1
    outer loop
      vertex 0.027705695219187573 -1.587258216060771 -3.96875
      vertex 0.08026884241575222 -2.29859890214392 -3.96875
      vertex 0.040140534805752075 -2.2996496988597 -3.96875
    endloop
  endfacet
  facet normal 0 0 1
    outer loop
      vertex 0.027705695219187573 -1.587258216060771 0
      vertex 0.040140534805752075 -2.2996496988597 0
      vertex 0.05540295101522028 -1.5865329378928144 0
    endloop
  endfacet
  facet normal -0.026176948307878017 0.999657324975557 0
    outer loop
      vertex 0.027705695219187573 -1.587258216060771 0
      vertex 0.05540295101522028 -1.5865329378928144 0
      vertex 0.05540295101522028 -1.5865329378928144 -3.96875
    endloop
  endfacet
  facet normal 0 0 -1
    outer loop
      vertex 0.027705695219187573 1.587258216060771 -3.96875
      vertex 0.040140534805752075 2.2996496988597 -3.96875
      vertex 0.05540295101522028 1.5865329378928144 -3.96875
    endloop
  endfacet
  facet normal -0.026176948307878017 -0.999657324975557 0
    outer loop
      vertex 0.027705695219187573 1.587258216060771 -3.96875
      vertex 0.05540295101522028 1.5865329378928144 -3.96875
      vertex 0.05540295101522028 1.5865329378928144 0
    endloop
  endfacet
  facet normal -0.026176948307878017 -0.999657324975557 0
    outer loop
      vertex 0.027705695219187573 1.587258216060771 -3.96875
      vertex 0.05540295101522028 1.5865329378928144 0
      vertex 0.027705695219187573 1.587258216060771 0
    endloop
  endfacet
  facet normal 0 0 1
    outer loop
      vertex 0.027705695219187573 1.587258216060771 0
      vertex 0.05540295101522028 1.5865329378928144 0
      vertex 0.08026884241575222 2.29859890214392 0
    endloop
  endfacet
  facet normal 0 0 1
    outer loop
      vertex 0.027705695219187573 1.587258216060771 0
      vertex 0.08026884241575222 2.29859890214392 0
      vertex 0.040140534805752075 2.2996496988597 0
    endloop
  endfacet
  facet normal 0.026176948307876105 -0.9996573249755573 0
    outer loop
      vertex 0.040140534805752075 -2.2996496988597 -3.96875
      vertex 0.08026884241575222 -2.29859890214392 -3.96875
      vertex 0.040140534805752075 -2.2996496988597 0
    endloop
  endfacet
  facet normal 0.026176948307876105 -0.9996573249755573 0
    outer loop
      vertex 0.040140534805752075 -2.2996496988597 0
      vertex 0.08026884241575222 -2.29859890214392 -3.96875
      vertex 0.08026884241575222 -2.29859890214392 0
    endloop
  endfacet
  facet normal 0 0 1
    outer loop
      vertex 0.040140534805752075 -2.2996496988597 0
      vertex 0.08026884241575222 -2.29859890214392 0
      vertex 0.05540295101522028 -1.5865329378928144 0
    endloop
  endfacet
  facet normal 0.026176948307876105 0.9996573249755573 0
    outer loop
      vertex 0.040140534805752075 2.2996496988597 -3.96875
      vertex 0.040140534805752075 2.2996496988597 0
      vertex 0.08026884241575222 2.29859890214392 0
    endloop
  endfacet
  facet normal 0 0 -1
    outer loop
      vertex 0.040140534805752075 2.2996496988597 -3.96875
      vertex 0.08026884241575222 2.29859890214392 -3.96875
      vertex 0.05540295101522028 1.5865329378928144 -3.96875
    endloop
  endfacet
  facet normal 0.026176948307876105 0.9996573249755573 0
    outer loop
      vertex 0.040140534805752075 2.2996496988597 -3.96875
      vertex 0.08026884241575222 2.29859890214392 0
      vertex 0.08026884241575222 2.29859890214392 -3.96875
    endloop
  endfacet
  facet normal -0.043619387365337436 0.9990482215818577 0
    outer loop
      vertex 0.05540295101522028 -1.5865329378928144 -3.96875
      vertex 0.05540295101522028 -1.5865329378928144 0
      vertex 0.08308333053567334 -1.5853243864228859 -3.96875
    endloop
  endfacet
  facet normal 0 0 -1
    outer loop
      vertex 0.05540295101522028 -1.5865329378928144 -3.96875
      vertex 0.08308333053567334 -1.5853243864228859 -3.96875
      vertex 0.1203726993587708 -2.29684792993552 -3.96875
    endloop
  endfacet
  facet normal 0 0 -1
    outer loop
      vertex 0.05540295101522028 -1.5865329378928144 -3.96875
      vertex 0.1203726993587708 -2.29684792993552 -3.96875
      vertex 0.08026884241575222 -2.29859890214392 -3.96875
    endloop
  endfacet
  facet normal 0 0 1
    outer loop
      vertex 0.05540295101522028 -1.5865329378928144 0
      vertex 0.08026884241575222 -2.29859890214392 0
      vertex 0.08308333053567334 -1.5853243864228859 0
    endloop
  endfacet
  facet normal -0.043619387365337436 0.9990482215818577 0
    outer loop
      vertex 0.05540295101522028 -1.5865329378928144 0
      vertex 0.08308333053567334 -1.5853243864228859 0
      vertex 0.08308333053567334 -1.5853243864228859 -3.96875
    endloop
  endfacet
  facet normal 0 0 -1
    outer loop
      vertex 0.05540295101522028 1.5865329378928144 -3.96875
      vertex 0.08026884241575222 2.29859890214392 -3.96875
      vertex 0.08308333053567334 1.5853243864228859 -3.96875
    endloop
  endfacet
  facet normal -0.043619387365337436 -0.9990482215818577 0
    outer loop
      vertex 0.05540295101522028 1.5865329378928144 -3.96875
      vertex 0.08308333053567334 1.5853243864228859 -3.96875
      vertex 0.08308333053567334 1.5853243864228859 0
    endloop
  endfacet
  facet normal -0.043619387365337436 -0.9990482215818577 0
    outer loop
      vertex 0.05540295101522028 1.5865329378928144 -3.96875
      vertex 0.08308333053567334 1.5853243864228859 0
      vertex 0.05540295101522028 1.5865329378928144 0
    endloop
  endfacet
  facet normal 0 0 1
    outer loop
      vertex 0.05540295101522028 1.5865329378928144 0
      vertex 0.08308333053567334 1.5853243864228859 0
      vertex 0.1203726993587708 2.29684792993552 0
    endloop
  endfacet
  facet normal 0 0 1
    outer loop
      vertex 0.05540295101522028 1.5865329378928144 0
      vertex 0.1203726993587708 2.29684792993552 0
      vertex 0.08026884241575222 2.29859890214392 0
    endloop
  endfacet
  facet normal 0.04361938736533849 -0.9990482215818576 0
    outer loop
      vertex 0.08026884241575222 -2.29859890214392 -3.96875
      vertex 0.1203726993587708 -2.29684792993552 -3.96875
      vertex 0.08026884241575222 -2.29859890214392 0
    endloop
  endfacet
  facet normal 0 0 1
    outer loop
      vertex 0.08026884241575222 -2.29859890214392 0
      vertex 0.11073840206879891 -1.5836329297874707 0
      vertex 0.08308333053567334 -1.5853243864228859 0
    endloop
  endfacet
  facet normal 0.04361938736533849 -0.9990482215818576 0
    outer loop
      vertex 0.08026884241575222 -2.29859890214392 0
      vertex 0.1203726993587708 -2.29684792993552 -3.96875
      vertex 0.1203726993587708 -2.29684792993552 0
    endloop
  endfacet
  facet normal 0 0 1
    outer loop
      vertex 0.08026884241575222 -2.29859890214392 0
      vertex 0.1203726993587708 -2.29684792993552 0
      vertex 0.11073840206879891 -1.5836329297874707 0
    endloop
  endfacet
  facet normal 0.04361938736533849 0.9990482215818576 0
    outer loop
      vertex 0.08026884241575222 2.29859890214392 -3.96875
      vertex 0.08026884241575222 2.29859890214392 0
      vertex 0.1203726993587708 2.29684792993552 0
    endloop
  endfacet
  facet normal 0 0 -1
    outer loop
      vertex 0.08026884241575222 2.29859890214392 -3.96875
      vertex 0.11073840206879891 1.5836329297874707 -3.96875
      vertex 0.08308333053567334 1.5853243864228859 -3.96875
    endloop
  endfacet
  facet normal 0 0 -1
    outer loop
      vertex 0.08026884241575222 2.29859890214392 -3.96875
      vertex 0.1203726993587708 2.29684792993552 -3.96875
      vertex 0.11073840206879891 1.5836329297874707 -3.96875
    endloop
  endfacet
  facet normal 0.04361938736533849 0.9990482215818576 0
    outer loop
      vertex 0.08026884241575222 2.29859890214392 -3.96875
      vertex 0.1203726993587708 2.29684792993552 0
      vertex 0.1203726993587708 2.29684792993552 -3.96875
    endloop
  endfacet
  facet normal -0.06104853953486096 0.9981347984218667 0
    outer loop
      vertex 0.08308333053567334 -1.5853243864228859 -3.96875
      vertex 0.08308333053567334 -1.5853243864228859 0
      vertex 0.11073840206879891 -1.5836329297874707 -3.96875
    endloop
  endfacet
  facet normal 0 0 -1
    outer loop
      vertex 0.08308333053567334 -1.5853243864228859 -3.96875
      vertex 0.11073840206879891 -1.5836329297874707 -3.96875
      vertex 0.1203726993587708 -2.29684792993552 -3.96875
    endloop
  endfacet
  facet normal -0.06104853953486096 0.9981347984218667 0
    outer loop
      vertex 0.08308333053567334 -1.5853243864228859 0
      vertex 0.11073840206879891 -1.5836329297874707 0
      vertex 0.11073840206879891 -1.5836329297874707 -3.96875
    endloop
  endfacet
  facet normal -0.06104853953486096 -0.9981347984218667 0
    outer loop
      vertex 0.08308333053567334 1.5853243864228859 -3.96875
      vertex 0.11073840206879891 1.5836329297874707 -3.96875
      vertex 0.11073840206879891 1.5836329297874707 0
    endloop
  endfacet
  facet normal -0.06104853953486096 -0.9981347984218667 0
    outer loop
      vertex 0.08308333053567334 1.5853243864228859 -3.96875
      vertex 0.11073840206879891 1.5836329297874707 0
      vertex 0.08308333053567334 1.5853243864228859 0
    endloop
  endfacet
  facet normal 0 0 1
    outer loop
      vertex 0.08308333053567334 1.5853243864228859 0
      vertex 0.11073840206879891 1.5836329297874707 0
      vertex 0.1203726993587708 2.29684792993552 0
    endloop
  endfacet
  facet normal -0.07845909572784078 0.9969173337331282 0
    outer loop
      vertex 0.11073840206879891 -1.5836329297874707 -3.96875
      vertex 0.11073840206879891 -1.5836329297874707 0
      vertex 0.13835974161190734 -1.5814590832206459 -3.96875
    endloop
  endfacet
  facet normal 0 0 -1
    outer loop
      vertex 0.11073840206879891 -1.5836329297874707 -3.96875
      vertex 0.13835974161190734 -1.5814590832206459 -3.96875
      vertex 0.1604398896114882 -2.2943973155975956 -3.96875
    endloop
  endfacet
  facet normal 0 0 -1
    outer loop
      vertex 0.11073840206879891 -1.5836329297874707 -3.96875
      vertex 0.1604398896114882 -2.2943973155975956 -3.96875
      vertex 0.1203726993587708 -2.29684792993552 -3.96875
    endloop
  endfacet
  facet normal 0 0 1
    outer loop
      vertex 0.11073840206879891 -1.5836329297874707 0
      vertex 0.1203726993587708 -2.29684792993552 0
      vertex 0.13835974161190734 -1.5814590832206459 0
    endloop
  endfacet
  facet normal -0.07845909572784078 0.9969173337331282 0
    outer loop
      vertex 0.11073840206879891 -1.5836329297874707 0
      vertex 0.13835974161190734 -1.5814590832206459 0
      vertex 0.13835974161190734 -1.5814590832206459 -3.96875
    endloop
  endfacet
  facet normal 0 0 -1
    outer loop
      vertex 0.11073840206879891 1.5836329297874707 -3.96875
      vertex 0.1203726993587708 2.29684792993552 -3.96875
      vertex 0.13835974161190734 1.5814590832206459 -3.96875
    endloop
  endfacet
  facet normal -0.07845909572784078 -0.9969173337331282 0
    outer loop
      vertex 0.11073840206879891 1.5836329297874707 -3.96875
      vertex 0.13835974161190734 1.5814590832206459 -3.96875
      vertex 0.13835974161190734 1.5814590832206459 0
    endloop
  endfacet
  facet normal -0.07845909572784078 -0.9969173337331282 0
    outer loop
      vertex 0.11073840206879891 1.5836329297874707 -3.96875
      vertex 0.13835974161190734 1.5814590832206459 0
      vertex 0.11073840206879891 1.5836329297874707 0
    endloop
  endfacet
  facet normal 0 0 1
    outer loop
      vertex 0.11073840206879891 1.5836329297874707 0
      vertex 0.13835974161190734 1.5814590832206459 0
      vertex 0.1604398896114882 2.2943973155975956 0
    endloop
  endfacet
  facet normal 0 0 1
    outer loop
      vertex 0.11073840206879891 1.5836329297874707 0
      vertex 0.1604398896114882 2.2943973155975956 0
      vertex 0.1203726993587708 2.29684792993552 0
    endloop
  endfacet
  facet normal 0.06104853953485711 -0.9981347984218669 0
    outer loop
      vertex 0.1203726993587708 -2.29684792993552 -3.96875
      vertex 0.1604398896114882 -2.2943973155975956 -3.96875
      vertex 0.1203726993587708 -2.29684792993552 0
    endloop
  endfacet
  facet normal 0.06104853953485711 -0.9981347984218669 0
    outer loop
      vertex 0.1203726993587708 -2.29684792993552 0
      vertex 0.1604398896114882 -2.2943973155975956 -3.96875
      vertex 0.1604398896114882 -2.2943973155975956 0
    endloop
  endfacet
  facet normal 0 0 1
    outer loop
      vertex 0.1203726993587708 -2.29684792993552 0
      vertex 0.1604398896114882 -2.2943973155975956 0
      vertex 0.13835974161190734 -1.5814590832206459 0
    endloop
  endfacet
  facet normal 0.06104853953485711 0.9981347984218669 0
    outer loop
      vertex 0.1203726993587708 2.29684792993552 -3.96875
      vertex 0.1203726993587708 2.29684792993552 0
      vertex 0.1604398896114882 2.2943973155975956 0
    endloop
  endfacet
  facet normal 0 0 -1
    outer loop
      vertex 0.1203726993587708 2.29684792993552 -3.96875
      vertex 0.1604398896114882 2.2943973155975956 -3.96875
      vertex 0.13835974161190734 1.5814590832206459 -3.96875
    endloop
  endfacet
  facet normal 0.06104853953485711 0.9981347984218669 0
    outer loop
      vertex 0.1203726993587708 2.29684792993552 -3.96875
      vertex 0.1604398896114882 2.2943973155975956 0
      vertex 0.1604398896114882 2.2943973155975956 -3.96875
    endloop
  endfacet
  facet normal -0.09584575252022559 0.9953961983671786 0
    outer loop
      vertex 0.13835974161190734 -1.5814590832206459 -3.96875
      vertex 0.13835974161190734 -1.5814590832206459 0
      vertex 0.16593893543739988 -1.5788035088971337 -3.96875
    endloop
  endfacet
  facet normal 0 0 -1
    outer loop
      vertex 0.13835974161190734 -1.5814590832206459 -3.96875
      vertex 0.16593893543739988 -1.5788035088971337 -3.96875
      vertex 0.20045820831961378 -2.2912478056110146 -3.96875
    endloop
  endfacet
  facet normal 0 0 -1
    outer loop
      vertex 0.13835974161190734 -1.5814590832206459 -3.96875
      vertex 0.20045820831961378 -2.2912478056110146 -3.96875
      vertex 0.1604398896114882 -2.2943973155975956 -3.96875
    endloop
  endfacet
  facet normal 0 0 1
    outer loop
      vertex 0.13835974161190734 -1.5814590832206459 0
      vertex 0.1604398896114882 -2.2943973155975956 0
      vertex 0.16593893543739988 -1.5788035088971337 0
    endloop
  endfacet
  facet normal -0.09584575252022559 0.9953961983671786 0
    outer loop
      vertex 0.13835974161190734 -1.5814590832206459 0
      vertex 0.16593893543739988 -1.5788035088971337 0
      vertex 0.16593893543739988 -1.5788035088971337 -3.96875
    endloop
  endfacet
  facet normal 0 0 -1
    outer loop
      vertex 0.13835974161190734 1.5814590832206459 -3.96875
      vertex 0.1604398896114882 2.2943973155975956 -3.96875
      vertex 0.16593893543739988 1.5788035088971337 -3.96875
    endloop
  endfacet
  facet normal -0.09584575252022559 -0.9953961983671786 0
    outer loop
      vertex 0.13835974161190734 1.5814590832206459 -3.96875
      vertex 0.16593893543739988 1.5788035088971337 -3.96875
      vertex 0.16593893543739988 1.5788035088971337 0
    endloop
  endfacet
  facet normal -0.09584575252022559 -0.9953961983671786 0
    outer loop
      vertex 0.13835974161190734 1.5814590832206459 -3.96875
      vertex 0.16593893543739988 1.5788035088971337 0
      vertex 0.13835974161190734 1.5814590832206459 0
    endloop
  endfacet
  facet normal 0 0 1
    outer loop
      vertex 0.13835974161190734 1.5814590832206459 0
      vertex 0.16593893543739988 1.5788035088971337 0
      vertex 0.20045820831961378 2.2912478056110146 0
    endloop
  endfacet
  facet normal 0 0 1
    outer loop
      vertex 0.13835974161190734 1.5814590832206459 0
      vertex 0.20045820831961378 2.2912478056110146 0
      vertex 0.1604398896114882 2.2943973155975956 0
    endloop
  endfacet
  facet normal 0.07845909572784471 -0.996917333733128 0
    outer loop
      vertex 0.1604398896114882 -2.2943973155975956 -3.96875
      vertex 0.20045820831961378 -2.2912478056110146 -3.96875
      vertex 0.1604398896114882 -2.2943973155975956 0
    endloop
  endfacet
  facet normal 0 0 1
    outer loop
      vertex 0.1604398896114882 -2.2943973155975956 0
      vertex 0.1934675826556716 -1.5756670157305985 0
      vertex 0.16593893543739988 -1.5788035088971337 0
    endloop
  endfacet
  facet normal 0.07845909572784471 -0.996917333733128 0
    outer loop
      vertex 0.1604398896114882 -2.2943973155975956 0
      vertex 0.20045820831961378 -2.2912478056110146 -3.96875
      vertex 0.20045820831961378 -2.2912478056110146 0
    endloop
  endfacet
  facet normal 0 0 1
    outer loop
      vertex 0.1604398896114882 -2.2943973155975956 0
      vertex 0.20045820831961378 -2.2912478056110146 0
      vertex 0.1934675826556716 -1.5756670157305985 0
    endloop
  endfacet
  facet normal 0.07845909572784471 0.996917333733128 0
    outer loop
      vertex 0.1604398896114882 2.2943973155975956 -3.96875
      vertex 0.1604398896114882 2.2943973155975956 0
      vertex 0.20045820831961378 2.2912478056110146 0
    endloop
  endfacet
  facet normal 0 0 -1
    outer loop
      vertex 0.1604398896114882 2.2943973155975956 -3.96875
      vertex 0.1934675826556716 1.5756670157305985 -3.96875
      vertex 0.16593893543739988 1.5788035088971337 -3.96875
    endloop
  endfacet
  facet normal 0 0 -1
    outer loop
      vertex 0.1604398896114882 2.2943973155975956 -3.96875
      vertex 0.20045820831961378 2.2912478056110146 -3.96875
      vertex 0.1934675826556716 1.5756670157305985 -3.96875
    endloop
  endfacet
  facet normal 0.07845909572784471 0.996917333733128 0
    outer loop
      vertex 0.1604398896114882 2.2943973155975956 -3.96875
      vertex 0.20045820831961378 2.2912478056110146 0
      vertex 0.20045820831961378 2.2912478056110146 -3.96875
    endloop
  endfacet
  facet normal -0.1132032137679068 0.9935718556765875 0
    outer loop
      vertex 0.16593893543739988 -1.5788035088971337 -3.96875
      vertex 0.16593893543739988 -1.5788035088971337 0
      vertex 0.1934675826556716 -1.5756670157305985 -3.96875
    endloop
  endfacet
  facet normal 0 0 -1
    outer loop
      vertex 0.16593893543739988 -1.5788035088971337 -3.96875
      vertex 0.1934675826556716 -1.5756670157305985 -3.96875
      vertex 0.20045820831961378 -2.2912478056110146 -3.96875
    endloop
  endfacet
  facet normal -0.1132032137679068 0.9935718556765875 0
    outer loop
      vertex 0.16593893543739988 -1.5788035088971337 0
      vertex 0.1934675826556716 -1.5756670157305985 0
      vertex 0.1934675826556716 -1.5756670157305985 -3.96875
    endloop
  endfacet
  facet normal -0.1132032137679068 -0.9935718556765875 0
    outer loop
      vertex 0.16593893543739988 1.5788035088971337 -3.96875
      vertex 0.1934675826556716 1.5756670157305985 -3.96875
      vertex 0.1934675826556716 1.5756670157305985 0
    endloop
  endfacet
  facet normal -0.1132032137679068 -0.9935718556765875 0
    outer loop
      vertex 0.16593893543739988 1.5788035088971337 -3.96875
      vertex 0.1934675826556716 1.5756670157305985 0
      vertex 0.16593893543739988 1.5788035088971337 0
    endloop
  endfacet
  facet normal 0 0 1
    outer loop
      vertex 0.16593893543739988 1.5788035088971337 0
      vertex 0.1934675826556716 1.5756670157305985 0
      vertex 0.20045820831961378 2.2912478056110146 0
    endloop
  endfacet
  facet normal -0.1305261922200437 0.9914448613738114 0
    outer loop
      vertex 0.1934675826556716 -1.5756670157305985 -3.96875
      vertex 0.1934675826556716 -1.5756670157305985 0
      vertex 0.22093729777410387 -1.572050559127243 -3.96875
    endloop
  endfacet
  facet normal 0 0 -1
    outer loop
      vertex 0.1934675826556716 -1.5756670157305985 -3.96875
      vertex 0.22093729777410387 -1.572050559127243 -3.96875
      vertex 0.24041546551560297 -2.2874003593470285 -3.96875
    endloop
  endfacet
  facet normal 0 0 -1
    outer loop
      vertex 0.1934675826556716 -1.5756670157305985 -3.96875
      vertex 0.24041546551560297 -2.2874003593470285 -3.96875
      vertex 0.20045820831961378 -2.2912478056110146 -3.96875
    endloop
  endfacet
  facet normal 0 0 1
    outer loop
      vertex 0.1934675826556716 -1.5756670157305985 0
      vertex 0.20045820831961378 -2.2912478056110146 0
      vertex 0.22093729777410387 -1.572050559127243 0
    endloop
  endfacet
  facet normal -0.1305261922200437 0.9914448613738114 0
    outer loop
      vertex 0.1934675826556716 -1.5756670157305985 0
      vertex 0.22093729777410387 -1.572050559127243 0
      vertex 0.22093729777410387 -1.572050559127243 -3.96875
    endloop
  endfacet
  facet normal 0 0 -1
    outer loop
      vertex 0.1934675826556716 1.5756670157305985 -3.96875
      vertex 0.20045820831961378 2.2912478056110146 -3.96875
      vertex 0.22093729777410387 1.572050559127243 -3.96875
    endloop
  endfacet
  facet normal -0.1305261922200437 -0.9914448613738114 0
    outer loop
      vertex 0.1934675826556716 1.5756670157305985 -3.96875
      vertex 0.22093729777410387 1.572050559127243 -3.96875
      vertex 0.22093729777410387 1.572050559127243 0
    endloop
  endfacet
  facet normal -0.1305261922200437 -0.9914448613738114 0
    outer loop
      vertex 0.1934675826556716 1.5756670157305985 -3.96875
      vertex 0.22093729777410387 1.572050559127243 0
      vertex 0.1934675826556716 1.5756670157305985 0
    endloop
  endfacet
  facet normal 0 0 1
    outer loop
      vertex 0.1934675826556716 1.5756670157305985 0
      vertex 0.22093729777410387 1.572050559127243 0
      vertex 0.24041546551560297 2.2874003593470285 0
    endloop
  endfacet
  facet normal 0 0 1
    outer loop
      vertex 0.1934675826556716 1.5756670157305985 0
      vertex 0.24041546551560297 2.2874003593470285 0
      vertex 0.20045820831961378 2.2912478056110146 0
    endloop
  endfacet
  facet normal 0.09584575252022627 -0.9953961983671785 0
    outer loop
      vertex 0.20045820831961378 -2.2912478056110146 -3.96875
      vertex 0.24041546551560297 -2.2874003593470285 -3.96875
      vertex 0.20045820831961378 -2.2912478056110146 0
    endloop
  endfacet
  facet normal 0.09584575252022627 -0.9953961983671785 0
    outer loop
      vertex 0.20045820831961378 -2.2912478056110146 0
      vertex 0.24041546551560297 -2.2874003593470285 -3.96875
      vertex 0.24041546551560297 -2.2874003593470285 0
    endloop
  endfacet
  facet normal 0 0 1
    outer loop
      vertex 0.20045820831961378 -2.2912478056110146 0
      vertex 0.24041546551560297 -2.2874003593470285 0
      vertex 0.22093729777410387 -1.572050559127243 0
    endloop
  endfacet
  facet normal 0.09584575252022627 0.9953961983671785 0
    outer loop
      vertex 0.20045820831961378 2.2912478056110146 -3.96875
      vertex 0.20045820831961378 2.2912478056110146 0
      vertex 0.24041546551560297 2.2874003593470285 0
    endloop
  endfacet
  facet normal 0 0 -1
    outer loop
      vertex 0.20045820831961378 2.2912478056110146 -3.96875
      vertex 0.24041546551560297 2.2874003593470285 -3.96875
      vertex 0.22093729777410387 1.572050559127243 -3.96875
    endloop
  endfacet
  facet normal 0.09584575252022627 0.9953961983671785 0
    outer loop
      vertex 0.20045820831961378 2.2912478056110146 -3.96875
      vertex 0.24041546551560297 2.2874003593470285 0
      vertex 0.24041546551560297 2.2874003593470285 -3.96875
    endloop
  endfacet
  facet normal -0.147809411129609 0.989015863361917 0
    outer loop
      vertex 0.22093729777410387 -1.572050559127243 -3.96875
      vertex 0.22093729777410387 -1.572050559127243 0
      vertex 0.2483397132513665 -1.5679552406947812 -3.96875
    endloop
  endfacet
  facet normal 0 0 -1
    outer loop
      vertex 0.22093729777410387 -1.572050559127243 -3.96875
      vertex 0.2483397132513665 -1.5679552406947812 -3.96875
      vertex 0.28029948983183917 -2.2828561487750405 -3.96875
    endloop
  endfacet
  facet normal 0 0 -1
    outer loop
      vertex 0.22093729777410387 -1.572050559127243 -3.96875
      vertex 0.28029948983183917 -2.2828561487750405 -3.96875
      vertex 0.24041546551560297 -2.2874003593470285 -3.96875
    endloop
  endfacet
  facet normal 0 0 1
    outer loop
      vertex 0.22093729777410387 -1.572050559127243 0
      vertex 0.24041546551560297 -2.2874003593470285 0
      vertex 0.2483397132513665 -1.5679552406947812 0
    endloop
  endfacet
  facet normal -0.147809411129609 0.989015863361917 0
    outer loop
      vertex 0.22093729777410387 -1.572050559127243 0
      vertex 0.2483397132513665 -1.5679552406947812 0
      vertex 0.2483397132513665 -1.5679552406947812 -3.96875
    endloop
  endfacet
  facet normal 0 0 -1
    outer loop
      vertex 0.22093729777410387 1.572050559127243 -3.96875
      vertex 0.24041546551560297 2.2874003593470285 -3.96875
      vertex 0.2483397132513665 1.5679552406947812 -3.96875
    endloop
  endfacet
  facet normal -0.147809411129609 -0.989015863361917 0
    outer loop
      vertex 0.22093729777410387 1.572050559127243 -3.96875
      vertex 0.2483397132513665 1.5679552406947812 -3.96875
      vertex 0.2483397132513665 1.5679552406947812 0
    endloop
  endfacet
  facet normal -0.147809411129609 -0.989015863361917 0
    outer loop
      vertex 0.22093729777410387 1.572050559127243 -3.96875
      vertex 0.2483397132513665 1.5679552406947812 0
      vertex 0.22093729777410387 1.572050559127243 0
    endloop
  endfacet
  facet normal 0 0 1
    outer loop
      vertex 0.22093729777410387 1.572050559127243 0
      vertex 0.2483397132513665 1.5679552406947812 0
      vertex 0.28029948983183917 2.2828561487750405 0
    endloop
  endfacet
  facet normal 0 0 1
    outer loop
      vertex 0.22093729777410387 1.572050559127243 0
      vertex 0.28029948983183917 2.2828561487750405 0
      vertex 0.24041546551560297 2.2874003593470285 0
    endloop
  endfacet
  facet normal 0.1132032137679057 -0.9935718556765876 0
    outer loop
      vertex 0.24041546551560297 -2.2874003593470285 -3.96875
      vertex 0.28029948983183917 -2.2828561487750405 -3.96875
      vertex 0.24041546551560297 -2.2874003593470285 0
    endloop
  endfacet
  facet normal 0.1132032137679057 -0.9935718556765876 0
    outer loop
      vertex 0.24041546551560297 -2.2874003593470285 0
      vertex 0.28029948983183917 -2.2828561487750405 -3.96875
      vertex 0.28029948983183917 -2.2828561487750405 0
    endloop
  endfacet
  facet normal 0 0 1
    outer loop
      vertex 0.24041546551560297 -2.2874003593470285 0
      vertex 0.28029948983183917 -2.2828561487750405 0
      vertex 0.2483397132513665 -1.5679552406947812 0
    endloop
  endfacet
  facet normal 0.1132032137679057 0.9935718556765876 0
    outer loop
      vertex 0.24041546551560297 2.2874003593470285 -3.96875
      vertex 0.24041546551560297 2.2874003593470285 0
      vertex 0.28029948983183917 2.2828561487750405 0
    endloop
  endfacet
  facet normal 0 0 -1
    outer loop
      vertex 0.24041546551560297 2.2874003593470285 -3.96875
      vertex 0.28029948983183917 2.2828561487750405 -3.96875
      vertex 0.2483397132513665 1.5679552406947812 -3.96875
    endloop
  endfacet
  facet normal 0.1132032137679057 0.9935718556765876 0
    outer loop
      vertex 0.24041546551560297 2.2874003593470285 -3.96875
      vertex 0.28029948983183917 2.2828561487750405 0
      vertex 0.28029948983183917 2.2828561487750405 -3.96875
    endloop
  endfacet
  facet normal -0.16504760586068903 0.9862856015372294 0
    outer loop
      vertex 0.2483397132513665 -1.5679552406947812 -3.96875
      vertex 0.2483397132513665 -1.5679552406947812 0
      vertex 0.2756664820462519 -1.56338230790688 -3.96875
    endloop
  endfacet
  facet normal 0 0 -1
    outer loop
      vertex 0.2483397132513665 -1.5679552406947812 -3.96875
      vertex 0.2756664820462519 -1.56338230790688 -3.96875
      vertex 0.28029948983183917 -2.2828561487750405 -3.96875
    endloop
  endfacet
  facet normal -0.16504760586068903 0.9862856015372294 0
    outer loop
      vertex 0.2483397132513665 -1.5679552406947812 0
      vertex 0.2756664820462519 -1.56338230790688 0
      vertex 0.2756664820462519 -1.56338230790688 -3.96875
    endloop
  endfacet
  facet normal 0 0 1
    outer loop
      vertex 0.2483397132513665 -1.5679552406947812 0
      vertex 0.28029948983183917 -2.2828561487750405 0
      vertex 0.2756664820462519 -1.56338230790688 0
    endloop
  endfacet
  facet normal -0.16504760586068903 -0.9862856015372294 0
    outer loop
      vertex 0.2483397132513665 1.5679552406947812 -3.96875
      vertex 0.2756664820462519 1.56338230790688 -3.96875
      vertex 0.2756664820462519 1.56338230790688 0
    endloop
  endfacet
  facet normal -0.16504760586068903 -0.9862856015372294 0
    outer loop
      vertex 0.2483397132513665 1.5679552406947812 -3.96875
      vertex 0.2756664820462519 1.56338230790688 0
      vertex 0.2483397132513665 1.5679552406947812 0
    endloop
  endfacet
  facet normal 0 0 -1
    outer loop
      vertex 0.2483397132513665 1.5679552406947812 -3.96875
      vertex 0.28029948983183917 2.2828561487750405 -3.96875
      vertex 0.2756664820462519 1.56338230790688 -3.96875
    endloop
  endfacet
  facet normal 0 0 1
    outer loop
      vertex 0.2483397132513665 1.5679552406947812 0
      vertex 0.2756664820462519 1.56338230790688 0
      vertex 0.28029948983183917 2.2828561487750405 0
    endloop
  endfacet
  facet normal -0.1822355254921434 0.9832549075639553 0
    outer loop
      vertex 0.2756664820462519 -1.56338230790688 -3.96875
      vertex 0.2756664820462519 -1.56338230790688 0
      vertex 0.30290928016026486 -1.5583331537231664 -3.96875
    endloop
  endfacet
  facet normal 0 0 -1
    outer loop
      vertex 0.2756664820462519 -1.56338230790688 -3.96875
      vertex 0.30290928016026486 -1.5583331537231664 -3.96875
      vertex 0.3200981322081505 -2.2776165581056116 -3.96875
    endloop
  endfacet
  facet normal 0 0 -1
    outer loop
      vertex 0.2756664820462519 -1.56338230790688 -3.96875
      vertex 0.3200981322081505 -2.2776165581056116 -3.96875
      vertex 0.28029948983183917 -2.2828561487750405 -3.96875
    endloop
  endfacet
  facet normal 0 0 1
    outer loop
      vertex 0.2756664820462519 -1.56338230790688 0
      vertex 0.28029948983183917 -2.2828561487750405 0
      vertex 0.30290928016026486 -1.5583331537231664 0
    endloop
  endfacet
  facet normal -0.1822355254921434 0.9832549075639553 0
    outer loop
      vertex 0.2756664820462519 -1.56338230790688 0
      vertex 0.30290928016026486 -1.5583331537231664 0
      vertex 0.30290928016026486 -1.5583331537231664 -3.96875
    endloop
  endfacet
  facet normal 0 0 -1
    outer loop
      vertex 0.2756664820462519 1.56338230790688 -3.96875
      vertex 0.28029948983183917 2.2828561487750405 -3.96875
      vertex 0.30290928016026486 1.5583331537231664 -3.96875
    endloop
  endfacet
  facet normal -0.1822355254921434 -0.9832549075639553 0
    outer loop
      vertex 0.2756664820462519 1.56338230790688 -3.96875
      vertex 0.30290928016026486 1.5583331537231664 -3.96875
      vertex 0.30290928016026486 1.5583331537231664 0
    endloop
  endfacet
  facet normal -0.1822355254921434 -0.9832549075639553 0
    outer loop
      vertex 0.2756664820462519 1.56338230790688 -3.96875
      vertex 0.30290928016026486 1.5583331537231664 0
      vertex 0.2756664820462519 1.56338230790688 0
    endloop
  endfacet
  facet normal 0 0 1
    outer loop
      vertex 0.2756664820462519 1.56338230790688 0
      vertex 0.30290928016026486 1.5583331537231664 0
      vertex 0.3200981322081505 2.2776165581056116 0
    endloop
  endfacet
  facet normal 0 0 1
    outer loop
      vertex 0.2756664820462519 1.56338230790688 0
      vertex 0.3200981322081505 2.2776165581056116 0
      vertex 0.28029948983183917 2.2828561487750405 0
    endloop
  endfacet
  facet normal 0.13052619222005066 -0.9914448613738105 0
    outer loop
      vertex 0.28029948983183917 -2.2828561487750405 -3.96875
      vertex 0.3200981322081505 -2.2776165581056116 -3.96875
      vertex 0.28029948983183917 -2.2828561487750405 0
    endloop
  endfacet
  facet normal 0.13052619222005066 -0.9914448613738105 0
    outer loop
      vertex 0.28029948983183917 -2.2828561487750405 0
      vertex 0.3200981322081505 -2.2776165581056116 -3.96875
      vertex 0.3200981322081505 -2.2776165581056116 0
    endloop
  endfacet
  facet normal 0 0 1
    outer loop
      vertex 0.28029948983183917 -2.2828561487750405 0
      vertex 0.3200981322081505 -2.2776165581056116 0
      vertex 0.30290928016026486 -1.5583331537231664 0
    endloop
  endfacet
  facet normal 0.13052619222005066 0.9914448613738105 0
    outer loop
      vertex 0.28029948983183917 2.2828561487750405 -3.96875
      vertex 0.28029948983183917 2.2828561487750405 0
      vertex 0.3200981322081505 2.2776165581056116 0
    endloop
  endfacet
  facet normal 0 0 -1
    outer loop
      vertex 0.28029948983183917 2.2828561487750405 -3.96875
      vertex 0.3200981322081505 2.2776165581056116 -3.96875
      vertex 0.30290928016026486 1.5583331537231664 -3.96875
    endloop
  endfacet
  facet normal 0.13052619222005066 0.9914448613738105 0
    outer loop
      vertex 0.28029948983183917 2.2828561487750405 -3.96875
      vertex 0.3200981322081505 2.2776165581056116 0
      vertex 0.3200981322081505 2.2776165581056116 -3.96875
    endloop
  endfacet
  facet normal -0.19936793441719552 0.9799247046208299 0
    outer loop
      vertex 0.30290928016026486 -1.5583331537231664 -3.96875
      vertex 0.30290928016026486 -1.5583331537231664 0
      vertex 0.33005980917319294 -1.5528093161649164 -3.96875
    endloop
  endfacet
  facet normal 0 0 -1
    outer loop
      vertex 0.30290928016026486 -1.5583331537231664 -3.96875
      vertex 0.33005980917319294 -1.5528093161649164 -3.96875
      vertex 0.35979926959253095 -2.271683183368817 -3.96875
    endloop
  endfacet
  facet normal 0 0 -1
    outer loop
      vertex 0.30290928016026486 -1.5583331537231664 -3.96875
      vertex 0.35979926959253095 -2.271683183368817 -3.96875
      vertex 0.3200981322081505 -2.2776165581056116 -3.96875
    endloop
  endfacet
  facet normal 0 0 1
    outer loop
      vertex 0.30290928016026486 -1.5583331537231664 0
      vertex 0.3200981322081505 -2.2776165581056116 0
      vertex 0.33005980917319294 -1.5528093161649164 0
    endloop
  endfacet
  facet normal -0.19936793441719552 0.9799247046208299 0
    outer loop
      vertex 0.30290928016026486 -1.5583331537231664 0
      vertex 0.33005980917319294 -1.5528093161649164 0
      vertex 0.33005980917319294 -1.5528093161649164 -3.96875
    endloop
  endfacet
  facet normal 0 0 -1
    outer loop
      vertex 0.30290928016026486 1.5583331537231664 -3.96875
      vertex 0.3200981322081505 2.2776165581056116 -3.96875
      vertex 0.33005980917319294 1.5528093161649164 -3.96875
    endloop
  endfacet
  facet normal -0.19936793441719552 -0.9799247046208299 0
    outer loop
      vertex 0.30290928016026486 1.5583331537231664 -3.96875
      vertex 0.33005980917319294 1.5528093161649164 -3.96875
      vertex 0.33005980917319294 1.5528093161649164 0
    endloop
  endfacet
  facet normal -0.19936793441719552 -0.9799247046208299 0
    outer loop
      vertex 0.30290928016026486 1.5583331537231664 -3.96875
      vertex 0.33005980917319294 1.5528093161649164 0
      vertex 0.30290928016026486 1.5583331537231664 0
    endloop
  endfacet
  facet normal 0 0 1
    outer loop
      vertex 0.30290928016026486 1.5583331537231664 0
      vertex 0.33005980917319294 1.5528093161649164 0
      vertex 0.35979926959253095 2.271683183368817 0
    endloop
  endfacet
  facet normal 0 0 1
    outer loop
      vertex 0.30290928016026486 1.5583331537231664 0
      vertex 0.35979926959253095 2.271683183368817 0
      vertex 0.3200981322081505 2.2776165581056116 0
    endloop
  endfacet
  facet normal 0.14780941112960377 -0.9890158633619179 0
    outer loop
      vertex 0.3200981322081505 -2.2776165581056116 -3.96875
      vertex 0.35979926959253095 -2.271683183368817 -3.96875
      vertex 0.3200981322081505 -2.2776165581056116 0
    endloop
  endfacet
  facet normal 0.14780941112960377 -0.9890158633619179 0
    outer loop
      vertex 0.3200981322081505 -2.2776165581056116 0
      vertex 0.35979926959253095 -2.271683183368817 -3.96875
      vertex 0.35979926959253095 -2.271683183368817 0
    endloop
  endfacet
  facet normal 0 0 1
    outer loop
      vertex 0.3200981322081505 -2.2776165581056116 0
      vertex 0.35979926959253095 -2.271683183368817 0
      vertex 0.33005980917319294 -1.5528093161649164 0
    endloop
  endfacet
  facet normal 0.14780941112960377 0.9890158633619179 0
    outer loop
      vertex 0.3200981322081505 2.2776165581056116 -3.96875
      vertex 0.3200981322081505 2.2776165581056116 0
      vertex 0.35979926959253095 2.271683183368817 0
    endloop
  endfacet
  facet normal 0 0 -1
    outer loop
      vertex 0.3200981322081505 2.2776165581056116 -3.96875
      vertex 0.35979926959253095 2.271683183368817 -3.96875
      vertex 0.33005980917319294 1.5528093161649164 -3.96875
    endloop
  endfacet
  facet normal 0.14780941112960377 0.9890158633619179 0
    outer loop
      vertex 0.3200981322081505 2.2776165581056116 -3.96875
      vertex 0.35979926959253095 2.271683183368817 0
      vertex 0.35979926959253095 2.271683183368817 -3.96875
    endloop
  endfacet
  facet normal -0.21643961393810254 0.9762960071199334 0
    outer loop
      vertex 0.33005980917319294 -1.5528093161649164 -3.96875
      vertex 0.33005980917319294 -1.5528093161649164 0
      vertex 0.35710979877088567 -1.5468124778465608 -3.96875
    endloop
  endfacet
  facet normal 0 0 -1
    outer loop
      vertex 0.33005980917319294 -1.5528093161649164 -3.96875
      vertex 0.35710979877088567 -1.5468124778465608 -3.96875
      vertex 0.35979926959253095 -2.271683183368817 -3.96875
    endloop
  endfacet
  facet normal -0.21643961393810254 0.9762960071199334 0
    outer loop
      vertex 0.33005980917319294 -1.5528093161649164 0
      vertex 0.35710979877088567 -1.5468124778465608 0
      vertex 0.35710979877088567 -1.5468124778465608 -3.96875
    endloop
  endfacet
  facet normal 0 0 1
    outer loop
      vertex 0.33005980917319294 -1.5528093161649164 0
      vertex 0.35979926959253095 -2.271683183368817 0
      vertex 0.35710979877088567 -1.5468124778465608 0
    endloop
  endfacet
  facet normal -0.21643961393810254 -0.9762960071199334 0
    outer loop
      vertex 0.33005980917319294 1.5528093161649164 -3.96875
      vertex 0.35710979877088567 1.5468124778465608 -3.96875
      vertex 0.35710979877088567 1.5468124778465608 0
    endloop
  endfacet
  facet normal -0.21643961393810254 -0.9762960071199334 0
    outer loop
      vertex 0.33005980917319294 1.5528093161649164 -3.96875
      vertex 0.35710979877088567 1.5468124778465608 0
      vertex 0.33005980917319294 1.5528093161649164 0
    endloop
  endfacet
  facet normal 0 0 -1
    outer loop
      vertex 0.33005980917319294 1.5528093161649164 -3.96875
      vertex 0.35979926959253095 2.271683183368817 -3.96875
      vertex 0.35710979877088567 1.5468124778465608 -3.96875
    endloop
  endfacet
  facet normal 0 0 1
    outer loop
      vertex 0.33005980917319294 1.5528093161649164 0
      vertex 0.35710979877088567 1.5468124778465608 0
      vertex 0.35979926959253095 2.271683183368817 0
    endloop
  endfacet
  facet normal -0.2334453638559022 0.9723699203976773 0
    outer loop
      vertex 0.35710979877088567 -1.5468124778465608 -3.96875
      vertex 0.35710979877088567 -1.5468124778465608 0
      vertex 0.3840510092644725 -1.5403444654631444 -3.96875
    endloop
  endfacet
  facet normal 0 0 -1
    outer loop
      vertex 0.35710979877088567 -1.5468124778465608 -3.96875
      vertex 0.3840510092644725 -1.5403444654631444 -3.96875
      vertex 0.3993908086339397 -2.265057831928078 -3.96875
    endloop
  endfacet
  facet normal 0 0 -1
    outer loop
      vertex 0.35710979877088567 -1.5468124778465608 -3.96875
      vertex 0.3993908086339397 -2.265057831928078 -3.96875
      vertex 0.35979926959253095 -2.271683183368817 -3.96875
    endloop
  endfacet
  facet normal 0 0 1
    outer loop
      vertex 0.35710979877088567 -1.5468124778465608 0
      vertex 0.35979926959253095 -2.271683183368817 0
      vertex 0.3840510092644725 -1.5403444654631444 0
    endloop
  endfacet
  facet normal -0.2334453638559022 0.9723699203976773 0
    outer loop
      vertex 0.35710979877088567 -1.5468124778465608 0
      vertex 0.3840510092644725 -1.5403444654631444 0
      vertex 0.3840510092644725 -1.5403444654631444 -3.96875
    endloop
  endfacet
  facet normal 0 0 -1
    outer loop
      vertex 0.35710979877088567 1.5468124778465608 -3.96875
      vertex 0.35979926959253095 2.271683183368817 -3.96875
      vertex 0.3840510092644725 1.5403444654631444 -3.96875
    endloop
  endfacet
  facet normal -0.2334453638559022 -0.9723699203976773 0
    outer loop
      vertex 0.35710979877088567 1.5468124778465608 -3.96875
      vertex 0.3840510092644725 1.5403444654631444 -3.96875
      vertex 0.3840510092644725 1.5403444654631444 0
    endloop
  endfacet
  facet normal -0.2334453638559022 -0.9723699203976773 0
    outer loop
      vertex 0.35710979877088567 1.5468124778465608 -3.96875
      vertex 0.3840510092644725 1.5403444654631444 0
      vertex 0.35710979877088567 1.5468124778465608 0
    endloop
  endfacet
  facet normal 0 0 1
    outer loop
      vertex 0.35710979877088567 1.5468124778465608 0
      vertex 0.3840510092644725 1.5403444654631444 0
      vertex 0.3993908086339397 2.265057831928078 0
    endloop
  endfacet
  facet normal 0 0 1
    outer loop
      vertex 0.35710979877088567 1.5468124778465608 0
      vertex 0.3993908086339397 2.265057831928078 0
      vertex 0.35979926959253095 2.271683183368817 0
    endloop
  endfacet
  facet normal 0.16504760586069234 -0.9862856015372289 0
    outer loop
      vertex 0.35979926959253095 -2.271683183368817 -3.96875
      vertex 0.3993908086339397 -2.265057831928078 -3.96875
      vertex 0.35979926959253095 -2.271683183368817 0
    endloop
  endfacet
  facet normal 0.16504760586069234 -0.9862856015372289 0
    outer loop
      vertex 0.35979926959253095 -2.271683183368817 0
      vertex 0.3993908086339397 -2.265057831928078 -3.96875
      vertex 0.3993908086339397 -2.265057831928078 0
    endloop
  endfacet
  facet normal 0 0 1
    outer loop
      vertex 0.35979926959253095 -2.271683183368817 0
      vertex 0.3993908086339397 -2.265057831928078 0
      vertex 0.3840510092644725 -1.5403444654631444 0
    endloop
  endfacet
  facet normal 0.16504760586069234 0.9862856015372289 0
    outer loop
      vertex 0.35979926959253095 2.271683183368817 -3.96875
      vertex 0.35979926959253095 2.271683183368817 0
      vertex 0.3993908086339397 2.265057831928078 0
    endloop
  endfacet
  facet normal 0 0 -1
    outer loop
      vertex 0.35979926959253095 2.271683183368817 -3.96875
      vertex 0.3993908086339397 2.265057831928078 -3.96875
      vertex 0.3840510092644725 1.5403444654631444 -3.96875
    endloop
  endfacet
  facet normal 0.16504760586069234 0.9862856015372289 0
    outer loop
      vertex 0.35979926959253095 2.271683183368817 -3.96875
      vertex 0.3993908086339397 2.265057831928078 0
      vertex 0.3993908086339397 2.265057831928078 -3.96875
    endloop
  endfacet
  facet normal -0.25038000405444105 0.9681476403781079 0
    outer loop
      vertex 0.3840510092644725 -1.5403444654631444 -3.96875
      vertex 0.3840510092644725 -1.5403444654631444 0
      vertex 0.4108752341002517 -1.533407249233896 -3.96875
    endloop
  endfacet
  facet normal 0 0 -1
    outer loop
      vertex 0.3840510092644725 -1.5403444654631444 -3.96875
      vertex 0.4108752341002517 -1.533407249233896 -3.96875
      vertex 0.438860689366053 -2.257742521929627 -3.96875
    endloop
  endfacet
  facet normal 0 0 -1
    outer loop
      vertex 0.3840510092644725 -1.5403444654631444 -3.96875
      vertex 0.438860689366053 -2.257742521929627 -3.96875
      vertex 0.3993908086339397 -2.265057831928078 -3.96875
    endloop
  endfacet
  facet normal 0 0 1
    outer loop
      vertex 0.3840510092644725 -1.5403444654631444 0
      vertex 0.3993908086339397 -2.265057831928078 0
      vertex 0.4108752341002517 -1.533407249233896 0
    endloop
  endfacet
  facet normal -0.25038000405444105 0.9681476403781079 0
    outer loop
      vertex 0.3840510092644725 -1.5403444654631444 0
      vertex 0.4108752341002517 -1.533407249233896 0
      vertex 0.4108752341002517 -1.533407249233896 -3.96875
    endloop
  endfacet
  facet normal 0 0 -1
    outer loop
      vertex 0.3840510092644725 1.5403444654631444 -3.96875
      vertex 0.3993908086339397 2.265057831928078 -3.96875
      vertex 0.4108752341002517 1.533407249233896 -3.96875
    endloop
  endfacet
  facet normal -0.25038000405444105 -0.9681476403781079 0
    outer loop
      vertex 0.3840510092644725 1.5403444654631444 -3.96875
      vertex 0.4108752341002517 1.533407249233896 -3.96875
      vertex 0.4108752341002517 1.533407249233896 0
    endloop
  endfacet
  facet normal -0.25038000405444105 -0.9681476403781079 0
    outer loop
      vertex 0.3840510092644725 1.5403444654631444 -3.96875
      vertex 0.4108752341002517 1.533407249233896 0
      vertex 0.3840510092644725 1.5403444654631444 0
    endloop
  endfacet
  facet normal 0 0 1
    outer loop
      vertex 0.3840510092644725 1.5403444654631444 0
      vertex 0.4108752341002517 1.533407249233896 0
      vertex 0.438860689366053 2.257742521929627 0
    endloop
  endfacet
  facet normal 0 0 1
    outer loop
      vertex 0.3840510092644725 1.5403444654631444 0
      vertex 0.438860689366053 2.257742521929627 0
      vertex 0.3993908086339397 2.265057831928078 0
    endloop
  endfacet
  facet normal 0.18223552549213895 -0.9832549075639562 0
    outer loop
      vertex 0.3993908086339397 -2.265057831928078 -3.96875
      vertex 0.438860689366053 -2.257742521929627 -3.96875
      vertex 0.3993908086339397 -2.265057831928078 0
    endloop
  endfacet
  facet normal 0.18223552549213895 -0.9832549075639562 0
    outer loop
      vertex 0.3993908086339397 -2.265057831928078 0
      vertex 0.438860689366053 -2.257742521929627 -3.96875
      vertex 0.438860689366053 -2.257742521929627 0
    endloop
  endfacet
  facet normal 0 0 1
    outer loop
      vertex 0.3993908086339397 -2.265057831928078 0
      vertex 0.438860689366053 -2.257742521929627 0
      vertex 0.4108752341002517 -1.533407249233896 0
    endloop
  endfacet
  facet normal 0.18223552549213895 0.9832549075639562 0
    outer loop
      vertex 0.3993908086339397 2.265057831928078 -3.96875
      vertex 0.3993908086339397 2.265057831928078 0
      vertex 0.438860689366053 2.257742521929627 0
    endloop
  endfacet
  facet normal 0 0 -1
    outer loop
      vertex 0.3993908086339397 2.265057831928078 -3.96875
      vertex 0.438860689366053 2.257742521929627 -3.96875
      vertex 0.4108752341002517 1.533407249233896 -3.96875
    endloop
  endfacet
  facet normal 0.18223552549213895 0.9832549075639562 0
    outer loop
      vertex 0.3993908086339397 2.265057831928078 -3.96875
      vertex 0.438860689366053 2.257742521929627 0
      vertex 0.438860689366053 2.257742521929627 -3.96875
    endloop
  endfacet
  facet normal -0.26723837607826084 0.963630453208622 0
    outer loop
      vertex 0.4108752341002517 -1.533407249233896 -3.96875
      vertex 0.4108752341002517 -1.533407249233896 0
      vertex 0.43757430235948613 -1.5260029423020811 -3.96875
    endloop
  endfacet
  facet normal 0 0 -1
    outer loop
      vertex 0.4108752341002517 -1.533407249233896 -3.96875
      vertex 0.43757430235948613 -1.5260029423020811 -3.96875
      vertex 0.438860689366053 -2.257742521929627 -3.96875
    endloop
  endfacet
  facet normal -0.26723837607826084 0.963630453208622 0
    outer loop
      vertex 0.4108752341002517 -1.533407249233896 0
      vertex 0.43757430235948613 -1.5260029423020811 0
      vertex 0.43757430235948613 -1.5260029423020811 -3.96875
    endloop
  endfacet
  facet normal 0 0 1
    outer loop
      vertex 0.4108752341002517 -1.533407249233896 0
      vertex 0.438860689366053 -2.257742521929627 0
      vertex 0.43757430235948613 -1.5260029423020811 0
    endloop
  endfacet
  facet normal -0.26723837607826084 -0.963630453208622 0
    outer loop
      vertex 0.4108752341002517 1.533407249233896 -3.96875
      vertex 0.43757430235948613 1.5260029423020811 -3.96875
      vertex 0.43757430235948613 1.5260029423020811 0
    endloop
  endfacet
  facet normal -0.26723837607826084 -0.963630453208622 0
    outer loop
      vertex 0.4108752341002517 1.533407249233896 -3.96875
      vertex 0.43757430235948613 1.5260029423020811 0
      vertex 0.4108752341002517 1.533407249233896 0
    endloop
  endfacet
  facet normal 0 0 -1
    outer loop
      vertex 0.4108752341002517 1.533407249233896 -3.96875
      vertex 0.438860689366053 2.257742521929627 -3.96875
      vertex 0.43757430235948613 1.5260029423020811 -3.96875
    endloop
  endfacet
  facet normal 0 0 1
    outer loop
      vertex 0.4108752341002517 1.533407249233896 0
      vertex 0.43757430235948613 1.5260029423020811 0
      vertex 0.438860689366053 2.257742521929627 0
    endloop
  endfacet
  facet normal -0.2840153447039229 0.9588197348681929 0
    outer loop
      vertex 0.43757430235948613 -1.5260029423020811 -3.96875
      vertex 0.43757430235948613 -1.5260029423020811 0
      vertex 0.46414008124734457 -1.5181338000913187 -3.96875
    endloop
  endfacet
  facet normal 0 0 -1
    outer loop
      vertex 0.43757430235948613 -1.5260029423020811 -3.96875
      vertex 0.46414008124734457 -1.5181338000913187 -3.96875
      vertex 0.47819688888084644 -2.2497394816877527 -3.96875
    endloop
  endfacet
  facet normal 0 0 -1
    outer loop
      vertex 0.43757430235948613 -1.5260029423020811 -3.96875
      vertex 0.47819688888084644 -2.2497394816877527 -3.96875
      vertex 0.438860689366053 -2.257742521929627 -3.96875
    endloop
  endfacet
  facet normal 0 0 1
    outer loop
      vertex 0.43757430235948613 -1.5260029423020811 0
      vertex 0.438860689366053 -2.257742521929627 0
      vertex 0.46414008124734457 -1.5181338000913187 0
    endloop
  endfacet
  facet normal -0.2840153447039229 0.9588197348681929 0
    outer loop
      vertex 0.43757430235948613 -1.5260029423020811 0
      vertex 0.46414008124734457 -1.5181338000913187 0
      vertex 0.46414008124734457 -1.5181338000913187 -3.96875
    endloop
  endfacet
  facet normal 0 0 -1
    outer loop
      vertex 0.43757430235948613 1.5260029423020811 -3.96875
      vertex 0.438860689366053 2.257742521929627 -3.96875
      vertex 0.46414008124734457 1.5181338000913187 -3.96875
    endloop
  endfacet
  facet normal -0.2840153447039229 -0.9588197348681929 0
    outer loop
      vertex 0.43757430235948613 1.5260029423020811 -3.96875
      vertex 0.46414008124734457 1.5181338000913187 -3.96875
      vertex 0.46414008124734457 1.5181338000913187 0
    endloop
  endfacet
  facet normal -0.2840153447039229 -0.9588197348681929 0
    outer loop
      vertex 0.43757430235948613 1.5260029423020811 -3.96875
      vertex 0.46414008124734457 1.5181338000913187 0
      vertex 0.43757430235948613 1.5260029423020811 0
    endloop
  endfacet
  facet normal 0 0 1
    outer loop
      vertex 0.43757430235948613 1.5260029423020811 0
      vertex 0.46414008124734457 1.5181338000913187 0
      vertex 0.47819688888084644 2.2497394816877527 0
    endloop
  endfacet
  facet normal 0 0 1
    outer loop
      vertex 0.43757430235948613 1.5260029423020811 0
      vertex 0.47819688888084644 2.2497394816877527 0
      vertex 0.438860689366053 2.257742521929627 0
    endloop
  endfacet
  facet normal 0.1993679344172002 -0.9799247046208289 0
    outer loop
      vertex 0.438860689366053 -2.257742521929627 -3.96875
      vertex 0.47819688888084644 -2.2497394816877527 -3.96875
      vertex 0.438860689366053 -2.257742521929627 0
    endloop
  endfacet
  facet normal 0.1993679344172002 -0.9799247046208289 0
    outer loop
      vertex 0.438860689366053 -2.257742521929627 0
      vertex 0.47819688888084644 -2.2497394816877527 -3.96875
      vertex 0.47819688888084644 -2.2497394816877527 0
    endloop
  endfacet
  facet normal 0 0 1
    outer loop
      vertex 0.438860689366053 -2.257742521929627 0
      vertex 0.47819688888084644 -2.2497394816877527 0
      vertex 0.46414008124734457 -1.5181338000913187 0
    endloop
  endfacet
  facet normal 0.1993679344172002 0.9799247046208289 0
    outer loop
      vertex 0.438860689366053 2.257742521929627 -3.96875
      vertex 0.438860689366053 2.257742521929627 0
      vertex 0.47819688888084644 2.2497394816877527 0
    endloop
  endfacet
  facet normal 0 0 -1
    outer loop
      vertex 0.438860689366053 2.257742521929627 -3.96875
      vertex 0.47819688888084644 2.2497394816877527 -3.96875
      vertex 0.46414008124734457 1.5181338000913187 -3.96875
    endloop
  endfacet
  facet normal 0.1993679344172002 0.9799247046208289 0
    outer loop
      vertex 0.438860689366053 2.257742521929627 -3.96875
      vertex 0.47819688888084644 2.2497394816877527 0
      vertex 0.47819688888084644 2.2497394816877527 -3.96875
    endloop
  endfacet
  facet normal -0.30070579950427684 0.9537169507482257 0
    outer loop
      vertex 0.46414008124734457 -1.5181338000913187 -3.96875
      vertex 0.46414008124734457 -1.5181338000913187 0
      vertex 0.49056447857022895 -1.509802219618556 -3.96875
    endloop
  endfacet
  facet normal 0 0 -1
    outer loop
      vertex 0.46414008124734457 -1.5181338000913187 -3.96875
      vertex 0.49056447857022895 -1.509802219618556 -3.96875
      vertex 0.5173874249908895 -2.241051149006041 -3.96875
    endloop
  endfacet
  facet normal 0 0 -1
    outer loop
      vertex 0.46414008124734457 -1.5181338000913187 -3.96875
      vertex 0.5173874249908895 -2.241051149006041 -3.96875
      vertex 0.47819688888084644 -2.2497394816877527 -3.96875
    endloop
  endfacet
  facet normal 0 0 1
    outer loop
      vertex 0.46414008124734457 -1.5181338000913187 0
      vertex 0.47819688888084644 -2.2497394816877527 0
      vertex 0.49056447857022895 -1.509802219618556 0
    endloop
  endfacet
  facet normal -0.30070579950427684 0.9537169507482257 0
    outer loop
      vertex 0.46414008124734457 -1.5181338000913187 0
      vertex 0.49056447857022895 -1.509802219618556 0
      vertex 0.49056447857022895 -1.509802219618556 -3.96875
    endloop
  endfacet
  facet normal 0 0 -1
    outer loop
      vertex 0.46414008124734457 1.5181338000913187 -3.96875
      vertex 0.47819688888084644 2.2497394816877527 -3.96875
      vertex 0.49056447857022895 1.509802219618556 -3.96875
    endloop
  endfacet
  facet normal -0.30070579950427684 -0.9537169507482257 0
    outer loop
      vertex 0.46414008124734457 1.5181338000913187 -3.96875
      vertex 0.49056447857022895 1.509802219618556 -3.96875
      vertex 0.49056447857022895 1.509802219618556 0
    endloop
  endfacet
  facet normal -0.30070579950427684 -0.9537169507482257 0
    outer loop
      vertex 0.46414008124734457 1.5181338000913187 -3.96875
      vertex 0.49056447857022895 1.509802219618556 0
      vertex 0.46414008124734457 1.5181338000913187 0
    endloop
  endfacet
  facet normal 0 0 1
    outer loop
      vertex 0.46414008124734457 1.5181338000913187 0
      vertex 0.49056447857022895 1.509802219618556 0
      vertex 0.5173874249908895 2.241051149006041 0
    endloop
  endfacet
  facet normal 0 0 1
    outer loop
      vertex 0.46414008124734457 1.5181338000913187 0
      vertex 0.5173874249908895 2.241051149006041 0
      vertex 0.47819688888084644 2.2497394816877527 0
    endloop
  endfacet
  facet normal 0.2164396139380983 -0.9762960071199344 0
    outer loop
      vertex 0.47819688888084644 -2.2497394816877527 -3.96875
      vertex 0.5173874249908895 -2.241051149006041 -3.96875
      vertex 0.47819688888084644 -2.2497394816877527 0
    endloop
  endfacet
  facet normal 0.2164396139380983 -0.9762960071199344 0
    outer loop
      vertex 0.47819688888084644 -2.2497394816877527 0
      vertex 0.5173874249908895 -2.241051149006041 -3.96875
      vertex 0.5173874249908895 -2.241051149006041 0
    endloop
  endfacet
  facet normal 0 0 1
    outer loop
      vertex 0.47819688888084644 -2.2497394816877527 0
      vertex 0.5173874249908895 -2.241051149006041 0
      vertex 0.49056447857022895 -1.509802219618556 0
    endloop
  endfacet
  facet normal 0.2164396139380983 0.9762960071199344 0
    outer loop
      vertex 0.47819688888084644 2.2497394816877527 -3.96875
      vertex 0.47819688888084644 2.2497394816877527 0
      vertex 0.5173874249908895 2.241051149006041 0
    endloop
  endfacet
  facet normal 0 0 -1
    outer loop
      vertex 0.47819688888084644 2.2497394816877527 -3.96875
      vertex 0.5173874249908895 2.241051149006041 -3.96875
      vertex 0.49056447857022895 1.509802219618556 -3.96875
    endloop
  endfacet
  facet normal 0.2164396139380983 0.9762960071199344 0
    outer loop
      vertex 0.47819688888084644 2.2497394816877527 -3.96875
      vertex 0.5173874249908895 2.241051149006041 0
      vertex 0.5173874249908895 2.241051149006041 -3.96875
    endloop
  endfacet
  facet normal -0.31730465640508804 0.9483236552062005 0
    outer loop
      vertex 0.49056447857022895 -1.509802219618556 -3.96875
      vertex 0.49056447857022895 -1.509802219618556 0
      vertex 0.5168394452007362 -1.5010107387639153 -3.96875
    endloop
  endfacet
  facet normal 0 0 -1
    outer loop
      vertex 0.49056447857022895 -1.509802219618556 -3.96875
      vertex 0.5168394452007362 -1.5010107387639153 -3.96875
      vertex 0.5173874249908895 -2.241051149006041 -3.96875
    endloop
  endfacet
  facet normal -0.31730465640508804 0.9483236552062005 0
    outer loop
      vertex 0.49056447857022895 -1.509802219618556 0
      vertex 0.5168394452007362 -1.5010107387639153 0
      vertex 0.5168394452007362 -1.5010107387639153 -3.96875
    endloop
  endfacet
  facet normal 0 0 1
    outer loop
      vertex 0.49056447857022895 -1.509802219618556 0
      vertex 0.5173874249908895 -2.241051149006041 0
      vertex 0.5168394452007362 -1.5010107387639153 0
    endloop
  endfacet
  facet normal -0.31730465640508804 -0.9483236552062005 0
    outer loop
      vertex 0.49056447857022895 1.509802219618556 -3.96875
      vertex 0.5168394452007362 1.5010107387639153 -3.96875
      vertex 0.5168394452007362 1.5010107387639153 0
    endloop
  endfacet
  facet normal -0.31730465640508804 -0.9483236552062005 0
    outer loop
      vertex 0.49056447857022895 1.509802219618556 -3.96875
      vertex 0.5168394452007362 1.5010107387639153 0
      vertex 0.49056447857022895 1.509802219618556 0
    endloop
  endfacet
  facet normal 0 0 -1
    outer loop
      vertex 0.49056447857022895 1.509802219618556 -3.96875
      vertex 0.5173874249908895 2.241051149006041 -3.96875
      vertex 0.5168394452007362 1.5010107387639153 -3.96875
    endloop
  endfacet
  facet normal 0 0 1
    outer loop
      vertex 0.49056447857022895 1.509802219618556 0
      vertex 0.5168394452007362 1.5010107387639153 0
      vertex 0.5173874249908895 2.241051149006041 0
    endloop
  endfacet
  facet normal -0.33380685923376957 0.9426414910921789 0
    outer loop
      vertex 0.5168394452007362 -1.5010107387639153 -3.96875
      vertex 0.5168394452007362 -1.5010107387639153 0
      vertex 0.542956977529499 -1.4917620354976295 -3.96875
    endloop
  endfacet
  facet normal 0 0 -1
    outer loop
      vertex 0.5168394452007362 -1.5010107387639153 -3.96875
      vertex 0.542956977529499 -1.4917620354976295 -3.96875
      vertex 0.5564203598792358 -2.2316801704347915 -3.96875
    endloop
  endfacet
  facet normal 0 0 -1
    outer loop
      vertex 0.5168394452007362 -1.5010107387639153 -3.96875
      vertex 0.5564203598792358 -2.2316801704347915 -3.96875
      vertex 0.5173874249908895 -2.241051149006041 -3.96875
    endloop
  endfacet
  facet normal 0 0 1
    outer loop
      vertex 0.5168394452007362 -1.5010107387639153 0
      vertex 0.5173874249908895 -2.241051149006041 0
      vertex 0.542956977529499 -1.4917620354976295 0
    endloop
  endfacet
  facet normal -0.33380685923376957 0.9426414910921789 0
    outer loop
      vertex 0.5168394452007362 -1.5010107387639153 0
      vertex 0.542956977529499 -1.4917620354976295 0
      vertex 0.542956977529499 -1.4917620354976295 -3.96875
    endloop
  endfacet
  facet normal 0 0 -1
    outer loop
      vertex 0.5168394452007362 1.5010107387639153 -3.96875
      vertex 0.5173874249908895 2.241051149006041 -3.96875
      vertex 0.542956977529499 1.4917620354976295 -3.96875
    endloop
  endfacet
  facet normal -0.33380685923376957 -0.9426414910921789 0
    outer loop
      vertex 0.5168394452007362 1.5010107387639153 -3.96875
      vertex 0.542956977529499 1.4917620354976295 -3.96875
      vertex 0.542956977529499 1.4917620354976295 0
    endloop
  endfacet
  facet normal -0.33380685923376957 -0.9426414910921789 0
    outer loop
      vertex 0.5168394452007362 1.5010107387639153 -3.96875
      vertex 0.542956977529499 1.4917620354976295 0
      vertex 0.5168394452007362 1.5010107387639153 0
    endloop
  endfacet
  facet normal 0 0 1
    outer loop
      vertex 0.5168394452007362 1.5010107387639153 0
      vertex 0.542956977529499 1.4917620354976295 0
      vertex 0.5564203598792358 2.2316801704347915 0
    endloop
  endfacet
  facet normal 0 0 1
    outer loop
      vertex 0.5168394452007362 1.5010107387639153 0
      vertex 0.5564203598792358 2.2316801704347915 0
      vertex 0.5173874249908895 2.241051149006041 0
    endloop
  endfacet
  facet normal 0.23344536385591322 -0.9723699203976748 0
    outer loop
      vertex 0.5173874249908895 -2.241051149006041 -3.96875
      vertex 0.5564203598792358 -2.2316801704347915 -3.96875
      vertex 0.5173874249908895 -2.241051149006041 0
    endloop
  endfacet
  facet normal 0.23344536385591322 -0.9723699203976748 0
    outer loop
      vertex 0.5173874249908895 -2.241051149006041 0
      vertex 0.5564203598792358 -2.2316801704347915 -3.96875
      vertex 0.5564203598792358 -2.2316801704347915 0
    endloop
  endfacet
  facet normal 0 0 1
    outer loop
      vertex 0.5173874249908895 -2.241051149006041 0
      vertex 0.5564203598792358 -2.2316801704347915 0
      vertex 0.542956977529499 -1.4917620354976295 0
    endloop
  endfacet
  facet normal 0.23344536385591322 0.9723699203976748 0
    outer loop
      vertex 0.5173874249908895 2.241051149006041 -3.96875
      vertex 0.5173874249908895 2.241051149006041 0
      vertex 0.5564203598792358 2.2316801704347915 0
    endloop
  endfacet
  facet normal 0 0 -1
    outer loop
      vertex 0.5173874249908895 2.241051149006041 -3.96875
      vertex 0.5564203598792358 2.2316801704347915 -3.96875
      vertex 0.542956977529499 1.4917620354976295 -3.96875
    endloop
  endfacet
  facet normal 0.23344536385591322 0.9723699203976748 0
    outer loop
      vertex 0.5173874249908895 2.241051149006041 -3.96875
      vertex 0.5564203598792358 2.2316801704347915 0
      vertex 0.5564203598792358 2.2316801704347915 -3.96875
    endloop
  endfacet
  facet normal -0.3502073812594699 0.9366721892483968 0
    outer loop
      vertex 0.542956977529499 -1.4917620354976295 -3.96875
      vertex 0.542956977529499 -1.4917620354976295 0
      vertex 0.5689091199031642 -1.4820589270643076 -3.96875
    endloop
  endfacet
  facet normal 0 0 -1
    outer loop
      vertex 0.542956977529499 -1.4917620354976295 -3.96875
      vertex 0.5689091199031642 -1.4820589270643076 -3.96875
      vertex 0.5952838037357977 -2.221629400464857 -3.96875
    endloop
  endfacet
  facet normal 0 0 -1
    outer loop
      vertex 0.542956977529499 -1.4917620354976295 -3.96875
      vertex 0.5952838037357977 -2.221629400464857 -3.96875
      vertex 0.5564203598792358 -2.2316801704347915 -3.96875
    endloop
  endfacet
  facet normal 0 0 1
    outer loop
      vertex 0.542956977529499 -1.4917620354976295 0
      vertex 0.5564203598792358 -2.2316801704347915 0
      vertex 0.5689091199031642 -1.4820589270643076 0
    endloop
  endfacet
  facet normal -0.3502073812594699 0.9366721892483968 0
    outer loop
      vertex 0.542956977529499 -1.4917620354976295 0
      vertex 0.5689091199031642 -1.4820589270643076 0
      vertex 0.5689091199031642 -1.4820589270643076 -3.96875
    endloop
  endfacet
  facet normal 0 0 -1
    outer loop
      vertex 0.542956977529499 1.4917620354976295 -3.96875
      vertex 0.5564203598792358 2.2316801704347915 -3.96875
      vertex 0.5689091199031642 1.4820589270643076 -3.96875
    endloop
  endfacet
  facet normal -0.3502073812594699 -0.9366721892483968 0
    outer loop
      vertex 0.542956977529499 1.4917620354976295 -3.96875
      vertex 0.5689091199031642 1.4820589270643076 -3.96875
      vertex 0.5689091199031642 1.4820589270643076 0
    endloop
  endfacet
  facet normal -0.3502073812594699 -0.9366721892483968 0
    outer loop
      vertex 0.542956977529499 1.4917620354976295 -3.96875
      vertex 0.5689091199031642 1.4820589270643076 0
      vertex 0.542956977529499 1.4917620354976295 0
    endloop
  endfacet
  facet normal 0 0 1
    outer loop
      vertex 0.542956977529499 1.4917620354976295 0
      vertex 0.5689091199031642 1.4820589270643076 0
      vertex 0.5952838037357977 2.221629400464857 0
    endloop
  endfacet
  facet normal 0 0 1
    outer loop
      vertex 0.542956977529499 1.4917620354976295 0
      vertex 0.5952838037357977 2.221629400464857 0
      vertex 0.5564203598792358 2.2316801704347915 0
    endloop
  endfacet
  facet normal 0.25038000405443633 -0.9681476403781091 0
    outer loop
      vertex 0.5564203598792358 -2.2316801704347915 -3.96875
      vertex 0.5952838037357977 -2.221629400464857 -3.96875
      vertex 0.5564203598792358 -2.2316801704347915 0
    endloop
  endfacet
  facet normal 0.25038000405443633 -0.9681476403781091 0
    outer loop
      vertex 0.5564203598792358 -2.2316801704347915 0
      vertex 0.5952838037357977 -2.221629400464857 -3.96875
      vertex 0.5952838037357977 -2.221629400464857 0
    endloop
  endfacet
  facet normal 0 0 1
    outer loop
      vertex 0.5564203598792358 -2.2316801704347915 0
      vertex 0.5952838037357977 -2.221629400464857 0
      vertex 0.5689091199031642 -1.4820589270643076 0
    endloop
  endfacet
  facet normal 0.25038000405443633 0.9681476403781091 0
    outer loop
      vertex 0.5564203598792358 2.2316801704347915 -3.96875
      vertex 0.5564203598792358 2.2316801704347915 0
      vertex 0.5952838037357977 2.221629400464857 0
    endloop
  endfacet
  facet normal 0 0 -1
    outer loop
      vertex 0.5564203598792358 2.2316801704347915 -3.96875
      vertex 0.5952838037357977 2.221629400464857 -3.96875
      vertex 0.5689091199031642 1.4820589270643076 -3.96875
    endloop
  endfacet
  facet normal 0.25038000405443633 0.9681476403781091 0
    outer loop
      vertex 0.5564203598792358 2.2316801704347915 -3.96875
      vertex 0.5952838037357977 2.221629400464857 0
      vertex 0.5952838037357977 2.221629400464857 -3.96875
    endloop
  endfacet
  facet normal -0.3665012267242986 0.9304175679820241 0
    outer loop
      vertex 0.5689091199031642 -1.4820589270643076 -3.96875
      vertex 0.5689091199031642 -1.4820589270643076 0
      vertex 0.5946879670477603 -1.4719043691247748 -3.96875
    endloop
  endfacet
  facet normal 0 0 -1
    outer loop
      vertex 0.5689091199031642 -1.4820589270643076 -3.96875
      vertex 0.5946879670477603 -1.4719043691247748 -3.96875
      vertex 0.5952838037357977 -2.221629400464857 -3.96875
    endloop
  endfacet
  facet normal -0.3665012267242986 0.9304175679820241 0
    outer loop
      vertex 0.5689091199031642 -1.4820589270643076 0
      vertex 0.5946879670477603 -1.4719043691247748 0
      vertex 0.5946879670477603 -1.4719043691247748 -3.96875
    endloop
  endfacet
  facet normal 0 0 1
    outer loop
      vertex 0.5689091199031642 -1.4820589270643076 0
      vertex 0.5952838037357977 -2.221629400464857 0
      vertex 0.5946879670477603 -1.4719043691247748 0
    endloop
  endfacet
  facet normal -0.3665012267242986 -0.9304175679820241 0
    outer loop
      vertex 0.5689091199031642 1.4820589270643076 -3.96875
      vertex 0.5946879670477603 1.4719043691247748 -3.96875
      vertex 0.5946879670477603 1.4719043691247748 0
    endloop
  endfacet
  facet normal -0.3665012267242986 -0.9304175679820241 0
    outer loop
      vertex 0.5689091199031642 1.4820589270643076 -3.96875
      vertex 0.5946879670477603 1.4719043691247748 0
      vertex 0.5689091199031642 1.4820589270643076 0
    endloop
  endfacet
  facet normal 0 0 -1
    outer loop
      vertex 0.5689091199031642 1.4820589270643076 -3.96875
      vertex 0.5952838037357977 2.221629400464857 -3.96875
      vertex 0.5946879670477603 1.4719043691247748 -3.96875
    endloop
  endfacet
  facet normal 0 0 1
    outer loop
      vertex 0.5689091199031642 1.4820589270643076 0
      vertex 0.5946879670477603 1.4719043691247748 0
      vertex 0.5952838037357977 2.221629400464857 0
    endloop
  endfacet
  facet normal -0.3826834323650835 0.9238795325112894 0
    outer loop
      vertex 0.5946879670477603 -1.4719043691247748 -3.96875
      vertex 0.5946879670477603 -1.4719043691247748 0
      vertex 0.6202856664767221 -1.461301454855749 -3.96875
    endloop
  endfacet
  facet normal 0 0 -1
    outer loop
      vertex 0.5946879670477603 -1.4719043691247748 -3.96875
      vertex 0.6202856664767221 -1.461301454855749 -3.96875
      vertex 0.633965918379098 -2.210901900658133 -3.96875
    endloop
  endfacet
  facet normal 0 0 -1
    outer loop
      vertex 0.5946879670477603 -1.4719043691247748 -3.96875
      vertex 0.633965918379098 -2.210901900658133 -3.96875
      vertex 0.5952838037357977 -2.221629400464857 -3.96875
    endloop
  endfacet
  facet normal 0 0 1
    outer loop
      vertex 0.5946879670477603 -1.4719043691247748 0
      vertex 0.5952838037357977 -2.221629400464857 0
      vertex 0.6202856664767221 -1.461301454855749 0
    endloop
  endfacet
  facet normal -0.3826834323650835 0.9238795325112894 0
    outer loop
      vertex 0.5946879670477603 -1.4719043691247748 0
      vertex 0.6202856664767221 -1.461301454855749 0
      vertex 0.6202856664767221 -1.461301454855749 -3.96875
    endloop
  endfacet
  facet normal 0 0 -1
    outer loop
      vertex 0.5946879670477603 1.4719043691247748 -3.96875
      vertex 0.5952838037357977 2.221629400464857 -3.96875
      vertex 0.6202856664767221 1.461301454855749 -3.96875
    endloop
  endfacet
  facet normal -0.3826834323650835 -0.9238795325112894 0
    outer loop
      vertex 0.5946879670477603 1.4719043691247748 -3.96875
      vertex 0.6202856664767221 1.461301454855749 -3.96875
      vertex 0.6202856664767221 1.461301454855749 0
    endloop
  endfacet
  facet normal -0.3826834323650835 -0.9238795325112894 0
    outer loop
      vertex 0.5946879670477603 1.4719043691247748 -3.96875
      vertex 0.6202856664767221 1.461301454855749 0
      vertex 0.5946879670477603 1.4719043691247748 0
    endloop
  endfacet
  facet normal 0 0 1
    outer loop
      vertex 0.5946879670477603 1.4719043691247748 0
      vertex 0.6202856664767221 1.461301454855749 0
      vertex 0.633965918379098 2.210901900658133 0
    endloop
  endfacet
  facet normal 0 0 1
    outer loop
      vertex 0.5946879670477603 1.4719043691247748 0
      vertex 0.633965918379098 2.210901900658133 0
      vertex 0.5952838037357977 2.221629400464857 0
    endloop
  endfacet
  facet normal 0.26723837607825834 -0.9636304532086226 0
    outer loop
      vertex 0.5952838037357977 -2.221629400464857 -3.96875
      vertex 0.633965918379098 -2.210901900658133 -3.96875
      vertex 0.5952838037357977 -2.221629400464857 0
    endloop
  endfacet
  facet normal 0.26723837607825834 -0.9636304532086226 0
    outer loop
      vertex 0.5952838037357977 -2.221629400464857 0
      vertex 0.633965918379098 -2.210901900658133 -3.96875
      vertex 0.633965918379098 -2.210901900658133 0
    endloop
  endfacet
  facet normal 0 0 1
    outer loop
      vertex 0.5952838037357977 -2.221629400464857 0
      vertex 0.633965918379098 -2.210901900658133 0
      vertex 0.6202856664767221 -1.461301454855749 0
    endloop
  endfacet
  facet normal 0.26723837607825834 0.9636304532086226 0
    outer loop
      vertex 0.5952838037357977 2.221629400464857 -3.96875
      vertex 0.5952838037357977 2.221629400464857 0
      vertex 0.633965918379098 2.210901900658133 0
    endloop
  endfacet
  facet normal 0 0 -1
    outer loop
      vertex 0.5952838037357977 2.221629400464857 -3.96875
      vertex 0.633965918379098 2.210901900658133 -3.96875
      vertex 0.6202856664767221 1.461301454855749 -3.96875
    endloop
  endfacet
  facet normal 0.26723837607825834 0.9636304532086226 0
    outer loop
      vertex 0.5952838037357977 2.221629400464857 -3.96875
      vertex 0.633965918379098 2.210901900658133 0
      vertex 0.633965918379098 2.210901900658133 -3.96875
    endloop
  endfacet
  facet normal -0.39874906892524914 0.9170600743851228 0
    outer loop
      vertex 0.6202856664767221 -1.461301454855749 -3.96875
      vertex 0.6202856664767221 -1.461301454855749 0
      vertex 0.6456944208828328 -1.4502534140076289 -3.96875
    endloop
  endfacet
  facet normal 0 0 -1
    outer loop
      vertex 0.6202856664767221 -1.461301454855749 -3.96875
      vertex 0.6456944208828328 -1.4502534140076289 -3.96875
      vertex 0.6724549208622945 -2.1995009387149813 -3.96875
    endloop
  endfacet
  facet normal 0 0 -1
    outer loop
      vertex 0.6202856664767221 -1.461301454855749 -3.96875
      vertex 0.6724549208622945 -2.1995009387149813 -3.96875
      vertex 0.633965918379098 -2.210901900658133 -3.96875
    endloop
  endfacet
  facet normal 0 0 1
    outer loop
      vertex 0.6202856664767221 -1.461301454855749 0
      vertex 0.633965918379098 -2.210901900658133 0
      vertex 0.6456944208828328 -1.4502534140076289 0
    endloop
  endfacet
  facet normal -0.39874906892524914 0.9170600743851228 0
    outer loop
      vertex 0.6202856664767221 -1.461301454855749 0
      vertex 0.6456944208828328 -1.4502534140076289 0
      vertex 0.6456944208828328 -1.4502534140076289 -3.96875
    endloop
  endfacet
  facet normal 0 0 -1
    outer loop
      vertex 0.6202856664767221 1.461301454855749 -3.96875
      vertex 0.633965918379098 2.210901900658133 -3.96875
      vertex 0.6456944208828328 1.4502534140076289 -3.96875
    endloop
  endfacet
  facet normal -0.39874906892524914 -0.9170600743851228 0
    outer loop
      vertex 0.6202856664767221 1.461301454855749 -3.96875
      vertex 0.6456944208828328 1.4502534140076289 -3.96875
      vertex 0.6456944208828328 1.4502534140076289 0
    endloop
  endfacet
  facet normal -0.39874906892524914 -0.9170600743851228 0
    outer loop
      vertex 0.6202856664767221 1.461301454855749 -3.96875
      vertex 0.6456944208828328 1.4502534140076289 0
      vertex 0.6202856664767221 1.461301454855749 0
    endloop
  endfacet
  facet normal 0 0 1
    outer loop
      vertex 0.6202856664767221 1.461301454855749 0
      vertex 0.6456944208828328 1.4502534140076289 0
      vertex 0.6724549208622945 2.1995009387149813 0
    endloop
  endfacet
  facet normal 0 0 1
    outer loop
      vertex 0.6202856664767221 1.461301454855749 0
      vertex 0.6724549208622945 2.1995009387149813 0
      vertex 0.633965918379098 2.210901900658133 0
    endloop
  endfacet
  facet normal 0.28401534470392364 -0.9588197348681926 0
    outer loop
      vertex 0.633965918379098 -2.210901900658133 -3.96875
      vertex 0.6724549208622945 -2.1995009387149813 -3.96875
      vertex 0.633965918379098 -2.210901900658133 0
    endloop
  endfacet
  facet normal 0.28401534470392364 -0.9588197348681926 0
    outer loop
      vertex 0.633965918379098 -2.210901900658133 0
      vertex 0.6724549208622945 -2.1995009387149813 -3.96875
      vertex 0.6724549208622945 -2.1995009387149813 0
    endloop
  endfacet
  facet normal 0 0 1
    outer loop
      vertex 0.633965918379098 -2.210901900658133 0
      vertex 0.6724549208622945 -2.1995009387149813 0
      vertex 0.6456944208828328 -1.4502534140076289 0
    endloop
  endfacet
  facet normal 0.28401534470392364 0.9588197348681926 0
    outer loop
      vertex 0.633965918379098 2.210901900658133 -3.96875
      vertex 0.633965918379098 2.210901900658133 0
      vertex 0.6724549208622945 2.1995009387149813 0
    endloop
  endfacet
  facet normal 0 0 -1
    outer loop
      vertex 0.633965918379098 2.210901900658133 -3.96875
      vertex 0.6724549208622945 2.1995009387149813 -3.96875
      vertex 0.6456944208828328 1.4502534140076289 -3.96875
    endloop
  endfacet
  facet normal 0.28401534470392364 0.9588197348681926 0
    outer loop
      vertex 0.633965918379098 2.210901900658133 -3.96875
      vertex 0.6724549208622945 2.1995009387149813 0
      vertex 0.6724549208622945 2.1995009387149813 -3.96875
    endloop
  endfacet
  facet normal -0.41469324265624014 0.9099612708765427 0
    outer loop
      vertex 0.6456944208828328 -1.4502534140076289 -3.96875
      vertex 0.6456944208828328 -1.4502534140076289 0
      vertex 0.6709064905133604 -1.4387636119206817 -3.96875
    endloop
  endfacet
  facet normal 0 0 -1
    outer loop
      vertex 0.6456944208828328 -1.4502534140076289 -3.96875
      vertex 0.6709064905133604 -1.4387636119206817 -3.96875
      vertex 0.6724549208622945 -2.1995009387149813 -3.96875
    endloop
  endfacet
  facet normal -0.41469324265624014 0.9099612708765427 0
    outer loop
      vertex 0.6456944208828328 -1.4502534140076289 0
      vertex 0.6709064905133604 -1.4387636119206817 0
      vertex 0.6709064905133604 -1.4387636119206817 -3.96875
    endloop
  endfacet
  facet normal 0 0 1
    outer loop
      vertex 0.6456944208828328 -1.4502534140076289 0
      vertex 0.6724549208622945 -2.1995009387149813 0
      vertex 0.6709064905133604 -1.4387636119206817 0
    endloop
  endfacet
  facet normal -0.41469324265624014 -0.9099612708765427 0
    outer loop
      vertex 0.6456944208828328 1.4502534140076289 -3.96875
      vertex 0.6709064905133604 1.4387636119206817 -3.96875
      vertex 0.6709064905133604 1.4387636119206817 0
    endloop
  endfacet
  facet normal -0.41469324265624014 -0.9099612708765427 0
    outer loop
      vertex 0.6456944208828328 1.4502534140076289 -3.96875
      vertex 0.6709064905133604 1.4387636119206817 0
      vertex 0.6456944208828328 1.4502534140076289 0
    endloop
  endfacet
  facet normal 0 0 -1
    outer loop
      vertex 0.6456944208828328 1.4502534140076289 -3.96875
      vertex 0.6724549208622945 2.1995009387149813 -3.96875
      vertex 0.6709064905133604 1.4387636119206817 -3.96875
    endloop
  endfacet
  facet normal 0 0 1
    outer loop
      vertex 0.6456944208828328 1.4502534140076289 0
      vertex 0.6709064905133604 1.4387636119206817 0
      vertex 0.6724549208622945 2.1995009387149813 0
    endloop
  endfacet
  facet normal -0.4305110968082944 0.902585284349861 0
    outer loop
      vertex 0.6709064905133604 -1.4387636119206817 -3.96875
      vertex 0.6709064905133604 -1.4387636119206817 0
      vertex 0.6959141955276603 -1.4268355484999276 -3.96875
    endloop
  endfacet
  facet normal 0 0 -1
    outer loop
      vertex 0.6709064905133604 -1.4387636119206817 -3.96875
      vertex 0.6959141955276603 -1.4268355484999276 -3.96875
      vertex 0.710739087062379 -2.1874299874788528 -3.96875
    endloop
  endfacet
  facet normal 0 0 -1
    outer loop
      vertex 0.6709064905133604 -1.4387636119206817 -3.96875
      vertex 0.710739087062379 -2.1874299874788528 -3.96875
      vertex 0.6724549208622945 -2.1995009387149813 -3.96875
    endloop
  endfacet
  facet normal 0 0 1
    outer loop
      vertex 0.6709064905133604 -1.4387636119206817 0
      vertex 0.6724549208622945 -2.1995009387149813 0
      vertex 0.6959141955276603 -1.4268355484999276 0
    endloop
  endfacet
  facet normal -0.4305110968082944 0.902585284349861 0
    outer loop
      vertex 0.6709064905133604 -1.4387636119206817 0
      vertex 0.6959141955276603 -1.4268355484999276 0
      vertex 0.6959141955276603 -1.4268355484999276 -3.96875
    endloop
  endfacet
  facet normal 0 0 -1
    outer loop
      vertex 0.6709064905133604 1.4387636119206817 -3.96875
      vertex 0.6724549208622945 2.1995009387149813 -3.96875
      vertex 0.6959141955276603 1.4268355484999276 -3.96875
    endloop
  endfacet
  facet normal -0.4305110968082944 -0.902585284349861 0
    outer loop
      vertex 0.6709064905133604 1.4387636119206817 -3.96875
      vertex 0.6959141955276603 1.4268355484999276 -3.96875
      vertex 0.6959141955276603 1.4268355484999276 0
    endloop
  endfacet
  facet normal -0.4305110968082944 -0.902585284349861 0
    outer loop
      vertex 0.6709064905133604 1.4387636119206817 -3.96875
      vertex 0.6959141955276603 1.4268355484999276 0
      vertex 0.6709064905133604 1.4387636119206817 0
    endloop
  endfacet
  facet normal 0 0 1
    outer loop
      vertex 0.6709064905133604 1.4387636119206817 0
      vertex 0.6959141955276603 1.4268355484999276 0
      vertex 0.710739087062379 2.1874299874788528 0
    endloop
  endfacet
  facet normal 0 0 1
    outer loop
      vertex 0.6709064905133604 1.4387636119206817 0
      vertex 0.710739087062379 2.1874299874788528 0
      vertex 0.6724549208622945 2.1995009387149813 0
    endloop
  endfacet
  facet normal 0.30070579950427795 -0.9537169507482255 0
    outer loop
      vertex 0.6724549208622945 -2.1995009387149813 -3.96875
      vertex 0.710739087062379 -2.1874299874788528 -3.96875
      vertex 0.6724549208622945 -2.1995009387149813 0
    endloop
  endfacet
  facet normal 0.30070579950427795 -0.9537169507482255 0
    outer loop
      vertex 0.6724549208622945 -2.1995009387149813 0
      vertex 0.710739087062379 -2.1874299874788528 -3.96875
      vertex 0.710739087062379 -2.1874299874788528 0
    endloop
  endfacet
  facet normal 0 0 1
    outer loop
      vertex 0.6724549208622945 -2.1995009387149813 0
      vertex 0.710739087062379 -2.1874299874788528 0
      vertex 0.6959141955276603 -1.4268355484999276 0
    endloop
  endfacet
  facet normal 0.30070579950427795 0.9537169507482255 0
    outer loop
      vertex 0.6724549208622945 2.1995009387149813 -3.96875
      vertex 0.6724549208622945 2.1995009387149813 0
      vertex 0.710739087062379 2.1874299874788528 0
    endloop
  endfacet
  facet normal 0 0 -1
    outer loop
      vertex 0.6724549208622945 2.1995009387149813 -3.96875
      vertex 0.710739087062379 2.1874299874788528 -3.96875
      vertex 0.6959141955276603 1.4268355484999276 -3.96875
    endloop
  endfacet
  facet normal 0.30070579950427795 0.9537169507482255 0
    outer loop
      vertex 0.6724549208622945 2.1995009387149813 -3.96875
      vertex 0.710739087062379 2.1874299874788528 0
      vertex 0.710739087062379 2.1874299874788528 -3.96875
    endloop
  endfacet
  facet normal -0.4461978131098095 0.8949343616020247 0
    outer loop
      vertex 0.6959141955276603 -1.4268355484999276 -3.96875
      vertex 0.6959141955276603 -1.4268355484999276 0
      vertex 0.7207099183365304 -1.414472857149034 -3.96875
    endloop
  endfacet
  facet normal 0 0 -1
    outer loop
      vertex 0.6959141955276603 -1.4268355484999276 -3.96875
      vertex 0.7207099183365304 -1.414472857149034 -3.96875
      vertex 0.7488067552514603 -2.1746927238784286 -3.96875
    endloop
  endfacet
  facet normal 0 0 -1
    outer loop
      vertex 0.6959141955276603 -1.4268355484999276 -3.96875
      vertex 0.7488067552514603 -2.1746927238784286 -3.96875
      vertex 0.710739087062379 -2.1874299874788528 -3.96875
    endloop
  endfacet
  facet normal 0 0 1
    outer loop
      vertex 0.6959141955276603 -1.4268355484999276 0
      vertex 0.710739087062379 -2.1874299874788528 0
      vertex 0.7207099183365304 -1.414472857149034 0
    endloop
  endfacet
  facet normal -0.4461978131098095 0.8949343616020247 0
    outer loop
      vertex 0.6959141955276603 -1.4268355484999276 0
      vertex 0.7207099183365304 -1.414472857149034 0
      vertex 0.7207099183365304 -1.414472857149034 -3.96875
    endloop
  endfacet
  facet normal 0 0 -1
    outer loop
      vertex 0.6959141955276603 1.4268355484999276 -3.96875
      vertex 0.710739087062379 2.1874299874788528 -3.96875
      vertex 0.7207099183365304 1.414472857149034 -3.96875
    endloop
  endfacet
  facet normal -0.4461978131098095 -0.8949343616020247 0
    outer loop
      vertex 0.6959141955276603 1.4268355484999276 -3.96875
      vertex 0.7207099183365304 1.414472857149034 -3.96875
      vertex 0.7207099183365304 1.414472857149034 0
    endloop
  endfacet
  facet normal -0.4461978131098095 -0.8949343616020247 0
    outer loop
      vertex 0.6959141955276603 1.4268355484999276 -3.96875
      vertex 0.7207099183365304 1.414472857149034 0
      vertex 0.6959141955276603 1.4268355484999276 0
    endloop
  endfacet
  facet normal 0 0 1
    outer loop
      vertex 0.6959141955276603 1.4268355484999276 0
      vertex 0.7207099183365304 1.414472857149034 0
      vertex 0.7488067552514603 2.1746927238784286 0
    endloop
  endfacet
  facet normal 0 0 1
    outer loop
      vertex 0.6959141955276603 1.4268355484999276 0
      vertex 0.7488067552514603 2.1746927238784286 0
      vertex 0.710739087062379 2.1874299874788528 0
    endloop
  endfacet
  facet normal 0.3173046564050825 -0.9483236552062027 0
    outer loop
      vertex 0.710739087062379 -2.1874299874788528 -3.96875
      vertex 0.7488067552514603 -2.1746927238784286 -3.96875
      vertex 0.710739087062379 -2.1874299874788528 0
    endloop
  endfacet
  facet normal 0.3173046564050825 -0.9483236552062027 0
    outer loop
      vertex 0.710739087062379 -2.1874299874788528 0
      vertex 0.7488067552514603 -2.1746927238784286 -3.96875
      vertex 0.7488067552514603 -2.1746927238784286 0
    endloop
  endfacet
  facet normal 0 0 1
    outer loop
      vertex 0.710739087062379 -2.1874299874788528 0
      vertex 0.7488067552514603 -2.1746927238784286 0
      vertex 0.7207099183365304 -1.414472857149034 0
    endloop
  endfacet
  facet normal 0.3173046564050825 0.9483236552062027 0
    outer loop
      vertex 0.710739087062379 2.1874299874788528 -3.96875
      vertex 0.710739087062379 2.1874299874788528 0
      vertex 0.7488067552514603 2.1746927238784286 0
    endloop
  endfacet
  facet normal 0 0 -1
    outer loop
      vertex 0.710739087062379 2.1874299874788528 -3.96875
      vertex 0.7488067552514603 2.1746927238784286 -3.96875
      vertex 0.7207099183365304 1.414472857149034 -3.96875
    endloop
  endfacet
  facet normal 0.3173046564050825 0.9483236552062027 0
    outer loop
      vertex 0.710739087062379 2.1874299874788528 -3.96875
      vertex 0.7488067552514603 2.1746927238784286 0
      vertex 0.7488067552514603 2.1746927238784286 -3.96875
    endloop
  endfacet
  facet normal -0.46174861323503363 0.8870108331782218 0
    outer loop
      vertex 0.7207099183365304 -1.414472857149034 -3.96875
      vertex 0.7207099183365304 -1.414472857149034 0
      vertex 0.7452861059226016 -1.4016793036635464 -3.96875
    endloop
  endfacet
  facet normal 0 0 -1
    outer loop
      vertex 0.7207099183365304 -1.414472857149034 -3.96875
      vertex 0.7452861059226016 -1.4016793036635464 -3.96875
      vertex 0.7488067552514603 -2.1746927238784286 -3.96875
    endloop
  endfacet
  facet normal -0.46174861323503363 0.8870108331782218 0
    outer loop
      vertex 0.7207099183365304 -1.414472857149034 0
      vertex 0.7452861059226016 -1.4016793036635464 0
      vertex 0.7452861059226016 -1.4016793036635464 -3.96875
    endloop
  endfacet
  facet normal 0 0 1
    outer loop
      vertex 0.7207099183365304 -1.414472857149034 0
      vertex 0.7488067552514603 -2.1746927238784286 0
      vertex 0.7452861059226016 -1.4016793036635464 0
    endloop
  endfacet
  facet normal -0.46174861323503363 -0.8870108331782218 0
    outer loop
      vertex 0.7207099183365304 1.414472857149034 -3.96875
      vertex 0.7452861059226016 1.4016793036635464 -3.96875
      vertex 0.7452861059226016 1.4016793036635464 0
    endloop
  endfacet
  facet normal -0.46174861323503363 -0.8870108331782218 0
    outer loop
      vertex 0.7207099183365304 1.414472857149034 -3.96875
      vertex 0.7452861059226016 1.4016793036635464 0
      vertex 0.7207099183365304 1.414472857149034 0
    endloop
  endfacet
  facet normal 0 0 -1
    outer loop
      vertex 0.7207099183365304 1.414472857149034 -3.96875
      vertex 0.7488067552514603 2.1746927238784286 -3.96875
      vertex 0.7452861059226016 1.4016793036635464 -3.96875
    endloop
  endfacet
  facet normal 0 0 1
    outer loop
      vertex 0.7207099183365304 1.414472857149034 0
      vertex 0.7452861059226016 1.4016793036635464 0
      vertex 0.7488067552514603 2.1746927238784286 0
    endloop
  endfacet
  facet normal -0.4771587602596107 0.878817112661964 0
    outer loop
      vertex 0.7452861059226016 -1.4016793036635464 -3.96875
      vertex 0.7452861059226016 -1.4016793036635464 0
      vertex 0.7696352721410601 -1.3884587850837906 -3.96875
    endloop
  endfacet
  facet normal 0 0 -1
    outer loop
      vertex 0.7452861059226016 -1.4016793036635464 -3.96875
      vertex 0.7696352721410601 -1.3884587850837906 -3.96875
      vertex 0.786646329649038 -2.1612930278075893 -3.96875
    endloop
  endfacet
  facet normal 0 0 -1
    outer loop
      vertex 0.7452861059226016 -1.4016793036635464 -3.96875
      vertex 0.786646329649038 -2.1612930278075893 -3.96875
      vertex 0.7488067552514603 -2.1746927238784286 -3.96875
    endloop
  endfacet
  facet normal 0 0 1
    outer loop
      vertex 0.7452861059226016 -1.4016793036635464 0
      vertex 0.7488067552514603 -2.1746927238784286 0
      vertex 0.7696352721410601 -1.3884587850837906 0
    endloop
  endfacet
  facet normal -0.4771587602596107 0.878817112661964 0
    outer loop
      vertex 0.7452861059226016 -1.4016793036635464 0
      vertex 0.7696352721410601 -1.3884587850837906 0
      vertex 0.7696352721410601 -1.3884587850837906 -3.96875
    endloop
  endfacet
  facet normal 0 0 -1
    outer loop
      vertex 0.7452861059226016 1.4016793036635464 -3.96875
      vertex 0.7488067552514603 2.1746927238784286 -3.96875
      vertex 0.7696352721410601 1.3884587850837906 -3.96875
    endloop
  endfacet
  facet normal -0.4771587602596107 -0.878817112661964 0
    outer loop
      vertex 0.7452861059226016 1.4016793036635464 -3.96875
      vertex 0.7696352721410601 1.3884587850837906 -3.96875
      vertex 0.7696352721410601 1.3884587850837906 0
    endloop
  endfacet
  facet normal -0.4771587602596107 -0.878817112661964 0
    outer loop
      vertex 0.7452861059226016 1.4016793036635464 -3.96875
      vertex 0.7696352721410601 1.3884587850837906 0
      vertex 0.7452861059226016 1.4016793036635464 0
    endloop
  endfacet
  facet normal 0 0 1
    outer loop
      vertex 0.7452861059226016 1.4016793036635464 0
      vertex 0.7696352721410601 1.3884587850837906 0
      vertex 0.786646329649038 2.1612930278075893 0
    endloop
  endfacet
  facet normal 0 0 1
    outer loop
      vertex 0.7452861059226016 1.4016793036635464 0
      vertex 0.786646329649038 2.1612930278075893 0
      vertex 0.7488067552514603 2.1746927238784286 0
    endloop
  endfacet
  facet normal 0.3338068592337708 -0.9426414910921784 0
    outer loop
      vertex 0.7488067552514603 -2.1746927238784286 -3.96875
      vertex 0.786646329649038 -2.1612930278075893 -3.96875
      vertex 0.7488067552514603 -2.1746927238784286 0
    endloop
  endfacet
  facet normal 0.3338068592337708 -0.9426414910921784 0
    outer loop
      vertex 0.7488067552514603 -2.1746927238784286 0
      vertex 0.786646329649038 -2.1612930278075893 -3.96875
      vertex 0.786646329649038 -2.1612930278075893 0
    endloop
  endfacet
  facet normal 0 0 1
    outer loop
      vertex 0.7488067552514603 -2.1746927238784286 0
      vertex 0.786646329649038 -2.1612930278075893 0
      vertex 0.7696352721410601 -1.3884587850837906 0
    endloop
  endfacet
  facet normal 0.3338068592337708 0.9426414910921784 0
    outer loop
      vertex 0.7488067552514603 2.1746927238784286 -3.96875
      vertex 0.7488067552514603 2.1746927238784286 0
      vertex 0.786646329649038 2.1612930278075893 0
    endloop
  endfacet
  facet normal 0 0 -1
    outer loop
      vertex 0.7488067552514603 2.1746927238784286 -3.96875
      vertex 0.786646329649038 2.1612930278075893 -3.96875
      vertex 0.7696352721410601 1.3884587850837906 -3.96875
    endloop
  endfacet
  facet normal 0.3338068592337708 0.9426414910921784 0
    outer loop
      vertex 0.7488067552514603 2.1746927238784286 -3.96875
      vertex 0.786646329649038 2.1612930278075893 0
      vertex 0.786646329649038 2.1612930278075893 -3.96875
    endloop
  endfacet
  facet normal -0.4924235601034669 0.8703556959398998 0
    outer loop
      vertex 0.7696352721410601 -1.3884587850837906 -3.96875
      vertex 0.7696352721410601 -1.3884587850837906 0
      vertex 0.79375 -1.3748153285077962 -3.96875
    endloop
  endfacet
  facet normal 0 0 -1
    outer loop
      vertex 0.7696352721410601 -1.3884587850837906 -3.96875
      vertex 0.79375 -1.3748153285077962 -3.96875
      vertex 0.8242462839541905 -2.147234980943564 -3.96875
    endloop
  endfacet
  facet normal 0 0 -1
    outer loop
      vertex 0.7696352721410601 -1.3884587850837906 -3.96875
      vertex 0.8242462839541905 -2.147234980943564 -3.96875
      vertex 0.786646329649038 -2.1612930278075893 -3.96875
    endloop
  endfacet
  facet normal 0 0 1
    outer loop
      vertex 0.7696352721410601 -1.3884587850837906 0
      vertex 0.786646329649038 -2.1612930278075893 0
      vertex 0.79375 -1.3748153285077962 0
    endloop
  endfacet
  facet normal -0.4924235601034669 0.8703556959398998 0
    outer loop
      vertex 0.7696352721410601 -1.3884587850837906 0
      vertex 0.79375 -1.3748153285077962 0
      vertex 0.79375 -1.3748153285077962 -3.96875
    endloop
  endfacet
  facet normal 0 0 -1
    outer loop
      vertex 0.7696352721410601 1.3884587850837906 -3.96875
      vertex 0.786646329649038 2.1612930278075893 -3.96875
      vertex 0.79375 1.3748153285077962 -3.96875
    endloop
  endfacet
  facet normal -0.4924235601034669 -0.8703556959398998 0
    outer loop
      vertex 0.7696352721410601 1.3884587850837906 -3.96875
      vertex 0.79375 1.3748153285077962 -3.96875
      vertex 0.79375 1.3748153285077962 0
    endloop
  endfacet
  facet normal -0.4924235601034669 -0.8703556959398998 0
    outer loop
      vertex 0.7696352721410601 1.3884587850837906 -3.96875
      vertex 0.79375 1.3748153285077962 0
      vertex 0.7696352721410601 1.3884587850837906 0
    endloop
  endfacet
  facet normal 0 0 1
    outer loop
      vertex 0.7696352721410601 1.3884587850837906 0
      vertex 0.79375 1.3748153285077962 0
      vertex 0.8242462839541905 2.147234980943564 0
    endloop
  endfacet
  facet normal 0 0 1
    outer loop
      vertex 0.7696352721410601 1.3884587850837906 0
      vertex 0.8242462839541905 2.147234980943564 0
      vertex 0.786646329649038 2.1612930278075893 0
    endloop
  endfacet
  facet normal 0.350207381259472 -0.9366721892483959 0
    outer loop
      vertex 0.786646329649038 -2.1612930278075893 -3.96875
      vertex 0.8242462839541905 -2.147234980943564 -3.96875
      vertex 0.786646329649038 -2.1612930278075893 0
    endloop
  endfacet
  facet normal 0.350207381259472 -0.9366721892483959 0
    outer loop
      vertex 0.786646329649038 -2.1612930278075893 0
      vertex 0.8242462839541905 -2.147234980943564 -3.96875
      vertex 0.8242462839541905 -2.147234980943564 0
    endloop
  endfacet
  facet normal 0 0 1
    outer loop
      vertex 0.786646329649038 -2.1612930278075893 0
      vertex 0.8242462839541905 -2.147234980943564 0
      vertex 0.79375 -1.3748153285077962 0
    endloop
  endfacet
  facet normal 0.350207381259472 0.9366721892483959 0
    outer loop
      vertex 0.786646329649038 2.1612930278075893 -3.96875
      vertex 0.786646329649038 2.1612930278075893 0
      vertex 0.8242462839541905 2.147234980943564 0
    endloop
  endfacet
  facet normal 0 0 -1
    outer loop
      vertex 0.786646329649038 2.1612930278075893 -3.96875
      vertex 0.8242462839541905 2.147234980943564 -3.96875
      vertex 0.79375 1.3748153285077962 -3.96875
    endloop
  endfacet
  facet normal 0.350207381259472 0.9366721892483959 0
    outer loop
      vertex 0.786646329649038 2.1612930278075893 -3.96875
      vertex 0.8242462839541905 2.147234980943564 0
      vertex 0.8242462839541905 2.147234980943564 -3.96875
    endloop
  endfacet
  facet normal -0.5075383629607034 0.8616291604415262 0
    outer loop
      vertex 0.79375 -1.3748153285077962 -3.96875
      vertex 0.79375 -1.3748153285077962 0
      vertex 0.8176229439197109 -1.3607530898646032 -3.96875
    endloop
  endfacet
  facet normal 0 0 -1
    outer loop
      vertex 0.79375 -1.3748153285077962 -3.96875
      vertex 0.8176229439197109 -1.3607530898646032 -3.96875
      vertex 0.8242462839541905 -2.147234980943564 -3.96875
    endloop
  endfacet
  facet normal -0.5075383629607034 0.8616291604415262 0
    outer loop
      vertex 0.79375 -1.3748153285077962 0
      vertex 0.8176229439197109 -1.3607530898646032 0
      vertex 0.8176229439197109 -1.3607530898646032 -3.96875
    endloop
  endfacet
  facet normal 0 0 1
    outer loop
      vertex 0.79375 -1.3748153285077962 0
      vertex 0.8242462839541905 -2.147234980943564 0
      vertex 0.8176229439197109 -1.3607530898646032 0
    endloop
  endfacet
  facet normal -0.5075383629607034 -0.8616291604415262 0
    outer loop
      vertex 0.79375 1.3748153285077962 -3.96875
      vertex 0.8176229439197109 1.3607530898646032 -3.96875
      vertex 0.8176229439197109 1.3607530898646032 0
    endloop
  endfacet
  facet normal -0.5075383629607034 -0.8616291604415262 0
    outer loop
      vertex 0.79375 1.3748153285077962 -3.96875
      vertex 0.8176229439197109 1.3607530898646032 0
      vertex 0.79375 1.3748153285077962 0
    endloop
  endfacet
  facet normal 0 0 -1
    outer loop
      vertex 0.79375 1.3748153285077962 -3.96875
      vertex 0.8242462839541905 2.147234980943564 -3.96875
      vertex 0.8176229439197109 1.3607530898646032 -3.96875
    endloop
  endfacet
  facet normal 0 0 1
    outer loop
      vertex 0.79375 1.3748153285077962 0
      vertex 0.8176229439197109 1.3607530898646032 0
      vertex 0.8242462839541905 2.147234980943564 0
    endloop
  endfacet
  facet normal -0.522498564715949 0.8526401643540922 0
    outer loop
      vertex 0.8176229439197109 -1.3607530898646032 -3.96875
      vertex 0.8176229439197109 -1.3607530898646032 0
      vertex 0.8412468319702128 -1.3462763526483261 -3.96875
    endloop
  endfacet
  facet normal 0 0 -1
    outer loop
      vertex 0.8176229439197109 -1.3607530898646032 -3.96875
      vertex 0.8412468319702128 -1.3462763526483261 -3.96875
      vertex 0.8615951648565976 -2.132522865503611 -3.96875
    endloop
  endfacet
  facet normal 0 0 -1
    outer loop
      vertex 0.8176229439197109 -1.3607530898646032 -3.96875
      vertex 0.8615951648565976 -2.132522865503611 -3.96875
      vertex 0.8242462839541905 -2.147234980943564 -3.96875
    endloop
  endfacet
  facet normal 0 0 1
    outer loop
      vertex 0.8176229439197109 -1.3607530898646032 0
      vertex 0.8242462839541905 -2.147234980943564 0
      vertex 0.8412468319702128 -1.3462763526483261 0
    endloop
  endfacet
  facet normal -0.522498564715949 0.8526401643540922 0
    outer loop
      vertex 0.8176229439197109 -1.3607530898646032 0
      vertex 0.8412468319702128 -1.3462763526483261 0
      vertex 0.8412468319702128 -1.3462763526483261 -3.96875
    endloop
  endfacet
  facet normal 0 0 -1
    outer loop
      vertex 0.8176229439197109 1.3607530898646032 -3.96875
      vertex 0.8242462839541905 2.147234980943564 -3.96875
      vertex 0.8412468319702128 1.3462763526483261 -3.96875
    endloop
  endfacet
  facet normal -0.522498564715949 -0.8526401643540922 0
    outer loop
      vertex 0.8176229439197109 1.3607530898646032 -3.96875
      vertex 0.8412468319702128 1.3462763526483261 -3.96875
      vertex 0.8412468319702128 1.3462763526483261 0
    endloop
  endfacet
  facet normal -0.522498564715949 -0.8526401643540922 0
    outer loop
      vertex 0.8176229439197109 1.3607530898646032 -3.96875
      vertex 0.8412468319702128 1.3462763526483261 0
      vertex 0.8176229439197109 1.3607530898646032 0
    endloop
  endfacet
  facet normal 0 0 1
    outer loop
      vertex 0.8176229439197109 1.3607530898646032 0
      vertex 0.8412468319702128 1.3462763526483261 0
      vertex 0.8615951648565976 2.132522865503611 0
    endloop
  endfacet
  facet normal 0 0 1
    outer loop
      vertex 0.8176229439197109 1.3607530898646032 0
      vertex 0.8615951648565976 2.132522865503611 0
      vertex 0.8242462839541905 2.147234980943564 0
    endloop
  endfacet
  facet normal 0.36650122672429686 -0.9304175679820247 0
    outer loop
      vertex 0.8242462839541905 -2.147234980943564 -3.96875
      vertex 0.8615951648565976 -2.132522865503611 -3.96875
      vertex 0.8242462839541905 -2.147234980943564 0
    endloop
  endfacet
  facet normal 0.36650122672429686 -0.9304175679820247 0
    outer loop
      vertex 0.8242462839541905 -2.147234980943564 0
      vertex 0.8615951648565976 -2.132522865503611 -3.96875
      vertex 0.8615951648565976 -2.132522865503611 0
    endloop
  endfacet
  facet normal 0 0 1
    outer loop
      vertex 0.8242462839541905 -2.147234980943564 0
      vertex 0.8615951648565976 -2.132522865503611 0
      vertex 0.8412468319702128 -1.3462763526483261 0
    endloop
  endfacet
  facet normal 0.36650122672429686 0.9304175679820247 0
    outer loop
      vertex 0.8242462839541905 2.147234980943564 -3.96875
      vertex 0.8242462839541905 2.147234980943564 0
      vertex 0.8615951648565976 2.132522865503611 0
    endloop
  endfacet
  facet normal 0 0 -1
    outer loop
      vertex 0.8242462839541905 2.147234980943564 -3.96875
      vertex 0.8615951648565976 2.132522865503611 -3.96875
      vertex 0.8412468319702128 1.3462763526483261 -3.96875
    endloop
  endfacet
  facet normal 0.36650122672429686 0.9304175679820247 0
    outer loop
      vertex 0.8242462839541905 2.147234980943564 -3.96875
      vertex 0.8615951648565976 2.132522865503611 0
      vertex 0.8615951648565976 2.132522865503611 -3.96875
    endloop
  endfacet
  facet normal -0.5372996083468209 0.8433914458128876 0
    outer loop
      vertex 0.8412468319702128 -1.3462763526483261 -3.96875
      vertex 0.8412468319702128 -1.3462763526483261 0
      vertex 0.8646144680863554 -1.3313895266133606 -3.96875
    endloop
  endfacet
  facet normal 0 0 -1
    outer loop
      vertex 0.8412468319702128 -1.3462763526483261 -3.96875
      vertex 0.8646144680863554 -1.3313895266133606 -3.96875
      vertex 0.8986815955253296 -2.117161162940613 -3.96875
    endloop
  endfacet
  facet normal 0 0 -1
    outer loop
      vertex 0.8412468319702128 -1.3462763526483261 -3.96875
      vertex 0.8986815955253296 -2.117161162940613 -3.96875
      vertex 0.8615951648565976 -2.132522865503611 -3.96875
    endloop
  endfacet
  facet normal 0 0 1
    outer loop
      vertex 0.8412468319702128 -1.3462763526483261 0
      vertex 0.8615951648565976 -2.132522865503611 0
      vertex 0.8646144680863554 -1.3313895266133606 0
    endloop
  endfacet
  facet normal -0.5372996083468209 0.8433914458128876 0
    outer loop
      vertex 0.8412468319702128 -1.3462763526483261 0
      vertex 0.8646144680863554 -1.3313895266133606 0
      vertex 0.8646144680863554 -1.3313895266133606 -3.96875
    endloop
  endfacet
  facet normal 0 0 -1
    outer loop
      vertex 0.8412468319702128 1.3462763526483261 -3.96875
      vertex 0.8615951648565976 2.132522865503611 -3.96875
      vertex 0.8646144680863554 1.3313895266133606 -3.96875
    endloop
  endfacet
  facet normal -0.5372996083468209 -0.8433914458128876 0
    outer loop
      vertex 0.8412468319702128 1.3462763526483261 -3.96875
      vertex 0.8646144680863554 1.3313895266133606 -3.96875
      vertex 0.8646144680863554 1.3313895266133606 0
    endloop
  endfacet
  facet normal -0.5372996083468209 -0.8433914458128876 0
    outer loop
      vertex 0.8412468319702128 1.3462763526483261 -3.96875
      vertex 0.8646144680863554 1.3313895266133606 0
      vertex 0.8412468319702128 1.3462763526483261 0
    endloop
  endfacet
  facet normal 0 0 1
    outer loop
      vertex 0.8412468319702128 1.3462763526483261 0
      vertex 0.8646144680863554 1.3313895266133606 0
      vertex 0.8986815955253296 2.117161162940613 0
    endloop
  endfacet
  facet normal 0 0 1
    outer loop
      vertex 0.8412468319702128 1.3462763526483261 0
      vertex 0.8986815955253296 2.117161162940613 0
      vertex 0.8615951648565976 2.132522865503611 0
    endloop
  endfacet
  facet normal 0.3826834323650831 -0.9238795325112895 0
    outer loop
      vertex 0.8615951648565976 -2.132522865503611 -3.96875
      vertex 0.8986815955253296 -2.117161162940613 -3.96875
      vertex 0.8615951648565976 -2.132522865503611 0
    endloop
  endfacet
  facet normal 0 0 1
    outer loop
      vertex 0.8615951648565976 -2.132522865503611 0
      vertex 0.8877187342598106 -1.3160971464311284 0
      vertex 0.8646144680863554 -1.3313895266133606 0
    endloop
  endfacet
  facet normal 0.3826834323650831 -0.9238795325112895 0
    outer loop
      vertex 0.8615951648565976 -2.132522865503611 0
      vertex 0.8986815955253296 -2.117161162940613 -3.96875
      vertex 0.8986815955253296 -2.117161162940613 0
    endloop
  endfacet
  facet normal 0 0 1
    outer loop
      vertex 0.8615951648565976 -2.132522865503611 0
      vertex 0.8986815955253296 -2.117161162940613 0
      vertex 0.8877187342598106 -1.3160971464311284 0
    endloop
  endfacet
  facet normal 0.3826834323650831 0.9238795325112895 0
    outer loop
      vertex 0.8615951648565976 2.132522865503611 -3.96875
      vertex 0.8615951648565976 2.132522865503611 0
      vertex 0.8986815955253296 2.117161162940613 0
    endloop
  endfacet
  facet normal 0 0 -1
    outer loop
      vertex 0.8615951648565976 2.132522865503611 -3.96875
      vertex 0.8877187342598106 1.3160971464311284 -3.96875
      vertex 0.8646144680863554 1.3313895266133606 -3.96875
    endloop
  endfacet
  facet normal 0 0 -1
    outer loop
      vertex 0.8615951648565976 2.132522865503611 -3.96875
      vertex 0.8986815955253296 2.117161162940613 -3.96875
      vertex 0.8877187342598106 1.3160971464311284 -3.96875
    endloop
  endfacet
  facet normal 0.3826834323650831 0.9238795325112895 0
    outer loop
      vertex 0.8615951648565976 2.132522865503611 -3.96875
      vertex 0.8986815955253296 2.117161162940613 0
      vertex 0.8986815955253296 2.117161162940613 -3.96875
    endloop
  endfacet
  facet normal -0.5519369853120635 0.8338858220671648 0
    outer loop
      vertex 0.8646144680863554 -1.3313895266133606 -3.96875
      vertex 0.8646144680863554 -1.3313895266133606 0
      vertex 0.8877187342598106 -1.3160971464311284 -3.96875
    endloop
  endfacet
  facet normal 0 0 -1
    outer loop
      vertex 0.8646144680863554 -1.3313895266133606 -3.96875
      vertex 0.8877187342598106 -1.3160971464311284 -3.96875
      vertex 0.8986815955253296 -2.117161162940613 -3.96875
    endloop
  endfacet
  facet normal -0.5519369853120635 0.8338858220671648 0
    outer loop
      vertex 0.8646144680863554 -1.3313895266133606 0
      vertex 0.8877187342598106 -1.3160971464311284 0
      vertex 0.8877187342598106 -1.3160971464311284 -3.96875
    endloop
  endfacet
  facet normal -0.5519369853120635 -0.8338858220671648 0
    outer loop
      vertex 0.8646144680863554 1.3313895266133606 -3.96875
      vertex 0.8877187342598106 1.3160971464311284 -3.96875
      vertex 0.8877187342598106 1.3160971464311284 0
    endloop
  endfacet
  facet normal -0.5519369853120635 -0.8338858220671648 0
    outer loop
      vertex 0.8646144680863554 1.3313895266133606 -3.96875
      vertex 0.8877187342598106 1.3160971464311284 0
      vertex 0.8646144680863554 1.3313895266133606 0
    endloop
  endfacet
  facet normal 0 0 1
    outer loop
      vertex 0.8646144680863554 1.3313895266133606 0
      vertex 0.8877187342598106 1.3160971464311284 0
      vertex 0.8986815955253296 2.117161162940613 0
    endloop
  endfacet
  facet normal -0.5664062369248322 0.8241261886220161 0
    outer loop
      vertex 0.8877187342598106 -1.3160971464311284 -3.96875
      vertex 0.8877187342598106 -1.3160971464311284 0
      vertex 0.9105525927072855 -1.3004038703087744 -3.96875
    endloop
  endfacet
  facet normal 0 0 -1
    outer loop
      vertex 0.8877187342598106 -1.3160971464311284 -3.96875
      vertex 0.9105525927072855 -1.3004038703087744 -3.96875
      vertex 0.9354942790743404 -2.101154552577982 -3.96875
    endloop
  endfacet
  facet normal 0 0 -1
    outer loop
      vertex 0.8877187342598106 -1.3160971464311284 -3.96875
      vertex 0.9354942790743404 -2.101154552577982 -3.96875
      vertex 0.8986815955253296 -2.117161162940613 -3.96875
    endloop
  endfacet
  facet normal 0 0 1
    outer loop
      vertex 0.8877187342598106 -1.3160971464311284 0
      vertex 0.8986815955253296 -2.117161162940613 0
      vertex 0.9105525927072855 -1.3004038703087744 0
    endloop
  endfacet
  facet normal -0.5664062369248322 0.8241261886220161 0
    outer loop
      vertex 0.8877187342598106 -1.3160971464311284 0
      vertex 0.9105525927072855 -1.3004038703087744 0
      vertex 0.9105525927072855 -1.3004038703087744 -3.96875
    endloop
  endfacet
  facet normal 0 0 -1
    outer loop
      vertex 0.8877187342598106 1.3160971464311284 -3.96875
      vertex 0.8986815955253296 2.117161162940613 -3.96875
      vertex 0.9105525927072855 1.3004038703087744 -3.96875
    endloop
  endfacet
  facet normal -0.5664062369248322 -0.8241261886220161 0
    outer loop
      vertex 0.8877187342598106 1.3160971464311284 -3.96875
      vertex 0.9105525927072855 1.3004038703087744 -3.96875
      vertex 0.9105525927072855 1.3004038703087744 0
    endloop
  endfacet
  facet normal -0.5664062369248322 -0.8241261886220161 0
    outer loop
      vertex 0.8877187342598106 1.3160971464311284 -3.96875
      vertex 0.9105525927072855 1.3004038703087744 0
      vertex 0.8877187342598106 1.3160971464311284 0
    endloop
  endfacet
  facet normal 0 0 1
    outer loop
      vertex 0.8877187342598106 1.3160971464311284 0
      vertex 0.9105525927072855 1.3004038703087744 0
      vertex 0.9354942790743404 2.101154552577982 0
    endloop
  endfacet
  facet normal 0 0 1
    outer loop
      vertex 0.8877187342598106 1.3160971464311284 0
      vertex 0.9354942790743404 2.101154552577982 0
      vertex 0.8986815955253296 2.117161162940613 0
    endloop
  endfacet
  facet normal 0.39874906892525447 -0.9170600743851204 0
    outer loop
      vertex 0.8986815955253296 -2.117161162940613 -3.96875
      vertex 0.9354942790743404 -2.101154552577982 -3.96875
      vertex 0.8986815955253296 -2.117161162940613 0
    endloop
  endfacet
  facet normal 0.39874906892525447 -0.9170600743851204 0
    outer loop
      vertex 0.8986815955253296 -2.117161162940613 0
      vertex 0.9354942790743404 -2.101154552577982 -3.96875
      vertex 0.9354942790743404 -2.101154552577982 0
    endloop
  endfacet
  facet normal 0 0 1
    outer loop
      vertex 0.8986815955253296 -2.117161162940613 0
      vertex 0.9354942790743404 -2.101154552577982 0
      vertex 0.9105525927072855 -1.3004038703087744 0
    endloop
  endfacet
  facet normal 0.39874906892525447 0.9170600743851204 0
    outer loop
      vertex 0.8986815955253296 2.117161162940613 -3.96875
      vertex 0.8986815955253296 2.117161162940613 0
      vertex 0.9354942790743404 2.101154552577982 0
    endloop
  endfacet
  facet normal 0 0 -1
    outer loop
      vertex 0.8986815955253296 2.117161162940613 -3.96875
      vertex 0.9354942790743404 2.101154552577982 -3.96875
      vertex 0.9105525927072855 1.3004038703087744 -3.96875
    endloop
  endfacet
  facet normal 0.39874906892525447 0.9170600743851204 0
    outer loop
      vertex 0.8986815955253296 2.117161162940613 -3.96875
      vertex 0.9354942790743404 2.101154552577982 0
      vertex 0.9354942790743404 2.101154552577982 -3.96875
    endloop
  endfacet
  facet normal -0.580702955710937 0.8141155183563212 0
    outer loop
      vertex 0.9105525927072855 -1.3004038703087744 -3.96875
      vertex 0.9105525927072855 -1.3004038703087744 0
      vertex 0.933109088014301 -1.284314478570229 -3.96875
    endloop
  endfacet
  facet normal 0 0 -1
    outer loop
      vertex 0.9105525927072855 -1.3004038703087744 -3.96875
      vertex 0.933109088014301 -1.284314478570229 -3.96875
      vertex 0.9354942790743404 -2.101154552577982 -3.96875
    endloop
  endfacet
  facet normal -0.580702955710937 0.8141155183563212 0
    outer loop
      vertex 0.9105525927072855 -1.3004038703087744 0
      vertex 0.933109088014301 -1.284314478570229 0
      vertex 0.933109088014301 -1.284314478570229 -3.96875
    endloop
  endfacet
  facet normal 0 0 1
    outer loop
      vertex 0.9105525927072855 -1.3004038703087744 0
      vertex 0.9354942790743404 -2.101154552577982 0
      vertex 0.933109088014301 -1.284314478570229 0
    endloop
  endfacet
  facet normal -0.580702955710937 -0.8141155183563212 0
    outer loop
      vertex 0.9105525927072855 1.3004038703087744 -3.96875
      vertex 0.933109088014301 1.284314478570229 -3.96875
      vertex 0.933109088014301 1.284314478570229 0
    endloop
  endfacet
  facet normal -0.580702955710937 -0.8141155183563212 0
    outer loop
      vertex 0.9105525927072855 1.3004038703087744 -3.96875
      vertex 0.933109088014301 1.284314478570229 0
      vertex 0.9105525927072855 1.3004038703087744 0
    endloop
  endfacet
  facet normal 0 0 -1
    outer loop
      vertex 0.9105525927072855 1.3004038703087744 -3.96875
      vertex 0.9354942790743404 2.101154552577982 -3.96875
      vertex 0.933109088014301 1.284314478570229 -3.96875
    endloop
  endfacet
  facet normal 0 0 1
    outer loop
      vertex 0.9105525927072855 1.3004038703087744 0
      vertex 0.933109088014301 1.284314478570229 0
      vertex 0.9354942790743404 2.101154552577982 0
    endloop
  endfacet
  facet normal -0.5948227867513436 0.8038568606172156 0
    outer loop
      vertex 0.933109088014301 -1.284314478570229 -3.96875
      vertex 0.933109088014301 -1.284314478570229 0
      vertex 0.9553813492538765 -1.2678338722000773 -3.96875
    endloop
  endfacet
  facet normal 0 0 -1
    outer loop
      vertex 0.933109088014301 -1.284314478570229 -3.96875
      vertex 0.9553813492538765 -1.2678338722000773 -3.96875
      vertex 0.9720220020036087 -2.0845079101842945 -3.96875
    endloop
  endfacet
  facet normal 0 0 -1
    outer loop
      vertex 0.933109088014301 -1.284314478570229 -3.96875
      vertex 0.9720220020036087 -2.0845079101842945 -3.96875
      vertex 0.9354942790743404 -2.101154552577982 -3.96875
    endloop
  endfacet
  facet normal 0 0 1
    outer loop
      vertex 0.933109088014301 -1.284314478570229 0
      vertex 0.9354942790743404 -2.101154552577982 0
      vertex 0.9553813492538765 -1.2678338722000773 0
    endloop
  endfacet
  facet normal -0.5948227867513436 0.8038568606172156 0
    outer loop
      vertex 0.933109088014301 -1.284314478570229 0
      vertex 0.9553813492538765 -1.2678338722000773 0
      vertex 0.9553813492538765 -1.2678338722000773 -3.96875
    endloop
  endfacet
  facet normal 0 0 -1
    outer loop
      vertex 0.933109088014301 1.284314478570229 -3.96875
      vertex 0.9354942790743404 2.101154552577982 -3.96875
      vertex 0.9553813492538765 1.2678338722000773 -3.96875
    endloop
  endfacet
  facet normal -0.5948227867513436 -0.8038568606172156 0
    outer loop
      vertex 0.933109088014301 1.284314478570229 -3.96875
      vertex 0.9553813492538765 1.2678338722000773 -3.96875
      vertex 0.9553813492538765 1.2678338722000773 0
    endloop
  endfacet
  facet normal -0.5948227867513436 -0.8038568606172156 0
    outer loop
      vertex 0.933109088014301 1.284314478570229 -3.96875
      vertex 0.9553813492538765 1.2678338722000773 0
      vertex 0.933109088014301 1.284314478570229 0
    endloop
  endfacet
  facet normal 0 0 1
    outer loop
      vertex 0.933109088014301 1.284314478570229 0
      vertex 0.9553813492538765 1.2678338722000773 0
      vertex 0.9720220020036087 2.0845079101842945 0
    endloop
  endfacet
  facet normal 0 0 1
    outer loop
      vertex 0.933109088014301 1.284314478570229 0
      vertex 0.9720220020036087 2.0845079101842945 0
      vertex 0.9354942790743404 2.101154552577982 0
    endloop
  endfacet
  facet normal 0.4146932426562413 -0.9099612708765422 0
    outer loop
      vertex 0.9354942790743404 -2.101154552577982 -3.96875
      vertex 0.9720220020036087 -2.0845079101842945 -3.96875
      vertex 0.9354942790743404 -2.101154552577982 0
    endloop
  endfacet
  facet normal 0.4146932426562413 -0.9099612708765422 0
    outer loop
      vertex 0.9354942790743404 -2.101154552577982 0
      vertex 0.9720220020036087 -2.0845079101842945 -3.96875
      vertex 0.9720220020036087 -2.0845079101842945 0
    endloop
  endfacet
  facet normal 0 0 1
    outer loop
      vertex 0.9354942790743404 -2.101154552577982 0
      vertex 0.9720220020036087 -2.0845079101842945 0
      vertex 0.9553813492538765 -1.2678338722000773 0
    endloop
  endfacet
  facet normal 0.4146932426562413 0.9099612708765422 0
    outer loop
      vertex 0.9354942790743404 2.101154552577982 -3.96875
      vertex 0.9354942790743404 2.101154552577982 0
      vertex 0.9720220020036087 2.0845079101842945 0
    endloop
  endfacet
  facet normal 0 0 -1
    outer loop
      vertex 0.9354942790743404 2.101154552577982 -3.96875
      vertex 0.9720220020036087 2.0845079101842945 -3.96875
      vertex 0.9553813492538765 1.2678338722000773 -3.96875
    endloop
  endfacet
  facet normal 0.4146932426562413 0.9099612708765422 0
    outer loop
      vertex 0.9354942790743404 2.101154552577982 -3.96875
      vertex 0.9720220020036087 2.0845079101842945 0
      vertex 0.9720220020036087 2.0845079101842945 -3.96875
    endloop
  endfacet
  facet normal -0.6087614290087211 0.7933533402912348 0
    outer loop
      vertex 0.9553813492538765 -1.2678338722000773 -3.96875
      vertex 0.9553813492538765 -1.2678338722000773 0
      vertex 0.9773625920794825 -1.2509670713506709 -3.96875
    endloop
  endfacet
  facet normal 0 0 -1
    outer loop
      vertex 0.9553813492538765 -1.2678338722000773 -3.96875
      vertex 0.9773625920794825 -1.2509670713506709 -3.96875
      vertex 1.0082536376148779 -2.067226306488084 -3.96875
    endloop
  endfacet
  facet normal 0 0 -1
    outer loop
      vertex 0.9553813492538765 -1.2678338722000773 -3.96875
      vertex 1.0082536376148779 -2.067226306488084 -3.96875
      vertex 0.9720220020036087 -2.0845079101842945 -3.96875
    endloop
  endfacet
  facet normal 0 0 1
    outer loop
      vertex 0.9553813492538765 -1.2678338722000773 0
      vertex 0.9720220020036087 -2.0845079101842945 0
      vertex 0.9773625920794825 -1.2509670713506709 0
    endloop
  endfacet
  facet normal -0.6087614290087211 0.7933533402912348 0
    outer loop
      vertex 0.9553813492538765 -1.2678338722000773 0
      vertex 0.9773625920794825 -1.2509670713506709 0
      vertex 0.9773625920794825 -1.2509670713506709 -3.96875
    endloop
  endfacet
  facet normal 0 0 -1
    outer loop
      vertex 0.9553813492538765 1.2678338722000773 -3.96875
      vertex 0.9720220020036087 2.0845079101842945 -3.96875
      vertex 0.9773625920794825 1.2509670713506709 -3.96875
    endloop
  endfacet
  facet normal -0.6087614290087211 -0.7933533402912348 0
    outer loop
      vertex 0.9553813492538765 1.2678338722000773 -3.96875
      vertex 0.9773625920794825 1.2509670713506709 -3.96875
      vertex 0.9773625920794825 1.2509670713506709 0
    endloop
  endfacet
  facet normal -0.6087614290087211 -0.7933533402912348 0
    outer loop
      vertex 0.9553813492538765 1.2678338722000773 -3.96875
      vertex 0.9773625920794825 1.2509670713506709 0
      vertex 0.9553813492538765 1.2678338722000773 0
    endloop
  endfacet
  facet normal 0 0 1
    outer loop
      vertex 0.9553813492538765 1.2678338722000773 0
      vertex 0.9773625920794825 1.2509670713506709 0
      vertex 1.0082536376148779 2.067226306488084 0
    endloop
  endfacet
  facet normal 0 0 1
    outer loop
      vertex 0.9553813492538765 1.2678338722000773 0
      vertex 1.0082536376148779 2.067226306488084 0
      vertex 0.9720220020036087 2.0845079101842945 0
    endloop
  endfacet
  facet normal 0.4305110968082892 -0.9025852843498635 0
    outer loop
      vertex 0.9720220020036087 -2.0845079101842945 -3.96875
      vertex 1.0082536376148779 -2.067226306488084 -3.96875
      vertex 0.9720220020036087 -2.0845079101842945 0
    endloop
  endfacet
  facet normal 0 0 1
    outer loop
      vertex 0.9720220020036087 -2.0845079101842945 0
      vertex 0.9990461207916168 -1.2337192138129411 0
      vertex 0.9773625920794825 -1.2509670713506709 0
    endloop
  endfacet
  facet normal 0.4305110968082892 -0.9025852843498635 0
    outer loop
      vertex 0.9720220020036087 -2.0845079101842945 0
      vertex 1.0082536376148779 -2.067226306488084 -3.96875
      vertex 1.0082536376148779 -2.067226306488084 0
    endloop
  endfacet
  facet normal 0 0 1
    outer loop
      vertex 0.9720220020036087 -2.0845079101842945 0
      vertex 1.0082536376148779 -2.067226306488084 0
      vertex 0.9990461207916168 -1.2337192138129411 0
    endloop
  endfacet
  facet normal 0.4305110968082892 0.9025852843498635 0
    outer loop
      vertex 0.9720220020036087 2.0845079101842945 -3.96875
      vertex 0.9720220020036087 2.0845079101842945 0
      vertex 1.0082536376148779 2.067226306488084 0
    endloop
  endfacet
  facet normal 0 0 -1
    outer loop
      vertex 0.9720220020036087 2.0845079101842945 -3.96875
      vertex 0.9990461207916168 1.2337192138129411 -3.96875
      vertex 0.9773625920794825 1.2509670713506709 -3.96875
    endloop
  endfacet
  facet normal 0 0 -1
    outer loop
      vertex 0.9720220020036087 2.0845079101842945 -3.96875
      vertex 1.0082536376148779 2.067226306488084 -3.96875
      vertex 0.9990461207916168 1.2337192138129411 -3.96875
    endloop
  endfacet
  facet normal 0.4305110968082892 0.9025852843498635 0
    outer loop
      vertex 0.9720220020036087 2.0845079101842945 -3.96875
      vertex 1.0082536376148779 2.067226306488084 0
      vertex 1.0082536376148779 2.067226306488084 -3.96875
    endloop
  endfacet
  facet normal -0.6225146366376195 0.7826081568524139 0
    outer loop
      vertex 0.9773625920794825 -1.2509670713506709 -3.96875
      vertex 0.9773625920794825 -1.2509670713506709 0
      vertex 0.9990461207916168 -1.2337192138129411 -3.96875
    endloop
  endfacet
  facet normal 0 0 -1
    outer loop
      vertex 0.9773625920794825 -1.2509670713506709 -3.96875
      vertex 0.9990461207916168 -1.2337192138129411 -3.96875
      vertex 1.0082536376148779 -2.067226306488084 -3.96875
    endloop
  endfacet
  facet normal -0.6225146366376195 0.7826081568524139 0
    outer loop
      vertex 0.9773625920794825 -1.2509670713506709 0
      vertex 0.9990461207916168 -1.2337192138129411 0
      vertex 0.9990461207916168 -1.2337192138129411 -3.96875
    endloop
  endfacet
  facet normal -0.6225146366376195 -0.7826081568524139 0
    outer loop
      vertex 0.9773625920794825 1.2509670713506709 -3.96875
      vertex 0.9990461207916168 1.2337192138129411 -3.96875
      vertex 0.9990461207916168 1.2337192138129411 0
    endloop
  endfacet
  facet normal -0.6225146366376195 -0.7826081568524139 0
    outer loop
      vertex 0.9773625920794825 1.2509670713506709 -3.96875
      vertex 0.9990461207916168 1.2337192138129411 0
      vertex 0.9773625920794825 1.2509670713506709 0
    endloop
  endfacet
  facet normal 0 0 1
    outer loop
      vertex 0.9773625920794825 1.2509670713506709 0
      vertex 0.9990461207916168 1.2337192138129411 0
      vertex 1.0082536376148779 2.067226306488084 0
    endloop
  endfacet
  facet normal -0.636078220277765 0.7716245833877191 0
    outer loop
      vertex 0.9990461207916168 -1.2337192138129411 -3.96875
      vertex 0.9990461207916168 -1.2337192138129411 0
      vertex 1.020425330377381 -1.2160955534513775 -3.96875
    endloop
  endfacet
  facet normal 0 0 -1
    outer loop
      vertex 0.9990461207916168 -1.2337192138129411 -3.96875
      vertex 1.020425330377381 -1.2160955534513775 -3.96875
      vertex 1.0441781494009574 -2.049315005633246 -3.96875
    endloop
  endfacet
  facet normal 0 0 -1
    outer loop
      vertex 0.9990461207916168 -1.2337192138129411 -3.96875
      vertex 1.0441781494009574 -2.049315005633246 -3.96875
      vertex 1.0082536376148779 -2.067226306488084 -3.96875
    endloop
  endfacet
  facet normal 0 0 1
    outer loop
      vertex 0.9990461207916168 -1.2337192138129411 0
      vertex 1.0082536376148779 -2.067226306488084 0
      vertex 1.020425330377381 -1.2160955534513775 0
    endloop
  endfacet
  facet normal -0.636078220277765 0.7716245833877191 0
    outer loop
      vertex 0.9990461207916168 -1.2337192138129411 0
      vertex 1.020425330377381 -1.2160955534513775 0
      vertex 1.020425330377381 -1.2160955534513775 -3.96875
    endloop
  endfacet
  facet normal 0 0 -1
    outer loop
      vertex 0.9990461207916168 1.2337192138129411 -3.96875
      vertex 1.0082536376148779 2.067226306488084 -3.96875
      vertex 1.020425330377381 1.2160955534513775 -3.96875
    endloop
  endfacet
  facet normal -0.636078220277765 -0.7716245833877191 0
    outer loop
      vertex 0.9990461207916168 1.2337192138129411 -3.96875
      vertex 1.020425330377381 1.2160955534513775 -3.96875
      vertex 1.020425330377381 1.2160955534513775 0
    endloop
  endfacet
  facet normal -0.636078220277765 -0.7716245833877191 0
    outer loop
      vertex 0.9990461207916168 1.2337192138129411 -3.96875
      vertex 1.020425330377381 1.2160955534513775 0
      vertex 0.9990461207916168 1.2337192138129411 0
    endloop
  endfacet
  facet normal 0 0 1
    outer loop
      vertex 0.9990461207916168 1.2337192138129411 0
      vertex 1.020425330377381 1.2160955534513775 0
      vertex 1.0441781494009574 2.049315005633246 0
    endloop
  endfacet
  facet normal 0 0 1
    outer loop
      vertex 0.9990461207916168 1.2337192138129411 0
      vertex 1.0441781494009574 2.049315005633246 0
      vertex 1.0082536376148779 2.067226306488084 0
    endloop
  endfacet
  facet normal 0.4461978131098118 -0.8949343616020234 0
    outer loop
      vertex 1.0082536376148779 -2.067226306488084 -3.96875
      vertex 1.0441781494009574 -2.049315005633246 -3.96875
      vertex 1.0082536376148779 -2.067226306488084 0
    endloop
  endfacet
  facet normal 0.4461978131098118 -0.8949343616020234 0
    outer loop
      vertex 1.0082536376148779 -2.067226306488084 0
      vertex 1.0441781494009574 -2.049315005633246 -3.96875
      vertex 1.0441781494009574 -2.049315005633246 0
    endloop
  endfacet
  facet normal 0 0 1
    outer loop
      vertex 1.0082536376148779 -2.067226306488084 0
      vertex 1.0441781494009574 -2.049315005633246 0
      vertex 1.020425330377381 -1.2160955534513775 0
    endloop
  endfacet
  facet normal 0.4461978131098118 0.8949343616020234 0
    outer loop
      vertex 1.0082536376148779 2.067226306488084 -3.96875
      vertex 1.0082536376148779 2.067226306488084 0
      vertex 1.0441781494009574 2.049315005633246 0
    endloop
  endfacet
  facet normal 0 0 -1
    outer loop
      vertex 1.0082536376148779 2.067226306488084 -3.96875
      vertex 1.0441781494009574 2.049315005633246 -3.96875
      vertex 1.020425330377381 1.2160955534513775 -3.96875
    endloop
  endfacet
  facet normal 0.4461978131098118 0.8949343616020234 0
    outer loop
      vertex 1.0082536376148779 2.067226306488084 -3.96875
      vertex 1.0441781494009574 2.049315005633246 0
      vertex 1.0441781494009574 2.049315005633246 -3.96875
    endloop
  endfacet
  facet normal -0.6494480483301793 0.7604059656000346 0
    outer loop
      vertex 1.020425330377381 -1.2160955534513775 -3.96875
      vertex 1.020425330377381 -1.2160955534513775 0
      vertex 1.0414937085224303 -1.1981014586036505 -3.96875
    endloop
  endfacet
  facet normal 0 0 -1
    outer loop
      vertex 1.020425330377381 -1.2160955534513775 -3.96875
      vertex 1.0414937085224303 -1.1981014586036505 -3.96875
      vertex 1.0441781494009574 -2.049315005633246 -3.96875
    endloop
  endfacet
  facet normal -0.6494480483301793 0.7604059656000346 0
    outer loop
      vertex 1.020425330377381 -1.2160955534513775 0
      vertex 1.0414937085224303 -1.1981014586036505 0
      vertex 1.0414937085224303 -1.1981014586036505 -3.96875
    endloop
  endfacet
  facet normal 0 0 1
    outer loop
      vertex 1.020425330377381 -1.2160955534513775 0
      vertex 1.0441781494009574 -2.049315005633246 0
      vertex 1.0414937085224303 -1.1981014586036505 0
    endloop
  endfacet
  facet normal -0.6494480483301793 -0.7604059656000346 0
    outer loop
      vertex 1.020425330377381 1.2160955534513775 -3.96875
      vertex 1.0414937085224303 1.1981014586036505 -3.96875
      vertex 1.0414937085224303 1.1981014586036505 0
    endloop
  endfacet
  facet normal -0.6494480483301793 -0.7604059656000346 0
    outer loop
      vertex 1.020425330377381 1.2160955534513775 -3.96875
      vertex 1.0414937085224303 1.1981014586036505 0
      vertex 1.020425330377381 1.2160955534513775 0
    endloop
  endfacet
  facet normal 0 0 -1
    outer loop
      vertex 1.020425330377381 1.2160955534513775 -3.96875
      vertex 1.0441781494009574 2.049315005633246 -3.96875
      vertex 1.0414937085224303 1.1981014586036505 -3.96875
    endloop
  endfacet
  facet normal 0 0 1
    outer loop
      vertex 1.020425330377381 1.2160955534513775 0
      vertex 1.0414937085224303 1.1981014586036505 0
      vertex 1.0441781494009574 2.049315005633246 0
    endloop
  endfacet
  facet normal -0.6626200482157371 0.7489557207890025 0
    outer loop
      vertex 1.0414937085224303 -1.1981014586036505 -3.96875
      vertex 1.0414937085224303 -1.1981014586036505 0
      vertex 1.0622448375946874 -1.1797424104453633 -3.96875
    endloop
  endfacet
  facet normal 0 0 -1
    outer loop
      vertex 1.0414937085224303 -1.1981014586036505 -3.96875
      vertex 1.0622448375946874 -1.1797424104453633 -3.96875
      vertex 1.0797845944075488 -2.030779463575532 -3.96875
    endloop
  endfacet
  facet normal 0 0 -1
    outer loop
      vertex 1.0414937085224303 -1.1981014586036505 -3.96875
      vertex 1.0797845944075488 -2.030779463575532 -3.96875
      vertex 1.0441781494009574 -2.049315005633246 -3.96875
    endloop
  endfacet
  facet normal 0 0 1
    outer loop
      vertex 1.0414937085224303 -1.1981014586036505 0
      vertex 1.0441781494009574 -2.049315005633246 0
      vertex 1.0622448375946874 -1.1797424104453633 0
    endloop
  endfacet
  facet normal -0.6626200482157371 0.7489557207890025 0
    outer loop
      vertex 1.0414937085224303 -1.1981014586036505 0
      vertex 1.0622448375946874 -1.1797424104453633 0
      vertex 1.0622448375946874 -1.1797424104453633 -3.96875
    endloop
  endfacet
  facet normal 0 0 -1
    outer loop
      vertex 1.0414937085224303 1.1981014586036505 -3.96875
      vertex 1.0441781494009574 2.049315005633246 -3.96875
      vertex 1.0622448375946874 1.1797424104453633 -3.96875
    endloop
  endfacet
  facet normal -0.6626200482157371 -0.7489557207890025 0
    outer loop
      vertex 1.0414937085224303 1.1981014586036505 -3.96875
      vertex 1.0622448375946874 1.1797424104453633 -3.96875
      vertex 1.0622448375946874 1.1797424104453633 0
    endloop
  endfacet
  facet normal -0.6626200482157371 -0.7489557207890025 0
    outer loop
      vertex 1.0414937085224303 1.1981014586036505 -3.96875
      vertex 1.0622448375946874 1.1797424104453633 0
      vertex 1.0414937085224303 1.1981014586036505 0
    endloop
  endfacet
  facet normal 0 0 1
    outer loop
      vertex 1.0414937085224303 1.1981014586036505 0
      vertex 1.0622448375946874 1.1797424104453633 0
      vertex 1.0797845944075488 2.030779463575532 0
    endloop
  endfacet
  facet normal 0 0 1
    outer loop
      vertex 1.0414937085224303 1.1981014586036505 0
      vertex 1.0797845944075488 2.030779463575532 0
      vertex 1.0441781494009574 2.049315005633246 0
    endloop
  endfacet
  facet normal 0.46174861323502536 -0.8870108331782262 0
    outer loop
      vertex 1.0441781494009574 -2.049315005633246 -3.96875
      vertex 1.0797845944075488 -2.030779463575532 -3.96875
      vertex 1.0441781494009574 -2.049315005633246 0
    endloop
  endfacet
  facet normal 0.46174861323502536 -0.8870108331782262 0
    outer loop
      vertex 1.0441781494009574 -2.049315005633246 0
      vertex 1.0797845944075488 -2.030779463575532 -3.96875
      vertex 1.0797845944075488 -2.030779463575532 0
    endloop
  endfacet
  facet normal 0 0 1
    outer loop
      vertex 1.0441781494009574 -2.049315005633246 0
      vertex 1.0797845944075488 -2.030779463575532 0
      vertex 1.0622448375946874 -1.1797424104453633 0
    endloop
  endfacet
  facet normal 0.46174861323502536 0.8870108331782262 0
    outer loop
      vertex 1.0441781494009574 2.049315005633246 -3.96875
      vertex 1.0441781494009574 2.049315005633246 0
      vertex 1.0797845944075488 2.030779463575532 0
    endloop
  endfacet
  facet normal 0 0 -1
    outer loop
      vertex 1.0441781494009574 2.049315005633246 -3.96875
      vertex 1.0797845944075488 2.030779463575532 -3.96875
      vertex 1.0622448375946874 1.1797424104453633 -3.96875
    endloop
  endfacet
  facet normal 0.46174861323502536 0.8870108331782262 0
    outer loop
      vertex 1.0441781494009574 2.049315005633246 -3.96875
      vertex 1.0797845944075488 2.030779463575532 0
      vertex 1.0797845944075488 2.030779463575532 -3.96875
    endloop
  endfacet
  facet normal -0.6755902076156656 0.7372773368101192 0
    outer loop
      vertex 1.0622448375946874 -1.1797424104453633 -3.96875
      vertex 1.0622448375946874 -1.1797424104453633 0
      vertex 1.0826723965992162 -1.161024001320433 -3.96875
    endloop
  endfacet
  facet normal 0 0 -1
    outer loop
      vertex 1.0622448375946874 -1.1797424104453633 -3.96875
      vertex 1.0826723965992162 -1.161024001320433 -3.96875
      vertex 1.1150621265665752 -2.01162532642061 -3.96875
    endloop
  endfacet
  facet normal 0 0 -1
    outer loop
      vertex 1.0622448375946874 -1.1797424104453633 -3.96875
      vertex 1.1150621265665752 -2.01162532642061 -3.96875
      vertex 1.0797845944075488 -2.030779463575532 -3.96875
    endloop
  endfacet
  facet normal 0 0 1
    outer loop
      vertex 1.0622448375946874 -1.1797424104453633 0
      vertex 1.0797845944075488 -2.030779463575532 0
      vertex 1.0826723965992162 -1.161024001320433 0
    endloop
  endfacet
  facet normal -0.6755902076156656 0.7372773368101192 0
    outer loop
      vertex 1.0622448375946874 -1.1797424104453633 0
      vertex 1.0826723965992162 -1.161024001320433 0
      vertex 1.0826723965992162 -1.161024001320433 -3.96875
    endloop
  endfacet
  facet normal 0 0 -1
    outer loop
      vertex 1.0622448375946874 1.1797424104453633 -3.96875
      vertex 1.0797845944075488 2.030779463575532 -3.96875
      vertex 1.0826723965992162 1.161024001320433 -3.96875
    endloop
  endfacet
  facet normal -0.6755902076156656 -0.7372773368101192 0
    outer loop
      vertex 1.0622448375946874 1.1797424104453633 -3.96875
      vertex 1.0826723965992162 1.161024001320433 -3.96875
      vertex 1.0826723965992162 1.161024001320433 0
    endloop
  endfacet
  facet normal -0.6755902076156656 -0.7372773368101192 0
    outer loop
      vertex 1.0622448375946874 1.1797424104453633 -3.96875
      vertex 1.0826723965992162 1.161024001320433 0
      vertex 1.0622448375946874 1.1797424104453633 0
    endloop
  endfacet
  facet normal 0 0 1
    outer loop
      vertex 1.0622448375946874 1.1797424104453633 0
      vertex 1.0826723965992162 1.161024001320433 0
      vertex 1.1150621265665752 2.01162532642061 0
    endloop
  endfacet
  facet normal 0 0 1
    outer loop
      vertex 1.0622448375946874 1.1797424104453633 0
      vertex 1.1150621265665752 2.01162532642061 0
      vertex 1.0797845944075488 2.030779463575532 0
    endloop
  endfacet
  facet normal 0.477158760259615 -0.8788171126619617 0
    outer loop
      vertex 1.0797845944075488 -2.030779463575532 -3.96875
      vertex 1.1150621265665752 -2.01162532642061 -3.96875
      vertex 1.0797845944075488 -2.030779463575532 0
    endloop
  endfacet
  facet normal 0 0 1
    outer loop
      vertex 1.0797845944075488 -2.030779463575532 0
      vertex 1.1027701631036582 -1.1419519330376087 0
      vertex 1.0826723965992162 -1.161024001320433 0
    endloop
  endfacet
  facet normal 0.477158760259615 -0.8788171126619617 0
    outer loop
      vertex 1.0797845944075488 -2.030779463575532 0
      vertex 1.1150621265665752 -2.01162532642061 -3.96875
      vertex 1.1150621265665752 -2.01162532642061 0
    endloop
  endfacet
  facet normal 0 0 1
    outer loop
      vertex 1.0797845944075488 -2.030779463575532 0
      vertex 1.1150621265665752 -2.01162532642061 0
      vertex 1.1027701631036582 -1.1419519330376087 0
    endloop
  endfacet
  facet normal 0.477158760259615 0.8788171126619617 0
    outer loop
      vertex 1.0797845944075488 2.030779463575532 -3.96875
      vertex 1.0797845944075488 2.030779463575532 0
      vertex 1.1150621265665752 2.01162532642061 0
    endloop
  endfacet
  facet normal 0 0 -1
    outer loop
      vertex 1.0797845944075488 2.030779463575532 -3.96875
      vertex 1.1027701631036582 1.1419519330376087 -3.96875
      vertex 1.0826723965992162 1.161024001320433 -3.96875
    endloop
  endfacet
  facet normal 0 0 -1
    outer loop
      vertex 1.0797845944075488 2.030779463575532 -3.96875
      vertex 1.1150621265665752 2.01162532642061 -3.96875
      vertex 1.1027701631036582 1.1419519330376087 -3.96875
    endloop
  endfacet
  facet normal 0.477158760259615 0.8788171126619617 0
    outer loop
      vertex 1.0797845944075488 2.030779463575532 -3.96875
      vertex 1.1150621265665752 2.01162532642061 0
      vertex 1.1150621265665752 2.01162532642061 -3.96875
    endloop
  endfacet
  facet normal -0.6883545756937479 0.7253743710122933 0
    outer loop
      vertex 1.0826723965992162 -1.161024001320433 -3.96875
      vertex 1.0826723965992162 -1.161024001320433 0
      vertex 1.1027701631036582 -1.1419519330376087 -3.96875
    endloop
  endfacet
  facet normal 0 0 -1
    outer loop
      vertex 1.0826723965992162 -1.161024001320433 -3.96875
      vertex 1.1027701631036582 -1.1419519330376087 -3.96875
      vertex 1.1150621265665752 -2.01162532642061 -3.96875
    endloop
  endfacet
  facet normal -0.6883545756937479 0.7253743710122933 0
    outer loop
      vertex 1.0826723965992162 -1.161024001320433 0
      vertex 1.1027701631036582 -1.1419519330376087 0
      vertex 1.1027701631036582 -1.1419519330376087 -3.96875
    endloop
  endfacet
  facet normal -0.6883545756937479 -0.7253743710122933 0
    outer loop
      vertex 1.0826723965992162 1.161024001320433 -3.96875
      vertex 1.1027701631036582 1.1419519330376087 -3.96875
      vertex 1.1027701631036582 1.1419519330376087 0
    endloop
  endfacet
  facet normal -0.6883545756937479 -0.7253743710122933 0
    outer loop
      vertex 1.0826723965992162 1.161024001320433 -3.96875
      vertex 1.1027701631036582 1.1419519330376087 0
      vertex 1.0826723965992162 1.161024001320433 0
    endloop
  endfacet
  facet normal 0 0 1
    outer loop
      vertex 1.0826723965992162 1.161024001320433 0
      vertex 1.1027701631036582 1.1419519330376087 0
      vertex 1.1150621265665752 2.01162532642061 0
    endloop
  endfacet
  facet normal -0.7009092642998498 0.7132504491541826 0
    outer loop
      vertex 1.1027701631036582 -1.1419519330376087 -3.96875
      vertex 1.1027701631036582 -1.1419519330376087 0
      vertex 1.1225320151336442 -1.1225320151336442 -3.96875
    endloop
  endfacet
  facet normal 0 0 -1
    outer loop
      vertex 1.1027701631036582 -1.1419519330376087 -3.96875
      vertex 1.1225320151336442 -1.1225320151336442 -3.96875
      vertex 1.15 -1.9918584287042087 -3.96875
    endloop
  endfacet
  facet normal 0 0 -1
    outer loop
      vertex 1.1027701631036582 -1.1419519330376087 -3.96875
      vertex 1.15 -1.9918584287042087 -3.96875
      vertex 1.1150621265665752 -2.01162532642061 -3.96875
    endloop
  endfacet
  facet normal 0 0 1
    outer loop
      vertex 1.1027701631036582 -1.1419519330376087 0
      vertex 1.1150621265665752 -2.01162532642061 0
      vertex 1.1225320151336442 -1.1225320151336442 0
    endloop
  endfacet
  facet normal -0.7009092642998498 0.7132504491541826 0
    outer loop
      vertex 1.1027701631036582 -1.1419519330376087 0
      vertex 1.1225320151336442 -1.1225320151336442 0
      vertex 1.1225320151336442 -1.1225320151336442 -3.96875
    endloop
  endfacet
  facet normal 0 0 -1
    outer loop
      vertex 1.1027701631036582 1.1419519330376087 -3.96875
      vertex 1.1150621265665752 2.01162532642061 -3.96875
      vertex 1.1225320151336442 1.1225320151336442 -3.96875
    endloop
  endfacet
  facet normal -0.7009092642998498 -0.7132504491541826 0
    outer loop
      vertex 1.1027701631036582 1.1419519330376087 -3.96875
      vertex 1.1225320151336442 1.1225320151336442 -3.96875
      vertex 1.1225320151336442 1.1225320151336442 0
    endloop
  endfacet
  facet normal -0.7009092642998498 -0.7132504491541826 0
    outer loop
      vertex 1.1027701631036582 1.1419519330376087 -3.96875
      vertex 1.1225320151336442 1.1225320151336442 0
      vertex 1.1027701631036582 1.1419519330376087 0
    endloop
  endfacet
  facet normal 0 0 1
    outer loop
      vertex 1.1027701631036582 1.1419519330376087 0
      vertex 1.1225320151336442 1.1225320151336442 0
      vertex 1.15 1.9918584287042087 0
    endloop
  endfacet
  facet normal 0 0 1
    outer loop
      vertex 1.1027701631036582 1.1419519330376087 0
      vertex 1.15 1.9918584287042087 0
      vertex 1.1150621265665752 2.01162532642061 0
    endloop
  endfacet
  facet normal 0.49242356010346744 -0.8703556959398996 0
    outer loop
      vertex 1.1150621265665752 -2.01162532642061 -3.96875
      vertex 1.15 -1.9918584287042087 -3.96875
      vertex 1.1150621265665752 -2.01162532642061 0
    endloop
  endfacet
  facet normal 0 0 1
    outer loop
      vertex 1.1150621265665752 -2.01162532642061 0
      vertex 1.1419519330376087 -1.1027701631036582 0
      vertex 1.1225320151336442 -1.1225320151336442 0
    endloop
  endfacet
  facet normal 0.49242356010346744 -0.8703556959398996 0
    outer loop
      vertex 1.1150621265665752 -2.01162532642061 0
      vertex 1.15 -1.9918584287042087 -3.96875
      vertex 1.15 -1.9918584287042087 0
    endloop
  endfacet
  facet normal 0 0 1
    outer loop
      vertex 1.1150621265665752 -2.01162532642061 0
      vertex 1.15 -1.9918584287042087 0
      vertex 1.1419519330376087 -1.1027701631036582 0
    endloop
  endfacet
  facet normal 0.49242356010346744 0.8703556959398996 0
    outer loop
      vertex 1.1150621265665752 2.01162532642061 -3.96875
      vertex 1.1150621265665752 2.01162532642061 0
      vertex 1.15 1.9918584287042087 0
    endloop
  endfacet
  facet normal 0 0 -1
    outer loop
      vertex 1.1150621265665752 2.01162532642061 -3.96875
      vertex 1.1419519330376087 1.1027701631036582 -3.96875
      vertex 1.1225320151336442 1.1225320151336442 -3.96875
    endloop
  endfacet
  facet normal 0 0 -1
    outer loop
      vertex 1.1150621265665752 2.01162532642061 -3.96875
      vertex 1.15 1.9918584287042087 -3.96875
      vertex 1.1419519330376087 1.1027701631036582 -3.96875
    endloop
  endfacet
  facet normal 0.49242356010346744 0.8703556959398996 0
    outer loop
      vertex 1.1150621265665752 2.01162532642061 -3.96875
      vertex 1.15 1.9918584287042087 0
      vertex 1.15 1.9918584287042087 -3.96875
    endloop
  endfacet
  facet normal -0.7132504491541826 0.7009092642998498 0
    outer loop
      vertex 1.1225320151336442 -1.1225320151336442 -3.96875
      vertex 1.1225320151336442 -1.1225320151336442 0
      vertex 1.1419519330376087 -1.1027701631036582 0
    endloop
  endfacet
  facet normal 0 0 -1
    outer loop
      vertex 1.1225320151336442 -1.1225320151336442 -3.96875
      vertex 1.1419519330376087 -1.1027701631036582 -3.96875
      vertex 1.15 -1.9918584287042087 -3.96875
    endloop
  endfacet
  facet normal -0.7132504491541826 0.7009092642998498 0
    outer loop
      vertex 1.1225320151336442 -1.1225320151336442 -3.96875
      vertex 1.1419519330376087 -1.1027701631036582 0
      vertex 1.1419519330376087 -1.1027701631036582 -3.96875
    endloop
  endfacet
  facet normal -0.7132504491541826 -0.7009092642998498 0
    outer loop
      vertex 1.1225320151336442 1.1225320151336442 -3.96875
      vertex 1.1419519330376087 1.1027701631036582 -3.96875
      vertex 1.1225320151336442 1.1225320151336442 0
    endloop
  endfacet
  facet normal -0.7132504491541826 -0.7009092642998498 0
    outer loop
      vertex 1.1225320151336442 1.1225320151336442 0
      vertex 1.1419519330376087 1.1027701631036582 -3.96875
      vertex 1.1419519330376087 1.1027701631036582 0
    endloop
  endfacet
  facet normal 0 0 1
    outer loop
      vertex 1.1225320151336442 1.1225320151336442 0
      vertex 1.1419519330376087 1.1027701631036582 0
      vertex 1.15 1.9918584287042087 0
    endloop
  endfacet
  facet normal -0.7253743710122933 0.6883545756937479 0
    outer loop
      vertex 1.1419519330376087 -1.1027701631036582 -3.96875
      vertex 1.1419519330376087 -1.1027701631036582 0
      vertex 1.161024001320433 -1.0826723965992162 0
    endloop
  endfacet
  facet normal 0 0 -1
    outer loop
      vertex 1.1419519330376087 -1.1027701631036582 -3.96875
      vertex 1.161024001320433 -1.0826723965992162 -3.96875
      vertex 1.1845875722931245 -1.9714847916148581 -3.96875
    endloop
  endfacet
  facet normal -0.7253743710122933 0.6883545756937479 0
    outer loop
      vertex 1.1419519330376087 -1.1027701631036582 -3.96875
      vertex 1.161024001320433 -1.0826723965992162 0
      vertex 1.161024001320433 -1.0826723965992162 -3.96875
    endloop
  endfacet
  facet normal 0 0 -1
    outer loop
      vertex 1.1419519330376087 -1.1027701631036582 -3.96875
      vertex 1.1845875722931245 -1.9714847916148581 -3.96875
      vertex 1.15 -1.9918584287042087 -3.96875
    endloop
  endfacet
  facet normal 0 0 1
    outer loop
      vertex 1.1419519330376087 -1.1027701631036582 0
      vertex 1.15 -1.9918584287042087 0
      vertex 1.161024001320433 -1.0826723965992162 0
    endloop
  endfacet
  facet normal 0 0 -1
    outer loop
      vertex 1.1419519330376087 1.1027701631036582 -3.96875
      vertex 1.15 1.9918584287042087 -3.96875
      vertex 1.161024001320433 1.0826723965992162 -3.96875
    endloop
  endfacet
  facet normal -0.7253743710122933 -0.6883545756937479 0
    outer loop
      vertex 1.1419519330376087 1.1027701631036582 -3.96875
      vertex 1.161024001320433 1.0826723965992162 -3.96875
      vertex 1.1419519330376087 1.1027701631036582 0
    endloop
  endfacet
  facet normal -0.7253743710122933 -0.6883545756937479 0
    outer loop
      vertex 1.1419519330376087 1.1027701631036582 0
      vertex 1.161024001320433 1.0826723965992162 -3.96875
      vertex 1.161024001320433 1.0826723965992162 0
    endloop
  endfacet
  facet normal 0 0 1
    outer loop
      vertex 1.1419519330376087 1.1027701631036582 0
      vertex 1.161024001320433 1.0826723965992162 0
      vertex 1.1845875722931245 1.9714847916148581 0
    endloop
  endfacet
  facet normal 0 0 1
    outer loop
      vertex 1.1419519330376087 1.1027701631036582 0
      vertex 1.1845875722931245 1.9714847916148581 0
      vertex 1.15 1.9918584287042087 0
    endloop
  endfacet
  facet normal 0.5075383629607045 -0.8616291604415257 0
    outer loop
      vertex 1.15 -1.9918584287042087 -3.96875
      vertex 1.1845875722931245 -1.9714847916148581 -3.96875
      vertex 1.15 -1.9918584287042087 0
    endloop
  endfacet
  facet normal 0.5075383629607045 -0.8616291604415257 0
    outer loop
      vertex 1.15 -1.9918584287042087 0
      vertex 1.1845875722931245 -1.9714847916148581 -3.96875
      vertex 1.1845875722931245 -1.9714847916148581 0
    endloop
  endfacet
  facet normal 0 0 1
    outer loop
      vertex 1.15 -1.9918584287042087 0
      vertex 1.1845875722931245 -1.9714847916148581 0
      vertex 1.161024001320433 -1.0826723965992162 0
    endloop
  endfacet
  facet normal 0.5075383629607045 0.8616291604415257 0
    outer loop
      vertex 1.15 1.9918584287042087 -3.96875
      vertex 1.15 1.9918584287042087 0
      vertex 1.1845875722931245 1.9714847916148581 0
    endloop
  endfacet
  facet normal 0 0 -1
    outer loop
      vertex 1.15 1.9918584287042087 -3.96875
      vertex 1.1845875722931245 1.9714847916148581 -3.96875
      vertex 1.161024001320433 1.0826723965992162 -3.96875
    endloop
  endfacet
  facet normal 0.5075383629607045 0.8616291604415257 0
    outer loop
      vertex 1.15 1.9918584287042087 -3.96875
      vertex 1.1845875722931245 1.9714847916148581 0
      vertex 1.1845875722931245 1.9714847916148581 -3.96875
    endloop
  endfacet
  facet normal -0.7372773368101192 0.6755902076156656 0
    outer loop
      vertex 1.161024001320433 -1.0826723965992162 -3.96875
      vertex 1.161024001320433 -1.0826723965992162 0
      vertex 1.1797424104453633 -1.0622448375946874 0
    endloop
  endfacet
  facet normal 0 0 -1
    outer loop
      vertex 1.161024001320433 -1.0826723965992162 -3.96875
      vertex 1.1797424104453633 -1.0622448375946874 -3.96875
      vertex 1.1845875722931245 -1.9714847916148581 -3.96875
    endloop
  endfacet
  facet normal -0.7372773368101192 0.6755902076156656 0
    outer loop
      vertex 1.161024001320433 -1.0826723965992162 -3.96875
      vertex 1.1797424104453633 -1.0622448375946874 0
      vertex 1.1797424104453633 -1.0622448375946874 -3.96875
    endloop
  endfacet
  facet normal 0 0 1
    outer loop
      vertex 1.161024001320433 -1.0826723965992162 0
      vertex 1.1845875722931245 -1.9714847916148581 0
      vertex 1.1797424104453633 -1.0622448375946874 0
    endloop
  endfacet
  facet normal -0.7372773368101192 -0.6755902076156656 0
    outer loop
      vertex 1.161024001320433 1.0826723965992162 -3.96875
      vertex 1.1797424104453633 1.0622448375946874 -3.96875
      vertex 1.161024001320433 1.0826723965992162 0
    endloop
  endfacet
  facet normal 0 0 -1
    outer loop
      vertex 1.161024001320433 1.0826723965992162 -3.96875
      vertex 1.1845875722931245 1.9714847916148581 -3.96875
      vertex 1.1797424104453633 1.0622448375946874 -3.96875
    endloop
  endfacet
  facet normal -0.7372773368101192 -0.6755902076156656 0
    outer loop
      vertex 1.161024001320433 1.0826723965992162 0
      vertex 1.1797424104453633 1.0622448375946874 -3.96875
      vertex 1.1797424104453633 1.0622448375946874 0
    endloop
  endfacet
  facet normal 0 0 1
    outer loop
      vertex 1.161024001320433 1.0826723965992162 0
      vertex 1.1797424104453633 1.0622448375946874 0
      vertex 1.1845875722931245 1.9714847916148581 0
    endloop
  endfacet
  facet normal -0.7489557207890025 0.6626200482157371 0
    outer loop
      vertex 1.1797424104453633 -1.0622448375946874 -3.96875
      vertex 1.1797424104453633 -1.0622448375946874 0
      vertex 1.1981014586036505 -1.0414937085224303 0
    endloop
  endfacet
  facet normal 0 0 -1
    outer loop
      vertex 1.1797424104453633 -1.0622448375946874 -3.96875
      vertex 1.1981014586036505 -1.0414937085224303 -3.96875
      vertex 1.2188143077363711 -1.9505106211597796 -3.96875
    endloop
  endfacet
  facet normal -0.7489557207890025 0.6626200482157371 0
    outer loop
      vertex 1.1797424104453633 -1.0622448375946874 -3.96875
      vertex 1.1981014586036505 -1.0414937085224303 0
      vertex 1.1981014586036505 -1.0414937085224303 -3.96875
    endloop
  endfacet
  facet normal 0 0 -1
    outer loop
      vertex 1.1797424104453633 -1.0622448375946874 -3.96875
      vertex 1.2188143077363711 -1.9505106211597796 -3.96875
      vertex 1.1845875722931245 -1.9714847916148581 -3.96875
    endloop
  endfacet
  facet normal 0 0 1
    outer loop
      vertex 1.1797424104453633 -1.0622448375946874 0
      vertex 1.1845875722931245 -1.9714847916148581 0
      vertex 1.1981014586036505 -1.0414937085224303 0
    endloop
  endfacet
  facet normal 0 0 -1
    outer loop
      vertex 1.1797424104453633 1.0622448375946874 -3.96875
      vertex 1.1845875722931245 1.9714847916148581 -3.96875
      vertex 1.1981014586036505 1.0414937085224303 -3.96875
    endloop
  endfacet
  facet normal -0.7489557207890025 -0.6626200482157371 0
    outer loop
      vertex 1.1797424104453633 1.0622448375946874 -3.96875
      vertex 1.1981014586036505 1.0414937085224303 -3.96875
      vertex 1.1797424104453633 1.0622448375946874 0
    endloop
  endfacet
  facet normal -0.7489557207890025 -0.6626200482157371 0
    outer loop
      vertex 1.1797424104453633 1.0622448375946874 0
      vertex 1.1981014586036505 1.0414937085224303 -3.96875
      vertex 1.1981014586036505 1.0414937085224303 0
    endloop
  endfacet
  facet normal 0 0 1
    outer loop
      vertex 1.1797424104453633 1.0622448375946874 0
      vertex 1.1981014586036505 1.0414937085224303 0
      vertex 1.2188143077363711 1.9505106211597796 0
    endloop
  endfacet
  facet normal 0 0 1
    outer loop
      vertex 1.1797424104453633 1.0622448375946874 0
      vertex 1.2188143077363711 1.9505106211597796 0
      vertex 1.1845875722931245 1.9714847916148581 0
    endloop
  endfacet
  facet normal 0.5224985647159501 -0.8526401643540913 0
    outer loop
      vertex 1.1845875722931245 -1.9714847916148581 -3.96875
      vertex 1.2188143077363711 -1.9505106211597796 -3.96875
      vertex 1.1845875722931245 -1.9714847916148581 0
    endloop
  endfacet
  facet normal 0.5224985647159501 -0.8526401643540913 0
    outer loop
      vertex 1.1845875722931245 -1.9714847916148581 0
      vertex 1.2188143077363711 -1.9505106211597796 -3.96875
      vertex 1.2188143077363711 -1.9505106211597796 0
    endloop
  endfacet
  facet normal 0 0 1
    outer loop
      vertex 1.1845875722931245 -1.9714847916148581 0
      vertex 1.2188143077363711 -1.9505106211597796 0
      vertex 1.1981014586036505 -1.0414937085224303 0
    endloop
  endfacet
  facet normal 0.5224985647159501 0.8526401643540913 0
    outer loop
      vertex 1.1845875722931245 1.9714847916148581 -3.96875
      vertex 1.1845875722931245 1.9714847916148581 0
      vertex 1.2188143077363711 1.9505106211597796 0
    endloop
  endfacet
  facet normal 0 0 -1
    outer loop
      vertex 1.1845875722931245 1.9714847916148581 -3.96875
      vertex 1.2188143077363711 1.9505106211597796 -3.96875
      vertex 1.1981014586036505 1.0414937085224303 -3.96875
    endloop
  endfacet
  facet normal 0.5224985647159501 0.8526401643540913 0
    outer loop
      vertex 1.1845875722931245 1.9714847916148581 -3.96875
      vertex 1.2188143077363711 1.9505106211597796 0
      vertex 1.2188143077363711 1.9505106211597796 -3.96875
    endloop
  endfacet
  facet normal -0.7604059656000346 0.6494480483301793 0
    outer loop
      vertex 1.1981014586036505 -1.0414937085224303 -3.96875
      vertex 1.1981014586036505 -1.0414937085224303 0
      vertex 1.2160955534513775 -1.020425330377381 0
    endloop
  endfacet
  facet normal 0 0 -1
    outer loop
      vertex 1.1981014586036505 -1.0414937085224303 -3.96875
      vertex 1.2160955534513775 -1.020425330377381 -3.96875
      vertex 1.2188143077363711 -1.9505106211597796 -3.96875
    endloop
  endfacet
  facet normal -0.7604059656000346 0.6494480483301793 0
    outer loop
      vertex 1.1981014586036505 -1.0414937085224303 -3.96875
      vertex 1.2160955534513775 -1.020425330377381 0
      vertex 1.2160955534513775 -1.020425330377381 -3.96875
    endloop
  endfacet
  facet normal 0 0 1
    outer loop
      vertex 1.1981014586036505 -1.0414937085224303 0
      vertex 1.2188143077363711 -1.9505106211597796 0
      vertex 1.2160955534513775 -1.020425330377381 0
    endloop
  endfacet
  facet normal -0.7604059656000346 -0.6494480483301793 0
    outer loop
      vertex 1.1981014586036505 1.0414937085224303 -3.96875
      vertex 1.2160955534513775 1.020425330377381 -3.96875
      vertex 1.1981014586036505 1.0414937085224303 0
    endloop
  endfacet
  facet normal 0 0 -1
    outer loop
      vertex 1.1981014586036505 1.0414937085224303 -3.96875
      vertex 1.2188143077363711 1.9505106211597796 -3.96875
      vertex 1.2160955534513775 1.020425330377381 -3.96875
    endloop
  endfacet
  facet normal -0.7604059656000346 -0.6494480483301793 0
    outer loop
      vertex 1.1981014586036505 1.0414937085224303 0
      vertex 1.2160955534513775 1.020425330377381 -3.96875
      vertex 1.2160955534513775 1.020425330377381 0
    endloop
  endfacet
  facet normal 0 0 1
    outer loop
      vertex 1.1981014586036505 1.0414937085224303 0
      vertex 1.2160955534513775 1.020425330377381 0
      vertex 1.2188143077363711 1.9505106211597796 0
    endloop
  endfacet
  facet normal -0.7716245833877191 0.636078220277765 0
    outer loop
      vertex 1.2160955534513775 -1.020425330377381 -3.96875
      vertex 1.2160955534513775 -1.020425330377381 0
      vertex 1.2337192138129411 -0.9990461207916168 0
    endloop
  endfacet
  facet normal 0 0 -1
    outer loop
      vertex 1.2160955534513775 -1.020425330377381 -3.96875
      vertex 1.2337192138129411 -0.9990461207916168 -3.96875
      vertex 1.2526697805345621 -1.9289423062744753 -3.96875
    endloop
  endfacet
  facet normal -0.7716245833877191 0.636078220277765 0
    outer loop
      vertex 1.2160955534513775 -1.020425330377381 -3.96875
      vertex 1.2337192138129411 -0.9990461207916168 0
      vertex 1.2337192138129411 -0.9990461207916168 -3.96875
    endloop
  endfacet
  facet normal 0 0 -1
    outer loop
      vertex 1.2160955534513775 -1.020425330377381 -3.96875
      vertex 1.2526697805345621 -1.9289423062744753 -3.96875
      vertex 1.2188143077363711 -1.9505106211597796 -3.96875
    endloop
  endfacet
  facet normal 0 0 1
    outer loop
      vertex 1.2160955534513775 -1.020425330377381 0
      vertex 1.2188143077363711 -1.9505106211597796 0
      vertex 1.2337192138129411 -0.9990461207916168 0
    endloop
  endfacet
  facet normal 0 0 -1
    outer loop
      vertex 1.2160955534513775 1.020425330377381 -3.96875
      vertex 1.2188143077363711 1.9505106211597796 -3.96875
      vertex 1.2337192138129411 0.9990461207916168 -3.96875
    endloop
  endfacet
  facet normal -0.7716245833877191 -0.636078220277765 0
    outer loop
      vertex 1.2160955534513775 1.020425330377381 -3.96875
      vertex 1.2337192138129411 0.9990461207916168 -3.96875
      vertex 1.2160955534513775 1.020425330377381 0
    endloop
  endfacet
  facet normal -0.7716245833877191 -0.636078220277765 0
    outer loop
      vertex 1.2160955534513775 1.020425330377381 0
      vertex 1.2337192138129411 0.9990461207916168 -3.96875
      vertex 1.2337192138129411 0.9990461207916168 0
    endloop
  endfacet
  facet normal 0 0 1
    outer loop
      vertex 1.2160955534513775 1.020425330377381 0
      vertex 1.2337192138129411 0.9990461207916168 0
      vertex 1.2526697805345621 1.9289423062744753 0
    endloop
  endfacet
  facet normal 0 0 1
    outer loop
      vertex 1.2160955534513775 1.020425330377381 0
      vertex 1.2526697805345621 1.9289423062744753 0
      vertex 1.2188143077363711 1.9505106211597796 0
    endloop
  endfacet
  facet normal 0.5372996083468197 -0.8433914458128883 0
    outer loop
      vertex 1.2188143077363711 -1.9505106211597796 -3.96875
      vertex 1.2526697805345621 -1.9289423062744753 -3.96875
      vertex 1.2188143077363711 -1.9505106211597796 0
    endloop
  endfacet
  facet normal 0.5372996083468197 -0.8433914458128883 0
    outer loop
      vertex 1.2188143077363711 -1.9505106211597796 0
      vertex 1.2526697805345621 -1.9289423062744753 -3.96875
      vertex 1.2526697805345621 -1.9289423062744753 0
    endloop
  endfacet
  facet normal 0 0 1
    outer loop
      vertex 1.2188143077363711 -1.9505106211597796 0
      vertex 1.2526697805345621 -1.9289423062744753 0
      vertex 1.2337192138129411 -0.9990461207916168 0
    endloop
  endfacet
  facet normal 0.5372996083468197 0.8433914458128883 0
    outer loop
      vertex 1.2188143077363711 1.9505106211597796 -3.96875
      vertex 1.2188143077363711 1.9505106211597796 0
      vertex 1.2526697805345621 1.9289423062744753 0
    endloop
  endfacet
  facet normal 0 0 -1
    outer loop
      vertex 1.2188143077363711 1.9505106211597796 -3.96875
      vertex 1.2526697805345621 1.9289423062744753 -3.96875
      vertex 1.2337192138129411 0.9990461207916168 -3.96875
    endloop
  endfacet
  facet normal 0.5372996083468197 0.8433914458128883 0
    outer loop
      vertex 1.2188143077363711 1.9505106211597796 -3.96875
      vertex 1.2526697805345621 1.9289423062744753 0
      vertex 1.2526697805345621 1.9289423062744753 -3.96875
    endloop
  endfacet
  facet normal -0.7826081568524139 0.6225146366376195 0
    outer loop
      vertex 1.2337192138129411 -0.9990461207916168 -3.96875
      vertex 1.2337192138129411 -0.9990461207916168 0
      vertex 1.2509670713506709 -0.9773625920794825 0
    endloop
  endfacet
  facet normal 0 0 -1
    outer loop
      vertex 1.2337192138129411 -0.9990461207916168 -3.96875
      vertex 1.2509670713506709 -0.9773625920794825 -3.96875
      vertex 1.2526697805345621 -1.9289423062744753 -3.96875
    endloop
  endfacet
  facet normal -0.7826081568524139 0.6225146366376195 0
    outer loop
      vertex 1.2337192138129411 -0.9990461207916168 -3.96875
      vertex 1.2509670713506709 -0.9773625920794825 0
      vertex 1.2509670713506709 -0.9773625920794825 -3.96875
    endloop
  endfacet
  facet normal 0 0 1
    outer loop
      vertex 1.2337192138129411 -0.9990461207916168 0
      vertex 1.2526697805345621 -1.9289423062744753 0
      vertex 1.2509670713506709 -0.9773625920794825 0
    endloop
  endfacet
  facet normal -0.7826081568524139 -0.6225146366376195 0
    outer loop
      vertex 1.2337192138129411 0.9990461207916168 -3.96875
      vertex 1.2509670713506709 0.9773625920794825 -3.96875
      vertex 1.2337192138129411 0.9990461207916168 0
    endloop
  endfacet
  facet normal 0 0 -1
    outer loop
      vertex 1.2337192138129411 0.9990461207916168 -3.96875
      vertex 1.2526697805345621 1.9289423062744753 -3.96875
      vertex 1.2509670713506709 0.9773625920794825 -3.96875
    endloop
  endfacet
  facet normal -0.7826081568524139 -0.6225146366376195 0
    outer loop
      vertex 1.2337192138129411 0.9990461207916168 0
      vertex 1.2509670713506709 0.9773625920794825 -3.96875
      vertex 1.2509670713506709 0.9773625920794825 0
    endloop
  endfacet
  facet normal 0 0 1
    outer loop
      vertex 1.2337192138129411 0.9990461207916168 0
      vertex 1.2509670713506709 0.9773625920794825 0
      vertex 1.2526697805345621 1.9289423062744753 0
    endloop
  endfacet
  facet normal -0.7933533402912348 0.6087614290087211 0
    outer loop
      vertex 1.2509670713506709 -0.9773625920794825 -3.96875
      vertex 1.2509670713506709 -0.9773625920794825 0
      vertex 1.2678338722000773 -0.9553813492538765 0
    endloop
  endfacet
  facet normal 0 0 -1
    outer loop
      vertex 1.2509670713506709 -0.9773625920794825 -3.96875
      vertex 1.2678338722000773 -0.9553813492538765 -3.96875
      vertex 1.2861436779827178 -1.9067864168765956 -3.96875
    endloop
  endfacet
  facet normal -0.7933533402912348 0.6087614290087211 0
    outer loop
      vertex 1.2509670713506709 -0.9773625920794825 -3.96875
      vertex 1.2678338722000773 -0.9553813492538765 0
      vertex 1.2678338722000773 -0.9553813492538765 -3.96875
    endloop
  endfacet
  facet normal 0 0 -1
    outer loop
      vertex 1.2509670713506709 -0.9773625920794825 -3.96875
      vertex 1.2861436779827178 -1.9067864168765956 -3.96875
      vertex 1.2526697805345621 -1.9289423062744753 -3.96875
    endloop
  endfacet
  facet normal 0 0 1
    outer loop
      vertex 1.2509670713506709 -0.9773625920794825 0
      vertex 1.2526697805345621 -1.9289423062744753 0
      vertex 1.2678338722000773 -0.9553813492538765 0
    endloop
  endfacet
  facet normal 0 0 -1
    outer loop
      vertex 1.2509670713506709 0.9773625920794825 -3.96875
      vertex 1.2526697805345621 1.9289423062744753 -3.96875
      vertex 1.2678338722000773 0.9553813492538765 -3.96875
    endloop
  endfacet
  facet normal -0.7933533402912348 -0.6087614290087211 0
    outer loop
      vertex 1.2509670713506709 0.9773625920794825 -3.96875
      vertex 1.2678338722000773 0.9553813492538765 -3.96875
      vertex 1.2509670713506709 0.9773625920794825 0
    endloop
  endfacet
  facet normal -0.7933533402912348 -0.6087614290087211 0
    outer loop
      vertex 1.2509670713506709 0.9773625920794825 0
      vertex 1.2678338722000773 0.9553813492538765 -3.96875
      vertex 1.2678338722000773 0.9553813492538765 0
    endloop
  endfacet
  facet normal 0 0 1
    outer loop
      vertex 1.2509670713506709 0.9773625920794825 0
      vertex 1.2678338722000773 0.9553813492538765 0
      vertex 1.2861436779827178 1.9067864168765956 0
    endloop
  endfacet
  facet normal 0 0 1
    outer loop
      vertex 1.2509670713506709 0.9773625920794825 0
      vertex 1.2861436779827178 1.9067864168765956 0
      vertex 1.2526697805345621 1.9289423062744753 0
    endloop
  endfacet
  facet normal 0.5519369853120614 -0.8338858220671661 0
    outer loop
      vertex 1.2526697805345621 -1.9289423062744753 -3.96875
      vertex 1.2861436779827178 -1.9067864168765956 -3.96875
      vertex 1.2526697805345621 -1.9289423062744753 0
    endloop
  endfacet
  facet normal 0.5519369853120614 -0.8338858220671661 0
    outer loop
      vertex 1.2526697805345621 -1.9289423062744753 0
      vertex 1.2861436779827178 -1.9067864168765956 -3.96875
      vertex 1.2861436779827178 -1.9067864168765956 0
    endloop
  endfacet
  facet normal 0 0 1
    outer loop
      vertex 1.2526697805345621 -1.9289423062744753 0
      vertex 1.2861436779827178 -1.9067864168765956 0
      vertex 1.2678338722000773 -0.9553813492538765 0
    endloop
  endfacet
  facet normal 0.5519369853120614 0.8338858220671661 0
    outer loop
      vertex 1.2526697805345621 1.9289423062744753 -3.96875
      vertex 1.2526697805345621 1.9289423062744753 0
      vertex 1.2861436779827178 1.9067864168765956 0
    endloop
  endfacet
  facet normal 0 0 -1
    outer loop
      vertex 1.2526697805345621 1.9289423062744753 -3.96875
      vertex 1.2861436779827178 1.9067864168765956 -3.96875
      vertex 1.2678338722000773 0.9553813492538765 -3.96875
    endloop
  endfacet
  facet normal 0.5519369853120614 0.8338858220671661 0
    outer loop
      vertex 1.2526697805345621 1.9289423062744753 -3.96875
      vertex 1.2861436779827178 1.9067864168765956 0
      vertex 1.2861436779827178 1.9067864168765956 -3.96875
    endloop
  endfacet
  facet normal -0.8038568606172156 0.5948227867513436 0
    outer loop
      vertex 1.2678338722000773 -0.9553813492538765 -3.96875
      vertex 1.2678338722000773 -0.9553813492538765 0
      vertex 1.284314478570229 -0.933109088014301 0
    endloop
  endfacet
  facet normal 0 0 -1
    outer loop
      vertex 1.2678338722000773 -0.9553813492538765 -3.96875
      vertex 1.284314478570229 -0.933109088014301 -3.96875
      vertex 1.2861436779827178 -1.9067864168765956 -3.96875
    endloop
  endfacet
  facet normal -0.8038568606172156 0.5948227867513436 0
    outer loop
      vertex 1.2678338722000773 -0.9553813492538765 -3.96875
      vertex 1.284314478570229 -0.933109088014301 0
      vertex 1.284314478570229 -0.933109088014301 -3.96875
    endloop
  endfacet
  facet normal 0 0 1
    outer loop
      vertex 1.2678338722000773 -0.9553813492538765 0
      vertex 1.2861436779827178 -1.9067864168765956 0
      vertex 1.284314478570229 -0.933109088014301 0
    endloop
  endfacet
  facet normal -0.8038568606172156 -0.5948227867513436 0
    outer loop
      vertex 1.2678338722000773 0.9553813492538765 -3.96875
      vertex 1.284314478570229 0.933109088014301 -3.96875
      vertex 1.2678338722000773 0.9553813492538765 0
    endloop
  endfacet
  facet normal 0 0 -1
    outer loop
      vertex 1.2678338722000773 0.9553813492538765 -3.96875
      vertex 1.2861436779827178 1.9067864168765956 -3.96875
      vertex 1.284314478570229 0.933109088014301 -3.96875
    endloop
  endfacet
  facet normal -0.8038568606172156 -0.5948227867513436 0
    outer loop
      vertex 1.2678338722000773 0.9553813492538765 0
      vertex 1.284314478570229 0.933109088014301 -3.96875
      vertex 1.284314478570229 0.933109088014301 0
    endloop
  endfacet
  facet normal 0 0 1
    outer loop
      vertex 1.2678338722000773 0.9553813492538765 0
      vertex 1.284314478570229 0.933109088014301 0
      vertex 1.2861436779827178 1.9067864168765956 0
    endloop
  endfacet
  facet normal -0.8141155183563212 0.580702955710937 0
    outer loop
      vertex 1.284314478570229 -0.933109088014301 -3.96875
      vertex 1.284314478570229 -0.933109088014301 0
      vertex 1.3004038703087744 -0.9105525927072855 0
    endloop
  endfacet
  facet normal 0 0 -1
    outer loop
      vertex 1.284314478570229 -0.933109088014301 -3.96875
      vertex 1.3004038703087744 -0.9105525927072855 -3.96875
      vertex 1.3192258036074058 -1.884049701864681 -3.96875
    endloop
  endfacet
  facet normal -0.8141155183563212 0.580702955710937 0
    outer loop
      vertex 1.284314478570229 -0.933109088014301 -3.96875
      vertex 1.3004038703087744 -0.9105525927072855 0
      vertex 1.3004038703087744 -0.9105525927072855 -3.96875
    endloop
  endfacet
  facet normal 0 0 -1
    outer loop
      vertex 1.284314478570229 -0.933109088014301 -3.96875
      vertex 1.3192258036074058 -1.884049701864681 -3.96875
      vertex 1.2861436779827178 -1.9067864168765956 -3.96875
    endloop
  endfacet
  facet normal 0 0 1
    outer loop
      vertex 1.284314478570229 -0.933109088014301 0
      vertex 1.2861436779827178 -1.9067864168765956 0
      vertex 1.3004038703087744 -0.9105525927072855 0
    endloop
  endfacet
  facet normal 0 0 -1
    outer loop
      vertex 1.284314478570229 0.933109088014301 -3.96875
      vertex 1.2861436779827178 1.9067864168765956 -3.96875
      vertex 1.3004038703087744 0.9105525927072855 -3.96875
    endloop
  endfacet
  facet normal -0.8141155183563212 -0.580702955710937 0
    outer loop
      vertex 1.284314478570229 0.933109088014301 -3.96875
      vertex 1.3004038703087744 0.9105525927072855 -3.96875
      vertex 1.284314478570229 0.933109088014301 0
    endloop
  endfacet
  facet normal -0.8141155183563212 -0.580702955710937 0
    outer loop
      vertex 1.284314478570229 0.933109088014301 0
      vertex 1.3004038703087744 0.9105525927072855 -3.96875
      vertex 1.3004038703087744 0.9105525927072855 0
    endloop
  endfacet
  facet normal 0 0 1
    outer loop
      vertex 1.284314478570229 0.933109088014301 0
      vertex 1.3004038703087744 0.9105525927072855 0
      vertex 1.3192258036074058 1.884049701864681 0
    endloop
  endfacet
  facet normal 0 0 1
    outer loop
      vertex 1.284314478570229 0.933109088014301 0
      vertex 1.3192258036074058 1.884049701864681 0
      vertex 1.2861436779827178 1.9067864168765956 0
    endloop
  endfacet
  facet normal 0.5664062369248339 -0.8241261886220149 0
    outer loop
      vertex 1.2861436779827178 -1.9067864168765956 -3.96875
      vertex 1.3192258036074058 -1.884049701864681 -3.96875
      vertex 1.2861436779827178 -1.9067864168765956 0
    endloop
  endfacet
  facet normal 0.5664062369248339 -0.8241261886220149 0
    outer loop
      vertex 1.2861436779827178 -1.9067864168765956 0
      vertex 1.3192258036074058 -1.884049701864681 -3.96875
      vertex 1.3192258036074058 -1.884049701864681 0
    endloop
  endfacet
  facet normal 0 0 1
    outer loop
      vertex 1.2861436779827178 -1.9067864168765956 0
      vertex 1.3192258036074058 -1.884049701864681 0
      vertex 1.3004038703087744 -0.9105525927072855 0
    endloop
  endfacet
  facet normal 0.5664062369248339 0.8241261886220149 0
    outer loop
      vertex 1.2861436779827178 1.9067864168765956 -3.96875
      vertex 1.2861436779827178 1.9067864168765956 0
      vertex 1.3192258036074058 1.884049701864681 0
    endloop
  endfacet
  facet normal 0 0 -1
    outer loop
      vertex 1.2861436779827178 1.9067864168765956 -3.96875
      vertex 1.3192258036074058 1.884049701864681 -3.96875
      vertex 1.3004038703087744 0.9105525927072855 -3.96875
    endloop
  endfacet
  facet normal 0.5664062369248339 0.8241261886220149 0
    outer loop
      vertex 1.2861436779827178 1.9067864168765956 -3.96875
      vertex 1.3192258036074058 1.884049701864681 0
      vertex 1.3192258036074058 1.884049701864681 -3.96875
    endloop
  endfacet
  facet normal -0.8241261886220161 0.5664062369248322 0
    outer loop
      vertex 1.3004038703087744 -0.9105525927072855 -3.96875
      vertex 1.3004038703087744 -0.9105525927072855 0
      vertex 1.3160971464311284 -0.8877187342598106 0
    endloop
  endfacet
  facet normal 0 0 -1
    outer loop
      vertex 1.3004038703087744 -0.9105525927072855 -3.96875
      vertex 1.3160971464311284 -0.8877187342598106 -3.96875
      vertex 1.3192258036074058 -1.884049701864681 -3.96875
    endloop
  endfacet
  facet normal -0.8241261886220161 0.5664062369248322 0
    outer loop
      vertex 1.3004038703087744 -0.9105525927072855 -3.96875
      vertex 1.3160971464311284 -0.8877187342598106 0
      vertex 1.3160971464311284 -0.8877187342598106 -3.96875
    endloop
  endfacet
  facet normal 0 0 1
    outer loop
      vertex 1.3004038703087744 -0.9105525927072855 0
      vertex 1.3192258036074058 -1.884049701864681 0
      vertex 1.3160971464311284 -0.8877187342598106 0
    endloop
  endfacet
  facet normal -0.8241261886220161 -0.5664062369248322 0
    outer loop
      vertex 1.3004038703087744 0.9105525927072855 -3.96875
      vertex 1.3160971464311284 0.8877187342598106 -3.96875
      vertex 1.3004038703087744 0.9105525927072855 0
    endloop
  endfacet
  facet normal 0 0 -1
    outer loop
      vertex 1.3004038703087744 0.9105525927072855 -3.96875
      vertex 1.3192258036074058 1.884049701864681 -3.96875
      vertex 1.3160971464311284 0.8877187342598106 -3.96875
    endloop
  endfacet
  facet normal -0.8241261886220161 -0.5664062369248322 0
    outer loop
      vertex 1.3004038703087744 0.9105525927072855 0
      vertex 1.3160971464311284 0.8877187342598106 -3.96875
      vertex 1.3160971464311284 0.8877187342598106 0
    endloop
  endfacet
  facet normal 0 0 1
    outer loop
      vertex 1.3004038703087744 0.9105525927072855 0
      vertex 1.3160971464311284 0.8877187342598106 0
      vertex 1.3192258036074058 1.884049701864681 0
    endloop
  endfacet
  facet normal -0.8338858220671648 0.5519369853120635 0
    outer loop
      vertex 1.3160971464311284 -0.8877187342598106 -3.96875
      vertex 1.3160971464311284 -0.8877187342598106 0
      vertex 1.3313895266133606 -0.8646144680863554 0
    endloop
  endfacet
  facet normal 0 0 -1
    outer loop
      vertex 1.3160971464311284 -0.8877187342598106 -3.96875
      vertex 1.3313895266133606 -0.8646144680863554 -3.96875
      vertex 1.351906080272688 -1.860739087062379 -3.96875
    endloop
  endfacet
  facet normal -0.8338858220671648 0.5519369853120635 0
    outer loop
      vertex 1.3160971464311284 -0.8877187342598106 -3.96875
      vertex 1.3313895266133606 -0.8646144680863554 0
      vertex 1.3313895266133606 -0.8646144680863554 -3.96875
    endloop
  endfacet
  facet normal 0 0 -1
    outer loop
      vertex 1.3160971464311284 -0.8877187342598106 -3.96875
      vertex 1.351906080272688 -1.860739087062379 -3.96875
      vertex 1.3192258036074058 -1.884049701864681 -3.96875
    endloop
  endfacet
  facet normal 0 0 1
    outer loop
      vertex 1.3160971464311284 -0.8877187342598106 0
      vertex 1.3192258036074058 -1.884049701864681 0
      vertex 1.3313895266133606 -0.8646144680863554 0
    endloop
  endfacet
  facet normal 0 0 -1
    outer loop
      vertex 1.3160971464311284 0.8877187342598106 -3.96875
      vertex 1.3192258036074058 1.884049701864681 -3.96875
      vertex 1.3313895266133606 0.8646144680863554 -3.96875
    endloop
  endfacet
  facet normal -0.8338858220671648 -0.5519369853120635 0
    outer loop
      vertex 1.3160971464311284 0.8877187342598106 -3.96875
      vertex 1.3313895266133606 0.8646144680863554 -3.96875
      vertex 1.3160971464311284 0.8877187342598106 0
    endloop
  endfacet
  facet normal -0.8338858220671648 -0.5519369853120635 0
    outer loop
      vertex 1.3160971464311284 0.8877187342598106 0
      vertex 1.3313895266133606 0.8646144680863554 -3.96875
      vertex 1.3313895266133606 0.8646144680863554 0
    endloop
  endfacet
  facet normal 0 0 1
    outer loop
      vertex 1.3160971464311284 0.8877187342598106 0
      vertex 1.3313895266133606 0.8646144680863554 0
      vertex 1.351906080272688 1.860739087062379 0
    endloop
  endfacet
  facet normal 0 0 1
    outer loop
      vertex 1.3160971464311284 0.8877187342598106 0
      vertex 1.351906080272688 1.860739087062379 0
      vertex 1.3192258036074058 1.884049701864681 0
    endloop
  endfacet
  facet normal 0.5807029557109361 -0.8141155183563217 0
    outer loop
      vertex 1.3192258036074058 -1.884049701864681 -3.96875
      vertex 1.351906080272688 -1.860739087062379 -3.96875
      vertex 1.3192258036074058 -1.884049701864681 0
    endloop
  endfacet
  facet normal 0.5807029557109361 -0.8141155183563217 0
    outer loop
      vertex 1.3192258036074058 -1.884049701864681 0
      vertex 1.351906080272688 -1.860739087062379 -3.96875
      vertex 1.351906080272688 -1.860739087062379 0
    endloop
  endfacet
  facet normal 0 0 1
    outer loop
      vertex 1.3192258036074058 -1.884049701864681 0
      vertex 1.351906080272688 -1.860739087062379 0
      vertex 1.3313895266133606 -0.8646144680863554 0
    endloop
  endfacet
  facet normal 0.5807029557109361 0.8141155183563217 0
    outer loop
      vertex 1.3192258036074058 1.884049701864681 -3.96875
      vertex 1.3192258036074058 1.884049701864681 0
      vertex 1.351906080272688 1.860739087062379 0
    endloop
  endfacet
  facet normal 0 0 -1
    outer loop
      vertex 1.3192258036074058 1.884049701864681 -3.96875
      vertex 1.351906080272688 1.860739087062379 -3.96875
      vertex 1.3313895266133606 0.8646144680863554 -3.96875
    endloop
  endfacet
  facet normal 0.5807029557109361 0.8141155183563217 0
    outer loop
      vertex 1.3192258036074058 1.884049701864681 -3.96875
      vertex 1.351906080272688 1.860739087062379 0
      vertex 1.351906080272688 1.860739087062379 -3.96875
    endloop
  endfacet
  facet normal -0.8433914458128876 0.5372996083468209 0
    outer loop
      vertex 1.3313895266133606 -0.8646144680863554 -3.96875
      vertex 1.3313895266133606 -0.8646144680863554 0
      vertex 1.3462763526483261 -0.8412468319702128 0
    endloop
  endfacet
  facet normal 0 0 -1
    outer loop
      vertex 1.3313895266133606 -0.8646144680863554 -3.96875
      vertex 1.3462763526483261 -0.8412468319702128 -3.96875
      vertex 1.351906080272688 -1.860739087062379 -3.96875
    endloop
  endfacet
  facet normal -0.8433914458128876 0.5372996083468209 0
    outer loop
      vertex 1.3313895266133606 -0.8646144680863554 -3.96875
      vertex 1.3462763526483261 -0.8412468319702128 0
      vertex 1.3462763526483261 -0.8412468319702128 -3.96875
    endloop
  endfacet
  facet normal 0 0 1
    outer loop
      vertex 1.3313895266133606 -0.8646144680863554 0
      vertex 1.351906080272688 -1.860739087062379 0
      vertex 1.3462763526483261 -0.8412468319702128 0
    endloop
  endfacet
  facet normal -0.8433914458128876 -0.5372996083468209 0
    outer loop
      vertex 1.3313895266133606 0.8646144680863554 -3.96875
      vertex 1.3462763526483261 0.8412468319702128 -3.96875
      vertex 1.3313895266133606 0.8646144680863554 0
    endloop
  endfacet
  facet normal 0 0 -1
    outer loop
      vertex 1.3313895266133606 0.8646144680863554 -3.96875
      vertex 1.351906080272688 1.860739087062379 -3.96875
      vertex 1.3462763526483261 0.8412468319702128 -3.96875
    endloop
  endfacet
  facet normal -0.8433914458128876 -0.5372996083468209 0
    outer loop
      vertex 1.3313895266133606 0.8646144680863554 0
      vertex 1.3462763526483261 0.8412468319702128 -3.96875
      vertex 1.3462763526483261 0.8412468319702128 0
    endloop
  endfacet
  facet normal 0 0 1
    outer loop
      vertex 1.3313895266133606 0.8646144680863554 0
      vertex 1.3462763526483261 0.8412468319702128 0
      vertex 1.351906080272688 1.860739087062379 0
    endloop
  endfacet
  facet normal -0.8526401643540922 0.522498564715949 0
    outer loop
      vertex 1.3462763526483261 -0.8412468319702128 -3.96875
      vertex 1.3462763526483261 -0.8412468319702128 0
      vertex 1.3607530898646032 -0.8176229439197109 0
    endloop
  endfacet
  facet normal 0 0 -1
    outer loop
      vertex 1.3462763526483261 -0.8412468319702128 -3.96875
      vertex 1.3607530898646032 -0.8176229439197109 -3.96875
      vertex 1.384174553249711 -1.8368616731087735 -3.96875
    endloop
  endfacet
  facet normal -0.8526401643540922 0.522498564715949 0
    outer loop
      vertex 1.3462763526483261 -0.8412468319702128 -3.96875
      vertex 1.3607530898646032 -0.8176229439197109 0
      vertex 1.3607530898646032 -0.8176229439197109 -3.96875
    endloop
  endfacet
  facet normal 0 0 -1
    outer loop
      vertex 1.3462763526483261 -0.8412468319702128 -3.96875
      vertex 1.384174553249711 -1.8368616731087735 -3.96875
      vertex 1.351906080272688 -1.860739087062379 -3.96875
    endloop
  endfacet
  facet normal 0 0 1
    outer loop
      vertex 1.3462763526483261 -0.8412468319702128 0
      vertex 1.351906080272688 -1.860739087062379 0
      vertex 1.3607530898646032 -0.8176229439197109 0
    endloop
  endfacet
  facet normal 0 0 -1
    outer loop
      vertex 1.3462763526483261 0.8412468319702128 -3.96875
      vertex 1.351906080272688 1.860739087062379 -3.96875
      vertex 1.3607530898646032 0.8176229439197109 -3.96875
    endloop
  endfacet
  facet normal -0.8526401643540922 -0.522498564715949 0
    outer loop
      vertex 1.3462763526483261 0.8412468319702128 -3.96875
      vertex 1.3607530898646032 0.8176229439197109 -3.96875
      vertex 1.3462763526483261 0.8412468319702128 0
    endloop
  endfacet
  facet normal -0.8526401643540922 -0.522498564715949 0
    outer loop
      vertex 1.3462763526483261 0.8412468319702128 0
      vertex 1.3607530898646032 0.8176229439197109 -3.96875
      vertex 1.3607530898646032 0.8176229439197109 0
    endloop
  endfacet
  facet normal 0 0 1
    outer loop
      vertex 1.3462763526483261 0.8412468319702128 0
      vertex 1.3607530898646032 0.8176229439197109 0
      vertex 1.384174553249711 1.8368616731087735 0
    endloop
  endfacet
  facet normal 0 0 1
    outer loop
      vertex 1.3462763526483261 0.8412468319702128 0
      vertex 1.384174553249711 1.8368616731087735 0
      vertex 1.351906080272688 1.860739087062379 0
    endloop
  endfacet
  facet normal 0.5948227867513416 -0.8038568606172172 0
    outer loop
      vertex 1.351906080272688 -1.860739087062379 -3.96875
      vertex 1.384174553249711 -1.8368616731087735 -3.96875
      vertex 1.351906080272688 -1.860739087062379 0
    endloop
  endfacet
  facet normal 0 0 1
    outer loop
      vertex 1.351906080272688 -1.860739087062379 0
      vertex 1.3748153285077962 -0.79375 0
      vertex 1.3607530898646032 -0.8176229439197109 0
    endloop
  endfacet
  facet normal 0.5948227867513416 -0.8038568606172172 0
    outer loop
      vertex 1.351906080272688 -1.860739087062379 0
      vertex 1.384174553249711 -1.8368616731087735 -3.96875
      vertex 1.384174553249711 -1.8368616731087735 0
    endloop
  endfacet
  facet normal 0 0 1
    outer loop
      vertex 1.351906080272688 -1.860739087062379 0
      vertex 1.384174553249711 -1.8368616731087735 0
      vertex 1.3748153285077962 -0.79375 0
    endloop
  endfacet
  facet normal 0.5948227867513416 0.8038568606172172 0
    outer loop
      vertex 1.351906080272688 1.860739087062379 -3.96875
      vertex 1.351906080272688 1.860739087062379 0
      vertex 1.384174553249711 1.8368616731087735 0
    endloop
  endfacet
  facet normal 0 0 -1
    outer loop
      vertex 1.351906080272688 1.860739087062379 -3.96875
      vertex 1.3748153285077962 0.79375 -3.96875
      vertex 1.3607530898646032 0.8176229439197109 -3.96875
    endloop
  endfacet
  facet normal 0 0 -1
    outer loop
      vertex 1.351906080272688 1.860739087062379 -3.96875
      vertex 1.384174553249711 1.8368616731087735 -3.96875
      vertex 1.3748153285077962 0.79375 -3.96875
    endloop
  endfacet
  facet normal 0.5948227867513416 0.8038568606172172 0
    outer loop
      vertex 1.351906080272688 1.860739087062379 -3.96875
      vertex 1.384174553249711 1.8368616731087735 0
      vertex 1.384174553249711 1.8368616731087735 -3.96875
    endloop
  endfacet
  facet normal -0.8616291604415262 0.5075383629607034 0
    outer loop
      vertex 1.3607530898646032 -0.8176229439197109 -3.96875
      vertex 1.3607530898646032 -0.8176229439197109 0
      vertex 1.3748153285077962 -0.79375 0
    endloop
  endfacet
  facet normal 0 0 -1
    outer loop
      vertex 1.3607530898646032 -0.8176229439197109 -3.96875
      vertex 1.3748153285077962 -0.79375 -3.96875
      vertex 1.384174553249711 -1.8368616731087735 -3.96875
    endloop
  endfacet
  facet normal -0.8616291604415262 0.5075383629607034 0
    outer loop
      vertex 1.3607530898646032 -0.8176229439197109 -3.96875
      vertex 1.3748153285077962 -0.79375 0
      vertex 1.3748153285077962 -0.79375 -3.96875
    endloop
  endfacet
  facet normal -0.8616291604415262 -0.5075383629607034 0
    outer loop
      vertex 1.3607530898646032 0.8176229439197109 -3.96875
      vertex 1.3748153285077962 0.79375 -3.96875
      vertex 1.3607530898646032 0.8176229439197109 0
    endloop
  endfacet
  facet normal -0.8616291604415262 -0.5075383629607034 0
    outer loop
      vertex 1.3607530898646032 0.8176229439197109 0
      vertex 1.3748153285077962 0.79375 -3.96875
      vertex 1.3748153285077962 0.79375 0
    endloop
  endfacet
  facet normal 0 0 1
    outer loop
      vertex 1.3607530898646032 0.8176229439197109 0
      vertex 1.3748153285077962 0.79375 0
      vertex 1.384174553249711 1.8368616731087735 0
    endloop
  endfacet
  facet normal -0.8703556959398998 0.4924235601034669 0
    outer loop
      vertex 1.3748153285077962 -0.79375 -3.96875
      vertex 1.3748153285077962 -0.79375 0
      vertex 1.3884587850837906 -0.7696352721410601 0
    endloop
  endfacet
  facet normal 0 0 -1
    outer loop
      vertex 1.3748153285077962 -0.79375 -3.96875
      vertex 1.3884587850837906 -0.7696352721410601 -3.96875
      vertex 1.416021393249014 -1.8124247332954602 -3.96875
    endloop
  endfacet
  facet normal -0.8703556959398998 0.4924235601034669 0
    outer loop
      vertex 1.3748153285077962 -0.79375 -3.96875
      vertex 1.3884587850837906 -0.7696352721410601 0
      vertex 1.3884587850837906 -0.7696352721410601 -3.96875
    endloop
  endfacet
  facet normal 0 0 -1
    outer loop
      vertex 1.3748153285077962 -0.79375 -3.96875
      vertex 1.416021393249014 -1.8124247332954602 -3.96875
      vertex 1.384174553249711 -1.8368616731087735 -3.96875
    endloop
  endfacet
  facet normal 0 0 1
    outer loop
      vertex 1.3748153285077962 -0.79375 0
      vertex 1.384174553249711 -1.8368616731087735 0
      vertex 1.3884587850837906 -0.7696352721410601 0
    endloop
  endfacet
  facet normal 0 0 -1
    outer loop
      vertex 1.3748153285077962 0.79375 -3.96875
      vertex 1.384174553249711 1.8368616731087735 -3.96875
      vertex 1.3884587850837906 0.7696352721410601 -3.96875
    endloop
  endfacet
  facet normal -0.8703556959398998 -0.4924235601034669 0
    outer loop
      vertex 1.3748153285077962 0.79375 -3.96875
      vertex 1.3884587850837906 0.7696352721410601 -3.96875
      vertex 1.3748153285077962 0.79375 0
    endloop
  endfacet
  facet normal -0.8703556959398998 -0.4924235601034669 0
    outer loop
      vertex 1.3748153285077962 0.79375 0
      vertex 1.3884587850837906 0.7696352721410601 -3.96875
      vertex 1.3884587850837906 0.7696352721410601 0
    endloop
  endfacet
  facet normal 0 0 1
    outer loop
      vertex 1.3748153285077962 0.79375 0
      vertex 1.3884587850837906 0.7696352721410601 0
      vertex 1.416021393249014 1.8124247332954602 0
    endloop
  endfacet
  facet normal 0 0 1
    outer loop
      vertex 1.3748153285077962 0.79375 0
      vertex 1.416021393249014 1.8124247332954602 0
      vertex 1.384174553249711 1.8368616731087735 0
    endloop
  endfacet
  facet normal 0.608761429008724 -0.7933533402912325 0
    outer loop
      vertex 1.384174553249711 -1.8368616731087735 -3.96875
      vertex 1.416021393249014 -1.8124247332954602 -3.96875
      vertex 1.384174553249711 -1.8368616731087735 0
    endloop
  endfacet
  facet normal 0 0 1
    outer loop
      vertex 1.384174553249711 -1.8368616731087735 0
      vertex 1.4016793036635464 -0.7452861059226016 0
      vertex 1.3884587850837906 -0.7696352721410601 0
    endloop
  endfacet
  facet normal 0.608761429008724 -0.7933533402912325 0
    outer loop
      vertex 1.384174553249711 -1.8368616731087735 0
      vertex 1.416021393249014 -1.8124247332954602 -3.96875
      vertex 1.416021393249014 -1.8124247332954602 0
    endloop
  endfacet
  facet normal 0 0 1
    outer loop
      vertex 1.384174553249711 -1.8368616731087735 0
      vertex 1.416021393249014 -1.8124247332954602 0
      vertex 1.4016793036635464 -0.7452861059226016 0
    endloop
  endfacet
  facet normal 0.608761429008724 0.7933533402912325 0
    outer loop
      vertex 1.384174553249711 1.8368616731087735 -3.96875
      vertex 1.384174553249711 1.8368616731087735 0
      vertex 1.416021393249014 1.8124247332954602 0
    endloop
  endfacet
  facet normal 0 0 -1
    outer loop
      vertex 1.384174553249711 1.8368616731087735 -3.96875
      vertex 1.4016793036635464 0.7452861059226016 -3.96875
      vertex 1.3884587850837906 0.7696352721410601 -3.96875
    endloop
  endfacet
  facet normal 0 0 -1
    outer loop
      vertex 1.384174553249711 1.8368616731087735 -3.96875
      vertex 1.416021393249014 1.8124247332954602 -3.96875
      vertex 1.4016793036635464 0.7452861059226016 -3.96875
    endloop
  endfacet
  facet normal 0.608761429008724 0.7933533402912325 0
    outer loop
      vertex 1.384174553249711 1.8368616731087735 -3.96875
      vertex 1.416021393249014 1.8124247332954602 0
      vertex 1.416021393249014 1.8124247332954602 -3.96875
    endloop
  endfacet
  facet normal -0.878817112661964 0.4771587602596107 0
    outer loop
      vertex 1.3884587850837906 -0.7696352721410601 -3.96875
      vertex 1.3884587850837906 -0.7696352721410601 0
      vertex 1.4016793036635464 -0.7452861059226016 0
    endloop
  endfacet
  facet normal 0 0 -1
    outer loop
      vertex 1.3884587850837906 -0.7696352721410601 -3.96875
      vertex 1.4016793036635464 -0.7452861059226016 -3.96875
      vertex 1.416021393249014 -1.8124247332954602 -3.96875
    endloop
  endfacet
  facet normal -0.878817112661964 0.4771587602596107 0
    outer loop
      vertex 1.3884587850837906 -0.7696352721410601 -3.96875
      vertex 1.4016793036635464 -0.7452861059226016 0
      vertex 1.4016793036635464 -0.7452861059226016 -3.96875
    endloop
  endfacet
  facet normal -0.878817112661964 -0.4771587602596107 0
    outer loop
      vertex 1.3884587850837906 0.7696352721410601 -3.96875
      vertex 1.4016793036635464 0.7452861059226016 -3.96875
      vertex 1.3884587850837906 0.7696352721410601 0
    endloop
  endfacet
  facet normal -0.878817112661964 -0.4771587602596107 0
    outer loop
      vertex 1.3884587850837906 0.7696352721410601 0
      vertex 1.4016793036635464 0.7452861059226016 -3.96875
      vertex 1.4016793036635464 0.7452861059226016 0
    endloop
  endfacet
  facet normal 0 0 1
    outer loop
      vertex 1.3884587850837906 0.7696352721410601 0
      vertex 1.4016793036635464 0.7452861059226016 0
      vertex 1.416021393249014 1.8124247332954602 0
    endloop
  endfacet
  facet normal -0.8870108331782218 0.46174861323503363 0
    outer loop
      vertex 1.4016793036635464 -0.7452861059226016 -3.96875
      vertex 1.4016793036635464 -0.7452861059226016 0
      vertex 1.414472857149034 -0.7207099183365304 0
    endloop
  endfacet
  facet normal 0 0 -1
    outer loop
      vertex 1.4016793036635464 -0.7452861059226016 -3.96875
      vertex 1.414472857149034 -0.7207099183365304 -3.96875
      vertex 1.416021393249014 -1.8124247332954602 -3.96875
    endloop
  endfacet
  facet normal -0.8870108331782218 0.46174861323503363 0
    outer loop
      vertex 1.4016793036635464 -0.7452861059226016 -3.96875
      vertex 1.414472857149034 -0.7207099183365304 0
      vertex 1.414472857149034 -0.7207099183365304 -3.96875
    endloop
  endfacet
  facet normal 0 0 1
    outer loop
      vertex 1.4016793036635464 -0.7452861059226016 0
      vertex 1.416021393249014 -1.8124247332954602 0
      vertex 1.414472857149034 -0.7207099183365304 0
    endloop
  endfacet
  facet normal -0.8870108331782218 -0.46174861323503363 0
    outer loop
      vertex 1.4016793036635464 0.7452861059226016 -3.96875
      vertex 1.414472857149034 0.7207099183365304 -3.96875
      vertex 1.4016793036635464 0.7452861059226016 0
    endloop
  endfacet
  facet normal 0 0 -1
    outer loop
      vertex 1.4016793036635464 0.7452861059226016 -3.96875
      vertex 1.416021393249014 1.8124247332954602 -3.96875
      vertex 1.414472857149034 0.7207099183365304 -3.96875
    endloop
  endfacet
  facet normal -0.8870108331782218 -0.46174861323503363 0
    outer loop
      vertex 1.4016793036635464 0.7452861059226016 0
      vertex 1.414472857149034 0.7207099183365304 -3.96875
      vertex 1.414472857149034 0.7207099183365304 0
    endloop
  endfacet
  facet normal 0 0 1
    outer loop
      vertex 1.4016793036635464 0.7452861059226016 0
      vertex 1.414472857149034 0.7207099183365304 0
      vertex 1.416021393249014 1.8124247332954602 0
    endloop
  endfacet
  facet normal -0.8949343616020247 0.4461978131098095 0
    outer loop
      vertex 1.414472857149034 -0.7207099183365304 -3.96875
      vertex 1.414472857149034 -0.7207099183365304 0
      vertex 1.4268355484999276 -0.6959141955276603 0
    endloop
  endfacet
  facet normal 0 0 -1
    outer loop
      vertex 1.414472857149034 -0.7207099183365304 -3.96875
      vertex 1.4268355484999276 -0.6959141955276603 -3.96875
      vertex 1.4474368994146258 -1.7874357113510329 -3.96875
    endloop
  endfacet
  facet normal -0.8949343616020247 0.4461978131098095 0
    outer loop
      vertex 1.414472857149034 -0.7207099183365304 -3.96875
      vertex 1.4268355484999276 -0.6959141955276603 0
      vertex 1.4268355484999276 -0.6959141955276603 -3.96875
    endloop
  endfacet
  facet normal 0 0 -1
    outer loop
      vertex 1.414472857149034 -0.7207099183365304 -3.96875
      vertex 1.4474368994146258 -1.7874357113510329 -3.96875
      vertex 1.416021393249014 -1.8124247332954602 -3.96875
    endloop
  endfacet
  facet normal 0 0 1
    outer loop
      vertex 1.414472857149034 -0.7207099183365304 0
      vertex 1.416021393249014 -1.8124247332954602 0
      vertex 1.4268355484999276 -0.6959141955276603 0
    endloop
  endfacet
  facet normal 0 0 -1
    outer loop
      vertex 1.414472857149034 0.7207099183365304 -3.96875
      vertex 1.416021393249014 1.8124247332954602 -3.96875
      vertex 1.4268355484999276 0.6959141955276603 -3.96875
    endloop
  endfacet
  facet normal -0.8949343616020247 -0.4461978131098095 0
    outer loop
      vertex 1.414472857149034 0.7207099183365304 -3.96875
      vertex 1.4268355484999276 0.6959141955276603 -3.96875
      vertex 1.414472857149034 0.7207099183365304 0
    endloop
  endfacet
  facet normal -0.8949343616020247 -0.4461978131098095 0
    outer loop
      vertex 1.414472857149034 0.7207099183365304 0
      vertex 1.4268355484999276 0.6959141955276603 -3.96875
      vertex 1.4268355484999276 0.6959141955276603 0
    endloop
  endfacet
  facet normal 0 0 1
    outer loop
      vertex 1.414472857149034 0.7207099183365304 0
      vertex 1.4268355484999276 0.6959141955276603 0
      vertex 1.4474368994146258 1.7874357113510329 0
    endloop
  endfacet
  facet normal 0 0 1
    outer loop
      vertex 1.414472857149034 0.7207099183365304 0
      vertex 1.4474368994146258 1.7874357113510329 0
      vertex 1.416021393249014 1.8124247332954602 0
    endloop
  endfacet
  facet normal 0.6225146366376201 -0.7826081568524133 0
    outer loop
      vertex 1.416021393249014 -1.8124247332954602 -3.96875
      vertex 1.4474368994146258 -1.7874357113510329 -3.96875
      vertex 1.416021393249014 -1.8124247332954602 0
    endloop
  endfacet
  facet normal 0.6225146366376201 -0.7826081568524133 0
    outer loop
      vertex 1.416021393249014 -1.8124247332954602 0
      vertex 1.4474368994146258 -1.7874357113510329 -3.96875
      vertex 1.4474368994146258 -1.7874357113510329 0
    endloop
  endfacet
  facet normal 0 0 1
    outer loop
      vertex 1.416021393249014 -1.8124247332954602 0
      vertex 1.4474368994146258 -1.7874357113510329 0
      vertex 1.4268355484999276 -0.6959141955276603 0
    endloop
  endfacet
  facet normal 0.6225146366376201 0.7826081568524133 0
    outer loop
      vertex 1.416021393249014 1.8124247332954602 -3.96875
      vertex 1.416021393249014 1.8124247332954602 0
      vertex 1.4474368994146258 1.7874357113510329 0
    endloop
  endfacet
  facet normal 0 0 -1
    outer loop
      vertex 1.416021393249014 1.8124247332954602 -3.96875
      vertex 1.4474368994146258 1.7874357113510329 -3.96875
      vertex 1.4268355484999276 0.6959141955276603 -3.96875
    endloop
  endfacet
  facet normal 0.6225146366376201 0.7826081568524133 0
    outer loop
      vertex 1.416021393249014 1.8124247332954602 -3.96875
      vertex 1.4474368994146258 1.7874357113510329 0
      vertex 1.4474368994146258 1.7874357113510329 -3.96875
    endloop
  endfacet
  facet normal -0.902585284349861 0.4305110968082944 0
    outer loop
      vertex 1.4268355484999276 -0.6959141955276603 -3.96875
      vertex 1.4268355484999276 -0.6959141955276603 0
      vertex 1.4387636119206817 -0.6709064905133604 0
    endloop
  endfacet
  facet normal 0 0 -1
    outer loop
      vertex 1.4268355484999276 -0.6959141955276603 -3.96875
      vertex 1.4387636119206817 -0.6709064905133604 -3.96875
      vertex 1.4474368994146258 -1.7874357113510329 -3.96875
    endloop
  endfacet
  facet normal -0.902585284349861 0.4305110968082944 0
    outer loop
      vertex 1.4268355484999276 -0.6959141955276603 -3.96875
      vertex 1.4387636119206817 -0.6709064905133604 0
      vertex 1.4387636119206817 -0.6709064905133604 -3.96875
    endloop
  endfacet
  facet normal 0 0 1
    outer loop
      vertex 1.4268355484999276 -0.6959141955276603 0
      vertex 1.4474368994146258 -1.7874357113510329 0
      vertex 1.4387636119206817 -0.6709064905133604 0
    endloop
  endfacet
  facet normal -0.902585284349861 -0.4305110968082944 0
    outer loop
      vertex 1.4268355484999276 0.6959141955276603 -3.96875
      vertex 1.4387636119206817 0.6709064905133604 -3.96875
      vertex 1.4268355484999276 0.6959141955276603 0
    endloop
  endfacet
  facet normal 0 0 -1
    outer loop
      vertex 1.4268355484999276 0.6959141955276603 -3.96875
      vertex 1.4474368994146258 1.7874357113510329 -3.96875
      vertex 1.4387636119206817 0.6709064905133604 -3.96875
    endloop
  endfacet
  facet normal -0.902585284349861 -0.4305110968082944 0
    outer loop
      vertex 1.4268355484999276 0.6959141955276603 0
      vertex 1.4387636119206817 0.6709064905133604 -3.96875
      vertex 1.4387636119206817 0.6709064905133604 0
    endloop
  endfacet
  facet normal 0 0 1
    outer loop
      vertex 1.4268355484999276 0.6959141955276603 0
      vertex 1.4387636119206817 0.6709064905133604 0
      vertex 1.4474368994146258 1.7874357113510329 0
    endloop
  endfacet
  facet normal -0.9099612708765427 0.41469324265624014 0
    outer loop
      vertex 1.4387636119206817 -0.6709064905133604 -3.96875
      vertex 1.4387636119206817 -0.6709064905133604 0
      vertex 1.4502534140076289 -0.6456944208828328 0
    endloop
  endfacet
  facet normal 0 0 -1
    outer loop
      vertex 1.4387636119206817 -0.6709064905133604 -3.96875
      vertex 1.4502534140076289 -0.6456944208828328 -3.96875
      vertex 1.47841150227904 -1.7619022191736493 -3.96875
    endloop
  endfacet
  facet normal -0.9099612708765427 0.41469324265624014 0
    outer loop
      vertex 1.4387636119206817 -0.6709064905133604 -3.96875
      vertex 1.4502534140076289 -0.6456944208828328 0
      vertex 1.4502534140076289 -0.6456944208828328 -3.96875
    endloop
  endfacet
  facet normal 0 0 -1
    outer loop
      vertex 1.4387636119206817 -0.6709064905133604 -3.96875
      vertex 1.47841150227904 -1.7619022191736493 -3.96875
      vertex 1.4474368994146258 -1.7874357113510329 -3.96875
    endloop
  endfacet
  facet normal 0 0 1
    outer loop
      vertex 1.4387636119206817 -0.6709064905133604 0
      vertex 1.4474368994146258 -1.7874357113510329 0
      vertex 1.4502534140076289 -0.6456944208828328 0
    endloop
  endfacet
  facet normal 0 0 -1
    outer loop
      vertex 1.4387636119206817 0.6709064905133604 -3.96875
      vertex 1.4474368994146258 1.7874357113510329 -3.96875
      vertex 1.4502534140076289 0.6456944208828328 -3.96875
    endloop
  endfacet
  facet normal -0.9099612708765427 -0.41469324265624014 0
    outer loop
      vertex 1.4387636119206817 0.6709064905133604 -3.96875
      vertex 1.4502534140076289 0.6456944208828328 -3.96875
      vertex 1.4387636119206817 0.6709064905133604 0
    endloop
  endfacet
  facet normal -0.9099612708765427 -0.41469324265624014 0
    outer loop
      vertex 1.4387636119206817 0.6709064905133604 0
      vertex 1.4502534140076289 0.6456944208828328 -3.96875
      vertex 1.4502534140076289 0.6456944208828328 0
    endloop
  endfacet
  facet normal 0 0 1
    outer loop
      vertex 1.4387636119206817 0.6709064905133604 0
      vertex 1.4502534140076289 0.6456944208828328 0
      vertex 1.47841150227904 1.7619022191736493 0
    endloop
  endfacet
  facet normal 0 0 1
    outer loop
      vertex 1.4387636119206817 0.6709064905133604 0
      vertex 1.47841150227904 1.7619022191736493 0
      vertex 1.4474368994146258 1.7874357113510329 0
    endloop
  endfacet
  facet normal 0.636078220277765 -0.7716245833877192 0
    outer loop
      vertex 1.4474368994146258 -1.7874357113510329 -3.96875
      vertex 1.47841150227904 -1.7619022191736493 -3.96875
      vertex 1.4474368994146258 -1.7874357113510329 0
    endloop
  endfacet
  facet normal 0 0 1
    outer loop
      vertex 1.4474368994146258 -1.7874357113510329 0
      vertex 1.461301454855749 -0.6202856664767221 0
      vertex 1.4502534140076289 -0.6456944208828328 0
    endloop
  endfacet
  facet normal 0.636078220277765 -0.7716245833877192 0
    outer loop
      vertex 1.4474368994146258 -1.7874357113510329 0
      vertex 1.47841150227904 -1.7619022191736493 -3.96875
      vertex 1.47841150227904 -1.7619022191736493 0
    endloop
  endfacet
  facet normal 0 0 1
    outer loop
      vertex 1.4474368994146258 -1.7874357113510329 0
      vertex 1.47841150227904 -1.7619022191736493 0
      vertex 1.461301454855749 -0.6202856664767221 0
    endloop
  endfacet
  facet normal 0.636078220277765 0.7716245833877192 0
    outer loop
      vertex 1.4474368994146258 1.7874357113510329 -3.96875
      vertex 1.4474368994146258 1.7874357113510329 0
      vertex 1.47841150227904 1.7619022191736493 0
    endloop
  endfacet
  facet normal 0 0 -1
    outer loop
      vertex 1.4474368994146258 1.7874357113510329 -3.96875
      vertex 1.461301454855749 0.6202856664767221 -3.96875
      vertex 1.4502534140076289 0.6456944208828328 -3.96875
    endloop
  endfacet
  facet normal 0 0 -1
    outer loop
      vertex 1.4474368994146258 1.7874357113510329 -3.96875
      vertex 1.47841150227904 1.7619022191736493 -3.96875
      vertex 1.461301454855749 0.6202856664767221 -3.96875
    endloop
  endfacet
  facet normal 0.636078220277765 0.7716245833877192 0
    outer loop
      vertex 1.4474368994146258 1.7874357113510329 -3.96875
      vertex 1.47841150227904 1.7619022191736493 0
      vertex 1.47841150227904 1.7619022191736493 -3.96875
    endloop
  endfacet
  facet normal -0.9170600743851228 0.39874906892524914 0
    outer loop
      vertex 1.4502534140076289 -0.6456944208828328 -3.96875
      vertex 1.4502534140076289 -0.6456944208828328 0
      vertex 1.461301454855749 -0.6202856664767221 0
    endloop
  endfacet
  facet normal 0 0 -1
    outer loop
      vertex 1.4502534140076289 -0.6456944208828328 -3.96875
      vertex 1.461301454855749 -0.6202856664767221 -3.96875
      vertex 1.47841150227904 -1.7619022191736493 -3.96875
    endloop
  endfacet
  facet normal -0.9170600743851228 0.39874906892524914 0
    outer loop
      vertex 1.4502534140076289 -0.6456944208828328 -3.96875
      vertex 1.461301454855749 -0.6202856664767221 0
      vertex 1.461301454855749 -0.6202856664767221 -3.96875
    endloop
  endfacet
  facet normal -0.9170600743851228 -0.39874906892524914 0
    outer loop
      vertex 1.4502534140076289 0.6456944208828328 -3.96875
      vertex 1.461301454855749 0.6202856664767221 -3.96875
      vertex 1.4502534140076289 0.6456944208828328 0
    endloop
  endfacet
  facet normal -0.9170600743851228 -0.39874906892524914 0
    outer loop
      vertex 1.4502534140076289 0.6456944208828328 0
      vertex 1.461301454855749 0.6202856664767221 -3.96875
      vertex 1.461301454855749 0.6202856664767221 0
    endloop
  endfacet
  facet normal 0 0 1
    outer loop
      vertex 1.4502534140076289 0.6456944208828328 0
      vertex 1.461301454855749 0.6202856664767221 0
      vertex 1.47841150227904 1.7619022191736493 0
    endloop
  endfacet
  facet normal -0.9238795325112894 0.3826834323650835 0
    outer loop
      vertex 1.461301454855749 -0.6202856664767221 -3.96875
      vertex 1.461301454855749 -0.6202856664767221 0
      vertex 1.4719043691247748 -0.5946879670477603 0
    endloop
  endfacet
  facet normal 0 0 -1
    outer loop
      vertex 1.461301454855749 -0.6202856664767221 -3.96875
      vertex 1.4719043691247748 -0.5946879670477603 -3.96875
      vertex 1.47841150227904 -1.7619022191736493 -3.96875
    endloop
  endfacet
  facet normal -0.9238795325112894 0.3826834323650835 0
    outer loop
      vertex 1.461301454855749 -0.6202856664767221 -3.96875
      vertex 1.4719043691247748 -0.5946879670477603 0
      vertex 1.4719043691247748 -0.5946879670477603 -3.96875
    endloop
  endfacet
  facet normal 0 0 1
    outer loop
      vertex 1.461301454855749 -0.6202856664767221 0
      vertex 1.47841150227904 -1.7619022191736493 0
      vertex 1.4719043691247748 -0.5946879670477603 0
    endloop
  endfacet
  facet normal -0.9238795325112894 -0.3826834323650835 0
    outer loop
      vertex 1.461301454855749 0.6202856664767221 -3.96875
      vertex 1.4719043691247748 0.5946879670477603 -3.96875
      vertex 1.461301454855749 0.6202856664767221 0
    endloop
  endfacet
  facet normal 0 0 -1
    outer loop
      vertex 1.461301454855749 0.6202856664767221 -3.96875
      vertex 1.47841150227904 1.7619022191736493 -3.96875
      vertex 1.4719043691247748 0.5946879670477603 -3.96875
    endloop
  endfacet
  facet normal -0.9238795325112894 -0.3826834323650835 0
    outer loop
      vertex 1.461301454855749 0.6202856664767221 0
      vertex 1.4719043691247748 0.5946879670477603 -3.96875
      vertex 1.4719043691247748 0.5946879670477603 0
    endloop
  endfacet
  facet normal 0 0 1
    outer loop
      vertex 1.461301454855749 0.6202856664767221 0
      vertex 1.4719043691247748 0.5946879670477603 0
      vertex 1.47841150227904 1.7619022191736493 0
    endloop
  endfacet
  facet normal -0.9304175679820241 0.3665012267242986 0
    outer loop
      vertex 1.4719043691247748 -0.5946879670477603 -3.96875
      vertex 1.4719043691247748 -0.5946879670477603 0
      vertex 1.4820589270643076 -0.5689091199031642 0
    endloop
  endfacet
  facet normal 0 0 -1
    outer loop
      vertex 1.4719043691247748 -0.5946879670477603 -3.96875
      vertex 1.4820589270643076 -0.5689091199031642 -3.96875
      vertex 1.5089357666781666 -1.7358320345123754 -3.96875
    endloop
  endfacet
  facet normal -0.9304175679820241 0.3665012267242986 0
    outer loop
      vertex 1.4719043691247748 -0.5946879670477603 -3.96875
      vertex 1.4820589270643076 -0.5689091199031642 0
      vertex 1.4820589270643076 -0.5689091199031642 -3.96875
    endloop
  endfacet
  facet normal 0 0 -1
    outer loop
      vertex 1.4719043691247748 -0.5946879670477603 -3.96875
      vertex 1.5089357666781666 -1.7358320345123754 -3.96875
      vertex 1.47841150227904 -1.7619022191736493 -3.96875
    endloop
  endfacet
  facet normal 0 0 1
    outer loop
      vertex 1.4719043691247748 -0.5946879670477603 0
      vertex 1.47841150227904 -1.7619022191736493 0
      vertex 1.4820589270643076 -0.5689091199031642 0
    endloop
  endfacet
  facet normal 0 0 -1
    outer loop
      vertex 1.4719043691247748 0.5946879670477603 -3.96875
      vertex 1.47841150227904 1.7619022191736493 -3.96875
      vertex 1.4820589270643076 0.5689091199031642 -3.96875
    endloop
  endfacet
  facet normal -0.9304175679820241 -0.3665012267242986 0
    outer loop
      vertex 1.4719043691247748 0.5946879670477603 -3.96875
      vertex 1.4820589270643076 0.5689091199031642 -3.96875
      vertex 1.4719043691247748 0.5946879670477603 0
    endloop
  endfacet
  facet normal -0.9304175679820241 -0.3665012267242986 0
    outer loop
      vertex 1.4719043691247748 0.5946879670477603 0
      vertex 1.4820589270643076 0.5689091199031642 -3.96875
      vertex 1.4820589270643076 0.5689091199031642 0
    endloop
  endfacet
  facet normal 0 0 1
    outer loop
      vertex 1.4719043691247748 0.5946879670477603 0
      vertex 1.4820589270643076 0.5689091199031642 0
      vertex 1.5089357666781666 1.7358320345123754 0
    endloop
  endfacet
  facet normal 0 0 1
    outer loop
      vertex 1.4719043691247748 0.5946879670477603 0
      vertex 1.5089357666781666 1.7358320345123754 0
      vertex 1.47841150227904 1.7619022191736493 0
    endloop
  endfacet
  facet normal 0.6494480483301799 -0.7604059656000342 0
    outer loop
      vertex 1.47841150227904 -1.7619022191736493 -3.96875
      vertex 1.5089357666781666 -1.7358320345123754 -3.96875
      vertex 1.47841150227904 -1.7619022191736493 0
    endloop
  endfacet
  facet normal 0 0 1
    outer loop
      vertex 1.47841150227904 -1.7619022191736493 0
      vertex 1.4917620354976295 -0.542956977529499 0
      vertex 1.4820589270643076 -0.5689091199031642 0
    endloop
  endfacet
  facet normal 0.6494480483301799 -0.7604059656000342 0
    outer loop
      vertex 1.47841150227904 -1.7619022191736493 0
      vertex 1.5089357666781666 -1.7358320345123754 -3.96875
      vertex 1.5089357666781666 -1.7358320345123754 0
    endloop
  endfacet
  facet normal 0 0 1
    outer loop
      vertex 1.47841150227904 -1.7619022191736493 0
      vertex 1.5089357666781666 -1.7358320345123754 0
      vertex 1.4917620354976295 -0.542956977529499 0
    endloop
  endfacet
  facet normal 0.6494480483301799 0.7604059656000342 0
    outer loop
      vertex 1.47841150227904 1.7619022191736493 -3.96875
      vertex 1.47841150227904 1.7619022191736493 0
      vertex 1.5089357666781666 1.7358320345123754 0
    endloop
  endfacet
  facet normal 0 0 -1
    outer loop
      vertex 1.47841150227904 1.7619022191736493 -3.96875
      vertex 1.4917620354976295 0.542956977529499 -3.96875
      vertex 1.4820589270643076 0.5689091199031642 -3.96875
    endloop
  endfacet
  facet normal 0 0 -1
    outer loop
      vertex 1.47841150227904 1.7619022191736493 -3.96875
      vertex 1.5089357666781666 1.7358320345123754 -3.96875
      vertex 1.4917620354976295 0.542956977529499 -3.96875
    endloop
  endfacet
  facet normal 0.6494480483301799 0.7604059656000342 0
    outer loop
      vertex 1.47841150227904 1.7619022191736493 -3.96875
      vertex 1.5089357666781666 1.7358320345123754 0
      vertex 1.5089357666781666 1.7358320345123754 -3.96875
    endloop
  endfacet
  facet normal -0.9366721892483968 0.3502073812594699 0
    outer loop
      vertex 1.4820589270643076 -0.5689091199031642 -3.96875
      vertex 1.4820589270643076 -0.5689091199031642 0
      vertex 1.4917620354976295 -0.542956977529499 0
    endloop
  endfacet
  facet normal 0 0 -1
    outer loop
      vertex 1.4820589270643076 -0.5689091199031642 -3.96875
      vertex 1.4917620354976295 -0.542956977529499 -3.96875
      vertex 1.5089357666781666 -1.7358320345123754 -3.96875
    endloop
  endfacet
  facet normal -0.9366721892483968 0.3502073812594699 0
    outer loop
      vertex 1.4820589270643076 -0.5689091199031642 -3.96875
      vertex 1.4917620354976295 -0.542956977529499 0
      vertex 1.4917620354976295 -0.542956977529499 -3.96875
    endloop
  endfacet
  facet normal -0.9366721892483968 -0.3502073812594699 0
    outer loop
      vertex 1.4820589270643076 0.5689091199031642 -3.96875
      vertex 1.4917620354976295 0.542956977529499 -3.96875
      vertex 1.4820589270643076 0.5689091199031642 0
    endloop
  endfacet
  facet normal -0.9366721892483968 -0.3502073812594699 0
    outer loop
      vertex 1.4820589270643076 0.5689091199031642 0
      vertex 1.4917620354976295 0.542956977529499 -3.96875
      vertex 1.4917620354976295 0.542956977529499 0
    endloop
  endfacet
  facet normal 0 0 1
    outer loop
      vertex 1.4820589270643076 0.5689091199031642 0
      vertex 1.4917620354976295 0.542956977529499 0
      vertex 1.5089357666781666 1.7358320345123754 0
    endloop
  endfacet
  facet normal -0.9426414910921789 0.33380685923376957 0
    outer loop
      vertex 1.4917620354976295 -0.542956977529499 -3.96875
      vertex 1.4917620354976295 -0.542956977529499 0
      vertex 1.5010107387639153 -0.5168394452007362 0
    endloop
  endfacet
  facet normal 0 0 -1
    outer loop
      vertex 1.4917620354976295 -0.542956977529499 -3.96875
      vertex 1.5010107387639153 -0.5168394452007362 -3.96875
      vertex 1.5089357666781666 -1.7358320345123754 -3.96875
    endloop
  endfacet
  facet normal -0.9426414910921789 0.33380685923376957 0
    outer loop
      vertex 1.4917620354976295 -0.542956977529499 -3.96875
      vertex 1.5010107387639153 -0.5168394452007362 0
      vertex 1.5010107387639153 -0.5168394452007362 -3.96875
    endloop
  endfacet
  facet normal 0 0 1
    outer loop
      vertex 1.4917620354976295 -0.542956977529499 0
      vertex 1.5089357666781666 -1.7358320345123754 0
      vertex 1.5010107387639153 -0.5168394452007362 0
    endloop
  endfacet
  facet normal -0.9426414910921789 -0.33380685923376957 0
    outer loop
      vertex 1.4917620354976295 0.542956977529499 -3.96875
      vertex 1.5010107387639153 0.5168394452007362 -3.96875
      vertex 1.4917620354976295 0.542956977529499 0
    endloop
  endfacet
  facet normal 0 0 -1
    outer loop
      vertex 1.4917620354976295 0.542956977529499 -3.96875
      vertex 1.5089357666781666 1.7358320345123754 -3.96875
      vertex 1.5010107387639153 0.5168394452007362 -3.96875
    endloop
  endfacet
  facet normal -0.9426414910921789 -0.33380685923376957 0
    outer loop
      vertex 1.4917620354976295 0.542956977529499 0
      vertex 1.5010107387639153 0.5168394452007362 -3.96875
      vertex 1.5010107387639153 0.5168394452007362 0
    endloop
  endfacet
  facet normal 0 0 1
    outer loop
      vertex 1.4917620354976295 0.542956977529499 0
      vertex 1.5010107387639153 0.5168394452007362 0
      vertex 1.5089357666781666 1.7358320345123754 0
    endloop
  endfacet
  facet normal -0.9483236552062005 0.31730465640508804 0
    outer loop
      vertex 1.5010107387639153 -0.5168394452007362 -3.96875
      vertex 1.5010107387639153 -0.5168394452007362 0
      vertex 1.509802219618556 -0.49056447857022895 0
    endloop
  endfacet
  facet normal 0 0 -1
    outer loop
      vertex 1.5010107387639153 -0.5168394452007362 -3.96875
      vertex 1.509802219618556 -0.49056447857022895 -3.96875
      vertex 1.5390003946253739 -1.7092330985980067 -3.96875
    endloop
  endfacet
  facet normal -0.9483236552062005 0.31730465640508804 0
    outer loop
      vertex 1.5010107387639153 -0.5168394452007362 -3.96875
      vertex 1.509802219618556 -0.49056447857022895 0
      vertex 1.509802219618556 -0.49056447857022895 -3.96875
    endloop
  endfacet
  facet normal 0 0 -1
    outer loop
      vertex 1.5010107387639153 -0.5168394452007362 -3.96875
      vertex 1.5390003946253739 -1.7092330985980067 -3.96875
      vertex 1.5089357666781666 -1.7358320345123754 -3.96875
    endloop
  endfacet
  facet normal 0 0 1
    outer loop
      vertex 1.5010107387639153 -0.5168394452007362 0
      vertex 1.5089357666781666 -1.7358320345123754 0
      vertex 1.509802219618556 -0.49056447857022895 0
    endloop
  endfacet
  facet normal 0 0 -1
    outer loop
      vertex 1.5010107387639153 0.5168394452007362 -3.96875
      vertex 1.5089357666781666 1.7358320345123754 -3.96875
      vertex 1.509802219618556 0.49056447857022895 -3.96875
    endloop
  endfacet
  facet normal -0.9483236552062005 -0.31730465640508804 0
    outer loop
      vertex 1.5010107387639153 0.5168394452007362 -3.96875
      vertex 1.509802219618556 0.49056447857022895 -3.96875
      vertex 1.5010107387639153 0.5168394452007362 0
    endloop
  endfacet
  facet normal -0.9483236552062005 -0.31730465640508804 0
    outer loop
      vertex 1.5010107387639153 0.5168394452007362 0
      vertex 1.509802219618556 0.49056447857022895 -3.96875
      vertex 1.509802219618556 0.49056447857022895 0
    endloop
  endfacet
  facet normal 0 0 1
    outer loop
      vertex 1.5010107387639153 0.5168394452007362 0
      vertex 1.509802219618556 0.49056447857022895 0
      vertex 1.5390003946253739 1.7092330985980067 0
    endloop
  endfacet
  facet normal 0 0 1
    outer loop
      vertex 1.5010107387639153 0.5168394452007362 0
      vertex 1.5390003946253739 1.7092330985980067 0
      vertex 1.5089357666781666 1.7358320345123754 0
    endloop
  endfacet
  facet normal 0.6626200482157357 -0.7489557207890037 0
    outer loop
      vertex 1.5089357666781666 -1.7358320345123754 -3.96875
      vertex 1.5390003946253739 -1.7092330985980067 -3.96875
      vertex 1.5089357666781666 -1.7358320345123754 0
    endloop
  endfacet
  facet normal 0 0 1
    outer loop
      vertex 1.5089357666781666 -1.7358320345123754 0
      vertex 1.5181338000913187 -0.46414008124734457 0
      vertex 1.509802219618556 -0.49056447857022895 0
    endloop
  endfacet
  facet normal 0 0 1
    outer loop
      vertex 1.5089357666781666 -1.7358320345123754 0
      vertex 1.5260029423020811 -0.43757430235948613 0
      vertex 1.5181338000913187 -0.46414008124734457 0
    endloop
  endfacet
  facet normal 0.6626200482157357 -0.7489557207890037 0
    outer loop
      vertex 1.5089357666781666 -1.7358320345123754 0
      vertex 1.5390003946253739 -1.7092330985980067 -3.96875
      vertex 1.5390003946253739 -1.7092330985980067 0
    endloop
  endfacet
  facet normal 0 0 1
    outer loop
      vertex 1.5089357666781666 -1.7358320345123754 0
      vertex 1.5390003946253739 -1.7092330985980067 0
      vertex 1.5260029423020811 -0.43757430235948613 0
    endloop
  endfacet
  facet normal 0.6626200482157357 0.7489557207890037 0
    outer loop
      vertex 1.5089357666781666 1.7358320345123754 -3.96875
      vertex 1.5089357666781666 1.7358320345123754 0
      vertex 1.5390003946253739 1.7092330985980067 0
    endloop
  endfacet
  facet normal 0 0 -1
    outer loop
      vertex 1.5089357666781666 1.7358320345123754 -3.96875
      vertex 1.5181338000913187 0.46414008124734457 -3.96875
      vertex 1.509802219618556 0.49056447857022895 -3.96875
    endloop
  endfacet
  facet normal 0 0 -1
    outer loop
      vertex 1.5089357666781666 1.7358320345123754 -3.96875
      vertex 1.5260029423020811 0.43757430235948613 -3.96875
      vertex 1.5181338000913187 0.46414008124734457 -3.96875
    endloop
  endfacet
  facet normal 0 0 -1
    outer loop
      vertex 1.5089357666781666 1.7358320345123754 -3.96875
      vertex 1.5390003946253739 1.7092330985980067 -3.96875
      vertex 1.5260029423020811 0.43757430235948613 -3.96875
    endloop
  endfacet
  facet normal 0.6626200482157357 0.7489557207890037 0
    outer loop
      vertex 1.5089357666781666 1.7358320345123754 -3.96875
      vertex 1.5390003946253739 1.7092330985980067 0
      vertex 1.5390003946253739 1.7092330985980067 -3.96875
    endloop
  endfacet
  facet normal -0.9537169507482257 0.30070579950427684 0
    outer loop
      vertex 1.509802219618556 -0.49056447857022895 -3.96875
      vertex 1.509802219618556 -0.49056447857022895 0
      vertex 1.5181338000913187 -0.46414008124734457 0
    endloop
  endfacet
  facet normal 0 0 -1
    outer loop
      vertex 1.509802219618556 -0.49056447857022895 -3.96875
      vertex 1.5181338000913187 -0.46414008124734457 -3.96875
      vertex 1.5390003946253739 -1.7092330985980067 -3.96875
    endloop
  endfacet
  facet normal -0.9537169507482257 0.30070579950427684 0
    outer loop
      vertex 1.509802219618556 -0.49056447857022895 -3.96875
      vertex 1.5181338000913187 -0.46414008124734457 0
      vertex 1.5181338000913187 -0.46414008124734457 -3.96875
    endloop
  endfacet
  facet normal -0.9537169507482257 -0.30070579950427684 0
    outer loop
      vertex 1.509802219618556 0.49056447857022895 -3.96875
      vertex 1.5181338000913187 0.46414008124734457 -3.96875
      vertex 1.509802219618556 0.49056447857022895 0
    endloop
  endfacet
  facet normal -0.9537169507482257 -0.30070579950427684 0
    outer loop
      vertex 1.509802219618556 0.49056447857022895 0
      vertex 1.5181338000913187 0.46414008124734457 -3.96875
      vertex 1.5181338000913187 0.46414008124734457 0
    endloop
  endfacet
  facet normal 0 0 1
    outer loop
      vertex 1.509802219618556 0.49056447857022895 0
      vertex 1.5181338000913187 0.46414008124734457 0
      vertex 1.5390003946253739 1.7092330985980067 0
    endloop
  endfacet
  facet normal -0.9588197348681929 0.2840153447039229 0
    outer loop
      vertex 1.5181338000913187 -0.46414008124734457 -3.96875
      vertex 1.5181338000913187 -0.46414008124734457 0
      vertex 1.5260029423020811 -0.43757430235948613 0
    endloop
  endfacet
  facet normal 0 0 -1
    outer loop
      vertex 1.5181338000913187 -0.46414008124734457 -3.96875
      vertex 1.5260029423020811 -0.43757430235948613 -3.96875
      vertex 1.5390003946253739 -1.7092330985980067 -3.96875
    endloop
  endfacet
  facet normal -0.9588197348681929 0.2840153447039229 0
    outer loop
      vertex 1.5181338000913187 -0.46414008124734457 -3.96875
      vertex 1.5260029423020811 -0.43757430235948613 0
      vertex 1.5260029423020811 -0.43757430235948613 -3.96875
    endloop
  endfacet
  facet normal -0.9588197348681929 -0.2840153447039229 0
    outer loop
      vertex 1.5181338000913187 0.46414008124734457 -3.96875
      vertex 1.5260029423020811 0.43757430235948613 -3.96875
      vertex 1.5181338000913187 0.46414008124734457 0
    endloop
  endfacet
  facet normal -0.9588197348681929 -0.2840153447039229 0
    outer loop
      vertex 1.5181338000913187 0.46414008124734457 0
      vertex 1.5260029423020811 0.43757430235948613 -3.96875
      vertex 1.5260029423020811 0.43757430235948613 0
    endloop
  endfacet
  facet normal 0 0 1
    outer loop
      vertex 1.5181338000913187 0.46414008124734457 0
      vertex 1.5260029423020811 0.43757430235948613 0
      vertex 1.5390003946253739 1.7092330985980067 0
    endloop
  endfacet
  facet normal -0.963630453208622 0.26723837607826084 0
    outer loop
      vertex 1.5260029423020811 -0.43757430235948613 -3.96875
      vertex 1.5260029423020811 -0.43757430235948613 0
      vertex 1.533407249233896 -0.4108752341002517 0
    endloop
  endfacet
  facet normal 0 0 -1
    outer loop
      vertex 1.5260029423020811 -0.43757430235948613 -3.96875
      vertex 1.533407249233896 -0.4108752341002517 -3.96875
      vertex 1.5390003946253739 -1.7092330985980067 -3.96875
    endloop
  endfacet
  facet normal -0.963630453208622 0.26723837607826084 0
    outer loop
      vertex 1.5260029423020811 -0.43757430235948613 -3.96875
      vertex 1.533407249233896 -0.4108752341002517 0
      vertex 1.533407249233896 -0.4108752341002517 -3.96875
    endloop
  endfacet
  facet normal 0 0 1
    outer loop
      vertex 1.5260029423020811 -0.43757430235948613 0
      vertex 1.5390003946253739 -1.7092330985980067 0
      vertex 1.533407249233896 -0.4108752341002517 0
    endloop
  endfacet
  facet normal -0.963630453208622 -0.26723837607826084 0
    outer loop
      vertex 1.5260029423020811 0.43757430235948613 -3.96875
      vertex 1.533407249233896 0.4108752341002517 -3.96875
      vertex 1.5260029423020811 0.43757430235948613 0
    endloop
  endfacet
  facet normal 0 0 -1
    outer loop
      vertex 1.5260029423020811 0.43757430235948613 -3.96875
      vertex 1.5390003946253739 1.7092330985980067 -3.96875
      vertex 1.533407249233896 0.4108752341002517 -3.96875
    endloop
  endfacet
  facet normal -0.963630453208622 -0.26723837607826084 0
    outer loop
      vertex 1.5260029423020811 0.43757430235948613 0
      vertex 1.533407249233896 0.4108752341002517 -3.96875
      vertex 1.533407249233896 0.4108752341002517 0
    endloop
  endfacet
  facet normal 0 0 1
    outer loop
      vertex 1.5260029423020811 0.43757430235948613 0
      vertex 1.533407249233896 0.4108752341002517 0
      vertex 1.5390003946253739 1.7092330985980067 0
    endloop
  endfacet
  facet normal -0.9681476403781079 0.25038000405444105 0
    outer loop
      vertex 1.533407249233896 -0.4108752341002517 -3.96875
      vertex 1.533407249233896 -0.4108752341002517 0
      vertex 1.5403444654631444 -0.3840510092644725 0
    endloop
  endfacet
  facet normal 0 0 -1
    outer loop
      vertex 1.533407249233896 -0.4108752341002517 -3.96875
      vertex 1.5403444654631444 -0.3840510092644725 -3.96875
      vertex 1.5685962281437464 -1.682113513724092 -3.96875
    endloop
  endfacet
  facet normal -0.9681476403781079 0.25038000405444105 0
    outer loop
      vertex 1.533407249233896 -0.4108752341002517 -3.96875
      vertex 1.5403444654631444 -0.3840510092644725 0
      vertex 1.5403444654631444 -0.3840510092644725 -3.96875
    endloop
  endfacet
  facet normal 0 0 -1
    outer loop
      vertex 1.533407249233896 -0.4108752341002517 -3.96875
      vertex 1.5685962281437464 -1.682113513724092 -3.96875
      vertex 1.5390003946253739 -1.7092330985980067 -3.96875
    endloop
  endfacet
  facet normal 0 0 1
    outer loop
      vertex 1.533407249233896 -0.4108752341002517 0
      vertex 1.5390003946253739 -1.7092330985980067 0
      vertex 1.5403444654631444 -0.3840510092644725 0
    endloop
  endfacet
  facet normal 0 0 -1
    outer loop
      vertex 1.533407249233896 0.4108752341002517 -3.96875
      vertex 1.5390003946253739 1.7092330985980067 -3.96875
      vertex 1.5403444654631444 0.3840510092644725 -3.96875
    endloop
  endfacet
  facet normal -0.9681476403781079 -0.25038000405444105 0
    outer loop
      vertex 1.533407249233896 0.4108752341002517 -3.96875
      vertex 1.5403444654631444 0.3840510092644725 -3.96875
      vertex 1.533407249233896 0.4108752341002517 0
    endloop
  endfacet
  facet normal -0.9681476403781079 -0.25038000405444105 0
    outer loop
      vertex 1.533407249233896 0.4108752341002517 0
      vertex 1.5403444654631444 0.3840510092644725 -3.96875
      vertex 1.5403444654631444 0.3840510092644725 0
    endloop
  endfacet
  facet normal 0 0 1
    outer loop
      vertex 1.533407249233896 0.4108752341002517 0
      vertex 1.5403444654631444 0.3840510092644725 0
      vertex 1.5685962281437464 1.682113513724092 0
    endloop
  endfacet
  facet normal 0 0 1
    outer loop
      vertex 1.533407249233896 0.4108752341002517 0
      vertex 1.5685962281437464 1.682113513724092 0
      vertex 1.5390003946253739 1.7092330985980067 0
    endloop
  endfacet
  facet normal 0.6755902076156628 -0.7372773368101216 0
    outer loop
      vertex 1.5390003946253739 -1.7092330985980067 -3.96875
      vertex 1.5685962281437464 -1.682113513724092 -3.96875
      vertex 1.5390003946253739 -1.7092330985980067 0
    endloop
  endfacet
  facet normal 0 0 1
    outer loop
      vertex 1.5390003946253739 -1.7092330985980067 0
      vertex 1.5468124778465608 -0.35710979877088567 0
      vertex 1.5403444654631444 -0.3840510092644725 0
    endloop
  endfacet
  facet normal 0 0 1
    outer loop
      vertex 1.5390003946253739 -1.7092330985980067 0
      vertex 1.5528093161649164 -0.33005980917319294 0
      vertex 1.5468124778465608 -0.35710979877088567 0
    endloop
  endfacet
  facet normal 0.6755902076156628 -0.7372773368101216 0
    outer loop
      vertex 1.5390003946253739 -1.7092330985980067 0
      vertex 1.5685962281437464 -1.682113513724092 -3.96875
      vertex 1.5685962281437464 -1.682113513724092 0
    endloop
  endfacet
  facet normal 0 0 1
    outer loop
      vertex 1.5390003946253739 -1.7092330985980067 0
      vertex 1.5685962281437464 -1.682113513724092 0
      vertex 1.5528093161649164 -0.33005980917319294 0
    endloop
  endfacet
  facet normal 0.6755902076156628 0.7372773368101216 0
    outer loop
      vertex 1.5390003946253739 1.7092330985980067 -3.96875
      vertex 1.5390003946253739 1.7092330985980067 0
      vertex 1.5685962281437464 1.682113513724092 0
    endloop
  endfacet
  facet normal 0 0 -1
    outer loop
      vertex 1.5390003946253739 1.7092330985980067 -3.96875
      vertex 1.5468124778465608 0.35710979877088567 -3.96875
      vertex 1.5403444654631444 0.3840510092644725 -3.96875
    endloop
  endfacet
  facet normal 0 0 -1
    outer loop
      vertex 1.5390003946253739 1.7092330985980067 -3.96875
      vertex 1.5528093161649164 0.33005980917319294 -3.96875
      vertex 1.5468124778465608 0.35710979877088567 -3.96875
    endloop
  endfacet
  facet normal 0 0 -1
    outer loop
      vertex 1.5390003946253739 1.7092330985980067 -3.96875
      vertex 1.5685962281437464 1.682113513724092 -3.96875
      vertex 1.5528093161649164 0.33005980917319294 -3.96875
    endloop
  endfacet
  facet normal 0.6755902076156628 0.7372773368101216 0
    outer loop
      vertex 1.5390003946253739 1.7092330985980067 -3.96875
      vertex 1.5685962281437464 1.682113513724092 0
      vertex 1.5685962281437464 1.682113513724092 -3.96875
    endloop
  endfacet
  facet normal -0.9723699203976773 0.2334453638559022 0
    outer loop
      vertex 1.5403444654631444 -0.3840510092644725 -3.96875
      vertex 1.5403444654631444 -0.3840510092644725 0
      vertex 1.5468124778465608 -0.35710979877088567 0
    endloop
  endfacet
  facet normal 0 0 -1
    outer loop
      vertex 1.5403444654631444 -0.3840510092644725 -3.96875
      vertex 1.5468124778465608 -0.35710979877088567 -3.96875
      vertex 1.5685962281437464 -1.682113513724092 -3.96875
    endloop
  endfacet
  facet normal -0.9723699203976773 0.2334453638559022 0
    outer loop
      vertex 1.5403444654631444 -0.3840510092644725 -3.96875
      vertex 1.5468124778465608 -0.35710979877088567 0
      vertex 1.5468124778465608 -0.35710979877088567 -3.96875
    endloop
  endfacet
  facet normal -0.9723699203976773 -0.2334453638559022 0
    outer loop
      vertex 1.5403444654631444 0.3840510092644725 -3.96875
      vertex 1.5468124778465608 0.35710979877088567 -3.96875
      vertex 1.5403444654631444 0.3840510092644725 0
    endloop
  endfacet
  facet normal -0.9723699203976773 -0.2334453638559022 0
    outer loop
      vertex 1.5403444654631444 0.3840510092644725 0
      vertex 1.5468124778465608 0.35710979877088567 -3.96875
      vertex 1.5468124778465608 0.35710979877088567 0
    endloop
  endfacet
  facet normal 0 0 1
    outer loop
      vertex 1.5403444654631444 0.3840510092644725 0
      vertex 1.5468124778465608 0.35710979877088567 0
      vertex 1.5685962281437464 1.682113513724092 0
    endloop
  endfacet
  facet normal -0.9762960071199334 0.21643961393810254 0
    outer loop
      vertex 1.5468124778465608 -0.35710979877088567 -3.96875
      vertex 1.5468124778465608 -0.35710979877088567 0
      vertex 1.5528093161649164 -0.33005980917319294 0
    endloop
  endfacet
  facet normal 0 0 -1
    outer loop
      vertex 1.5468124778465608 -0.35710979877088567 -3.96875
      vertex 1.5528093161649164 -0.33005980917319294 -3.96875
      vertex 1.5685962281437464 -1.682113513724092 -3.96875
    endloop
  endfacet
  facet normal -0.9762960071199334 0.21643961393810254 0
    outer loop
      vertex 1.5468124778465608 -0.35710979877088567 -3.96875
      vertex 1.5528093161649164 -0.33005980917319294 0
      vertex 1.5528093161649164 -0.33005980917319294 -3.96875
    endloop
  endfacet
  facet normal -0.9762960071199334 -0.21643961393810254 0
    outer loop
      vertex 1.5468124778465608 0.35710979877088567 -3.96875
      vertex 1.5528093161649164 0.33005980917319294 -3.96875
      vertex 1.5468124778465608 0.35710979877088567 0
    endloop
  endfacet
  facet normal -0.9762960071199334 -0.21643961393810254 0
    outer loop
      vertex 1.5468124778465608 0.35710979877088567 0
      vertex 1.5528093161649164 0.33005980917319294 -3.96875
      vertex 1.5528093161649164 0.33005980917319294 0
    endloop
  endfacet
  facet normal 0 0 1
    outer loop
      vertex 1.5468124778465608 0.35710979877088567 0
      vertex 1.5528093161649164 0.33005980917319294 0
      vertex 1.5685962281437464 1.682113513724092 0
    endloop
  endfacet
  facet normal -0.9799247046208299 0.19936793441719552 0
    outer loop
      vertex 1.5528093161649164 -0.33005980917319294 -3.96875
      vertex 1.5528093161649164 -0.33005980917319294 0
      vertex 1.5583331537231664 -0.30290928016026486 0
    endloop
  endfacet
  facet normal 0 0 -1
    outer loop
      vertex 1.5528093161649164 -0.33005980917319294 -3.96875
      vertex 1.5583331537231664 -0.30290928016026486 -3.96875
      vertex 1.5685962281437464 -1.682113513724092 -3.96875
    endloop
  endfacet
  facet normal -0.9799247046208299 0.19936793441719552 0
    outer loop
      vertex 1.5528093161649164 -0.33005980917319294 -3.96875
      vertex 1.5583331537231664 -0.30290928016026486 0
      vertex 1.5583331537231664 -0.30290928016026486 -3.96875
    endloop
  endfacet
  facet normal 0 0 1
    outer loop
      vertex 1.5528093161649164 -0.33005980917319294 0
      vertex 1.5685962281437464 -1.682113513724092 0
      vertex 1.5583331537231664 -0.30290928016026486 0
    endloop
  endfacet
  facet normal -0.9799247046208299 -0.19936793441719552 0
    outer loop
      vertex 1.5528093161649164 0.33005980917319294 -3.96875
      vertex 1.5583331537231664 0.30290928016026486 -3.96875
      vertex 1.5528093161649164 0.33005980917319294 0
    endloop
  endfacet
  facet normal 0 0 -1
    outer loop
      vertex 1.5528093161649164 0.33005980917319294 -3.96875
      vertex 1.5685962281437464 1.682113513724092 -3.96875
      vertex 1.5583331537231664 0.30290928016026486 -3.96875
    endloop
  endfacet
  facet normal -0.9799247046208299 -0.19936793441719552 0
    outer loop
      vertex 1.5528093161649164 0.33005980917319294 0
      vertex 1.5583331537231664 0.30290928016026486 -3.96875
      vertex 1.5583331537231664 0.30290928016026486 0
    endloop
  endfacet
  facet normal 0 0 1
    outer loop
      vertex 1.5528093161649164 0.33005980917319294 0
      vertex 1.5583331537231664 0.30290928016026486 0
      vertex 1.5685962281437464 1.682113513724092 0
    endloop
  endfacet
  facet normal -0.9832549075639553 0.1822355254921434 0
    outer loop
      vertex 1.5583331537231664 -0.30290928016026486 -3.96875
      vertex 1.5583331537231664 -0.30290928016026486 0
      vertex 1.56338230790688 -0.2756664820462519 0
    endloop
  endfacet
  facet normal 0 0 -1
    outer loop
      vertex 1.5583331537231664 -0.30290928016026486 -3.96875
      vertex 1.56338230790688 -0.2756664820462519 -3.96875
      vertex 1.5685962281437464 -1.682113513724092 -3.96875
    endloop
  endfacet
  facet normal -0.9832549075639553 0.1822355254921434 0
    outer loop
      vertex 1.5583331537231664 -0.30290928016026486 -3.96875
      vertex 1.56338230790688 -0.2756664820462519 0
      vertex 1.56338230790688 -0.2756664820462519 -3.96875
    endloop
  endfacet
  facet normal 0 0 1
    outer loop
      vertex 1.5583331537231664 -0.30290928016026486 0
      vertex 1.5685962281437464 -1.682113513724092 0
      vertex 1.56338230790688 -0.2756664820462519 0
    endloop
  endfacet
  facet normal -0.9832549075639553 -0.1822355254921434 0
    outer loop
      vertex 1.5583331537231664 0.30290928016026486 -3.96875
      vertex 1.56338230790688 0.2756664820462519 -3.96875
      vertex 1.5583331537231664 0.30290928016026486 0
    endloop
  endfacet
  facet normal 0 0 -1
    outer loop
      vertex 1.5583331537231664 0.30290928016026486 -3.96875
      vertex 1.5685962281437464 1.682113513724092 -3.96875
      vertex 1.56338230790688 0.2756664820462519 -3.96875
    endloop
  endfacet
  facet normal -0.9832549075639553 -0.1822355254921434 0
    outer loop
      vertex 1.5583331537231664 0.30290928016026486 0
      vertex 1.56338230790688 0.2756664820462519 -3.96875
      vertex 1.56338230790688 0.2756664820462519 0
    endloop
  endfacet
  facet normal 0 0 1
    outer loop
      vertex 1.5583331537231664 0.30290928016026486 0
      vertex 1.56338230790688 0.2756664820462519 0
      vertex 1.5685962281437464 1.682113513724092 0
    endloop
  endfacet
  facet normal -0.9862856015372294 0.16504760586068903 0
    outer loop
      vertex 1.56338230790688 -0.2756664820462519 -3.96875
      vertex 1.56338230790688 -0.2756664820462519 0
      vertex 1.5679552406947812 -0.2483397132513665 0
    endloop
  endfacet
  facet normal 0 0 -1
    outer loop
      vertex 1.56338230790688 -0.2756664820462519 -3.96875
      vertex 1.5679552406947812 -0.2483397132513665 -3.96875
      vertex 1.5685962281437464 -1.682113513724092 -3.96875
    endloop
  endfacet
  facet normal -0.9862856015372294 0.16504760586068903 0
    outer loop
      vertex 1.56338230790688 -0.2756664820462519 -3.96875
      vertex 1.5679552406947812 -0.2483397132513665 0
      vertex 1.5679552406947812 -0.2483397132513665 -3.96875
    endloop
  endfacet
  facet normal 0 0 1
    outer loop
      vertex 1.56338230790688 -0.2756664820462519 0
      vertex 1.5685962281437464 -1.682113513724092 0
      vertex 1.5679552406947812 -0.2483397132513665 0
    endloop
  endfacet
  facet normal -0.9862856015372294 -0.16504760586068903 0
    outer loop
      vertex 1.56338230790688 0.2756664820462519 -3.96875
      vertex 1.5679552406947812 0.2483397132513665 -3.96875
      vertex 1.56338230790688 0.2756664820462519 0
    endloop
  endfacet
  facet normal 0 0 -1
    outer loop
      vertex 1.56338230790688 0.2756664820462519 -3.96875
      vertex 1.5685962281437464 1.682113513724092 -3.96875
      vertex 1.5679552406947812 0.2483397132513665 -3.96875
    endloop
  endfacet
  facet normal -0.9862856015372294 -0.16504760586068903 0
    outer loop
      vertex 1.56338230790688 0.2756664820462519 0
      vertex 1.5679552406947812 0.2483397132513665 -3.96875
      vertex 1.5679552406947812 0.2483397132513665 0
    endloop
  endfacet
  facet normal 0 0 1
    outer loop
      vertex 1.56338230790688 0.2756664820462519 0
      vertex 1.5679552406947812 0.2483397132513665 0
      vertex 1.5685962281437464 1.682113513724092 0
    endloop
  endfacet
  facet normal -0.989015863361917 0.147809411129609 0
    outer loop
      vertex 1.5679552406947812 -0.2483397132513665 -3.96875
      vertex 1.5679552406947812 -0.2483397132513665 0
      vertex 1.572050559127243 -0.22093729777410387 0
    endloop
  endfacet
  facet normal 0 0 -1
    outer loop
      vertex 1.5679552406947812 -0.2483397132513665 -3.96875
      vertex 1.572050559127243 -0.22093729777410387 -3.96875
      vertex 1.5977142520556935 -1.6544815407788975 -3.96875
    endloop
  endfacet
  facet normal -0.989015863361917 0.147809411129609 0
    outer loop
      vertex 1.5679552406947812 -0.2483397132513665 -3.96875
      vertex 1.572050559127243 -0.22093729777410387 0
      vertex 1.572050559127243 -0.22093729777410387 -3.96875
    endloop
  endfacet
  facet normal 0 0 -1
    outer loop
      vertex 1.5679552406947812 -0.2483397132513665 -3.96875
      vertex 1.5977142520556935 -1.6544815407788975 -3.96875
      vertex 1.5685962281437464 -1.682113513724092 -3.96875
    endloop
  endfacet
  facet normal 0 0 1
    outer loop
      vertex 1.5679552406947812 -0.2483397132513665 0
      vertex 1.5685962281437464 -1.682113513724092 0
      vertex 1.572050559127243 -0.22093729777410387 0
    endloop
  endfacet
  facet normal 0 0 -1
    outer loop
      vertex 1.5679552406947812 0.2483397132513665 -3.96875
      vertex 1.5685962281437464 1.682113513724092 -3.96875
      vertex 1.572050559127243 0.22093729777410387 -3.96875
    endloop
  endfacet
  facet normal -0.989015863361917 -0.147809411129609 0
    outer loop
      vertex 1.5679552406947812 0.2483397132513665 -3.96875
      vertex 1.572050559127243 0.22093729777410387 -3.96875
      vertex 1.5679552406947812 0.2483397132513665 0
    endloop
  endfacet
  facet normal -0.989015863361917 -0.147809411129609 0
    outer loop
      vertex 1.5679552406947812 0.2483397132513665 0
      vertex 1.572050559127243 0.22093729777410387 -3.96875
      vertex 1.572050559127243 0.22093729777410387 0
    endloop
  endfacet
  facet normal 0 0 1
    outer loop
      vertex 1.5679552406947812 0.2483397132513665 0
      vertex 1.572050559127243 0.22093729777410387 0
      vertex 1.5977142520556935 1.6544815407788975 0
    endloop
  endfacet
  facet normal 0 0 1
    outer loop
      vertex 1.5679552406947812 0.2483397132513665 0
      vertex 1.5977142520556935 1.6544815407788975 0
      vertex 1.5685962281437464 1.682113513724092 0
    endloop
  endfacet
  facet normal 0.6883545756937542 -0.7253743710122874 0
    outer loop
      vertex 1.5685962281437464 -1.682113513724092 -3.96875
      vertex 1.5977142520556935 -1.6544815407788975 -3.96875
      vertex 1.5685962281437464 -1.682113513724092 0
    endloop
  endfacet
  facet normal 0 0 1
    outer loop
      vertex 1.5685962281437464 -1.682113513724092 0
      vertex 1.5756670157305985 -0.1934675826556716 0
      vertex 1.572050559127243 -0.22093729777410387 0
    endloop
  endfacet
  facet normal 0 0 1
    outer loop
      vertex 1.5685962281437464 -1.682113513724092 0
      vertex 1.5788035088971337 -0.16593893543739988 0
      vertex 1.5756670157305985 -0.1934675826556716 0
    endloop
  endfacet
  facet normal 0 0 1
    outer loop
      vertex 1.5685962281437464 -1.682113513724092 0
      vertex 1.5814590832206459 -0.13835974161190734 0
      vertex 1.5788035088971337 -0.16593893543739988 0
    endloop
  endfacet
  facet normal 0 0 1
    outer loop
      vertex 1.5685962281437464 -1.682113513724092 0
      vertex 1.5836329297874707 -0.11073840206879891 0
      vertex 1.5814590832206459 -0.13835974161190734 0
    endloop
  endfacet
  facet normal 0.6883545756937542 -0.7253743710122874 0
    outer loop
      vertex 1.5685962281437464 -1.682113513724092 0
      vertex 1.5977142520556935 -1.6544815407788975 -3.96875
      vertex 1.5977142520556935 -1.6544815407788975 0
    endloop
  endfacet
  facet normal 0 0 1
    outer loop
      vertex 1.5685962281437464 -1.682113513724092 0
      vertex 1.5977142520556935 -1.6544815407788975 0
      vertex 1.5836329297874707 -0.11073840206879891 0
    endloop
  endfacet
  facet normal 0.6883545756937542 0.7253743710122874 0
    outer loop
      vertex 1.5685962281437464 1.682113513724092 -3.96875
      vertex 1.5685962281437464 1.682113513724092 0
      vertex 1.5977142520556935 1.6544815407788975 0
    endloop
  endfacet
  facet normal 0 0 -1
    outer loop
      vertex 1.5685962281437464 1.682113513724092 -3.96875
      vertex 1.5756670157305985 0.1934675826556716 -3.96875
      vertex 1.572050559127243 0.22093729777410387 -3.96875
    endloop
  endfacet
  facet normal 0 0 -1
    outer loop
      vertex 1.5685962281437464 1.682113513724092 -3.96875
      vertex 1.5788035088971337 0.16593893543739988 -3.96875
      vertex 1.5756670157305985 0.1934675826556716 -3.96875
    endloop
  endfacet
  facet normal 0 0 -1
    outer loop
      vertex 1.5685962281437464 1.682113513724092 -3.96875
      vertex 1.5814590832206459 0.13835974161190734 -3.96875
      vertex 1.5788035088971337 0.16593893543739988 -3.96875
    endloop
  endfacet
  facet normal 0 0 -1
    outer loop
      vertex 1.5685962281437464 1.682113513724092 -3.96875
      vertex 1.5836329297874707 0.11073840206879891 -3.96875
      vertex 1.5814590832206459 0.13835974161190734 -3.96875
    endloop
  endfacet
  facet normal 0 0 -1
    outer loop
      vertex 1.5685962281437464 1.682113513724092 -3.96875
      vertex 1.5977142520556935 1.6544815407788975 -3.96875
      vertex 1.5836329297874707 0.11073840206879891 -3.96875
    endloop
  endfacet
  facet normal 0.6883545756937542 0.7253743710122874 0
    outer loop
      vertex 1.5685962281437464 1.682113513724092 -3.96875
      vertex 1.5977142520556935 1.6544815407788975 0
      vertex 1.5977142520556935 1.6544815407788975 -3.96875
    endloop
  endfacet
  facet normal -0.9914448613738114 0.1305261922200437 0
    outer loop
      vertex 1.572050559127243 -0.22093729777410387 -3.96875
      vertex 1.572050559127243 -0.22093729777410387 0
      vertex 1.5756670157305985 -0.1934675826556716 0
    endloop
  endfacet
  facet normal 0 0 -1
    outer loop
      vertex 1.572050559127243 -0.22093729777410387 -3.96875
      vertex 1.5756670157305985 -0.1934675826556716 -3.96875
      vertex 1.5977142520556935 -1.6544815407788975 -3.96875
    endloop
  endfacet
  facet normal -0.9914448613738114 0.1305261922200437 0
    outer loop
      vertex 1.572050559127243 -0.22093729777410387 -3.96875
      vertex 1.5756670157305985 -0.1934675826556716 0
      vertex 1.5756670157305985 -0.1934675826556716 -3.96875
    endloop
  endfacet
  facet normal -0.9914448613738114 -0.1305261922200437 0
    outer loop
      vertex 1.572050559127243 0.22093729777410387 -3.96875
      vertex 1.5756670157305985 0.1934675826556716 -3.96875
      vertex 1.572050559127243 0.22093729777410387 0
    endloop
  endfacet
  facet normal -0.9914448613738114 -0.1305261922200437 0
    outer loop
      vertex 1.572050559127243 0.22093729777410387 0
      vertex 1.5756670157305985 0.1934675826556716 -3.96875
      vertex 1.5756670157305985 0.1934675826556716 0
    endloop
  endfacet
  facet normal 0 0 1
    outer loop
      vertex 1.572050559127243 0.22093729777410387 0
      vertex 1.5756670157305985 0.1934675826556716 0
      vertex 1.5977142520556935 1.6544815407788975 0
    endloop
  endfacet
  facet normal -0.9935718556765875 0.1132032137679068 0
    outer loop
      vertex 1.5756670157305985 -0.1934675826556716 -3.96875
      vertex 1.5756670157305985 -0.1934675826556716 0
      vertex 1.5788035088971337 -0.16593893543739988 0
    endloop
  endfacet
  facet normal 0 0 -1
    outer loop
      vertex 1.5756670157305985 -0.1934675826556716 -3.96875
      vertex 1.5788035088971337 -0.16593893543739988 -3.96875
      vertex 1.5977142520556935 -1.6544815407788975 -3.96875
    endloop
  endfacet
  facet normal -0.9935718556765875 0.1132032137679068 0
    outer loop
      vertex 1.5756670157305985 -0.1934675826556716 -3.96875
      vertex 1.5788035088971337 -0.16593893543739988 0
      vertex 1.5788035088971337 -0.16593893543739988 -3.96875
    endloop
  endfacet
  facet normal -0.9935718556765875 -0.1132032137679068 0
    outer loop
      vertex 1.5756670157305985 0.1934675826556716 -3.96875
      vertex 1.5788035088971337 0.16593893543739988 -3.96875
      vertex 1.5756670157305985 0.1934675826556716 0
    endloop
  endfacet
  facet normal -0.9935718556765875 -0.1132032137679068 0
    outer loop
      vertex 1.5756670157305985 0.1934675826556716 0
      vertex 1.5788035088971337 0.16593893543739988 -3.96875
      vertex 1.5788035088971337 0.16593893543739988 0
    endloop
  endfacet
  facet normal 0 0 1
    outer loop
      vertex 1.5756670157305985 0.1934675826556716 0
      vertex 1.5788035088971337 0.16593893543739988 0
      vertex 1.5977142520556935 1.6544815407788975 0
    endloop
  endfacet
  facet normal -0.9953961983671786 0.09584575252022559 0
    outer loop
      vertex 1.5788035088971337 -0.16593893543739988 -3.96875
      vertex 1.5788035088971337 -0.16593893543739988 0
      vertex 1.5814590832206459 -0.13835974161190734 0
    endloop
  endfacet
  facet normal 0 0 -1
    outer loop
      vertex 1.5788035088971337 -0.16593893543739988 -3.96875
      vertex 1.5814590832206459 -0.13835974161190734 -3.96875
      vertex 1.5977142520556935 -1.6544815407788975 -3.96875
    endloop
  endfacet
  facet normal -0.9953961983671786 0.09584575252022559 0
    outer loop
      vertex 1.5788035088971337 -0.16593893543739988 -3.96875
      vertex 1.5814590832206459 -0.13835974161190734 0
      vertex 1.5814590832206459 -0.13835974161190734 -3.96875
    endloop
  endfacet
  facet normal -0.9953961983671786 -0.09584575252022559 0
    outer loop
      vertex 1.5788035088971337 0.16593893543739988 -3.96875
      vertex 1.5814590832206459 0.13835974161190734 -3.96875
      vertex 1.5788035088971337 0.16593893543739988 0
    endloop
  endfacet
  facet normal -0.9953961983671786 -0.09584575252022559 0
    outer loop
      vertex 1.5788035088971337 0.16593893543739988 0
      vertex 1.5814590832206459 0.13835974161190734 -3.96875
      vertex 1.5814590832206459 0.13835974161190734 0
    endloop
  endfacet
  facet normal 0 0 1
    outer loop
      vertex 1.5788035088971337 0.16593893543739988 0
      vertex 1.5814590832206459 0.13835974161190734 0
      vertex 1.5977142520556935 1.6544815407788975 0
    endloop
  endfacet
  facet normal -0.9969173337331282 0.07845909572784078 0
    outer loop
      vertex 1.5814590832206459 -0.13835974161190734 -3.96875
      vertex 1.5814590832206459 -0.13835974161190734 0
      vertex 1.5836329297874707 -0.11073840206879891 0
    endloop
  endfacet
  facet normal 0 0 -1
    outer loop
      vertex 1.5814590832206459 -0.13835974161190734 -3.96875
      vertex 1.5836329297874707 -0.11073840206879891 -3.96875
      vertex 1.5977142520556935 -1.6544815407788975 -3.96875
    endloop
  endfacet
  facet normal -0.9969173337331282 0.07845909572784078 0
    outer loop
      vertex 1.5814590832206459 -0.13835974161190734 -3.96875
      vertex 1.5836329297874707 -0.11073840206879891 0
      vertex 1.5836329297874707 -0.11073840206879891 -3.96875
    endloop
  endfacet
  facet normal -0.9969173337331282 -0.07845909572784078 0
    outer loop
      vertex 1.5814590832206459 0.13835974161190734 -3.96875
      vertex 1.5836329297874707 0.11073840206879891 -3.96875
      vertex 1.5814590832206459 0.13835974161190734 0
    endloop
  endfacet
  facet normal -0.9969173337331282 -0.07845909572784078 0
    outer loop
      vertex 1.5814590832206459 0.13835974161190734 0
      vertex 1.5836329297874707 0.11073840206879891 -3.96875
      vertex 1.5836329297874707 0.11073840206879891 0
    endloop
  endfacet
  facet normal 0 0 1
    outer loop
      vertex 1.5814590832206459 0.13835974161190734 0
      vertex 1.5836329297874707 0.11073840206879891 0
      vertex 1.5977142520556935 1.6544815407788975 0
    endloop
  endfacet
  facet normal -0.9981347984218667 0.06104853953486096 0
    outer loop
      vertex 1.5836329297874707 -0.11073840206879891 -3.96875
      vertex 1.5836329297874707 -0.11073840206879891 0
      vertex 1.5853243864228859 -0.08308333053567334 0
    endloop
  endfacet
  facet normal 0 0 -1
    outer loop
      vertex 1.5836329297874707 -0.11073840206879891 -3.96875
      vertex 1.5853243864228859 -0.08308333053567334 -3.96875
      vertex 1.5977142520556935 -1.6544815407788975 -3.96875
    endloop
  endfacet
  facet normal -0.9981347984218667 0.06104853953486096 0
    outer loop
      vertex 1.5836329297874707 -0.11073840206879891 -3.96875
      vertex 1.5853243864228859 -0.08308333053567334 0
      vertex 1.5853243864228859 -0.08308333053567334 -3.96875
    endloop
  endfacet
  facet normal 0 0 1
    outer loop
      vertex 1.5836329297874707 -0.11073840206879891 0
      vertex 1.5977142520556935 -1.6544815407788975 0
      vertex 1.5853243864228859 -0.08308333053567334 0
    endloop
  endfacet
  facet normal -0.9981347984218667 -0.06104853953486096 0
    outer loop
      vertex 1.5836329297874707 0.11073840206879891 -3.96875
      vertex 1.5853243864228859 0.08308333053567334 -3.96875
      vertex 1.5836329297874707 0.11073840206879891 0
    endloop
  endfacet
  facet normal 0 0 -1
    outer loop
      vertex 1.5836329297874707 0.11073840206879891 -3.96875
      vertex 1.5977142520556935 1.6544815407788975 -3.96875
      vertex 1.5853243864228859 0.08308333053567334 -3.96875
    endloop
  endfacet
  facet normal -0.9981347984218667 -0.06104853953486096 0
    outer loop
      vertex 1.5836329297874707 0.11073840206879891 0
      vertex 1.5853243864228859 0.08308333053567334 -3.96875
      vertex 1.5853243864228859 0.08308333053567334 0
    endloop
  endfacet
  facet normal 0 0 1
    outer loop
      vertex 1.5836329297874707 0.11073840206879891 0
      vertex 1.5853243864228859 0.08308333053567334 0
      vertex 1.5977142520556935 1.6544815407788975 0
    endloop
  endfacet
  facet normal -0.9990482215818577 0.043619387365337436 0
    outer loop
      vertex 1.5853243864228859 -0.08308333053567334 -3.96875
      vertex 1.5853243864228859 -0.08308333053567334 0
      vertex 1.5865329378928144 -0.05540295101522028 0
    endloop
  endfacet
  facet normal 0 0 -1
    outer loop
      vertex 1.5853243864228859 -0.08308333053567334 -3.96875
      vertex 1.5865329378928144 -0.05540295101522028 -3.96875
      vertex 1.5977142520556935 -1.6544815407788975 -3.96875
    endloop
  endfacet
  facet normal -0.9990482215818577 0.043619387365337436 0
    outer loop
      vertex 1.5853243864228859 -0.08308333053567334 -3.96875
      vertex 1.5865329378928144 -0.05540295101522028 0
      vertex 1.5865329378928144 -0.05540295101522028 -3.96875
    endloop
  endfacet
  facet normal 0 0 1
    outer loop
      vertex 1.5853243864228859 -0.08308333053567334 0
      vertex 1.5977142520556935 -1.6544815407788975 0
      vertex 1.5865329378928144 -0.05540295101522028 0
    endloop
  endfacet
  facet normal -0.9990482215818577 -0.043619387365337436 0
    outer loop
      vertex 1.5853243864228859 0.08308333053567334 -3.96875
      vertex 1.5865329378928144 0.05540295101522028 -3.96875
      vertex 1.5853243864228859 0.08308333053567334 0
    endloop
  endfacet
  facet normal 0 0 -1
    outer loop
      vertex 1.5853243864228859 0.08308333053567334 -3.96875
      vertex 1.5977142520556935 1.6544815407788975 -3.96875
      vertex 1.5865329378928144 0.05540295101522028 -3.96875
    endloop
  endfacet
  facet normal -0.9990482215818577 -0.043619387365337436 0
    outer loop
      vertex 1.5853243864228859 0.08308333053567334 0
      vertex 1.5865329378928144 0.05540295101522028 -3.96875
      vertex 1.5865329378928144 0.05540295101522028 0
    endloop
  endfacet
  facet normal 0 0 1
    outer loop
      vertex 1.5853243864228859 0.08308333053567334 0
      vertex 1.5865329378928144 0.05540295101522028 0
      vertex 1.5977142520556935 1.6544815407788975 0
    endloop
  endfacet
  facet normal -0.999657324975557 0.026176948307878017 0
    outer loop
      vertex 1.5865329378928144 -0.05540295101522028 -3.96875
      vertex 1.5865329378928144 -0.05540295101522028 0
      vertex 1.587258216060771 -0.027705695219187573 0
    endloop
  endfacet
  facet normal 0 0 -1
    outer loop
      vertex 1.5865329378928144 -0.05540295101522028 -3.96875
      vertex 1.587258216060771 -0.027705695219187573 -3.96875
      vertex 1.5977142520556935 -1.6544815407788975 -3.96875
    endloop
  endfacet
  facet normal -0.999657324975557 0.026176948307878017 0
    outer loop
      vertex 1.5865329378928144 -0.05540295101522028 -3.96875
      vertex 1.587258216060771 -0.027705695219187573 0
      vertex 1.587258216060771 -0.027705695219187573 -3.96875
    endloop
  endfacet
  facet normal 0 0 1
    outer loop
      vertex 1.5865329378928144 -0.05540295101522028 0
      vertex 1.5977142520556935 -1.6544815407788975 0
      vertex 1.587258216060771 -0.027705695219187573 0
    endloop
  endfacet
  facet normal -0.999657324975557 -0.026176948307878017 0
    outer loop
      vertex 1.5865329378928144 0.05540295101522028 -3.96875
      vertex 1.587258216060771 0.027705695219187573 -3.96875
      vertex 1.5865329378928144 0.05540295101522028 0
    endloop
  endfacet
  facet normal 0 0 -1
    outer loop
      vertex 1.5865329378928144 0.05540295101522028 -3.96875
      vertex 1.5977142520556935 1.6544815407788975 -3.96875
      vertex 1.587258216060771 0.027705695219187573 -3.96875
    endloop
  endfacet
  facet normal -0.999657324975557 -0.026176948307878017 0
    outer loop
      vertex 1.5865329378928144 0.05540295101522028 0
      vertex 1.587258216060771 0.027705695219187573 -3.96875
      vertex 1.587258216060771 0.027705695219187573 0
    endloop
  endfacet
  facet normal 0 0 1
    outer loop
      vertex 1.5865329378928144 0.05540295101522028 0
      vertex 1.587258216060771 0.027705695219187573 0
      vertex 1.5977142520556935 1.6544815407788975 0
    endloop
  endfacet
  facet normal -0.9999619230641713 0.00872653549837009 0
    outer loop
      vertex 1.587258216060771 -0.027705695219187573 -3.96875
      vertex 1.587258216060771 -0.027705695219187573 0
      vertex 1.5875 0 0
    endloop
  endfacet
  facet normal 0 0 -1
    outer loop
      vertex 1.587258216060771 -0.027705695219187573 -3.96875
      vertex 1.5875 0 -3.96875
      vertex 1.5977142520556935 -1.6544815407788975 -3.96875
    endloop
  endfacet
  facet normal -0.9999619230641713 0.00872653549837009 0
    outer loop
      vertex 1.587258216060771 -0.027705695219187573 -3.96875
      vertex 1.5875 0 0
      vertex 1.5875 0 -3.96875
    endloop
  endfacet
  facet normal 0 0 1
    outer loop
      vertex 1.587258216060771 -0.027705695219187573 0
      vertex 1.5977142520556935 -1.6544815407788975 0
      vertex 1.5875 0 0
    endloop
  endfacet
  facet normal -0.9999619230641713 -0.00872653549837009 0
    outer loop
      vertex 1.587258216060771 0.027705695219187573 -3.96875
      vertex 1.5875 0 -3.96875
      vertex 1.587258216060771 0.027705695219187573 0
    endloop
  endfacet
  facet normal 0 0 -1
    outer loop
      vertex 1.587258216060771 0.027705695219187573 -3.96875
      vertex 1.5977142520556935 1.6544815407788975 -3.96875
      vertex 1.5875 0 -3.96875
    endloop
  endfacet
  facet normal -0.9999619230641713 -0.00872653549837009 0
    outer loop
      vertex 1.587258216060771 0.027705695219187573 0
      vertex 1.5875 0 -3.96875
      vertex 1.5875 0 0
    endloop
  endfacet
  facet normal 0 0 1
    outer loop
      vertex 1.587258216060771 0.027705695219187573 0
      vertex 1.5875 0 0
      vertex 1.5977142520556935 1.6544815407788975 0
    endloop
  endfacet
  facet normal 0 0 -1
    outer loop
      vertex 1.5875 0 -3.96875
      vertex 1.5977142520556935 1.6544815407788975 -3.96875
      vertex 1.5977142520556935 -1.6544815407788975 -3.96875
    endloop
  endfacet
  facet normal 0 0 1
    outer loop
      vertex 1.5875 0 0
      vertex 1.5977142520556935 -1.6544815407788975 0
      vertex 1.5977142520556935 1.6544815407788975 0
    endloop
  endfacet
  facet normal 0 0 -1
    outer loop
      vertex 1.5977142520556935 -1.6544815407788975 -3.96875
      vertex 1.5977142520556935 1.6544815407788975 -3.96875
      vertex 1.6263455967290592 -1.6263455967290592 -3.96875
    endloop
  endfacet
  facet normal 0.7009092642998491 -0.7132504491541833 0
    outer loop
      vertex 1.5977142520556935 -1.6544815407788975 -3.96875
      vertex 1.6263455967290592 -1.6263455967290592 -3.96875
      vertex 1.5977142520556935 -1.6544815407788975 0
    endloop
  endfacet
  facet normal 0.7009092642998491 -0.7132504491541833 0
    outer loop
      vertex 1.5977142520556935 -1.6544815407788975 0
      vertex 1.6263455967290592 -1.6263455967290592 -3.96875
      vertex 1.6263455967290592 -1.6263455967290592 0
    endloop
  endfacet
  facet normal 0 0 1
    outer loop
      vertex 1.5977142520556935 -1.6544815407788975 0
      vertex 1.6263455967290592 -1.6263455967290592 0
      vertex 1.6263455967290592 1.6263455967290592 0
    endloop
  endfacet
  facet normal 0 0 1
    outer loop
      vertex 1.5977142520556935 -1.6544815407788975 0
      vertex 1.6263455967290592 1.6263455967290592 0
      vertex 1.5977142520556935 1.6544815407788975 0
    endloop
  endfacet
  facet normal 0.7009092642998491 0.7132504491541833 0
    outer loop
      vertex 1.5977142520556935 1.6544815407788975 -3.96875
      vertex 1.5977142520556935 1.6544815407788975 0
      vertex 1.6263455967290592 1.6263455967290592 0
    endloop
  endfacet
  facet normal 0 0 -1
    outer loop
      vertex 1.5977142520556935 1.6544815407788975 -3.96875
      vertex 1.6263455967290592 1.6263455967290592 -3.96875
      vertex 1.6263455967290592 -1.6263455967290592 -3.96875
    endloop
  endfacet
  facet normal 0.7009092642998491 0.7132504491541833 0
    outer loop
      vertex 1.5977142520556935 1.6544815407788975 -3.96875
      vertex 1.6263455967290592 1.6263455967290592 0
      vertex 1.6263455967290592 1.6263455967290592 -3.96875
    endloop
  endfacet
  facet normal 0 0 -1
    outer loop
      vertex 1.6263455967290592 -1.6263455967290592 -3.96875
      vertex 1.6263455967290592 1.6263455967290592 -3.96875
      vertex 1.6544815407788975 -1.5977142520556935 -3.96875
    endloop
  endfacet
  facet normal 0.7132504491541833 -0.7009092642998491 0
    outer loop
      vertex 1.6263455967290592 -1.6263455967290592 -3.96875
      vertex 1.6544815407788975 -1.5977142520556935 -3.96875
      vertex 1.6544815407788975 -1.5977142520556935 0
    endloop
  endfacet
  facet normal 0.7132504491541833 -0.7009092642998491 0
    outer loop
      vertex 1.6263455967290592 -1.6263455967290592 -3.96875
      vertex 1.6544815407788975 -1.5977142520556935 0
      vertex 1.6263455967290592 -1.6263455967290592 0
    endloop
  endfacet
  facet normal 0 0 1
    outer loop
      vertex 1.6263455967290592 -1.6263455967290592 0
      vertex 1.6544815407788975 -1.5977142520556935 0
      vertex 1.6544815407788975 1.5977142520556935 0
    endloop
  endfacet
  facet normal 0 0 1
    outer loop
      vertex 1.6263455967290592 -1.6263455967290592 0
      vertex 1.6544815407788975 1.5977142520556935 0
      vertex 1.6263455967290592 1.6263455967290592 0
    endloop
  endfacet
  facet normal 0.7132504491541833 0.7009092642998491 0
    outer loop
      vertex 1.6263455967290592 1.6263455967290592 -3.96875
      vertex 1.6263455967290592 1.6263455967290592 0
      vertex 1.6544815407788975 1.5977142520556935 -3.96875
    endloop
  endfacet
  facet normal 0 0 -1
    outer loop
      vertex 1.6263455967290592 1.6263455967290592 -3.96875
      vertex 1.6544815407788975 1.5977142520556935 -3.96875
      vertex 1.6544815407788975 -1.5977142520556935 -3.96875
    endloop
  endfacet
  facet normal 0.7132504491541833 0.7009092642998491 0
    outer loop
      vertex 1.6263455967290592 1.6263455967290592 0
      vertex 1.6544815407788975 1.5977142520556935 0
      vertex 1.6544815407788975 1.5977142520556935 -3.96875
    endloop
  endfacet
  facet normal 0 0 -1
    outer loop
      vertex 1.6544815407788975 -1.5977142520556935 -3.96875
      vertex 1.6544815407788975 1.5977142520556935 -3.96875
      vertex 1.682113513724092 -1.5685962281437464 -3.96875
    endloop
  endfacet
  facet normal 0.7253743710122874 -0.6883545756937542 0
    outer loop
      vertex 1.6544815407788975 -1.5977142520556935 -3.96875
      vertex 1.682113513724092 -1.5685962281437464 -3.96875
      vertex 1.682113513724092 -1.5685962281437464 0
    endloop
  endfacet
  facet normal 0.7253743710122874 -0.6883545756937542 0
    outer loop
      vertex 1.6544815407788975 -1.5977142520556935 -3.96875
      vertex 1.682113513724092 -1.5685962281437464 0
      vertex 1.6544815407788975 -1.5977142520556935 0
    endloop
  endfacet
  facet normal 0 0 1
    outer loop
      vertex 1.6544815407788975 -1.5977142520556935 0
      vertex 1.682113513724092 -1.5685962281437464 0
      vertex 1.682113513724092 1.5685962281437464 0
    endloop
  endfacet
  facet normal 0 0 1
    outer loop
      vertex 1.6544815407788975 -1.5977142520556935 0
      vertex 1.682113513724092 1.5685962281437464 0
      vertex 1.6544815407788975 1.5977142520556935 0
    endloop
  endfacet
  facet normal 0.7253743710122874 0.6883545756937542 0
    outer loop
      vertex 1.6544815407788975 1.5977142520556935 -3.96875
      vertex 1.6544815407788975 1.5977142520556935 0
      vertex 1.682113513724092 1.5685962281437464 -3.96875
    endloop
  endfacet
  facet normal 0 0 -1
    outer loop
      vertex 1.6544815407788975 1.5977142520556935 -3.96875
      vertex 1.682113513724092 1.5685962281437464 -3.96875
      vertex 1.682113513724092 -1.5685962281437464 -3.96875
    endloop
  endfacet
  facet normal 0.7253743710122874 0.6883545756937542 0
    outer loop
      vertex 1.6544815407788975 1.5977142520556935 0
      vertex 1.682113513724092 1.5685962281437464 0
      vertex 1.682113513724092 1.5685962281437464 -3.96875
    endloop
  endfacet
  facet normal 0 0 -1
    outer loop
      vertex 1.682113513724092 -1.5685962281437464 -3.96875
      vertex 1.682113513724092 1.5685962281437464 -3.96875
      vertex 1.7092330985980067 -1.5390003946253739 -3.96875
    endloop
  endfacet
  facet normal 0.7372773368101216 -0.6755902076156628 0
    outer loop
      vertex 1.682113513724092 -1.5685962281437464 -3.96875
      vertex 1.7092330985980067 -1.5390003946253739 -3.96875
      vertex 1.7092330985980067 -1.5390003946253739 0
    endloop
  endfacet
  facet normal 0.7372773368101216 -0.6755902076156628 0
    outer loop
      vertex 1.682113513724092 -1.5685962281437464 -3.96875
      vertex 1.7092330985980067 -1.5390003946253739 0
      vertex 1.682113513724092 -1.5685962281437464 0
    endloop
  endfacet
  facet normal 0 0 1
    outer loop
      vertex 1.682113513724092 -1.5685962281437464 0
      vertex 1.7092330985980067 -1.5390003946253739 0
      vertex 1.7092330985980067 1.5390003946253739 0
    endloop
  endfacet
  facet normal 0 0 1
    outer loop
      vertex 1.682113513724092 -1.5685962281437464 0
      vertex 1.7092330985980067 1.5390003946253739 0
      vertex 1.682113513724092 1.5685962281437464 0
    endloop
  endfacet
  facet normal 0.7372773368101216 0.6755902076156628 0
    outer loop
      vertex 1.682113513724092 1.5685962281437464 -3.96875
      vertex 1.682113513724092 1.5685962281437464 0
      vertex 1.7092330985980067 1.5390003946253739 -3.96875
    endloop
  endfacet
  facet normal 0 0 -1
    outer loop
      vertex 1.682113513724092 1.5685962281437464 -3.96875
      vertex 1.7092330985980067 1.5390003946253739 -3.96875
      vertex 1.7092330985980067 -1.5390003946253739 -3.96875
    endloop
  endfacet
  facet normal 0.7372773368101216 0.6755902076156628 0
    outer loop
      vertex 1.682113513724092 1.5685962281437464 0
      vertex 1.7092330985980067 1.5390003946253739 0
      vertex 1.7092330985980067 1.5390003946253739 -3.96875
    endloop
  endfacet
  facet normal 0 0 -1
    outer loop
      vertex 1.7092330985980067 -1.5390003946253739 -3.96875
      vertex 1.7092330985980067 1.5390003946253739 -3.96875
      vertex 1.7358320345123754 -1.5089357666781666 -3.96875
    endloop
  endfacet
  facet normal 0.7489557207890037 -0.6626200482157357 0
    outer loop
      vertex 1.7092330985980067 -1.5390003946253739 -3.96875
      vertex 1.7358320345123754 -1.5089357666781666 -3.96875
      vertex 1.7358320345123754 -1.5089357666781666 0
    endloop
  endfacet
  facet normal 0.7489557207890037 -0.6626200482157357 0
    outer loop
      vertex 1.7092330985980067 -1.5390003946253739 -3.96875
      vertex 1.7358320345123754 -1.5089357666781666 0
      vertex 1.7092330985980067 -1.5390003946253739 0
    endloop
  endfacet
  facet normal 0 0 1
    outer loop
      vertex 1.7092330985980067 -1.5390003946253739 0
      vertex 1.7358320345123754 -1.5089357666781666 0
      vertex 1.7358320345123754 1.5089357666781666 0
    endloop
  endfacet
  facet normal 0 0 1
    outer loop
      vertex 1.7092330985980067 -1.5390003946253739 0
      vertex 1.7358320345123754 1.5089357666781666 0
      vertex 1.7092330985980067 1.5390003946253739 0
    endloop
  endfacet
  facet normal 0.7489557207890037 0.6626200482157357 0
    outer loop
      vertex 1.7092330985980067 1.5390003946253739 -3.96875
      vertex 1.7092330985980067 1.5390003946253739 0
      vertex 1.7358320345123754 1.5089357666781666 -3.96875
    endloop
  endfacet
  facet normal 0 0 -1
    outer loop
      vertex 1.7092330985980067 1.5390003946253739 -3.96875
      vertex 1.7358320345123754 1.5089357666781666 -3.96875
      vertex 1.7358320345123754 -1.5089357666781666 -3.96875
    endloop
  endfacet
  facet normal 0.7489557207890037 0.6626200482157357 0
    outer loop
      vertex 1.7092330985980067 1.5390003946253739 0
      vertex 1.7358320345123754 1.5089357666781666 0
      vertex 1.7358320345123754 1.5089357666781666 -3.96875
    endloop
  endfacet
  facet normal 0 0 -1
    outer loop
      vertex 1.7358320345123754 -1.5089357666781666 -3.96875
      vertex 1.7358320345123754 1.5089357666781666 -3.96875
      vertex 1.7619022191736493 -1.47841150227904 -3.96875
    endloop
  endfacet
  facet normal 0.7604059656000342 -0.6494480483301799 0
    outer loop
      vertex 1.7358320345123754 -1.5089357666781666 -3.96875
      vertex 1.7619022191736493 -1.47841150227904 -3.96875
      vertex 1.7619022191736493 -1.47841150227904 0
    endloop
  endfacet
  facet normal 0.7604059656000342 -0.6494480483301799 0
    outer loop
      vertex 1.7358320345123754 -1.5089357666781666 -3.96875
      vertex 1.7619022191736493 -1.47841150227904 0
      vertex 1.7358320345123754 -1.5089357666781666 0
    endloop
  endfacet
  facet normal 0 0 1
    outer loop
      vertex 1.7358320345123754 -1.5089357666781666 0
      vertex 1.7619022191736493 -1.47841150227904 0
      vertex 1.7619022191736493 1.47841150227904 0
    endloop
  endfacet
  facet normal 0 0 1
    outer loop
      vertex 1.7358320345123754 -1.5089357666781666 0
      vertex 1.7619022191736493 1.47841150227904 0
      vertex 1.7358320345123754 1.5089357666781666 0
    endloop
  endfacet
  facet normal 0.7604059656000342 0.6494480483301799 0
    outer loop
      vertex 1.7358320345123754 1.5089357666781666 -3.96875
      vertex 1.7358320345123754 1.5089357666781666 0
      vertex 1.7619022191736493 1.47841150227904 -3.96875
    endloop
  endfacet
  facet normal 0 0 -1
    outer loop
      vertex 1.7358320345123754 1.5089357666781666 -3.96875
      vertex 1.7619022191736493 1.47841150227904 -3.96875
      vertex 1.7619022191736493 -1.47841150227904 -3.96875
    endloop
  endfacet
  facet normal 0.7604059656000342 0.6494480483301799 0
    outer loop
      vertex 1.7358320345123754 1.5089357666781666 0
      vertex 1.7619022191736493 1.47841150227904 0
      vertex 1.7619022191736493 1.47841150227904 -3.96875
    endloop
  endfacet
  facet normal 0 0 -1
    outer loop
      vertex 1.7619022191736493 -1.47841150227904 -3.96875
      vertex 1.7619022191736493 1.47841150227904 -3.96875
      vertex 1.7874357113510329 -1.4474368994146258 -3.96875
    endloop
  endfacet
  facet normal 0.7716245833877192 -0.636078220277765 0
    outer loop
      vertex 1.7619022191736493 -1.47841150227904 -3.96875
      vertex 1.7874357113510329 -1.4474368994146258 -3.96875
      vertex 1.7874357113510329 -1.4474368994146258 0
    endloop
  endfacet
  facet normal 0.7716245833877192 -0.636078220277765 0
    outer loop
      vertex 1.7619022191736493 -1.47841150227904 -3.96875
      vertex 1.7874357113510329 -1.4474368994146258 0
      vertex 1.7619022191736493 -1.47841150227904 0
    endloop
  endfacet
  facet normal 0 0 1
    outer loop
      vertex 1.7619022191736493 -1.47841150227904 0
      vertex 1.7874357113510329 -1.4474368994146258 0
      vertex 1.7874357113510329 1.4474368994146258 0
    endloop
  endfacet
  facet normal 0 0 1
    outer loop
      vertex 1.7619022191736493 -1.47841150227904 0
      vertex 1.7874357113510329 1.4474368994146258 0
      vertex 1.7619022191736493 1.47841150227904 0
    endloop
  endfacet
  facet normal 0.7716245833877192 0.636078220277765 0
    outer loop
      vertex 1.7619022191736493 1.47841150227904 -3.96875
      vertex 1.7619022191736493 1.47841150227904 0
      vertex 1.7874357113510329 1.4474368994146258 -3.96875
    endloop
  endfacet
  facet normal 0 0 -1
    outer loop
      vertex 1.7619022191736493 1.47841150227904 -3.96875
      vertex 1.7874357113510329 1.4474368994146258 -3.96875
      vertex 1.7874357113510329 -1.4474368994146258 -3.96875
    endloop
  endfacet
  facet normal 0.7716245833877192 0.636078220277765 0
    outer loop
      vertex 1.7619022191736493 1.47841150227904 0
      vertex 1.7874357113510329 1.4474368994146258 0
      vertex 1.7874357113510329 1.4474368994146258 -3.96875
    endloop
  endfacet
  facet normal 0 0 -1
    outer loop
      vertex 1.7874357113510329 -1.4474368994146258 -3.96875
      vertex 1.7874357113510329 1.4474368994146258 -3.96875
      vertex 1.8124247332954602 -1.416021393249014 -3.96875
    endloop
  endfacet
  facet normal 0.7826081568524133 -0.6225146366376201 0
    outer loop
      vertex 1.7874357113510329 -1.4474368994146258 -3.96875
      vertex 1.8124247332954602 -1.416021393249014 -3.96875
      vertex 1.8124247332954602 -1.416021393249014 0
    endloop
  endfacet
  facet normal 0.7826081568524133 -0.6225146366376201 0
    outer loop
      vertex 1.7874357113510329 -1.4474368994146258 -3.96875
      vertex 1.8124247332954602 -1.416021393249014 0
      vertex 1.7874357113510329 -1.4474368994146258 0
    endloop
  endfacet
  facet normal 0 0 1
    outer loop
      vertex 1.7874357113510329 -1.4474368994146258 0
      vertex 1.8124247332954602 -1.416021393249014 0
      vertex 1.8124247332954602 1.416021393249014 0
    endloop
  endfacet
  facet normal 0 0 1
    outer loop
      vertex 1.7874357113510329 -1.4474368994146258 0
      vertex 1.8124247332954602 1.416021393249014 0
      vertex 1.7874357113510329 1.4474368994146258 0
    endloop
  endfacet
  facet normal 0.7826081568524133 0.6225146366376201 0
    outer loop
      vertex 1.7874357113510329 1.4474368994146258 -3.96875
      vertex 1.7874357113510329 1.4474368994146258 0
      vertex 1.8124247332954602 1.416021393249014 -3.96875
    endloop
  endfacet
  facet normal 0 0 -1
    outer loop
      vertex 1.7874357113510329 1.4474368994146258 -3.96875
      vertex 1.8124247332954602 1.416021393249014 -3.96875
      vertex 1.8124247332954602 -1.416021393249014 -3.96875
    endloop
  endfacet
  facet normal 0.7826081568524133 0.6225146366376201 0
    outer loop
      vertex 1.7874357113510329 1.4474368994146258 0
      vertex 1.8124247332954602 1.416021393249014 0
      vertex 1.8124247332954602 1.416021393249014 -3.96875
    endloop
  endfacet
  facet normal 0 0 -1
    outer loop
      vertex 1.8124247332954602 -1.416021393249014 -3.96875
      vertex 1.8124247332954602 1.416021393249014 -3.96875
      vertex 1.8368616731087735 -1.384174553249711 -3.96875
    endloop
  endfacet
  facet normal 0.7933533402912325 -0.608761429008724 0
    outer loop
      vertex 1.8124247332954602 -1.416021393249014 -3.96875
      vertex 1.8368616731087735 -1.384174553249711 -3.96875
      vertex 1.8368616731087735 -1.384174553249711 0
    endloop
  endfacet
  facet normal 0.7933533402912325 -0.608761429008724 0
    outer loop
      vertex 1.8124247332954602 -1.416021393249014 -3.96875
      vertex 1.8368616731087735 -1.384174553249711 0
      vertex 1.8124247332954602 -1.416021393249014 0
    endloop
  endfacet
  facet normal 0 0 1
    outer loop
      vertex 1.8124247332954602 -1.416021393249014 0
      vertex 1.8368616731087735 -1.384174553249711 0
      vertex 1.8368616731087735 1.384174553249711 0
    endloop
  endfacet
  facet normal 0 0 1
    outer loop
      vertex 1.8124247332954602 -1.416021393249014 0
      vertex 1.8368616731087735 1.384174553249711 0
      vertex 1.8124247332954602 1.416021393249014 0
    endloop
  endfacet
  facet normal 0.7933533402912325 0.608761429008724 0
    outer loop
      vertex 1.8124247332954602 1.416021393249014 -3.96875
      vertex 1.8124247332954602 1.416021393249014 0
      vertex 1.8368616731087735 1.384174553249711 -3.96875
    endloop
  endfacet
  facet normal 0 0 -1
    outer loop
      vertex 1.8124247332954602 1.416021393249014 -3.96875
      vertex 1.8368616731087735 1.384174553249711 -3.96875
      vertex 1.8368616731087735 -1.384174553249711 -3.96875
    endloop
  endfacet
  facet normal 0.7933533402912325 0.608761429008724 0
    outer loop
      vertex 1.8124247332954602 1.416021393249014 0
      vertex 1.8368616731087735 1.384174553249711 0
      vertex 1.8368616731087735 1.384174553249711 -3.96875
    endloop
  endfacet
  facet normal 0 0 -1
    outer loop
      vertex 1.8368616731087735 -1.384174553249711 -3.96875
      vertex 1.8368616731087735 1.384174553249711 -3.96875
      vertex 1.860739087062379 -1.351906080272688 -3.96875
    endloop
  endfacet
  facet normal 0.8038568606172172 -0.5948227867513416 0
    outer loop
      vertex 1.8368616731087735 -1.384174553249711 -3.96875
      vertex 1.860739087062379 -1.351906080272688 -3.96875
      vertex 1.860739087062379 -1.351906080272688 0
    endloop
  endfacet
  facet normal 0.8038568606172172 -0.5948227867513416 0
    outer loop
      vertex 1.8368616731087735 -1.384174553249711 -3.96875
      vertex 1.860739087062379 -1.351906080272688 0
      vertex 1.8368616731087735 -1.384174553249711 0
    endloop
  endfacet
  facet normal 0 0 1
    outer loop
      vertex 1.8368616731087735 -1.384174553249711 0
      vertex 1.860739087062379 -1.351906080272688 0
      vertex 1.860739087062379 1.351906080272688 0
    endloop
  endfacet
  facet normal 0 0 1
    outer loop
      vertex 1.8368616731087735 -1.384174553249711 0
      vertex 1.860739087062379 1.351906080272688 0
      vertex 1.8368616731087735 1.384174553249711 0
    endloop
  endfacet
  facet normal 0.8038568606172172 0.5948227867513416 0
    outer loop
      vertex 1.8368616731087735 1.384174553249711 -3.96875
      vertex 1.8368616731087735 1.384174553249711 0
      vertex 1.860739087062379 1.351906080272688 -3.96875
    endloop
  endfacet
  facet normal 0 0 -1
    outer loop
      vertex 1.8368616731087735 1.384174553249711 -3.96875
      vertex 1.860739087062379 1.351906080272688 -3.96875
      vertex 1.860739087062379 -1.351906080272688 -3.96875
    endloop
  endfacet
  facet normal 0.8038568606172172 0.5948227867513416 0
    outer loop
      vertex 1.8368616731087735 1.384174553249711 0
      vertex 1.860739087062379 1.351906080272688 0
      vertex 1.860739087062379 1.351906080272688 -3.96875
    endloop
  endfacet
  facet normal 0 0 -1
    outer loop
      vertex 1.860739087062379 -1.351906080272688 -3.96875
      vertex 1.860739087062379 1.351906080272688 -3.96875
      vertex 1.884049701864681 -1.3192258036074058 -3.96875
    endloop
  endfacet
  facet normal 0.8141155183563217 -0.5807029557109361 0
    outer loop
      vertex 1.860739087062379 -1.351906080272688 -3.96875
      vertex 1.884049701864681 -1.3192258036074058 -3.96875
      vertex 1.884049701864681 -1.3192258036074058 0
    endloop
  endfacet
  facet normal 0.8141155183563217 -0.5807029557109361 0
    outer loop
      vertex 1.860739087062379 -1.351906080272688 -3.96875
      vertex 1.884049701864681 -1.3192258036074058 0
      vertex 1.860739087062379 -1.351906080272688 0
    endloop
  endfacet
  facet normal 0 0 1
    outer loop
      vertex 1.860739087062379 -1.351906080272688 0
      vertex 1.884049701864681 -1.3192258036074058 0
      vertex 1.884049701864681 1.3192258036074058 0
    endloop
  endfacet
  facet normal 0 0 1
    outer loop
      vertex 1.860739087062379 -1.351906080272688 0
      vertex 1.884049701864681 1.3192258036074058 0
      vertex 1.860739087062379 1.351906080272688 0
    endloop
  endfacet
  facet normal 0.8141155183563217 0.5807029557109361 0
    outer loop
      vertex 1.860739087062379 1.351906080272688 -3.96875
      vertex 1.860739087062379 1.351906080272688 0
      vertex 1.884049701864681 1.3192258036074058 -3.96875
    endloop
  endfacet
  facet normal 0 0 -1
    outer loop
      vertex 1.860739087062379 1.351906080272688 -3.96875
      vertex 1.884049701864681 1.3192258036074058 -3.96875
      vertex 1.884049701864681 -1.3192258036074058 -3.96875
    endloop
  endfacet
  facet normal 0.8141155183563217 0.5807029557109361 0
    outer loop
      vertex 1.860739087062379 1.351906080272688 0
      vertex 1.884049701864681 1.3192258036074058 0
      vertex 1.884049701864681 1.3192258036074058 -3.96875
    endloop
  endfacet
  facet normal 0 0 -1
    outer loop
      vertex 1.884049701864681 -1.3192258036074058 -3.96875
      vertex 1.884049701864681 1.3192258036074058 -3.96875
      vertex 1.9067864168765956 -1.2861436779827178 -3.96875
    endloop
  endfacet
  facet normal 0.8241261886220149 -0.5664062369248339 0
    outer loop
      vertex 1.884049701864681 -1.3192258036074058 -3.96875
      vertex 1.9067864168765956 -1.2861436779827178 -3.96875
      vertex 1.9067864168765956 -1.2861436779827178 0
    endloop
  endfacet
  facet normal 0.8241261886220149 -0.5664062369248339 0
    outer loop
      vertex 1.884049701864681 -1.3192258036074058 -3.96875
      vertex 1.9067864168765956 -1.2861436779827178 0
      vertex 1.884049701864681 -1.3192258036074058 0
    endloop
  endfacet
  facet normal 0 0 1
    outer loop
      vertex 1.884049701864681 -1.3192258036074058 0
      vertex 1.9067864168765956 -1.2861436779827178 0
      vertex 1.9067864168765956 1.2861436779827178 0
    endloop
  endfacet
  facet normal 0 0 1
    outer loop
      vertex 1.884049701864681 -1.3192258036074058 0
      vertex 1.9067864168765956 1.2861436779827178 0
      vertex 1.884049701864681 1.3192258036074058 0
    endloop
  endfacet
  facet normal 0.8241261886220149 0.5664062369248339 0
    outer loop
      vertex 1.884049701864681 1.3192258036074058 -3.96875
      vertex 1.884049701864681 1.3192258036074058 0
      vertex 1.9067864168765956 1.2861436779827178 -3.96875
    endloop
  endfacet
  facet normal 0 0 -1
    outer loop
      vertex 1.884049701864681 1.3192258036074058 -3.96875
      vertex 1.9067864168765956 1.2861436779827178 -3.96875
      vertex 1.9067864168765956 -1.2861436779827178 -3.96875
    endloop
  endfacet
  facet normal 0.8241261886220149 0.5664062369248339 0
    outer loop
      vertex 1.884049701864681 1.3192258036074058 0
      vertex 1.9067864168765956 1.2861436779827178 0
      vertex 1.9067864168765956 1.2861436779827178 -3.96875
    endloop
  endfacet
  facet normal 0 0 -1
    outer loop
      vertex 1.9067864168765956 -1.2861436779827178 -3.96875
      vertex 1.9067864168765956 1.2861436779827178 -3.96875
      vertex 1.9289423062744753 -1.2526697805345621 -3.96875
    endloop
  endfacet
  facet normal 0.8338858220671661 -0.5519369853120614 0
    outer loop
      vertex 1.9067864168765956 -1.2861436779827178 -3.96875
      vertex 1.9289423062744753 -1.2526697805345621 -3.96875
      vertex 1.9289423062744753 -1.2526697805345621 0
    endloop
  endfacet
  facet normal 0.8338858220671661 -0.5519369853120614 0
    outer loop
      vertex 1.9067864168765956 -1.2861436779827178 -3.96875
      vertex 1.9289423062744753 -1.2526697805345621 0
      vertex 1.9067864168765956 -1.2861436779827178 0
    endloop
  endfacet
  facet normal 0 0 1
    outer loop
      vertex 1.9067864168765956 -1.2861436779827178 0
      vertex 1.9289423062744753 -1.2526697805345621 0
      vertex 1.9289423062744753 1.2526697805345621 0
    endloop
  endfacet
  facet normal 0 0 1
    outer loop
      vertex 1.9067864168765956 -1.2861436779827178 0
      vertex 1.9289423062744753 1.2526697805345621 0
      vertex 1.9067864168765956 1.2861436779827178 0
    endloop
  endfacet
  facet normal 0.8338858220671661 0.5519369853120614 0
    outer loop
      vertex 1.9067864168765956 1.2861436779827178 -3.96875
      vertex 1.9067864168765956 1.2861436779827178 0
      vertex 1.9289423062744753 1.2526697805345621 -3.96875
    endloop
  endfacet
  facet normal 0 0 -1
    outer loop
      vertex 1.9067864168765956 1.2861436779827178 -3.96875
      vertex 1.9289423062744753 1.2526697805345621 -3.96875
      vertex 1.9289423062744753 -1.2526697805345621 -3.96875
    endloop
  endfacet
  facet normal 0.8338858220671661 0.5519369853120614 0
    outer loop
      vertex 1.9067864168765956 1.2861436779827178 0
      vertex 1.9289423062744753 1.2526697805345621 0
      vertex 1.9289423062744753 1.2526697805345621 -3.96875
    endloop
  endfacet
  facet normal 0 0 -1
    outer loop
      vertex 1.9289423062744753 -1.2526697805345621 -3.96875
      vertex 1.9289423062744753 1.2526697805345621 -3.96875
      vertex 1.9505106211597796 -1.2188143077363711 -3.96875
    endloop
  endfacet
  facet normal 0.8433914458128883 -0.5372996083468197 0
    outer loop
      vertex 1.9289423062744753 -1.2526697805345621 -3.96875
      vertex 1.9505106211597796 -1.2188143077363711 -3.96875
      vertex 1.9505106211597796 -1.2188143077363711 0
    endloop
  endfacet
  facet normal 0.8433914458128883 -0.5372996083468197 0
    outer loop
      vertex 1.9289423062744753 -1.2526697805345621 -3.96875
      vertex 1.9505106211597796 -1.2188143077363711 0
      vertex 1.9289423062744753 -1.2526697805345621 0
    endloop
  endfacet
  facet normal 0 0 1
    outer loop
      vertex 1.9289423062744753 -1.2526697805345621 0
      vertex 1.9505106211597796 -1.2188143077363711 0
      vertex 1.9505106211597796 1.2188143077363711 0
    endloop
  endfacet
  facet normal 0 0 1
    outer loop
      vertex 1.9289423062744753 -1.2526697805345621 0
      vertex 1.9505106211597796 1.2188143077363711 0
      vertex 1.9289423062744753 1.2526697805345621 0
    endloop
  endfacet
  facet normal 0.8433914458128883 0.5372996083468197 0
    outer loop
      vertex 1.9289423062744753 1.2526697805345621 -3.96875
      vertex 1.9289423062744753 1.2526697805345621 0
      vertex 1.9505106211597796 1.2188143077363711 -3.96875
    endloop
  endfacet
  facet normal 0 0 -1
    outer loop
      vertex 1.9289423062744753 1.2526697805345621 -3.96875
      vertex 1.9505106211597796 1.2188143077363711 -3.96875
      vertex 1.9505106211597796 -1.2188143077363711 -3.96875
    endloop
  endfacet
  facet normal 0.8433914458128883 0.5372996083468197 0
    outer loop
      vertex 1.9289423062744753 1.2526697805345621 0
      vertex 1.9505106211597796 1.2188143077363711 0
      vertex 1.9505106211597796 1.2188143077363711 -3.96875
    endloop
  endfacet
  facet normal 0 0 -1
    outer loop
      vertex 1.9505106211597796 -1.2188143077363711 -3.96875
      vertex 1.9505106211597796 1.2188143077363711 -3.96875
      vertex 1.9714847916148581 -1.1845875722931245 -3.96875
    endloop
  endfacet
  facet normal 0.8526401643540913 -0.5224985647159501 0
    outer loop
      vertex 1.9505106211597796 -1.2188143077363711 -3.96875
      vertex 1.9714847916148581 -1.1845875722931245 -3.96875
      vertex 1.9714847916148581 -1.1845875722931245 0
    endloop
  endfacet
  facet normal 0.8526401643540913 -0.5224985647159501 0
    outer loop
      vertex 1.9505106211597796 -1.2188143077363711 -3.96875
      vertex 1.9714847916148581 -1.1845875722931245 0
      vertex 1.9505106211597796 -1.2188143077363711 0
    endloop
  endfacet
  facet normal 0 0 1
    outer loop
      vertex 1.9505106211597796 -1.2188143077363711 0
      vertex 1.9714847916148581 -1.1845875722931245 0
      vertex 1.9714847916148581 1.1845875722931245 0
    endloop
  endfacet
  facet normal 0 0 1
    outer loop
      vertex 1.9505106211597796 -1.2188143077363711 0
      vertex 1.9714847916148581 1.1845875722931245 0
      vertex 1.9505106211597796 1.2188143077363711 0
    endloop
  endfacet
  facet normal 0.8526401643540913 0.5224985647159501 0
    outer loop
      vertex 1.9505106211597796 1.2188143077363711 -3.96875
      vertex 1.9505106211597796 1.2188143077363711 0
      vertex 1.9714847916148581 1.1845875722931245 -3.96875
    endloop
  endfacet
  facet normal 0 0 -1
    outer loop
      vertex 1.9505106211597796 1.2188143077363711 -3.96875
      vertex 1.9714847916148581 1.1845875722931245 -3.96875
      vertex 1.9714847916148581 -1.1845875722931245 -3.96875
    endloop
  endfacet
  facet normal 0.8526401643540913 0.5224985647159501 0
    outer loop
      vertex 1.9505106211597796 1.2188143077363711 0
      vertex 1.9714847916148581 1.1845875722931245 0
      vertex 1.9714847916148581 1.1845875722931245 -3.96875
    endloop
  endfacet
  facet normal 0 0 -1
    outer loop
      vertex 1.9714847916148581 -1.1845875722931245 -3.96875
      vertex 1.9714847916148581 1.1845875722931245 -3.96875
      vertex 1.9918584287042087 -1.15 -3.96875
    endloop
  endfacet
  facet normal 0.8616291604415257 -0.5075383629607045 0
    outer loop
      vertex 1.9714847916148581 -1.1845875722931245 -3.96875
      vertex 1.9918584287042087 -1.15 -3.96875
      vertex 1.9918584287042087 -1.15 0
    endloop
  endfacet
  facet normal 0.8616291604415257 -0.5075383629607045 0
    outer loop
      vertex 1.9714847916148581 -1.1845875722931245 -3.96875
      vertex 1.9918584287042087 -1.15 0
      vertex 1.9714847916148581 -1.1845875722931245 0
    endloop
  endfacet
  facet normal 0 0 1
    outer loop
      vertex 1.9714847916148581 -1.1845875722931245 0
      vertex 1.9918584287042087 -1.15 0
      vertex 1.9918584287042087 1.15 0
    endloop
  endfacet
  facet normal 0 0 1
    outer loop
      vertex 1.9714847916148581 -1.1845875722931245 0
      vertex 1.9918584287042087 1.15 0
      vertex 1.9714847916148581 1.1845875722931245 0
    endloop
  endfacet
  facet normal 0.8616291604415257 0.5075383629607045 0
    outer loop
      vertex 1.9714847916148581 1.1845875722931245 -3.96875
      vertex 1.9714847916148581 1.1845875722931245 0
      vertex 1.9918584287042087 1.15 -3.96875
    endloop
  endfacet
  facet normal 0 0 -1
    outer loop
      vertex 1.9714847916148581 1.1845875722931245 -3.96875
      vertex 1.9918584287042087 1.15 -3.96875
      vertex 1.9918584287042087 -1.15 -3.96875
    endloop
  endfacet
  facet normal 0.8616291604415257 0.5075383629607045 0
    outer loop
      vertex 1.9714847916148581 1.1845875722931245 0
      vertex 1.9918584287042087 1.15 0
      vertex 1.9918584287042087 1.15 -3.96875
    endloop
  endfacet
  facet normal 0 0 -1
    outer loop
      vertex 1.9918584287042087 -1.15 -3.96875
      vertex 1.9918584287042087 1.15 -3.96875
      vertex 2.01162532642061 -1.1150621265665752 -3.96875
    endloop
  endfacet
  facet normal 0.8703556959398996 -0.49242356010346744 0
    outer loop
      vertex 1.9918584287042087 -1.15 -3.96875
      vertex 2.01162532642061 -1.1150621265665752 -3.96875
      vertex 2.01162532642061 -1.1150621265665752 0
    endloop
  endfacet
  facet normal 0.8703556959398996 -0.49242356010346744 0
    outer loop
      vertex 1.9918584287042087 -1.15 -3.96875
      vertex 2.01162532642061 -1.1150621265665752 0
      vertex 1.9918584287042087 -1.15 0
    endloop
  endfacet
  facet normal 0 0 1
    outer loop
      vertex 1.9918584287042087 -1.15 0
      vertex 2.01162532642061 -1.1150621265665752 0
      vertex 2.01162532642061 1.1150621265665752 0
    endloop
  endfacet
  facet normal 0 0 1
    outer loop
      vertex 1.9918584287042087 -1.15 0
      vertex 2.01162532642061 1.1150621265665752 0
      vertex 1.9918584287042087 1.15 0
    endloop
  endfacet
  facet normal 0.8703556959398996 0.49242356010346744 0
    outer loop
      vertex 1.9918584287042087 1.15 -3.96875
      vertex 1.9918584287042087 1.15 0
      vertex 2.01162532642061 1.1150621265665752 -3.96875
    endloop
  endfacet
  facet normal 0 0 -1
    outer loop
      vertex 1.9918584287042087 1.15 -3.96875
      vertex 2.01162532642061 1.1150621265665752 -3.96875
      vertex 2.01162532642061 -1.1150621265665752 -3.96875
    endloop
  endfacet
  facet normal 0.8703556959398996 0.49242356010346744 0
    outer loop
      vertex 1.9918584287042087 1.15 0
      vertex 2.01162532642061 1.1150621265665752 0
      vertex 2.01162532642061 1.1150621265665752 -3.96875
    endloop
  endfacet
  facet normal 0 0 -1
    outer loop
      vertex 2.01162532642061 -1.1150621265665752 -3.96875
      vertex 2.01162532642061 1.1150621265665752 -3.96875
      vertex 2.030779463575532 -1.0797845944075488 -3.96875
    endloop
  endfacet
  facet normal 0.8788171126619617 -0.477158760259615 0
    outer loop
      vertex 2.01162532642061 -1.1150621265665752 -3.96875
      vertex 2.030779463575532 -1.0797845944075488 -3.96875
      vertex 2.030779463575532 -1.0797845944075488 0
    endloop
  endfacet
  facet normal 0.8788171126619617 -0.477158760259615 0
    outer loop
      vertex 2.01162532642061 -1.1150621265665752 -3.96875
      vertex 2.030779463575532 -1.0797845944075488 0
      vertex 2.01162532642061 -1.1150621265665752 0
    endloop
  endfacet
  facet normal 0 0 1
    outer loop
      vertex 2.01162532642061 -1.1150621265665752 0
      vertex 2.030779463575532 -1.0797845944075488 0
      vertex 2.030779463575532 1.0797845944075488 0
    endloop
  endfacet
  facet normal 0 0 1
    outer loop
      vertex 2.01162532642061 -1.1150621265665752 0
      vertex 2.030779463575532 1.0797845944075488 0
      vertex 2.01162532642061 1.1150621265665752 0
    endloop
  endfacet
  facet normal 0.8788171126619617 0.477158760259615 0
    outer loop
      vertex 2.01162532642061 1.1150621265665752 -3.96875
      vertex 2.01162532642061 1.1150621265665752 0
      vertex 2.030779463575532 1.0797845944075488 -3.96875
    endloop
  endfacet
  facet normal 0 0 -1
    outer loop
      vertex 2.01162532642061 1.1150621265665752 -3.96875
      vertex 2.030779463575532 1.0797845944075488 -3.96875
      vertex 2.030779463575532 -1.0797845944075488 -3.96875
    endloop
  endfacet
  facet normal 0.8788171126619617 0.477158760259615 0
    outer loop
      vertex 2.01162532642061 1.1150621265665752 0
      vertex 2.030779463575532 1.0797845944075488 0
      vertex 2.030779463575532 1.0797845944075488 -3.96875
    endloop
  endfacet
  facet normal 0 0 -1
    outer loop
      vertex 2.030779463575532 -1.0797845944075488 -3.96875
      vertex 2.030779463575532 1.0797845944075488 -3.96875
      vertex 2.049315005633246 -1.0441781494009574 -3.96875
    endloop
  endfacet
  facet normal 0.8870108331782262 -0.46174861323502536 0
    outer loop
      vertex 2.030779463575532 -1.0797845944075488 -3.96875
      vertex 2.049315005633246 -1.0441781494009574 -3.96875
      vertex 2.049315005633246 -1.0441781494009574 0
    endloop
  endfacet
  facet normal 0.8870108331782262 -0.46174861323502536 0
    outer loop
      vertex 2.030779463575532 -1.0797845944075488 -3.96875
      vertex 2.049315005633246 -1.0441781494009574 0
      vertex 2.030779463575532 -1.0797845944075488 0
    endloop
  endfacet
  facet normal 0 0 1
    outer loop
      vertex 2.030779463575532 -1.0797845944075488 0
      vertex 2.049315005633246 -1.0441781494009574 0
      vertex 2.049315005633246 1.0441781494009574 0
    endloop
  endfacet
  facet normal 0 0 1
    outer loop
      vertex 2.030779463575532 -1.0797845944075488 0
      vertex 2.049315005633246 1.0441781494009574 0
      vertex 2.030779463575532 1.0797845944075488 0
    endloop
  endfacet
  facet normal 0.8870108331782262 0.46174861323502536 0
    outer loop
      vertex 2.030779463575532 1.0797845944075488 -3.96875
      vertex 2.030779463575532 1.0797845944075488 0
      vertex 2.049315005633246 1.0441781494009574 -3.96875
    endloop
  endfacet
  facet normal 0 0 -1
    outer loop
      vertex 2.030779463575532 1.0797845944075488 -3.96875
      vertex 2.049315005633246 1.0441781494009574 -3.96875
      vertex 2.049315005633246 -1.0441781494009574 -3.96875
    endloop
  endfacet
  facet normal 0.8870108331782262 0.46174861323502536 0
    outer loop
      vertex 2.030779463575532 1.0797845944075488 0
      vertex 2.049315005633246 1.0441781494009574 0
      vertex 2.049315005633246 1.0441781494009574 -3.96875
    endloop
  endfacet
  facet normal 0 0 -1
    outer loop
      vertex 2.049315005633246 -1.0441781494009574 -3.96875
      vertex 2.049315005633246 1.0441781494009574 -3.96875
      vertex 2.067226306488084 -1.0082536376148779 -3.96875
    endloop
  endfacet
  facet normal 0.8949343616020234 -0.4461978131098118 0
    outer loop
      vertex 2.049315005633246 -1.0441781494009574 -3.96875
      vertex 2.067226306488084 -1.0082536376148779 -3.96875
      vertex 2.067226306488084 -1.0082536376148779 0
    endloop
  endfacet
  facet normal 0.8949343616020234 -0.4461978131098118 0
    outer loop
      vertex 2.049315005633246 -1.0441781494009574 -3.96875
      vertex 2.067226306488084 -1.0082536376148779 0
      vertex 2.049315005633246 -1.0441781494009574 0
    endloop
  endfacet
  facet normal 0 0 1
    outer loop
      vertex 2.049315005633246 -1.0441781494009574 0
      vertex 2.067226306488084 -1.0082536376148779 0
      vertex 2.067226306488084 1.0082536376148779 0
    endloop
  endfacet
  facet normal 0 0 1
    outer loop
      vertex 2.049315005633246 -1.0441781494009574 0
      vertex 2.067226306488084 1.0082536376148779 0
      vertex 2.049315005633246 1.0441781494009574 0
    endloop
  endfacet
  facet normal 0.8949343616020234 0.4461978131098118 0
    outer loop
      vertex 2.049315005633246 1.0441781494009574 -3.96875
      vertex 2.049315005633246 1.0441781494009574 0
      vertex 2.067226306488084 1.0082536376148779 -3.96875
    endloop
  endfacet
  facet normal 0 0 -1
    outer loop
      vertex 2.049315005633246 1.0441781494009574 -3.96875
      vertex 2.067226306488084 1.0082536376148779 -3.96875
      vertex 2.067226306488084 -1.0082536376148779 -3.96875
    endloop
  endfacet
  facet normal 0.8949343616020234 0.4461978131098118 0
    outer loop
      vertex 2.049315005633246 1.0441781494009574 0
      vertex 2.067226306488084 1.0082536376148779 0
      vertex 2.067226306488084 1.0082536376148779 -3.96875
    endloop
  endfacet
  facet normal 0 0 -1
    outer loop
      vertex 2.067226306488084 -1.0082536376148779 -3.96875
      vertex 2.067226306488084 1.0082536376148779 -3.96875
      vertex 2.0845079101842945 -0.9720220020036087 -3.96875
    endloop
  endfacet
  facet normal 0.9025852843498635 -0.4305110968082892 0
    outer loop
      vertex 2.067226306488084 -1.0082536376148779 -3.96875
      vertex 2.0845079101842945 -0.9720220020036087 -3.96875
      vertex 2.0845079101842945 -0.9720220020036087 0
    endloop
  endfacet
  facet normal 0.9025852843498635 -0.4305110968082892 0
    outer loop
      vertex 2.067226306488084 -1.0082536376148779 -3.96875
      vertex 2.0845079101842945 -0.9720220020036087 0
      vertex 2.067226306488084 -1.0082536376148779 0
    endloop
  endfacet
  facet normal 0 0 1
    outer loop
      vertex 2.067226306488084 -1.0082536376148779 0
      vertex 2.0845079101842945 -0.9720220020036087 0
      vertex 2.0845079101842945 0.9720220020036087 0
    endloop
  endfacet
  facet normal 0 0 1
    outer loop
      vertex 2.067226306488084 -1.0082536376148779 0
      vertex 2.0845079101842945 0.9720220020036087 0
      vertex 2.067226306488084 1.0082536376148779 0
    endloop
  endfacet
  facet normal 0.9025852843498635 0.4305110968082892 0
    outer loop
      vertex 2.067226306488084 1.0082536376148779 -3.96875
      vertex 2.067226306488084 1.0082536376148779 0
      vertex 2.0845079101842945 0.9720220020036087 -3.96875
    endloop
  endfacet
  facet normal 0 0 -1
    outer loop
      vertex 2.067226306488084 1.0082536376148779 -3.96875
      vertex 2.0845079101842945 0.9720220020036087 -3.96875
      vertex 2.0845079101842945 -0.9720220020036087 -3.96875
    endloop
  endfacet
  facet normal 0.9025852843498635 0.4305110968082892 0
    outer loop
      vertex 2.067226306488084 1.0082536376148779 0
      vertex 2.0845079101842945 0.9720220020036087 0
      vertex 2.0845079101842945 0.9720220020036087 -3.96875
    endloop
  endfacet
  facet normal 0 0 -1
    outer loop
      vertex 2.0845079101842945 -0.9720220020036087 -3.96875
      vertex 2.0845079101842945 0.9720220020036087 -3.96875
      vertex 2.101154552577982 -0.9354942790743404 -3.96875
    endloop
  endfacet
  facet normal 0.9099612708765422 -0.4146932426562413 0
    outer loop
      vertex 2.0845079101842945 -0.9720220020036087 -3.96875
      vertex 2.101154552577982 -0.9354942790743404 -3.96875
      vertex 2.101154552577982 -0.9354942790743404 0
    endloop
  endfacet
  facet normal 0.9099612708765422 -0.4146932426562413 0
    outer loop
      vertex 2.0845079101842945 -0.9720220020036087 -3.96875
      vertex 2.101154552577982 -0.9354942790743404 0
      vertex 2.0845079101842945 -0.9720220020036087 0
    endloop
  endfacet
  facet normal 0 0 1
    outer loop
      vertex 2.0845079101842945 -0.9720220020036087 0
      vertex 2.101154552577982 -0.9354942790743404 0
      vertex 2.101154552577982 0.9354942790743404 0
    endloop
  endfacet
  facet normal 0 0 1
    outer loop
      vertex 2.0845079101842945 -0.9720220020036087 0
      vertex 2.101154552577982 0.9354942790743404 0
      vertex 2.0845079101842945 0.9720220020036087 0
    endloop
  endfacet
  facet normal 0.9099612708765422 0.4146932426562413 0
    outer loop
      vertex 2.0845079101842945 0.9720220020036087 -3.96875
      vertex 2.0845079101842945 0.9720220020036087 0
      vertex 2.101154552577982 0.9354942790743404 -3.96875
    endloop
  endfacet
  facet normal 0 0 -1
    outer loop
      vertex 2.0845079101842945 0.9720220020036087 -3.96875
      vertex 2.101154552577982 0.9354942790743404 -3.96875
      vertex 2.101154552577982 -0.9354942790743404 -3.96875
    endloop
  endfacet
  facet normal 0.9099612708765422 0.4146932426562413 0
    outer loop
      vertex 2.0845079101842945 0.9720220020036087 0
      vertex 2.101154552577982 0.9354942790743404 0
      vertex 2.101154552577982 0.9354942790743404 -3.96875
    endloop
  endfacet
  facet normal 0 0 -1
    outer loop
      vertex 2.101154552577982 -0.9354942790743404 -3.96875
      vertex 2.101154552577982 0.9354942790743404 -3.96875
      vertex 2.117161162940613 -0.8986815955253296 -3.96875
    endloop
  endfacet
  facet normal 0.9170600743851204 -0.39874906892525447 0
    outer loop
      vertex 2.101154552577982 -0.9354942790743404 -3.96875
      vertex 2.117161162940613 -0.8986815955253296 -3.96875
      vertex 2.117161162940613 -0.8986815955253296 0
    endloop
  endfacet
  facet normal 0.9170600743851204 -0.39874906892525447 0
    outer loop
      vertex 2.101154552577982 -0.9354942790743404 -3.96875
      vertex 2.117161162940613 -0.8986815955253296 0
      vertex 2.101154552577982 -0.9354942790743404 0
    endloop
  endfacet
  facet normal 0 0 1
    outer loop
      vertex 2.101154552577982 -0.9354942790743404 0
      vertex 2.117161162940613 -0.8986815955253296 0
      vertex 2.117161162940613 0.8986815955253296 0
    endloop
  endfacet
  facet normal 0 0 1
    outer loop
      vertex 2.101154552577982 -0.9354942790743404 0
      vertex 2.117161162940613 0.8986815955253296 0
      vertex 2.101154552577982 0.9354942790743404 0
    endloop
  endfacet
  facet normal 0.9170600743851204 0.39874906892525447 0
    outer loop
      vertex 2.101154552577982 0.9354942790743404 -3.96875
      vertex 2.101154552577982 0.9354942790743404 0
      vertex 2.117161162940613 0.8986815955253296 -3.96875
    endloop
  endfacet
  facet normal 0 0 -1
    outer loop
      vertex 2.101154552577982 0.9354942790743404 -3.96875
      vertex 2.117161162940613 0.8986815955253296 -3.96875
      vertex 2.117161162940613 -0.8986815955253296 -3.96875
    endloop
  endfacet
  facet normal 0.9170600743851204 0.39874906892525447 0
    outer loop
      vertex 2.101154552577982 0.9354942790743404 0
      vertex 2.117161162940613 0.8986815955253296 0
      vertex 2.117161162940613 0.8986815955253296 -3.96875
    endloop
  endfacet
  facet normal 0 0 -1
    outer loop
      vertex 2.117161162940613 -0.8986815955253296 -3.96875
      vertex 2.117161162940613 0.8986815955253296 -3.96875
      vertex 2.132522865503611 -0.8615951648565976 -3.96875
    endloop
  endfacet
  facet normal 0.9238795325112895 -0.3826834323650831 0
    outer loop
      vertex 2.117161162940613 -0.8986815955253296 -3.96875
      vertex 2.132522865503611 -0.8615951648565976 -3.96875
      vertex 2.132522865503611 -0.8615951648565976 0
    endloop
  endfacet
  facet normal 0.9238795325112895 -0.3826834323650831 0
    outer loop
      vertex 2.117161162940613 -0.8986815955253296 -3.96875
      vertex 2.132522865503611 -0.8615951648565976 0
      vertex 2.117161162940613 -0.8986815955253296 0
    endloop
  endfacet
  facet normal 0 0 1
    outer loop
      vertex 2.117161162940613 -0.8986815955253296 0
      vertex 2.132522865503611 -0.8615951648565976 0
      vertex 2.132522865503611 0.8615951648565976 0
    endloop
  endfacet
  facet normal 0 0 1
    outer loop
      vertex 2.117161162940613 -0.8986815955253296 0
      vertex 2.132522865503611 0.8615951648565976 0
      vertex 2.117161162940613 0.8986815955253296 0
    endloop
  endfacet
  facet normal 0.9238795325112895 0.3826834323650831 0
    outer loop
      vertex 2.117161162940613 0.8986815955253296 -3.96875
      vertex 2.117161162940613 0.8986815955253296 0
      vertex 2.132522865503611 0.8615951648565976 -3.96875
    endloop
  endfacet
  facet normal 0 0 -1
    outer loop
      vertex 2.117161162940613 0.8986815955253296 -3.96875
      vertex 2.132522865503611 0.8615951648565976 -3.96875
      vertex 2.132522865503611 -0.8615951648565976 -3.96875
    endloop
  endfacet
  facet normal 0.9238795325112895 0.3826834323650831 0
    outer loop
      vertex 2.117161162940613 0.8986815955253296 0
      vertex 2.132522865503611 0.8615951648565976 0
      vertex 2.132522865503611 0.8615951648565976 -3.96875
    endloop
  endfacet
  facet normal 0 0 -1
    outer loop
      vertex 2.132522865503611 -0.8615951648565976 -3.96875
      vertex 2.132522865503611 0.8615951648565976 -3.96875
      vertex 2.147234980943564 -0.8242462839541905 -3.96875
    endloop
  endfacet
  facet normal 0.9304175679820247 -0.36650122672429686 0
    outer loop
      vertex 2.132522865503611 -0.8615951648565976 -3.96875
      vertex 2.147234980943564 -0.8242462839541905 -3.96875
      vertex 2.147234980943564 -0.8242462839541905 0
    endloop
  endfacet
  facet normal 0.9304175679820247 -0.36650122672429686 0
    outer loop
      vertex 2.132522865503611 -0.8615951648565976 -3.96875
      vertex 2.147234980943564 -0.8242462839541905 0
      vertex 2.132522865503611 -0.8615951648565976 0
    endloop
  endfacet
  facet normal 0 0 1
    outer loop
      vertex 2.132522865503611 -0.8615951648565976 0
      vertex 2.147234980943564 -0.8242462839541905 0
      vertex 2.147234980943564 0.8242462839541905 0
    endloop
  endfacet
  facet normal 0 0 1
    outer loop
      vertex 2.132522865503611 -0.8615951648565976 0
      vertex 2.147234980943564 0.8242462839541905 0
      vertex 2.132522865503611 0.8615951648565976 0
    endloop
  endfacet
  facet normal 0.9304175679820247 0.36650122672429686 0
    outer loop
      vertex 2.132522865503611 0.8615951648565976 -3.96875
      vertex 2.132522865503611 0.8615951648565976 0
      vertex 2.147234980943564 0.8242462839541905 -3.96875
    endloop
  endfacet
  facet normal 0 0 -1
    outer loop
      vertex 2.132522865503611 0.8615951648565976 -3.96875
      vertex 2.147234980943564 0.8242462839541905 -3.96875
      vertex 2.147234980943564 -0.8242462839541905 -3.96875
    endloop
  endfacet
  facet normal 0.9304175679820247 0.36650122672429686 0
    outer loop
      vertex 2.132522865503611 0.8615951648565976 0
      vertex 2.147234980943564 0.8242462839541905 0
      vertex 2.147234980943564 0.8242462839541905 -3.96875
    endloop
  endfacet
  facet normal 0 0 -1
    outer loop
      vertex 2.147234980943564 -0.8242462839541905 -3.96875
      vertex 2.147234980943564 0.8242462839541905 -3.96875
      vertex 2.1612930278075893 -0.786646329649038 -3.96875
    endloop
  endfacet
  facet normal 0.9366721892483959 -0.350207381259472 0
    outer loop
      vertex 2.147234980943564 -0.8242462839541905 -3.96875
      vertex 2.1612930278075893 -0.786646329649038 -3.96875
      vertex 2.1612930278075893 -0.786646329649038 0
    endloop
  endfacet
  facet normal 0.9366721892483959 -0.350207381259472 0
    outer loop
      vertex 2.147234980943564 -0.8242462839541905 -3.96875
      vertex 2.1612930278075893 -0.786646329649038 0
      vertex 2.147234980943564 -0.8242462839541905 0
    endloop
  endfacet
  facet normal 0 0 1
    outer loop
      vertex 2.147234980943564 -0.8242462839541905 0
      vertex 2.1612930278075893 -0.786646329649038 0
      vertex 2.1612930278075893 0.786646329649038 0
    endloop
  endfacet
  facet normal 0 0 1
    outer loop
      vertex 2.147234980943564 -0.8242462839541905 0
      vertex 2.1612930278075893 0.786646329649038 0
      vertex 2.147234980943564 0.8242462839541905 0
    endloop
  endfacet
  facet normal 0.9366721892483959 0.350207381259472 0
    outer loop
      vertex 2.147234980943564 0.8242462839541905 -3.96875
      vertex 2.147234980943564 0.8242462839541905 0
      vertex 2.1612930278075893 0.786646329649038 -3.96875
    endloop
  endfacet
  facet normal 0 0 -1
    outer loop
      vertex 2.147234980943564 0.8242462839541905 -3.96875
      vertex 2.1612930278075893 0.786646329649038 -3.96875
      vertex 2.1612930278075893 -0.786646329649038 -3.96875
    endloop
  endfacet
  facet normal 0.9366721892483959 0.350207381259472 0
    outer loop
      vertex 2.147234980943564 0.8242462839541905 0
      vertex 2.1612930278075893 0.786646329649038 0
      vertex 2.1612930278075893 0.786646329649038 -3.96875
    endloop
  endfacet
  facet normal 0 0 -1
    outer loop
      vertex 2.1612930278075893 -0.786646329649038 -3.96875
      vertex 2.1612930278075893 0.786646329649038 -3.96875
      vertex 2.1746927238784286 -0.7488067552514603 -3.96875
    endloop
  endfacet
  facet normal 0.9426414910921784 -0.3338068592337708 0
    outer loop
      vertex 2.1612930278075893 -0.786646329649038 -3.96875
      vertex 2.1746927238784286 -0.7488067552514603 -3.96875
      vertex 2.1746927238784286 -0.7488067552514603 0
    endloop
  endfacet
  facet normal 0.9426414910921784 -0.3338068592337708 0
    outer loop
      vertex 2.1612930278075893 -0.786646329649038 -3.96875
      vertex 2.1746927238784286 -0.7488067552514603 0
      vertex 2.1612930278075893 -0.786646329649038 0
    endloop
  endfacet
  facet normal 0 0 1
    outer loop
      vertex 2.1612930278075893 -0.786646329649038 0
      vertex 2.1746927238784286 -0.7488067552514603 0
      vertex 2.1746927238784286 0.7488067552514603 0
    endloop
  endfacet
  facet normal 0 0 1
    outer loop
      vertex 2.1612930278075893 -0.786646329649038 0
      vertex 2.1746927238784286 0.7488067552514603 0
      vertex 2.1612930278075893 0.786646329649038 0
    endloop
  endfacet
  facet normal 0.9426414910921784 0.3338068592337708 0
    outer loop
      vertex 2.1612930278075893 0.786646329649038 -3.96875
      vertex 2.1612930278075893 0.786646329649038 0
      vertex 2.1746927238784286 0.7488067552514603 -3.96875
    endloop
  endfacet
  facet normal 0 0 -1
    outer loop
      vertex 2.1612930278075893 0.786646329649038 -3.96875
      vertex 2.1746927238784286 0.7488067552514603 -3.96875
      vertex 2.1746927238784286 -0.7488067552514603 -3.96875
    endloop
  endfacet
  facet normal 0.9426414910921784 0.3338068592337708 0
    outer loop
      vertex 2.1612930278075893 0.786646329649038 0
      vertex 2.1746927238784286 0.7488067552514603 0
      vertex 2.1746927238784286 0.7488067552514603 -3.96875
    endloop
  endfacet
  facet normal 0 0 -1
    outer loop
      vertex 2.1746927238784286 -0.7488067552514603 -3.96875
      vertex 2.1746927238784286 0.7488067552514603 -3.96875
      vertex 2.1874299874788528 -0.710739087062379 -3.96875
    endloop
  endfacet
  facet normal 0.9483236552062027 -0.3173046564050825 0
    outer loop
      vertex 2.1746927238784286 -0.7488067552514603 -3.96875
      vertex 2.1874299874788528 -0.710739087062379 -3.96875
      vertex 2.1874299874788528 -0.710739087062379 0
    endloop
  endfacet
  facet normal 0.9483236552062027 -0.3173046564050825 0
    outer loop
      vertex 2.1746927238784286 -0.7488067552514603 -3.96875
      vertex 2.1874299874788528 -0.710739087062379 0
      vertex 2.1746927238784286 -0.7488067552514603 0
    endloop
  endfacet
  facet normal 0 0 1
    outer loop
      vertex 2.1746927238784286 -0.7488067552514603 0
      vertex 2.1874299874788528 -0.710739087062379 0
      vertex 2.1874299874788528 0.710739087062379 0
    endloop
  endfacet
  facet normal 0 0 1
    outer loop
      vertex 2.1746927238784286 -0.7488067552514603 0
      vertex 2.1874299874788528 0.710739087062379 0
      vertex 2.1746927238784286 0.7488067552514603 0
    endloop
  endfacet
  facet normal 0.9483236552062027 0.3173046564050825 0
    outer loop
      vertex 2.1746927238784286 0.7488067552514603 -3.96875
      vertex 2.1746927238784286 0.7488067552514603 0
      vertex 2.1874299874788528 0.710739087062379 -3.96875
    endloop
  endfacet
  facet normal 0 0 -1
    outer loop
      vertex 2.1746927238784286 0.7488067552514603 -3.96875
      vertex 2.1874299874788528 0.710739087062379 -3.96875
      vertex 2.1874299874788528 -0.710739087062379 -3.96875
    endloop
  endfacet
  facet normal 0.9483236552062027 0.3173046564050825 0
    outer loop
      vertex 2.1746927238784286 0.7488067552514603 0
      vertex 2.1874299874788528 0.710739087062379 0
      vertex 2.1874299874788528 0.710739087062379 -3.96875
    endloop
  endfacet
  facet normal 0 0 -1
    outer loop
      vertex 2.1874299874788528 -0.710739087062379 -3.96875
      vertex 2.1874299874788528 0.710739087062379 -3.96875
      vertex 2.1995009387149813 -0.6724549208622945 -3.96875
    endloop
  endfacet
  facet normal 0.9537169507482255 -0.30070579950427795 0
    outer loop
      vertex 2.1874299874788528 -0.710739087062379 -3.96875
      vertex 2.1995009387149813 -0.6724549208622945 -3.96875
      vertex 2.1995009387149813 -0.6724549208622945 0
    endloop
  endfacet
  facet normal 0.9537169507482255 -0.30070579950427795 0
    outer loop
      vertex 2.1874299874788528 -0.710739087062379 -3.96875
      vertex 2.1995009387149813 -0.6724549208622945 0
      vertex 2.1874299874788528 -0.710739087062379 0
    endloop
  endfacet
  facet normal 0 0 1
    outer loop
      vertex 2.1874299874788528 -0.710739087062379 0
      vertex 2.1995009387149813 -0.6724549208622945 0
      vertex 2.1995009387149813 0.6724549208622945 0
    endloop
  endfacet
  facet normal 0 0 1
    outer loop
      vertex 2.1874299874788528 -0.710739087062379 0
      vertex 2.1995009387149813 0.6724549208622945 0
      vertex 2.1874299874788528 0.710739087062379 0
    endloop
  endfacet
  facet normal 0.9537169507482255 0.30070579950427795 0
    outer loop
      vertex 2.1874299874788528 0.710739087062379 -3.96875
      vertex 2.1874299874788528 0.710739087062379 0
      vertex 2.1995009387149813 0.6724549208622945 -3.96875
    endloop
  endfacet
  facet normal 0 0 -1
    outer loop
      vertex 2.1874299874788528 0.710739087062379 -3.96875
      vertex 2.1995009387149813 0.6724549208622945 -3.96875
      vertex 2.1995009387149813 -0.6724549208622945 -3.96875
    endloop
  endfacet
  facet normal 0.9537169507482255 0.30070579950427795 0
    outer loop
      vertex 2.1874299874788528 0.710739087062379 0
      vertex 2.1995009387149813 0.6724549208622945 0
      vertex 2.1995009387149813 0.6724549208622945 -3.96875
    endloop
  endfacet
  facet normal 0 0 -1
    outer loop
      vertex 2.1995009387149813 -0.6724549208622945 -3.96875
      vertex 2.1995009387149813 0.6724549208622945 -3.96875
      vertex 2.210901900658133 -0.633965918379098 -3.96875
    endloop
  endfacet
  facet normal 0.9588197348681926 -0.28401534470392364 0
    outer loop
      vertex 2.1995009387149813 -0.6724549208622945 -3.96875
      vertex 2.210901900658133 -0.633965918379098 -3.96875
      vertex 2.210901900658133 -0.633965918379098 0
    endloop
  endfacet
  facet normal 0.9588197348681926 -0.28401534470392364 0
    outer loop
      vertex 2.1995009387149813 -0.6724549208622945 -3.96875
      vertex 2.210901900658133 -0.633965918379098 0
      vertex 2.1995009387149813 -0.6724549208622945 0
    endloop
  endfacet
  facet normal 0 0 1
    outer loop
      vertex 2.1995009387149813 -0.6724549208622945 0
      vertex 2.210901900658133 -0.633965918379098 0
      vertex 2.210901900658133 0.633965918379098 0
    endloop
  endfacet
  facet normal 0 0 1
    outer loop
      vertex 2.1995009387149813 -0.6724549208622945 0
      vertex 2.210901900658133 0.633965918379098 0
      vertex 2.1995009387149813 0.6724549208622945 0
    endloop
  endfacet
  facet normal 0.9588197348681926 0.28401534470392364 0
    outer loop
      vertex 2.1995009387149813 0.6724549208622945 -3.96875
      vertex 2.1995009387149813 0.6724549208622945 0
      vertex 2.210901900658133 0.633965918379098 -3.96875
    endloop
  endfacet
  facet normal 0 0 -1
    outer loop
      vertex 2.1995009387149813 0.6724549208622945 -3.96875
      vertex 2.210901900658133 0.633965918379098 -3.96875
      vertex 2.210901900658133 -0.633965918379098 -3.96875
    endloop
  endfacet
  facet normal 0.9588197348681926 0.28401534470392364 0
    outer loop
      vertex 2.1995009387149813 0.6724549208622945 0
      vertex 2.210901900658133 0.633965918379098 0
      vertex 2.210901900658133 0.633965918379098 -3.96875
    endloop
  endfacet
  facet normal 0 0 -1
    outer loop
      vertex 2.210901900658133 -0.633965918379098 -3.96875
      vertex 2.210901900658133 0.633965918379098 -3.96875
      vertex 2.221629400464857 -0.5952838037357977 -3.96875
    endloop
  endfacet
  facet normal 0.9636304532086226 -0.26723837607825834 0
    outer loop
      vertex 2.210901900658133 -0.633965918379098 -3.96875
      vertex 2.221629400464857 -0.5952838037357977 -3.96875
      vertex 2.221629400464857 -0.5952838037357977 0
    endloop
  endfacet
  facet normal 0.9636304532086226 -0.26723837607825834 0
    outer loop
      vertex 2.210901900658133 -0.633965918379098 -3.96875
      vertex 2.221629400464857 -0.5952838037357977 0
      vertex 2.210901900658133 -0.633965918379098 0
    endloop
  endfacet
  facet normal 0 0 1
    outer loop
      vertex 2.210901900658133 -0.633965918379098 0
      vertex 2.221629400464857 -0.5952838037357977 0
      vertex 2.221629400464857 0.5952838037357977 0
    endloop
  endfacet
  facet normal 0 0 1
    outer loop
      vertex 2.210901900658133 -0.633965918379098 0
      vertex 2.221629400464857 0.5952838037357977 0
      vertex 2.210901900658133 0.633965918379098 0
    endloop
  endfacet
  facet normal 0.9636304532086226 0.26723837607825834 0
    outer loop
      vertex 2.210901900658133 0.633965918379098 -3.96875
      vertex 2.210901900658133 0.633965918379098 0
      vertex 2.221629400464857 0.5952838037357977 -3.96875
    endloop
  endfacet
  facet normal 0 0 -1
    outer loop
      vertex 2.210901900658133 0.633965918379098 -3.96875
      vertex 2.221629400464857 0.5952838037357977 -3.96875
      vertex 2.221629400464857 -0.5952838037357977 -3.96875
    endloop
  endfacet
  facet normal 0.9636304532086226 0.26723837607825834 0
    outer loop
      vertex 2.210901900658133 0.633965918379098 0
      vertex 2.221629400464857 0.5952838037357977 0
      vertex 2.221629400464857 0.5952838037357977 -3.96875
    endloop
  endfacet
  facet normal 0 0 -1
    outer loop
      vertex 2.221629400464857 -0.5952838037357977 -3.96875
      vertex 2.221629400464857 0.5952838037357977 -3.96875
      vertex 2.2316801704347915 -0.5564203598792358 -3.96875
    endloop
  endfacet
  facet normal 0.9681476403781091 -0.25038000405443633 0
    outer loop
      vertex 2.221629400464857 -0.5952838037357977 -3.96875
      vertex 2.2316801704347915 -0.5564203598792358 -3.96875
      vertex 2.2316801704347915 -0.5564203598792358 0
    endloop
  endfacet
  facet normal 0.9681476403781091 -0.25038000405443633 0
    outer loop
      vertex 2.221629400464857 -0.5952838037357977 -3.96875
      vertex 2.2316801704347915 -0.5564203598792358 0
      vertex 2.221629400464857 -0.5952838037357977 0
    endloop
  endfacet
  facet normal 0 0 1
    outer loop
      vertex 2.221629400464857 -0.5952838037357977 0
      vertex 2.2316801704347915 -0.5564203598792358 0
      vertex 2.2316801704347915 0.5564203598792358 0
    endloop
  endfacet
  facet normal 0 0 1
    outer loop
      vertex 2.221629400464857 -0.5952838037357977 0
      vertex 2.2316801704347915 0.5564203598792358 0
      vertex 2.221629400464857 0.5952838037357977 0
    endloop
  endfacet
  facet normal 0.9681476403781091 0.25038000405443633 0
    outer loop
      vertex 2.221629400464857 0.5952838037357977 -3.96875
      vertex 2.221629400464857 0.5952838037357977 0
      vertex 2.2316801704347915 0.5564203598792358 -3.96875
    endloop
  endfacet
  facet normal 0 0 -1
    outer loop
      vertex 2.221629400464857 0.5952838037357977 -3.96875
      vertex 2.2316801704347915 0.5564203598792358 -3.96875
      vertex 2.2316801704347915 -0.5564203598792358 -3.96875
    endloop
  endfacet
  facet normal 0.9681476403781091 0.25038000405443633 0
    outer loop
      vertex 2.221629400464857 0.5952838037357977 0
      vertex 2.2316801704347915 0.5564203598792358 0
      vertex 2.2316801704347915 0.5564203598792358 -3.96875
    endloop
  endfacet
  facet normal 0 0 -1
    outer loop
      vertex 2.2316801704347915 -0.5564203598792358 -3.96875
      vertex 2.2316801704347915 0.5564203598792358 -3.96875
      vertex 2.241051149006041 -0.5173874249908895 -3.96875
    endloop
  endfacet
  facet normal 0.9723699203976748 -0.23344536385591322 0
    outer loop
      vertex 2.2316801704347915 -0.5564203598792358 -3.96875
      vertex 2.241051149006041 -0.5173874249908895 -3.96875
      vertex 2.241051149006041 -0.5173874249908895 0
    endloop
  endfacet
  facet normal 0.9723699203976748 -0.23344536385591322 0
    outer loop
      vertex 2.2316801704347915 -0.5564203598792358 -3.96875
      vertex 2.241051149006041 -0.5173874249908895 0
      vertex 2.2316801704347915 -0.5564203598792358 0
    endloop
  endfacet
  facet normal 0 0 1
    outer loop
      vertex 2.2316801704347915 -0.5564203598792358 0
      vertex 2.241051149006041 -0.5173874249908895 0
      vertex 2.241051149006041 0.5173874249908895 0
    endloop
  endfacet
  facet normal 0 0 1
    outer loop
      vertex 2.2316801704347915 -0.5564203598792358 0
      vertex 2.241051149006041 0.5173874249908895 0
      vertex 2.2316801704347915 0.5564203598792358 0
    endloop
  endfacet
  facet normal 0.9723699203976748 0.23344536385591322 0
    outer loop
      vertex 2.2316801704347915 0.5564203598792358 -3.96875
      vertex 2.2316801704347915 0.5564203598792358 0
      vertex 2.241051149006041 0.5173874249908895 -3.96875
    endloop
  endfacet
  facet normal 0 0 -1
    outer loop
      vertex 2.2316801704347915 0.5564203598792358 -3.96875
      vertex 2.241051149006041 0.5173874249908895 -3.96875
      vertex 2.241051149006041 -0.5173874249908895 -3.96875
    endloop
  endfacet
  facet normal 0.9723699203976748 0.23344536385591322 0
    outer loop
      vertex 2.2316801704347915 0.5564203598792358 0
      vertex 2.241051149006041 0.5173874249908895 0
      vertex 2.241051149006041 0.5173874249908895 -3.96875
    endloop
  endfacet
  facet normal 0 0 -1
    outer loop
      vertex 2.241051149006041 -0.5173874249908895 -3.96875
      vertex 2.241051149006041 0.5173874249908895 -3.96875
      vertex 2.2497394816877527 -0.47819688888084644 -3.96875
    endloop
  endfacet
  facet normal 0.9762960071199344 -0.2164396139380983 0
    outer loop
      vertex 2.241051149006041 -0.5173874249908895 -3.96875
      vertex 2.2497394816877527 -0.47819688888084644 -3.96875
      vertex 2.2497394816877527 -0.47819688888084644 0
    endloop
  endfacet
  facet normal 0.9762960071199344 -0.2164396139380983 0
    outer loop
      vertex 2.241051149006041 -0.5173874249908895 -3.96875
      vertex 2.2497394816877527 -0.47819688888084644 0
      vertex 2.241051149006041 -0.5173874249908895 0
    endloop
  endfacet
  facet normal 0 0 1
    outer loop
      vertex 2.241051149006041 -0.5173874249908895 0
      vertex 2.2497394816877527 -0.47819688888084644 0
      vertex 2.2497394816877527 0.47819688888084644 0
    endloop
  endfacet
  facet normal 0 0 1
    outer loop
      vertex 2.241051149006041 -0.5173874249908895 0
      vertex 2.2497394816877527 0.47819688888084644 0
      vertex 2.241051149006041 0.5173874249908895 0
    endloop
  endfacet
  facet normal 0.9762960071199344 0.2164396139380983 0
    outer loop
      vertex 2.241051149006041 0.5173874249908895 -3.96875
      vertex 2.241051149006041 0.5173874249908895 0
      vertex 2.2497394816877527 0.47819688888084644 -3.96875
    endloop
  endfacet
  facet normal 0 0 -1
    outer loop
      vertex 2.241051149006041 0.5173874249908895 -3.96875
      vertex 2.2497394816877527 0.47819688888084644 -3.96875
      vertex 2.2497394816877527 -0.47819688888084644 -3.96875
    endloop
  endfacet
  facet normal 0.9762960071199344 0.2164396139380983 0
    outer loop
      vertex 2.241051149006041 0.5173874249908895 0
      vertex 2.2497394816877527 0.47819688888084644 0
      vertex 2.2497394816877527 0.47819688888084644 -3.96875
    endloop
  endfacet
  facet normal 0 0 -1
    outer loop
      vertex 2.2497394816877527 -0.47819688888084644 -3.96875
      vertex 2.2497394816877527 0.47819688888084644 -3.96875
      vertex 2.257742521929627 -0.438860689366053 -3.96875
    endloop
  endfacet
  facet normal 0.9799247046208289 -0.1993679344172002 0
    outer loop
      vertex 2.2497394816877527 -0.47819688888084644 -3.96875
      vertex 2.257742521929627 -0.438860689366053 -3.96875
      vertex 2.257742521929627 -0.438860689366053 0
    endloop
  endfacet
  facet normal 0.9799247046208289 -0.1993679344172002 0
    outer loop
      vertex 2.2497394816877527 -0.47819688888084644 -3.96875
      vertex 2.257742521929627 -0.438860689366053 0
      vertex 2.2497394816877527 -0.47819688888084644 0
    endloop
  endfacet
  facet normal 0 0 1
    outer loop
      vertex 2.2497394816877527 -0.47819688888084644 0
      vertex 2.257742521929627 -0.438860689366053 0
      vertex 2.257742521929627 0.438860689366053 0
    endloop
  endfacet
  facet normal 0 0 1
    outer loop
      vertex 2.2497394816877527 -0.47819688888084644 0
      vertex 2.257742521929627 0.438860689366053 0
      vertex 2.2497394816877527 0.47819688888084644 0
    endloop
  endfacet
  facet normal 0.9799247046208289 0.1993679344172002 0
    outer loop
      vertex 2.2497394816877527 0.47819688888084644 -3.96875
      vertex 2.2497394816877527 0.47819688888084644 0
      vertex 2.257742521929627 0.438860689366053 -3.96875
    endloop
  endfacet
  facet normal 0 0 -1
    outer loop
      vertex 2.2497394816877527 0.47819688888084644 -3.96875
      vertex 2.257742521929627 0.438860689366053 -3.96875
      vertex 2.257742521929627 -0.438860689366053 -3.96875
    endloop
  endfacet
  facet normal 0.9799247046208289 0.1993679344172002 0
    outer loop
      vertex 2.2497394816877527 0.47819688888084644 0
      vertex 2.257742521929627 0.438860689366053 0
      vertex 2.257742521929627 0.438860689366053 -3.96875
    endloop
  endfacet
  facet normal 0 0 -1
    outer loop
      vertex 2.257742521929627 -0.438860689366053 -3.96875
      vertex 2.257742521929627 0.438860689366053 -3.96875
      vertex 2.265057831928078 -0.3993908086339397 -3.96875
    endloop
  endfacet
  facet normal 0.9832549075639562 -0.18223552549213895 0
    outer loop
      vertex 2.257742521929627 -0.438860689366053 -3.96875
      vertex 2.265057831928078 -0.3993908086339397 -3.96875
      vertex 2.265057831928078 -0.3993908086339397 0
    endloop
  endfacet
  facet normal 0.9832549075639562 -0.18223552549213895 0
    outer loop
      vertex 2.257742521929627 -0.438860689366053 -3.96875
      vertex 2.265057831928078 -0.3993908086339397 0
      vertex 2.257742521929627 -0.438860689366053 0
    endloop
  endfacet
  facet normal 0 0 1
    outer loop
      vertex 2.257742521929627 -0.438860689366053 0
      vertex 2.265057831928078 -0.3993908086339397 0
      vertex 2.265057831928078 0.3993908086339397 0
    endloop
  endfacet
  facet normal 0 0 1
    outer loop
      vertex 2.257742521929627 -0.438860689366053 0
      vertex 2.265057831928078 0.3993908086339397 0
      vertex 2.257742521929627 0.438860689366053 0
    endloop
  endfacet
  facet normal 0.9832549075639562 0.18223552549213895 0
    outer loop
      vertex 2.257742521929627 0.438860689366053 -3.96875
      vertex 2.257742521929627 0.438860689366053 0
      vertex 2.265057831928078 0.3993908086339397 -3.96875
    endloop
  endfacet
  facet normal 0 0 -1
    outer loop
      vertex 2.257742521929627 0.438860689366053 -3.96875
      vertex 2.265057831928078 0.3993908086339397 -3.96875
      vertex 2.265057831928078 -0.3993908086339397 -3.96875
    endloop
  endfacet
  facet normal 0.9832549075639562 0.18223552549213895 0
    outer loop
      vertex 2.257742521929627 0.438860689366053 0
      vertex 2.265057831928078 0.3993908086339397 0
      vertex 2.265057831928078 0.3993908086339397 -3.96875
    endloop
  endfacet
  facet normal 0 0 -1
    outer loop
      vertex 2.265057831928078 -0.3993908086339397 -3.96875
      vertex 2.265057831928078 0.3993908086339397 -3.96875
      vertex 2.271683183368817 -0.35979926959253095 -3.96875
    endloop
  endfacet
  facet normal 0.9862856015372289 -0.16504760586069234 0
    outer loop
      vertex 2.265057831928078 -0.3993908086339397 -3.96875
      vertex 2.271683183368817 -0.35979926959253095 -3.96875
      vertex 2.271683183368817 -0.35979926959253095 0
    endloop
  endfacet
  facet normal 0.9862856015372289 -0.16504760586069234 0
    outer loop
      vertex 2.265057831928078 -0.3993908086339397 -3.96875
      vertex 2.271683183368817 -0.35979926959253095 0
      vertex 2.265057831928078 -0.3993908086339397 0
    endloop
  endfacet
  facet normal 0 0 1
    outer loop
      vertex 2.265057831928078 -0.3993908086339397 0
      vertex 2.271683183368817 -0.35979926959253095 0
      vertex 2.271683183368817 0.35979926959253095 0
    endloop
  endfacet
  facet normal 0 0 1
    outer loop
      vertex 2.265057831928078 -0.3993908086339397 0
      vertex 2.271683183368817 0.35979926959253095 0
      vertex 2.265057831928078 0.3993908086339397 0
    endloop
  endfacet
  facet normal 0.9862856015372289 0.16504760586069234 0
    outer loop
      vertex 2.265057831928078 0.3993908086339397 -3.96875
      vertex 2.265057831928078 0.3993908086339397 0
      vertex 2.271683183368817 0.35979926959253095 -3.96875
    endloop
  endfacet
  facet normal 0 0 -1
    outer loop
      vertex 2.265057831928078 0.3993908086339397 -3.96875
      vertex 2.271683183368817 0.35979926959253095 -3.96875
      vertex 2.271683183368817 -0.35979926959253095 -3.96875
    endloop
  endfacet
  facet normal 0.9862856015372289 0.16504760586069234 0
    outer loop
      vertex 2.265057831928078 0.3993908086339397 0
      vertex 2.271683183368817 0.35979926959253095 0
      vertex 2.271683183368817 0.35979926959253095 -3.96875
    endloop
  endfacet
  facet normal 0 0 -1
    outer loop
      vertex 2.271683183368817 -0.35979926959253095 -3.96875
      vertex 2.271683183368817 0.35979926959253095 -3.96875
      vertex 2.2776165581056116 -0.3200981322081505 -3.96875
    endloop
  endfacet
  facet normal 0.9890158633619179 -0.14780941112960377 0
    outer loop
      vertex 2.271683183368817 -0.35979926959253095 -3.96875
      vertex 2.2776165581056116 -0.3200981322081505 -3.96875
      vertex 2.2776165581056116 -0.3200981322081505 0
    endloop
  endfacet
  facet normal 0.9890158633619179 -0.14780941112960377 0
    outer loop
      vertex 2.271683183368817 -0.35979926959253095 -3.96875
      vertex 2.2776165581056116 -0.3200981322081505 0
      vertex 2.271683183368817 -0.35979926959253095 0
    endloop
  endfacet
  facet normal 0 0 1
    outer loop
      vertex 2.271683183368817 -0.35979926959253095 0
      vertex 2.2776165581056116 -0.3200981322081505 0
      vertex 2.2776165581056116 0.3200981322081505 0
    endloop
  endfacet
  facet normal 0 0 1
    outer loop
      vertex 2.271683183368817 -0.35979926959253095 0
      vertex 2.2776165581056116 0.3200981322081505 0
      vertex 2.271683183368817 0.35979926959253095 0
    endloop
  endfacet
  facet normal 0.9890158633619179 0.14780941112960377 0
    outer loop
      vertex 2.271683183368817 0.35979926959253095 -3.96875
      vertex 2.271683183368817 0.35979926959253095 0
      vertex 2.2776165581056116 0.3200981322081505 -3.96875
    endloop
  endfacet
  facet normal 0 0 -1
    outer loop
      vertex 2.271683183368817 0.35979926959253095 -3.96875
      vertex 2.2776165581056116 0.3200981322081505 -3.96875
      vertex 2.2776165581056116 -0.3200981322081505 -3.96875
    endloop
  endfacet
  facet normal 0.9890158633619179 0.14780941112960377 0
    outer loop
      vertex 2.271683183368817 0.35979926959253095 0
      vertex 2.2776165581056116 0.3200981322081505 0
      vertex 2.2776165581056116 0.3200981322081505 -3.96875
    endloop
  endfacet
  facet normal 0 0 -1
    outer loop
      vertex 2.2776165581056116 -0.3200981322081505 -3.96875
      vertex 2.2776165581056116 0.3200981322081505 -3.96875
      vertex 2.2828561487750405 -0.28029948983183917 -3.96875
    endloop
  endfacet
  facet normal 0.9914448613738105 -0.13052619222005066 0
    outer loop
      vertex 2.2776165581056116 -0.3200981322081505 -3.96875
      vertex 2.2828561487750405 -0.28029948983183917 -3.96875
      vertex 2.2828561487750405 -0.28029948983183917 0
    endloop
  endfacet
  facet normal 0.9914448613738105 -0.13052619222005066 0
    outer loop
      vertex 2.2776165581056116 -0.3200981322081505 -3.96875
      vertex 2.2828561487750405 -0.28029948983183917 0
      vertex 2.2776165581056116 -0.3200981322081505 0
    endloop
  endfacet
  facet normal 0 0 1
    outer loop
      vertex 2.2776165581056116 -0.3200981322081505 0
      vertex 2.2828561487750405 -0.28029948983183917 0
      vertex 2.2828561487750405 0.28029948983183917 0
    endloop
  endfacet
  facet normal 0 0 1
    outer loop
      vertex 2.2776165581056116 -0.3200981322081505 0
      vertex 2.2828561487750405 0.28029948983183917 0
      vertex 2.2776165581056116 0.3200981322081505 0
    endloop
  endfacet
  facet normal 0.9914448613738105 0.13052619222005066 0
    outer loop
      vertex 2.2776165581056116 0.3200981322081505 -3.96875
      vertex 2.2776165581056116 0.3200981322081505 0
      vertex 2.2828561487750405 0.28029948983183917 -3.96875
    endloop
  endfacet
  facet normal 0 0 -1
    outer loop
      vertex 2.2776165581056116 0.3200981322081505 -3.96875
      vertex 2.2828561487750405 0.28029948983183917 -3.96875
      vertex 2.2828561487750405 -0.28029948983183917 -3.96875
    endloop
  endfacet
  facet normal 0.9914448613738105 0.13052619222005066 0
    outer loop
      vertex 2.2776165581056116 0.3200981322081505 0
      vertex 2.2828561487750405 0.28029948983183917 0
      vertex 2.2828561487750405 0.28029948983183917 -3.96875
    endloop
  endfacet
  facet normal 0 0 -1
    outer loop
      vertex 2.2828561487750405 -0.28029948983183917 -3.96875
      vertex 2.2828561487750405 0.28029948983183917 -3.96875
      vertex 2.2874003593470285 -0.24041546551560297 -3.96875
    endloop
  endfacet
  facet normal 0.9935718556765876 -0.1132032137679057 0
    outer loop
      vertex 2.2828561487750405 -0.28029948983183917 -3.96875
      vertex 2.2874003593470285 -0.24041546551560297 -3.96875
      vertex 2.2874003593470285 -0.24041546551560297 0
    endloop
  endfacet
  facet normal 0.9935718556765876 -0.1132032137679057 0
    outer loop
      vertex 2.2828561487750405 -0.28029948983183917 -3.96875
      vertex 2.2874003593470285 -0.24041546551560297 0
      vertex 2.2828561487750405 -0.28029948983183917 0
    endloop
  endfacet
  facet normal 0 0 1
    outer loop
      vertex 2.2828561487750405 -0.28029948983183917 0
      vertex 2.2874003593470285 -0.24041546551560297 0
      vertex 2.2874003593470285 0.24041546551560297 0
    endloop
  endfacet
  facet normal 0 0 1
    outer loop
      vertex 2.2828561487750405 -0.28029948983183917 0
      vertex 2.2874003593470285 0.24041546551560297 0
      vertex 2.2828561487750405 0.28029948983183917 0
    endloop
  endfacet
  facet normal 0.9935718556765876 0.1132032137679057 0
    outer loop
      vertex 2.2828561487750405 0.28029948983183917 -3.96875
      vertex 2.2828561487750405 0.28029948983183917 0
      vertex 2.2874003593470285 0.24041546551560297 -3.96875
    endloop
  endfacet
  facet normal 0 0 -1
    outer loop
      vertex 2.2828561487750405 0.28029948983183917 -3.96875
      vertex 2.2874003593470285 0.24041546551560297 -3.96875
      vertex 2.2874003593470285 -0.24041546551560297 -3.96875
    endloop
  endfacet
  facet normal 0.9935718556765876 0.1132032137679057 0
    outer loop
      vertex 2.2828561487750405 0.28029948983183917 0
      vertex 2.2874003593470285 0.24041546551560297 0
      vertex 2.2874003593470285 0.24041546551560297 -3.96875
    endloop
  endfacet
  facet normal 0 0 -1
    outer loop
      vertex 2.2874003593470285 -0.24041546551560297 -3.96875
      vertex 2.2874003593470285 0.24041546551560297 -3.96875
      vertex 2.2912478056110146 -0.20045820831961378 -3.96875
    endloop
  endfacet
  facet normal 0.9953961983671785 -0.09584575252022627 0
    outer loop
      vertex 2.2874003593470285 -0.24041546551560297 -3.96875
      vertex 2.2912478056110146 -0.20045820831961378 -3.96875
      vertex 2.2912478056110146 -0.20045820831961378 0
    endloop
  endfacet
  facet normal 0.9953961983671785 -0.09584575252022627 0
    outer loop
      vertex 2.2874003593470285 -0.24041546551560297 -3.96875
      vertex 2.2912478056110146 -0.20045820831961378 0
      vertex 2.2874003593470285 -0.24041546551560297 0
    endloop
  endfacet
  facet normal 0 0 1
    outer loop
      vertex 2.2874003593470285 -0.24041546551560297 0
      vertex 2.2912478056110146 -0.20045820831961378 0
      vertex 2.2912478056110146 0.20045820831961378 0
    endloop
  endfacet
  facet normal 0 0 1
    outer loop
      vertex 2.2874003593470285 -0.24041546551560297 0
      vertex 2.2912478056110146 0.20045820831961378 0
      vertex 2.2874003593470285 0.24041546551560297 0
    endloop
  endfacet
  facet normal 0.9953961983671785 0.09584575252022627 0
    outer loop
      vertex 2.2874003593470285 0.24041546551560297 -3.96875
      vertex 2.2874003593470285 0.24041546551560297 0
      vertex 2.2912478056110146 0.20045820831961378 -3.96875
    endloop
  endfacet
  facet normal 0 0 -1
    outer loop
      vertex 2.2874003593470285 0.24041546551560297 -3.96875
      vertex 2.2912478056110146 0.20045820831961378 -3.96875
      vertex 2.2912478056110146 -0.20045820831961378 -3.96875
    endloop
  endfacet
  facet normal 0.9953961983671785 0.09584575252022627 0
    outer loop
      vertex 2.2874003593470285 0.24041546551560297 0
      vertex 2.2912478056110146 0.20045820831961378 0
      vertex 2.2912478056110146 0.20045820831961378 -3.96875
    endloop
  endfacet
  facet normal 0 0 -1
    outer loop
      vertex 2.2912478056110146 -0.20045820831961378 -3.96875
      vertex 2.2912478056110146 0.20045820831961378 -3.96875
      vertex 2.2943973155975956 -0.1604398896114882 -3.96875
    endloop
  endfacet
  facet normal 0.996917333733128 -0.07845909572784471 0
    outer loop
      vertex 2.2912478056110146 -0.20045820831961378 -3.96875
      vertex 2.2943973155975956 -0.1604398896114882 -3.96875
      vertex 2.2943973155975956 -0.1604398896114882 0
    endloop
  endfacet
  facet normal 0.996917333733128 -0.07845909572784471 0
    outer loop
      vertex 2.2912478056110146 -0.20045820831961378 -3.96875
      vertex 2.2943973155975956 -0.1604398896114882 0
      vertex 2.2912478056110146 -0.20045820831961378 0
    endloop
  endfacet
  facet normal 0 0 1
    outer loop
      vertex 2.2912478056110146 -0.20045820831961378 0
      vertex 2.2943973155975956 -0.1604398896114882 0
      vertex 2.2943973155975956 0.1604398896114882 0
    endloop
  endfacet
  facet normal 0 0 1
    outer loop
      vertex 2.2912478056110146 -0.20045820831961378 0
      vertex 2.2943973155975956 0.1604398896114882 0
      vertex 2.2912478056110146 0.20045820831961378 0
    endloop
  endfacet
  facet normal 0.996917333733128 0.07845909572784471 0
    outer loop
      vertex 2.2912478056110146 0.20045820831961378 -3.96875
      vertex 2.2912478056110146 0.20045820831961378 0
      vertex 2.2943973155975956 0.1604398896114882 -3.96875
    endloop
  endfacet
  facet normal 0 0 -1
    outer loop
      vertex 2.2912478056110146 0.20045820831961378 -3.96875
      vertex 2.2943973155975956 0.1604398896114882 -3.96875
      vertex 2.2943973155975956 -0.1604398896114882 -3.96875
    endloop
  endfacet
  facet normal 0.996917333733128 0.07845909572784471 0
    outer loop
      vertex 2.2912478056110146 0.20045820831961378 0
      vertex 2.2943973155975956 0.1604398896114882 0
      vertex 2.2943973155975956 0.1604398896114882 -3.96875
    endloop
  endfacet
  facet normal 0 0 -1
    outer loop
      vertex 2.2943973155975956 -0.1604398896114882 -3.96875
      vertex 2.2943973155975956 0.1604398896114882 -3.96875
      vertex 2.29684792993552 -0.1203726993587708 -3.96875
    endloop
  endfacet
  facet normal 0.9981347984218669 -0.06104853953485711 0
    outer loop
      vertex 2.2943973155975956 -0.1604398896114882 -3.96875
      vertex 2.29684792993552 -0.1203726993587708 -3.96875
      vertex 2.29684792993552 -0.1203726993587708 0
    endloop
  endfacet
  facet normal 0.9981347984218669 -0.06104853953485711 0
    outer loop
      vertex 2.2943973155975956 -0.1604398896114882 -3.96875
      vertex 2.29684792993552 -0.1203726993587708 0
      vertex 2.2943973155975956 -0.1604398896114882 0
    endloop
  endfacet
  facet normal 0 0 1
    outer loop
      vertex 2.2943973155975956 -0.1604398896114882 0
      vertex 2.29684792993552 -0.1203726993587708 0
      vertex 2.29684792993552 0.1203726993587708 0
    endloop
  endfacet
  facet normal 0 0 1
    outer loop
      vertex 2.2943973155975956 -0.1604398896114882 0
      vertex 2.29684792993552 0.1203726993587708 0
      vertex 2.2943973155975956 0.1604398896114882 0
    endloop
  endfacet
  facet normal 0.9981347984218669 0.06104853953485711 0
    outer loop
      vertex 2.2943973155975956 0.1604398896114882 -3.96875
      vertex 2.2943973155975956 0.1604398896114882 0
      vertex 2.29684792993552 0.1203726993587708 -3.96875
    endloop
  endfacet
  facet normal 0 0 -1
    outer loop
      vertex 2.2943973155975956 0.1604398896114882 -3.96875
      vertex 2.29684792993552 0.1203726993587708 -3.96875
      vertex 2.29684792993552 -0.1203726993587708 -3.96875
    endloop
  endfacet
  facet normal 0.9981347984218669 0.06104853953485711 0
    outer loop
      vertex 2.2943973155975956 0.1604398896114882 0
      vertex 2.29684792993552 0.1203726993587708 0
      vertex 2.29684792993552 0.1203726993587708 -3.96875
    endloop
  endfacet
  facet normal 0 0 -1
    outer loop
      vertex 2.29684792993552 -0.1203726993587708 -3.96875
      vertex 2.29684792993552 0.1203726993587708 -3.96875
      vertex 2.29859890214392 -0.08026884241575222 -3.96875
    endloop
  endfacet
  facet normal 0.9990482215818576 -0.04361938736533849 0
    outer loop
      vertex 2.29684792993552 -0.1203726993587708 -3.96875
      vertex 2.29859890214392 -0.08026884241575222 -3.96875
      vertex 2.29859890214392 -0.08026884241575222 0
    endloop
  endfacet
  facet normal 0.9990482215818576 -0.04361938736533849 0
    outer loop
      vertex 2.29684792993552 -0.1203726993587708 -3.96875
      vertex 2.29859890214392 -0.08026884241575222 0
      vertex 2.29684792993552 -0.1203726993587708 0
    endloop
  endfacet
  facet normal 0 0 1
    outer loop
      vertex 2.29684792993552 -0.1203726993587708 0
      vertex 2.29859890214392 -0.08026884241575222 0
      vertex 2.29859890214392 0.08026884241575222 0
    endloop
  endfacet
  facet normal 0 0 1
    outer loop
      vertex 2.29684792993552 -0.1203726993587708 0
      vertex 2.29859890214392 0.08026884241575222 0
      vertex 2.29684792993552 0.1203726993587708 0
    endloop
  endfacet
  facet normal 0.9990482215818576 0.04361938736533849 0
    outer loop
      vertex 2.29684792993552 0.1203726993587708 -3.96875
      vertex 2.29684792993552 0.1203726993587708 0
      vertex 2.29859890214392 0.08026884241575222 -3.96875
    endloop
  endfacet
  facet normal 0 0 -1
    outer loop
      vertex 2.29684792993552 0.1203726993587708 -3.96875
      vertex 2.29859890214392 0.08026884241575222 -3.96875
      vertex 2.29859890214392 -0.08026884241575222 -3.96875
    endloop
  endfacet
  facet normal 0.9990482215818576 0.04361938736533849 0
    outer loop
      vertex 2.29684792993552 0.1203726993587708 0
      vertex 2.29859890214392 0.08026884241575222 0
      vertex 2.29859890214392 0.08026884241575222 -3.96875
    endloop
  endfacet
  facet normal 0 0 -1
    outer loop
      vertex 2.29859890214392 -0.08026884241575222 -3.96875
      vertex 2.29859890214392 0.08026884241575222 -3.96875
      vertex 2.2996496988597 -0.040140534805752075 -3.96875
    endloop
  endfacet
  facet normal 0.9996573249755573 -0.026176948307876105 0
    outer loop
      vertex 2.29859890214392 -0.08026884241575222 -3.96875
      vertex 2.2996496988597 -0.040140534805752075 -3.96875
      vertex 2.2996496988597 -0.040140534805752075 0
    endloop
  endfacet
  facet normal 0.9996573249755573 -0.026176948307876105 0
    outer loop
      vertex 2.29859890214392 -0.08026884241575222 -3.96875
      vertex 2.2996496988597 -0.040140534805752075 0
      vertex 2.29859890214392 -0.08026884241575222 0
    endloop
  endfacet
  facet normal 0 0 1
    outer loop
      vertex 2.29859890214392 -0.08026884241575222 0
      vertex 2.2996496988597 -0.040140534805752075 0
      vertex 2.2996496988597 0.040140534805752075 0
    endloop
  endfacet
  facet normal 0 0 1
    outer loop
      vertex 2.29859890214392 -0.08026884241575222 0
      vertex 2.2996496988597 0.040140534805752075 0
      vertex 2.29859890214392 0.08026884241575222 0
    endloop
  endfacet
  facet normal 0.9996573249755573 0.026176948307876105 0
    outer loop
      vertex 2.29859890214392 0.08026884241575222 -3.96875
      vertex 2.29859890214392 0.08026884241575222 0
      vertex 2.2996496988597 0.040140534805752075 -3.96875
    endloop
  endfacet
  facet normal 0 0 -1
    outer loop
      vertex 2.29859890214392 0.08026884241575222 -3.96875
      vertex 2.2996496988597 0.040140534805752075 -3.96875
      vertex 2.2996496988597 -0.040140534805752075 -3.96875
    endloop
  endfacet
  facet normal 0.9996573249755573 0.026176948307876105 0
    outer loop
      vertex 2.29859890214392 0.08026884241575222 0
      vertex 2.2996496988597 0.040140534805752075 0
      vertex 2.2996496988597 0.040140534805752075 -3.96875
    endloop
  endfacet
  facet normal 0 0 -1
    outer loop
      vertex 2.2996496988597 -0.040140534805752075 -3.96875
      vertex 2.2996496988597 0.040140534805752075 -3.96875
      vertex 2.3 0 -3.96875
    endloop
  endfacet
  facet normal 0.9999619230641713 -0.008726535498367214 0
    outer loop
      vertex 2.2996496988597 -0.040140534805752075 -3.96875
      vertex 2.3 0 -3.96875
      vertex 2.3 0 0
    endloop
  endfacet
  facet normal 0.9999619230641713 -0.008726535498367214 0
    outer loop
      vertex 2.2996496988597 -0.040140534805752075 -3.96875
      vertex 2.3 0 0
      vertex 2.2996496988597 -0.040140534805752075 0
    endloop
  endfacet
  facet normal 0 0 1
    outer loop
      vertex 2.2996496988597 -0.040140534805752075 0
      vertex 2.3 0 0
      vertex 2.2996496988597 0.040140534805752075 0
    endloop
  endfacet
  facet normal 0.9999619230641713 0.008726535498367214 0
    outer loop
      vertex 2.2996496988597 0.040140534805752075 -3.96875
      vertex 2.2996496988597 0.040140534805752075 0
      vertex 2.3 0 -3.96875
    endloop
  endfacet
  facet normal 0.9999619230641713 0.008726535498367214 0
    outer loop
      vertex 2.2996496988597 0.040140534805752075 0
      vertex 2.3 0 0
      vertex 2.3 0 -3.96875
    endloop
  endfacet
endsolid OpenSCAD_Model
