solid OpenSCAD_Model
  facet normal -1 0 0
    outer loop
      vertex -140 -10 0.2
      vertex -140 -10 20.2
      vertex -140 40 20.2
    endloop
  endfacet
  facet normal 0 0 -1
    outer loop
      vertex -140 -10 0.2
      vertex -140 40 0.2
      vertex -125.60142682895638 8.186917586687521 0.2
    endloop
  endfacet
  facet normal -1 0 0
    outer loop
      vertex -140 -10 0.2
      vertex -140 40 20.2
      vertex -140 40 0.2
    endloop
  endfacet
  facet normal 0 0 -1
    outer loop
      vertex -140 -10 0.2
      vertex -125.60142682895638 8.186917586687521 0.2
      vertex -125.55821361533522 8.071338596714728 0.2
    endloop
  endfacet
  facet normal 0 0 -1
    outer loop
      vertex -140 -10 0.2
      vertex -125.55821361533522 8.071338596714728 0.2
      vertex -125.5129898517872 7.9565313845495025 0.2
    endloop
  endfacet
  facet normal 0 0 -1
    outer loop
      vertex -140 -10 0.2
      vertex -125.5129898517872 7.9565313845495025 0.2
      vertex -125.46576931390875 7.842530921580835 0.2
    endloop
  endfacet
  facet normal 0 0 -1
    outer loop
      vertex -140 -10 0.2
      vertex -125.46576931390875 7.842530921580835 0.2
      vertex -125.41656638553319 7.729371933454092 0.2
    endloop
  endfacet
  facet normal 0 0 -1
    outer loop
      vertex -140 -10 0.2
      vertex -125.41656638553319 7.729371933454092 0.2
      vertex -125.36539605434912 7.617088889493255 0.2
    endloop
  endfacet
  facet normal 0 0 -1
    outer loop
      vertex -140 -10 0.2
      vertex -125.36539605434912 7.617088889493255 0.2
      vertex -125.31227390733511 7.505715992201222 0.2
    endloop
  endfacet
  facet normal 0 0 -1
    outer loop
      vertex -140 -10 0.2
      vertex -125.31227390733511 7.505715992201222 0.2
      vertex -125.25721612601177 7.395287166841404 0.2
    endloop
  endfacet
  facet normal 0 0 -1
    outer loop
      vertex -140 -10 0.2
      vertex -125.25721612601177 7.395287166841404 0.2
      vertex -125.20023948151261 7.285836051103752 0.2
    endloop
  endfacet
  facet normal 0 0 -1
    outer loop
      vertex -140 -10 0.2
      vertex -125.20023948151261 7.285836051103752 0.2
      vertex -125.14136132947553 7.177395984858396 0.2
    endloop
  endfacet
  facet normal 0 0 -1
    outer loop
      vertex -140 -10 0.2
      vertex -125.14136132947553 7.177395984858396 0.2
      vertex -125.08059960475597 7.07 0.2
    endloop
  endfacet
  facet normal 0 0 -1
    outer loop
      vertex -140 -10 0.2
      vertex -125.08059960475597 7.07 0.2
      vertex -125.01797281596393 6.963680810385918 0.2
    endloop
  endfacet
  facet normal 0 0 -1
    outer loop
      vertex -140 -10 0.2
      vertex -125.01797281596393 6.963680810385918 0.2
      vertex -124.95350003982594 6.858470801871241 0.2
    endloop
  endfacet
  facet normal 0 0 -1
    outer loop
      vertex -140 -10 0.2
      vertex -124.95350003982594 6.858470801871241 0.2
      vertex -124.88720091537415 6.754402022443758 0.2
    endloop
  endfacet
  facet normal 0 0 -1
    outer loop
      vertex -140 -10 0.2
      vertex -124.88720091537415 6.754402022443758 0.2
      vertex -124.81909563796415 6.65150617246182 0.2
    endloop
  endfacet
  facet normal 0 0 -1
    outer loop
      vertex -140 -10 0.2
      vertex -124.81909563796415 6.65150617246182 0.2
      vertex -124.74920495312318 6.549814594998105 0.2
    endloop
  endfacet
  facet normal 0 0 -1
    outer loop
      vertex -140 -10 0.2
      vertex -124.74920495312318 6.549814594998105 0.2
      vertex -124.67755015023087 6.449358266292215 0.2
    endloop
  endfacet
  facet normal 0 0 -1
    outer loop
      vertex -140 -10 0.2
      vertex -124.67755015023087 6.449358266292215 0.2
      vertex -124.60415305603436 6.350167786315019 0.2
    endloop
  endfacet
  facet normal 0 0 -1
    outer loop
      vertex -140 -10 0.2
      vertex -124.60415305603436 6.350167786315019 0.2
      vertex -124.52903602799952 6.252273369447596 0.2
    endloop
  endfacet
  facet normal 0 0 -1
    outer loop
      vertex -140 -10 0.2
      vertex -124.52903602799952 6.252273369447596 0.2
      vertex -124.45222194750079 6.15570483527765 0.2
    endloop
  endfacet
  facet normal 0 0 -1
    outer loop
      vertex -140 -10 0.2
      vertex -124.45222194750079 6.15570483527765 0.2
      vertex -124.37373421285118 6.060491599516168 0.2
    endloop
  endfacet
  facet normal 0 0 -1
    outer loop
      vertex -140 -10 0.2
      vertex -124.37373421285118 6.060491599516168 0.2
      vertex -124.293596732175 5.966662665037113 0.2
    endloop
  endfacet
  facet normal 0 0 -1
    outer loop
      vertex -140 -10 0.2
      vertex -124.293596732175 5.966662665037113 0.2
      vertex -124.21183391612519 5.874246613042872 0.2
    endloop
  endfacet
  facet normal 0 0 -1
    outer loop
      vertex -140 -10 0.2
      vertex -124.21183391612519 5.874246613042872 0.2
      vertex -124.12847067044754 5.783271594358135 0.2
    endloop
  endfacet
  facet normal 0 0 -1
    outer loop
      vertex -140 -10 0.2
      vertex -124.12847067044754 5.783271594358135 0.2
      vertex -124.04353238839427 5.693765320854889 0.2
    endloop
  endfacet
  facet normal 0 0 -1
    outer loop
      vertex -140 -10 0.2
      vertex -124.04353238839427 5.693765320854889 0.2
      vertex -123.95704494298889 5.605755057011109 0.2
    endloop
  endfacet
  facet normal 0 0 -1
    outer loop
      vertex -140 -10 0.2
      vertex -123.95704494298889 5.605755057011109 0.2
      vertex -123.86903467914512 5.519267611605736 0.2
    endloop
  endfacet
  facet normal 0 0 -1
    outer loop
      vertex -140 -10 0.2
      vertex -123.86903467914512 5.519267611605736 0.2
      vertex -123.77952840564186 5.434329329552464 0.2
    endloop
  endfacet
  facet normal 0 0 -1
    outer loop
      vertex -140 -10 0.2
      vertex -123.77952840564186 5.434329329552464 0.2
      vertex -123.68855338695714 5.350966083874822 0.2
    endloop
  endfacet
  facet normal 0 0 -1
    outer loop
      vertex -140 -10 0.2
      vertex -123.68855338695714 5.350966083874822 0.2
      vertex -123.59613733496289 5.269203267825002 0.2
    endloop
  endfacet
  facet normal 0 0 -1
    outer loop
      vertex -140 -10 0.2
      vertex -123.59613733496289 5.269203267825002 0.2
      vertex -123.50230840048384 5.1890657871488255 0.2
    endloop
  endfacet
  facet normal 0 0 -1
    outer loop
      vertex -140 -10 0.2
      vertex -123.50230840048384 5.1890657871488255 0.2
      vertex -123.40709516472235 5.110578052499216 0.2
    endloop
  endfacet
  facet normal 0 0 -1
    outer loop
      vertex -140 -10 0.2
      vertex -123.40709516472235 5.110578052499216 0.2
      vertex -123.3105266305524 5.033763972000476 0.2
    endloop
  endfacet
  facet normal 0 0 -1
    outer loop
      vertex -140 -10 0.2
      vertex -123.3105266305524 5.033763972000476 0.2
      vertex -123.21263221368498 4.958646943965639 0.2
    endloop
  endfacet
  facet normal 0 0 -1
    outer loop
      vertex -140 -10 0.2
      vertex -123.21263221368498 4.958646943965639 0.2
      vertex -123.11344173370779 4.885249849769122 0.2
    endloop
  endfacet
  facet normal 0 0 -1
    outer loop
      vertex -140 -10 0.2
      vertex -123.11344173370779 4.885249849769122 0.2
      vertex -123.0129854050019 4.813595046876828 0.2
    endloop
  endfacet
  facet normal 0 0 -1
    outer loop
      vertex -140 -10 0.2
      vertex -123.0129854050019 4.813595046876828 0.2
      vertex -122.91129382753819 4.743704362035856 0.2
    endloop
  endfacet
  facet normal 0 0 -1
    outer loop
      vertex -140 -10 0.2
      vertex -122.91129382753819 4.743704362035856 0.2
      vertex -122.80839797755625 4.675599084625852 0.2
    endloop
  endfacet
  facet normal 0 0 -1
    outer loop
      vertex -140 -10 0.2
      vertex -122.80839797755625 4.675599084625852 0.2
      vertex -122.70432919812876 4.609299960174069 0.2
    endloop
  endfacet
  facet normal 0 0 -1
    outer loop
      vertex -140 -10 0.2
      vertex -122.70432919812876 4.609299960174069 0.2
      vertex -122.59911918961409 4.544827184036066 0.2
    endloop
  endfacet
  facet normal 0 0 -1
    outer loop
      vertex -140 -10 0.2
      vertex -122.59911918961409 4.544827184036066 0.2
      vertex -122.4928 4.482200395244019 0.2
    endloop
  endfacet
  facet normal 0 0 -1
    outer loop
      vertex -140 -10 0.2
      vertex -122.4928 4.482200395244019 0.2
      vertex -122.3854040151416 4.421438670524473 0.2
    endloop
  endfacet
  facet normal 0 0 -1
    outer loop
      vertex -140 -10 0.2
      vertex -122.3854040151416 4.421438670524473 0.2
      vertex -122.27696394889625 4.362560518487387 0.2
    endloop
  endfacet
  facet normal 0 0 -1
    outer loop
      vertex -140 -10 0.2
      vertex -122.27696394889625 4.362560518487387 0.2
      vertex -122.1675128331586 4.3055838739882395 0.2
    endloop
  endfacet
  facet normal 0 0 -1
    outer loop
      vertex -140 -10 0.2
      vertex -122.1675128331586 4.3055838739882395 0.2
      vertex -122.05708400779878 4.250526092664889 0.2
    endloop
  endfacet
  facet normal 0 0 -1
    outer loop
      vertex -140 -10 0.2
      vertex -122.05708400779878 4.250526092664889 0.2
      vertex -121.94571111050675 4.197403945650885 0.2
    endloop
  endfacet
  facet normal 0 0 -1
    outer loop
      vertex -140 -10 0.2
      vertex -121.94571111050675 4.197403945650885 0.2
      vertex -121.83342806654592 4.146233614466812 0.2
    endloop
  endfacet
  facet normal 0 0 -1
    outer loop
      vertex -140 -10 0.2
      vertex -121.83342806654592 4.146233614466812 0.2
      vertex -121.16904531790212 3.8443959848583975 0.2
    endloop
  endfacet
  facet normal 0 0 -1
    outer loop
      vertex -140 -10 0.2
      vertex -121.16904531790212 3.8443959848583975 0.2
      vertex -120.92599841902393 3.737 0.2
    endloop
  endfacet
  facet normal 0 0 -1
    outer loop
      vertex -140 -10 0.2
      vertex -120.92599841902393 3.737 0.2
      vertex -120.67549126385575 3.6306808103859174 0.2
    endloop
  endfacet
  facet normal 0 0 -1
    outer loop
      vertex -140 -10 0.2
      vertex -120.67549126385575 3.6306808103859174 0.2
      vertex -120.41760015930373 3.5254708018712413 0.2
    endloop
  endfacet
  facet normal 0 0 -1
    outer loop
      vertex -140 -10 0.2
      vertex -120.41760015930373 3.5254708018712413 0.2
      vertex -120.15240366149659 3.4214020224437585 0.2
    endloop
  endfacet
  facet normal 0 0 -1
    outer loop
      vertex -140 -10 0.2
      vertex -120.15240366149659 3.4214020224437585 0.2
      vertex -120 -10 0.2
    endloop
  endfacet
  facet normal 0 -1 0
    outer loop
      vertex -140 -10 0.2
      vertex -120 -10 0.2
      vertex -120 -10 4.762499999999999
    endloop
  endfacet
  facet normal 0 -1 0
    outer loop
      vertex -140 -10 0.2
      vertex -120 -10 4.762499999999999
      vertex -140 -10 20.2
    endloop
  endfacet
  facet normal 0 -1 0
    outer loop
      vertex -140 -10 20.2
      vertex -120 -10 4.762499999999999
      vertex 20 -10 20.2
    endloop
  endfacet
  facet normal 0 0 1
    outer loop
      vertex -140 -10 20.2
      vertex 20 -10 20.2
      vertex -140 40 20.2
    endloop
  endfacet
  facet normal 0 1 0
    outer loop
      vertex -140 40 0.2
      vertex -140 40 20.2
      vertex -120 40 4.762499999999999
    endloop
  endfacet
  facet normal 0 0 -1
    outer loop
      vertex -140 40 0.2
      vertex -126.0278 10.605 0.2
      vertex -126.0267232047557 10.481611486488406 0.2
    endloop
  endfacet
  facet normal 0 0 -1
    outer loop
      vertex -140 40 0.2
      vertex -126.0267232047557 10.481611486488406 0.2
      vertex -126.02349314702501 10.358260558313319 0.2
    endloop
  endfacet
  facet normal 0 0 -1
    outer loop
      vertex -140 40 0.2
      vertex -126.0267232047557 10.728388513511595 0.2
      vertex -126.0278 10.605 0.2
    endloop
  endfacet
  facet normal 0 0 -1
    outer loop
      vertex -140 40 0.2
      vertex -126.02349314702501 10.358260558313319 0.2
      vertex -126.01811081071484 10.234984789362388 0.2
    endloop
  endfacet
  facet normal 0 0 -1
    outer loop
      vertex -140 40 0.2
      vertex -126.02349314702501 10.851739441686682 0.2
      vertex -126.0267232047557 10.728388513511595 0.2
    endloop
  endfacet
  facet normal 0 0 -1
    outer loop
      vertex -140 40 0.2
      vertex -126.01811081071484 10.234984789362388 0.2
      vertex -126.01057783533695 10.111821730629034 0.2
    endloop
  endfacet
  facet normal 0 0 -1
    outer loop
      vertex -140 40 0.2
      vertex -126.01811081071484 10.975015210637613 0.2
      vertex -126.02349314702501 10.851739441686682 0.2
    endloop
  endfacet
  facet normal 0 0 -1
    outer loop
      vertex -140 40 0.2
      vertex -126.01057783533695 10.111821730629034 0.2
      vertex -126.00089651550864 9.988808898774057 0.2
    endloop
  endfacet
  facet normal 0 0 -1
    outer loop
      vertex -140 40 0.2
      vertex -126.01057783533695 11.098178269370965 0.2
      vertex -126.01811081071484 10.975015210637613 0.2
    endloop
  endfacet
  facet normal 0 0 -1
    outer loop
      vertex -140 40 0.2
      vertex -126.00089651550864 9.988808898774057 0.2
      vertex -125.9890698002537 9.86598376469769 0.2
    endloop
  endfacet
  facet normal 0 0 -1
    outer loop
      vertex -140 40 0.2
      vertex -126.00089651550864 11.221191101225942 0.2
      vertex -126.01057783533695 11.098178269370965 0.2
    endloop
  endfacet
  facet normal 0 0 -1
    outer loop
      vertex -140 40 0.2
      vertex -125.9890698002537 9.86598376469769 0.2
      vertex -125.97510129210416 9.743383742125607 0.2
    endloop
  endfacet
  facet normal 0 0 -1
    outer loop
      vertex -140 40 0.2
      vertex -125.9890698002537 11.34401623530231 0.2
      vertex -126.00089651550864 11.221191101225942 0.2
    endloop
  endfacet
  facet normal 0 0 -1
    outer loop
      vertex -140 40 0.2
      vertex -125.97510129210416 9.743383742125607 0.2
      vertex -125.95899524600291 9.621046176212337 0.2
    endloop
  endfacet
  facet normal 0 0 -1
    outer loop
      vertex -140 40 0.2
      vertex -125.97510129210416 11.466616257874394 0.2
      vertex -125.9890698002537 11.34401623530231 0.2
    endloop
  endfacet
  facet normal 0 0 -1
    outer loop
      vertex -140 40 0.2
      vertex -125.95899524600291 9.621046176212337 0.2
      vertex -125.94075656800763 9.499008332165568 0.2
    endloop
  endfacet
  facet normal 0 0 -1
    outer loop
      vertex -140 40 0.2
      vertex -125.95899524600291 11.588953823787664 0.2
      vertex -125.97510129210416 11.466616257874394 0.2
    endloop
  endfacet
  facet normal 0 0 -1
    outer loop
      vertex -140 40 0.2
      vertex -125.94075656800763 9.499008332165568 0.2
      vertex -125.9203908137963 9.377307383894802 0.2
    endloop
  endfacet
  facet normal 0 0 -1
    outer loop
      vertex -140 40 0.2
      vertex -125.94075656800763 11.710991667834433 0.2
      vertex -125.95899524600291 11.588953823787664 0.2
    endloop
  endfacet
  facet normal 0 0 -1
    outer loop
      vertex -140 40 0.2
      vertex -125.9203908137963 9.377307383894802 0.2
      vertex -125.897904186975 9.255980402687827 0.2
    endloop
  endfacet
  facet normal 0 0 -1
    outer loop
      vertex -140 40 0.2
      vertex -125.9203908137963 11.832692616105197 0.2
      vertex -125.94075656800763 11.710991667834433 0.2
    endloop
  endfacet
  facet normal 0 0 -1
    outer loop
      vertex -140 40 0.2
      vertex -125.897904186975 9.255980402687827 0.2
      vertex -125.87330353718801 9.135064345918442 0.2
    endloop
  endfacet
  facet normal 0 0 -1
    outer loop
      vertex -140 40 0.2
      vertex -125.897904186975 11.954019597312172 0.2
      vertex -125.9203908137963 11.832692616105197 0.2
    endloop
  endfacet
  facet normal 0 0 -1
    outer loop
      vertex -140 40 0.2
      vertex -125.87330353718801 9.135064345918442 0.2
      vertex -125.84659635803162 9.014596045788874 0.2
    endloop
  endfacet
  facet normal 0 0 -1
    outer loop
      vertex -140 40 0.2
      vertex -125.87330353718801 12.074935654081559 0.2
      vertex -125.897904186975 11.954019597312172 0.2
    endloop
  endfacet
  facet normal 0 0 -1
    outer loop
      vertex -140 40 0.2
      vertex -125.84659635803162 9.014596045788874 0.2
      vertex -125.81779078477129 8.89461219811035 0.2
    endloop
  endfacet
  facet normal 0 0 -1
    outer loop
      vertex -140 40 0.2
      vertex -125.84659635803162 12.195403954211127 0.2
      vertex -125.87330353718801 12.074935654081559 0.2
    endloop
  endfacet
  facet normal 0 0 -1
    outer loop
      vertex -140 40 0.2
      vertex -125.81779078477129 8.89461219811035 0.2
      vertex -125.78689559186371 8.775149351125178 0.2
    endloop
  endfacet
  facet normal 0 0 -1
    outer loop
      vertex -140 40 0.2
      vertex -125.81779078477129 12.315387801889651 0.2
      vertex -125.84659635803162 12.195403954211127 0.2
    endloop
  endfacet
  facet normal 0 0 -1
    outer loop
      vertex -140 40 0.2
      vertex -125.78689559186371 8.775149351125178 0.2
      vertex -125.75392019028392 8.656243894373816 0.2
    endloop
  endfacet
  facet normal 0 0 -1
    outer loop
      vertex -140 40 0.2
      vertex -125.75392019028392 8.656243894373816 0.2
      vertex -125.71887462465867 8.537932047610251 0.2
    endloop
  endfacet
  facet normal 0 0 -1
    outer loop
      vertex -140 40 0.2
      vertex -125.71887462465867 8.537932047610251 0.2
      vertex -125.68176957020674 8.420249849769123 0.2
    endloop
  endfacet
  facet normal 0 0 -1
    outer loop
      vertex -140 40 0.2
      vertex -125.68176957020674 8.420249849769123 0.2
      vertex -125.64261632948717 8.303233147987902 0.2
    endloop
  endfacet
  facet normal 0 0 -1
    outer loop
      vertex -140 40 0.2
      vertex -125.64261632948717 8.303233147987902 0.2
      vertex -125.60142682895638 8.186917586687521 0.2
    endloop
  endfacet
  facet normal 0 0 -1
    outer loop
      vertex -140 40 0.2
      vertex -125.46575143917676 13.727687285878067 0.2
      vertex -125.81779078477129 12.315387801889651 0.2
    endloop
  endfacet
  facet normal 0 0 -1
    outer loop
      vertex -140 40 0.2
      vertex -125.39924321744812 13.94881700209844 0.2
      vertex -125.46575143917676 13.727687285878067 0.2
    endloop
  endfacet
  facet normal 0 0 -1
    outer loop
      vertex -140 40 0.2
      vertex -125.31999222373736 14.171218739721237 0.2
      vertex -125.39924321744812 13.94881700209844 0.2
    endloop
  endfacet
  facet normal 0 0 -1
    outer loop
      vertex -140 40 0.2
      vertex -125.2280225986649 14.394824753022727 0.2
      vertex -125.31999222373736 14.171218739721237 0.2
    endloop
  endfacet
  facet normal 0 0 -1
    outer loop
      vertex -140 40 0.2
      vertex -125.12336235706947 14.619566929445131 0.2
      vertex -125.2280225986649 14.394824753022727 0.2
    endloop
  endfacet
  facet normal 0 0 -1
    outer loop
      vertex -140 40 0.2
      vertex -125.0060433794745 14.845376810344394 0.2
      vertex -125.12336235706947 14.619566929445131 0.2
    endloop
  endfacet
  facet normal 0 0 -1
    outer loop
      vertex -140 40 0.2
      vertex -124.8761014023771 15.072185611843317 0.2
      vertex -125.0060433794745 14.845376810344394 0.2
    endloop
  endfacet
  facet normal 0 0 -1
    outer loop
      vertex -140 40 0.2
      vertex -124.73357600736223 15.29992424578382 0.2
      vertex -124.8761014023771 15.072185611843317 0.2
    endloop
  endfacet
  facet normal 0 0 -1
    outer loop
      vertex -140 40 0.2
      vertex -124.57851060904592 15.528523340771851 0.2
      vertex -124.73357600736223 15.29992424578382 0.2
    endloop
  endfacet
  facet normal 0 0 -1
    outer loop
      vertex -140 40 0.2
      vertex -124.41095244185061 15.75791326330859 0.2
      vertex -124.57851060904592 15.528523340771851 0.2
    endloop
  endfacet
  facet normal 0 0 -1
    outer loop
      vertex -140 40 0.2
      vertex -124.23095254561723 15.988024139001478 0.2
      vertex -124.41095244185061 15.75791326330859 0.2
    endloop
  endfacet
  facet normal 0 0 -1
    outer loop
      vertex -140 40 0.2
      vertex -124.03856575005787 16.218785873848645 0.2
      vertex -124.23095254561723 15.988024139001478 0.2
    endloop
  endfacet
  facet normal 0 0 -1
    outer loop
      vertex -140 40 0.2
      vertex -123.83385065805416 16.450128175590223 0.2
      vertex -124.03856575005787 16.218785873848645 0.2
    endloop
  endfacet
  facet normal 0 0 -1
    outer loop
      vertex -140 40 0.2
      vertex -123.61686962780621 16.68198057512003 0.2
      vertex -123.83385065805416 16.450128175590223 0.2
    endloop
  endfacet
  facet normal 0 0 -1
    outer loop
      vertex -140 40 0.2
      vertex -123.3876887538378 16.914272447951173 0.2
      vertex -123.61686962780621 16.68198057512003 0.2
    endloop
  endfacet
  facet normal 0 0 -1
    outer loop
      vertex -140 40 0.2
      vertex -123.14637784686326 17.146933035728914 0.2
      vertex -123.3876887538378 16.914272447951173 0.2
    endloop
  endfacet
  facet normal 0 0 -1
    outer loop
      vertex -140 40 0.2
      vertex -122.89301041252247 17.379891467784397 0.2
      vertex -123.14637784686326 17.146933035728914 0.2
    endloop
  endfacet
  facet normal 0 0 -1
    outer loop
      vertex -140 40 0.2
      vertex -122.62766362899039 17.61307678272249 0.2
      vertex -122.89301041252247 17.379891467784397 0.2
    endloop
  endfacet
  facet normal 0 0 -1
    outer loop
      vertex -140 40 0.2
      vertex -122.35041832346774 17.84641795003735 0.2
      vertex -122.62766362899039 17.61307678272249 0.2
    endloop
  endfacet
  facet normal 0 0 -1
    outer loop
      vertex -140 40 0.2
      vertex -122.06135894756032 18.07984389174898 0.2
      vertex -122.35041832346774 17.84641795003735 0.2
    endloop
  endfacet
  facet normal 0 0 -1
    outer loop
      vertex -140 40 0.2
      vertex -121.76057355155417 18.31328350405429 0.2
      vertex -122.06135894756032 18.07984389174898 0.2
    endloop
  endfacet
  facet normal 0 0 -1
    outer loop
      vertex -140 40 0.2
      vertex -121.44815375759477 18.546665678985995 0.2
      vertex -121.76057355155417 18.31328350405429 0.2
    endloop
  endfacet
  facet normal 0 0 -1
    outer loop
      vertex -140 40 0.2
      vertex -121.12419473177776 18.779919326072786 0.2
      vertex -121.44815375759477 18.546665678985995 0.2
    endloop
  endfacet
  facet normal 0 0 -1
    outer loop
      vertex -140 40 0.2
      vertex -120.78879515516071 19.012973393994177 0.2
      vertex -121.12419473177776 18.779919326072786 0.2
    endloop
  endfacet
  facet normal 0 0 -1
    outer loop
      vertex -140 40 0.2
      vertex -120.44205719370375 19.245756892223433 0.2
      vertex -120.78879515516071 19.012973393994177 0.2
    endloop
  endfacet
  facet normal 0 0 -1
    outer loop
      vertex -140 40 0.2
      vertex -120.08408646714882 19.47819891265198 0.2
      vertex -120.44205719370375 19.245756892223433 0.2
    endloop
  endfacet
  facet normal 0 0 -1
    outer loop
      vertex -140 40 0.2
      vertex -120 19.53105953131222 0.2
      vertex -120.08408646714882 19.47819891265198 0.2
    endloop
  endfacet
  facet normal 0 0 -1
    outer loop
      vertex -140 40 0.2
      vertex -120 40 0.2
      vertex -120 19.53105953131222 0.2
    endloop
  endfacet
  facet normal 0 1 0
    outer loop
      vertex -140 40 0.2
      vertex -120 40 4.762499999999999
      vertex -120 40 0.2
    endloop
  endfacet
  facet normal 0 1 0
    outer loop
      vertex -140 40 20.2
      vertex -80 40 4.762499999999999
      vertex -120 40 4.762499999999999
    endloop
  endfacet
  facet normal 0 1 0
    outer loop
      vertex -140 40 20.2
      vertex -5 40 0.2
      vertex -80 40 4.762499999999999
    endloop
  endfacet
  facet normal 0 1 0
    outer loop
      vertex -140 40 20.2
      vertex -5 40 4.762499999999999
      vertex -5 40 0.2
    endloop
  endfacet
  facet normal 0 1 0
    outer loop
      vertex -140 40 20.2
      vertex 5 40 4.762499999999999
      vertex -5 40 4.762499999999999
    endloop
  endfacet
  facet normal 0 0 1
    outer loop
      vertex -140 40 20.2
      vertex 20 -10 20.2
      vertex 20 40 20.2
    endloop
  endfacet
  facet normal 0 1 0
    outer loop
      vertex -140 40 20.2
      vertex 20 40 20.2
      vertex 5 40 4.762499999999999
    endloop
  endfacet
  facet normal 0.9999619230641721 0.00872653549827573 0
    outer loop
      vertex -126.0278 10.605 0.2
      vertex -126.0278 10.605 4.762499999999999
      vertex -126.0267232047557 10.481611486488406 0.2
    endloop
  endfacet
  facet normal 0.9999619230641721 -0.00872653549827573 0
    outer loop
      vertex -126.0278 10.605 0.2
      vertex -126.0267232047557 10.728388513511595 0.2
      vertex -126.0267232047557 10.728388513511595 4.762499999999999
    endloop
  endfacet
  facet normal 0.9999619230641721 -0.00872653549827573 0
    outer loop
      vertex -126.0278 10.605 0.2
      vertex -126.0267232047557 10.728388513511595 4.762499999999999
      vertex -126.0278 10.605 4.762499999999999
    endloop
  endfacet
  facet normal 0.9999619230641721 0.00872653549827573 0
    outer loop
      vertex -126.0278 10.605 4.762499999999999
      vertex -126.0267232047557 10.481611486488406 4.762499999999999
      vertex -126.0267232047557 10.481611486488406 0.2
    endloop
  endfacet
  facet normal 0 0 -1
    outer loop
      vertex -126.0278 10.605 4.762499999999999
      vertex -126.0267232047557 10.728388513511595 4.762499999999999
      vertex -126.02349314702501 10.851739441686682 4.762499999999999
    endloop
  endfacet
  facet normal 0 0 -1
    outer loop
      vertex -126.0278 10.605 4.762499999999999
      vertex -126.02349314702501 10.358260558313319 4.762499999999999
      vertex -126.0267232047557 10.481611486488406 4.762499999999999
    endloop
  endfacet
  facet normal 0 0 -1
    outer loop
      vertex -126.0278 10.605 4.762499999999999
      vertex -126.02349314702501 10.851739441686682 4.762499999999999
      vertex -126.01811081071484 10.975015210637613 4.762499999999999
    endloop
  endfacet
  facet normal 0 0 -1
    outer loop
      vertex -126.0278 10.605 4.762499999999999
      vertex -126.01811081071484 10.234984789362388 4.762499999999999
      vertex -126.02349314702501 10.358260558313319 4.762499999999999
    endloop
  endfacet
  facet normal 0 0 -1
    outer loop
      vertex -126.0278 10.605 4.762499999999999
      vertex -126.01811081071484 10.975015210637613 4.762499999999999
      vertex -126.01811081071484 10.234984789362388 4.762499999999999
    endloop
  endfacet
  facet normal 0.999657324975555 0.026176948307959032 0
    outer loop
      vertex -126.0267232047557 10.481611486488406 0.2
      vertex -126.0267232047557 10.481611486488406 4.762499999999999
      vertex -126.02349314702501 10.358260558313319 0.2
    endloop
  endfacet
  facet normal 0.999657324975555 0.026176948307959032 0
    outer loop
      vertex -126.0267232047557 10.481611486488406 4.762499999999999
      vertex -126.02349314702501 10.358260558313319 4.762499999999999
      vertex -126.02349314702501 10.358260558313319 0.2
    endloop
  endfacet
  facet normal 0.999657324975555 -0.026176948307959032 0
    outer loop
      vertex -126.0267232047557 10.728388513511595 0.2
      vertex -126.02349314702501 10.851739441686682 0.2
      vertex -126.02349314702501 10.851739441686682 4.762499999999999
    endloop
  endfacet
  facet normal 0.999657324975555 -0.026176948307959032 0
    outer loop
      vertex -126.0267232047557 10.728388513511595 0.2
      vertex -126.02349314702501 10.851739441686682 4.762499999999999
      vertex -126.0267232047557 10.728388513511595 4.762499999999999
    endloop
  endfacet
  facet normal 0.9990482215818601 0.04361938736528186 0
    outer loop
      vertex -126.02349314702501 10.358260558313319 0.2
      vertex -126.02349314702501 10.358260558313319 4.762499999999999
      vertex -126.01811081071484 10.234984789362388 0.2
    endloop
  endfacet
  facet normal 0.9990482215818601 0.04361938736528186 0
    outer loop
      vertex -126.02349314702501 10.358260558313319 4.762499999999999
      vertex -126.01811081071484 10.234984789362388 4.762499999999999
      vertex -126.01811081071484 10.234984789362388 0.2
    endloop
  endfacet
  facet normal 0.9990482215818601 -0.04361938736528186 0
    outer loop
      vertex -126.02349314702501 10.851739441686682 0.2
      vertex -126.01811081071484 10.975015210637613 0.2
      vertex -126.01811081071484 10.975015210637613 4.762499999999999
    endloop
  endfacet
  facet normal 0.9990482215818601 -0.04361938736528186 0
    outer loop
      vertex -126.02349314702501 10.851739441686682 0.2
      vertex -126.01811081071484 10.975015210637613 4.762499999999999
      vertex -126.02349314702501 10.851739441686682 4.762499999999999
    endloop
  endfacet
  facet normal 0.9981347984218577 0.06104853953500899 0
    outer loop
      vertex -126.01811081071484 10.234984789362388 0.2
      vertex -126.01811081071484 10.234984789362388 4.762499999999999
      vertex -126.01057783533695 10.111821730629034 0.2
    endloop
  endfacet
  facet normal 0 0 -1
    outer loop
      vertex -126.01811081071484 10.234984789362388 4.762499999999999
      vertex -126.01811081071484 10.975015210637613 4.762499999999999
      vertex -125.95899524600291 9.621046176212337 4.762499999999999
    endloop
  endfacet
  facet normal 0.9981347984218577 0.06104853953500899 0
    outer loop
      vertex -126.01811081071484 10.234984789362388 4.762499999999999
      vertex -126.01057783533695 10.111821730629034 4.762499999999999
      vertex -126.01057783533695 10.111821730629034 0.2
    endloop
  endfacet
  facet normal 0 0 -1
    outer loop
      vertex -126.01811081071484 10.234984789362388 4.762499999999999
      vertex -126.00089651550864 9.988808898774057 4.762499999999999
      vertex -126.01057783533695 10.111821730629034 4.762499999999999
    endloop
  endfacet
  facet normal 0 0 -1
    outer loop
      vertex -126.01811081071484 10.234984789362388 4.762499999999999
      vertex -125.95899524600291 9.621046176212337 4.762499999999999
      vertex -126.00089651550864 9.988808898774057 4.762499999999999
    endloop
  endfacet
  facet normal 0.9981347984218577 -0.06104853953500987 0
    outer loop
      vertex -126.01811081071484 10.975015210637613 0.2
      vertex -126.01057783533695 11.098178269370965 0.2
      vertex -126.01057783533695 11.098178269370965 4.762499999999999
    endloop
  endfacet
  facet normal 0.9981347984218577 -0.06104853953500987 0
    outer loop
      vertex -126.01811081071484 10.975015210637613 0.2
      vertex -126.01057783533695 11.098178269370965 4.762499999999999
      vertex -126.01811081071484 10.975015210637613 4.762499999999999
    endloop
  endfacet
  facet normal 0 0 -1
    outer loop
      vertex -126.01811081071484 10.975015210637613 4.762499999999999
      vertex -126.01057783533695 11.098178269370965 4.762499999999999
      vertex -126.00089651550864 11.221191101225942 4.762499999999999
    endloop
  endfacet
  facet normal 0 0 -1
    outer loop
      vertex -126.01811081071484 10.975015210637613 4.762499999999999
      vertex -126.00089651550864 11.221191101225942 4.762499999999999
      vertex -125.95899524600291 11.588953823787664 4.762499999999999
    endloop
  endfacet
  facet normal 0 0 -1
    outer loop
      vertex -126.01811081071484 10.975015210637613 4.762499999999999
      vertex -125.95899524600291 11.588953823787664 4.762499999999999
      vertex -125.81779078477129 12.315387801889651 4.762499999999999
    endloop
  endfacet
  facet normal 0 0 -1
    outer loop
      vertex -126.01811081071484 10.975015210637613 4.762499999999999
      vertex -125.81779078477129 12.315387801889651 4.762499999999999
      vertex -125.12336235706947 14.619566929445131 4.762499999999999
    endloop
  endfacet
  facet normal 0 0 -1
    outer loop
      vertex -126.01811081071484 10.975015210637613 4.762499999999999
      vertex -125.64261632948717 8.303233147987902 4.762499999999999
      vertex -125.95899524600291 9.621046176212337 4.762499999999999
    endloop
  endfacet
  facet normal 0 0 -1
    outer loop
      vertex -126.01811081071484 10.975015210637613 4.762499999999999
      vertex -125.12336235706947 14.619566929445131 4.762499999999999
      vertex -122.62766362899039 17.61307678272249 4.762499999999999
    endloop
  endfacet
  facet normal 0 0 -1
    outer loop
      vertex -126.01811081071484 10.975015210637613 4.762499999999999
      vertex -123.21263221368498 4.958646943965639 4.762499999999999
      vertex -125.64261632948717 8.303233147987902 4.762499999999999
    endloop
  endfacet
  facet normal 0 0 -1
    outer loop
      vertex -126.01811081071484 10.975015210637613 4.762499999999999
      vertex -122.62766362899039 17.61307678272249 4.762499999999999
      vertex -123.21263221368498 4.958646943965639 4.762499999999999
    endloop
  endfacet
  facet normal 0.9969173337331364 0.07845909572773634 0
    outer loop
      vertex -126.01057783533695 10.111821730629034 0.2
      vertex -126.01057783533695 10.111821730629034 4.762499999999999
      vertex -126.00089651550864 9.988808898774057 0.2
    endloop
  endfacet
  facet normal 0.9969173337331364 0.07845909572773634 0
    outer loop
      vertex -126.01057783533695 10.111821730629034 4.762499999999999
      vertex -126.00089651550864 9.988808898774057 4.762499999999999
      vertex -126.00089651550864 9.988808898774057 0.2
    endloop
  endfacet
  facet normal 0.9969173337331364 -0.07845909572773634 0
    outer loop
      vertex -126.01057783533695 11.098178269370965 0.2
      vertex -126.00089651550864 11.221191101225942 0.2
      vertex -126.00089651550864 11.221191101225942 4.762499999999999
    endloop
  endfacet
  facet normal 0.9969173337331364 -0.07845909572773634 0
    outer loop
      vertex -126.01057783533695 11.098178269370965 0.2
      vertex -126.00089651550864 11.221191101225942 4.762499999999999
      vertex -126.01057783533695 11.098178269370965 4.762499999999999
    endloop
  endfacet
  facet normal 0.9953961983671847 0.09584575252016225 0
    outer loop
      vertex -126.00089651550864 9.988808898774057 0.2
      vertex -126.00089651550864 9.988808898774057 4.762499999999999
      vertex -125.9890698002537 9.86598376469769 0.2
    endloop
  endfacet
  facet normal 0.9953961983671847 0.09584575252016225 0
    outer loop
      vertex -126.00089651550864 9.988808898774057 4.762499999999999
      vertex -125.9890698002537 9.86598376469769 4.762499999999999
      vertex -125.9890698002537 9.86598376469769 0.2
    endloop
  endfacet
  facet normal 0 0 -1
    outer loop
      vertex -126.00089651550864 9.988808898774057 4.762499999999999
      vertex -125.95899524600291 9.621046176212337 4.762499999999999
      vertex -125.9890698002537 9.86598376469769 4.762499999999999
    endloop
  endfacet
  facet normal 0.995396198367185 -0.09584575252016089 0
    outer loop
      vertex -126.00089651550864 11.221191101225942 0.2
      vertex -125.9890698002537 11.34401623530231 0.2
      vertex -125.9890698002537 11.34401623530231 4.762499999999999
    endloop
  endfacet
  facet normal 0.995396198367185 -0.09584575252016089 0
    outer loop
      vertex -126.00089651550864 11.221191101225942 0.2
      vertex -125.9890698002537 11.34401623530231 4.762499999999999
      vertex -126.00089651550864 11.221191101225942 4.762499999999999
    endloop
  endfacet
  facet normal 0 0 -1
    outer loop
      vertex -126.00089651550864 11.221191101225942 4.762499999999999
      vertex -125.9890698002537 11.34401623530231 4.762499999999999
      vertex -125.95899524600291 11.588953823787664 4.762499999999999
    endloop
  endfacet
  facet normal 0.9935718556765875 0.11320321376790668 0
    outer loop
      vertex -125.9890698002537 9.86598376469769 0.2
      vertex -125.9890698002537 9.86598376469769 4.762499999999999
      vertex -125.97510129210416 9.743383742125607 0.2
    endloop
  endfacet
  facet normal 0.9935718556765875 0.11320321376790668 0
    outer loop
      vertex -125.9890698002537 9.86598376469769 4.762499999999999
      vertex -125.97510129210416 9.743383742125607 4.762499999999999
      vertex -125.97510129210416 9.743383742125607 0.2
    endloop
  endfacet
  facet normal 0 0 -1
    outer loop
      vertex -125.9890698002537 9.86598376469769 4.762499999999999
      vertex -125.95899524600291 9.621046176212337 4.762499999999999
      vertex -125.97510129210416 9.743383742125607 4.762499999999999
    endloop
  endfacet
  facet normal 0.9935718556765875 -0.11320321376790668 0
    outer loop
      vertex -125.9890698002537 11.34401623530231 0.2
      vertex -125.97510129210416 11.466616257874394 0.2
      vertex -125.97510129210416 11.466616257874394 4.762499999999999
    endloop
  endfacet
  facet normal 0.9935718556765875 -0.11320321376790668 0
    outer loop
      vertex -125.9890698002537 11.34401623530231 0.2
      vertex -125.97510129210416 11.466616257874394 4.762499999999999
      vertex -125.9890698002537 11.34401623530231 4.762499999999999
    endloop
  endfacet
  facet normal 0 0 -1
    outer loop
      vertex -125.9890698002537 11.34401623530231 4.762499999999999
      vertex -125.97510129210416 11.466616257874394 4.762499999999999
      vertex -125.95899524600291 11.588953823787664 4.762499999999999
    endloop
  endfacet
  facet normal 0.9914448613738127 0.1305261922200349 0
    outer loop
      vertex -125.97510129210416 9.743383742125607 0.2
      vertex -125.97510129210416 9.743383742125607 4.762499999999999
      vertex -125.95899524600291 9.621046176212337 0.2
    endloop
  endfacet
  facet normal 0.9914448613738127 0.1305261922200349 0
    outer loop
      vertex -125.97510129210416 9.743383742125607 4.762499999999999
      vertex -125.95899524600291 9.621046176212337 4.762499999999999
      vertex -125.95899524600291 9.621046176212337 0.2
    endloop
  endfacet
  facet normal 0.9914448613738127 -0.1305261922200349 0
    outer loop
      vertex -125.97510129210416 11.466616257874394 0.2
      vertex -125.95899524600291 11.588953823787664 0.2
      vertex -125.95899524600291 11.588953823787664 4.762499999999999
    endloop
  endfacet
  facet normal 0.9914448613738127 -0.1305261922200349 0
    outer loop
      vertex -125.97510129210416 11.466616257874394 0.2
      vertex -125.95899524600291 11.588953823787664 4.762499999999999
      vertex -125.97510129210416 11.466616257874394 4.762499999999999
    endloop
  endfacet
  facet normal 0.989015863361909 0.14780941112966348 0
    outer loop
      vertex -125.95899524600291 9.621046176212337 0.2
      vertex -125.95899524600291 9.621046176212337 4.762499999999999
      vertex -125.94075656800763 9.499008332165568 0.2
    endloop
  endfacet
  facet normal 0.989015863361909 0.14780941112966348 0
    outer loop
      vertex -125.95899524600291 9.621046176212337 4.762499999999999
      vertex -125.94075656800763 9.499008332165568 4.762499999999999
      vertex -125.94075656800763 9.499008332165568 0.2
    endloop
  endfacet
  facet normal 0 0 -1
    outer loop
      vertex -125.95899524600291 9.621046176212337 4.762499999999999
      vertex -125.9203908137963 9.377307383894802 4.762499999999999
      vertex -125.94075656800763 9.499008332165568 4.762499999999999
    endloop
  endfacet
  facet normal 0 0 -1
    outer loop
      vertex -125.95899524600291 9.621046176212337 4.762499999999999
      vertex -125.897904186975 9.255980402687827 4.762499999999999
      vertex -125.9203908137963 9.377307383894802 4.762499999999999
    endloop
  endfacet
  facet normal 0 0 -1
    outer loop
      vertex -125.95899524600291 9.621046176212337 4.762499999999999
      vertex -125.81779078477129 8.89461219811035 4.762499999999999
      vertex -125.897904186975 9.255980402687827 4.762499999999999
    endloop
  endfacet
  facet normal 0 0 -1
    outer loop
      vertex -125.95899524600291 9.621046176212337 4.762499999999999
      vertex -125.64261632948717 8.303233147987902 4.762499999999999
      vertex -125.81779078477129 8.89461219811035 4.762499999999999
    endloop
  endfacet
  facet normal 0.989015863361909 -0.14780941112966348 0
    outer loop
      vertex -125.95899524600291 11.588953823787664 0.2
      vertex -125.94075656800763 11.710991667834433 0.2
      vertex -125.94075656800763 11.710991667834433 4.762499999999999
    endloop
  endfacet
  facet normal 0.989015863361909 -0.14780941112966348 0
    outer loop
      vertex -125.95899524600291 11.588953823787664 0.2
      vertex -125.94075656800763 11.710991667834433 4.762499999999999
      vertex -125.95899524600291 11.588953823787664 4.762499999999999
    endloop
  endfacet
  facet normal 0 0 -1
    outer loop
      vertex -125.95899524600291 11.588953823787664 4.762499999999999
      vertex -125.94075656800763 11.710991667834433 4.762499999999999
      vertex -125.897904186975 11.954019597312172 4.762499999999999
    endloop
  endfacet
  facet normal 0 0 -1
    outer loop
      vertex -125.95899524600291 11.588953823787664 4.762499999999999
      vertex -125.897904186975 11.954019597312172 4.762499999999999
      vertex -125.81779078477129 12.315387801889651 4.762499999999999
    endloop
  endfacet
  facet normal 0.9862856015372137 0.16504760586078374 0
    outer loop
      vertex -125.94075656800763 9.499008332165568 0.2
      vertex -125.94075656800763 9.499008332165568 4.762499999999999
      vertex -125.9203908137963 9.377307383894802 0.2
    endloop
  endfacet
  facet normal 0.9862856015372137 0.16504760586078374 0
    outer loop
      vertex -125.94075656800763 9.499008332165568 4.762499999999999
      vertex -125.9203908137963 9.377307383894802 4.762499999999999
      vertex -125.9203908137963 9.377307383894802 0.2
    endloop
  endfacet
  facet normal 0.9862856015372133 -0.1650476058607861 0
    outer loop
      vertex -125.94075656800763 11.710991667834433 0.2
      vertex -125.9203908137963 11.832692616105197 0.2
      vertex -125.9203908137963 11.832692616105197 4.762499999999999
    endloop
  endfacet
  facet normal 0.9862856015372133 -0.1650476058607861 0
    outer loop
      vertex -125.94075656800763 11.710991667834433 0.2
      vertex -125.9203908137963 11.832692616105197 4.762499999999999
      vertex -125.94075656800763 11.710991667834433 4.762499999999999
    endloop
  endfacet
  facet normal 0 0 -1
    outer loop
      vertex -125.94075656800763 11.710991667834433 4.762499999999999
      vertex -125.9203908137963 11.832692616105197 4.762499999999999
      vertex -125.897904186975 11.954019597312172 4.762499999999999
    endloop
  endfacet
  facet normal 0.9832549075639866 0.18223552549197422 0
    outer loop
      vertex -125.9203908137963 9.377307383894802 0.2
      vertex -125.9203908137963 9.377307383894802 4.762499999999999
      vertex -125.897904186975 9.255980402687827 0.2
    endloop
  endfacet
  facet normal 0.9832549075639866 0.18223552549197422 0
    outer loop
      vertex -125.9203908137963 9.377307383894802 4.762499999999999
      vertex -125.897904186975 9.255980402687827 4.762499999999999
      vertex -125.897904186975 9.255980402687827 0.2
    endloop
  endfacet
  facet normal 0.9832549075639866 -0.18223552549197422 0
    outer loop
      vertex -125.9203908137963 11.832692616105197 0.2
      vertex -125.897904186975 11.954019597312172 0.2
      vertex -125.897904186975 11.954019597312172 4.762499999999999
    endloop
  endfacet
  facet normal 0.9832549075639866 -0.18223552549197422 0
    outer loop
      vertex -125.9203908137963 11.832692616105197 0.2
      vertex -125.897904186975 11.954019597312172 4.762499999999999
      vertex -125.9203908137963 11.832692616105197 4.762499999999999
    endloop
  endfacet
  facet normal 0.9799247046208106 0.1993679344172906 0
    outer loop
      vertex -125.897904186975 9.255980402687827 0.2
      vertex -125.897904186975 9.255980402687827 4.762499999999999
      vertex -125.87330353718801 9.135064345918442 0.2
    endloop
  endfacet
  facet normal 0.9799247046208106 0.1993679344172906 0
    outer loop
      vertex -125.897904186975 9.255980402687827 4.762499999999999
      vertex -125.87330353718801 9.135064345918442 4.762499999999999
      vertex -125.87330353718801 9.135064345918442 0.2
    endloop
  endfacet
  facet normal 0 0 -1
    outer loop
      vertex -125.897904186975 9.255980402687827 4.762499999999999
      vertex -125.81779078477129 8.89461219811035 4.762499999999999
      vertex -125.87330353718801 9.135064345918442 4.762499999999999
    endloop
  endfacet
  facet normal 0.9799247046208112 -0.19936793441728776 0
    outer loop
      vertex -125.897904186975 11.954019597312172 0.2
      vertex -125.87330353718801 12.074935654081559 0.2
      vertex -125.87330353718801 12.074935654081559 4.762499999999999
    endloop
  endfacet
  facet normal 0.9799247046208112 -0.19936793441728776 0
    outer loop
      vertex -125.897904186975 11.954019597312172 0.2
      vertex -125.87330353718801 12.074935654081559 4.762499999999999
      vertex -125.897904186975 11.954019597312172 4.762499999999999
    endloop
  endfacet
  facet normal 0 0 -1
    outer loop
      vertex -125.897904186975 11.954019597312172 4.762499999999999
      vertex -125.87330353718801 12.074935654081559 4.762499999999999
      vertex -125.81779078477129 12.315387801889651 4.762499999999999
    endloop
  endfacet
  facet normal 0.9762960071199398 0.21643961393807418 0
    outer loop
      vertex -125.87330353718801 9.135064345918442 0.2
      vertex -125.87330353718801 9.135064345918442 4.762499999999999
      vertex -125.84659635803162 9.014596045788874 0.2
    endloop
  endfacet
  facet normal 0.9762960071199398 0.21643961393807418 0
    outer loop
      vertex -125.87330353718801 9.135064345918442 4.762499999999999
      vertex -125.84659635803162 9.014596045788874 4.762499999999999
      vertex -125.84659635803162 9.014596045788874 0.2
    endloop
  endfacet
  facet normal 0 0 -1
    outer loop
      vertex -125.87330353718801 9.135064345918442 4.762499999999999
      vertex -125.81779078477129 8.89461219811035 4.762499999999999
      vertex -125.84659635803162 9.014596045788874 4.762499999999999
    endloop
  endfacet
  facet normal 0.9762960071199398 -0.21643961393807418 0
    outer loop
      vertex -125.87330353718801 12.074935654081559 0.2
      vertex -125.84659635803162 12.195403954211127 0.2
      vertex -125.84659635803162 12.195403954211127 4.762499999999999
    endloop
  endfacet
  facet normal 0.9762960071199398 -0.21643961393807418 0
    outer loop
      vertex -125.87330353718801 12.074935654081559 0.2
      vertex -125.84659635803162 12.195403954211127 4.762499999999999
      vertex -125.87330353718801 12.074935654081559 4.762499999999999
    endloop
  endfacet
  facet normal 0 0 -1
    outer loop
      vertex -125.87330353718801 12.074935654081559 4.762499999999999
      vertex -125.84659635803162 12.195403954211127 4.762499999999999
      vertex -125.81779078477129 12.315387801889651 4.762499999999999
    endloop
  endfacet
  facet normal 0.9723699203976571 0.2334453638559861 0
    outer loop
      vertex -125.84659635803162 9.014596045788874 0.2
      vertex -125.84659635803162 9.014596045788874 4.762499999999999
      vertex -125.81779078477129 8.89461219811035 0.2
    endloop
  endfacet
  facet normal 0.9723699203976571 0.2334453638559861 0
    outer loop
      vertex -125.84659635803162 9.014596045788874 4.762499999999999
      vertex -125.81779078477129 8.89461219811035 4.762499999999999
      vertex -125.81779078477129 8.89461219811035 0.2
    endloop
  endfacet
  facet normal 0.9723699203976571 -0.2334453638559861 0
    outer loop
      vertex -125.84659635803162 12.195403954211127 0.2
      vertex -125.81779078477129 12.315387801889651 0.2
      vertex -125.81779078477129 12.315387801889651 4.762499999999999
    endloop
  endfacet
  facet normal 0.9723699203976571 -0.2334453638559861 0
    outer loop
      vertex -125.84659635803162 12.195403954211127 0.2
      vertex -125.81779078477129 12.315387801889651 4.762499999999999
      vertex -125.84659635803162 12.195403954211127 4.762499999999999
    endloop
  endfacet
  facet normal 0.9681476403781151 0.25038000405441363 0
    outer loop
      vertex -125.81779078477129 8.89461219811035 0.2
      vertex -125.81779078477129 8.89461219811035 4.762499999999999
      vertex -125.78689559186371 8.775149351125178 0.2
    endloop
  endfacet
  facet normal 0.9681476403781151 0.25038000405441363 0
    outer loop
      vertex -125.81779078477129 8.89461219811035 4.762499999999999
      vertex -125.78689559186371 8.775149351125178 4.762499999999999
      vertex -125.78689559186371 8.775149351125178 0.2
    endloop
  endfacet
  facet normal 0 0 -1
    outer loop
      vertex -125.81779078477129 8.89461219811035 4.762499999999999
      vertex -125.75392019028392 8.656243894373816 4.762499999999999
      vertex -125.78689559186371 8.775149351125178 4.762499999999999
    endloop
  endfacet
  facet normal 0 0 -1
    outer loop
      vertex -125.81779078477129 8.89461219811035 4.762499999999999
      vertex -125.71887462465867 8.537932047610251 4.762499999999999
      vertex -125.75392019028392 8.656243894373816 4.762499999999999
    endloop
  endfacet
  facet normal 0 0 -1
    outer loop
      vertex -125.81779078477129 8.89461219811035 4.762499999999999
      vertex -125.64261632948717 8.303233147987902 4.762499999999999
      vertex -125.71887462465867 8.537932047610251 4.762499999999999
    endloop
  endfacet
  facet normal 0.9703096690375819 -0.24186596737072855 0
    outer loop
      vertex -125.81779078477129 12.315387801889651 0.2
      vertex -125.46575143917676 13.727687285878067 0.2
      vertex -125.46575143917676 13.727687285878067 4.762499999999999
    endloop
  endfacet
  facet normal 0.9703096690375819 -0.24186596737072855 0
    outer loop
      vertex -125.81779078477129 12.315387801889651 0.2
      vertex -125.46575143917676 13.727687285878067 4.762499999999999
      vertex -125.81779078477129 12.315387801889651 4.762499999999999
    endloop
  endfacet
  facet normal 0 0 -1
    outer loop
      vertex -125.81779078477129 12.315387801889651 4.762499999999999
      vertex -125.46575143917676 13.727687285878067 4.762499999999999
      vertex -125.39924321744812 13.94881700209844 4.762499999999999
    endloop
  endfacet
  facet normal 0 0 -1
    outer loop
      vertex -125.81779078477129 12.315387801889651 4.762499999999999
      vertex -125.39924321744812 13.94881700209844 4.762499999999999
      vertex -125.12336235706947 14.619566929445131 4.762499999999999
    endloop
  endfacet
  facet normal 0.9636304532086396 0.2672383760781968 0
    outer loop
      vertex -125.78689559186371 8.775149351125178 0.2
      vertex -125.78689559186371 8.775149351125178 4.762499999999999
      vertex -125.75392019028392 8.656243894373816 0.2
    endloop
  endfacet
  facet normal 0.9636304532086396 0.2672383760781968 0
    outer loop
      vertex -125.78689559186371 8.775149351125178 4.762499999999999
      vertex -125.75392019028392 8.656243894373816 4.762499999999999
      vertex -125.75392019028392 8.656243894373816 0.2
    endloop
  endfacet
  facet normal 0.958819734868193 0.28401534470392276 0
    outer loop
      vertex -125.75392019028392 8.656243894373816 0.2
      vertex -125.75392019028392 8.656243894373816 4.762499999999999
      vertex -125.71887462465867 8.537932047610251 0.2
    endloop
  endfacet
  facet normal 0.958819734868193 0.28401534470392276 0
    outer loop
      vertex -125.75392019028392 8.656243894373816 4.762499999999999
      vertex -125.71887462465867 8.537932047610251 4.762499999999999
      vertex -125.71887462465867 8.537932047610251 0.2
    endloop
  endfacet
  facet normal 0.95371695074822 0.3007057995042953 0
    outer loop
      vertex -125.71887462465867 8.537932047610251 0.2
      vertex -125.71887462465867 8.537932047610251 4.762499999999999
      vertex -125.68176957020674 8.420249849769123 0.2
    endloop
  endfacet
  facet normal 0.95371695074822 0.3007057995042953 0
    outer loop
      vertex -125.71887462465867 8.537932047610251 4.762499999999999
      vertex -125.68176957020674 8.420249849769123 4.762499999999999
      vertex -125.68176957020674 8.420249849769123 0.2
    endloop
  endfacet
  facet normal 0 0 -1
    outer loop
      vertex -125.71887462465867 8.537932047610251 4.762499999999999
      vertex -125.64261632948717 8.303233147987902 4.762499999999999
      vertex -125.68176957020674 8.420249849769123 4.762499999999999
    endloop
  endfacet
  facet normal 0.948323655206188 0.31730465640512606 0
    outer loop
      vertex -125.68176957020674 8.420249849769123 0.2
      vertex -125.68176957020674 8.420249849769123 4.762499999999999
      vertex -125.64261632948717 8.303233147987902 0.2
    endloop
  endfacet
  facet normal 0.948323655206188 0.31730465640512606 0
    outer loop
      vertex -125.68176957020674 8.420249849769123 4.762499999999999
      vertex -125.64261632948717 8.303233147987902 4.762499999999999
      vertex -125.64261632948717 8.303233147987902 0.2
    endloop
  endfacet
  facet normal 0.9426414910921949 0.33380685923372416 0
    outer loop
      vertex -125.64261632948717 8.303233147987902 0.2
      vertex -125.64261632948717 8.303233147987902 4.762499999999999
      vertex -125.60142682895638 8.186917586687521 0.2
    endloop
  endfacet
  facet normal 0.9426414910921949 0.33380685923372416 0
    outer loop
      vertex -125.64261632948717 8.303233147987902 4.762499999999999
      vertex -125.60142682895638 8.186917586687521 4.762499999999999
      vertex -125.60142682895638 8.186917586687521 0.2
    endloop
  endfacet
  facet normal 0 0 -1
    outer loop
      vertex -125.64261632948717 8.303233147987902 4.762499999999999
      vertex -125.5129898517872 7.9565313845495025 4.762499999999999
      vertex -125.60142682895638 8.186917586687521 4.762499999999999
    endloop
  endfacet
  facet normal 0 0 -1
    outer loop
      vertex -125.64261632948717 8.303233147987902 4.762499999999999
      vertex -125.41656638553319 7.729371933454092 4.762499999999999
      vertex -125.5129898517872 7.9565313845495025 4.762499999999999
    endloop
  endfacet
  facet normal 0 0 -1
    outer loop
      vertex -125.64261632948717 8.303233147987902 4.762499999999999
      vertex -125.20023948151261 7.285836051103752 4.762499999999999
      vertex -125.41656638553319 7.729371933454092 4.762499999999999
    endloop
  endfacet
  facet normal 0 0 -1
    outer loop
      vertex -125.64261632948717 8.303233147987902 4.762499999999999
      vertex -124.67755015023087 6.449358266292215 4.762499999999999
      vertex -125.20023948151261 7.285836051103752 4.762499999999999
    endloop
  endfacet
  facet normal 0 0 -1
    outer loop
      vertex -125.64261632948717 8.303233147987902 4.762499999999999
      vertex -123.21263221368498 4.958646943965639 4.762499999999999
      vertex -124.67755015023087 6.449358266292215 4.762499999999999
    endloop
  endfacet
  facet normal 0.9366721892483902 0.3502073812594868 0
    outer loop
      vertex -125.60142682895638 8.186917586687521 0.2
      vertex -125.60142682895638 8.186917586687521 4.762499999999999
      vertex -125.55821361533522 8.071338596714728 0.2
    endloop
  endfacet
  facet normal 0.9366721892483902 0.3502073812594868 0
    outer loop
      vertex -125.60142682895638 8.186917586687521 4.762499999999999
      vertex -125.55821361533522 8.071338596714728 4.762499999999999
      vertex -125.55821361533522 8.071338596714728 0.2
    endloop
  endfacet
  facet normal 0 0 -1
    outer loop
      vertex -125.60142682895638 8.186917586687521 4.762499999999999
      vertex -125.5129898517872 7.9565313845495025 4.762499999999999
      vertex -125.55821361533522 8.071338596714728 4.762499999999999
    endloop
  endfacet
  facet normal 0.9304175679820429 0.3665012267242509 0
    outer loop
      vertex -125.55821361533522 8.071338596714728 0.2
      vertex -125.55821361533522 8.071338596714728 4.762499999999999
      vertex -125.5129898517872 7.9565313845495025 0.2
    endloop
  endfacet
  facet normal 0.9304175679820429 0.3665012267242509 0
    outer loop
      vertex -125.55821361533522 8.071338596714728 4.762499999999999
      vertex -125.5129898517872 7.9565313845495025 4.762499999999999
      vertex -125.5129898517872 7.9565313845495025 0.2
    endloop
  endfacet
  facet normal 0.9238795325112547 0.38268343236516716 0
    outer loop
      vertex -125.5129898517872 7.9565313845495025 0.2
      vertex -125.5129898517872 7.9565313845495025 4.762499999999999
      vertex -125.46576931390875 7.842530921580835 0.2
    endloop
  endfacet
  facet normal 0.9238795325112547 0.38268343236516716 0
    outer loop
      vertex -125.5129898517872 7.9565313845495025 4.762499999999999
      vertex -125.46576931390875 7.842530921580835 4.762499999999999
      vertex -125.46576931390875 7.842530921580835 0.2
    endloop
  endfacet
  facet normal 0 0 -1
    outer loop
      vertex -125.5129898517872 7.9565313845495025 4.762499999999999
      vertex -125.41656638553319 7.729371933454092 4.762499999999999
      vertex -125.46576931390875 7.842530921580835 4.762499999999999
    endloop
  endfacet
  facet normal 0.9170600743851266 0.39874906892524054 0
    outer loop
      vertex -125.46576931390875 7.842530921580835 0.2
      vertex -125.46576931390875 7.842530921580835 4.762499999999999
      vertex -125.41656638553319 7.729371933454092 0.2
    endloop
  endfacet
  facet normal 0.9170600743851266 0.39874906892524054 0
    outer loop
      vertex -125.46576931390875 7.842530921580835 4.762499999999999
      vertex -125.41656638553319 7.729371933454092 4.762499999999999
      vertex -125.41656638553319 7.729371933454092 0.2
    endloop
  endfacet
  facet normal 0.9576242507968612 -0.2880204754626833 0
    outer loop
      vertex -125.46575143917676 13.727687285878067 0.2
      vertex -125.39924321744812 13.94881700209844 0.2
      vertex -125.39924321744812 13.94881700209844 4.762499999999999
    endloop
  endfacet
  facet normal 0.9576242507968612 -0.2880204754626833 0
    outer loop
      vertex -125.46575143917676 13.727687285878067 0.2
      vertex -125.39924321744812 13.94881700209844 4.762499999999999
      vertex -125.46575143917676 13.727687285878067 4.762499999999999
    endloop
  endfacet
  facet normal 0.9099612708765594 0.4146932426562032 0
    outer loop
      vertex -125.41656638553319 7.729371933454092 0.2
      vertex -125.41656638553319 7.729371933454092 4.762499999999999
      vertex -125.36539605434912 7.617088889493255 0.2
    endloop
  endfacet
  facet normal 0.9099612708765594 0.4146932426562032 0
    outer loop
      vertex -125.41656638553319 7.729371933454092 4.762499999999999
      vertex -125.36539605434912 7.617088889493255 4.762499999999999
      vertex -125.36539605434912 7.617088889493255 0.2
    endloop
  endfacet
  facet normal 0 0 -1
    outer loop
      vertex -125.41656638553319 7.729371933454092 4.762499999999999
      vertex -125.31227390733511 7.505715992201222 4.762499999999999
      vertex -125.36539605434912 7.617088889493255 4.762499999999999
    endloop
  endfacet
  facet normal 0 0 -1
    outer loop
      vertex -125.41656638553319 7.729371933454092 4.762499999999999
      vertex -125.20023948151261 7.285836051103752 4.762499999999999
      vertex -125.31227390733511 7.505715992201222 4.762499999999999
    endloop
  endfacet
  facet normal 0.9419807371412605 -0.3356669344079146 0
    outer loop
      vertex -125.39924321744812 13.94881700209844 0.2
      vertex -125.31999222373736 14.171218739721237 0.2
      vertex -125.31999222373736 14.171218739721237 4.762499999999999
    endloop
  endfacet
  facet normal 0.9419807371412605 -0.3356669344079146 0
    outer loop
      vertex -125.39924321744812 13.94881700209844 0.2
      vertex -125.31999222373736 14.171218739721237 4.762499999999999
      vertex -125.39924321744812 13.94881700209844 4.762499999999999
    endloop
  endfacet
  facet normal 0 0 -1
    outer loop
      vertex -125.39924321744812 13.94881700209844 4.762499999999999
      vertex -125.31999222373736 14.171218739721237 4.762499999999999
      vertex -125.12336235706947 14.619566929445131 4.762499999999999
    endloop
  endfacet
  facet normal 0.9025852843498502 0.43051109680831695 0
    outer loop
      vertex -125.36539605434912 7.617088889493255 0.2
      vertex -125.36539605434912 7.617088889493255 4.762499999999999
      vertex -125.31227390733511 7.505715992201222 0.2
    endloop
  endfacet
  facet normal 0.9025852843498502 0.43051109680831695 0
    outer loop
      vertex -125.36539605434912 7.617088889493255 4.762499999999999
      vertex -125.31227390733511 7.505715992201222 4.762499999999999
      vertex -125.31227390733511 7.505715992201222 0.2
    endloop
  endfacet
  facet normal 0.9248286498257953 -0.38038397503233057 0
    outer loop
      vertex -125.31999222373736 14.171218739721237 0.2
      vertex -125.2280225986649 14.394824753022727 0.2
      vertex -125.2280225986649 14.394824753022727 4.762499999999999
    endloop
  endfacet
  facet normal 0.9248286498257953 -0.38038397503233057 0
    outer loop
      vertex -125.31999222373736 14.171218739721237 0.2
      vertex -125.2280225986649 14.394824753022727 4.762499999999999
      vertex -125.31999222373736 14.171218739721237 4.762499999999999
    endloop
  endfacet
  facet normal 0 0 -1
    outer loop
      vertex -125.31999222373736 14.171218739721237 4.762499999999999
      vertex -125.2280225986649 14.394824753022727 4.762499999999999
      vertex -125.12336235706947 14.619566929445131 4.762499999999999
    endloop
  endfacet
  facet normal 0.89493436160205 0.44619781310975887 0
    outer loop
      vertex -125.31227390733511 7.505715992201222 0.2
      vertex -125.31227390733511 7.505715992201222 4.762499999999999
      vertex -125.25721612601177 7.395287166841404 0.2
    endloop
  endfacet
  facet normal 0.89493436160205 0.44619781310975887 0
    outer loop
      vertex -125.31227390733511 7.505715992201222 4.762499999999999
      vertex -125.25721612601177 7.395287166841404 4.762499999999999
      vertex -125.25721612601177 7.395287166841404 0.2
    endloop
  endfacet
  facet normal 0 0 -1
    outer loop
      vertex -125.31227390733511 7.505715992201222 4.762499999999999
      vertex -125.20023948151261 7.285836051103752 4.762499999999999
      vertex -125.25721612601177 7.395287166841404 4.762499999999999
    endloop
  endfacet
  facet normal 0.8870108331781847 0.46174861323510497 0
    outer loop
      vertex -125.25721612601177 7.395287166841404 0.2
      vertex -125.25721612601177 7.395287166841404 4.762499999999999
      vertex -125.20023948151261 7.285836051103752 0.2
    endloop
  endfacet
  facet normal 0.8870108331781847 0.46174861323510497 0
    outer loop
      vertex -125.25721612601177 7.395287166841404 4.762499999999999
      vertex -125.20023948151261 7.285836051103752 4.762499999999999
      vertex -125.20023948151261 7.285836051103752 0.2
    endloop
  endfacet
  facet normal 0.9065220437525224 -0.42215848231529124 0
    outer loop
      vertex -125.2280225986649 14.394824753022727 0.2
      vertex -125.12336235706947 14.619566929445131 0.2
      vertex -125.12336235706947 14.619566929445131 4.762499999999999
    endloop
  endfacet
  facet normal 0.9065220437525224 -0.42215848231529124 0
    outer loop
      vertex -125.2280225986649 14.394824753022727 0.2
      vertex -125.12336235706947 14.619566929445131 4.762499999999999
      vertex -125.2280225986649 14.394824753022727 4.762499999999999
    endloop
  endfacet
  facet normal 0.8788171126619789 0.4771587602595834 0
    outer loop
      vertex -125.20023948151261 7.285836051103752 0.2
      vertex -125.20023948151261 7.285836051103752 4.762499999999999
      vertex -125.14136132947553 7.177395984858396 0.2
    endloop
  endfacet
  facet normal 0.8788171126619789 0.4771587602595834 0
    outer loop
      vertex -125.20023948151261 7.285836051103752 4.762499999999999
      vertex -125.14136132947553 7.177395984858396 4.762499999999999
      vertex -125.14136132947553 7.177395984858396 0.2
    endloop
  endfacet
  facet normal 0 0 -1
    outer loop
      vertex -125.20023948151261 7.285836051103752 4.762499999999999
      vertex -125.08059960475597 7.07 4.762499999999999
      vertex -125.14136132947553 7.177395984858396 4.762499999999999
    endloop
  endfacet
  facet normal 0 0 -1
    outer loop
      vertex -125.20023948151261 7.285836051103752 4.762499999999999
      vertex -124.95350003982594 6.858470801871241 4.762499999999999
      vertex -125.08059960475597 7.07 4.762499999999999
    endloop
  endfacet
  facet normal 0 0 -1
    outer loop
      vertex -125.20023948151261 7.285836051103752 4.762499999999999
      vertex -124.67755015023087 6.449358266292215 4.762499999999999
      vertex -124.95350003982594 6.858470801871241 4.762499999999999
    endloop
  endfacet
  facet normal 0.8703556959398704 0.492423560103519 0
    outer loop
      vertex -125.14136132947553 7.177395984858396 0.2
      vertex -125.14136132947553 7.177395984858396 4.762499999999999
      vertex -125.08059960475597 7.07 0.2
    endloop
  endfacet
  facet normal 0.8703556959398704 0.492423560103519 0
    outer loop
      vertex -125.14136132947553 7.177395984858396 4.762499999999999
      vertex -125.08059960475597 7.07 4.762499999999999
      vertex -125.08059960475597 7.07 0.2
    endloop
  endfacet
  facet normal 0.8873810734845575 -0.46103669097089683 0
    outer loop
      vertex -125.12336235706947 14.619566929445131 0.2
      vertex -125.0060433794745 14.845376810344394 0.2
      vertex -125.0060433794745 14.845376810344394 4.762499999999999
    endloop
  endfacet
  facet normal 0.8873810734845575 -0.46103669097089683 0
    outer loop
      vertex -125.12336235706947 14.619566929445131 0.2
      vertex -125.0060433794745 14.845376810344394 4.762499999999999
      vertex -125.12336235706947 14.619566929445131 4.762499999999999
    endloop
  endfacet
  facet normal 0 0 -1
    outer loop
      vertex -125.12336235706947 14.619566929445131 4.762499999999999
      vertex -125.0060433794745 14.845376810344394 4.762499999999999
      vertex -124.8761014023771 15.072185611843317 4.762499999999999
    endloop
  endfacet
  facet normal 0 0 -1
    outer loop
      vertex -125.12336235706947 14.619566929445131 4.762499999999999
      vertex -124.8761014023771 15.072185611843317 4.762499999999999
      vertex -124.73357600736223 15.29992424578382 4.762499999999999
    endloop
  endfacet
  facet normal 0 0 -1
    outer loop
      vertex -125.12336235706947 14.619566929445131 4.762499999999999
      vertex -124.73357600736223 15.29992424578382 4.762499999999999
      vertex -124.23095254561723 15.988024139001478 4.762499999999999
    endloop
  endfacet
  facet normal 0 0 -1
    outer loop
      vertex -125.12336235706947 14.619566929445131 4.762499999999999
      vertex -124.23095254561723 15.988024139001478 4.762499999999999
      vertex -122.62766362899039 17.61307678272249 4.762499999999999
    endloop
  endfacet
  facet normal 0.8616291604415335 0.5075383629606911 0
    outer loop
      vertex -125.08059960475597 7.07 0.2
      vertex -125.08059960475597 7.07 4.762499999999999
      vertex -125.01797281596393 6.963680810385918 0.2
    endloop
  endfacet
  facet normal 0.8616291604415335 0.5075383629606911 0
    outer loop
      vertex -125.08059960475597 7.07 4.762499999999999
      vertex -125.01797281596393 6.963680810385918 4.762499999999999
      vertex -125.01797281596393 6.963680810385918 0.2
    endloop
  endfacet
  facet normal 0 0 -1
    outer loop
      vertex -125.08059960475597 7.07 4.762499999999999
      vertex -124.95350003982594 6.858470801871241 4.762499999999999
      vertex -125.01797281596393 6.963680810385918 4.762499999999999
    endloop
  endfacet
  facet normal 0.8526401643541393 0.5224985647158723 0
    outer loop
      vertex -125.01797281596393 6.963680810385918 0.2
      vertex -125.01797281596393 6.963680810385918 4.762499999999999
      vertex -124.95350003982594 6.858470801871241 0.2
    endloop
  endfacet
  facet normal 0.8526401643541393 0.5224985647158723 0
    outer loop
      vertex -125.01797281596393 6.963680810385918 4.762499999999999
      vertex -124.95350003982594 6.858470801871241 4.762499999999999
      vertex -124.95350003982594 6.858470801871241 0.2
    endloop
  endfacet
  facet normal 0.8676873203261493 -0.4971103641498798 0
    outer loop
      vertex -125.0060433794745 14.845376810344394 0.2
      vertex -124.8761014023771 15.072185611843317 0.2
      vertex -124.8761014023771 15.072185611843317 4.762499999999999
    endloop
  endfacet
  facet normal 0.8676873203261493 -0.4971103641498798 0
    outer loop
      vertex -125.0060433794745 14.845376810344394 0.2
      vertex -124.8761014023771 15.072185611843317 4.762499999999999
      vertex -125.0060433794745 14.845376810344394 4.762499999999999
    endloop
  endfacet
  facet normal 0.8433914458128707 0.5372996083468473 0
    outer loop
      vertex -124.95350003982594 6.858470801871241 0.2
      vertex -124.95350003982594 6.858470801871241 4.762499999999999
      vertex -124.88720091537415 6.754402022443758 0.2
    endloop
  endfacet
  facet normal 0.8433914458128707 0.5372996083468473 0
    outer loop
      vertex -124.95350003982594 6.858470801871241 4.762499999999999
      vertex -124.88720091537415 6.754402022443758 4.762499999999999
      vertex -124.88720091537415 6.754402022443758 0.2
    endloop
  endfacet
  facet normal 0 0 -1
    outer loop
      vertex -124.95350003982594 6.858470801871241 4.762499999999999
      vertex -124.81909563796415 6.65150617246182 4.762499999999999
      vertex -124.88720091537415 6.754402022443758 4.762499999999999
    endloop
  endfacet
  facet normal 0 0 -1
    outer loop
      vertex -124.95350003982594 6.858470801871241 4.762499999999999
      vertex -124.67755015023087 6.449358266292215 4.762499999999999
      vertex -124.81909563796415 6.65150617246182 4.762499999999999
    endloop
  endfacet
  facet normal 0.8338858220671838 0.5519369853120345 0
    outer loop
      vertex -124.88720091537415 6.754402022443758 0.2
      vertex -124.88720091537415 6.754402022443758 4.762499999999999
      vertex -124.81909563796415 6.65150617246182 0.2
    endloop
  endfacet
  facet normal 0.8338858220671838 0.5519369853120345 0
    outer loop
      vertex -124.88720091537415 6.754402022443758 4.762499999999999
      vertex -124.81909563796415 6.65150617246182 4.762499999999999
      vertex -124.81909563796415 6.65150617246182 0.2
    endloop
  endfacet
  facet normal 0.8476823982166798 -0.5305040544177002 0
    outer loop
      vertex -124.8761014023771 15.072185611843317 0.2
      vertex -124.73357600736223 15.29992424578382 0.2
      vertex -124.73357600736223 15.29992424578382 4.762499999999999
    endloop
  endfacet
  facet normal 0.8476823982166798 -0.5305040544177002 0
    outer loop
      vertex -124.8761014023771 15.072185611843317 0.2
      vertex -124.73357600736223 15.29992424578382 4.762499999999999
      vertex -124.8761014023771 15.072185611843317 4.762499999999999
    endloop
  endfacet
  facet normal 0.8241261886220238 0.5664062369248212 0
    outer loop
      vertex -124.81909563796415 6.65150617246182 0.2
      vertex -124.81909563796415 6.65150617246182 4.762499999999999
      vertex -124.74920495312318 6.549814594998105 0.2
    endloop
  endfacet
  facet normal 0.8241261886220238 0.5664062369248212 0
    outer loop
      vertex -124.81909563796415 6.65150617246182 4.762499999999999
      vertex -124.74920495312318 6.549814594998105 4.762499999999999
      vertex -124.74920495312318 6.549814594998105 0.2
    endloop
  endfacet
  facet normal 0 0 -1
    outer loop
      vertex -124.81909563796415 6.65150617246182 4.762499999999999
      vertex -124.67755015023087 6.449358266292215 4.762499999999999
      vertex -124.74920495312318 6.549814594998105 4.762499999999999
    endloop
  endfacet
  facet normal 0.8141155183562522 0.5807029557110337 0
    outer loop
      vertex -124.74920495312318 6.549814594998105 0.2
      vertex -124.74920495312318 6.549814594998105 4.762499999999999
      vertex -124.67755015023087 6.449358266292215 0.2
    endloop
  endfacet
  facet normal 0.8141155183562522 0.5807029557110337 0
    outer loop
      vertex -124.74920495312318 6.549814594998105 4.762499999999999
      vertex -124.67755015023087 6.449358266292215 4.762499999999999
      vertex -124.67755015023087 6.449358266292215 0.2
    endloop
  endfacet
  facet normal 0.8275689750510572 -0.5613640454579745 0
    outer loop
      vertex -124.73357600736223 15.29992424578382 0.2
      vertex -124.57851060904592 15.528523340771851 0.2
      vertex -124.57851060904592 15.528523340771851 4.762499999999999
    endloop
  endfacet
  facet normal 0.8275689750510572 -0.5613640454579745 0
    outer loop
      vertex -124.73357600736223 15.29992424578382 0.2
      vertex -124.57851060904592 15.528523340771851 4.762499999999999
      vertex -124.73357600736223 15.29992424578382 4.762499999999999
    endloop
  endfacet
  facet normal 0 0 -1
    outer loop
      vertex -124.73357600736223 15.29992424578382 4.762499999999999
      vertex -124.57851060904592 15.528523340771851 4.762499999999999
      vertex -124.23095254561723 15.988024139001478 4.762499999999999
    endloop
  endfacet
  facet normal 0.803856860617253 0.594822786751293 0
    outer loop
      vertex -124.67755015023087 6.449358266292215 0.2
      vertex -124.67755015023087 6.449358266292215 4.762499999999999
      vertex -124.60415305603436 6.350167786315019 0.2
    endloop
  endfacet
  facet normal 0.803856860617253 0.594822786751293 0
    outer loop
      vertex -124.67755015023087 6.449358266292215 4.762499999999999
      vertex -124.60415305603436 6.350167786315019 4.762499999999999
      vertex -124.60415305603436 6.350167786315019 0.2
    endloop
  endfacet
  facet normal 0 0 -1
    outer loop
      vertex -124.67755015023087 6.449358266292215 4.762499999999999
      vertex -124.52903602799952 6.252273369447596 4.762499999999999
      vertex -124.60415305603436 6.350167786315019 4.762499999999999
    endloop
  endfacet
  facet normal 0 0 -1
    outer loop
      vertex -124.67755015023087 6.449358266292215 4.762499999999999
      vertex -124.293596732175 5.966662665037113 4.762499999999999
      vertex -124.52903602799952 6.252273369447596 4.762499999999999
    endloop
  endfacet
  facet normal 0 0 -1
    outer loop
      vertex -124.67755015023087 6.449358266292215 4.762499999999999
      vertex -123.95704494298889 5.605755057011109 4.762499999999999
      vertex -124.293596732175 5.966662665037113 4.762499999999999
    endloop
  endfacet
  facet normal 0 0 -1
    outer loop
      vertex -124.67755015023087 6.449358266292215 4.762499999999999
      vertex -123.21263221368498 4.958646943965639 4.762499999999999
      vertex -123.95704494298889 5.605755057011109 4.762499999999999
    endloop
  endfacet
  facet normal 0.7933533402912262 0.6087614290087322 0
    outer loop
      vertex -124.60415305603436 6.350167786315019 0.2
      vertex -124.60415305603436 6.350167786315019 4.762499999999999
      vertex -124.52903602799952 6.252273369447596 0.2
    endloop
  endfacet
  facet normal 0.7933533402912262 0.6087614290087322 0
    outer loop
      vertex -124.60415305603436 6.350167786315019 4.762499999999999
      vertex -124.52903602799952 6.252273369447596 4.762499999999999
      vertex -124.52903602799952 6.252273369447596 0.2
    endloop
  endfacet
  facet normal 0.8075134059295637 -0.5898492173802009 0
    outer loop
      vertex -124.57851060904592 15.528523340771851 0.2
      vertex -124.41095244185061 15.75791326330859 0.2
      vertex -124.41095244185061 15.75791326330859 4.762499999999999
    endloop
  endfacet
  facet normal 0.8075134059295637 -0.5898492173802009 0
    outer loop
      vertex -124.57851060904592 15.528523340771851 0.2
      vertex -124.41095244185061 15.75791326330859 4.762499999999999
      vertex -124.57851060904592 15.528523340771851 4.762499999999999
    endloop
  endfacet
  facet normal 0 0 -1
    outer loop
      vertex -124.57851060904592 15.528523340771851 4.762499999999999
      vertex -124.41095244185061 15.75791326330859 4.762499999999999
      vertex -124.23095254561723 15.988024139001478 4.762499999999999
    endloop
  endfacet
  facet normal 0.7826081568524303 0.622514636637599 0
    outer loop
      vertex -124.52903602799952 6.252273369447596 0.2
      vertex -124.52903602799952 6.252273369447596 4.762499999999999
      vertex -124.45222194750079 6.15570483527765 0.2
    endloop
  endfacet
  facet normal 0.7826081568524303 0.622514636637599 0
    outer loop
      vertex -124.52903602799952 6.252273369447596 4.762499999999999
      vertex -124.45222194750079 6.15570483527765 4.762499999999999
      vertex -124.45222194750079 6.15570483527765 0.2
    endloop
  endfacet
  facet normal 0 0 -1
    outer loop
      vertex -124.52903602799952 6.252273369447596 4.762499999999999
      vertex -124.37373421285118 6.060491599516168 4.762499999999999
      vertex -124.45222194750079 6.15570483527765 4.762499999999999
    endloop
  endfacet
  facet normal 0 0 -1
    outer loop
      vertex -124.52903602799952 6.252273369447596 4.762499999999999
      vertex -124.293596732175 5.966662665037113 4.762499999999999
      vertex -124.37373421285118 6.060491599516168 4.762499999999999
    endloop
  endfacet
  facet normal 0.7716245833877033 0.6360782202777842 0
    outer loop
      vertex -124.45222194750079 6.15570483527765 0.2
      vertex -124.45222194750079 6.15570483527765 4.762499999999999
      vertex -124.37373421285118 6.060491599516168 0.2
    endloop
  endfacet
  facet normal 0.7716245833877033 0.6360782202777842 0
    outer loop
      vertex -124.45222194750079 6.15570483527765 4.762499999999999
      vertex -124.37373421285118 6.060491599516168 4.762499999999999
      vertex -124.37373421285118 6.060491599516168 0.2
    endloop
  endfacet
  facet normal 0.7876493062585835 -0.6161238271243633 0
    outer loop
      vertex -124.41095244185061 15.75791326330859 0.2
      vertex -124.23095254561723 15.988024139001478 0.2
      vertex -124.23095254561723 15.988024139001478 4.762499999999999
    endloop
  endfacet
  facet normal 0.7876493062585835 -0.6161238271243633 0
    outer loop
      vertex -124.41095244185061 15.75791326330859 0.2
      vertex -124.23095254561723 15.988024139001478 4.762499999999999
      vertex -124.41095244185061 15.75791326330859 4.762499999999999
    endloop
  endfacet
  facet normal 0.7604059656000581 0.6494480483301519 0
    outer loop
      vertex -124.37373421285118 6.060491599516168 0.2
      vertex -124.37373421285118 6.060491599516168 4.762499999999999
      vertex -124.293596732175 5.966662665037113 0.2
    endloop
  endfacet
  facet normal 0.7604059656000581 0.6494480483301519 0
    outer loop
      vertex -124.37373421285118 6.060491599516168 4.762499999999999
      vertex -124.293596732175 5.966662665037113 4.762499999999999
      vertex -124.293596732175 5.966662665037113 0.2
    endloop
  endfacet
  facet normal 0.7489557207890154 0.6626200482157224 0
    outer loop
      vertex -124.293596732175 5.966662665037113 0.2
      vertex -124.293596732175 5.966662665037113 4.762499999999999
      vertex -124.21183391612519 5.874246613042872 0.2
    endloop
  endfacet
  facet normal 0.7489557207890154 0.6626200482157224 0
    outer loop
      vertex -124.293596732175 5.966662665037113 4.762499999999999
      vertex -124.21183391612519 5.874246613042872 4.762499999999999
      vertex -124.21183391612519 5.874246613042872 0.2
    endloop
  endfacet
  facet normal 0 0 -1
    outer loop
      vertex -124.293596732175 5.966662665037113 4.762499999999999
      vertex -124.12847067044754 5.783271594358135 4.762499999999999
      vertex -124.21183391612519 5.874246613042872 4.762499999999999
    endloop
  endfacet
  facet normal 0 0 -1
    outer loop
      vertex -124.293596732175 5.966662665037113 4.762499999999999
      vertex -123.95704494298889 5.605755057011109 4.762499999999999
      vertex -124.12847067044754 5.783271594358135 4.762499999999999
    endloop
  endfacet
  facet normal 0.7680815480076274 -0.6403520403732675 0
    outer loop
      vertex -124.23095254561723 15.988024139001478 0.2
      vertex -124.03856575005787 16.218785873848645 0.2
      vertex -124.03856575005787 16.218785873848645 4.762499999999999
    endloop
  endfacet
  facet normal 0.7680815480076274 -0.6403520403732675 0
    outer loop
      vertex -124.23095254561723 15.988024139001478 0.2
      vertex -124.03856575005787 16.218785873848645 4.762499999999999
      vertex -124.23095254561723 15.988024139001478 4.762499999999999
    endloop
  endfacet
  facet normal 0 0 -1
    outer loop
      vertex -124.23095254561723 15.988024139001478 4.762499999999999
      vertex -124.03856575005787 16.218785873848645 4.762499999999999
      vertex -123.83385065805416 16.450128175590223 4.762499999999999
    endloop
  endfacet
  facet normal 0 0 -1
    outer loop
      vertex -124.23095254561723 15.988024139001478 4.762499999999999
      vertex -123.83385065805416 16.450128175590223 4.762499999999999
      vertex -123.3876887538378 16.914272447951173 4.762499999999999
    endloop
  endfacet
  facet normal 0 0 -1
    outer loop
      vertex -124.23095254561723 15.988024139001478 4.762499999999999
      vertex -123.3876887538378 16.914272447951173 4.762499999999999
      vertex -122.62766362899039 17.61307678272249 4.762499999999999
    endloop
  endfacet
  facet normal 0.7372773368101084 0.6755902076156771 0
    outer loop
      vertex -124.21183391612519 5.874246613042872 0.2
      vertex -124.21183391612519 5.874246613042872 4.762499999999999
      vertex -124.12847067044754 5.783271594358135 0.2
    endloop
  endfacet
  facet normal 0.7372773368101084 0.6755902076156771 0
    outer loop
      vertex -124.21183391612519 5.874246613042872 4.762499999999999
      vertex -124.12847067044754 5.783271594358135 4.762499999999999
      vertex -124.12847067044754 5.783271594358135 0.2
    endloop
  endfacet
  facet normal 0.7253743710122829 0.6883545756937591 0
    outer loop
      vertex -124.12847067044754 5.783271594358135 0.2
      vertex -124.12847067044754 5.783271594358135 4.762499999999999
      vertex -124.04353238839427 5.693765320854889 0.2
    endloop
  endfacet
  facet normal 0.7253743710122829 0.6883545756937591 0
    outer loop
      vertex -124.12847067044754 5.783271594358135 4.762499999999999
      vertex -124.04353238839427 5.693765320854889 4.762499999999999
      vertex -124.04353238839427 5.693765320854889 0.2
    endloop
  endfacet
  facet normal 0 0 -1
    outer loop
      vertex -124.12847067044754 5.783271594358135 4.762499999999999
      vertex -123.95704494298889 5.605755057011109 4.762499999999999
      vertex -124.04353238839427 5.693765320854889 4.762499999999999
    endloop
  endfacet
  facet normal 0.7132504491541442 0.7009092642998889 0
    outer loop
      vertex -124.04353238839427 5.693765320854889 0.2
      vertex -124.04353238839427 5.693765320854889 4.762499999999999
      vertex -123.95704494298889 5.605755057011109 0.2
    endloop
  endfacet
  facet normal 0.7132504491541442 0.7009092642998889 0
    outer loop
      vertex -124.04353238839427 5.693765320854889 4.762499999999999
      vertex -123.95704494298889 5.605755057011109 4.762499999999999
      vertex -123.95704494298889 5.605755057011109 0.2
    endloop
  endfacet
  facet normal 0.7488903114052252 -0.6626939727229944 0
    outer loop
      vertex -124.03856575005787 16.218785873848645 0.2
      vertex -123.83385065805416 16.450128175590223 0.2
      vertex -123.83385065805416 16.450128175590223 4.762499999999999
    endloop
  endfacet
  facet normal 0.7488903114052252 -0.6626939727229944 0
    outer loop
      vertex -124.03856575005787 16.218785873848645 0.2
      vertex -123.83385065805416 16.450128175590223 4.762499999999999
      vertex -124.03856575005787 16.218785873848645 4.762499999999999
    endloop
  endfacet
  facet normal 0.7009092642998919 0.7132504491541414 0
    outer loop
      vertex -123.95704494298889 5.605755057011109 0.2
      vertex -123.95704494298889 5.605755057011109 4.762499999999999
      vertex -123.86903467914512 5.519267611605736 0.2
    endloop
  endfacet
  facet normal 0.7009092642998919 0.7132504491541414 0
    outer loop
      vertex -123.95704494298889 5.605755057011109 4.762499999999999
      vertex -123.86903467914512 5.519267611605736 4.762499999999999
      vertex -123.86903467914512 5.519267611605736 0.2
    endloop
  endfacet
  facet normal 0 0 -1
    outer loop
      vertex -123.95704494298889 5.605755057011109 4.762499999999999
      vertex -123.77952840564186 5.434329329552464 4.762499999999999
      vertex -123.86903467914512 5.519267611605736 4.762499999999999
    endloop
  endfacet
  facet normal 0 0 -1
    outer loop
      vertex -123.95704494298889 5.605755057011109 4.762499999999999
      vertex -123.59613733496289 5.269203267825002 4.762499999999999
      vertex -123.77952840564186 5.434329329552464 4.762499999999999
    endloop
  endfacet
  facet normal 0 0 -1
    outer loop
      vertex -123.95704494298889 5.605755057011109 4.762499999999999
      vertex -123.21263221368498 4.958646943965639 4.762499999999999
      vertex -123.59613733496289 5.269203267825002 4.762499999999999
    endloop
  endfacet
  facet normal 0.6883545756936941 0.7253743710123444 0
    outer loop
      vertex -123.86903467914512 5.519267611605736 0.2
      vertex -123.86903467914512 5.519267611605736 4.762499999999999
      vertex -123.77952840564186 5.434329329552464 0.2
    endloop
  endfacet
  facet normal 0.6883545756936941 0.7253743710123444 0
    outer loop
      vertex -123.86903467914512 5.519267611605736 4.762499999999999
      vertex -123.77952840564186 5.434329329552464 4.762499999999999
      vertex -123.77952840564186 5.434329329552464 0.2
    endloop
  endfacet
  facet normal 0.7301349511694125 -0.6833029731245428 0
    outer loop
      vertex -123.83385065805416 16.450128175590223 0.2
      vertex -123.61686962780621 16.68198057512003 0.2
      vertex -123.61686962780621 16.68198057512003 4.762499999999999
    endloop
  endfacet
  facet normal 0.7301349511694125 -0.6833029731245428 0
    outer loop
      vertex -123.83385065805416 16.450128175590223 0.2
      vertex -123.61686962780621 16.68198057512003 4.762499999999999
      vertex -123.83385065805416 16.450128175590223 4.762499999999999
    endloop
  endfacet
  facet normal 0 0 -1
    outer loop
      vertex -123.83385065805416 16.450128175590223 4.762499999999999
      vertex -123.61686962780621 16.68198057512003 4.762499999999999
      vertex -123.3876887538378 16.914272447951173 4.762499999999999
    endloop
  endfacet
  facet normal 0.6755902076157441 0.7372773368100473 0
    outer loop
      vertex -123.77952840564186 5.434329329552464 0.2
      vertex -123.77952840564186 5.434329329552464 4.762499999999999
      vertex -123.68855338695714 5.350966083874822 0.2
    endloop
  endfacet
  facet normal 0.6755902076157441 0.7372773368100473 0
    outer loop
      vertex -123.77952840564186 5.434329329552464 4.762499999999999
      vertex -123.68855338695714 5.350966083874822 4.762499999999999
      vertex -123.68855338695714 5.350966083874822 0.2
    endloop
  endfacet
  facet normal 0 0 -1
    outer loop
      vertex -123.77952840564186 5.434329329552464 4.762499999999999
      vertex -123.59613733496289 5.269203267825002 4.762499999999999
      vertex -123.68855338695714 5.350966083874822 4.762499999999999
    endloop
  endfacet
  facet normal 0.6626200482157024 0.7489557207890332 0
    outer loop
      vertex -123.68855338695714 5.350966083874822 0.2
      vertex -123.68855338695714 5.350966083874822 4.762499999999999
      vertex -123.59613733496289 5.269203267825002 0.2
    endloop
  endfacet
  facet normal 0.6626200482157024 0.7489557207890332 0
    outer loop
      vertex -123.68855338695714 5.350966083874822 4.762499999999999
      vertex -123.59613733496289 5.269203267825002 4.762499999999999
      vertex -123.59613733496289 5.269203267825002 0.2
    endloop
  endfacet
  facet normal 0.7118575356283885 -0.7023238917828993 0
    outer loop
      vertex -123.61686962780621 16.68198057512003 0.2
      vertex -123.3876887538378 16.914272447951173 0.2
      vertex -123.3876887538378 16.914272447951173 4.762499999999999
    endloop
  endfacet
  facet normal 0.7118575356283885 -0.7023238917828993 0
    outer loop
      vertex -123.61686962780621 16.68198057512003 0.2
      vertex -123.3876887538378 16.914272447951173 4.762499999999999
      vertex -123.61686962780621 16.68198057512003 4.762499999999999
    endloop
  endfacet
  facet normal 0.6494480483302018 0.7604059656000155 0
    outer loop
      vertex -123.59613733496289 5.269203267825002 0.2
      vertex -123.59613733496289 5.269203267825002 4.762499999999999
      vertex -123.50230840048384 5.1890657871488255 0.2
    endloop
  endfacet
  facet normal 0.6494480483302018 0.7604059656000155 0
    outer loop
      vertex -123.59613733496289 5.269203267825002 4.762499999999999
      vertex -123.50230840048384 5.1890657871488255 4.762499999999999
      vertex -123.50230840048384 5.1890657871488255 0.2
    endloop
  endfacet
  facet normal 0 0 -1
    outer loop
      vertex -123.59613733496289 5.269203267825002 4.762499999999999
      vertex -123.40709516472235 5.110578052499216 4.762499999999999
      vertex -123.50230840048384 5.1890657871488255 4.762499999999999
    endloop
  endfacet
  facet normal 0 0 -1
    outer loop
      vertex -123.59613733496289 5.269203267825002 4.762499999999999
      vertex -123.21263221368498 4.958646943965639 4.762499999999999
      vertex -123.40709516472235 5.110578052499216 4.762499999999999
    endloop
  endfacet
  facet normal 0.6360782202777282 0.7716245833877495 0
    outer loop
      vertex -123.50230840048384 5.1890657871488255 0.2
      vertex -123.50230840048384 5.1890657871488255 4.762499999999999
      vertex -123.40709516472235 5.110578052499216 0.2
    endloop
  endfacet
  facet normal 0.6360782202777282 0.7716245833877495 0
    outer loop
      vertex -123.50230840048384 5.1890657871488255 4.762499999999999
      vertex -123.40709516472235 5.110578052499216 4.762499999999999
      vertex -123.40709516472235 5.110578052499216 0.2
    endloop
  endfacet
  facet normal 0.6225146366376174 0.7826081568524155 0
    outer loop
      vertex -123.40709516472235 5.110578052499216 0.2
      vertex -123.40709516472235 5.110578052499216 4.762499999999999
      vertex -123.3105266305524 5.033763972000476 0.2
    endloop
  endfacet
  facet normal 0.6225146366376174 0.7826081568524155 0
    outer loop
      vertex -123.40709516472235 5.110578052499216 4.762499999999999
      vertex -123.3105266305524 5.033763972000476 4.762499999999999
      vertex -123.3105266305524 5.033763972000476 0.2
    endloop
  endfacet
  facet normal 0 0 -1
    outer loop
      vertex -123.40709516472235 5.110578052499216 4.762499999999999
      vertex -123.21263221368498 4.958646943965639 4.762499999999999
      vertex -123.3105266305524 5.033763972000476 4.762499999999999
    endloop
  endfacet
  facet normal 0.6940859896065282 -0.7198921023541838 0
    outer loop
      vertex -123.3876887538378 16.914272447951173 0.2
      vertex -123.14637784686326 17.146933035728914 0.2
      vertex -123.14637784686326 17.146933035728914 4.762499999999999
    endloop
  endfacet
  facet normal 0.6940859896065282 -0.7198921023541838 0
    outer loop
      vertex -123.3876887538378 16.914272447951173 0.2
      vertex -123.14637784686326 17.146933035728914 4.762499999999999
      vertex -123.3876887538378 16.914272447951173 4.762499999999999
    endloop
  endfacet
  facet normal 0 0 -1
    outer loop
      vertex -123.3876887538378 16.914272447951173 4.762499999999999
      vertex -123.14637784686326 17.146933035728914 4.762499999999999
      vertex -122.62766362899039 17.61307678272249 4.762499999999999
    endloop
  endfacet
  facet normal 0.6087614290087405 0.7933533402912198 0
    outer loop
      vertex -123.3105266305524 5.033763972000476 0.2
      vertex -123.3105266305524 5.033763972000476 4.762499999999999
      vertex -123.21263221368498 4.958646943965639 0.2
    endloop
  endfacet
  facet normal 0.6087614290087405 0.7933533402912198 0
    outer loop
      vertex -123.3105266305524 5.033763972000476 4.762499999999999
      vertex -123.21263221368498 4.958646943965639 4.762499999999999
      vertex -123.21263221368498 4.958646943965639 0.2
    endloop
  endfacet
  facet normal 0.5948227867513395 0.8038568606172186 0
    outer loop
      vertex -123.21263221368498 4.958646943965639 0.2
      vertex -123.21263221368498 4.958646943965639 4.762499999999999
      vertex -123.11344173370779 4.885249849769122 0.2
    endloop
  endfacet
  facet normal 0.5948227867513395 0.8038568606172186 0
    outer loop
      vertex -123.21263221368498 4.958646943965639 4.762499999999999
      vertex -123.11344173370779 4.885249849769122 4.762499999999999
      vertex -123.11344173370779 4.885249849769122 0.2
    endloop
  endfacet
  facet normal 0 0 -1
    outer loop
      vertex -123.21263221368498 4.958646943965639 4.762499999999999
      vertex -123.0129854050019 4.813595046876828 4.762499999999999
      vertex -123.11344173370779 4.885249849769122 4.762499999999999
    endloop
  endfacet
  facet normal 0 0 -1
    outer loop
      vertex -123.21263221368498 4.958646943965639 4.762499999999999
      vertex -122.91129382753819 4.743704362035856 4.762499999999999
      vertex -123.0129854050019 4.813595046876828 4.762499999999999
    endloop
  endfacet
  facet normal 0 0 -1
    outer loop
      vertex -123.21263221368498 4.958646943965639 4.762499999999999
      vertex -122.62766362899039 17.61307678272249 4.762499999999999
      vertex -120 3.3638378185875513 4.762499999999999
    endloop
  endfacet
  facet normal 0 0 -1
    outer loop
      vertex -123.21263221368498 4.958646943965639 4.762499999999999
      vertex -122.59911918961409 4.544827184036066 4.762499999999999
      vertex -122.91129382753819 4.743704362035856 4.762499999999999
    endloop
  endfacet
  facet normal 0 0 -1
    outer loop
      vertex -123.21263221368498 4.958646943965639 4.762499999999999
      vertex -122.05708400779878 4.250526092664889 4.762499999999999
      vertex -122.59911918961409 4.544827184036066 4.762499999999999
    endloop
  endfacet
  facet normal 0 0 -1
    outer loop
      vertex -123.21263221368498 4.958646943965639 4.762499999999999
      vertex -120 3.3638378185875513 4.762499999999999
      vertex -122.05708400779878 4.250526092664889 4.762499999999999
    endloop
  endfacet
  facet normal 0.6768368216174022 -0.736133083689935 0
    outer loop
      vertex -123.14637784686326 17.146933035728914 0.2
      vertex -122.89301041252247 17.379891467784397 0.2
      vertex -122.89301041252247 17.379891467784397 4.762499999999999
    endloop
  endfacet
  facet normal 0.6768368216174022 -0.736133083689935 0
    outer loop
      vertex -123.14637784686326 17.146933035728914 0.2
      vertex -122.89301041252247 17.379891467784397 4.762499999999999
      vertex -123.14637784686326 17.146933035728914 4.762499999999999
    endloop
  endfacet
  facet normal 0 0 -1
    outer loop
      vertex -123.14637784686326 17.146933035728914 4.762499999999999
      vertex -122.89301041252247 17.379891467784397 4.762499999999999
      vertex -122.62766362899039 17.61307678272249 4.762499999999999
    endloop
  endfacet
  facet normal 0.5807029557109417 0.8141155183563179 0
    outer loop
      vertex -123.11344173370779 4.885249849769122 0.2
      vertex -123.11344173370779 4.885249849769122 4.762499999999999
      vertex -123.0129854050019 4.813595046876828 0.2
    endloop
  endfacet
  facet normal 0.5807029557109417 0.8141155183563179 0
    outer loop
      vertex -123.11344173370779 4.885249849769122 4.762499999999999
      vertex -123.0129854050019 4.813595046876828 4.762499999999999
      vertex -123.0129854050019 4.813595046876828 0.2
    endloop
  endfacet
  facet normal 0.5664062369248477 0.8241261886220055 0
    outer loop
      vertex -123.0129854050019 4.813595046876828 0.2
      vertex -123.0129854050019 4.813595046876828 4.762499999999999
      vertex -122.91129382753819 4.743704362035856 0.2
    endloop
  endfacet
  facet normal 0.5664062369248477 0.8241261886220055 0
    outer loop
      vertex -123.0129854050019 4.813595046876828 4.762499999999999
      vertex -122.91129382753819 4.743704362035856 4.762499999999999
      vertex -122.91129382753819 4.743704362035856 0.2
    endloop
  endfacet
  facet normal 0.5519369853120778 0.8338858220671551 0
    outer loop
      vertex -122.91129382753819 4.743704362035856 0.2
      vertex -122.91129382753819 4.743704362035856 4.762499999999999
      vertex -122.80839797755625 4.675599084625852 0.2
    endloop
  endfacet
  facet normal 0.5519369853120778 0.8338858220671551 0
    outer loop
      vertex -122.91129382753819 4.743704362035856 4.762499999999999
      vertex -122.80839797755625 4.675599084625852 4.762499999999999
      vertex -122.80839797755625 4.675599084625852 0.2
    endloop
  endfacet
  facet normal 0 0 -1
    outer loop
      vertex -122.91129382753819 4.743704362035856 4.762499999999999
      vertex -122.59911918961409 4.544827184036066 4.762499999999999
      vertex -122.80839797755625 4.675599084625852 4.762499999999999
    endloop
  endfacet
  facet normal 0.6601174475820162 -0.7511624028116718 0
    outer loop
      vertex -122.89301041252247 17.379891467784397 0.2
      vertex -122.62766362899039 17.61307678272249 0.2
      vertex -122.62766362899039 17.61307678272249 4.762499999999999
    endloop
  endfacet
  facet normal 0.6601174475820162 -0.7511624028116718 0
    outer loop
      vertex -122.89301041252247 17.379891467784397 0.2
      vertex -122.62766362899039 17.61307678272249 4.762499999999999
      vertex -122.89301041252247 17.379891467784397 4.762499999999999
    endloop
  endfacet
  facet normal 0.5372996083467807 0.8433914458129131 0
    outer loop
      vertex -122.80839797755625 4.675599084625852 0.2
      vertex -122.80839797755625 4.675599084625852 4.762499999999999
      vertex -122.70432919812876 4.609299960174069 0.2
    endloop
  endfacet
  facet normal 0.5372996083467807 0.8433914458129131 0
    outer loop
      vertex -122.80839797755625 4.675599084625852 4.762499999999999
      vertex -122.70432919812876 4.609299960174069 4.762499999999999
      vertex -122.70432919812876 4.609299960174069 0.2
    endloop
  endfacet
  facet normal 0 0 -1
    outer loop
      vertex -122.80839797755625 4.675599084625852 4.762499999999999
      vertex -122.59911918961409 4.544827184036066 4.762499999999999
      vertex -122.70432919812876 4.609299960174069 4.762499999999999
    endloop
  endfacet
  facet normal 0.5224985647159572 0.8526401643540872 0
    outer loop
      vertex -122.70432919812876 4.609299960174069 0.2
      vertex -122.70432919812876 4.609299960174069 4.762499999999999
      vertex -122.59911918961409 4.544827184036066 0.2
    endloop
  endfacet
  facet normal 0.5224985647159572 0.8526401643540872 0
    outer loop
      vertex -122.70432919812876 4.609299960174069 4.762499999999999
      vertex -122.59911918961409 4.544827184036066 4.762499999999999
      vertex -122.59911918961409 4.544827184036066 0.2
    endloop
  endfacet
  facet normal 0.6439281416962106 -0.7650859744706244 0
    outer loop
      vertex -122.62766362899039 17.61307678272249 0.2
      vertex -122.35041832346774 17.84641795003735 0.2
      vertex -122.35041832346774 17.84641795003735 4.762499999999999
    endloop
  endfacet
  facet normal 0.6439281416962106 -0.7650859744706244 0
    outer loop
      vertex -122.62766362899039 17.61307678272249 0.2
      vertex -122.35041832346774 17.84641795003735 4.762499999999999
      vertex -122.62766362899039 17.61307678272249 4.762499999999999
    endloop
  endfacet
  facet normal 0 0 -1
    outer loop
      vertex -122.62766362899039 17.61307678272249 4.762499999999999
      vertex -122.35041832346774 17.84641795003735 4.762499999999999
      vertex -122.06135894756032 18.07984389174898 4.762499999999999
    endloop
  endfacet
  facet normal 0 0 -1
    outer loop
      vertex -122.62766362899039 17.61307678272249 4.762499999999999
      vertex -122.06135894756032 18.07984389174898 4.762499999999999
      vertex -121.76057355155417 18.31328350405429 4.762499999999999
    endloop
  endfacet
  facet normal 0 0 -1
    outer loop
      vertex -122.62766362899039 17.61307678272249 4.762499999999999
      vertex -121.76057355155417 18.31328350405429 4.762499999999999
      vertex -120.78879515516071 19.012973393994177 4.762499999999999
    endloop
  endfacet
  facet normal 0 0 -1
    outer loop
      vertex -122.62766362899039 17.61307678272249 4.762499999999999
      vertex -120.78879515516071 19.012973393994177 4.762499999999999
      vertex -120 3.3638378185875513 4.762499999999999
    endloop
  endfacet
  facet normal 0.507538362960704 0.8616291604415258 0
    outer loop
      vertex -122.59911918961409 4.544827184036066 0.2
      vertex -122.59911918961409 4.544827184036066 4.762499999999999
      vertex -122.4928 4.482200395244019 0.2
    endloop
  endfacet
  facet normal 0.507538362960704 0.8616291604415258 0
    outer loop
      vertex -122.59911918961409 4.544827184036066 4.762499999999999
      vertex -122.4928 4.482200395244019 4.762499999999999
      vertex -122.4928 4.482200395244019 0.2
    endloop
  endfacet
  facet normal 0 0 -1
    outer loop
      vertex -122.59911918961409 4.544827184036066 4.762499999999999
      vertex -122.27696394889625 4.362560518487387 4.762499999999999
      vertex -122.4928 4.482200395244019 4.762499999999999
    endloop
  endfacet
  facet normal 0 0 -1
    outer loop
      vertex -122.59911918961409 4.544827184036066 4.762499999999999
      vertex -122.05708400779878 4.250526092664889 4.762499999999999
      vertex -122.27696394889625 4.362560518487387 4.762499999999999
    endloop
  endfacet
  facet normal 0.49242356010345206 0.8703556959399081 0
    outer loop
      vertex -122.4928 4.482200395244019 0.2
      vertex -122.4928 4.482200395244019 4.762499999999999
      vertex -122.3854040151416 4.421438670524473 0.2
    endloop
  endfacet
  facet normal 0.49242356010345206 0.8703556959399081 0
    outer loop
      vertex -122.4928 4.482200395244019 4.762499999999999
      vertex -122.3854040151416 4.421438670524473 4.762499999999999
      vertex -122.3854040151416 4.421438670524473 0.2
    endloop
  endfacet
  facet normal 0 0 -1
    outer loop
      vertex -122.4928 4.482200395244019 4.762499999999999
      vertex -122.27696394889625 4.362560518487387 4.762499999999999
      vertex -122.3854040151416 4.421438670524473 4.762499999999999
    endloop
  endfacet
  facet normal 0.4771587602596294 0.8788171126619541 0
    outer loop
      vertex -122.3854040151416 4.421438670524473 0.2
      vertex -122.3854040151416 4.421438670524473 4.762499999999999
      vertex -122.27696394889625 4.362560518487387 0.2
    endloop
  endfacet
  facet normal 0.4771587602596294 0.8788171126619541 0
    outer loop
      vertex -122.3854040151416 4.421438670524473 4.762499999999999
      vertex -122.27696394889625 4.362560518487387 4.762499999999999
      vertex -122.27696394889625 4.362560518487387 0.2
    endloop
  endfacet
  facet normal 0.6282636541957166 -0.7780005018100214 0
    outer loop
      vertex -122.35041832346774 17.84641795003735 0.2
      vertex -122.06135894756032 18.07984389174898 0.2
      vertex -122.06135894756032 18.07984389174898 4.762499999999999
    endloop
  endfacet
  facet normal 0.6282636541957166 -0.7780005018100214 0
    outer loop
      vertex -122.35041832346774 17.84641795003735 0.2
      vertex -122.06135894756032 18.07984389174898 4.762499999999999
      vertex -122.35041832346774 17.84641795003735 4.762499999999999
    endloop
  endfacet
  facet normal 0.4617486132350195 0.8870108331782292 0
    outer loop
      vertex -122.27696394889625 4.362560518487387 0.2
      vertex -122.27696394889625 4.362560518487387 4.762499999999999
      vertex -122.1675128331586 4.3055838739882395 0.2
    endloop
  endfacet
  facet normal 0.4617486132350195 0.8870108331782292 0
    outer loop
      vertex -122.27696394889625 4.362560518487387 4.762499999999999
      vertex -122.1675128331586 4.3055838739882395 4.762499999999999
      vertex -122.1675128331586 4.3055838739882395 0.2
    endloop
  endfacet
  facet normal 0 0 -1
    outer loop
      vertex -122.27696394889625 4.362560518487387 4.762499999999999
      vertex -122.05708400779878 4.250526092664889 4.762499999999999
      vertex -122.1675128331586 4.3055838739882395 4.762499999999999
    endloop
  endfacet
  facet normal 0.44619781310981366 0.8949343616020227 0
    outer loop
      vertex -122.1675128331586 4.3055838739882395 0.2
      vertex -122.1675128331586 4.3055838739882395 4.762499999999999
      vertex -122.05708400779878 4.250526092664889 0.2
    endloop
  endfacet
  facet normal 0.44619781310981366 0.8949343616020227 0
    outer loop
      vertex -122.1675128331586 4.3055838739882395 4.762499999999999
      vertex -122.05708400779878 4.250526092664889 4.762499999999999
      vertex -122.05708400779878 4.250526092664889 0.2
    endloop
  endfacet
  facet normal 0.6131145387577319 -0.7899940267900092 0
    outer loop
      vertex -122.06135894756032 18.07984389174898 0.2
      vertex -121.76057355155417 18.31328350405429 0.2
      vertex -121.76057355155417 18.31328350405429 4.762499999999999
    endloop
  endfacet
  facet normal 0.6131145387577319 -0.7899940267900092 0
    outer loop
      vertex -122.06135894756032 18.07984389174898 0.2
      vertex -121.76057355155417 18.31328350405429 4.762499999999999
      vertex -122.06135894756032 18.07984389174898 4.762499999999999
    endloop
  endfacet
  facet normal 0.43051109680830163 0.9025852843498575 0
    outer loop
      vertex -122.05708400779878 4.250526092664889 0.2
      vertex -122.05708400779878 4.250526092664889 4.762499999999999
      vertex -121.94571111050675 4.197403945650885 0.2
    endloop
  endfacet
  facet normal 0.43051109680830163 0.9025852843498575 0
    outer loop
      vertex -122.05708400779878 4.250526092664889 4.762499999999999
      vertex -121.94571111050675 4.197403945650885 4.762499999999999
      vertex -121.94571111050675 4.197403945650885 0.2
    endloop
  endfacet
  facet normal 0 0 -1
    outer loop
      vertex -122.05708400779878 4.250526092664889 4.762499999999999
      vertex -121.16904531790212 3.8443959848583975 4.762499999999999
      vertex -121.94571111050675 4.197403945650885 4.762499999999999
    endloop
  endfacet
  facet normal 0 0 -1
    outer loop
      vertex -122.05708400779878 4.250526092664889 4.762499999999999
      vertex -120.67549126385575 3.6306808103859174 4.762499999999999
      vertex -121.16904531790212 3.8443959848583975 4.762499999999999
    endloop
  endfacet
  facet normal 0 0 -1
    outer loop
      vertex -122.05708400779878 4.250526092664889 4.762499999999999
      vertex -120 3.3638378185875513 4.762499999999999
      vertex -120.67549126385575 3.6306808103859174 4.762499999999999
    endloop
  endfacet
  facet normal 0.4146932426562635 0.9099612708765321 0
    outer loop
      vertex -121.94571111050675 4.197403945650885 0.2
      vertex -121.94571111050675 4.197403945650885 4.762499999999999
      vertex -121.83342806654592 4.146233614466812 0.2
    endloop
  endfacet
  facet normal 0.4146932426562635 0.9099612708765321 0
    outer loop
      vertex -121.94571111050675 4.197403945650885 4.762499999999999
      vertex -121.83342806654592 4.146233614466812 4.762499999999999
      vertex -121.83342806654592 4.146233614466812 0.2
    endloop
  endfacet
  facet normal 0 0 -1
    outer loop
      vertex -121.94571111050675 4.197403945650885 4.762499999999999
      vertex -121.16904531790212 3.8443959848583975 4.762499999999999
      vertex -121.83342806654592 4.146233614466812 4.762499999999999
    endloop
  endfacet
  facet normal 0.41362743622072984 0.910446233451194 0
    outer loop
      vertex -121.83342806654592 4.146233614466812 0.2
      vertex -121.83342806654592 4.146233614466812 4.762499999999999
      vertex -121.16904531790212 3.8443959848583975 0.2
    endloop
  endfacet
  facet normal 0.41362743622072984 0.910446233451194 0
    outer loop
      vertex -121.83342806654592 4.146233614466812 4.762499999999999
      vertex -121.16904531790212 3.8443959848583975 4.762499999999999
      vertex -121.16904531790212 3.8443959848583975 0.2
    endloop
  endfacet
  facet normal 0.598468231456896 -0.8011465383666432 0
    outer loop
      vertex -121.76057355155417 18.31328350405429 0.2
      vertex -121.44815375759477 18.546665678985995 0.2
      vertex -121.44815375759477 18.546665678985995 4.762499999999999
    endloop
  endfacet
  facet normal 0.598468231456896 -0.8011465383666432 0
    outer loop
      vertex -121.76057355155417 18.31328350405429 0.2
      vertex -121.44815375759477 18.546665678985995 4.762499999999999
      vertex -121.76057355155417 18.31328350405429 4.762499999999999
    endloop
  endfacet
  facet normal 0 0 -1
    outer loop
      vertex -121.76057355155417 18.31328350405429 4.762499999999999
      vertex -121.44815375759477 18.546665678985995 4.762499999999999
      vertex -120.78879515516071 19.012973393994177 4.762499999999999
    endloop
  endfacet
  facet normal 0.584309920193985 -0.8115306014950384 0
    outer loop
      vertex -121.44815375759477 18.546665678985995 0.2
      vertex -121.12419473177776 18.779919326072786 0.2
      vertex -121.12419473177776 18.779919326072786 4.762499999999999
    endloop
  endfacet
  facet normal 0.584309920193985 -0.8115306014950384 0
    outer loop
      vertex -121.44815375759477 18.546665678985995 0.2
      vertex -121.12419473177776 18.779919326072786 4.762499999999999
      vertex -121.44815375759477 18.546665678985995 4.762499999999999
    endloop
  endfacet
  facet normal 0 0 -1
    outer loop
      vertex -121.44815375759477 18.546665678985995 4.762499999999999
      vertex -121.12419473177776 18.779919326072786 4.762499999999999
      vertex -120.78879515516071 19.012973393994177 4.762499999999999
    endloop
  endfacet
  facet normal 0.404173826613907 0.9146821950165378 0
    outer loop
      vertex -121.16904531790212 3.8443959848583975 0.2
      vertex -121.16904531790212 3.8443959848583975 4.762499999999999
      vertex -120.92599841902393 3.737 0.2
    endloop
  endfacet
  facet normal 0.404173826613907 0.9146821950165378 0
    outer loop
      vertex -121.16904531790212 3.8443959848583975 4.762499999999999
      vertex -120.92599841902393 3.737 4.762499999999999
      vertex -120.92599841902393 3.737 0.2
    endloop
  endfacet
  facet normal 0 0 -1
    outer loop
      vertex -121.16904531790212 3.8443959848583975 4.762499999999999
      vertex -120.67549126385575 3.6306808103859174 4.762499999999999
      vertex -120.92599841902393 3.737 4.762499999999999
    endloop
  endfacet
  facet normal 0.5706232394514441 -0.8212119815236136 0
    outer loop
      vertex -121.12419473177776 18.779919326072786 0.2
      vertex -120.78879515516071 19.012973393994177 0.2
      vertex -120.78879515516071 19.012973393994177 4.762499999999999
    endloop
  endfacet
  facet normal 0.5706232394514441 -0.8212119815236136 0
    outer loop
      vertex -121.12419473177776 18.779919326072786 0.2
      vertex -120.78879515516071 19.012973393994177 4.762499999999999
      vertex -121.12419473177776 18.779919326072786 4.762499999999999
    endloop
  endfacet
  facet normal 0.3906850803818399 0.9205243983551089 0
    outer loop
      vertex -120.92599841902393 3.737 0.2
      vertex -120.92599841902393 3.737 4.762499999999999
      vertex -120.67549126385575 3.6306808103859174 0.2
    endloop
  endfacet
  facet normal 0.3906850803818399 0.9205243983551089 0
    outer loop
      vertex -120.92599841902393 3.737 4.762499999999999
      vertex -120.67549126385575 3.6306808103859174 4.762499999999999
      vertex -120.67549126385575 3.6306808103859174 0.2
    endloop
  endfacet
  facet normal 0.5573908207952304 -0.8302502471503512 0
    outer loop
      vertex -120.78879515516071 19.012973393994177 0.2
      vertex -120.44205719370375 19.245756892223433 0.2
      vertex -120.44205719370375 19.245756892223433 4.762499999999999
    endloop
  endfacet
  facet normal 0.5573908207952304 -0.8302502471503512 0
    outer loop
      vertex -120.78879515516071 19.012973393994177 0.2
      vertex -120.44205719370375 19.245756892223433 4.762499999999999
      vertex -120.78879515516071 19.012973393994177 4.762499999999999
    endloop
  endfacet
  facet normal 0 0 -1
    outer loop
      vertex -120.78879515516071 19.012973393994177 4.762499999999999
      vertex -120.44205719370375 19.245756892223433 4.762499999999999
      vertex -120 3.3638378185875513 4.762499999999999
    endloop
  endfacet
  facet normal 0.37773798189562835 0.9259125320641349 0
    outer loop
      vertex -120.67549126385575 3.6306808103859174 0.2
      vertex -120.67549126385575 3.6306808103859174 4.762499999999999
      vertex -120.41760015930373 3.5254708018712413 0.2
    endloop
  endfacet
  facet normal 0.37773798189562835 0.9259125320641349 0
    outer loop
      vertex -120.67549126385575 3.6306808103859174 4.762499999999999
      vertex -120.41760015930373 3.5254708018712413 4.762499999999999
      vertex -120.41760015930373 3.5254708018712413 0.2
    endloop
  endfacet
  facet normal 0 0 -1
    outer loop
      vertex -120.67549126385575 3.6306808103859174 4.762499999999999
      vertex -120.15240366149659 3.4214020224437585 4.762499999999999
      vertex -120.41760015930373 3.5254708018712413 4.762499999999999
    endloop
  endfacet
  facet normal 0 0 -1
    outer loop
      vertex -120.67549126385575 3.6306808103859174 4.762499999999999
      vertex -120 3.3638378185875513 4.762499999999999
      vertex -120.15240366149659 3.4214020224437585 4.762499999999999
    endloop
  endfacet
  facet normal 0.5445947251842642 -0.8386993414218684 0
    outer loop
      vertex -120.44205719370375 19.245756892223433 0.2
      vertex -120.08408646714882 19.47819891265198 0.2
      vertex -120.08408646714882 19.47819891265198 4.762499999999999
    endloop
  endfacet
  facet normal 0.5445947251842642 -0.8386993414218684 0
    outer loop
      vertex -120.44205719370375 19.245756892223433 0.2
      vertex -120.08408646714882 19.47819891265198 4.762499999999999
      vertex -120.44205719370375 19.245756892223433 4.762499999999999
    endloop
  endfacet
  facet normal 0 0 -1
    outer loop
      vertex -120.44205719370375 19.245756892223433 4.762499999999999
      vertex -120.08408646714882 19.47819891265198 4.762499999999999
      vertex -120 3.3638378185875513 4.762499999999999
    endloop
  endfacet
  facet normal 0.3653009465041158 0.9308894770504159 0
    outer loop
      vertex -120.41760015930373 3.5254708018712413 0.2
      vertex -120.41760015930373 3.5254708018712413 4.762499999999999
      vertex -120.15240366149659 3.4214020224437585 0.2
    endloop
  endfacet
  facet normal 0.3653009465041158 0.9308894770504159 0
    outer loop
      vertex -120.41760015930373 3.5254708018712413 4.762499999999999
      vertex -120.15240366149659 3.4214020224437585 4.762499999999999
      vertex -120.15240366149659 3.4214020224437585 0.2
    endloop
  endfacet
  facet normal 0.3533440975709741 0.9354934252637771 0
    outer loop
      vertex -120.15240366149659 3.4214020224437585 0.2
      vertex -120.15240366149659 3.4214020224437585 4.762499999999999
      vertex -120 3.3638378185875513 0.2
    endloop
  endfacet
  facet normal 0 0 -1
    outer loop
      vertex -120.15240366149659 3.4214020224437585 0.2
      vertex -120 3.3638378185875513 0.2
      vertex -120 -10 0.2
    endloop
  endfacet
  facet normal 0.3533440975709741 0.9354934252637771 0
    outer loop
      vertex -120.15240366149659 3.4214020224437585 4.762499999999999
      vertex -120 3.3638378185875513 4.762499999999999
      vertex -120 3.3638378185875513 0.2
    endloop
  endfacet
  facet normal 0.5322167790935144 -0.8466081148036116 0
    outer loop
      vertex -120.08408646714882 19.47819891265198 0.2
      vertex -120 19.53105953131222 0.2
      vertex -120 19.53105953131222 4.762499999999999
    endloop
  endfacet
  facet normal 0.5322167790935144 -0.8466081148036116 0
    outer loop
      vertex -120.08408646714882 19.47819891265198 0.2
      vertex -120 19.53105953131222 4.762499999999999
      vertex -120.08408646714882 19.47819891265198 4.762499999999999
    endloop
  endfacet
  facet normal 0 0 -1
    outer loop
      vertex -120.08408646714882 19.47819891265198 4.762499999999999
      vertex -120 19.53105953131222 4.762499999999999
      vertex -120 3.3638378185875513 4.762499999999999
    endloop
  endfacet
  facet normal 1 0 0
    outer loop
      vertex -120 -10 0.2
      vertex -120 3.3638378185875513 0.2
      vertex -120 3.3638378185875513 4.762499999999999
    endloop
  endfacet
  facet normal 1 0 0
    outer loop
      vertex -120 -10 0.2
      vertex -120 3.3638378185875513 4.762499999999999
      vertex -120 -10 4.762499999999999
    endloop
  endfacet
  facet normal 0 0 -1
    outer loop
      vertex -120 -10 4.762499999999999
      vertex -120 3.3638378185875513 4.762499999999999
      vertex -80 -10 4.762499999999999
    endloop
  endfacet
  facet normal 0 -1 0
    outer loop
      vertex -120 -10 4.762499999999999
      vertex -80 -10 4.762499999999999
      vertex 20 -10 20.2
    endloop
  endfacet
  facet normal 0 0 -1
    outer loop
      vertex -120 3.3638378185875513 4.762499999999999
      vertex -120 19.53105953131222 4.762499999999999
      vertex -80 -10 4.762499999999999
    endloop
  endfacet
  facet normal 1 0 0
    outer loop
      vertex -120 19.53105953131222 0.2
      vertex -120 40 0.2
      vertex -120 40 4.762499999999999
    endloop
  endfacet
  facet normal 1 0 0
    outer loop
      vertex -120 19.53105953131222 0.2
      vertex -120 40 4.762499999999999
      vertex -120 19.53105953131222 4.762499999999999
    endloop
  endfacet
  facet normal 0 0 -1
    outer loop
      vertex -120 19.53105953131222 4.762499999999999
      vertex -120 40 4.762499999999999
      vertex -80 -10 4.762499999999999
    endloop
  endfacet
  facet normal 0 0 -1
    outer loop
      vertex -120 40 4.762499999999999
      vertex -80 0.16757436112274834 4.762499999999999
      vertex -80 -10 4.762499999999999
    endloop
  endfacet
  facet normal 0 0 -1
    outer loop
      vertex -120 40 4.762499999999999
      vertex -80 0.16760981632357433 4.762499999999999
      vertex -80 0.16757436112274834 4.762499999999999
    endloop
  endfacet
  facet normal 0 0 -1
    outer loop
      vertex -120 40 4.762499999999999
      vertex -80 30.769176441467554 4.762499999999999
      vertex -80 0.16760981632357433 4.762499999999999
    endloop
  endfacet
  facet normal 0 0 -1
    outer loop
      vertex -120 40 4.762499999999999
      vertex -80 40 4.762499999999999
      vertex -80 30.769176441467554 4.762499999999999
    endloop
  endfacet
  facet normal -1 0 0
    outer loop
      vertex -80 -10 0.2
      vertex -80 -10 4.762499999999999
      vertex -80 0.16757436112274834 0.2
    endloop
  endfacet
  facet normal 0 0 -1
    outer loop
      vertex -80 -10 0.2
      vertex -80 0.16757436112274834 0.2
      vertex -5 0.010473397570171772 0.2
    endloop
  endfacet
  facet normal 0 -1 0
    outer loop
      vertex -80 -10 0.2
      vertex -5 -10 0.2
      vertex -5 -10 4.762499999999999
    endloop
  endfacet
  facet normal 0 -1 0
    outer loop
      vertex -80 -10 0.2
      vertex -5 -10 4.762499999999999
      vertex -80 -10 4.762499999999999
    endloop
  endfacet
  facet normal 0 0 -1
    outer loop
      vertex -80 -10 0.2
      vertex -5 0.010473397570171772 0.2
      vertex -5 -10 0.2
    endloop
  endfacet
  facet normal -1 0 0
    outer loop
      vertex -80 -10 4.762499999999999
      vertex -80 0.16757436112274834 4.762499999999999
      vertex -80 0.16757436112274834 0.2
    endloop
  endfacet
  facet normal 0 -1 0
    outer loop
      vertex -80 -10 4.762499999999999
      vertex -5 -10 4.762499999999999
      vertex 20 -10 20.2
    endloop
  endfacet
  facet normal 0.0020946749186553978 0.9999978061660861 0
    outer loop
      vertex -80 0.16757436112274834 0.2
      vertex -80 0.16757436112274834 4.762499999999999
      vertex -5 0.010473397570171772 0.2
    endloop
  endfacet
  facet normal 0 0 -1
    outer loop
      vertex -80 0.16757436112274834 4.762499999999999
      vertex -80 0.16760981632357433 4.762499999999999
      vertex -5 0.010475613520223396 4.762499999999999
    endloop
  endfacet
  facet normal 0.0020946749186553978 0.9999978061660861 0
    outer loop
      vertex -80 0.16757436112274834 4.762499999999999
      vertex -5 0.010473397570171772 4.762499999999999
      vertex -5 0.010473397570171772 0.2
    endloop
  endfacet
  facet normal 0 0 -1
    outer loop
      vertex -80 0.16757436112274834 4.762499999999999
      vertex -5 0.010475613520223396 4.762499999999999
      vertex -5 0.010473397570171772 4.762499999999999
    endloop
  endfacet
  facet normal 0 0 -1
    outer loop
      vertex -80 0.16760981632357433 4.762499999999999
      vertex -80 30.769176441467554 4.762499999999999
      vertex -63.243802901776895 26.424858519728822 4.762499999999999
    endloop
  endfacet
  facet normal 0 0 -1
    outer loop
      vertex -80 0.16760981632357433 4.762499999999999
      vertex -63.243802901776895 26.424858519728822 4.762499999999999
      vertex -63.137250153818655 26.106405924167074 4.762499999999999
    endloop
  endfacet
  facet normal 0 0 -1
    outer loop
      vertex -80 0.16760981632357433 4.762499999999999
      vertex -63.137250153818655 26.106405924167074 4.762499999999999
      vertex -63.025155870231266 25.78986143234247 4.762499999999999
    endloop
  endfacet
  facet normal 0 0 -1
    outer loop
      vertex -80 0.16760981632357433 4.762499999999999
      vertex -63.025155870231266 25.78986143234247 4.762499999999999
      vertex -62.907554196019404 25.47532146677365 4.762499999999999
    endloop
  endfacet
  facet normal 0 0 -1
    outer loop
      vertex -80 0.16760981632357433 4.762499999999999
      vertex -62.907554196019404 25.47532146677365 4.762499999999999
      vertex -62.784480953792276 25.162881839381143 4.762499999999999
    endloop
  endfacet
  facet normal 0 0 -1
    outer loop
      vertex -80 0.16760981632357433 4.762499999999999
      vertex -62.784480953792276 25.162881839381143 4.762499999999999
      vertex -62.655973632851676 24.852637722302127 4.762499999999999
    endloop
  endfacet
  facet normal 0 0 -1
    outer loop
      vertex -80 0.16760981632357433 4.762499999999999
      vertex -62.655973632851676 24.852637722302127 4.762499999999999
      vertex -62.52207137777246 24.544683618900066 4.762499999999999
    endloop
  endfacet
  facet normal 0 0 -1
    outer loop
      vertex -80 0.16760981632357433 4.762499999999999
      vertex -62.52207137777246 24.544683618900066 4.762499999999999
      vertex -62.38281497647866 24.23911333497807 4.762499999999999
    endloop
  endfacet
  facet normal 0 0 -1
    outer loop
      vertex -80 0.16760981632357433 4.762499999999999
      vertex -62.38281497647866 24.23911333497807 4.762499999999999
      vertex -62.23824684781912 23.936019950204756 4.762499999999999
    endloop
  endfacet
  facet normal 0 0 -1
    outer loop
      vertex -80 0.16760981632357433 4.762499999999999
      vertex -62.23824684781912 23.936019950204756 4.762499999999999
      vertex -62.08841102864629 23.63549578976125 4.762499999999999
    endloop
  endfacet
  facet normal 0 0 -1
    outer loop
      vertex -80 0.16760981632357433 4.762499999999999
      vertex -62.08841102864629 23.63549578976125 4.762499999999999
      vertex -61.933353160402184 23.33763239621807 4.762499999999999
    endloop
  endfacet
  facet normal 0 0 -1
    outer loop
      vertex -80 0.16760981632357433 4.762499999999999
      vertex -61.933353160402184 23.33763239621807 4.762499999999999
      vertex -61.77312047521554 23.04252050165035 4.762499999999999
    endloop
  endfacet
  facet normal 0 0 -1
    outer loop
      vertex -80 0.16760981632357433 4.762499999999999
      vertex -61.77312047521554 23.04252050165035 4.762499999999999
      vertex -61.60776178151448 22.750249999999998 4.762499999999999
    endloop
  endfacet
  facet normal 0 0 -1
    outer loop
      vertex -80 0.16760981632357433 4.762499999999999
      vertex -61.60776178151448 22.750249999999998 4.762499999999999
      vertex -61.43732744915899 22.460909919693098 4.762499999999999
    endloop
  endfacet
  facet normal 0 0 -1
    outer loop
      vertex -80 0.16760981632357433 4.762499999999999
      vertex -61.43732744915899 22.460909919693098 4.762499999999999
      vertex -61.261869394097715 22.17458839652102 4.762499999999999
    endloop
  endfacet
  facet normal 0 0 -1
    outer loop
      vertex -80 0.16760981632357433 4.762499999999999
      vertex -61.261869394097715 22.17458839652102 4.762499999999999
      vertex -61.08144106255393 21.89137264679337 4.762499999999999
    endloop
  endfacet
  facet normal 0 0 -1
    outer loop
      vertex -80 0.16760981632357433 4.762499999999999
      vertex -61.08144106255393 21.89137264679337 4.762499999999999
      vertex -60.89609741474528 21.611348940771094 4.762499999999999
    endloop
  endfacet
  facet normal 0 0 -1
    outer loop
      vertex -80 0.16760981632357433 4.762499999999999
      vertex -60.89609741474528 21.611348940771094 4.762499999999999
      vertex -60.70589490814235 21.334602576387695 4.762499999999999
    endloop
  endfacet
  facet normal 0 0 -1
    outer loop
      vertex -80 0.16760981632357433 4.762499999999999
      vertex -60.70589490814235 21.334602576387695 4.762499999999999
      vertex -60.51089148027118 21.06121785326667 4.762499999999999
    endloop
  endfacet
  facet normal 0 0 -1
    outer loop
      vertex -80 0.16760981632357433 4.762499999999999
      vertex -60.51089148027118 21.06121785326667 4.762499999999999
      vertex -60.311146531064935 20.791278047043015 4.762499999999999
    endloop
  endfacet
  facet normal 0 0 -1
    outer loop
      vertex -80 0.16760981632357433 4.762499999999999
      vertex -60.311146531064935 20.791278047043015 4.762499999999999
      vertex -60.106720904770135 20.524865383996673 4.762499999999999
    endloop
  endfacet
  facet normal 0 0 -1
    outer loop
      vertex -80 0.16760981632357433 4.762499999999999
      vertex -60.106720904770135 20.524865383996673 4.762499999999999
      vertex -59.89767687141284 20.262061016005603 4.762499999999999
    endloop
  endfacet
  facet normal 0 0 -1
    outer loop
      vertex -80 0.16760981632357433 4.762499999999999
      vertex -59.89767687141284 20.262061016005603 4.762499999999999
      vertex -59.6840781078307 20.00294499582614 4.762499999999999
    endloop
  endfacet
  facet normal 0 0 -1
    outer loop
      vertex -80 0.16760981632357433 4.762499999999999
      vertex -59.6840781078307 20.00294499582614 4.762499999999999
      vertex -59.465989678276244 19.747596252708142 4.762499999999999
    endloop
  endfacet
  facet normal 0 0 -1
    outer loop
      vertex -80 0.16760981632357433 4.762499999999999
      vertex -59.465989678276244 19.747596252708142 4.762499999999999
      vertex -59.243478014597805 19.49609256835239 4.762499999999999
    endloop
  endfacet
  facet normal 0 0 -1
    outer loop
      vertex -80 0.16760981632357433 4.762499999999999
      vertex -59.243478014597805 19.49609256835239 4.762499999999999
      vertex -59.01661089600365 19.248510553217496 4.762499999999999
    endloop
  endfacet
  facet normal 0 0 -1
    outer loop
      vertex -80 0.16760981632357433 4.762499999999999
      vertex -59.01661089600365 19.248510553217496 4.762499999999999
      vertex -58.78545742841582 19.00492562318366 4.762499999999999
    endloop
  endfacet
  facet normal 0 0 -1
    outer loop
      vertex -80 0.16760981632357433 4.762499999999999
      vertex -58.78545742841582 19.00492562318366 4.762499999999999
      vertex -58.55008802341977 18.765411976580232 4.762499999999999
    endloop
  endfacet
  facet normal 0 0 -1
    outer loop
      vertex -80 0.16760981632357433 4.762499999999999
      vertex -58.55008802341977 18.765411976580232 4.762499999999999
      vertex -58.31057437681634 18.53004257158418 4.762499999999999
    endloop
  endfacet
  facet normal 0 0 -1
    outer loop
      vertex -80 0.16760981632357433 4.762499999999999
      vertex -58.31057437681634 18.53004257158418 4.762499999999999
      vertex -58.0669894467825 18.298889103996352 4.762499999999999
    endloop
  endfacet
  facet normal 0 0 -1
    outer loop
      vertex -80 0.16760981632357433 4.762499999999999
      vertex -58.0669894467825 18.298889103996352 4.762499999999999
      vertex -57.81940743164761 18.07202198540219 4.762499999999999
    endloop
  endfacet
  facet normal 0 0 -1
    outer loop
      vertex -80 0.16760981632357433 4.762499999999999
      vertex -57.81940743164761 18.07202198540219 4.762499999999999
      vertex -57.56790374729186 17.849510321723752 4.762499999999999
    endloop
  endfacet
  facet normal 0 0 -1
    outer loop
      vertex -80 0.16760981632357433 4.762499999999999
      vertex -57.56790374729186 17.849510321723752 4.762499999999999
      vertex -57.31255500417385 17.6314218921693 4.762499999999999
    endloop
  endfacet
  facet normal 0 0 -1
    outer loop
      vertex -80 0.16760981632357433 4.762499999999999
      vertex -57.31255500417385 17.6314218921693 4.762499999999999
      vertex -57.0534389839944 17.417823128587152 4.762499999999999
    endloop
  endfacet
  facet normal 0 0 -1
    outer loop
      vertex -80 0.16760981632357433 4.762499999999999
      vertex -57.0534389839944 17.417823128587152 4.762499999999999
      vertex -56.790634616003324 17.208779095229865 4.762499999999999
    endloop
  endfacet
  facet normal 0 0 -1
    outer loop
      vertex -80 0.16760981632357433 4.762499999999999
      vertex -56.790634616003324 17.208779095229865 4.762499999999999
      vertex -56.524221952956985 17.004353468935065 4.762499999999999
    endloop
  endfacet
  facet normal 0 0 -1
    outer loop
      vertex -80 0.16760981632357433 4.762499999999999
      vertex -56.524221952956985 17.004353468935065 4.762499999999999
      vertex -56.25428214673333 16.804608519728824 4.762499999999999
    endloop
  endfacet
  facet normal 0 0 -1
    outer loop
      vertex -80 0.16760981632357433 4.762499999999999
      vertex -56.25428214673333 16.804608519728824 4.762499999999999
      vertex -55.980897423612305 16.609605091857652 4.762499999999999
    endloop
  endfacet
  facet normal 0 0 -1
    outer loop
      vertex -80 0.16760981632357433 4.762499999999999
      vertex -55.980897423612305 16.609605091857652 4.762499999999999
      vertex -55.704151059228906 16.419402585254723 4.762499999999999
    endloop
  endfacet
  facet normal 0 0 -1
    outer loop
      vertex -80 0.16760981632357433 4.762499999999999
      vertex -55.704151059228906 16.419402585254723 4.762499999999999
      vertex -55.42412735320662 16.234058937446065 4.762499999999999
    endloop
  endfacet
  facet normal 0 0 -1
    outer loop
      vertex -80 0.16760981632357433 4.762499999999999
      vertex -55.42412735320662 16.234058937446065 4.762499999999999
      vertex -55.140911603478976 16.053630605902285 4.762499999999999
    endloop
  endfacet
  facet normal 0 0 -1
    outer loop
      vertex -80 0.16760981632357433 4.762499999999999
      vertex -55.140911603478976 16.053630605902285 4.762499999999999
      vertex -54.8545900803069 15.878172550841008 4.762499999999999
    endloop
  endfacet
  facet normal 0 0 -1
    outer loop
      vertex -80 0.16760981632357433 4.762499999999999
      vertex -54.8545900803069 15.878172550841008 4.762499999999999
      vertex -54.56525 15.70773821848551 4.762499999999999
    endloop
  endfacet
  facet normal 0 0 -1
    outer loop
      vertex -80 0.16760981632357433 4.762499999999999
      vertex -54.56525 15.70773821848551 4.762499999999999
      vertex -54.27297949834965 15.542379524784456 4.762499999999999
    endloop
  endfacet
  facet normal 0 0 -1
    outer loop
      vertex -80 0.16760981632357433 4.762499999999999
      vertex -54.27297949834965 15.542379524784456 4.762499999999999
      vertex -53.977867603781924 15.382146839597814 4.762499999999999
    endloop
  endfacet
  facet normal 0 0 -1
    outer loop
      vertex -80 0.16760981632357433 4.762499999999999
      vertex -53.977867603781924 15.382146839597814 4.762499999999999
      vertex -53.68000421023875 15.227088971353709 4.762499999999999
    endloop
  endfacet
  facet normal 0 0 -1
    outer loop
      vertex -80 0.16760981632357433 4.762499999999999
      vertex -53.68000421023875 15.227088971353709 4.762499999999999
      vertex -53.37948004979524 15.077253152180877 4.762499999999999
    endloop
  endfacet
  facet normal 0 0 -1
    outer loop
      vertex -80 0.16760981632357433 4.762499999999999
      vertex -53.37948004979524 15.077253152180877 4.762499999999999
      vertex -53.07638666502193 14.932685023521335 4.762499999999999
    endloop
  endfacet
  facet normal 0 0 -1
    outer loop
      vertex -80 0.16760981632357433 4.762499999999999
      vertex -53.07638666502193 14.932685023521335 4.762499999999999
      vertex -52.770816381099934 14.793428622227536 4.762499999999999
    endloop
  endfacet
  facet normal 0 0 -1
    outer loop
      vertex -80 0.16760981632357433 4.762499999999999
      vertex -52.770816381099934 14.793428622227536 4.762499999999999
      vertex -52.462862277697866 14.65952636714832 4.762499999999999
    endloop
  endfacet
  facet normal 0 0 -1
    outer loop
      vertex -80 0.16760981632357433 4.762499999999999
      vertex -52.462862277697866 14.65952636714832 4.762499999999999
      vertex -52.15261816061886 14.531019046207724 4.762499999999999
    endloop
  endfacet
  facet normal 0 0 -1
    outer loop
      vertex -80 0.16760981632357433 4.762499999999999
      vertex -52.15261816061886 14.531019046207724 4.762499999999999
      vertex -51.84017853322635 14.407945803980592 4.762499999999999
    endloop
  endfacet
  facet normal 0 0 -1
    outer loop
      vertex -80 0.16760981632357433 4.762499999999999
      vertex -51.84017853322635 14.407945803980592 4.762499999999999
      vertex -51.52563856765752 14.29034412976873 4.762499999999999
    endloop
  endfacet
  facet normal 0 0 -1
    outer loop
      vertex -80 0.16760981632357433 4.762499999999999
      vertex -51.52563856765752 14.29034412976873 4.762499999999999
      vertex -51.20909407583293 14.178249846181345 4.762499999999999
    endloop
  endfacet
  facet normal 0 0 -1
    outer loop
      vertex -80 0.16760981632357433 4.762499999999999
      vertex -51.20909407583293 14.178249846181345 4.762499999999999
      vertex -50.89064148027118 14.0716970982231 4.762499999999999
    endloop
  endfacet
  facet normal 0 0 -1
    outer loop
      vertex -80 0.16760981632357433 4.762499999999999
      vertex -50.89064148027118 14.0716970982231 4.762499999999999
      vertex -50.57037778471782 13.970718342893216 4.762499999999999
    endloop
  endfacet
  facet normal 0 0 -1
    outer loop
      vertex -80 0.16760981632357433 4.762499999999999
      vertex -50.57037778471782 13.970718342893216 4.762499999999999
      vertex -50.24840054459697 13.875344339298778 4.762499999999999
    endloop
  endfacet
  facet normal 0 0 -1
    outer loop
      vertex -80 0.16760981632357433 4.762499999999999
      vertex -50.24840054459697 13.875344339298778 4.762499999999999
      vertex -49.92480783729505 13.78560413928518 4.762499999999999
    endloop
  endfacet
  facet normal 0 0 -1
    outer loop
      vertex -80 0.16760981632357433 4.762499999999999
      vertex -49.92480783729505 13.78560413928518 4.762499999999999
      vertex -49.599698232285405 13.701525078586691 4.762499999999999
    endloop
  endfacet
  facet normal 0 0 -1
    outer loop
      vertex -80 0.16760981632357433 4.762499999999999
      vertex -49.599698232285405 13.701525078586691 4.762499999999999
      vertex -49.27317076110313 13.623132768499682 4.762499999999999
    endloop
  endfacet
  facet normal 0 0 -1
    outer loop
      vertex -80 0.16760981632357433 4.762499999999999
      vertex -49.27317076110313 13.623132768499682 4.762499999999999
      vertex -48.9453248871791 13.55045108808121 4.762499999999999
    endloop
  endfacet
  facet normal 0 0 -1
    outer loop
      vertex -80 0.16760981632357433 4.762499999999999
      vertex -48.9453248871791 13.55045108808121 4.762499999999999
      vertex -48.61626047554241 13.483502176875222 4.762499999999999
    endloop
  endfacet
  facet normal 0 0 -1
    outer loop
      vertex -80 0.16760981632357433 4.762499999999999
      vertex -48.61626047554241 13.483502176875222 4.762499999999999
      vertex -48.28607776240057 13.422306428168612 4.762499999999999
    endloop
  endfacet
  facet normal 0 0 -1
    outer loop
      vertex -80 0.16760981632357433 4.762499999999999
      vertex -48.28607776240057 13.422306428168612 4.762499999999999
      vertex -47.954877324606564 13.366882482779252 4.762499999999999
    endloop
  endfacet
  facet normal 0 0 -1
    outer loop
      vertex -80 0.16760981632357433 4.762499999999999
      vertex -47.954877324606564 13.366882482779252 4.762499999999999
      vertex -47.62276004902214 13.317247223377814 4.762499999999999
    endloop
  endfacet
  facet normal 0 0 -1
    outer loop
      vertex -80 0.16760981632357433 4.762499999999999
      vertex -47.62276004902214 13.317247223377814 4.762499999999999
      vertex -47.289827101786734 13.273415769345146 4.762499999999999
    endloop
  endfacet
  facet normal 0 0 -1
    outer loop
      vertex -80 0.16760981632357433 4.762499999999999
      vertex -47.289827101786734 13.273415769345146 4.762499999999999
      vertex -46.956179897501286 13.235401472166737 4.762499999999999
    endloop
  endfacet
  facet normal 0 0 -1
    outer loop
      vertex -80 0.16760981632357433 4.762499999999999
      vertex -46.956179897501286 13.235401472166737 4.762499999999999
      vertex -46.621920068336316 13.20321591136577 4.762499999999999
    endloop
  endfacet
  facet normal 0 0 -1
    outer loop
      vertex -80 0.16760981632357433 4.762499999999999
      vertex -46.621920068336316 13.20321591136577 4.762499999999999
      vertex -46.28714943307384 13.176868890975852 4.762499999999999
    endloop
  endfacet
  facet normal 0 0 -1
    outer loop
      vertex -80 0.16760981632357433 4.762499999999999
      vertex -46.28714943307384 13.176868890975852 4.762499999999999
      vertex -45.951969966092356 13.156368436554624 4.762499999999999
    endloop
  endfacet
  facet normal 0 0 -1
    outer loop
      vertex -80 0.16760981632357433 4.762499999999999
      vertex -45.951969966092356 13.156368436554624 4.762499999999999
      vertex -45.61648376630447 13.141720792739086 4.762499999999999
    endloop
  endfacet
  facet normal 0 0 -1
    outer loop
      vertex -80 0.16760981632357433 4.762499999999999
      vertex -45.61648376630447 13.141720792739086 4.762499999999999
      vertex -45.45 13.13 4.762499999999999
    endloop
  endfacet
  facet normal 0 0 -1
    outer loop
      vertex -80 0.16760981632357433 4.762499999999999
      vertex -45.45 13.13 4.762499999999999
      vertex -5 0.010475613520223396 4.762499999999999
    endloop
  endfacet
  facet normal -1 0 0
    outer loop
      vertex -80 30.769176441467554 0.2
      vertex -80 30.769176441467554 4.762499999999999
      vertex -80 40 0.2
    endloop
  endfacet
  facet normal 0 0 -1
    outer loop
      vertex -80 30.769176441467554 0.2
      vertex -80 40 0.2
      vertex -79.39022258335504 30.831608249260448 0.2
    endloop
  endfacet
  facet normal 0.10185213901282718 -0.9947995485415702 0
    outer loop
      vertex -80 30.769176441467554 0.2
      vertex -79.39022258335504 30.831608249260448 0.2
      vertex -79.39022258335504 30.831608249260448 4.762499999999999
    endloop
  endfacet
  facet normal 0.10185213901282718 -0.9947995485415702 0
    outer loop
      vertex -80 30.769176441467554 0.2
      vertex -79.39022258335504 30.831608249260448 4.762499999999999
      vertex -80 30.769176441467554 4.762499999999999
    endloop
  endfacet
  facet normal -1 0 0
    outer loop
      vertex -80 30.769176441467554 4.762499999999999
      vertex -80 40 4.762499999999999
      vertex -80 40 0.2
    endloop
  endfacet
  facet normal 0 0 -1
    outer loop
      vertex -80 30.769176441467554 4.762499999999999
      vertex -79.39022258335504 30.831608249260448 4.762499999999999
      vertex -77.93281178412492 30.96960457366514 4.762499999999999
    endloop
  endfacet
  facet normal 0 0 -1
    outer loop
      vertex -80 30.769176441467554 4.762499999999999
      vertex -77.93281178412492 30.96960457366514 4.762499999999999
      vertex -75.76011698364265 31.147208898255272 4.762499999999999
    endloop
  endfacet
  facet normal 0 0 -1
    outer loop
      vertex -80 30.769176441467554 4.762499999999999
      vertex -75.76011698364265 31.147208898255272 4.762499999999999
      vertex -71.48481114901007 31.39494739389 4.762499999999999
    endloop
  endfacet
  facet normal 0 0 -1
    outer loop
      vertex -80 30.769176441467554 4.762499999999999
      vertex -71.48481114901007 31.39494739389 4.762499999999999
      vertex -67.61563762374898 31.277245877386207 4.762499999999999
    endloop
  endfacet
  facet normal 0 0 -1
    outer loop
      vertex -80 30.769176441467554 4.762499999999999
      vertex -67.61563762374898 31.277245877386207 4.762499999999999
      vertex -67.5142274693802 31.24720682113599 4.762499999999999
    endloop
  endfacet
  facet normal 0 0 -1
    outer loop
      vertex -80 30.769176441467554 4.762499999999999
      vertex -67.5142274693802 31.24720682113599 4.762499999999999
      vertex -67.41335701408781 31.215402488748627 4.762499999999999
    endloop
  endfacet
  facet normal 0 0 -1
    outer loop
      vertex -80 30.769176441467554 4.762499999999999
      vertex -67.41335701408781 31.215402488748627 4.762499999999999
      vertex -67.31305698398963 31.181842568131856 4.762499999999999
    endloop
  endfacet
  facet normal 0 0 -1
    outer loop
      vertex -80 30.769176441467554 4.762499999999999
      vertex -67.31305698398963 31.181842568131856 4.762499999999999
      vertex -67.21335793144644 31.1465372819626 4.762499999999999
    endloop
  endfacet
  facet normal 0 0 -1
    outer loop
      vertex -80 30.769176441467554 4.762499999999999
      vertex -67.21335793144644 31.1465372819626 4.762499999999999
      vertex -67.11429022575548 31.10949738457304 4.762499999999999
    endloop
  endfacet
  facet normal 0 0 -1
    outer loop
      vertex -80 30.769176441467554 4.762499999999999
      vertex -67.11429022575548 31.10949738457304 4.762499999999999
      vertex -67.01588404389958 31.070734158674725 4.762499999999999
    endloop
  endfacet
  facet normal 0 0 -1
    outer loop
      vertex -80 30.769176441467554 4.762499999999999
      vertex -67.01588404389958 31.070734158674725 4.762499999999999
      vertex -66.918169361355 31.030259411921786 4.762499999999999
    endloop
  endfacet
  facet normal 0 0 -1
    outer loop
      vertex -80 30.769176441467554 4.762499999999999
      vertex -66.918169361355 31.030259411921786 4.762499999999999
      vertex -66.82117594296065 30.988085473314158 4.762499999999999
    endloop
  endfacet
  facet normal 0 0 -1
    outer loop
      vertex -80 30.769176441467554 4.762499999999999
      vertex -66.82117594296065 30.988085473314158 4.762499999999999
      vertex -66.72493333385135 30.944225189442093 4.762499999999999
    endloop
  endfacet
  facet normal 0 0 -1
    outer loop
      vertex -80 30.769176441467554 4.762499999999999
      vertex -66.72493333385135 30.944225189442093 4.762499999999999
      vertex -66.62947085045818 30.898691920572947 4.762499999999999
    endloop
  endfacet
  facet normal 0 0 -1
    outer loop
      vertex -80 30.769176441467554 4.762499999999999
      vertex -66.62947085045818 30.898691920572947 4.762499999999999
      vertex -66.53481757157834 30.851499536581503 4.762499999999999
    endloop
  endfacet
  facet normal 0 0 -1
    outer loop
      vertex -80 30.769176441467554 4.762499999999999
      vertex -66.53481757157834 30.851499536581503 4.762499999999999
      vertex -66.44100232951749 30.802662412725095 4.762499999999999
    endloop
  endfacet
  facet normal 0 0 -1
    outer loop
      vertex -80 30.769176441467554 4.762499999999999
      vertex -66.44100232951749 30.802662412725095 4.762499999999999
      vertex -66.34805370130718 30.752195425264734 4.762499999999999
    endloop
  endfacet
  facet normal 0 0 -1
    outer loop
      vertex -80 30.769176441467554 4.762499999999999
      vertex -66.34805370130718 30.752195425264734 4.762499999999999
      vertex -66.256 30.700113946933694 4.762499999999999
    endloop
  endfacet
  facet normal 0 0 -1
    outer loop
      vertex -80 30.769176441467554 4.762499999999999
      vertex -66.256 30.700113946933694 4.762499999999999
      vertex -66.16486926604506 30.646433842254797 4.762499999999999
    endloop
  endfacet
  facet normal 0 0 -1
    outer loop
      vertex -80 30.769176441467554 4.762499999999999
      vertex -66.16486926604506 30.646433842254797 4.762499999999999
      vertex -66.07468925874677 30.591171462707937 4.762499999999999
    endloop
  endfacet
  facet normal 0 0 -1
    outer loop
      vertex -80 30.769176441467554 4.762499999999999
      vertex -66.07468925874677 30.591171462707937 4.762499999999999
      vertex -65.98548744780894 30.534343641749263 4.762499999999999
    endloop
  endfacet
  facet normal 0 0 -1
    outer loop
      vertex -80 30.769176441467554 4.762499999999999
      vertex -65.98548744780894 30.534343641749263 4.762499999999999
      vertex -65.89729100496727 30.47596768968355 4.762499999999999
    endloop
  endfacet
  facet normal 0 0 -1
    outer loop
      vertex -80 30.769176441467554 4.762499999999999
      vertex -65.89729100496727 30.47596768968355 4.762499999999999
      vertex -65.81012679571265 30.416061388391284 4.762499999999999
    endloop
  endfacet
  facet normal 0 0 -1
    outer loop
      vertex -80 30.769176441467554 4.762499999999999
      vertex -65.81012679571265 30.416061388391284 4.762499999999999
      vertex -65.72402137110761 30.35464298591218 4.762499999999999
    endloop
  endfacet
  facet normal 0 0 -1
    outer loop
      vertex -80 30.769176441467554 4.762499999999999
      vertex -65.72402137110761 30.35464298591218 4.762499999999999
      vertex -65.63900095969858 30.29173119088659 4.762499999999999
    endloop
  endfacet
  facet normal 0 0 -1
    outer loop
      vertex -80 30.769176441467554 4.762499999999999
      vertex -65.63900095969858 30.29173119088659 4.762499999999999
      vertex -65.5550914595265 30.22734516685673 4.762499999999999
    endloop
  endfacet
  facet normal 0 0 -1
    outer loop
      vertex -80 30.769176441467554 4.762499999999999
      vertex -65.5550914595265 30.22734516685673 4.762499999999999
      vertex -65.47231843023798 30.16150452642924 4.762499999999999
    endloop
  endfacet
  facet normal 0 0 -1
    outer loop
      vertex -80 30.769176441467554 4.762499999999999
      vertex -65.47231843023798 30.16150452642924 4.762499999999999
      vertex -65.39070708529957 30.094229325301004 4.762499999999999
    endloop
  endfacet
  facet normal 0 0 -1
    outer loop
      vertex -80 30.769176441467554 4.762499999999999
      vertex -65.39070708529957 30.094229325301004 4.762499999999999
      vertex -65.31028228431752 30.025540056149993 4.762499999999999
    endloop
  endfacet
  facet normal 0 0 -1
    outer loop
      vertex -80 30.769176441467554 4.762499999999999
      vertex -65.31028228431752 30.025540056149993 4.762499999999999
      vertex -65.23106852546532 29.955457642393004 4.762499999999999
    endloop
  endfacet
  facet normal 0 0 -1
    outer loop
      vertex -80 30.769176441467554 4.762499999999999
      vertex -65.23106852546532 29.955457642393004 4.762499999999999
      vertex -65.15308993802125 29.884003431812168 4.762499999999999
    endloop
  endfacet
  facet normal 0 0 -1
    outer loop
      vertex -80 30.769176441467554 4.762499999999999
      vertex -65.15308993802125 29.884003431812168 4.762499999999999
      vertex -65.07637027501846 29.811199190052225 4.762499999999999
    endloop
  endfacet
  facet normal 0 0 -1
    outer loop
      vertex -80 30.769176441467554 4.762499999999999
      vertex -65.07637027501846 29.811199190052225 4.762499999999999
      vertex -65.00093290600951 29.737067093990472 4.762499999999999
    endloop
  endfacet
  facet normal 0 0 -1
    outer loop
      vertex -80 30.769176441467554 4.762499999999999
      vertex -65.00093290600951 29.737067093990472 4.762499999999999
      vertex -64.92680080994776 29.66162972498152 4.762499999999999
    endloop
  endfacet
  facet normal 0 0 -1
    outer loop
      vertex -80 30.769176441467554 4.762499999999999
      vertex -64.92680080994776 29.66162972498152 4.762499999999999
      vertex -64.85399656818782 29.584910061978736 4.762499999999999
    endloop
  endfacet
  facet normal 0 0 -1
    outer loop
      vertex -80 30.769176441467554 4.762499999999999
      vertex -64.85399656818782 29.584910061978736 4.762499999999999
      vertex -64.78254235760699 29.506931474534674 4.762499999999999
    endloop
  endfacet
  facet normal 0 0 -1
    outer loop
      vertex -80 30.769176441467554 4.762499999999999
      vertex -64.78254235760699 29.506931474534674 4.762499999999999
      vertex -64.71245994384999 29.42771771568247 4.762499999999999
    endloop
  endfacet
  facet normal 0 0 -1
    outer loop
      vertex -80 30.769176441467554 4.762499999999999
      vertex -64.71245994384999 29.42771771568247 4.762499999999999
      vertex -64.64377067469898 29.34729291470042 4.762499999999999
    endloop
  endfacet
  facet normal 0 0 -1
    outer loop
      vertex -80 30.769176441467554 4.762499999999999
      vertex -64.64377067469898 29.34729291470042 4.762499999999999
      vertex -64.57649547357074 29.265681569762013 4.762499999999999
    endloop
  endfacet
  facet normal 0 0 -1
    outer loop
      vertex -80 30.769176441467554 4.762499999999999
      vertex -64.57649547357074 29.265681569762013 4.762499999999999
      vertex -64.51065483314326 29.182908540473488 4.762499999999999
    endloop
  endfacet
  facet normal 0 0 -1
    outer loop
      vertex -80 30.769176441467554 4.762499999999999
      vertex -64.51065483314326 29.182908540473488 4.762499999999999
      vertex -64.4462688091134 29.098999040301408 4.762499999999999
    endloop
  endfacet
  facet normal 0 0 -1
    outer loop
      vertex -80 30.769176441467554 4.762499999999999
      vertex -64.4462688091134 29.098999040301408 4.762499999999999
      vertex -64.3833570140878 29.013978628892385 4.762499999999999
    endloop
  endfacet
  facet normal 0 0 -1
    outer loop
      vertex -80 30.769176441467554 4.762499999999999
      vertex -64.3833570140878 29.013978628892385 4.762499999999999
      vertex -64.3219386116087 28.927873204287334 4.762499999999999
    endloop
  endfacet
  facet normal 0 0 -1
    outer loop
      vertex -80 30.769176441467554 4.762499999999999
      vertex -64.3219386116087 28.927873204287334 4.762499999999999
      vertex -64.26203231031644 28.840708995032724 4.762499999999999
    endloop
  endfacet
  facet normal 0 0 -1
    outer loop
      vertex -80 30.769176441467554 4.762499999999999
      vertex -64.26203231031644 28.840708995032724 4.762499999999999
      vertex -64.20365635825073 28.752512552191064 4.762499999999999
    endloop
  endfacet
  facet normal 0 0 -1
    outer loop
      vertex -80 30.769176441467554 4.762499999999999
      vertex -64.20365635825073 28.752512552191064 4.762499999999999
      vertex -64.14682853729205 28.66331074125322 4.762499999999999
    endloop
  endfacet
  facet normal 0 0 -1
    outer loop
      vertex -80 30.769176441467554 4.762499999999999
      vertex -64.14682853729205 28.66331074125322 4.762499999999999
      vertex -64.09156615774519 28.573130733954926 4.762499999999999
    endloop
  endfacet
  facet normal 0 0 -1
    outer loop
      vertex -80 30.769176441467554 4.762499999999999
      vertex -64.09156615774519 28.573130733954926 4.762499999999999
      vertex -64.0378860530663 28.481999999999996 4.762499999999999
    endloop
  endfacet
  facet normal 0 0 -1
    outer loop
      vertex -80 30.769176441467554 4.762499999999999
      vertex -64.0378860530663 28.481999999999996 4.762499999999999
      vertex -63.98580457473526 28.3899462986928 4.762499999999999
    endloop
  endfacet
  facet normal 0 0 -1
    outer loop
      vertex -80 30.769176441467554 4.762499999999999
      vertex -63.98580457473526 28.3899462986928 4.762499999999999
      vertex -63.935337587274894 28.296997670482494 4.762499999999999
    endloop
  endfacet
  facet normal 0 0 -1
    outer loop
      vertex -80 30.769176441467554 4.762499999999999
      vertex -63.935337587274894 28.296997670482494 4.762499999999999
      vertex -63.886500463418486 28.20318242842165 4.762499999999999
    endloop
  endfacet
  facet normal 0 0 -1
    outer loop
      vertex -80 30.769176441467554 4.762499999999999
      vertex -63.886500463418486 28.20318242842165 4.762499999999999
      vertex -63.83930807942704 28.108529149541805 4.762499999999999
    endloop
  endfacet
  facet normal 0 0 -1
    outer loop
      vertex -80 30.769176441467554 4.762499999999999
      vertex -63.83930807942704 28.108529149541805 4.762499999999999
      vertex -63.79377481055789 28.013066666148635 4.762499999999999
    endloop
  endfacet
  facet normal 0 0 -1
    outer loop
      vertex -80 30.769176441467554 4.762499999999999
      vertex -63.79377481055789 28.013066666148635 4.762499999999999
      vertex -63.749914526685835 27.916824057039346 4.762499999999999
    endloop
  endfacet
  facet normal 0 0 -1
    outer loop
      vertex -80 30.769176441467554 4.762499999999999
      vertex -63.749914526685835 27.916824057039346 4.762499999999999
      vertex -63.70774058807821 27.819830638644994 4.762499999999999
    endloop
  endfacet
  facet normal 0 0 -1
    outer loop
      vertex -80 30.769176441467554 4.762499999999999
      vertex -63.70774058807821 27.819830638644994 4.762499999999999
      vertex -63.66726584132527 27.72211595610042 4.762499999999999
    endloop
  endfacet
  facet normal 0 0 -1
    outer loop
      vertex -80 30.769176441467554 4.762499999999999
      vertex -63.66726584132527 27.72211595610042 4.762499999999999
      vertex -63.62850261542695 27.623709774244517 4.762499999999999
    endloop
  endfacet
  facet normal 0 0 -1
    outer loop
      vertex -80 30.769176441467554 4.762499999999999
      vertex -63.62850261542695 27.623709774244517 4.762499999999999
      vertex -63.591462718037384 27.524642068553547 4.762499999999999
    endloop
  endfacet
  facet normal 0 0 -1
    outer loop
      vertex -80 30.769176441467554 4.762499999999999
      vertex -63.591462718037384 27.524642068553547 4.762499999999999
      vertex -63.55615743186814 27.424943016010367 4.762499999999999
    endloop
  endfacet
  facet normal 0 0 -1
    outer loop
      vertex -80 30.769176441467554 4.762499999999999
      vertex -63.55615743186814 27.424943016010367 4.762499999999999
      vertex -63.52259751125136 27.324642985912174 4.762499999999999
    endloop
  endfacet
  facet normal 0 0 -1
    outer loop
      vertex -80 30.769176441467554 4.762499999999999
      vertex -63.52259751125136 27.324642985912174 4.762499999999999
      vertex -63.490793178864 27.223772530619783 4.762499999999999
    endloop
  endfacet
  facet normal 0 0 -1
    outer loop
      vertex -80 30.769176441467554 4.762499999999999
      vertex -63.490793178864 27.223772530619783 4.762499999999999
      vertex -63.460754122613785 27.12236237625101 4.762499999999999
    endloop
  endfacet
  facet normal 0 0 -1
    outer loop
      vertex -80 30.769176441467554 4.762499999999999
      vertex -63.460754122613785 27.12236237625101 4.762499999999999
      vertex -63.43248949268824 27.020443413321274 4.762499999999999
    endloop
  endfacet
  facet normal 0 0 -1
    outer loop
      vertex -80 30.769176441467554 4.762499999999999
      vertex -63.43248949268824 27.020443413321274 4.762499999999999
      vertex -63.43025803789907 27.011815017867338 4.762499999999999
    endloop
  endfacet
  facet normal 0 0 -1
    outer loop
      vertex -80 30.769176441467554 4.762499999999999
      vertex -63.43025803789907 27.011815017867338 4.762499999999999
      vertex -63.421053011074974 27.002609991043236 4.762499999999999
    endloop
  endfacet
  facet normal 0 0 -1
    outer loop
      vertex -80 30.769176441467554 4.762499999999999
      vertex -63.421053011074974 27.002609991043236 4.762499999999999
      vertex -63.344781657106786 26.74512221528218 4.762499999999999
    endloop
  endfacet
  facet normal 0 0 -1
    outer loop
      vertex -80 30.769176441467554 4.762499999999999
      vertex -63.344781657106786 26.74512221528218 4.762499999999999
      vertex -63.243802901776895 26.424858519728822 4.762499999999999
    endloop
  endfacet
  facet normal 0 1 0
    outer loop
      vertex -80 40 0.2
      vertex -80 40 4.762499999999999
      vertex -5 40 0.2
    endloop
  endfacet
  facet normal 0 0 -1
    outer loop
      vertex -80 40 0.2
      vertex -78.6607700738884 30.90255253680078 0.2
      vertex -79.39022258335504 30.831608249260448 0.2
    endloop
  endfacet
  facet normal 0 0 -1
    outer loop
      vertex -80 40 0.2
      vertex -77.93281178412492 30.96960457366514 0.2
      vertex -78.6607700738884 30.90255253680078 0.2
    endloop
  endfacet
  facet normal 0 0 -1
    outer loop
      vertex -80 40 0.2
      vertex -77.20656945721157 31.032743935153558 0.2
      vertex -77.93281178412492 30.96960457366514 0.2
    endloop
  endfacet
  facet normal 0 0 -1
    outer loop
      vertex -80 40 0.2
      vertex -76.4822643135964 31.091951388404873 0.2
      vertex -77.20656945721157 31.032743935153558 0.2
    endloop
  endfacet
  facet normal 0 0 -1
    outer loop
      vertex -80 40 0.2
      vertex -75.76011698364265 31.147208898255272 0.2
      vertex -76.4822643135964 31.091951388404873 0.2
    endloop
  endfacet
  facet normal 0 0 -1
    outer loop
      vertex -80 40 0.2
      vertex -75.04034744042261 31.198499632731963 0.2
      vertex -75.76011698364265 31.147208898255272 0.2
    endloop
  endfacet
  facet normal 0 0 -1
    outer loop
      vertex -80 40 0.2
      vertex -5 40 0.2
      vertex -75.04034744042261 31.198499632731963 0.2
    endloop
  endfacet
  facet normal 0.09680016273203043 -0.9953038372753581 0
    outer loop
      vertex -79.39022258335504 30.831608249260448 0.2
      vertex -78.6607700738884 30.90255253680078 0.2
      vertex -78.6607700738884 30.90255253680078 4.762499999999999
    endloop
  endfacet
  facet normal 0.09680016273203043 -0.9953038372753581 0
    outer loop
      vertex -79.39022258335504 30.831608249260448 0.2
      vertex -78.6607700738884 30.90255253680078 4.762499999999999
      vertex -79.39022258335504 30.831608249260448 4.762499999999999
    endloop
  endfacet
  facet normal 0 0 -1
    outer loop
      vertex -79.39022258335504 30.831608249260448 4.762499999999999
      vertex -78.6607700738884 30.90255253680078 4.762499999999999
      vertex -77.93281178412492 30.96960457366514 4.762499999999999
    endloop
  endfacet
  facet normal 0.09172145376982858 -0.9957847030951766 0
    outer loop
      vertex -78.6607700738884 30.90255253680078 0.2
      vertex -77.93281178412492 30.96960457366514 0.2
      vertex -77.93281178412492 30.96960457366514 4.762499999999999
    endloop
  endfacet
  facet normal 0.09172145376982858 -0.9957847030951766 0
    outer loop
      vertex -78.6607700738884 30.90255253680078 0.2
      vertex -77.93281178412492 30.96960457366514 4.762499999999999
      vertex -78.6607700738884 30.90255253680078 4.762499999999999
    endloop
  endfacet
  facet normal 0.08661308088744608 -0.9962420259250182 0
    outer loop
      vertex -77.93281178412492 30.96960457366514 0.2
      vertex -77.20656945721157 31.032743935153558 0.2
      vertex -77.20656945721157 31.032743935153558 4.762499999999999
    endloop
  endfacet
  facet normal 0.08661308088744608 -0.9962420259250182 0
    outer loop
      vertex -77.93281178412492 30.96960457366514 0.2
      vertex -77.20656945721157 31.032743935153558 4.762499999999999
      vertex -77.93281178412492 30.96960457366514 4.762499999999999
    endloop
  endfacet
  facet normal 0 0 -1
    outer loop
      vertex -77.93281178412492 30.96960457366514 4.762499999999999
      vertex -77.20656945721157 31.032743935153558 4.762499999999999
      vertex -75.76011698364265 31.147208898255272 4.762499999999999
    endloop
  endfacet
  facet normal 0.08147205096682915 -0.9966756267267993 0
    outer loop
      vertex -77.20656945721157 31.032743935153558 0.2
      vertex -76.4822643135964 31.091951388404873 0.2
      vertex -76.4822643135964 31.091951388404873 4.762499999999999
    endloop
  endfacet
  facet normal 0.08147205096682915 -0.9966756267267993 0
    outer loop
      vertex -77.20656945721157 31.032743935153558 0.2
      vertex -76.4822643135964 31.091951388404873 4.762499999999999
      vertex -77.20656945721157 31.032743935153558 4.762499999999999
    endloop
  endfacet
  facet normal 0 0 -1
    outer loop
      vertex -77.20656945721157 31.032743935153558 4.762499999999999
      vertex -76.4822643135964 31.091951388404873 4.762499999999999
      vertex -75.76011698364265 31.147208898255272 4.762499999999999
    endloop
  endfacet
  facet normal 0.0762953023561668 -0.9970852655808234 0
    outer loop
      vertex -76.4822643135964 31.091951388404873 0.2
      vertex -75.76011698364265 31.147208898255272 0.2
      vertex -75.76011698364265 31.147208898255272 4.762499999999999
    endloop
  endfacet
  facet normal 0.0762953023561668 -0.9970852655808234 0
    outer loop
      vertex -76.4822643135964 31.091951388404873 0.2
      vertex -75.76011698364265 31.147208898255272 4.762499999999999
      vertex -76.4822643135964 31.091951388404873 4.762499999999999
    endloop
  endfacet
  facet normal 0.07107969793615014 -0.9974706394382271 0
    outer loop
      vertex -75.76011698364265 31.147208898255272 0.2
      vertex -75.04034744042261 31.198499632731963 0.2
      vertex -75.04034744042261 31.198499632731963 4.762499999999999
    endloop
  endfacet
  facet normal 0.07107969793615014 -0.9974706394382271 0
    outer loop
      vertex -75.76011698364265 31.147208898255272 0.2
      vertex -75.04034744042261 31.198499632731963 4.762499999999999
      vertex -75.76011698364265 31.147208898255272 4.762499999999999
    endloop
  endfacet
  facet normal 0 0 -1
    outer loop
      vertex -75.76011698364265 31.147208898255272 4.762499999999999
      vertex -75.04034744042261 31.198499632731963 4.762499999999999
      vertex -73.60881791820321 31.289119494023197 4.762499999999999
    endloop
  endfacet
  facet normal 0 0 -1
    outer loop
      vertex -75.76011698364265 31.147208898255272 4.762499999999999
      vertex -73.60881791820321 31.289119494023197 4.762499999999999
      vertex -71.48481114901007 31.39494739389 4.762499999999999
    endloop
  endfacet
  facet normal 0.06582201787702041 -0.9978313795239139 0
    outer loop
      vertex -75.04034744042261 31.198499632731963 0.2
      vertex -74.32317493271174 31.245807968180358 0.2
      vertex -74.32317493271174 31.245807968180358 4.762499999999999
    endloop
  endfacet
  facet normal 0.06582201787702041 -0.9978313795239139 0
    outer loop
      vertex -75.04034744042261 31.198499632731963 0.2
      vertex -74.32317493271174 31.245807968180358 4.762499999999999
      vertex -75.04034744042261 31.198499632731963 4.762499999999999
    endloop
  endfacet
  facet normal 0 0 -1
    outer loop
      vertex -75.04034744042261 31.198499632731963 0.2
      vertex -5 40 0.2
      vertex -74.32317493271174 31.245807968180358 0.2
    endloop
  endfacet
  facet normal 0 0 -1
    outer loop
      vertex -75.04034744042261 31.198499632731963 4.762499999999999
      vertex -74.32317493271174 31.245807968180358 4.762499999999999
      vertex -73.60881791820321 31.289119494023197 4.762499999999999
    endloop
  endfacet
  facet normal 0.06051895205436777 -0.9981670483652729 0
    outer loop
      vertex -74.32317493271174 31.245807968180358 0.2
      vertex -73.60881791820321 31.289119494023197 0.2
      vertex -73.60881791820321 31.289119494023197 4.762499999999999
    endloop
  endfacet
  facet normal 0.06051895205436777 -0.9981670483652729 0
    outer loop
      vertex -74.32317493271174 31.245807968180358 0.2
      vertex -73.60881791820321 31.289119494023197 4.762499999999999
      vertex -74.32317493271174 31.245807968180358 4.762499999999999
    endloop
  endfacet
  facet normal 0 0 -1
    outer loop
      vertex -74.32317493271174 31.245807968180358 0.2
      vertex -5 40 0.2
      vertex -73.60881791820321 31.289119494023197 0.2
    endloop
  endfacet
  facet normal 0.055167092089776486 -0.998477136418435 0
    outer loop
      vertex -73.60881791820321 31.289119494023197 0.2
      vertex -72.89749399696389 31.328421017150138 0.2
      vertex -72.89749399696389 31.328421017150138 4.762499999999999
    endloop
  endfacet
  facet normal 0.055167092089776486 -0.998477136418435 0
    outer loop
      vertex -73.60881791820321 31.289119494023197 0.2
      vertex -72.89749399696389 31.328421017150138 4.762499999999999
      vertex -73.60881791820321 31.289119494023197 4.762499999999999
    endloop
  endfacet
  facet normal 0 0 -1
    outer loop
      vertex -73.60881791820321 31.289119494023197 0.2
      vertex -5 40 0.2
      vertex -72.89749399696389 31.328421017150138 0.2
    endloop
  endfacet
  facet normal 0 0 -1
    outer loop
      vertex -73.60881791820321 31.289119494023197 4.762499999999999
      vertex -72.89749399696389 31.328421017150138 4.762499999999999
      vertex -71.48481114901007 31.39494739389 4.762499999999999
    endloop
  endfacet
  facet normal 0.049762922980015556 -0.9987610582599249 0
    outer loop
      vertex -72.89749399696389 31.328421017150138 0.2
      vertex -72.18941984515087 31.36370056593651 0.2
      vertex -72.18941984515087 31.36370056593651 4.762499999999999
    endloop
  endfacet
  facet normal 0.049762922980015556 -0.9987610582599249 0
    outer loop
      vertex -72.89749399696389 31.328421017150138 0.2
      vertex -72.18941984515087 31.36370056593651 4.762499999999999
      vertex -72.89749399696389 31.328421017150138 4.762499999999999
    endloop
  endfacet
  facet normal 0 0 -1
    outer loop
      vertex -72.89749399696389 31.328421017150138 0.2
      vertex -5 40 0.2
      vertex -72.18941984515087 31.36370056593651 0.2
    endloop
  endfacet
  facet normal 0 0 -1
    outer loop
      vertex -72.89749399696389 31.328421017150138 4.762499999999999
      vertex -72.18941984515087 31.36370056593651 4.762499999999999
      vertex -71.48481114901007 31.39494739389 4.762499999999999
    endloop
  endfacet
  facet normal 0.04430281427626719 -0.999018148307228 0
    outer loop
      vertex -72.18941984515087 31.36370056593651 0.2
      vertex -71.48481114901007 31.39494739389 0.2
      vertex -71.48481114901007 31.39494739389 4.762499999999999
    endloop
  endfacet
  facet normal 0.04430281427626719 -0.999018148307228 0
    outer loop
      vertex -72.18941984515087 31.36370056593651 0.2
      vertex -71.48481114901007 31.39494739389 4.762499999999999
      vertex -72.18941984515087 31.36370056593651 4.762499999999999
    endloop
  endfacet
  facet normal 0 0 -1
    outer loop
      vertex -72.18941984515087 31.36370056593651 0.2
      vertex -5 40 0.2
      vertex -71.48481114901007 31.39494739389 0.2
    endloop
  endfacet
  facet normal 0.03878301077188561 -0.9992476560270072 0
    outer loop
      vertex -71.48481114901007 31.39494739389 0.2
      vertex -70.78388253917605 31.422151982924113 0.2
      vertex -70.78388253917605 31.422151982924113 4.762499999999999
    endloop
  endfacet
  facet normal 0.03878301077188561 -0.9992476560270072 0
    outer loop
      vertex -71.48481114901007 31.39494739389 0.2
      vertex -70.78388253917605 31.422151982924113 4.762499999999999
      vertex -71.48481114901007 31.39494739389 4.762499999999999
    endloop
  endfacet
  facet normal 0 0 -1
    outer loop
      vertex -71.48481114901007 31.39494739389 0.2
      vertex -5 40 0.2
      vertex -70.78388253917605 31.422151982924113 0.2
    endloop
  endfacet
  facet normal 0 0 -1
    outer loop
      vertex -71.48481114901007 31.39494739389 4.762499999999999
      vertex -70.78388253917605 31.422151982924113 4.762499999999999
      vertex -69.39391843097965 31.46440253093816 4.762499999999999
    endloop
  endfacet
  facet normal 0 0 -1
    outer loop
      vertex -71.48481114901007 31.39494739389 4.762499999999999
      vertex -69.39391843097965 31.46440253093816 4.762499999999999
      vertex -68.65255751259802 31.478802685931733 4.762499999999999
    endloop
  endfacet
  facet normal 0 0 -1
    outer loop
      vertex -71.48481114901007 31.39494739389 4.762499999999999
      vertex -68.65255751259802 31.478802685931733 4.762499999999999
      vertex -68.5474717789648 31.466829678946407 4.762499999999999
    endloop
  endfacet
  facet normal 0 0 -1
    outer loop
      vertex -71.48481114901007 31.39494739389 4.762499999999999
      vertex -68.5474717789648 31.466829678946407 4.762499999999999
      vertex -68.442611008182 31.453024496573914 4.762499999999999
    endloop
  endfacet
  facet normal 0 0 -1
    outer loop
      vertex -71.48481114901007 31.39494739389 4.762499999999999
      vertex -68.442611008182 31.453024496573914 4.762499999999999
      vertex -68.3380071418562 31.43739134400653 4.762499999999999
    endloop
  endfacet
  facet normal 0 0 -1
    outer loop
      vertex -71.48481114901007 31.39494739389 4.762499999999999
      vertex -68.3380071418562 31.43739134400653 4.762499999999999
      vertex -68.2336920433384 31.419934983253974 4.762499999999999
    endloop
  endfacet
  facet normal 0 0 -1
    outer loop
      vertex -71.48481114901007 31.39494739389 4.762499999999999
      vertex -68.2336920433384 31.419934983253974 4.762499999999999
      vertex -68.12969748801814 31.400660731692838 4.762499999999999
    endloop
  endfacet
  facet normal 0 0 -1
    outer loop
      vertex -71.48481114901007 31.39494739389 4.762499999999999
      vertex -68.12969748801814 31.400660731692838 4.762499999999999
      vertex -68.02605515364438 31.379574460446857 4.762499999999999
    endloop
  endfacet
  facet normal 0 0 -1
    outer loop
      vertex -71.48481114901007 31.39494739389 4.762499999999999
      vertex -68.02605515364438 31.379574460446857 4.762499999999999
      vertex -67.92279661067617 31.35668259259852 4.762499999999999
    endloop
  endfacet
  facet normal 0 0 -1
    outer loop
      vertex -71.48481114901007 31.39494739389 4.762499999999999
      vertex -67.92279661067617 31.35668259259852 4.762499999999999
      vertex -67.81995331266602 31.331992101232533 4.762499999999999
    endloop
  endfacet
  facet normal 0 0 -1
    outer loop
      vertex -71.48481114901007 31.39494739389 4.762499999999999
      vertex -67.81995331266602 31.331992101232533 4.762499999999999
      vertex -67.71755658667873 31.30551050731175 4.762499999999999
    endloop
  endfacet
  facet normal 0 0 -1
    outer loop
      vertex -71.48481114901007 31.39494739389 4.762499999999999
      vertex -67.71755658667873 31.30551050731175 4.762499999999999
      vertex -67.61563762374898 31.277245877386207 4.762499999999999
    endloop
  endfacet
  facet normal 0.03319962265461537 -0.9994487405843239 0
    outer loop
      vertex -70.78388253917605 31.422151982924113 0.2
      vertex -70.08684752529338 31.445306046257496 0.2
      vertex -70.08684752529338 31.445306046257496 4.762499999999999
    endloop
  endfacet
  facet normal 0.03319962265461537 -0.9994487405843239 0
    outer loop
      vertex -70.78388253917605 31.422151982924113 0.2
      vertex -70.08684752529338 31.445306046257496 4.762499999999999
      vertex -70.78388253917605 31.422151982924113 4.762499999999999
    endloop
  endfacet
  facet normal 0 0 -1
    outer loop
      vertex -70.78388253917605 31.422151982924113 0.2
      vertex -5 40 0.2
      vertex -70.08684752529338 31.445306046257496 0.2
    endloop
  endfacet
  facet normal 0 0 -1
    outer loop
      vertex -70.78388253917605 31.422151982924113 4.762499999999999
      vertex -70.08684752529338 31.445306046257496 4.762499999999999
      vertex -69.39391843097965 31.46440253093816 4.762499999999999
    endloop
  endfacet
  facet normal 0.027548615075787437 -0.9996204648802494 0
    outer loop
      vertex -70.08684752529338 31.445306046257496 0.2
      vertex -69.39391843097965 31.46440253093816 0.2
      vertex -69.39391843097965 31.46440253093816 4.762499999999999
    endloop
  endfacet
  facet normal 0.027548615075787437 -0.9996204648802494 0
    outer loop
      vertex -70.08684752529338 31.445306046257496 0.2
      vertex -69.39391843097965 31.46440253093816 4.762499999999999
      vertex -70.08684752529338 31.445306046257496 4.762499999999999
    endloop
  endfacet
  facet normal 0 0 -1
    outer loop
      vertex -70.08684752529338 31.445306046257496 0.2
      vertex -5 40 0.2
      vertex -69.39391843097965 31.46440253093816 0.2
    endloop
  endfacet
  facet normal 0.021825797085709104 -0.9997617889185271 0
    outer loop
      vertex -69.39391843097965 31.46440253093816 0.2
      vertex -68.70530632914954 31.479435619991868 0.2
      vertex -68.70530632914954 31.479435619991868 4.762499999999999
    endloop
  endfacet
  facet normal 0.021825797085709104 -0.9997617889185271 0
    outer loop
      vertex -69.39391843097965 31.46440253093816 0.2
      vertex -68.70530632914954 31.479435619991868 4.762499999999999
      vertex -69.39391843097965 31.46440253093816 4.762499999999999
    endloop
  endfacet
  facet normal 0 0 -1
    outer loop
      vertex -69.39391843097965 31.46440253093816 0.2
      vertex -5 40 0.2
      vertex -68.70530632914954 31.479435619991868 0.2
    endloop
  endfacet
  facet normal 0 0 -1
    outer loop
      vertex -69.39391843097965 31.46440253093816 4.762499999999999
      vertex -68.70530632914954 31.479435619991868 4.762499999999999
      vertex -68.66572048740376 31.480070136247228 4.762499999999999
    endloop
  endfacet
  facet normal 0 0 -1
    outer loop
      vertex -69.39391843097965 31.46440253093816 4.762499999999999
      vertex -68.66572048740376 31.480070136247228 4.762499999999999
      vertex -68.65255751259802 31.478802685931733 4.762499999999999
    endloop
  endfacet
  facet normal 0.01602680988094882 -0.9998715624344159 0
    outer loop
      vertex -68.70530632914954 31.479435619991868 0.2
      vertex -68.66572048740376 31.480070136247228 0.2
      vertex -68.66572048740376 31.480070136247228 4.762499999999999
    endloop
  endfacet
  facet normal 0.01602680988094882 -0.9998715624344159 0
    outer loop
      vertex -68.70530632914954 31.479435619991868 0.2
      vertex -68.66572048740376 31.480070136247228 4.762499999999999
      vertex -68.70530632914954 31.479435619991868 4.762499999999999
    endloop
  endfacet
  facet normal 0 0 -1
    outer loop
      vertex -68.70530632914954 31.479435619991868 0.2
      vertex -5 40 0.2
      vertex -68.66572048740376 31.480070136247228 0.2
    endloop
  endfacet
  facet normal -0.09584575252043323 -0.9953961983671586 0
    outer loop
      vertex -68.66572048740376 31.480070136247228 0.2
      vertex -68.65255751259802 31.478802685931733 0.2
      vertex -68.65255751259802 31.478802685931733 4.762499999999999
    endloop
  endfacet
  facet normal -0.09584575252043323 -0.9953961983671586 0
    outer loop
      vertex -68.66572048740376 31.480070136247228 0.2
      vertex -68.65255751259802 31.478802685931733 4.762499999999999
      vertex -68.66572048740376 31.480070136247228 4.762499999999999
    endloop
  endfacet
  facet normal 0 0 -1
    outer loop
      vertex -68.66572048740376 31.480070136247228 0.2
      vertex -5 40 0.2
      vertex -68.65255751259802 31.478802685931733 0.2
    endloop
  endfacet
  facet normal -0.11320321376790818 -0.9935718556765873 0
    outer loop
      vertex -68.65255751259802 31.478802685931733 0.2
      vertex -68.5474717789648 31.466829678946407 0.2
      vertex -68.5474717789648 31.466829678946407 4.762499999999999
    endloop
  endfacet
  facet normal -0.11320321376790818 -0.9935718556765873 0
    outer loop
      vertex -68.65255751259802 31.478802685931733 0.2
      vertex -68.5474717789648 31.466829678946407 4.762499999999999
      vertex -68.65255751259802 31.478802685931733 4.762499999999999
    endloop
  endfacet
  facet normal 0 0 -1
    outer loop
      vertex -68.65255751259802 31.478802685931733 0.2
      vertex -5 40 0.2
      vertex -68.5474717789648 31.466829678946407 0.2
    endloop
  endfacet
  facet normal -0.13052619222002992 -0.9914448613738133 0
    outer loop
      vertex -68.5474717789648 31.466829678946407 0.2
      vertex -68.442611008182 31.453024496573914 0.2
      vertex -68.442611008182 31.453024496573914 4.762499999999999
    endloop
  endfacet
  facet normal -0.13052619222002992 -0.9914448613738133 0
    outer loop
      vertex -68.5474717789648 31.466829678946407 0.2
      vertex -68.442611008182 31.453024496573914 4.762499999999999
      vertex -68.5474717789648 31.466829678946407 4.762499999999999
    endloop
  endfacet
  facet normal 0 0 -1
    outer loop
      vertex -68.5474717789648 31.466829678946407 0.2
      vertex -5 40 0.2
      vertex -68.442611008182 31.453024496573914 0.2
    endloop
  endfacet
  facet normal -0.14780941112961513 -0.989015863361916 0
    outer loop
      vertex -68.442611008182 31.453024496573914 0.2
      vertex -68.3380071418562 31.43739134400653 0.2
      vertex -68.3380071418562 31.43739134400653 4.762499999999999
    endloop
  endfacet
  facet normal -0.14780941112961513 -0.989015863361916 0
    outer loop
      vertex -68.442611008182 31.453024496573914 0.2
      vertex -68.3380071418562 31.43739134400653 4.762499999999999
      vertex -68.442611008182 31.453024496573914 4.762499999999999
    endloop
  endfacet
  facet normal 0 0 -1
    outer loop
      vertex -68.442611008182 31.453024496573914 0.2
      vertex -5 40 0.2
      vertex -68.3380071418562 31.43739134400653 0.2
    endloop
  endfacet
  facet normal -0.1650476058607098 -0.986285601537226 0
    outer loop
      vertex -68.3380071418562 31.43739134400653 0.2
      vertex -68.2336920433384 31.419934983253974 0.2
      vertex -68.2336920433384 31.419934983253974 4.762499999999999
    endloop
  endfacet
  facet normal -0.1650476058607098 -0.986285601537226 0
    outer loop
      vertex -68.3380071418562 31.43739134400653 0.2
      vertex -68.2336920433384 31.419934983253974 4.762499999999999
      vertex -68.3380071418562 31.43739134400653 4.762499999999999
    endloop
  endfacet
  facet normal 0 0 -1
    outer loop
      vertex -68.3380071418562 31.43739134400653 0.2
      vertex -5 40 0.2
      vertex -68.2336920433384 31.419934983253974 0.2
    endloop
  endfacet
  facet normal -0.1822355254921466 -0.9832549075639547 0
    outer loop
      vertex -68.2336920433384 31.419934983253974 0.2
      vertex -68.12969748801814 31.400660731692838 0.2
      vertex -68.12969748801814 31.400660731692838 4.762499999999999
    endloop
  endfacet
  facet normal -0.1822355254921466 -0.9832549075639547 0
    outer loop
      vertex -68.2336920433384 31.419934983253974 0.2
      vertex -68.12969748801814 31.400660731692838 4.762499999999999
      vertex -68.2336920433384 31.419934983253974 4.762499999999999
    endloop
  endfacet
  facet normal 0 0 -1
    outer loop
      vertex -68.2336920433384 31.419934983253974 0.2
      vertex -5 40 0.2
      vertex -68.12969748801814 31.400660731692838 0.2
    endloop
  endfacet
  facet normal -0.19936793441719197 -0.9799247046208307 0
    outer loop
      vertex -68.12969748801814 31.400660731692838 0.2
      vertex -68.02605515364438 31.379574460446857 0.2
      vertex -68.02605515364438 31.379574460446857 4.762499999999999
    endloop
  endfacet
  facet normal -0.19936793441719197 -0.9799247046208307 0
    outer loop
      vertex -68.12969748801814 31.400660731692838 0.2
      vertex -68.02605515364438 31.379574460446857 4.762499999999999
      vertex -68.12969748801814 31.400660731692838 4.762499999999999
    endloop
  endfacet
  facet normal 0 0 -1
    outer loop
      vertex -68.12969748801814 31.400660731692838 0.2
      vertex -5 40 0.2
      vertex -68.02605515364438 31.379574460446857 0.2
    endloop
  endfacet
  facet normal -0.2164396139380925 -0.9762960071199357 0
    outer loop
      vertex -68.02605515364438 31.379574460446857 0.2
      vertex -67.92279661067617 31.35668259259852 0.2
      vertex -67.92279661067617 31.35668259259852 4.762499999999999
    endloop
  endfacet
  facet normal -0.2164396139380925 -0.9762960071199357 0
    outer loop
      vertex -68.02605515364438 31.379574460446857 0.2
      vertex -67.92279661067617 31.35668259259852 4.762499999999999
      vertex -68.02605515364438 31.379574460446857 4.762499999999999
    endloop
  endfacet
  facet normal 0 0 -1
    outer loop
      vertex -68.02605515364438 31.379574460446857 0.2
      vertex -5 40 0.2
      vertex -67.92279661067617 31.35668259259852 0.2
    endloop
  endfacet
  facet normal -0.23344536385592768 -0.9723699203976712 0
    outer loop
      vertex -67.92279661067617 31.35668259259852 0.2
      vertex -67.81995331266602 31.331992101232533 0.2
      vertex -67.81995331266602 31.331992101232533 4.762499999999999
    endloop
  endfacet
  facet normal -0.23344536385592768 -0.9723699203976712 0
    outer loop
      vertex -67.92279661067617 31.35668259259852 0.2
      vertex -67.81995331266602 31.331992101232533 4.762499999999999
      vertex -67.92279661067617 31.35668259259852 4.762499999999999
    endloop
  endfacet
  facet normal 0 0 -1
    outer loop
      vertex -67.92279661067617 31.35668259259852 0.2
      vertex -5 40 0.2
      vertex -67.81995331266602 31.331992101232533 0.2
    endloop
  endfacet
  facet normal -0.2503800040544091 -0.9681476403781161 0
    outer loop
      vertex -67.81995331266602 31.331992101232533 0.2
      vertex -67.71755658667873 31.30551050731175 0.2
      vertex -67.71755658667873 31.30551050731175 4.762499999999999
    endloop
  endfacet
  facet normal -0.2503800040544091 -0.9681476403781161 0
    outer loop
      vertex -67.81995331266602 31.331992101232533 0.2
      vertex -67.71755658667873 31.30551050731175 4.762499999999999
      vertex -67.81995331266602 31.331992101232533 4.762499999999999
    endloop
  endfacet
  facet normal 0 0 -1
    outer loop
      vertex -67.81995331266602 31.331992101232533 0.2
      vertex -5 40 0.2
      vertex -67.71755658667873 31.30551050731175 0.2
    endloop
  endfacet
  facet normal -0.2672383760782723 -0.9636304532086187 0
    outer loop
      vertex -67.71755658667873 31.30551050731175 0.2
      vertex -67.61563762374898 31.277245877386207 0.2
      vertex -67.61563762374898 31.277245877386207 4.762499999999999
    endloop
  endfacet
  facet normal -0.2672383760782723 -0.9636304532086187 0
    outer loop
      vertex -67.71755658667873 31.30551050731175 0.2
      vertex -67.61563762374898 31.277245877386207 4.762499999999999
      vertex -67.71755658667873 31.30551050731175 4.762499999999999
    endloop
  endfacet
  facet normal 0 0 -1
    outer loop
      vertex -67.71755658667873 31.30551050731175 0.2
      vertex -5 40 0.2
      vertex -67.61563762374898 31.277245877386207 0.2
    endloop
  endfacet
  facet normal -0.2840153447038992 -0.9588197348682 0
    outer loop
      vertex -67.61563762374898 31.277245877386207 0.2
      vertex -67.5142274693802 31.24720682113599 0.2
      vertex -67.5142274693802 31.24720682113599 4.762499999999999
    endloop
  endfacet
  facet normal -0.2840153447038992 -0.9588197348682 0
    outer loop
      vertex -67.61563762374898 31.277245877386207 0.2
      vertex -67.5142274693802 31.24720682113599 4.762499999999999
      vertex -67.61563762374898 31.277245877386207 4.762499999999999
    endloop
  endfacet
  facet normal 0 0 -1
    outer loop
      vertex -67.61563762374898 31.277245877386207 0.2
      vertex -5 40 0.2
      vertex -67.5142274693802 31.24720682113599 0.2
    endloop
  endfacet
  facet normal -0.30070579950426884 -0.9537169507482283 0
    outer loop
      vertex -67.5142274693802 31.24720682113599 0.2
      vertex -67.41335701408781 31.215402488748627 0.2
      vertex -67.41335701408781 31.215402488748627 4.762499999999999
    endloop
  endfacet
  facet normal -0.30070579950426884 -0.9537169507482283 0
    outer loop
      vertex -67.5142274693802 31.24720682113599 0.2
      vertex -67.41335701408781 31.215402488748627 4.762499999999999
      vertex -67.5142274693802 31.24720682113599 4.762499999999999
    endloop
  endfacet
  facet normal 0 0 -1
    outer loop
      vertex -67.5142274693802 31.24720682113599 0.2
      vertex -5 40 0.2
      vertex -67.41335701408781 31.215402488748627 0.2
    endloop
  endfacet
  facet normal -0.31730465640510747 -0.9483236552061942 0
    outer loop
      vertex -67.41335701408781 31.215402488748627 0.2
      vertex -67.31305698398963 31.181842568131856 0.2
      vertex -67.31305698398963 31.181842568131856 4.762499999999999
    endloop
  endfacet
  facet normal -0.31730465640510747 -0.9483236552061942 0
    outer loop
      vertex -67.41335701408781 31.215402488748627 0.2
      vertex -67.31305698398963 31.181842568131856 4.762499999999999
      vertex -67.41335701408781 31.215402488748627 4.762499999999999
    endloop
  endfacet
  facet normal 0 0 -1
    outer loop
      vertex -67.41335701408781 31.215402488748627 0.2
      vertex -5 40 0.2
      vertex -67.31305698398963 31.181842568131856 0.2
    endloop
  endfacet
  facet normal -0.3338068592337563 -0.9426414910921836 0
    outer loop
      vertex -67.31305698398963 31.181842568131856 0.2
      vertex -67.21335793144644 31.1465372819626 0.2
      vertex -67.21335793144644 31.1465372819626 4.762499999999999
    endloop
  endfacet
  facet normal -0.3338068592337563 -0.9426414910921836 0
    outer loop
      vertex -67.31305698398963 31.181842568131856 0.2
      vertex -67.21335793144644 31.1465372819626 4.762499999999999
      vertex -67.31305698398963 31.181842568131856 4.762499999999999
    endloop
  endfacet
  facet normal 0 0 -1
    outer loop
      vertex -67.31305698398963 31.181842568131856 0.2
      vertex -5 40 0.2
      vertex -67.21335793144644 31.1465372819626 0.2
    endloop
  endfacet
  facet normal -0.35020738125949835 -0.9366721892483861 0
    outer loop
      vertex -67.21335793144644 31.1465372819626 0.2
      vertex -67.11429022575548 31.10949738457304 0.2
      vertex -67.11429022575548 31.10949738457304 4.762499999999999
    endloop
  endfacet
  facet normal -0.35020738125949835 -0.9366721892483861 0
    outer loop
      vertex -67.21335793144644 31.1465372819626 0.2
      vertex -67.11429022575548 31.10949738457304 4.762499999999999
      vertex -67.21335793144644 31.1465372819626 4.762499999999999
    endloop
  endfacet
  facet normal 0 0 -1
    outer loop
      vertex -67.21335793144644 31.1465372819626 0.2
      vertex -5 40 0.2
      vertex -67.11429022575548 31.10949738457304 0.2
    endloop
  endfacet
  facet normal -0.3665012267243281 -0.9304175679820124 0
    outer loop
      vertex -67.11429022575548 31.10949738457304 0.2
      vertex -67.01588404389958 31.070734158674725 0.2
      vertex -67.01588404389958 31.070734158674725 4.762499999999999
    endloop
  endfacet
  facet normal -0.3665012267243281 -0.9304175679820124 0
    outer loop
      vertex -67.11429022575548 31.10949738457304 0.2
      vertex -67.01588404389958 31.070734158674725 4.762499999999999
      vertex -67.11429022575548 31.10949738457304 4.762499999999999
    endloop
  endfacet
  facet normal 0 0 -1
    outer loop
      vertex -67.11429022575548 31.10949738457304 0.2
      vertex -5 40 0.2
      vertex -67.01588404389958 31.070734158674725 0.2
    endloop
  endfacet
  facet normal -0.3826834323650323 -0.9238795325113105 0
    outer loop
      vertex -67.01588404389958 31.070734158674725 0.2
      vertex -66.918169361355 31.030259411921786 0.2
      vertex -66.918169361355 31.030259411921786 4.762499999999999
    endloop
  endfacet
  facet normal -0.3826834323650323 -0.9238795325113105 0
    outer loop
      vertex -67.01588404389958 31.070734158674725 0.2
      vertex -66.918169361355 31.030259411921786 4.762499999999999
      vertex -67.01588404389958 31.070734158674725 4.762499999999999
    endloop
  endfacet
  facet normal 0 0 -1
    outer loop
      vertex -67.01588404389958 31.070734158674725 0.2
      vertex -5 40 0.2
      vertex -66.918169361355 31.030259411921786 0.2
    endloop
  endfacet
  facet normal -0.3987490689252704 -0.9170600743851135 0
    outer loop
      vertex -66.918169361355 31.030259411921786 0.2
      vertex -66.82117594296065 30.988085473314158 0.2
      vertex -66.82117594296065 30.988085473314158 4.762499999999999
    endloop
  endfacet
  facet normal -0.3987490689252704 -0.9170600743851135 0
    outer loop
      vertex -66.918169361355 31.030259411921786 0.2
      vertex -66.82117594296065 30.988085473314158 4.762499999999999
      vertex -66.918169361355 31.030259411921786 4.762499999999999
    endloop
  endfacet
  facet normal 0 0 -1
    outer loop
      vertex -66.918169361355 31.030259411921786 0.2
      vertex -5 40 0.2
      vertex -66.82117594296065 30.988085473314158 0.2
    endloop
  endfacet
  facet normal -0.41469324265622476 -0.9099612708765497 0
    outer loop
      vertex -66.82117594296065 30.988085473314158 0.2
      vertex -66.72493333385135 30.944225189442093 0.2
      vertex -66.72493333385135 30.944225189442093 4.762499999999999
    endloop
  endfacet
  facet normal -0.41469324265622476 -0.9099612708765497 0
    outer loop
      vertex -66.82117594296065 30.988085473314158 0.2
      vertex -66.72493333385135 30.944225189442093 4.762499999999999
      vertex -66.82117594296065 30.988085473314158 4.762499999999999
    endloop
  endfacet
  facet normal 0 0 -1
    outer loop
      vertex -66.82117594296065 30.988085473314158 0.2
      vertex -5 40 0.2
      vertex -66.72493333385135 30.944225189442093 0.2
    endloop
  endfacet
  facet normal -0.4305110968082663 -0.9025852843498743 0
    outer loop
      vertex -66.72493333385135 30.944225189442093 0.2
      vertex -66.62947085045818 30.898691920572947 0.2
      vertex -66.62947085045818 30.898691920572947 4.762499999999999
    endloop
  endfacet
  facet normal -0.4305110968082663 -0.9025852843498743 0
    outer loop
      vertex -66.72493333385135 30.944225189442093 0.2
      vertex -66.62947085045818 30.898691920572947 4.762499999999999
      vertex -66.72493333385135 30.944225189442093 4.762499999999999
    endloop
  endfacet
  facet normal 0 0 -1
    outer loop
      vertex -66.72493333385135 30.944225189442093 0.2
      vertex -5 40 0.2
      vertex -66.62947085045818 30.898691920572947 0.2
    endloop
  endfacet
  facet normal -0.4461978131098635 -0.8949343616019978 0
    outer loop
      vertex -66.62947085045818 30.898691920572947 0.2
      vertex -66.53481757157834 30.851499536581503 0.2
      vertex -66.53481757157834 30.851499536581503 4.762499999999999
    endloop
  endfacet
  facet normal -0.4461978131098635 -0.8949343616019978 0
    outer loop
      vertex -66.62947085045818 30.898691920572947 0.2
      vertex -66.53481757157834 30.851499536581503 4.762499999999999
      vertex -66.62947085045818 30.898691920572947 4.762499999999999
    endloop
  endfacet
  facet normal 0 0 -1
    outer loop
      vertex -66.62947085045818 30.898691920572947 0.2
      vertex -5 40 0.2
      vertex -66.53481757157834 30.851499536581503 0.2
    endloop
  endfacet
  facet normal -0.4617486132349635 -0.8870108331782582 0
    outer loop
      vertex -66.53481757157834 30.851499536581503 0.2
      vertex -66.44100232951749 30.802662412725095 0.2
      vertex -66.44100232951749 30.802662412725095 4.762499999999999
    endloop
  endfacet
  facet normal -0.4617486132349635 -0.8870108331782582 0
    outer loop
      vertex -66.53481757157834 30.851499536581503 0.2
      vertex -66.44100232951749 30.802662412725095 4.762499999999999
      vertex -66.53481757157834 30.851499536581503 4.762499999999999
    endloop
  endfacet
  facet normal 0 0 -1
    outer loop
      vertex -66.53481757157834 30.851499536581503 0.2
      vertex -5 40 0.2
      vertex -66.44100232951749 30.802662412725095 0.2
    endloop
  endfacet
  facet normal -0.4771587602596064 -0.8788171126619665 0
    outer loop
      vertex -66.44100232951749 30.802662412725095 0.2
      vertex -66.34805370130718 30.752195425264734 0.2
      vertex -66.34805370130718 30.752195425264734 4.762499999999999
    endloop
  endfacet
  facet normal -0.4771587602596064 -0.8788171126619665 0
    outer loop
      vertex -66.44100232951749 30.802662412725095 0.2
      vertex -66.34805370130718 30.752195425264734 4.762499999999999
      vertex -66.44100232951749 30.802662412725095 4.762499999999999
    endloop
  endfacet
  facet normal 0 0 -1
    outer loop
      vertex -66.44100232951749 30.802662412725095 0.2
      vertex -5 40 0.2
      vertex -66.34805370130718 30.752195425264734 0.2
    endloop
  endfacet
  facet normal -0.492423560103538 -0.8703556959398597 0
    outer loop
      vertex -66.34805370130718 30.752195425264734 0.2
      vertex -66.256 30.700113946933694 0.2
      vertex -66.256 30.700113946933694 4.762499999999999
    endloop
  endfacet
  facet normal -0.492423560103538 -0.8703556959398597 0
    outer loop
      vertex -66.34805370130718 30.752195425264734 0.2
      vertex -66.256 30.700113946933694 4.762499999999999
      vertex -66.34805370130718 30.752195425264734 4.762499999999999
    endloop
  endfacet
  facet normal 0 0 -1
    outer loop
      vertex -66.34805370130718 30.752195425264734 0.2
      vertex -5 40 0.2
      vertex -66.256 30.700113946933694 0.2
    endloop
  endfacet
  facet normal -0.5075383629606447 -0.8616291604415608 0
    outer loop
      vertex -66.256 30.700113946933694 0.2
      vertex -66.16486926604506 30.646433842254797 0.2
      vertex -66.16486926604506 30.646433842254797 4.762499999999999
    endloop
  endfacet
  facet normal -0.5075383629606447 -0.8616291604415608 0
    outer loop
      vertex -66.256 30.700113946933694 0.2
      vertex -66.16486926604506 30.646433842254797 4.762499999999999
      vertex -66.256 30.700113946933694 4.762499999999999
    endloop
  endfacet
  facet normal 0 0 -1
    outer loop
      vertex -66.256 30.700113946933694 0.2
      vertex -5 40 0.2
      vertex -66.16486926604506 30.646433842254797 0.2
    endloop
  endfacet
  facet normal -0.522498564715988 -0.8526401643540682 0
    outer loop
      vertex -66.16486926604506 30.646433842254797 0.2
      vertex -66.07468925874677 30.591171462707937 0.2
      vertex -66.07468925874677 30.591171462707937 4.762499999999999
    endloop
  endfacet
  facet normal -0.522498564715988 -0.8526401643540682 0
    outer loop
      vertex -66.16486926604506 30.646433842254797 0.2
      vertex -66.07468925874677 30.591171462707937 4.762499999999999
      vertex -66.16486926604506 30.646433842254797 4.762499999999999
    endloop
  endfacet
  facet normal 0 0 -1
    outer loop
      vertex -66.16486926604506 30.646433842254797 0.2
      vertex -5 40 0.2
      vertex -66.07468925874677 30.591171462707937 0.2
    endloop
  endfacet
  facet normal -0.5372996083468586 -0.8433914458128635 0
    outer loop
      vertex -66.07468925874677 30.591171462707937 0.2
      vertex -65.98548744780894 30.534343641749263 0.2
      vertex -65.98548744780894 30.534343641749263 4.762499999999999
    endloop
  endfacet
  facet normal -0.5372996083468586 -0.8433914458128635 0
    outer loop
      vertex -66.07468925874677 30.591171462707937 0.2
      vertex -65.98548744780894 30.534343641749263 4.762499999999999
      vertex -66.07468925874677 30.591171462707937 4.762499999999999
    endloop
  endfacet
  facet normal 0 0 -1
    outer loop
      vertex -66.07468925874677 30.591171462707937 0.2
      vertex -5 40 0.2
      vertex -65.98548744780894 30.534343641749263 0.2
    endloop
  endfacet
  facet normal -0.5519369853120246 -0.8338858220671904 0
    outer loop
      vertex -65.98548744780894 30.534343641749263 0.2
      vertex -65.89729100496727 30.47596768968355 0.2
      vertex -65.89729100496727 30.47596768968355 4.762499999999999
    endloop
  endfacet
  facet normal -0.5519369853120246 -0.8338858220671904 0
    outer loop
      vertex -65.98548744780894 30.534343641749263 0.2
      vertex -65.89729100496727 30.47596768968355 4.762499999999999
      vertex -65.98548744780894 30.534343641749263 4.762499999999999
    endloop
  endfacet
  facet normal 0 0 -1
    outer loop
      vertex -65.98548744780894 30.534343641749263 0.2
      vertex -5 40 0.2
      vertex -65.89729100496727 30.47596768968355 0.2
    endloop
  endfacet
  facet normal -0.5664062369248077 -0.8241261886220329 0
    outer loop
      vertex -65.89729100496727 30.47596768968355 0.2
      vertex -65.81012679571265 30.416061388391284 0.2
      vertex -65.81012679571265 30.416061388391284 4.762499999999999
    endloop
  endfacet
  facet normal -0.5664062369248077 -0.8241261886220329 0
    outer loop
      vertex -65.89729100496727 30.47596768968355 0.2
      vertex -65.81012679571265 30.416061388391284 4.762499999999999
      vertex -65.89729100496727 30.47596768968355 4.762499999999999
    endloop
  endfacet
  facet normal 0 0 -1
    outer loop
      vertex -65.89729100496727 30.47596768968355 0.2
      vertex -5 40 0.2
      vertex -65.81012679571265 30.416061388391284 0.2
    endloop
  endfacet
  facet normal -0.5807029557109679 -0.8141155183562991 0
    outer loop
      vertex -65.81012679571265 30.416061388391284 0.2
      vertex -65.72402137110761 30.35464298591218 0.2
      vertex -65.72402137110761 30.35464298591218 4.762499999999999
    endloop
  endfacet
  facet normal -0.5807029557109679 -0.8141155183562991 0
    outer loop
      vertex -65.81012679571265 30.416061388391284 0.2
      vertex -65.72402137110761 30.35464298591218 4.762499999999999
      vertex -65.81012679571265 30.416061388391284 4.762499999999999
    endloop
  endfacet
  facet normal 0 0 -1
    outer loop
      vertex -65.81012679571265 30.416061388391284 0.2
      vertex -5 40 0.2
      vertex -65.72402137110761 30.35464298591218 0.2
    endloop
  endfacet
  facet normal -0.5948227867513151 -0.8038568606172367 0
    outer loop
      vertex -65.72402137110761 30.35464298591218 0.2
      vertex -65.63900095969858 30.29173119088659 0.2
      vertex -65.63900095969858 30.29173119088659 4.762499999999999
    endloop
  endfacet
  facet normal -0.5948227867513151 -0.8038568606172367 0
    outer loop
      vertex -65.72402137110761 30.35464298591218 0.2
      vertex -65.63900095969858 30.29173119088659 4.762499999999999
      vertex -65.72402137110761 30.35464298591218 4.762499999999999
    endloop
  endfacet
  facet normal 0 0 -1
    outer loop
      vertex -65.72402137110761 30.35464298591218 0.2
      vertex -5 40 0.2
      vertex -65.63900095969858 30.29173119088659 0.2
    endloop
  endfacet
  facet normal -0.6087614290087002 -0.7933533402912508 0
    outer loop
      vertex -65.63900095969858 30.29173119088659 0.2
      vertex -65.5550914595265 30.22734516685673 0.2
      vertex -65.5550914595265 30.22734516685673 4.762499999999999
    endloop
  endfacet
  facet normal -0.6087614290087002 -0.7933533402912508 0
    outer loop
      vertex -65.63900095969858 30.29173119088659 0.2
      vertex -65.5550914595265 30.22734516685673 4.762499999999999
      vertex -65.63900095969858 30.29173119088659 4.762499999999999
    endloop
  endfacet
  facet normal 0 0 -1
    outer loop
      vertex -65.63900095969858 30.29173119088659 0.2
      vertex -5 40 0.2
      vertex -65.5550914595265 30.22734516685673 0.2
    endloop
  endfacet
  facet normal -0.6225146366376386 -0.7826081568523986 0
    outer loop
      vertex -65.5550914595265 30.22734516685673 0.2
      vertex -65.47231843023798 30.16150452642924 0.2
      vertex -65.47231843023798 30.16150452642924 4.762499999999999
    endloop
  endfacet
  facet normal -0.6225146366376386 -0.7826081568523986 0
    outer loop
      vertex -65.5550914595265 30.22734516685673 0.2
      vertex -65.47231843023798 30.16150452642924 4.762499999999999
      vertex -65.5550914595265 30.22734516685673 4.762499999999999
    endloop
  endfacet
  facet normal 0 0 -1
    outer loop
      vertex -65.5550914595265 30.22734516685673 0.2
      vertex -5 40 0.2
      vertex -65.47231843023798 30.16150452642924 0.2
    endloop
  endfacet
  facet normal -0.6360782202777818 -0.7716245833877052 0
    outer loop
      vertex -65.47231843023798 30.16150452642924 0.2
      vertex -65.39070708529957 30.094229325301004 0.2
      vertex -65.39070708529957 30.094229325301004 4.762499999999999
    endloop
  endfacet
  facet normal -0.6360782202777818 -0.7716245833877052 0
    outer loop
      vertex -65.47231843023798 30.16150452642924 0.2
      vertex -65.39070708529957 30.094229325301004 4.762499999999999
      vertex -65.47231843023798 30.16150452642924 4.762499999999999
    endloop
  endfacet
  facet normal 0 0 -1
    outer loop
      vertex -65.47231843023798 30.16150452642924 0.2
      vertex -5 40 0.2
      vertex -65.39070708529957 30.094229325301004 0.2
    endloop
  endfacet
  facet normal -0.6494480483302087 -0.7604059656000093 0
    outer loop
      vertex -65.39070708529957 30.094229325301004 0.2
      vertex -65.31028228431752 30.025540056149993 0.2
      vertex -65.31028228431752 30.025540056149993 4.762499999999999
    endloop
  endfacet
  facet normal -0.6494480483302087 -0.7604059656000093 0
    outer loop
      vertex -65.39070708529957 30.094229325301004 0.2
      vertex -65.31028228431752 30.025540056149993 4.762499999999999
      vertex -65.39070708529957 30.094229325301004 4.762499999999999
    endloop
  endfacet
  facet normal 0 0 -1
    outer loop
      vertex -65.39070708529957 30.094229325301004 0.2
      vertex -5 40 0.2
      vertex -65.31028228431752 30.025540056149993 0.2
    endloop
  endfacet
  facet normal -0.6626200482157419 -0.7489557207889983 0
    outer loop
      vertex -65.31028228431752 30.025540056149993 0.2
      vertex -65.23106852546532 29.955457642393004 0.2
      vertex -65.23106852546532 29.955457642393004 4.762499999999999
    endloop
  endfacet
  facet normal -0.6626200482157419 -0.7489557207889983 0
    outer loop
      vertex -65.31028228431752 30.025540056149993 0.2
      vertex -65.23106852546532 29.955457642393004 4.762499999999999
      vertex -65.31028228431752 30.025540056149993 4.762499999999999
    endloop
  endfacet
  facet normal 0 0 -1
    outer loop
      vertex -65.31028228431752 30.025540056149993 0.2
      vertex -5 40 0.2
      vertex -65.23106852546532 29.955457642393004 0.2
    endloop
  endfacet
  facet normal -0.6755902076156363 -0.7372773368101461 0
    outer loop
      vertex -65.23106852546532 29.955457642393004 0.2
      vertex -65.15308993802125 29.884003431812168 0.2
      vertex -65.15308993802125 29.884003431812168 4.762499999999999
    endloop
  endfacet
  facet normal -0.6755902076156363 -0.7372773368101461 0
    outer loop
      vertex -65.23106852546532 29.955457642393004 0.2
      vertex -65.15308993802125 29.884003431812168 4.762499999999999
      vertex -65.23106852546532 29.955457642393004 4.762499999999999
    endloop
  endfacet
  facet normal 0 0 -1
    outer loop
      vertex -65.23106852546532 29.955457642393004 0.2
      vertex -5 40 0.2
      vertex -65.15308993802125 29.884003431812168 0.2
    endloop
  endfacet
  facet normal -0.6883545756936944 -0.7253743710123441 0
    outer loop
      vertex -65.15308993802125 29.884003431812168 0.2
      vertex -65.07637027501846 29.811199190052225 0.2
      vertex -65.07637027501846 29.811199190052225 4.762499999999999
    endloop
  endfacet
  facet normal -0.6883545756936944 -0.7253743710123441 0
    outer loop
      vertex -65.15308993802125 29.884003431812168 0.2
      vertex -65.07637027501846 29.811199190052225 4.762499999999999
      vertex -65.15308993802125 29.884003431812168 4.762499999999999
    endloop
  endfacet
  facet normal 0 0 -1
    outer loop
      vertex -65.15308993802125 29.884003431812168 0.2
      vertex -5 40 0.2
      vertex -65.07637027501846 29.811199190052225 0.2
    endloop
  endfacet
  facet normal -0.700909264299885 -0.713250449154148 0
    outer loop
      vertex -65.07637027501846 29.811199190052225 0.2
      vertex -65.00093290600951 29.737067093990472 0.2
      vertex -65.00093290600951 29.737067093990472 4.762499999999999
    endloop
  endfacet
  facet normal -0.700909264299885 -0.713250449154148 0
    outer loop
      vertex -65.07637027501846 29.811199190052225 0.2
      vertex -65.00093290600951 29.737067093990472 4.762499999999999
      vertex -65.07637027501846 29.811199190052225 4.762499999999999
    endloop
  endfacet
  facet normal 0 0 -1
    outer loop
      vertex -65.07637027501846 29.811199190052225 0.2
      vertex -5 40 0.2
      vertex -65.00093290600951 29.737067093990472 0.2
    endloop
  endfacet
  facet normal -0.7132504491541817 -0.7009092642998509 0
    outer loop
      vertex -65.00093290600951 29.737067093990472 0.2
      vertex -64.92680080994776 29.66162972498152 0.2
      vertex -64.92680080994776 29.66162972498152 4.762499999999999
    endloop
  endfacet
  facet normal -0.7132504491541817 -0.7009092642998509 0
    outer loop
      vertex -65.00093290600951 29.737067093990472 0.2
      vertex -64.92680080994776 29.66162972498152 4.762499999999999
      vertex -65.00093290600951 29.737067093990472 4.762499999999999
    endloop
  endfacet
  facet normal 0 0 -1
    outer loop
      vertex -65.00093290600951 29.737067093990472 0.2
      vertex -5 40 0.2
      vertex -64.92680080994776 29.66162972498152 0.2
    endloop
  endfacet
  facet normal -0.7253743710123292 -0.6883545756937103 0
    outer loop
      vertex -64.92680080994776 29.66162972498152 0.2
      vertex -64.85399656818782 29.584910061978736 0.2
      vertex -64.85399656818782 29.584910061978736 4.762499999999999
    endloop
  endfacet
  facet normal -0.7253743710123292 -0.6883545756937103 0
    outer loop
      vertex -64.92680080994776 29.66162972498152 0.2
      vertex -64.85399656818782 29.584910061978736 4.762499999999999
      vertex -64.92680080994776 29.66162972498152 4.762499999999999
    endloop
  endfacet
  facet normal 0 0 -1
    outer loop
      vertex -64.92680080994776 29.66162972498152 0.2
      vertex -5 40 0.2
      vertex -64.85399656818782 29.584910061978736 0.2
    endloop
  endfacet
  facet normal -0.737277336810114 -0.6755902076156712 0
    outer loop
      vertex -64.85399656818782 29.584910061978736 0.2
      vertex -64.78254235760699 29.506931474534674 0.2
      vertex -64.78254235760699 29.506931474534674 4.762499999999999
    endloop
  endfacet
  facet normal -0.737277336810114 -0.6755902076156712 0
    outer loop
      vertex -64.85399656818782 29.584910061978736 0.2
      vertex -64.78254235760699 29.506931474534674 4.762499999999999
      vertex -64.85399656818782 29.584910061978736 4.762499999999999
    endloop
  endfacet
  facet normal 0 0 -1
    outer loop
      vertex -64.85399656818782 29.584910061978736 0.2
      vertex -5 40 0.2
      vertex -64.78254235760699 29.506931474534674 0.2
    endloop
  endfacet
  facet normal -0.7489557207889815 -0.6626200482157607 0
    outer loop
      vertex -64.78254235760699 29.506931474534674 0.2
      vertex -64.71245994384999 29.42771771568247 0.2
      vertex -64.71245994384999 29.42771771568247 4.762499999999999
    endloop
  endfacet
  facet normal -0.7489557207889815 -0.6626200482157607 0
    outer loop
      vertex -64.78254235760699 29.506931474534674 0.2
      vertex -64.71245994384999 29.42771771568247 4.762499999999999
      vertex -64.78254235760699 29.506931474534674 4.762499999999999
    endloop
  endfacet
  facet normal 0 0 -1
    outer loop
      vertex -64.78254235760699 29.506931474534674 0.2
      vertex -5 40 0.2
      vertex -64.71245994384999 29.42771771568247 0.2
    endloop
  endfacet
  facet normal -0.7604059656000401 -0.6494480483301729 0
    outer loop
      vertex -64.71245994384999 29.42771771568247 0.2
      vertex -64.64377067469898 29.34729291470042 0.2
      vertex -64.64377067469898 29.34729291470042 4.762499999999999
    endloop
  endfacet
  facet normal -0.7604059656000401 -0.6494480483301729 0
    outer loop
      vertex -64.71245994384999 29.42771771568247 0.2
      vertex -64.64377067469898 29.34729291470042 4.762499999999999
      vertex -64.71245994384999 29.42771771568247 4.762499999999999
    endloop
  endfacet
  facet normal 0 0 -1
    outer loop
      vertex -64.71245994384999 29.42771771568247 0.2
      vertex -5 40 0.2
      vertex -64.64377067469898 29.34729291470042 0.2
    endloop
  endfacet
  facet normal -0.7716245833876888 -0.6360782202778018 0
    outer loop
      vertex -64.64377067469898 29.34729291470042 0.2
      vertex -64.57649547357074 29.265681569762013 0.2
      vertex -64.57649547357074 29.265681569762013 4.762499999999999
    endloop
  endfacet
  facet normal -0.7716245833876888 -0.6360782202778018 0
    outer loop
      vertex -64.64377067469898 29.34729291470042 0.2
      vertex -64.57649547357074 29.265681569762013 4.762499999999999
      vertex -64.64377067469898 29.34729291470042 4.762499999999999
    endloop
  endfacet
  facet normal 0 0 -1
    outer loop
      vertex -64.64377067469898 29.34729291470042 0.2
      vertex -5 40 0.2
      vertex -64.57649547357074 29.265681569762013 0.2
    endloop
  endfacet
  facet normal -0.7826081568524574 -0.6225146366375648 0
    outer loop
      vertex -64.57649547357074 29.265681569762013 0.2
      vertex -64.51065483314326 29.182908540473488 0.2
      vertex -64.51065483314326 29.182908540473488 4.762499999999999
    endloop
  endfacet
  facet normal -0.7826081568524574 -0.6225146366375648 0
    outer loop
      vertex -64.57649547357074 29.265681569762013 0.2
      vertex -64.51065483314326 29.182908540473488 4.762499999999999
      vertex -64.57649547357074 29.265681569762013 4.762499999999999
    endloop
  endfacet
  facet normal 0 0 -1
    outer loop
      vertex -64.57649547357074 29.265681569762013 0.2
      vertex -5 40 0.2
      vertex -64.51065483314326 29.182908540473488 0.2
    endloop
  endfacet
  facet normal -0.7933533402912546 -0.6087614290086953 0
    outer loop
      vertex -64.51065483314326 29.182908540473488 0.2
      vertex -64.4462688091134 29.098999040301408 0.2
      vertex -64.4462688091134 29.098999040301408 4.762499999999999
    endloop
  endfacet
  facet normal -0.7933533402912546 -0.6087614290086953 0
    outer loop
      vertex -64.51065483314326 29.182908540473488 0.2
      vertex -64.4462688091134 29.098999040301408 4.762499999999999
      vertex -64.51065483314326 29.182908540473488 4.762499999999999
    endloop
  endfacet
  facet normal 0 0 -1
    outer loop
      vertex -64.51065483314326 29.182908540473488 0.2
      vertex -5 40 0.2
      vertex -64.4462688091134 29.098999040301408 0.2
    endloop
  endfacet
  facet normal -0.8038568606171529 -0.5948227867514284 0
    outer loop
      vertex -64.4462688091134 29.098999040301408 0.2
      vertex -64.3833570140878 29.013978628892385 0.2
      vertex -64.3833570140878 29.013978628892385 4.762499999999999
    endloop
  endfacet
  facet normal -0.8038568606171529 -0.5948227867514284 0
    outer loop
      vertex -64.4462688091134 29.098999040301408 0.2
      vertex -64.3833570140878 29.013978628892385 4.762499999999999
      vertex -64.4462688091134 29.098999040301408 4.762499999999999
    endloop
  endfacet
  facet normal 0 0 -1
    outer loop
      vertex -64.4462688091134 29.098999040301408 0.2
      vertex -5 40 0.2
      vertex -64.3833570140878 29.013978628892385 0.2
    endloop
  endfacet
  facet normal -0.8141155183563444 -0.5807029557109044 0
    outer loop
      vertex -64.3833570140878 29.013978628892385 0.2
      vertex -64.3219386116087 28.927873204287334 0.2
      vertex -64.3219386116087 28.927873204287334 4.762499999999999
    endloop
  endfacet
  facet normal -0.8141155183563444 -0.5807029557109044 0
    outer loop
      vertex -64.3833570140878 29.013978628892385 0.2
      vertex -64.3219386116087 28.927873204287334 4.762499999999999
      vertex -64.3833570140878 29.013978628892385 4.762499999999999
    endloop
  endfacet
  facet normal 0 0 -1
    outer loop
      vertex -64.3833570140878 29.013978628892385 0.2
      vertex -5 40 0.2
      vertex -64.3219386116087 28.927873204287334 0.2
    endloop
  endfacet
  facet normal -0.8241261886220211 -0.5664062369248248 0
    outer loop
      vertex -64.3219386116087 28.927873204287334 0.2
      vertex -64.26203231031644 28.840708995032724 0.2
      vertex -64.26203231031644 28.840708995032724 4.762499999999999
    endloop
  endfacet
  facet normal -0.8241261886220211 -0.5664062369248248 0
    outer loop
      vertex -64.3219386116087 28.927873204287334 0.2
      vertex -64.26203231031644 28.840708995032724 4.762499999999999
      vertex -64.3219386116087 28.927873204287334 4.762499999999999
    endloop
  endfacet
  facet normal 0 0 -1
    outer loop
      vertex -64.3219386116087 28.927873204287334 0.2
      vertex -5 40 0.2
      vertex -64.26203231031644 28.840708995032724 0.2
    endloop
  endfacet
  facet normal -0.8338858220671647 -0.5519369853120634 0
    outer loop
      vertex -64.26203231031644 28.840708995032724 0.2
      vertex -64.20365635825073 28.752512552191064 0.2
      vertex -64.20365635825073 28.752512552191064 4.762499999999999
    endloop
  endfacet
  facet normal -0.8338858220671647 -0.5519369853120634 0
    outer loop
      vertex -64.26203231031644 28.840708995032724 0.2
      vertex -64.20365635825073 28.752512552191064 4.762499999999999
      vertex -64.26203231031644 28.840708995032724 4.762499999999999
    endloop
  endfacet
  facet normal 0 0 -1
    outer loop
      vertex -64.26203231031644 28.840708995032724 0.2
      vertex -5 40 0.2
      vertex -64.20365635825073 28.752512552191064 0.2
    endloop
  endfacet
  facet normal -0.843391445812883 -0.5372996083468282 0
    outer loop
      vertex -64.20365635825073 28.752512552191064 0.2
      vertex -64.14682853729205 28.66331074125322 0.2
      vertex -64.14682853729205 28.66331074125322 4.762499999999999
    endloop
  endfacet
  facet normal -0.843391445812883 -0.5372996083468282 0
    outer loop
      vertex -64.20365635825073 28.752512552191064 0.2
      vertex -64.14682853729205 28.66331074125322 4.762499999999999
      vertex -64.20365635825073 28.752512552191064 4.762499999999999
    endloop
  endfacet
  facet normal 0 0 -1
    outer loop
      vertex -64.20365635825073 28.752512552191064 0.2
      vertex -5 40 0.2
      vertex -64.14682853729205 28.66331074125322 0.2
    endloop
  endfacet
  facet normal -0.8526401643540865 -0.5224985647159581 0
    outer loop
      vertex -64.14682853729205 28.66331074125322 0.2
      vertex -64.09156615774519 28.573130733954926 0.2
      vertex -64.09156615774519 28.573130733954926 4.762499999999999
    endloop
  endfacet
  facet normal -0.8526401643540865 -0.5224985647159581 0
    outer loop
      vertex -64.14682853729205 28.66331074125322 0.2
      vertex -64.09156615774519 28.573130733954926 4.762499999999999
      vertex -64.14682853729205 28.66331074125322 4.762499999999999
    endloop
  endfacet
  facet normal 0 0 -1
    outer loop
      vertex -64.14682853729205 28.66331074125322 0.2
      vertex -5 40 0.2
      vertex -64.09156615774519 28.573130733954926 0.2
    endloop
  endfacet
  facet normal -0.8616291604415642 -0.5075383629606389 0
    outer loop
      vertex -64.09156615774519 28.573130733954926 0.2
      vertex -64.0378860530663 28.481999999999996 0.2
      vertex -64.0378860530663 28.481999999999996 4.762499999999999
    endloop
  endfacet
  facet normal -0.8616291604415642 -0.5075383629606389 0
    outer loop
      vertex -64.09156615774519 28.573130733954926 0.2
      vertex -64.0378860530663 28.481999999999996 4.762499999999999
      vertex -64.09156615774519 28.573130733954926 4.762499999999999
    endloop
  endfacet
  facet normal 0 0 -1
    outer loop
      vertex -64.09156615774519 28.573130733954926 0.2
      vertex -5 40 0.2
      vertex -64.0378860530663 28.481999999999996 0.2
    endloop
  endfacet
  facet normal -0.8703556959399004 -0.492423560103466 0
    outer loop
      vertex -64.0378860530663 28.481999999999996 0.2
      vertex -63.98580457473526 28.3899462986928 0.2
      vertex -63.98580457473526 28.3899462986928 4.762499999999999
    endloop
  endfacet
  facet normal -0.8703556959399004 -0.492423560103466 0
    outer loop
      vertex -64.0378860530663 28.481999999999996 0.2
      vertex -63.98580457473526 28.3899462986928 4.762499999999999
      vertex -64.0378860530663 28.481999999999996 4.762499999999999
    endloop
  endfacet
  facet normal 0 0 -1
    outer loop
      vertex -64.0378860530663 28.481999999999996 0.2
      vertex -5 40 0.2
      vertex -63.98580457473526 28.3899462986928 0.2
    endloop
  endfacet
  facet normal -0.8788171126619306 -0.47715876025967235 0
    outer loop
      vertex -63.98580457473526 28.3899462986928 0.2
      vertex -63.935337587274894 28.296997670482494 0.2
      vertex -63.935337587274894 28.296997670482494 4.762499999999999
    endloop
  endfacet
  facet normal -0.8788171126619306 -0.47715876025967235 0
    outer loop
      vertex -63.98580457473526 28.3899462986928 0.2
      vertex -63.935337587274894 28.296997670482494 4.762499999999999
      vertex -63.98580457473526 28.3899462986928 4.762499999999999
    endloop
  endfacet
  facet normal 0 0 -1
    outer loop
      vertex -63.98580457473526 28.3899462986928 0.2
      vertex -5 40 0.2
      vertex -63.935337587274894 28.296997670482494 0.2
    endloop
  endfacet
  facet normal -0.8870108331782369 -0.4617486132350048 0
    outer loop
      vertex -63.935337587274894 28.296997670482494 0.2
      vertex -63.886500463418486 28.20318242842165 0.2
      vertex -63.886500463418486 28.20318242842165 4.762499999999999
    endloop
  endfacet
  facet normal -0.8870108331782369 -0.4617486132350048 0
    outer loop
      vertex -63.935337587274894 28.296997670482494 0.2
      vertex -63.886500463418486 28.20318242842165 4.762499999999999
      vertex -63.935337587274894 28.296997670482494 4.762499999999999
    endloop
  endfacet
  facet normal 0 0 -1
    outer loop
      vertex -63.935337587274894 28.296997670482494 0.2
      vertex -5 40 0.2
      vertex -63.886500463418486 28.20318242842165 0.2
    endloop
  endfacet
  facet normal -0.8949343616020178 -0.44619781310982326 0
    outer loop
      vertex -63.886500463418486 28.20318242842165 0.2
      vertex -63.83930807942704 28.108529149541805 0.2
      vertex -63.83930807942704 28.108529149541805 4.762499999999999
    endloop
  endfacet
  facet normal -0.8949343616020178 -0.44619781310982326 0
    outer loop
      vertex -63.886500463418486 28.20318242842165 0.2
      vertex -63.83930807942704 28.108529149541805 4.762499999999999
      vertex -63.886500463418486 28.20318242842165 4.762499999999999
    endloop
  endfacet
  facet normal 0 0 -1
    outer loop
      vertex -63.886500463418486 28.20318242842165 0.2
      vertex -5 40 0.2
      vertex -63.83930807942704 28.108529149541805 0.2
    endloop
  endfacet
  facet normal -0.9025852843498489 -0.4305110968083198 0
    outer loop
      vertex -63.83930807942704 28.108529149541805 0.2
      vertex -63.79377481055789 28.013066666148635 0.2
      vertex -63.79377481055789 28.013066666148635 4.762499999999999
    endloop
  endfacet
  facet normal -0.9025852843498489 -0.4305110968083198 0
    outer loop
      vertex -63.83930807942704 28.108529149541805 0.2
      vertex -63.79377481055789 28.013066666148635 4.762499999999999
      vertex -63.83930807942704 28.108529149541805 4.762499999999999
    endloop
  endfacet
  facet normal 0 0 -1
    outer loop
      vertex -63.83930807942704 28.108529149541805 0.2
      vertex -5 40 0.2
      vertex -63.79377481055789 28.013066666148635 0.2
    endloop
  endfacet
  facet normal -0.9099612708765635 -0.4146932426561945 0
    outer loop
      vertex -63.79377481055789 28.013066666148635 0.2
      vertex -63.749914526685835 27.916824057039346 0.2
      vertex -63.749914526685835 27.916824057039346 4.762499999999999
    endloop
  endfacet
  facet normal -0.9099612708765635 -0.4146932426561945 0
    outer loop
      vertex -63.79377481055789 28.013066666148635 0.2
      vertex -63.749914526685835 27.916824057039346 4.762499999999999
      vertex -63.79377481055789 28.013066666148635 4.762499999999999
    endloop
  endfacet
  facet normal 0 0 -1
    outer loop
      vertex -63.79377481055789 28.013066666148635 0.2
      vertex -5 40 0.2
      vertex -63.749914526685835 27.916824057039346 0.2
    endloop
  endfacet
  facet normal -0.9170600743851312 -0.3987490689252299 0
    outer loop
      vertex -63.749914526685835 27.916824057039346 0.2
      vertex -63.70774058807821 27.819830638644994 0.2
      vertex -63.70774058807821 27.819830638644994 4.762499999999999
    endloop
  endfacet
  facet normal -0.9170600743851312 -0.3987490689252299 0
    outer loop
      vertex -63.749914526685835 27.916824057039346 0.2
      vertex -63.70774058807821 27.819830638644994 4.762499999999999
      vertex -63.749914526685835 27.916824057039346 4.762499999999999
    endloop
  endfacet
  facet normal 0 0 -1
    outer loop
      vertex -63.749914526685835 27.916824057039346 0.2
      vertex -5 40 0.2
      vertex -63.70774058807821 27.819830638644994 0.2
    endloop
  endfacet
  facet normal -0.9238795325112937 -0.38268343236507285 0
    outer loop
      vertex -63.70774058807821 27.819830638644994 0.2
      vertex -63.66726584132527 27.72211595610042 0.2
      vertex -63.66726584132527 27.72211595610042 4.762499999999999
    endloop
  endfacet
  facet normal -0.9238795325112937 -0.38268343236507285 0
    outer loop
      vertex -63.70774058807821 27.819830638644994 0.2
      vertex -63.66726584132527 27.72211595610042 4.762499999999999
      vertex -63.70774058807821 27.819830638644994 4.762499999999999
    endloop
  endfacet
  facet normal 0 0 -1
    outer loop
      vertex -63.70774058807821 27.819830638644994 0.2
      vertex -5 40 0.2
      vertex -63.66726584132527 27.72211595610042 0.2
    endloop
  endfacet
  facet normal -0.9304175679820079 -0.36650122672433955 0
    outer loop
      vertex -63.66726584132527 27.72211595610042 0.2
      vertex -63.62850261542695 27.623709774244517 0.2
      vertex -63.62850261542695 27.623709774244517 4.762499999999999
    endloop
  endfacet
  facet normal -0.9304175679820079 -0.36650122672433955 0
    outer loop
      vertex -63.66726584132527 27.72211595610042 0.2
      vertex -63.62850261542695 27.623709774244517 4.762499999999999
      vertex -63.66726584132527 27.72211595610042 4.762499999999999
    endloop
  endfacet
  facet normal 0 0 -1
    outer loop
      vertex -63.66726584132527 27.72211595610042 0.2
      vertex -5 40 0.2
      vertex -63.62850261542695 27.623709774244517 0.2
    endloop
  endfacet
  facet normal -0.9366721892483805 -0.35020738125951323 0
    outer loop
      vertex -63.62850261542695 27.623709774244517 0.2
      vertex -63.591462718037384 27.524642068553547 0.2
      vertex -63.591462718037384 27.524642068553547 4.762499999999999
    endloop
  endfacet
  facet normal -0.9366721892483805 -0.35020738125951323 0
    outer loop
      vertex -63.62850261542695 27.623709774244517 0.2
      vertex -63.591462718037384 27.524642068553547 4.762499999999999
      vertex -63.62850261542695 27.623709774244517 4.762499999999999
    endloop
  endfacet
  facet normal 0 0 -1
    outer loop
      vertex -63.62850261542695 27.623709774244517 0.2
      vertex -5 40 0.2
      vertex -63.591462718037384 27.524642068553547 0.2
    endloop
  endfacet
  facet normal -0.9426414910921973 -0.3338068592337177 0
    outer loop
      vertex -63.591462718037384 27.524642068553547 0.2
      vertex -63.55615743186814 27.424943016010367 0.2
      vertex -63.55615743186814 27.424943016010367 4.762499999999999
    endloop
  endfacet
  facet normal -0.9426414910921973 -0.3338068592337177 0
    outer loop
      vertex -63.591462718037384 27.524642068553547 0.2
      vertex -63.55615743186814 27.424943016010367 4.762499999999999
      vertex -63.591462718037384 27.524642068553547 4.762499999999999
    endloop
  endfacet
  facet normal 0 0 -1
    outer loop
      vertex -63.591462718037384 27.524642068553547 0.2
      vertex -5 40 0.2
      vertex -63.55615743186814 27.424943016010367 0.2
    endloop
  endfacet
  facet normal -0.9483236552061942 -0.31730465640510735 0
    outer loop
      vertex -63.55615743186814 27.424943016010367 0.2
      vertex -63.52259751125136 27.324642985912174 0.2
      vertex -63.52259751125136 27.324642985912174 4.762499999999999
    endloop
  endfacet
  facet normal -0.9483236552061942 -0.31730465640510735 0
    outer loop
      vertex -63.55615743186814 27.424943016010367 0.2
      vertex -63.52259751125136 27.324642985912174 4.762499999999999
      vertex -63.55615743186814 27.424943016010367 4.762499999999999
    endloop
  endfacet
  facet normal 0 0 -1
    outer loop
      vertex -63.55615743186814 27.424943016010367 0.2
      vertex -5 40 0.2
      vertex -63.52259751125136 27.324642985912174 0.2
    endloop
  endfacet
  facet normal -0.9537169507482349 -0.300705799504248 0
    outer loop
      vertex -63.52259751125136 27.324642985912174 0.2
      vertex -63.490793178864 27.223772530619783 0.2
      vertex -63.490793178864 27.223772530619783 4.762499999999999
    endloop
  endfacet
  facet normal -0.9537169507482349 -0.300705799504248 0
    outer loop
      vertex -63.52259751125136 27.324642985912174 0.2
      vertex -63.490793178864 27.223772530619783 4.762499999999999
      vertex -63.52259751125136 27.324642985912174 4.762499999999999
    endloop
  endfacet
  facet normal 0 0 -1
    outer loop
      vertex -63.52259751125136 27.324642985912174 0.2
      vertex -5 40 0.2
      vertex -63.490793178864 27.223772530619783 0.2
    endloop
  endfacet
  facet normal -0.9588197348681945 -0.2840153447039175 0
    outer loop
      vertex -63.490793178864 27.223772530619783 0.2
      vertex -63.460754122613785 27.12236237625101 0.2
      vertex -63.460754122613785 27.12236237625101 4.762499999999999
    endloop
  endfacet
  facet normal -0.9588197348681945 -0.2840153447039175 0
    outer loop
      vertex -63.490793178864 27.223772530619783 0.2
      vertex -63.460754122613785 27.12236237625101 4.762499999999999
      vertex -63.490793178864 27.223772530619783 4.762499999999999
    endloop
  endfacet
  facet normal 0 0 -1
    outer loop
      vertex -63.490793178864 27.223772530619783 0.2
      vertex -5 40 0.2
      vertex -63.460754122613785 27.12236237625101 0.2
    endloop
  endfacet
  facet normal -0.9636304532086138 -0.2672383760782896 0
    outer loop
      vertex -63.460754122613785 27.12236237625101 0.2
      vertex -63.43248949268824 27.020443413321274 0.2
      vertex -63.43248949268824 27.020443413321274 4.762499999999999
    endloop
  endfacet
  facet normal -0.9636304532086138 -0.2672383760782896 0
    outer loop
      vertex -63.460754122613785 27.12236237625101 0.2
      vertex -63.43248949268824 27.020443413321274 4.762499999999999
      vertex -63.460754122613785 27.12236237625101 4.762499999999999
    endloop
  endfacet
  facet normal 0 0 -1
    outer loop
      vertex -63.460754122613785 27.12236237625101 0.2
      vertex -5 40 0.2
      vertex -63.43248949268824 27.020443413321274 0.2
    endloop
  endfacet
  facet normal -0.9681476403780018 -0.25038000405485067 0
    outer loop
      vertex -63.43248949268824 27.020443413321274 0.2
      vertex -63.43025803789907 27.011815017867338 0.2
      vertex -63.43025803789907 27.011815017867338 4.762499999999999
    endloop
  endfacet
  facet normal -0.9681476403780018 -0.25038000405485067 0
    outer loop
      vertex -63.43248949268824 27.020443413321274 0.2
      vertex -63.43025803789907 27.011815017867338 4.762499999999999
      vertex -63.43248949268824 27.020443413321274 4.762499999999999
    endloop
  endfacet
  facet normal 0 0 -1
    outer loop
      vertex -63.43248949268824 27.020443413321274 0.2
      vertex -5 40 0.2
      vertex -63.43025803789907 27.011815017867338 0.2
    endloop
  endfacet
  facet normal -0.7071067811866839 -0.707106781186411 0
    outer loop
      vertex -63.43025803789907 27.011815017867338 0.2
      vertex -63.421053011074974 27.002609991043236 0.2
      vertex -63.421053011074974 27.002609991043236 4.762499999999999
    endloop
  endfacet
  facet normal -0.7071067811866839 -0.707106781186411 0
    outer loop
      vertex -63.43025803789907 27.011815017867338 0.2
      vertex -63.421053011074974 27.002609991043236 4.762499999999999
      vertex -63.43025803789907 27.011815017867338 4.762499999999999
    endloop
  endfacet
  facet normal 0 0 -1
    outer loop
      vertex -63.43025803789907 27.011815017867338 0.2
      vertex -5 40 0.2
      vertex -63.421053011074974 27.002609991043236 0.2
    endloop
  endfacet
  facet normal -0.9588197348681997 -0.2840153447038998 0
    outer loop
      vertex -63.421053011074974 27.002609991043236 0.2
      vertex -63.344781657106786 26.74512221528218 0.2
      vertex -63.344781657106786 26.74512221528218 4.762499999999999
    endloop
  endfacet
  facet normal -0.9588197348681997 -0.2840153447038998 0
    outer loop
      vertex -63.421053011074974 27.002609991043236 0.2
      vertex -63.344781657106786 26.74512221528218 4.762499999999999
      vertex -63.421053011074974 27.002609991043236 4.762499999999999
    endloop
  endfacet
  facet normal 0 0 -1
    outer loop
      vertex -63.421053011074974 27.002609991043236 0.2
      vertex -5 40 0.2
      vertex -63.344781657106786 26.74512221528218 0.2
    endloop
  endfacet
  facet normal -0.9537169507482188 -0.30070579950429865 0
    outer loop
      vertex -63.344781657106786 26.74512221528218 0.2
      vertex -63.243802901776895 26.424858519728822 0.2
      vertex -63.243802901776895 26.424858519728822 4.762499999999999
    endloop
  endfacet
  facet normal -0.9537169507482188 -0.30070579950429865 0
    outer loop
      vertex -63.344781657106786 26.74512221528218 0.2
      vertex -63.243802901776895 26.424858519728822 4.762499999999999
      vertex -63.344781657106786 26.74512221528218 4.762499999999999
    endloop
  endfacet
  facet normal 0 0 -1
    outer loop
      vertex -63.344781657106786 26.74512221528218 0.2
      vertex -5 40 0.2
      vertex -63.243802901776895 26.424858519728822 0.2
    endloop
  endfacet
  facet normal -0.9483236552062061 -0.31730465640507177 0
    outer loop
      vertex -63.243802901776895 26.424858519728822 0.2
      vertex -63.137250153818655 26.106405924167074 0.2
      vertex -63.137250153818655 26.106405924167074 4.762499999999999
    endloop
  endfacet
  facet normal -0.9483236552062061 -0.31730465640507177 0
    outer loop
      vertex -63.243802901776895 26.424858519728822 0.2
      vertex -63.137250153818655 26.106405924167074 4.762499999999999
      vertex -63.243802901776895 26.424858519728822 4.762499999999999
    endloop
  endfacet
  facet normal 0 0 -1
    outer loop
      vertex -63.243802901776895 26.424858519728822 0.2
      vertex -5 40 0.2
      vertex -63.137250153818655 26.106405924167074 0.2
    endloop
  endfacet
  facet normal -0.9426414910921738 -0.3338068592337838 0
    outer loop
      vertex -63.137250153818655 26.106405924167074 0.2
      vertex -63.025155870231266 25.78986143234247 0.2
      vertex -63.025155870231266 25.78986143234247 4.762499999999999
    endloop
  endfacet
  facet normal -0.9426414910921738 -0.3338068592337838 0
    outer loop
      vertex -63.137250153818655 26.106405924167074 0.2
      vertex -63.025155870231266 25.78986143234247 4.762499999999999
      vertex -63.137250153818655 26.106405924167074 4.762499999999999
    endloop
  endfacet
  facet normal 0 0 -1
    outer loop
      vertex -63.137250153818655 26.106405924167074 0.2
      vertex -5 40 0.2
      vertex -63.025155870231266 25.78986143234247 0.2
    endloop
  endfacet
  facet normal -0.9366721892483953 -0.3502073812594737 0
    outer loop
      vertex -63.025155870231266 25.78986143234247 0.2
      vertex -62.907554196019404 25.47532146677365 0.2
      vertex -62.907554196019404 25.47532146677365 4.762499999999999
    endloop
  endfacet
  facet normal -0.9366721892483953 -0.3502073812594737 0
    outer loop
      vertex -63.025155870231266 25.78986143234247 0.2
      vertex -62.907554196019404 25.47532146677365 4.762499999999999
      vertex -63.025155870231266 25.78986143234247 4.762499999999999
    endloop
  endfacet
  facet normal 0 0 -1
    outer loop
      vertex -63.025155870231266 25.78986143234247 0.2
      vertex -5 40 0.2
      vertex -62.907554196019404 25.47532146677365 0.2
    endloop
  endfacet
  facet normal -0.9304175679820339 -0.3665012267242738 0
    outer loop
      vertex -62.907554196019404 25.47532146677365 0.2
      vertex -62.784480953792276 25.162881839381143 0.2
      vertex -62.784480953792276 25.162881839381143 4.762499999999999
    endloop
  endfacet
  facet normal -0.9304175679820339 -0.3665012267242738 0
    outer loop
      vertex -62.907554196019404 25.47532146677365 0.2
      vertex -62.784480953792276 25.162881839381143 4.762499999999999
      vertex -62.907554196019404 25.47532146677365 4.762499999999999
    endloop
  endfacet
  facet normal 0 0 -1
    outer loop
      vertex -62.907554196019404 25.47532146677365 0.2
      vertex -5 40 0.2
      vertex -62.784480953792276 25.162881839381143 0.2
    endloop
  endfacet
  facet normal -0.9238795325112819 -0.3826834323651016 0
    outer loop
      vertex -62.784480953792276 25.162881839381143 0.2
      vertex -62.655973632851676 24.852637722302127 0.2
      vertex -62.655973632851676 24.852637722302127 4.762499999999999
    endloop
  endfacet
  facet normal -0.9238795325112819 -0.3826834323651016 0
    outer loop
      vertex -62.784480953792276 25.162881839381143 0.2
      vertex -62.655973632851676 24.852637722302127 4.762499999999999
      vertex -62.784480953792276 25.162881839381143 4.762499999999999
    endloop
  endfacet
  facet normal 0 0 -1
    outer loop
      vertex -62.784480953792276 25.162881839381143 0.2
      vertex -5 40 0.2
      vertex -62.655973632851676 24.852637722302127 0.2
    endloop
  endfacet
  facet normal -0.9170600743851254 -0.3987490689252431 0
    outer loop
      vertex -62.655973632851676 24.852637722302127 0.2
      vertex -62.52207137777246 24.544683618900066 0.2
      vertex -62.52207137777246 24.544683618900066 4.762499999999999
    endloop
  endfacet
  facet normal -0.9170600743851254 -0.3987490689252431 0
    outer loop
      vertex -62.655973632851676 24.852637722302127 0.2
      vertex -62.52207137777246 24.544683618900066 4.762499999999999
      vertex -62.655973632851676 24.852637722302127 4.762499999999999
    endloop
  endfacet
  facet normal 0 0 -1
    outer loop
      vertex -62.655973632851676 24.852637722302127 0.2
      vertex -5 40 0.2
      vertex -62.52207137777246 24.544683618900066 0.2
    endloop
  endfacet
  facet normal -0.9099612708765431 -0.4146932426562394 0
    outer loop
      vertex -62.52207137777246 24.544683618900066 0.2
      vertex -62.38281497647866 24.23911333497807 0.2
      vertex -62.38281497647866 24.23911333497807 4.762499999999999
    endloop
  endfacet
  facet normal -0.9099612708765431 -0.4146932426562394 0
    outer loop
      vertex -62.52207137777246 24.544683618900066 0.2
      vertex -62.38281497647866 24.23911333497807 4.762499999999999
      vertex -62.52207137777246 24.544683618900066 4.762499999999999
    endloop
  endfacet
  facet normal 0 0 -1
    outer loop
      vertex -62.52207137777246 24.544683618900066 0.2
      vertex -5 40 0.2
      vertex -62.38281497647866 24.23911333497807 0.2
    endloop
  endfacet
  facet normal -0.902585284349858 -0.4305110968083006 0
    outer loop
      vertex -62.38281497647866 24.23911333497807 0.2
      vertex -62.23824684781912 23.936019950204756 0.2
      vertex -62.23824684781912 23.936019950204756 4.762499999999999
    endloop
  endfacet
  facet normal -0.902585284349858 -0.4305110968083006 0
    outer loop
      vertex -62.38281497647866 24.23911333497807 0.2
      vertex -62.23824684781912 23.936019950204756 4.762499999999999
      vertex -62.38281497647866 24.23911333497807 4.762499999999999
    endloop
  endfacet
  facet normal 0 0 -1
    outer loop
      vertex -62.38281497647866 24.23911333497807 0.2
      vertex -5 40 0.2
      vertex -62.23824684781912 23.936019950204756 0.2
    endloop
  endfacet
  facet normal -0.8949343616020269 -0.44619781310980516 0
    outer loop
      vertex -62.23824684781912 23.936019950204756 0.2
      vertex -62.08841102864629 23.63549578976125 0.2
      vertex -62.08841102864629 23.63549578976125 4.762499999999999
    endloop
  endfacet
  facet normal -0.8949343616020269 -0.44619781310980516 0
    outer loop
      vertex -62.23824684781912 23.936019950204756 0.2
      vertex -62.08841102864629 23.63549578976125 4.762499999999999
      vertex -62.23824684781912 23.936019950204756 4.762499999999999
    endloop
  endfacet
  facet normal 0 0 -1
    outer loop
      vertex -62.23824684781912 23.936019950204756 0.2
      vertex -5 40 0.2
      vertex -62.08841102864629 23.63549578976125 0.2
    endloop
  endfacet
  facet normal -0.8870108331782229 -0.46174861323503147 0
    outer loop
      vertex -62.08841102864629 23.63549578976125 0.2
      vertex -61.933353160402184 23.33763239621807 0.2
      vertex -61.933353160402184 23.33763239621807 4.762499999999999
    endloop
  endfacet
  facet normal -0.8870108331782229 -0.46174861323503147 0
    outer loop
      vertex -62.08841102864629 23.63549578976125 0.2
      vertex -61.933353160402184 23.33763239621807 4.762499999999999
      vertex -62.08841102864629 23.63549578976125 4.762499999999999
    endloop
  endfacet
  facet normal 0 0 -1
    outer loop
      vertex -62.08841102864629 23.63549578976125 0.2
      vertex -5 40 0.2
      vertex -61.933353160402184 23.33763239621807 0.2
    endloop
  endfacet
  facet normal -0.8788171126619625 -0.4771587602596136 0
    outer loop
      vertex -61.933353160402184 23.33763239621807 0.2
      vertex -61.77312047521554 23.04252050165035 0.2
      vertex -61.77312047521554 23.04252050165035 4.762499999999999
    endloop
  endfacet
  facet normal -0.8788171126619625 -0.4771587602596136 0
    outer loop
      vertex -61.933353160402184 23.33763239621807 0.2
      vertex -61.77312047521554 23.04252050165035 4.762499999999999
      vertex -61.933353160402184 23.33763239621807 4.762499999999999
    endloop
  endfacet
  facet normal 0 0 -1
    outer loop
      vertex -61.933353160402184 23.33763239621807 0.2
      vertex -5 40 0.2
      vertex -61.77312047521554 23.04252050165035 0.2
    endloop
  endfacet
  facet normal -0.8703556959398933 -0.4924235601034783 0
    outer loop
      vertex -61.77312047521554 23.04252050165035 0.2
      vertex -61.60776178151448 22.750249999999998 0.2
      vertex -61.60776178151448 22.750249999999998 4.762499999999999
    endloop
  endfacet
  facet normal -0.8703556959398933 -0.4924235601034783 0
    outer loop
      vertex -61.77312047521554 23.04252050165035 0.2
      vertex -61.60776178151448 22.750249999999998 4.762499999999999
      vertex -61.77312047521554 23.04252050165035 4.762499999999999
    endloop
  endfacet
  facet normal 0 0 -1
    outer loop
      vertex -61.77312047521554 23.04252050165035 0.2
      vertex -5 40 0.2
      vertex -61.60776178151448 22.750249999999998 0.2
    endloop
  endfacet
  facet normal -0.8616291604415395 -0.5075383629606808 0
    outer loop
      vertex -61.60776178151448 22.750249999999998 0.2
      vertex -61.43732744915899 22.460909919693098 0.2
      vertex -61.43732744915899 22.460909919693098 4.762499999999999
    endloop
  endfacet
  facet normal -0.8616291604415395 -0.5075383629606808 0
    outer loop
      vertex -61.60776178151448 22.750249999999998 0.2
      vertex -61.43732744915899 22.460909919693098 4.762499999999999
      vertex -61.60776178151448 22.750249999999998 4.762499999999999
    endloop
  endfacet
  facet normal 0 0 -1
    outer loop
      vertex -61.60776178151448 22.750249999999998 0.2
      vertex -5 40 0.2
      vertex -61.43732744915899 22.460909919693098 0.2
    endloop
  endfacet
  facet normal -0.852640164354089 -0.5224985647159542 0
    outer loop
      vertex -61.43732744915899 22.460909919693098 0.2
      vertex -61.261869394097715 22.17458839652102 0.2
      vertex -61.261869394097715 22.17458839652102 4.762499999999999
    endloop
  endfacet
  facet normal -0.852640164354089 -0.5224985647159542 0
    outer loop
      vertex -61.43732744915899 22.460909919693098 0.2
      vertex -61.261869394097715 22.17458839652102 4.762499999999999
      vertex -61.43732744915899 22.460909919693098 4.762499999999999
    endloop
  endfacet
  facet normal 0 0 -1
    outer loop
      vertex -61.43732744915899 22.460909919693098 0.2
      vertex -5 40 0.2
      vertex -61.261869394097715 22.17458839652102 0.2
    endloop
  endfacet
  facet normal -0.8433914458128803 -0.5372996083468324 0
    outer loop
      vertex -61.261869394097715 22.17458839652102 0.2
      vertex -61.08144106255393 21.89137264679337 0.2
      vertex -61.08144106255393 21.89137264679337 4.762499999999999
    endloop
  endfacet
  facet normal -0.8433914458128803 -0.5372996083468324 0
    outer loop
      vertex -61.261869394097715 22.17458839652102 0.2
      vertex -61.08144106255393 21.89137264679337 4.762499999999999
      vertex -61.261869394097715 22.17458839652102 4.762499999999999
    endloop
  endfacet
  facet normal 0 0 -1
    outer loop
      vertex -61.261869394097715 22.17458839652102 0.2
      vertex -5 40 0.2
      vertex -61.08144106255393 21.89137264679337 0.2
    endloop
  endfacet
  facet normal -0.83388582206717 -0.5519369853120553 0
    outer loop
      vertex -61.08144106255393 21.89137264679337 0.2
      vertex -60.89609741474528 21.611348940771094 0.2
      vertex -60.89609741474528 21.611348940771094 4.762499999999999
    endloop
  endfacet
  facet normal -0.83388582206717 -0.5519369853120553 0
    outer loop
      vertex -61.08144106255393 21.89137264679337 0.2
      vertex -60.89609741474528 21.611348940771094 4.762499999999999
      vertex -61.08144106255393 21.89137264679337 4.762499999999999
    endloop
  endfacet
  facet normal 0 0 -1
    outer loop
      vertex -61.08144106255393 21.89137264679337 0.2
      vertex -5 40 0.2
      vertex -60.89609741474528 21.611348940771094 0.2
    endloop
  endfacet
  facet normal -0.8241261886220217 -0.566406236924824 0
    outer loop
      vertex -60.89609741474528 21.611348940771094 0.2
      vertex -60.70589490814235 21.334602576387695 0.2
      vertex -60.70589490814235 21.334602576387695 4.762499999999999
    endloop
  endfacet
  facet normal -0.8241261886220217 -0.566406236924824 0
    outer loop
      vertex -60.89609741474528 21.611348940771094 0.2
      vertex -60.70589490814235 21.334602576387695 4.762499999999999
      vertex -60.89609741474528 21.611348940771094 4.762499999999999
    endloop
  endfacet
  facet normal 0 0 -1
    outer loop
      vertex -60.89609741474528 21.611348940771094 0.2
      vertex -5 40 0.2
      vertex -60.70589490814235 21.334602576387695 0.2
    endloop
  endfacet
  facet normal -0.8141155183563178 -0.5807029557109417 0
    outer loop
      vertex -60.70589490814235 21.334602576387695 0.2
      vertex -60.51089148027118 21.06121785326667 0.2
      vertex -60.51089148027118 21.06121785326667 4.762499999999999
    endloop
  endfacet
  facet normal -0.8141155183563178 -0.5807029557109417 0
    outer loop
      vertex -60.70589490814235 21.334602576387695 0.2
      vertex -60.51089148027118 21.06121785326667 4.762499999999999
      vertex -60.70589490814235 21.334602576387695 4.762499999999999
    endloop
  endfacet
  facet normal 0 0 -1
    outer loop
      vertex -60.70589490814235 21.334602576387695 0.2
      vertex -5 40 0.2
      vertex -60.51089148027118 21.06121785326667 0.2
    endloop
  endfacet
  facet normal -0.8038568606172104 -0.5948227867513507 0
    outer loop
      vertex -60.51089148027118 21.06121785326667 0.2
      vertex -60.311146531064935 20.791278047043015 0.2
      vertex -60.311146531064935 20.791278047043015 4.762499999999999
    endloop
  endfacet
  facet normal -0.8038568606172104 -0.5948227867513507 0
    outer loop
      vertex -60.51089148027118 21.06121785326667 0.2
      vertex -60.311146531064935 20.791278047043015 4.762499999999999
      vertex -60.51089148027118 21.06121785326667 4.762499999999999
    endloop
  endfacet
  facet normal 0 0 -1
    outer loop
      vertex -60.51089148027118 21.06121785326667 0.2
      vertex -5 40 0.2
      vertex -60.311146531064935 20.791278047043015 0.2
    endloop
  endfacet
  facet normal -0.7933533402912405 -0.6087614290087136 0
    outer loop
      vertex -60.311146531064935 20.791278047043015 0.2
      vertex -60.106720904770135 20.524865383996673 0.2
      vertex -60.106720904770135 20.524865383996673 4.762499999999999
    endloop
  endfacet
  facet normal -0.7933533402912405 -0.6087614290087136 0
    outer loop
      vertex -60.311146531064935 20.791278047043015 0.2
      vertex -60.106720904770135 20.524865383996673 4.762499999999999
      vertex -60.311146531064935 20.791278047043015 4.762499999999999
    endloop
  endfacet
  facet normal 0 0 -1
    outer loop
      vertex -60.311146531064935 20.791278047043015 0.2
      vertex -5 40 0.2
      vertex -60.106720904770135 20.524865383996673 0.2
    endloop
  endfacet
  facet normal -0.7826081568524017 -0.622514636637635 0
    outer loop
      vertex -60.106720904770135 20.524865383996673 0.2
      vertex -59.89767687141284 20.262061016005603 0.2
      vertex -59.89767687141284 20.262061016005603 4.762499999999999
    endloop
  endfacet
  facet normal -0.7826081568524017 -0.622514636637635 0
    outer loop
      vertex -60.106720904770135 20.524865383996673 0.2
      vertex -59.89767687141284 20.262061016005603 4.762499999999999
      vertex -60.106720904770135 20.524865383996673 4.762499999999999
    endloop
  endfacet
  facet normal 0 0 -1
    outer loop
      vertex -60.106720904770135 20.524865383996673 0.2
      vertex -5 40 0.2
      vertex -59.89767687141284 20.262061016005603 0.2
    endloop
  endfacet
  facet normal -0.7716245833877352 -0.6360782202777455 0
    outer loop
      vertex -59.89767687141284 20.262061016005603 0.2
      vertex -59.6840781078307 20.00294499582614 0.2
      vertex -59.6840781078307 20.00294499582614 4.762499999999999
    endloop
  endfacet
  facet normal -0.7716245833877352 -0.6360782202777455 0
    outer loop
      vertex -59.89767687141284 20.262061016005603 0.2
      vertex -59.6840781078307 20.00294499582614 4.762499999999999
      vertex -59.89767687141284 20.262061016005603 4.762499999999999
    endloop
  endfacet
  facet normal 0 0 -1
    outer loop
      vertex -59.89767687141284 20.262061016005603 0.2
      vertex -5 40 0.2
      vertex -59.6840781078307 20.00294499582614 0.2
    endloop
  endfacet
  facet normal -0.7604059656000299 -0.649448048330185 0
    outer loop
      vertex -59.6840781078307 20.00294499582614 0.2
      vertex -59.465989678276244 19.747596252708142 0.2
      vertex -59.465989678276244 19.747596252708142 4.762499999999999
    endloop
  endfacet
  facet normal -0.7604059656000299 -0.649448048330185 0
    outer loop
      vertex -59.6840781078307 20.00294499582614 0.2
      vertex -59.465989678276244 19.747596252708142 4.762499999999999
      vertex -59.6840781078307 20.00294499582614 4.762499999999999
    endloop
  endfacet
  facet normal 0 0 -1
    outer loop
      vertex -59.6840781078307 20.00294499582614 0.2
      vertex -5 40 0.2
      vertex -59.465989678276244 19.747596252708142 0.2
    endloop
  endfacet
  facet normal -0.7489557207890017 -0.662620048215738 0
    outer loop
      vertex -59.465989678276244 19.747596252708142 0.2
      vertex -59.243478014597805 19.49609256835239 0.2
      vertex -59.243478014597805 19.49609256835239 4.762499999999999
    endloop
  endfacet
  facet normal -0.7489557207890017 -0.662620048215738 0
    outer loop
      vertex -59.465989678276244 19.747596252708142 0.2
      vertex -59.243478014597805 19.49609256835239 4.762499999999999
      vertex -59.465989678276244 19.747596252708142 4.762499999999999
    endloop
  endfacet
  facet normal 0 0 -1
    outer loop
      vertex -59.465989678276244 19.747596252708142 0.2
      vertex -5 40 0.2
      vertex -59.243478014597805 19.49609256835239 0.2
    endloop
  endfacet
  facet normal -0.737277336810121 -0.6755902076156636 0
    outer loop
      vertex -59.243478014597805 19.49609256835239 0.2
      vertex -59.01661089600365 19.248510553217496 0.2
      vertex -59.01661089600365 19.248510553217496 4.762499999999999
    endloop
  endfacet
  facet normal -0.737277336810121 -0.6755902076156636 0
    outer loop
      vertex -59.243478014597805 19.49609256835239 0.2
      vertex -59.01661089600365 19.248510553217496 4.762499999999999
      vertex -59.243478014597805 19.49609256835239 4.762499999999999
    endloop
  endfacet
  facet normal 0 0 -1
    outer loop
      vertex -59.243478014597805 19.49609256835239 0.2
      vertex -5 40 0.2
      vertex -59.01661089600365 19.248510553217496 0.2
    endloop
  endfacet
  facet normal -0.7253743710122932 -0.6883545756937482 0
    outer loop
      vertex -59.01661089600365 19.248510553217496 0.2
      vertex -58.78545742841582 19.00492562318366 0.2
      vertex -58.78545742841582 19.00492562318366 4.762499999999999
    endloop
  endfacet
  facet normal -0.7253743710122932 -0.6883545756937482 0
    outer loop
      vertex -59.01661089600365 19.248510553217496 0.2
      vertex -58.78545742841582 19.00492562318366 4.762499999999999
      vertex -59.01661089600365 19.248510553217496 4.762499999999999
    endloop
  endfacet
  facet normal 0 0 -1
    outer loop
      vertex -59.01661089600365 19.248510553217496 0.2
      vertex -5 40 0.2
      vertex -58.78545742841582 19.00492562318366 0.2
    endloop
  endfacet
  facet normal -0.7132504491541773 -0.7009092642998553 0
    outer loop
      vertex -58.78545742841582 19.00492562318366 0.2
      vertex -58.55008802341977 18.765411976580232 0.2
      vertex -58.55008802341977 18.765411976580232 4.762499999999999
    endloop
  endfacet
  facet normal -0.7132504491541773 -0.7009092642998553 0
    outer loop
      vertex -58.78545742841582 19.00492562318366 0.2
      vertex -58.55008802341977 18.765411976580232 4.762499999999999
      vertex -58.78545742841582 19.00492562318366 4.762499999999999
    endloop
  endfacet
  facet normal 0 0 -1
    outer loop
      vertex -58.78545742841582 19.00492562318366 0.2
      vertex -5 40 0.2
      vertex -58.55008802341977 18.765411976580232 0.2
    endloop
  endfacet
  facet normal -0.7009092642998607 -0.713250449154172 0
    outer loop
      vertex -58.55008802341977 18.765411976580232 0.2
      vertex -58.31057437681634 18.53004257158418 0.2
      vertex -58.31057437681634 18.53004257158418 4.762499999999999
    endloop
  endfacet
  facet normal -0.7009092642998607 -0.713250449154172 0
    outer loop
      vertex -58.55008802341977 18.765411976580232 0.2
      vertex -58.31057437681634 18.53004257158418 4.762499999999999
      vertex -58.55008802341977 18.765411976580232 4.762499999999999
    endloop
  endfacet
  facet normal 0 0 -1
    outer loop
      vertex -58.55008802341977 18.765411976580232 0.2
      vertex -5 40 0.2
      vertex -58.31057437681634 18.53004257158418 0.2
    endloop
  endfacet
  facet normal -0.6883545756937374 -0.7253743710123034 0
    outer loop
      vertex -58.31057437681634 18.53004257158418 0.2
      vertex -58.0669894467825 18.298889103996352 0.2
      vertex -58.0669894467825 18.298889103996352 4.762499999999999
    endloop
  endfacet
  facet normal -0.6883545756937374 -0.7253743710123034 0
    outer loop
      vertex -58.31057437681634 18.53004257158418 0.2
      vertex -58.0669894467825 18.298889103996352 4.762499999999999
      vertex -58.31057437681634 18.53004257158418 4.762499999999999
    endloop
  endfacet
  facet normal 0 0 -1
    outer loop
      vertex -58.31057437681634 18.53004257158418 0.2
      vertex -5 40 0.2
      vertex -58.0669894467825 18.298889103996352 0.2
    endloop
  endfacet
  facet normal -0.6755902076156746 -0.7372773368101109 0
    outer loop
      vertex -58.0669894467825 18.298889103996352 0.2
      vertex -57.81940743164761 18.07202198540219 0.2
      vertex -57.81940743164761 18.07202198540219 4.762499999999999
    endloop
  endfacet
  facet normal -0.6755902076156746 -0.7372773368101109 0
    outer loop
      vertex -58.0669894467825 18.298889103996352 0.2
      vertex -57.81940743164761 18.07202198540219 4.762499999999999
      vertex -58.0669894467825 18.298889103996352 4.762499999999999
    endloop
  endfacet
  facet normal 0 0 -1
    outer loop
      vertex -58.0669894467825 18.298889103996352 0.2
      vertex -5 40 0.2
      vertex -57.81940743164761 18.07202198540219 0.2
    endloop
  endfacet
  facet normal -0.662620048215738 -0.7489557207890017 0
    outer loop
      vertex -57.81940743164761 18.07202198540219 0.2
      vertex -57.56790374729186 17.849510321723752 0.2
      vertex -57.56790374729186 17.849510321723752 4.762499999999999
    endloop
  endfacet
  facet normal -0.662620048215738 -0.7489557207890017 0
    outer loop
      vertex -57.81940743164761 18.07202198540219 0.2
      vertex -57.56790374729186 17.849510321723752 4.762499999999999
      vertex -57.81940743164761 18.07202198540219 4.762499999999999
    endloop
  endfacet
  facet normal 0 0 -1
    outer loop
      vertex -57.81940743164761 18.07202198540219 0.2
      vertex -5 40 0.2
      vertex -57.56790374729186 17.849510321723752 0.2
    endloop
  endfacet
  facet normal -0.6494480483301683 -0.760405965600044 0
    outer loop
      vertex -57.56790374729186 17.849510321723752 0.2
      vertex -57.31255500417385 17.6314218921693 0.2
      vertex -57.31255500417385 17.6314218921693 4.762499999999999
    endloop
  endfacet
  facet normal -0.6494480483301683 -0.760405965600044 0
    outer loop
      vertex -57.56790374729186 17.849510321723752 0.2
      vertex -57.31255500417385 17.6314218921693 4.762499999999999
      vertex -57.56790374729186 17.849510321723752 4.762499999999999
    endloop
  endfacet
  facet normal 0 0 -1
    outer loop
      vertex -57.56790374729186 17.849510321723752 0.2
      vertex -5 40 0.2
      vertex -57.31255500417385 17.6314218921693 0.2
    endloop
  endfacet
  facet normal -0.6360782202777685 -0.7716245833877161 0
    outer loop
      vertex -57.31255500417385 17.6314218921693 0.2
      vertex -57.0534389839944 17.417823128587152 0.2
      vertex -57.0534389839944 17.417823128587152 4.762499999999999
    endloop
  endfacet
  facet normal -0.6360782202777685 -0.7716245833877161 0
    outer loop
      vertex -57.31255500417385 17.6314218921693 0.2
      vertex -57.0534389839944 17.417823128587152 4.762499999999999
      vertex -57.31255500417385 17.6314218921693 4.762499999999999
    endloop
  endfacet
  facet normal 0 0 -1
    outer loop
      vertex -57.31255500417385 17.6314218921693 0.2
      vertex -5 40 0.2
      vertex -57.0534389839944 17.417823128587152 0.2
    endloop
  endfacet
  facet normal -0.6225146366376167 -0.782608156852416 0
    outer loop
      vertex -57.0534389839944 17.417823128587152 0.2
      vertex -56.790634616003324 17.208779095229865 0.2
      vertex -56.790634616003324 17.208779095229865 4.762499999999999
    endloop
  endfacet
  facet normal -0.6225146366376167 -0.782608156852416 0
    outer loop
      vertex -57.0534389839944 17.417823128587152 0.2
      vertex -56.790634616003324 17.208779095229865 4.762499999999999
      vertex -57.0534389839944 17.417823128587152 4.762499999999999
    endloop
  endfacet
  facet normal 0 0 -1
    outer loop
      vertex -57.0534389839944 17.417823128587152 0.2
      vertex -5 40 0.2
      vertex -56.790634616003324 17.208779095229865 0.2
    endloop
  endfacet
  facet normal -0.6087614290087187 -0.7933533402912366 0
    outer loop
      vertex -56.790634616003324 17.208779095229865 0.2
      vertex -56.524221952956985 17.004353468935065 0.2
      vertex -56.524221952956985 17.004353468935065 4.762499999999999
    endloop
  endfacet
  facet normal -0.6087614290087187 -0.7933533402912366 0
    outer loop
      vertex -56.790634616003324 17.208779095229865 0.2
      vertex -56.524221952956985 17.004353468935065 4.762499999999999
      vertex -56.790634616003324 17.208779095229865 4.762499999999999
    endloop
  endfacet
  facet normal 0 0 -1
    outer loop
      vertex -56.790634616003324 17.208779095229865 0.2
      vertex -5 40 0.2
      vertex -56.524221952956985 17.004353468935065 0.2
    endloop
  endfacet
  facet normal -0.5948227867513507 -0.8038568606172104 0
    outer loop
      vertex -56.524221952956985 17.004353468935065 0.2
      vertex -56.25428214673333 16.804608519728824 0.2
      vertex -56.25428214673333 16.804608519728824 4.762499999999999
    endloop
  endfacet
  facet normal -0.5948227867513507 -0.8038568606172104 0
    outer loop
      vertex -56.524221952956985 17.004353468935065 0.2
      vertex -56.25428214673333 16.804608519728824 4.762499999999999
      vertex -56.524221952956985 17.004353468935065 4.762499999999999
    endloop
  endfacet
  facet normal 0 0 -1
    outer loop
      vertex -56.524221952956985 17.004353468935065 0.2
      vertex -5 40 0.2
      vertex -56.25428214673333 16.804608519728824 0.2
    endloop
  endfacet
  facet normal -0.5807029557109417 -0.8141155183563178 0
    outer loop
      vertex -56.25428214673333 16.804608519728824 0.2
      vertex -55.980897423612305 16.609605091857652 0.2
      vertex -55.980897423612305 16.609605091857652 4.762499999999999
    endloop
  endfacet
  facet normal -0.5807029557109417 -0.8141155183563178 0
    outer loop
      vertex -56.25428214673333 16.804608519728824 0.2
      vertex -55.980897423612305 16.609605091857652 4.762499999999999
      vertex -56.25428214673333 16.804608519728824 4.762499999999999
    endloop
  endfacet
  facet normal 0 0 -1
    outer loop
      vertex -56.25428214673333 16.804608519728824 0.2
      vertex -5 40 0.2
      vertex -55.980897423612305 16.609605091857652 0.2
    endloop
  endfacet
  facet normal -0.566406236924824 -0.8241261886220217 0
    outer loop
      vertex -55.980897423612305 16.609605091857652 0.2
      vertex -55.704151059228906 16.419402585254723 0.2
      vertex -55.704151059228906 16.419402585254723 4.762499999999999
    endloop
  endfacet
  facet normal -0.566406236924824 -0.8241261886220217 0
    outer loop
      vertex -55.980897423612305 16.609605091857652 0.2
      vertex -55.704151059228906 16.419402585254723 4.762499999999999
      vertex -55.980897423612305 16.609605091857652 4.762499999999999
    endloop
  endfacet
  facet normal 0 0 -1
    outer loop
      vertex -55.980897423612305 16.609605091857652 0.2
      vertex -5 40 0.2
      vertex -55.704151059228906 16.419402585254723 0.2
    endloop
  endfacet
  facet normal -0.5519369853120603 -0.8338858220671668 0
    outer loop
      vertex -55.704151059228906 16.419402585254723 0.2
      vertex -55.42412735320662 16.234058937446065 0.2
      vertex -55.42412735320662 16.234058937446065 4.762499999999999
    endloop
  endfacet
  facet normal -0.5519369853120603 -0.8338858220671668 0
    outer loop
      vertex -55.704151059228906 16.419402585254723 0.2
      vertex -55.42412735320662 16.234058937446065 4.762499999999999
      vertex -55.704151059228906 16.419402585254723 4.762499999999999
    endloop
  endfacet
  facet normal 0 0 -1
    outer loop
      vertex -55.704151059228906 16.419402585254723 0.2
      vertex -5 13.13 0.2
      vertex -55.42412735320662 16.234058937446065 0.2
    endloop
  endfacet
  facet normal 0 0 -1
    outer loop
      vertex -55.704151059228906 16.419402585254723 0.2
      vertex -5 40 0.2
      vertex -5 13.13 0.2
    endloop
  endfacet
  facet normal -0.5372996083468221 -0.8433914458128867 0
    outer loop
      vertex -55.42412735320662 16.234058937446065 0.2
      vertex -55.140911603478976 16.053630605902285 0.2
      vertex -55.140911603478976 16.053630605902285 4.762499999999999
    endloop
  endfacet
  facet normal -0.5372996083468221 -0.8433914458128867 0
    outer loop
      vertex -55.42412735320662 16.234058937446065 0.2
      vertex -55.140911603478976 16.053630605902285 4.762499999999999
      vertex -55.42412735320662 16.234058937446065 4.762499999999999
    endloop
  endfacet
  facet normal 0 0 -1
    outer loop
      vertex -55.42412735320662 16.234058937446065 0.2
      vertex -5 13.13 0.2
      vertex -55.140911603478976 16.053630605902285 0.2
    endloop
  endfacet
  facet normal -0.5224985647159542 -0.852640164354089 0
    outer loop
      vertex -55.140911603478976 16.053630605902285 0.2
      vertex -54.8545900803069 15.878172550841008 0.2
      vertex -54.8545900803069 15.878172550841008 4.762499999999999
    endloop
  endfacet
  facet normal -0.5224985647159542 -0.852640164354089 0
    outer loop
      vertex -55.140911603478976 16.053630605902285 0.2
      vertex -54.8545900803069 15.878172550841008 4.762499999999999
      vertex -55.140911603478976 16.053630605902285 4.762499999999999
    endloop
  endfacet
  facet normal 0 0 -1
    outer loop
      vertex -55.140911603478976 16.053630605902285 0.2
      vertex -5 13.13 0.2
      vertex -54.8545900803069 15.878172550841008 0.2
    endloop
  endfacet
  facet normal -0.5075383629606965 -0.8616291604415303 0
    outer loop
      vertex -54.8545900803069 15.878172550841008 0.2
      vertex -54.56525 15.70773821848551 0.2
      vertex -54.56525 15.70773821848551 4.762499999999999
    endloop
  endfacet
  facet normal -0.5075383629606965 -0.8616291604415303 0
    outer loop
      vertex -54.8545900803069 15.878172550841008 0.2
      vertex -54.56525 15.70773821848551 4.762499999999999
      vertex -54.8545900803069 15.878172550841008 4.762499999999999
    endloop
  endfacet
  facet normal 0 0 -1
    outer loop
      vertex -54.8545900803069 15.878172550841008 0.2
      vertex -5 13.13 0.2
      vertex -54.56525 15.70773821848551 0.2
    endloop
  endfacet
  facet normal -0.4924235601034709 -0.8703556959398976 0
    outer loop
      vertex -54.56525 15.70773821848551 0.2
      vertex -54.27297949834965 15.542379524784456 0.2
      vertex -54.27297949834965 15.542379524784456 4.762499999999999
    endloop
  endfacet
  facet normal -0.4924235601034709 -0.8703556959398976 0
    outer loop
      vertex -54.56525 15.70773821848551 0.2
      vertex -54.27297949834965 15.542379524784456 4.762499999999999
      vertex -54.56525 15.70773821848551 4.762499999999999
    endloop
  endfacet
  facet normal 0 0 -1
    outer loop
      vertex -54.56525 15.70773821848551 0.2
      vertex -5 13.13 0.2
      vertex -54.27297949834965 15.542379524784456 0.2
    endloop
  endfacet
  facet normal -0.4771587602596048 -0.8788171126619674 0
    outer loop
      vertex -54.27297949834965 15.542379524784456 0.2
      vertex -53.977867603781924 15.382146839597814 0.2
      vertex -53.977867603781924 15.382146839597814 4.762499999999999
    endloop
  endfacet
  facet normal -0.4771587602596048 -0.8788171126619674 0
    outer loop
      vertex -54.27297949834965 15.542379524784456 0.2
      vertex -53.977867603781924 15.382146839597814 4.762499999999999
      vertex -54.27297949834965 15.542379524784456 4.762499999999999
    endloop
  endfacet
  facet normal 0 0 -1
    outer loop
      vertex -54.27297949834965 15.542379524784456 0.2
      vertex -5 13.13 0.2
      vertex -53.977867603781924 15.382146839597814 0.2
    endloop
  endfacet
  facet normal -0.46174861323503597 -0.8870108331782207 0
    outer loop
      vertex -53.977867603781924 15.382146839597814 0.2
      vertex -53.68000421023875 15.227088971353709 0.2
      vertex -53.68000421023875 15.227088971353709 4.762499999999999
    endloop
  endfacet
  facet normal -0.46174861323503597 -0.8870108331782207 0
    outer loop
      vertex -53.977867603781924 15.382146839597814 0.2
      vertex -53.68000421023875 15.227088971353709 4.762499999999999
      vertex -53.977867603781924 15.382146839597814 4.762499999999999
    endloop
  endfacet
  facet normal 0 0 -1
    outer loop
      vertex -53.977867603781924 15.382146839597814 0.2
      vertex -5 13.13 0.2
      vertex -53.68000421023875 15.227088971353709 0.2
    endloop
  endfacet
  facet normal -0.4461978131098094 -0.8949343616020248 0
    outer loop
      vertex -53.68000421023875 15.227088971353709 0.2
      vertex -53.37948004979524 15.077253152180877 0.2
      vertex -53.37948004979524 15.077253152180877 4.762499999999999
    endloop
  endfacet
  facet normal -0.4461978131098094 -0.8949343616020248 0
    outer loop
      vertex -53.68000421023875 15.227088971353709 0.2
      vertex -53.37948004979524 15.077253152180877 4.762499999999999
      vertex -53.68000421023875 15.227088971353709 4.762499999999999
    endloop
  endfacet
  facet normal 0 0 -1
    outer loop
      vertex -53.68000421023875 15.227088971353709 0.2
      vertex -5 13.13 0.2
      vertex -53.37948004979524 15.077253152180877 0.2
    endloop
  endfacet
  facet normal -0.4305110968083004 -0.9025852843498582 0
    outer loop
      vertex -53.37948004979524 15.077253152180877 0.2
      vertex -53.07638666502193 14.932685023521335 0.2
      vertex -53.07638666502193 14.932685023521335 4.762499999999999
    endloop
  endfacet
  facet normal -0.4305110968083004 -0.9025852843498582 0
    outer loop
      vertex -53.37948004979524 15.077253152180877 0.2
      vertex -53.07638666502193 14.932685023521335 4.762499999999999
      vertex -53.37948004979524 15.077253152180877 4.762499999999999
    endloop
  endfacet
  facet normal 0 0 -1
    outer loop
      vertex -53.37948004979524 15.077253152180877 0.2
      vertex -5 13.13 0.2
      vertex -53.07638666502193 14.932685023521335 0.2
    endloop
  endfacet
  facet normal -0.4146932426562394 -0.9099612708765431 0
    outer loop
      vertex -53.07638666502193 14.932685023521335 0.2
      vertex -52.770816381099934 14.793428622227536 0.2
      vertex -52.770816381099934 14.793428622227536 4.762499999999999
    endloop
  endfacet
  facet normal -0.4146932426562394 -0.9099612708765431 0
    outer loop
      vertex -53.07638666502193 14.932685023521335 0.2
      vertex -52.770816381099934 14.793428622227536 4.762499999999999
      vertex -53.07638666502193 14.932685023521335 4.762499999999999
    endloop
  endfacet
  facet normal 0 0 -1
    outer loop
      vertex -53.07638666502193 14.932685023521335 0.2
      vertex -5 13.13 0.2
      vertex -52.770816381099934 14.793428622227536 0.2
    endloop
  endfacet
  facet normal -0.39874906892523987 -0.9170600743851269 0
    outer loop
      vertex -52.770816381099934 14.793428622227536 0.2
      vertex -52.462862277697866 14.65952636714832 0.2
      vertex -52.462862277697866 14.65952636714832 4.762499999999999
    endloop
  endfacet
  facet normal -0.39874906892523987 -0.9170600743851269 0
    outer loop
      vertex -52.770816381099934 14.793428622227536 0.2
      vertex -52.462862277697866 14.65952636714832 4.762499999999999
      vertex -52.770816381099934 14.793428622227536 4.762499999999999
    endloop
  endfacet
  facet normal 0 0 -1
    outer loop
      vertex -52.770816381099934 14.793428622227536 0.2
      vertex -5 13.13 0.2
      vertex -52.462862277697866 14.65952636714832 0.2
    endloop
  endfacet
  facet normal -0.38268343236510005 -0.9238795325112825 0
    outer loop
      vertex -52.462862277697866 14.65952636714832 0.2
      vertex -52.15261816061886 14.531019046207724 0.2
      vertex -52.15261816061886 14.531019046207724 4.762499999999999
    endloop
  endfacet
  facet normal -0.38268343236510005 -0.9238795325112825 0
    outer loop
      vertex -52.462862277697866 14.65952636714832 0.2
      vertex -52.15261816061886 14.531019046207724 4.762499999999999
      vertex -52.462862277697866 14.65952636714832 4.762499999999999
    endloop
  endfacet
  facet normal 0 0 -1
    outer loop
      vertex -52.462862277697866 14.65952636714832 0.2
      vertex -5 13.13 0.2
      vertex -52.15261816061886 14.531019046207724 0.2
    endloop
  endfacet
  facet normal -0.366501226724283 -0.9304175679820302 0
    outer loop
      vertex -52.15261816061886 14.531019046207724 0.2
      vertex -51.84017853322635 14.407945803980592 0.2
      vertex -51.84017853322635 14.407945803980592 4.762499999999999
    endloop
  endfacet
  facet normal -0.366501226724283 -0.9304175679820302 0
    outer loop
      vertex -52.15261816061886 14.531019046207724 0.2
      vertex -51.84017853322635 14.407945803980592 4.762499999999999
      vertex -52.15261816061886 14.531019046207724 4.762499999999999
    endloop
  endfacet
  facet normal 0 0 -1
    outer loop
      vertex -52.15261816061886 14.531019046207724 0.2
      vertex -5 13.13 0.2
      vertex -51.84017853322635 14.407945803980592 0.2
    endloop
  endfacet
  facet normal -0.35020738125946677 -0.9366721892483979 0
    outer loop
      vertex -51.84017853322635 14.407945803980592 0.2
      vertex -51.52563856765752 14.29034412976873 0.2
      vertex -51.52563856765752 14.29034412976873 4.762499999999999
    endloop
  endfacet
  facet normal -0.35020738125946677 -0.9366721892483979 0
    outer loop
      vertex -51.84017853322635 14.407945803980592 0.2
      vertex -51.52563856765752 14.29034412976873 4.762499999999999
      vertex -51.84017853322635 14.407945803980592 4.762499999999999
    endloop
  endfacet
  facet normal 0 0 -1
    outer loop
      vertex -51.84017853322635 14.407945803980592 0.2
      vertex -5 13.13 0.2
      vertex -51.52563856765752 14.29034412976873 0.2
    endloop
  endfacet
  facet normal -0.33380685923378434 -0.9426414910921735 0
    outer loop
      vertex -51.52563856765752 14.29034412976873 0.2
      vertex -51.20909407583293 14.178249846181345 0.2
      vertex -51.20909407583293 14.178249846181345 4.762499999999999
    endloop
  endfacet
  facet normal -0.33380685923378434 -0.9426414910921735 0
    outer loop
      vertex -51.52563856765752 14.29034412976873 0.2
      vertex -51.20909407583293 14.178249846181345 4.762499999999999
      vertex -51.52563856765752 14.29034412976873 4.762499999999999
    endloop
  endfacet
  facet normal 0 0 -1
    outer loop
      vertex -51.52563856765752 14.29034412976873 0.2
      vertex -5 13.13 0.2
      vertex -51.20909407583293 14.178249846181345 0.2
    endloop
  endfacet
  facet normal -0.3173046564050829 -0.9483236552062025 0
    outer loop
      vertex -51.20909407583293 14.178249846181345 0.2
      vertex -50.89064148027118 14.0716970982231 0.2
      vertex -50.89064148027118 14.0716970982231 4.762499999999999
    endloop
  endfacet
  facet normal -0.3173046564050829 -0.9483236552062025 0
    outer loop
      vertex -51.20909407583293 14.178249846181345 0.2
      vertex -50.89064148027118 14.0716970982231 4.762499999999999
      vertex -51.20909407583293 14.178249846181345 4.762499999999999
    endloop
  endfacet
  facet normal 0 0 -1
    outer loop
      vertex -51.20909407583293 14.178249846181345 0.2
      vertex -5 13.13 0.2
      vertex -50.89064148027118 14.0716970982231 0.2
    endloop
  endfacet
  facet normal -0.3007057995042794 -0.9537169507482248 0
    outer loop
      vertex -50.89064148027118 14.0716970982231 0.2
      vertex -50.57037778471782 13.970718342893216 0.2
      vertex -50.57037778471782 13.970718342893216 4.762499999999999
    endloop
  endfacet
  facet normal -0.3007057995042794 -0.9537169507482248 0
    outer loop
      vertex -50.89064148027118 14.0716970982231 0.2
      vertex -50.57037778471782 13.970718342893216 4.762499999999999
      vertex -50.89064148027118 14.0716970982231 4.762499999999999
    endloop
  endfacet
  facet normal 0 0 -1
    outer loop
      vertex -50.89064148027118 14.0716970982231 0.2
      vertex -5 13.13 0.2
      vertex -50.57037778471782 13.970718342893216 0.2
    endloop
  endfacet
  facet normal -0.284015344703911 -0.9588197348681965 0
    outer loop
      vertex -50.57037778471782 13.970718342893216 0.2
      vertex -50.24840054459697 13.875344339298778 0.2
      vertex -50.24840054459697 13.875344339298778 4.762499999999999
    endloop
  endfacet
  facet normal -0.284015344703911 -0.9588197348681965 0
    outer loop
      vertex -50.57037778471782 13.970718342893216 0.2
      vertex -50.24840054459697 13.875344339298778 4.762499999999999
      vertex -50.57037778471782 13.970718342893216 4.762499999999999
    endloop
  endfacet
  facet normal 0 0 -1
    outer loop
      vertex -50.57037778471782 13.970718342893216 0.2
      vertex -5 13.13 0.2
      vertex -50.24840054459697 13.875344339298778 0.2
    endloop
  endfacet
  facet normal -0.2672383760782678 -0.96363045320862 0
    outer loop
      vertex -50.24840054459697 13.875344339298778 0.2
      vertex -49.92480783729505 13.78560413928518 0.2
      vertex -49.92480783729505 13.78560413928518 4.762499999999999
    endloop
  endfacet
  facet normal -0.2672383760782678 -0.96363045320862 0
    outer loop
      vertex -50.24840054459697 13.875344339298778 0.2
      vertex -49.92480783729505 13.78560413928518 4.762499999999999
      vertex -50.24840054459697 13.875344339298778 4.762499999999999
    endloop
  endfacet
  facet normal 0 0 -1
    outer loop
      vertex -50.24840054459697 13.875344339298778 0.2
      vertex -5 13.13 0.2
      vertex -49.92480783729505 13.78560413928518 0.2
    endloop
  endfacet
  facet normal -0.2503800040544337 -0.9681476403781097 0
    outer loop
      vertex -49.92480783729505 13.78560413928518 0.2
      vertex -49.599698232285405 13.701525078586691 0.2
      vertex -49.599698232285405 13.701525078586691 4.762499999999999
    endloop
  endfacet
  facet normal -0.2503800040544337 -0.9681476403781097 0
    outer loop
      vertex -49.92480783729505 13.78560413928518 0.2
      vertex -49.599698232285405 13.701525078586691 4.762499999999999
      vertex -49.92480783729505 13.78560413928518 4.762499999999999
    endloop
  endfacet
  facet normal 0 0 -1
    outer loop
      vertex -49.92480783729505 13.78560413928518 0.2
      vertex -5 13.13 0.2
      vertex -49.599698232285405 13.701525078586691 0.2
    endloop
  endfacet
  facet normal -0.2334453638559074 -0.9723699203976761 0
    outer loop
      vertex -49.599698232285405 13.701525078586691 0.2
      vertex -49.27317076110313 13.623132768499682 0.2
      vertex -49.27317076110313 13.623132768499682 4.762499999999999
    endloop
  endfacet
  facet normal -0.2334453638559074 -0.9723699203976761 0
    outer loop
      vertex -49.599698232285405 13.701525078586691 0.2
      vertex -49.27317076110313 13.623132768499682 4.762499999999999
      vertex -49.599698232285405 13.701525078586691 4.762499999999999
    endloop
  endfacet
  facet normal 0 0 -1
    outer loop
      vertex -49.599698232285405 13.701525078586691 0.2
      vertex -5 13.13 0.2
      vertex -49.27317076110313 13.623132768499682 0.2
    endloop
  endfacet
  facet normal -0.21643961393811056 -0.9762960071199318 0
    outer loop
      vertex -49.27317076110313 13.623132768499682 0.2
      vertex -48.9453248871791 13.55045108808121 0.2
      vertex -48.9453248871791 13.55045108808121 4.762499999999999
    endloop
  endfacet
  facet normal -0.21643961393811056 -0.9762960071199318 0
    outer loop
      vertex -49.27317076110313 13.623132768499682 0.2
      vertex -48.9453248871791 13.55045108808121 4.762499999999999
      vertex -49.27317076110313 13.623132768499682 4.762499999999999
    endloop
  endfacet
  facet normal 0 0 -1
    outer loop
      vertex -49.27317076110313 13.623132768499682 0.2
      vertex -5 13.13 0.2
      vertex -48.9453248871791 13.55045108808121 0.2
    endloop
  endfacet
  facet normal -0.19936793441719242 -0.9799247046208307 0
    outer loop
      vertex -48.9453248871791 13.55045108808121 0.2
      vertex -48.61626047554241 13.483502176875222 0.2
      vertex -48.61626047554241 13.483502176875222 4.762499999999999
    endloop
  endfacet
  facet normal -0.19936793441719242 -0.9799247046208307 0
    outer loop
      vertex -48.9453248871791 13.55045108808121 0.2
      vertex -48.61626047554241 13.483502176875222 4.762499999999999
      vertex -48.9453248871791 13.55045108808121 4.762499999999999
    endloop
  endfacet
  facet normal 0 0 -1
    outer loop
      vertex -48.9453248871791 13.55045108808121 0.2
      vertex -5 13.13 0.2
      vertex -48.61626047554241 13.483502176875222 0.2
    endloop
  endfacet
  facet normal -0.18223552549214247 -0.9832549075639555 0
    outer loop
      vertex -48.61626047554241 13.483502176875222 0.2
      vertex -48.28607776240057 13.422306428168612 0.2
      vertex -48.28607776240057 13.422306428168612 4.762499999999999
    endloop
  endfacet
  facet normal -0.18223552549214247 -0.9832549075639555 0
    outer loop
      vertex -48.61626047554241 13.483502176875222 0.2
      vertex -48.28607776240057 13.422306428168612 4.762499999999999
      vertex -48.61626047554241 13.483502176875222 4.762499999999999
    endloop
  endfacet
  facet normal 0 0 -1
    outer loop
      vertex -48.61626047554241 13.483502176875222 0.2
      vertex -5 13.13 0.2
      vertex -48.28607776240057 13.422306428168612 0.2
    endloop
  endfacet
  facet normal -0.1650476058606857 -0.9862856015372301 0
    outer loop
      vertex -48.28607776240057 13.422306428168612 0.2
      vertex -47.954877324606564 13.366882482779252 0.2
      vertex -47.954877324606564 13.366882482779252 4.762499999999999
    endloop
  endfacet
  facet normal -0.1650476058606857 -0.9862856015372301 0
    outer loop
      vertex -48.28607776240057 13.422306428168612 0.2
      vertex -47.954877324606564 13.366882482779252 4.762499999999999
      vertex -48.28607776240057 13.422306428168612 4.762499999999999
    endloop
  endfacet
  facet normal 0 0 -1
    outer loop
      vertex -48.28607776240057 13.422306428168612 0.2
      vertex -5 13.13 0.2
      vertex -47.954877324606564 13.366882482779252 0.2
    endloop
  endfacet
  facet normal -0.14780941112961435 -0.9890158633619163 0
    outer loop
      vertex -47.954877324606564 13.366882482779252 0.2
      vertex -47.62276004902214 13.317247223377814 0.2
      vertex -47.62276004902214 13.317247223377814 4.762499999999999
    endloop
  endfacet
  facet normal -0.14780941112961435 -0.9890158633619163 0
    outer loop
      vertex -47.954877324606564 13.366882482779252 0.2
      vertex -47.62276004902214 13.317247223377814 4.762499999999999
      vertex -47.954877324606564 13.366882482779252 4.762499999999999
    endloop
  endfacet
  facet normal 0 0 -1
    outer loop
      vertex -47.954877324606564 13.366882482779252 0.2
      vertex -5 13.13 0.2
      vertex -47.62276004902214 13.317247223377814 0.2
    endloop
  endfacet
  facet normal -0.13052619222003523 -0.9914448613738126 0
    outer loop
      vertex -47.62276004902214 13.317247223377814 0.2
      vertex -47.289827101786734 13.273415769345146 0.2
      vertex -47.289827101786734 13.273415769345146 4.762499999999999
    endloop
  endfacet
  facet normal -0.13052619222003523 -0.9914448613738126 0
    outer loop
      vertex -47.62276004902214 13.317247223377814 0.2
      vertex -47.289827101786734 13.273415769345146 4.762499999999999
      vertex -47.62276004902214 13.317247223377814 4.762499999999999
    endloop
  endfacet
  facet normal 0 0 -1
    outer loop
      vertex -47.62276004902214 13.317247223377814 0.2
      vertex -5 13.13 0.2
      vertex -47.289827101786734 13.273415769345146 0.2
    endloop
  endfacet
  facet normal -0.11320321376791442 -0.9935718556765866 0
    outer loop
      vertex -47.289827101786734 13.273415769345146 0.2
      vertex -46.956179897501286 13.235401472166737 0.2
      vertex -46.956179897501286 13.235401472166737 4.762499999999999
    endloop
  endfacet
  facet normal -0.11320321376791442 -0.9935718556765866 0
    outer loop
      vertex -47.289827101786734 13.273415769345146 0.2
      vertex -46.956179897501286 13.235401472166737 4.762499999999999
      vertex -47.289827101786734 13.273415769345146 4.762499999999999
    endloop
  endfacet
  facet normal 0 0 -1
    outer loop
      vertex -47.289827101786734 13.273415769345146 0.2
      vertex -5 13.13 0.2
      vertex -46.956179897501286 13.235401472166737 0.2
    endloop
  endfacet
  facet normal -0.09584575252022337 -0.995396198367179 0
    outer loop
      vertex -46.956179897501286 13.235401472166737 0.2
      vertex -46.621920068336316 13.20321591136577 0.2
      vertex -46.621920068336316 13.20321591136577 4.762499999999999
    endloop
  endfacet
  facet normal -0.09584575252022337 -0.995396198367179 0
    outer loop
      vertex -46.956179897501286 13.235401472166737 0.2
      vertex -46.621920068336316 13.20321591136577 4.762499999999999
      vertex -46.956179897501286 13.235401472166737 4.762499999999999
    endloop
  endfacet
  facet normal 0 0 -1
    outer loop
      vertex -46.956179897501286 13.235401472166737 0.2
      vertex -5 13.13 0.2
      vertex -46.621920068336316 13.20321591136577 0.2
    endloop
  endfacet
  facet normal -0.07845909572784536 -0.9969173337331279 0
    outer loop
      vertex -46.621920068336316 13.20321591136577 0.2
      vertex -46.28714943307384 13.176868890975852 0.2
      vertex -46.28714943307384 13.176868890975852 4.762499999999999
    endloop
  endfacet
  facet normal -0.07845909572784536 -0.9969173337331279 0
    outer loop
      vertex -46.621920068336316 13.20321591136577 0.2
      vertex -46.28714943307384 13.176868890975852 4.762499999999999
      vertex -46.621920068336316 13.20321591136577 4.762499999999999
    endloop
  endfacet
  facet normal 0 0 -1
    outer loop
      vertex -46.621920068336316 13.20321591136577 0.2
      vertex -5 13.13 0.2
      vertex -46.28714943307384 13.176868890975852 0.2
    endloop
  endfacet
  facet normal -0.061048539534849414 -0.9981347984218674 0
    outer loop
      vertex -46.28714943307384 13.176868890975852 0.2
      vertex -45.951969966092356 13.156368436554624 0.2
      vertex -45.951969966092356 13.156368436554624 4.762499999999999
    endloop
  endfacet
  facet normal -0.061048539534849414 -0.9981347984218674 0
    outer loop
      vertex -46.28714943307384 13.176868890975852 0.2
      vertex -45.951969966092356 13.156368436554624 4.762499999999999
      vertex -46.28714943307384 13.176868890975852 4.762499999999999
    endloop
  endfacet
  facet normal 0 0 -1
    outer loop
      vertex -46.28714943307384 13.176868890975852 0.2
      vertex -5 13.13 0.2
      vertex -45.951969966092356 13.156368436554624 0.2
    endloop
  endfacet
  facet normal -0.043619387365351564 -0.999048221581857 0
    outer loop
      vertex -45.951969966092356 13.156368436554624 0.2
      vertex -45.61648376630447 13.141720792739086 0.2
      vertex -45.61648376630447 13.141720792739086 4.762499999999999
    endloop
  endfacet
  facet normal -0.043619387365351564 -0.999048221581857 0
    outer loop
      vertex -45.951969966092356 13.156368436554624 0.2
      vertex -45.61648376630447 13.141720792739086 4.762499999999999
      vertex -45.951969966092356 13.156368436554624 4.762499999999999
    endloop
  endfacet
  facet normal 0 0 -1
    outer loop
      vertex -45.951969966092356 13.156368436554624 0.2
      vertex -5 13.13 0.2
      vertex -45.61648376630447 13.141720792739086 0.2
    endloop
  endfacet
  facet normal -0.02617694830786572 -0.9996573249755574 0
    outer loop
      vertex -45.61648376630447 13.141720792739086 0.2
      vertex -45.45 13.137361261892096 0.2
      vertex -45.45 13.137361261892096 4.762499999999999
    endloop
  endfacet
  facet normal -0.02617694830786572 -0.9996573249755574 0
    outer loop
      vertex -45.61648376630447 13.141720792739086 0.2
      vertex -45.45 13.137361261892096 4.762499999999999
      vertex -45.61648376630447 13.141720792739086 4.762499999999999
    endloop
  endfacet
  facet normal 0 0 -1
    outer loop
      vertex -45.61648376630447 13.141720792739086 0.2
      vertex -5 13.13 0.2
      vertex -45.45 13.137361261892096 0.2
    endloop
  endfacet
  facet normal 0 0 -1
    outer loop
      vertex -45.61648376630447 13.141720792739086 4.762499999999999
      vertex -45.45 13.137361261892096 4.762499999999999
      vertex -45.45 13.13 4.762499999999999
    endloop
  endfacet
  facet normal -1 0 0
    outer loop
      vertex -45.45 13.13 0.2
      vertex -45.45 13.13 4.762499999999999
      vertex -45.45 13.137361261892096 0.2
    endloop
  endfacet
  facet normal 0 0 -1
    outer loop
      vertex -45.45 13.13 0.2
      vertex -45.45 13.137361261892096 0.2
      vertex -5 13.13 0.2
    endloop
  endfacet
  facet normal 0 -1 0
    outer loop
      vertex -45.45 13.13 0.2
      vertex -5 13.13 0.2
      vertex -5 13.13 4.762499999999999
    endloop
  endfacet
  facet normal 0 -1 0
    outer loop
      vertex -45.45 13.13 0.2
      vertex -5 13.13 4.762499999999999
      vertex -45.45 13.13 4.762499999999999
    endloop
  endfacet
  facet normal -1 0 0
    outer loop
      vertex -45.45 13.13 4.762499999999999
      vertex -45.45 13.137361261892096 4.762499999999999
      vertex -45.45 13.137361261892096 0.2
    endloop
  endfacet
  facet normal 0 0 -1
    outer loop
      vertex -45.45 13.13 4.762499999999999
      vertex -5 13.13 4.762499999999999
      vertex -5 0.010475613520223396 4.762499999999999
    endloop
  endfacet
  facet normal 1 0 0
    outer loop
      vertex -5 -10 0.2
      vertex -5 0.010473397570171772 0.2
      vertex -5 0.010473397570171772 4.762499999999999
    endloop
  endfacet
  facet normal 1 0 0
    outer loop
      vertex -5 -10 0.2
      vertex -5 0.010473397570171772 4.762499999999999
      vertex -5 -10 4.762499999999999
    endloop
  endfacet
  facet normal 0 0 -1
    outer loop
      vertex -5 -10 4.762499999999999
      vertex -5 0.010473397570171772 4.762499999999999
      vertex 5 -10 4.762499999999999
    endloop
  endfacet
  facet normal 0 -1 0
    outer loop
      vertex -5 -10 4.762499999999999
      vertex 5 -10 4.762499999999999
      vertex 20 -10 20.2
    endloop
  endfacet
  facet normal 0 0 -1
    outer loop
      vertex -5 0.010473397570171772 4.762499999999999
      vertex -5 0.010475613520223396 4.762499999999999
      vertex 5 -10 4.762499999999999
    endloop
  endfacet
  facet normal 0 0 -1
    outer loop
      vertex -5 0.010475613520223396 4.762499999999999
      vertex -5 13.13 4.762499999999999
      vertex 5 -10 4.762499999999999
    endloop
  endfacet
  facet normal 1 0 0
    outer loop
      vertex -5 13.13 0.2
      vertex -5 40 0.2
      vertex -5 40 4.762499999999999
    endloop
  endfacet
  facet normal 1 0 0
    outer loop
      vertex -5 13.13 0.2
      vertex -5 40 4.762499999999999
      vertex -5 13.13 4.762499999999999
    endloop
  endfacet
  facet normal 0 0 -1
    outer loop
      vertex -5 13.13 4.762499999999999
      vertex -5 40 4.762499999999999
      vertex 5 -10 4.762499999999999
    endloop
  endfacet
  facet normal 0 0 -1
    outer loop
      vertex -5 40 4.762499999999999
      vertex 5 1.9151282379990853 4.762499999999999
      vertex 5 -10 4.762499999999999
    endloop
  endfacet
  facet normal 0 0 -1
    outer loop
      vertex -5 40 4.762499999999999
      vertex 5 2.2822402496182312 4.762499999999999
      vertex 5 1.9151282379990853 4.762499999999999
    endloop
  endfacet
  facet normal 0 0 -1
    outer loop
      vertex -5 40 4.762499999999999
      vertex 5 11.214871762000913 4.762499999999999
      vertex 5 2.2822402496182312 4.762499999999999
    endloop
  endfacet
  facet normal 0 0 -1
    outer loop
      vertex -5 40 4.762499999999999
      vertex 5 40 4.762499999999999
      vertex 5 11.214871762000913 4.762499999999999
    endloop
  endfacet
  facet normal -1 0 0
    outer loop
      vertex 5 -10 0.2
      vertex 5 -10 4.762499999999999
      vertex 5 1.9151282379990853 4.762499999999999
    endloop
  endfacet
  facet normal 0 0 -1
    outer loop
      vertex 5 -10 0.2
      vertex 5 1.9151282379990853 0.2
      vertex 5.003192198870833 1.9164504900651764 0.2
    endloop
  endfacet
  facet normal -1 0 0
    outer loop
      vertex 5 -10 0.2
      vertex 5 1.9151282379990853 4.762499999999999
      vertex 5 1.9151282379990853 0.2
    endloop
  endfacet
  facet normal 0 0 -1
    outer loop
      vertex 5 -10 0.2
      vertex 5.003192198870833 1.9164504900651764 0.2
      vertex 5.084020047532792 1.9515954389048658 0.2
    endloop
  endfacet
  facet normal 0 0 -1
    outer loop
      vertex 5 -10 0.2
      vertex 5.084020047532792 1.9515954389048658 0.2
      vertex 5.164222221790532 1.9881456754649183 0.2
    endloop
  endfacet
  facet normal 0 0 -1
    outer loop
      vertex 5 -10 0.2
      vertex 5.164222221790532 1.9881456754649183 0.2
      vertex 20 -10 0.2
    endloop
  endfacet
  facet normal 0 -1 0
    outer loop
      vertex 5 -10 0.2
      vertex 20 -10 0.2
      vertex 5 -10 4.762499999999999
    endloop
  endfacet
  facet normal 0 -1 0
    outer loop
      vertex 5 -10 4.762499999999999
      vertex 20 -10 0.2
      vertex 20 -10 20.2
    endloop
  endfacet
  facet normal -0.382683432365102 0.9238795325112817 0
    outer loop
      vertex 5 1.9151282379990853 0.2
      vertex 5 1.9151282379990853 4.762499999999999
      vertex 5.003192198870833 1.9164504900651764 0.2
    endloop
  endfacet
  facet normal 0 0 -1
    outer loop
      vertex 5 1.9151282379990853 4.762499999999999
      vertex 5 2.2822402496182312 4.762499999999999
      vertex 5.003192198870833 1.9164504900651764 4.762499999999999
    endloop
  endfacet
  facet normal -0.382683432365102 0.9238795325112817 0
    outer loop
      vertex 5 1.9151282379990853 4.762499999999999
      vertex 5.003192198870833 1.9164504900651764 4.762499999999999
      vertex 5.003192198870833 1.9164504900651764 0.2
    endloop
  endfacet
  facet normal 0 0 -1
    outer loop
      vertex 5 2.2822402496182312 4.762499999999999
      vertex 5 11.214871762000913 4.762499999999999
      vertex 5.003192198870833 11.213549509934822 4.762499999999999
    endloop
  endfacet
  facet normal 0 0 -1
    outer loop
      vertex 5 2.2822402496182312 4.762499999999999
      vertex 5.003192198870833 11.213549509934822 4.762499999999999
      vertex 5.003192198870833 1.9164504900651764 4.762499999999999
    endloop
  endfacet
  facet normal -1 0 0
    outer loop
      vertex 5 11.214871762000913 0.2
      vertex 5 11.214871762000913 4.762499999999999
      vertex 5 40 0.2
    endloop
  endfacet
  facet normal 0 0 -1
    outer loop
      vertex 5 11.214871762000913 0.2
      vertex 5 40 0.2
      vertex 5.003192198870833 11.213549509934822 0.2
    endloop
  endfacet
  facet normal -0.38268343236499225 -0.923879532511327 0
    outer loop
      vertex 5 11.214871762000913 0.2
      vertex 5.003192198870833 11.213549509934822 0.2
      vertex 5.003192198870833 11.213549509934822 4.762499999999999
    endloop
  endfacet
  facet normal -0.38268343236499225 -0.923879532511327 0
    outer loop
      vertex 5 11.214871762000913 0.2
      vertex 5.003192198870833 11.213549509934822 4.762499999999999
      vertex 5 11.214871762000913 4.762499999999999
    endloop
  endfacet
  facet normal -1 0 0
    outer loop
      vertex 5 11.214871762000913 4.762499999999999
      vertex 5 40 4.762499999999999
      vertex 5 40 0.2
    endloop
  endfacet
  facet normal 0 1 0
    outer loop
      vertex 5 40 0.2
      vertex 5 40 4.762499999999999
      vertex 20 40 0.2
    endloop
  endfacet
  facet normal 0 0 -1
    outer loop
      vertex 5 40 0.2
      vertex 5.084020047532792 11.178404561095133 0.2
      vertex 5.003192198870833 11.213549509934822 0.2
    endloop
  endfacet
  facet normal 0 0 -1
    outer loop
      vertex 5 40 0.2
      vertex 5.164222221790532 11.141854324535082 0.2
      vertex 5.084020047532792 11.178404561095133 0.2
    endloop
  endfacet
  facet normal 0 0 -1
    outer loop
      vertex 5 40 0.2
      vertex 5.243774291284841 11.103909933810794 0.2
      vertex 5.164222221790532 11.141854324535082 0.2
    endloop
  endfacet
  facet normal 0 0 -1
    outer loop
      vertex 5 40 0.2
      vertex 5.322652023684711 11.064582947151258 0.2
      vertex 5.243774291284841 11.103909933810794 0.2
    endloop
  endfacet
  facet normal 0 0 -1
    outer loop
      vertex 5 40 0.2
      vertex 20 40 0.2
      vertex 5.322652023684711 11.064582947151258 0.2
    endloop
  endfacet
  facet normal 0 1 0
    outer loop
      vertex 5 40 4.762499999999999
      vertex 20 40 20.2
      vertex 20 40 0.2
    endloop
  endfacet
  facet normal -0.3987490689252476 0.9170600743851234 0
    outer loop
      vertex 5.003192198870833 1.9164504900651764 0.2
      vertex 5.003192198870833 1.9164504900651764 4.762499999999999
      vertex 5.084020047532792 1.9515954389048658 0.2
    endloop
  endfacet
  facet normal 0 0 -1
    outer loop
      vertex 5.003192198870833 1.9164504900651764 4.762499999999999
      vertex 5.003192198870833 11.213549509934822 4.762499999999999
      vertex 5.084020047532792 1.9515954389048658 4.762499999999999
    endloop
  endfacet
  facet normal -0.3987490689252476 0.9170600743851234 0
    outer loop
      vertex 5.003192198870833 1.9164504900651764 4.762499999999999
      vertex 5.084020047532792 1.9515954389048658 4.762499999999999
      vertex 5.084020047532792 1.9515954389048658 0.2
    endloop
  endfacet
  facet normal -0.3987490689252392 -0.9170600743851272 0
    outer loop
      vertex 5.003192198870833 11.213549509934822 0.2
      vertex 5.084020047532792 11.178404561095133 0.2
      vertex 5.084020047532792 11.178404561095133 4.762499999999999
    endloop
  endfacet
  facet normal -0.3987490689252392 -0.9170600743851272 0
    outer loop
      vertex 5.003192198870833 11.213549509934822 0.2
      vertex 5.084020047532792 11.178404561095133 4.762499999999999
      vertex 5.003192198870833 11.213549509934822 4.762499999999999
    endloop
  endfacet
  facet normal 0 0 -1
    outer loop
      vertex 5.003192198870833 11.213549509934822 4.762499999999999
      vertex 5.084020047532792 11.178404561095133 4.762499999999999
      vertex 5.084020047532792 1.9515954389048658 4.762499999999999
    endloop
  endfacet
  facet normal -0.4146932426562443 0.9099612708765409 0
    outer loop
      vertex 5.084020047532792 1.9515954389048658 0.2
      vertex 5.084020047532792 1.9515954389048658 4.762499999999999
      vertex 5.164222221790532 1.9881456754649183 0.2
    endloop
  endfacet
  facet normal 0 0 -1
    outer loop
      vertex 5.084020047532792 1.9515954389048658 4.762499999999999
      vertex 5.084020047532792 11.178404561095133 4.762499999999999
      vertex 5.164222221790532 1.9881456754649183 4.762499999999999
    endloop
  endfacet
  facet normal -0.4146932426562443 0.9099612708765409 0
    outer loop
      vertex 5.084020047532792 1.9515954389048658 4.762499999999999
      vertex 5.164222221790532 1.9881456754649183 4.762499999999999
      vertex 5.164222221790532 1.9881456754649183 0.2
    endloop
  endfacet
  facet normal -0.4146932426562359 -0.9099612708765447 0
    outer loop
      vertex 5.084020047532792 11.178404561095133 0.2
      vertex 5.164222221790532 11.141854324535082 0.2
      vertex 5.164222221790532 11.141854324535082 4.762499999999999
    endloop
  endfacet
  facet normal -0.4146932426562359 -0.9099612708765447 0
    outer loop
      vertex 5.084020047532792 11.178404561095133 0.2
      vertex 5.164222221790532 11.141854324535082 4.762499999999999
      vertex 5.084020047532792 11.178404561095133 4.762499999999999
    endloop
  endfacet
  facet normal 0 0 -1
    outer loop
      vertex 5.084020047532792 11.178404561095133 4.762499999999999
      vertex 5.164222221790532 11.141854324535082 4.762499999999999
      vertex 5.164222221790532 1.9881456754649183 4.762499999999999
    endloop
  endfacet
  facet normal -0.430511096808289 0.9025852843498636 0
    outer loop
      vertex 5.164222221790532 1.9881456754649183 0.2
      vertex 5.164222221790532 1.9881456754649183 4.762499999999999
      vertex 5.243774291284841 2.0260900661892065 0.2
    endloop
  endfacet
  facet normal 0 0 -1
    outer loop
      vertex 5.164222221790532 1.9881456754649183 0.2
      vertex 5.243774291284841 2.0260900661892065 0.2
      vertex 20 -10 0.2
    endloop
  endfacet
  facet normal 0 0 -1
    outer loop
      vertex 5.164222221790532 1.9881456754649183 4.762499999999999
      vertex 5.164222221790532 11.141854324535082 4.762499999999999
      vertex 5.243774291284841 2.0260900661892065 4.762499999999999
    endloop
  endfacet
  facet normal -0.430511096808289 0.9025852843498636 0
    outer loop
      vertex 5.164222221790532 1.9881456754649183 4.762499999999999
      vertex 5.243774291284841 2.0260900661892065 4.762499999999999
      vertex 5.243774291284841 2.0260900661892065 0.2
    endloop
  endfacet
  facet normal -0.430511096808287 -0.9025852843498646 0
    outer loop
      vertex 5.164222221790532 11.141854324535082 0.2
      vertex 5.243774291284841 11.103909933810794 0.2
      vertex 5.243774291284841 11.103909933810794 4.762499999999999
    endloop
  endfacet
  facet normal -0.430511096808287 -0.9025852843498646 0
    outer loop
      vertex 5.164222221790532 11.141854324535082 0.2
      vertex 5.243774291284841 11.103909933810794 4.762499999999999
      vertex 5.164222221790532 11.141854324535082 4.762499999999999
    endloop
  endfacet
  facet normal 0 0 -1
    outer loop
      vertex 5.164222221790532 11.141854324535082 4.762499999999999
      vertex 5.243774291284841 11.103909933810794 4.762499999999999
      vertex 5.243774291284841 2.0260900661892065 4.762499999999999
    endloop
  endfacet
  facet normal -0.44619781310981255 0.8949343616020232 0
    outer loop
      vertex 5.243774291284841 2.0260900661892065 0.2
      vertex 5.243774291284841 2.0260900661892065 4.762499999999999
      vertex 5.322652023684711 2.0654170528487423 0.2
    endloop
  endfacet
  facet normal 0 0 -1
    outer loop
      vertex 5.243774291284841 2.0260900661892065 0.2
      vertex 5.322652023684711 2.0654170528487423 0.2
      vertex 20 -10 0.2
    endloop
  endfacet
  facet normal 0 0 -1
    outer loop
      vertex 5.243774291284841 2.0260900661892065 4.762499999999999
      vertex 5.243774291284841 11.103909933810794 4.762499999999999
      vertex 5.322652023684711 2.0654170528487423 4.762499999999999
    endloop
  endfacet
  facet normal -0.44619781310981255 0.8949343616020232 0
    outer loop
      vertex 5.243774291284841 2.0260900661892065 4.762499999999999
      vertex 5.322652023684711 2.0654170528487423 4.762499999999999
      vertex 5.322652023684711 2.0654170528487423 0.2
    endloop
  endfacet
  facet normal -0.4461978131098085 -0.8949343616020252 0
    outer loop
      vertex 5.243774291284841 11.103909933810794 0.2
      vertex 5.322652023684711 11.064582947151258 0.2
      vertex 5.322652023684711 11.064582947151258 4.762499999999999
    endloop
  endfacet
  facet normal -0.4461978131098085 -0.8949343616020252 0
    outer loop
      vertex 5.243774291284841 11.103909933810794 0.2
      vertex 5.322652023684711 11.064582947151258 4.762499999999999
      vertex 5.243774291284841 11.103909933810794 4.762499999999999
    endloop
  endfacet
  facet normal 0 0 -1
    outer loop
      vertex 5.243774291284841 11.103909933810794 4.762499999999999
      vertex 5.322652023684711 11.064582947151258 4.762499999999999
      vertex 5.322652023684711 2.0654170528487423 4.762499999999999
    endloop
  endfacet
  facet normal -0.4617486132350272 0.8870108331782253 0
    outer loop
      vertex 5.322652023684711 2.0654170528487423 0.2
      vertex 5.322652023684711 2.0654170528487423 4.762499999999999
      vertex 5.400831392068749 2.106114656062419 0.2
    endloop
  endfacet
  facet normal 0 0 -1
    outer loop
      vertex 5.322652023684711 2.0654170528487423 0.2
      vertex 5.400831392068749 2.106114656062419 0.2
      vertex 20 -10 0.2
    endloop
  endfacet
  facet normal 0 0 -1
    outer loop
      vertex 5.322652023684711 2.0654170528487423 4.762499999999999
      vertex 5.322652023684711 11.064582947151258 4.762499999999999
      vertex 5.400831392068749 2.106114656062419 4.762499999999999
    endloop
  endfacet
  facet normal -0.4617486132350272 0.8870108331782253 0
    outer loop
      vertex 5.322652023684711 2.0654170528487423 4.762499999999999
      vertex 5.400831392068749 2.106114656062419 4.762499999999999
      vertex 5.400831392068749 2.106114656062419 0.2
    endloop
  endfacet
  facet normal -0.4617486132350391 -0.887010833178219 0
    outer loop
      vertex 5.322652023684711 11.064582947151258 0.2
      vertex 5.400831392068749 11.02388534393758 0.2
      vertex 5.400831392068749 11.02388534393758 4.762499999999999
    endloop
  endfacet
  facet normal -0.4617486132350391 -0.887010833178219 0
    outer loop
      vertex 5.322652023684711 11.064582947151258 0.2
      vertex 5.400831392068749 11.02388534393758 4.762499999999999
      vertex 5.322652023684711 11.064582947151258 4.762499999999999
    endloop
  endfacet
  facet normal 0 0 -1
    outer loop
      vertex 5.322652023684711 11.064582947151258 0.2
      vertex 20 40 0.2
      vertex 5.400831392068749 11.02388534393758 0.2
    endloop
  endfacet
  facet normal 0 0 -1
    outer loop
      vertex 5.322652023684711 11.064582947151258 4.762499999999999
      vertex 5.400831392068749 11.02388534393758 4.762499999999999
      vertex 5.400831392068749 2.106114656062419 4.762499999999999
    endloop
  endfacet
  facet normal -0.47715876025961046 0.8788171126619643 0
    outer loop
      vertex 5.400831392068749 2.106114656062419 0.2
      vertex 5.400831392068749 2.106114656062419 4.762499999999999
      vertex 5.478288582244002 2.148170478946051 0.2
    endloop
  endfacet
  facet normal 0 0 -1
    outer loop
      vertex 5.400831392068749 2.106114656062419 0.2
      vertex 5.478288582244002 2.148170478946051 0.2
      vertex 20 -10 0.2
    endloop
  endfacet
  facet normal 0 0 -1
    outer loop
      vertex 5.400831392068749 2.106114656062419 4.762499999999999
      vertex 5.400831392068749 11.02388534393758 4.762499999999999
      vertex 5.478288582244002 2.148170478946051 4.762499999999999
    endloop
  endfacet
  facet normal -0.47715876025961046 0.8788171126619643 0
    outer loop
      vertex 5.400831392068749 2.106114656062419 4.762499999999999
      vertex 5.478288582244002 2.148170478946051 4.762499999999999
      vertex 5.478288582244002 2.148170478946051 0.2
    endloop
  endfacet
  facet normal -0.47715876025959875 -0.8788171126619705 0
    outer loop
      vertex 5.400831392068749 11.02388534393758 0.2
      vertex 5.478288582244002 10.98182952105395 0.2
      vertex 5.478288582244002 10.98182952105395 4.762499999999999
    endloop
  endfacet
  facet normal -0.47715876025959875 -0.8788171126619705 0
    outer loop
      vertex 5.400831392068749 11.02388534393758 0.2
      vertex 5.478288582244002 10.98182952105395 4.762499999999999
      vertex 5.400831392068749 11.02388534393758 4.762499999999999
    endloop
  endfacet
  facet normal 0 0 -1
    outer loop
      vertex 5.400831392068749 11.02388534393758 0.2
      vertex 20 40 0.2
      vertex 5.478288582244002 10.98182952105395 0.2
    endloop
  endfacet
  facet normal 0 0 -1
    outer loop
      vertex 5.400831392068749 11.02388534393758 4.762499999999999
      vertex 5.478288582244002 10.98182952105395 4.762499999999999
      vertex 5.478288582244002 2.148170478946051 4.762499999999999
    endloop
  endfacet
  facet normal -0.49242356010347627 0.8703556959398944 0
    outer loop
      vertex 5.478288582244002 2.148170478946051 0.2
      vertex 5.478288582244002 2.148170478946051 4.762499999999999
      vertex 5.555 2.1915717108885855 0.2
    endloop
  endfacet
  facet normal 0 0 -1
    outer loop
      vertex 5.478288582244002 2.148170478946051 0.2
      vertex 5.555 2.1915717108885855 0.2
      vertex 20 -10 0.2
    endloop
  endfacet
  facet normal 0 0 -1
    outer loop
      vertex 5.478288582244002 2.148170478946051 4.762499999999999
      vertex 5.478288582244002 10.98182952105395 4.762499999999999
      vertex 5.555 2.1915717108885855 4.762499999999999
    endloop
  endfacet
  facet normal -0.49242356010347627 0.8703556959398944 0
    outer loop
      vertex 5.478288582244002 2.148170478946051 4.762499999999999
      vertex 5.555 2.1915717108885855 4.762499999999999
      vertex 5.555 2.1915717108885855 0.2
    endloop
  endfacet
  facet normal -0.4924235601034878 -0.870355695939888 0
    outer loop
      vertex 5.478288582244002 10.98182952105395 0.2
      vertex 5.555 10.938428289111414 0.2
      vertex 5.555 10.938428289111414 4.762499999999999
    endloop
  endfacet
  facet normal -0.4924235601034878 -0.870355695939888 0
    outer loop
      vertex 5.478288582244002 10.98182952105395 0.2
      vertex 5.555 10.938428289111414 4.762499999999999
      vertex 5.478288582244002 10.98182952105395 4.762499999999999
    endloop
  endfacet
  facet normal 0 0 -1
    outer loop
      vertex 5.478288582244002 10.98182952105395 0.2
      vertex 20 40 0.2
      vertex 5.555 10.938428289111414 0.2
    endloop
  endfacet
  facet normal 0 0 -1
    outer loop
      vertex 5.478288582244002 10.98182952105395 4.762499999999999
      vertex 5.555 10.938428289111414 4.762499999999999
      vertex 5.555 2.1915717108885855 4.762499999999999
    endloop
  endfacet
  facet normal -0.5075383629606963 0.8616291604415303 0
    outer loop
      vertex 5.555 2.1915717108885855 0.2
      vertex 5.555 2.1915717108885855 4.762499999999999
      vertex 5.630942278295773 2.2363051314543325 0.2
    endloop
  endfacet
  facet normal 0 0 -1
    outer loop
      vertex 5.555 2.1915717108885855 0.2
      vertex 5.630942278295773 2.2363051314543325 0.2
      vertex 20 -10 0.2
    endloop
  endfacet
  facet normal 0 0 -1
    outer loop
      vertex 5.555 2.1915717108885855 4.762499999999999
      vertex 5.555 10.938428289111414 4.762499999999999
      vertex 5.630942278295773 2.2363051314543325 4.762499999999999
    endloop
  endfacet
  facet normal -0.5075383629606963 0.8616291604415303 0
    outer loop
      vertex 5.555 2.1915717108885855 4.762499999999999
      vertex 5.630942278295773 2.2363051314543325 4.762499999999999
      vertex 5.630942278295773 2.2363051314543325 0.2
    endloop
  endfacet
  facet normal -0.5075383629606777 -0.8616291604415414 0
    outer loop
      vertex 5.555 10.938428289111414 0.2
      vertex 5.630942278295773 10.89369486854567 0.2
      vertex 5.630942278295773 10.89369486854567 4.762499999999999
    endloop
  endfacet
  facet normal -0.5075383629606777 -0.8616291604415414 0
    outer loop
      vertex 5.555 10.938428289111414 0.2
      vertex 5.630942278295773 10.89369486854567 4.762499999999999
      vertex 5.555 10.938428289111414 4.762499999999999
    endloop
  endfacet
  facet normal 0 0 -1
    outer loop
      vertex 5.555 10.938428289111414 0.2
      vertex 20 40 0.2
      vertex 5.630942278295773 10.89369486854567 0.2
    endloop
  endfacet
  facet normal 0 0 -1
    outer loop
      vertex 5.555 10.938428289111414 4.762499999999999
      vertex 5.630942278295773 10.89369486854567 4.762499999999999
      vertex 5.630942278295773 2.2363051314543325 4.762499999999999
    endloop
  endfacet
  facet normal -0.522498564715953 0.8526401643540897 0
    outer loop
      vertex 5.630942278295773 2.2363051314543325 0.2
      vertex 5.630942278295773 2.2363051314543325 4.762499999999999
      vertex 5.706092284377685 2.282357114410049 0.2
    endloop
  endfacet
  facet normal 0 0 -1
    outer loop
      vertex 5.630942278295773 2.2363051314543325 0.2
      vertex 5.706092284377685 2.282357114410049 0.2
      vertex 20 -10 0.2
    endloop
  endfacet
  facet normal 0 0 -1
    outer loop
      vertex 5.630942278295773 2.2363051314543325 4.762499999999999
      vertex 5.630942278295773 10.89369486854567 4.762499999999999
      vertex 5.706092284377685 2.282357114410049 4.762499999999999
    endloop
  endfacet
  facet normal -0.522498564715953 0.8526401643540897 0
    outer loop
      vertex 5.630942278295773 2.2363051314543325 4.762499999999999
      vertex 5.706092284377685 2.282357114410049 4.762499999999999
      vertex 5.706092284377685 2.282357114410049 0.2
    endloop
  endfacet
  facet normal -0.5224985647159567 -0.8526401643540875 0
    outer loop
      vertex 5.630942278295773 10.89369486854567 0.2
      vertex 5.706092284377685 10.847642885589952 0.2
      vertex 5.706092284377685 10.847642885589952 4.762499999999999
    endloop
  endfacet
  facet normal -0.5224985647159567 -0.8526401643540875 0
    outer loop
      vertex 5.630942278295773 10.89369486854567 0.2
      vertex 5.706092284377685 10.847642885589952 4.762499999999999
      vertex 5.630942278295773 10.89369486854567 4.762499999999999
    endloop
  endfacet
  facet normal 0 0 -1
    outer loop
      vertex 5.630942278295773 10.89369486854567 0.2
      vertex 20 40 0.2
      vertex 5.706092284377685 10.847642885589952 0.2
    endloop
  endfacet
  facet normal 0 0 -1
    outer loop
      vertex 5.630942278295773 10.89369486854567 4.762499999999999
      vertex 5.706092284377685 10.847642885589952 4.762499999999999
      vertex 5.706092284377685 2.282357114410049 4.762499999999999
    endloop
  endfacet
  facet normal -0.5372996083468152 0.8433914458128913 0
    outer loop
      vertex 5.706092284377685 2.282357114410049 0.2
      vertex 5.706092284377685 2.282357114410049 4.762499999999999
      vertex 5.780427126825887 2.329713631875608 0.2
    endloop
  endfacet
  facet normal 0 0 -1
    outer loop
      vertex 5.706092284377685 2.282357114410049 0.2
      vertex 5.780427126825887 2.329713631875608 0.2
      vertex 20 -10 0.2
    endloop
  endfacet
  facet normal 0 0 -1
    outer loop
      vertex 5.706092284377685 2.282357114410049 4.762499999999999
      vertex 5.706092284377685 10.847642885589952 4.762499999999999
      vertex 5.780427126825887 2.329713631875608 4.762499999999999
    endloop
  endfacet
  facet normal -0.5372996083468152 0.8433914458128913 0
    outer loop
      vertex 5.706092284377685 2.282357114410049 4.762499999999999
      vertex 5.780427126825887 2.329713631875608 4.762499999999999
      vertex 5.780427126825887 2.329713631875608 0.2
    endloop
  endfacet
  facet normal -0.5372996083468294 -0.8433914458128821 0
    outer loop
      vertex 5.706092284377685 10.847642885589952 0.2
      vertex 5.780427126825887 10.800286368124391 0.2
      vertex 5.780427126825887 10.800286368124391 4.762499999999999
    endloop
  endfacet
  facet normal -0.5372996083468294 -0.8433914458128821 0
    outer loop
      vertex 5.706092284377685 10.847642885589952 0.2
      vertex 5.780427126825887 10.800286368124391 4.762499999999999
      vertex 5.706092284377685 10.847642885589952 4.762499999999999
    endloop
  endfacet
  facet normal 0 0 -1
    outer loop
      vertex 5.706092284377685 10.847642885589952 0.2
      vertex 20 40 0.2
      vertex 5.780427126825887 10.800286368124391 0.2
    endloop
  endfacet
  facet normal 0 0 -1
    outer loop
      vertex 5.706092284377685 10.847642885589952 4.762499999999999
      vertex 5.780427126825887 10.800286368124391 4.762499999999999
      vertex 5.780427126825887 2.329713631875608 4.762499999999999
    endloop
  endfacet
  facet normal -0.55193698531207 0.8338858220671603 0
    outer loop
      vertex 5.780427126825887 2.329713631875608 0.2
      vertex 5.780427126825887 2.329713631875608 4.762499999999999
      vertex 5.853924162527272 2.3783602585970405 0.2
    endloop
  endfacet
  facet normal 0 0 -1
    outer loop
      vertex 5.780427126825887 2.329713631875608 0.2
      vertex 5.853924162527272 2.3783602585970405 0.2
      vertex 20 -10 0.2
    endloop
  endfacet
  facet normal 0 0 -1
    outer loop
      vertex 5.780427126825887 2.329713631875608 4.762499999999999
      vertex 5.780427126825887 10.800286368124391 4.762499999999999
      vertex 5.853924162527272 2.3783602585970405 4.762499999999999
    endloop
  endfacet
  facet normal -0.55193698531207 0.8338858220671603 0
    outer loop
      vertex 5.780427126825887 2.329713631875608 4.762499999999999
      vertex 5.853924162527272 2.3783602585970405 4.762499999999999
      vertex 5.853924162527272 2.3783602585970405 0.2
    endloop
  endfacet
  facet normal -0.5519369853120666 -0.8338858220671626 0
    outer loop
      vertex 5.780427126825887 10.800286368124391 0.2
      vertex 5.853924162527272 10.75163974140296 0.2
      vertex 5.853924162527272 10.75163974140296 4.762499999999999
    endloop
  endfacet
  facet normal -0.5519369853120666 -0.8338858220671626 0
    outer loop
      vertex 5.780427126825887 10.800286368124391 0.2
      vertex 5.853924162527272 10.75163974140296 4.762499999999999
      vertex 5.780427126825887 10.800286368124391 4.762499999999999
    endloop
  endfacet
  facet normal 0 0 -1
    outer loop
      vertex 5.780427126825887 10.800286368124391 0.2
      vertex 20 40 0.2
      vertex 5.853924162527272 10.75163974140296 0.2
    endloop
  endfacet
  facet normal 0 0 -1
    outer loop
      vertex 5.780427126825887 10.800286368124391 4.762499999999999
      vertex 5.853924162527272 10.75163974140296 4.762499999999999
      vertex 5.853924162527272 2.3783602585970405 4.762499999999999
    endloop
  endfacet
  facet normal -0.56640623692483 0.8241261886220175 0
    outer loop
      vertex 5.853924162527272 2.3783602585970405 0.2
      vertex 5.853924162527272 2.3783602585970405 4.762499999999999
      vertex 5.9265610035727825 2.4282821763405917 0.2
    endloop
  endfacet
  facet normal 0 0 -1
    outer loop
      vertex 5.853924162527272 2.3783602585970405 0.2
      vertex 5.9265610035727825 2.4282821763405917 0.2
      vertex 20 -10 0.2
    endloop
  endfacet
  facet normal 0 0 -1
    outer loop
      vertex 5.853924162527272 2.3783602585970405 4.762499999999999
      vertex 5.853924162527272 10.75163974140296 4.762499999999999
      vertex 5.9265610035727825 2.4282821763405917 4.762499999999999
    endloop
  endfacet
  facet normal -0.56640623692483 0.8241261886220175 0
    outer loop
      vertex 5.853924162527272 2.3783602585970405 4.762499999999999
      vertex 5.9265610035727825 2.4282821763405917 4.762499999999999
      vertex 5.9265610035727825 2.4282821763405917 0.2
    endloop
  endfacet
  facet normal -0.5664062369248336 -0.8241261886220153 0
    outer loop
      vertex 5.853924162527272 10.75163974140296 0.2
      vertex 5.9265610035727825 10.701717823659408 0.2
      vertex 5.9265610035727825 10.701717823659408 4.762499999999999
    endloop
  endfacet
  facet normal -0.5664062369248336 -0.8241261886220153 0
    outer loop
      vertex 5.853924162527272 10.75163974140296 0.2
      vertex 5.9265610035727825 10.701717823659408 4.762499999999999
      vertex 5.853924162527272 10.75163974140296 4.762499999999999
    endloop
  endfacet
  facet normal 0 0 -1
    outer loop
      vertex 5.853924162527272 10.75163974140296 0.2
      vertex 20 40 0.2
      vertex 5.9265610035727825 10.701717823659408 0.2
    endloop
  endfacet
  facet normal 0 0 -1
    outer loop
      vertex 5.853924162527272 10.75163974140296 4.762499999999999
      vertex 5.9265610035727825 10.701717823659408 4.762499999999999
      vertex 5.9265610035727825 2.4282821763405917 4.762499999999999
    endloop
  endfacet
  facet normal -0.5807029557109338 0.8141155183563236 0
    outer loop
      vertex 5.9265610035727825 2.4282821763405917 0.2
      vertex 5.9265610035727825 2.4282821763405917 4.762499999999999
      vertex 5.99831552407699 2.4794641784065155 0.2
    endloop
  endfacet
  facet normal 0 0 -1
    outer loop
      vertex 5.9265610035727825 2.4282821763405917 0.2
      vertex 5.99831552407699 2.4794641784065155 0.2
      vertex 20 -10 0.2
    endloop
  endfacet
  facet normal 0 0 -1
    outer loop
      vertex 5.9265610035727825 2.4282821763405917 4.762499999999999
      vertex 5.9265610035727825 10.701717823659408 4.762499999999999
      vertex 5.99831552407699 2.4794641784065155 4.762499999999999
    endloop
  endfacet
  facet normal -0.5807029557109338 0.8141155183563236 0
    outer loop
      vertex 5.9265610035727825 2.4282821763405917 4.762499999999999
      vertex 5.99831552407699 2.4794641784065155 4.762499999999999
      vertex 5.99831552407699 2.4794641784065155 0.2
    endloop
  endfacet
  facet normal -0.5807029557109304 -0.8141155183563259 0
    outer loop
      vertex 5.9265610035727825 10.701717823659408 0.2
      vertex 5.99831552407699 10.650535821593484 0.2
      vertex 5.99831552407699 10.650535821593484 4.762499999999999
    endloop
  endfacet
  facet normal -0.5807029557109304 -0.8141155183563259 0
    outer loop
      vertex 5.9265610035727825 10.701717823659408 0.2
      vertex 5.99831552407699 10.650535821593484 4.762499999999999
      vertex 5.9265610035727825 10.701717823659408 4.762499999999999
    endloop
  endfacet
  facet normal 0 0 -1
    outer loop
      vertex 5.9265610035727825 10.701717823659408 0.2
      vertex 20 40 0.2
      vertex 5.99831552407699 10.650535821593484 0.2
    endloop
  endfacet
  facet normal 0 0 -1
    outer loop
      vertex 5.9265610035727825 10.701717823659408 4.762499999999999
      vertex 5.99831552407699 10.650535821593484 4.762499999999999
      vertex 5.99831552407699 2.4794641784065155 4.762499999999999
    endloop
  endfacet
  facet normal -0.5948227867513418 0.803856860617217 0
    outer loop
      vertex 5.99831552407699 2.4794641784065155 0.2
      vertex 5.99831552407699 2.4794641784065155 4.762499999999999
      vertex 6.069165866917844 2.531890674261171 0.2
    endloop
  endfacet
  facet normal 0 0 -1
    outer loop
      vertex 5.99831552407699 2.4794641784065155 0.2
      vertex 6.069165866917844 2.531890674261171 0.2
      vertex 20 -10 0.2
    endloop
  endfacet
  facet normal 0 0 -1
    outer loop
      vertex 5.99831552407699 2.4794641784065155 4.762499999999999
      vertex 5.99831552407699 10.650535821593484 4.762499999999999
      vertex 6.069165866917844 2.531890674261171 4.762499999999999
    endloop
  endfacet
  facet normal -0.5948227867513418 0.803856860617217 0
    outer loop
      vertex 5.99831552407699 2.4794641784065155 4.762499999999999
      vertex 6.069165866917844 2.531890674261171 4.762499999999999
      vertex 6.069165866917844 2.531890674261171 0.2
    endloop
  endfacet
  facet normal -0.5948227867513418 -0.803856860617217 0
    outer loop
      vertex 5.99831552407699 10.650535821593484 0.2
      vertex 6.069165866917844 10.598109325738829 0.2
      vertex 6.069165866917844 10.598109325738829 4.762499999999999
    endloop
  endfacet
  facet normal -0.5948227867513418 -0.803856860617217 0
    outer loop
      vertex 5.99831552407699 10.650535821593484 0.2
      vertex 6.069165866917844 10.598109325738829 4.762499999999999
      vertex 5.99831552407699 10.650535821593484 4.762499999999999
    endloop
  endfacet
  facet normal 0 0 -1
    outer loop
      vertex 5.99831552407699 10.650535821593484 0.2
      vertex 20 40 0.2
      vertex 6.069165866917844 10.598109325738829 0.2
    endloop
  endfacet
  facet normal 0 0 -1
    outer loop
      vertex 5.99831552407699 10.650535821593484 4.762499999999999
      vertex 6.069165866917844 10.598109325738829 4.762499999999999
      vertex 6.069165866917844 2.531890674261171 4.762499999999999
    endloop
  endfacet
  facet normal -0.6087614290087253 0.7933533402912316 0
    outer loop
      vertex 6.069165866917844 2.531890674261171 0.2
      vertex 6.069165866917844 2.531890674261171 4.762499999999999
      vertex 6.1390904503945745 2.5855456942860546 0.2
    endloop
  endfacet
  facet normal 0 0 -1
    outer loop
      vertex 6.069165866917844 2.531890674261171 0.2
      vertex 6.1390904503945745 2.5855456942860546 0.2
      vertex 20 -10 0.2
    endloop
  endfacet
  facet normal 0 0 -1
    outer loop
      vertex 6.069165866917844 2.531890674261171 4.762499999999999
      vertex 6.069165866917844 10.598109325738829 4.762499999999999
      vertex 6.1390904503945745 2.5855456942860546 4.762499999999999
    endloop
  endfacet
  facet normal -0.6087614290087253 0.7933533402912316 0
    outer loop
      vertex 6.069165866917844 2.531890674261171 4.762499999999999
      vertex 6.1390904503945745 2.5855456942860546 4.762499999999999
      vertex 6.1390904503945745 2.5855456942860546 0.2
    endloop
  endfacet
  facet normal -0.6087614290087284 -0.7933533402912292 0
    outer loop
      vertex 6.069165866917844 10.598109325738829 0.2
      vertex 6.1390904503945745 10.544454305713945 0.2
      vertex 6.1390904503945745 10.544454305713945 4.762499999999999
    endloop
  endfacet
  facet normal -0.6087614290087284 -0.7933533402912292 0
    outer loop
      vertex 6.069165866917844 10.598109325738829 0.2
      vertex 6.1390904503945745 10.544454305713945 4.762499999999999
      vertex 6.069165866917844 10.598109325738829 4.762499999999999
    endloop
  endfacet
  facet normal 0 0 -1
    outer loop
      vertex 6.069165866917844 10.598109325738829 0.2
      vertex 20 40 0.2
      vertex 6.1390904503945745 10.544454305713945 0.2
    endloop
  endfacet
  facet normal 0 0 -1
    outer loop
      vertex 6.069165866917844 10.598109325738829 4.762499999999999
      vertex 6.1390904503945745 10.544454305713945 4.762499999999999
      vertex 6.1390904503945745 2.5855456942860546 4.762499999999999
    endloop
  endfacet
  facet normal -0.6225146366376171 0.7826081568524158 0
    outer loop
      vertex 6.1390904503945745 2.5855456942860546 0.2
      vertex 6.1390904503945745 2.5855456942860546 4.762499999999999
      vertex 6.208067974801679 2.640412894642297 0.2
    endloop
  endfacet
  facet normal 0 0 -1
    outer loop
      vertex 6.1390904503945745 2.5855456942860546 0.2
      vertex 6.208067974801679 2.640412894642297 0.2
      vertex 20 -10 0.2
    endloop
  endfacet
  facet normal 0 0 -1
    outer loop
      vertex 6.1390904503945745 2.5855456942860546 4.762499999999999
      vertex 6.1390904503945745 10.544454305713945 4.762499999999999
      vertex 6.208067974801679 2.640412894642297 4.762499999999999
    endloop
  endfacet
  facet normal -0.6225146366376171 0.7826081568524158 0
    outer loop
      vertex 6.1390904503945745 2.5855456942860546 4.762499999999999
      vertex 6.208067974801679 2.640412894642297 4.762499999999999
      vertex 6.208067974801679 2.640412894642297 0.2
    endloop
  endfacet
  facet normal -0.6225146366376233 -0.782608156852411 0
    outer loop
      vertex 6.1390904503945745 10.544454305713945 0.2
      vertex 6.208067974801679 10.489587105357701 0.2
      vertex 6.208067974801679 10.489587105357701 4.762499999999999
    endloop
  endfacet
  facet normal -0.6225146366376233 -0.782608156852411 0
    outer loop
      vertex 6.1390904503945745 10.544454305713945 0.2
      vertex 6.208067974801679 10.489587105357701 4.762499999999999
      vertex 6.1390904503945745 10.544454305713945 4.762499999999999
    endloop
  endfacet
  facet normal 0 0 -1
    outer loop
      vertex 6.1390904503945745 10.544454305713945 0.2
      vertex 20 40 0.2
      vertex 6.208067974801679 10.489587105357701 0.2
    endloop
  endfacet
  facet normal 0 0 -1
    outer loop
      vertex 6.1390904503945745 10.544454305713945 4.762499999999999
      vertex 6.208067974801679 10.489587105357701 4.762499999999999
      vertex 6.208067974801679 2.640412894642297 4.762499999999999
    endloop
  endfacet
  facet normal -0.6360782202777641 0.77162458338772 0
    outer loop
      vertex 6.208067974801679 2.640412894642297 0.2
      vertex 6.208067974801679 2.640412894642297 4.762499999999999
      vertex 6.276077428917024 2.696475562249161 0.2
    endloop
  endfacet
  facet normal 0 0 -1
    outer loop
      vertex 6.208067974801679 2.640412894642297 0.2
      vertex 6.276077428917024 2.696475562249161 0.2
      vertex 20 -10 0.2
    endloop
  endfacet
  facet normal 0 0 -1
    outer loop
      vertex 6.208067974801679 2.640412894642297 4.762499999999999
      vertex 6.208067974801679 10.489587105357701 4.762499999999999
      vertex 6.276077428917024 2.696475562249161 4.762499999999999
    endloop
  endfacet
  facet normal -0.6360782202777641 0.77162458338772 0
    outer loop
      vertex 6.208067974801679 2.640412894642297 4.762499999999999
      vertex 6.276077428917024 2.696475562249161 4.762499999999999
      vertex 6.276077428917024 2.696475562249161 0.2
    endloop
  endfacet
  facet normal -0.6360782202777461 -0.7716245833877348 0
    outer loop
      vertex 6.208067974801679 10.489587105357701 0.2
      vertex 6.276077428917024 10.43352443775084 0.2
      vertex 6.276077428917024 10.43352443775084 4.762499999999999
    endloop
  endfacet
  facet normal -0.6360782202777461 -0.7716245833877348 0
    outer loop
      vertex 6.208067974801679 10.489587105357701 0.2
      vertex 6.276077428917024 10.43352443775084 4.762499999999999
      vertex 6.208067974801679 10.489587105357701 4.762499999999999
    endloop
  endfacet
  facet normal 0 0 -1
    outer loop
      vertex 6.208067974801679 10.489587105357701 0.2
      vertex 20 40 0.2
      vertex 6.276077428917024 10.43352443775084 0.2
    endloop
  endfacet
  facet normal 0 0 -1
    outer loop
      vertex 6.208067974801679 10.489587105357701 4.762499999999999
      vertex 6.276077428917024 10.43352443775084 4.762499999999999
      vertex 6.276077428917024 2.696475562249161 4.762499999999999
    endloop
  endfacet
  facet normal -0.6494480483301831 0.7604059656000315 0
    outer loop
      vertex 6.276077428917024 2.696475562249161 0.2
      vertex 6.276077428917024 2.696475562249161 4.762499999999999
      vertex 6.343098096402062 2.7537166198750014 0.2
    endloop
  endfacet
  facet normal 0 0 -1
    outer loop
      vertex 6.276077428917024 2.696475562249161 0.2
      vertex 6.343098096402062 2.7537166198750014 0.2
      vertex 20 -10 0.2
    endloop
  endfacet
  facet normal 0 0 -1
    outer loop
      vertex 6.276077428917024 2.696475562249161 4.762499999999999
      vertex 6.276077428917024 10.43352443775084 4.762499999999999
      vertex 6.343098096402062 2.7537166198750014 4.762499999999999
    endloop
  endfacet
  facet normal -0.6494480483301831 0.7604059656000315 0
    outer loop
      vertex 6.276077428917024 2.696475562249161 4.762499999999999
      vertex 6.343098096402062 2.7537166198750014 4.762499999999999
      vertex 6.343098096402062 2.7537166198750014 0.2
    endloop
  endfacet
  facet normal -0.649448048330189 -0.7604059656000265 0
    outer loop
      vertex 6.276077428917024 10.43352443775084 0.2
      vertex 6.343098096402062 10.376283380124999 0.2
      vertex 6.343098096402062 10.376283380124999 4.762499999999999
    endloop
  endfacet
  facet normal -0.649448048330189 -0.7604059656000265 0
    outer loop
      vertex 6.276077428917024 10.43352443775084 0.2
      vertex 6.343098096402062 10.376283380124999 4.762499999999999
      vertex 6.276077428917024 10.43352443775084 4.762499999999999
    endloop
  endfacet
  facet normal 0 0 -1
    outer loop
      vertex 6.276077428917024 10.43352443775084 0.2
      vertex 20 40 0.2
      vertex 6.343098096402062 10.376283380124999 0.2
    endloop
  endfacet
  facet normal 0 0 -1
    outer loop
      vertex 6.276077428917024 10.43352443775084 4.762499999999999
      vertex 6.343098096402062 10.376283380124999 4.762499999999999
      vertex 6.343098096402062 2.7537166198750014 4.762499999999999
    endloop
  endfacet
  facet normal -0.6626200482157399 0.748955720789 0
    outer loop
      vertex 6.343098096402062 2.7537166198750014 0.2
      vertex 6.343098096402062 2.7537166198750014 4.762499999999999
      vertex 6.409109562112234 2.8121186313391595 0.2
    endloop
  endfacet
  facet normal 0 0 -1
    outer loop
      vertex 6.343098096402062 2.7537166198750014 0.2
      vertex 6.409109562112234 2.8121186313391595 0.2
      vertex 20 -10 0.2
    endloop
  endfacet
  facet normal 0 0 -1
    outer loop
      vertex 6.343098096402062 2.7537166198750014 4.762499999999999
      vertex 6.343098096402062 10.376283380124999 4.762499999999999
      vertex 6.409109562112234 2.8121186313391595 4.762499999999999
    endloop
  endfacet
  facet normal -0.6626200482157399 0.748955720789 0
    outer loop
      vertex 6.343098096402062 2.7537166198750014 4.762499999999999
      vertex 6.409109562112234 2.8121186313391595 4.762499999999999
      vertex 6.409109562112234 2.8121186313391595 0.2
    endloop
  endfacet
  facet normal -0.6626200482157427 -0.7489557207889974 0
    outer loop
      vertex 6.343098096402062 10.376283380124999 0.2
      vertex 6.409109562112234 10.31788136866084 0.2
      vertex 6.409109562112234 10.31788136866084 4.762499999999999
    endloop
  endfacet
  facet normal -0.6626200482157427 -0.7489557207889974 0
    outer loop
      vertex 6.343098096402062 10.376283380124999 0.2
      vertex 6.409109562112234 10.31788136866084 4.762499999999999
      vertex 6.343098096402062 10.376283380124999 4.762499999999999
    endloop
  endfacet
  facet normal 0 0 -1
    outer loop
      vertex 6.343098096402062 10.376283380124999 0.2
      vertex 20 40 0.2
      vertex 6.409109562112234 10.31788136866084 0.2
    endloop
  endfacet
  facet normal 0 0 -1
    outer loop
      vertex 6.343098096402062 10.376283380124999 4.762499999999999
      vertex 6.409109562112234 10.31788136866084 4.762499999999999
      vertex 6.409109562112234 2.8121186313391595 4.762499999999999
    endloop
  endfacet
  facet normal -0.6755902076156615 0.7372773368101229 0
    outer loop
      vertex 6.409109562112234 2.8121186313391595 0.2
      vertex 6.409109562112234 2.8121186313391595 4.762499999999999
      vertex 6.474091718315617 2.8716638068231894 0.2
    endloop
  endfacet
  facet normal 0 0 -1
    outer loop
      vertex 6.409109562112234 2.8121186313391595 0.2
      vertex 6.474091718315617 2.8716638068231894 0.2
      vertex 20 -10 0.2
    endloop
  endfacet
  facet normal 0 0 -1
    outer loop
      vertex 6.409109562112234 2.8121186313391595 4.762499999999999
      vertex 6.409109562112234 10.31788136866084 4.762499999999999
      vertex 6.474091718315617 2.8716638068231894 4.762499999999999
    endloop
  endfacet
  facet normal -0.6755902076156615 0.7372773368101229 0
    outer loop
      vertex 6.409109562112234 2.8121186313391595 4.762499999999999
      vertex 6.474091718315617 2.8716638068231894 4.762499999999999
      vertex 6.474091718315617 2.8716638068231894 0.2
    endloop
  endfacet
  facet normal -0.675590207615667 -0.7372773368101179 0
    outer loop
      vertex 6.409109562112234 10.31788136866084 0.2
      vertex 6.474091718315617 10.25833619317681 0.2
      vertex 6.474091718315617 10.25833619317681 4.762499999999999
    endloop
  endfacet
  facet normal -0.675590207615667 -0.7372773368101179 0
    outer loop
      vertex 6.409109562112234 10.31788136866084 0.2
      vertex 6.474091718315617 10.25833619317681 4.762499999999999
      vertex 6.409109562112234 10.31788136866084 4.762499999999999
    endloop
  endfacet
  facet normal 0 0 -1
    outer loop
      vertex 6.409109562112234 10.31788136866084 0.2
      vertex 20 40 0.2
      vertex 6.474091718315617 10.25833619317681 0.2
    endloop
  endfacet
  facet normal 0 0 -1
    outer loop
      vertex 6.409109562112234 10.31788136866084 4.762499999999999
      vertex 6.474091718315617 10.25833619317681 4.762499999999999
      vertex 6.474091718315617 2.8716638068231894 4.762499999999999
    endloop
  endfacet
  facet normal -0.6883545756937522 0.7253743710122893 0
    outer loop
      vertex 6.474091718315617 2.8716638068231894 0.2
      vertex 6.474091718315617 2.8716638068231894 4.762499999999999
      vertex 6.538024770817936 2.9323340082898115 0.2
    endloop
  endfacet
  facet normal 0 0 -1
    outer loop
      vertex 6.474091718315617 2.8716638068231894 0.2
      vertex 6.538024770817936 2.9323340082898115 0.2
      vertex 20 -10 0.2
    endloop
  endfacet
  facet normal 0 0 -1
    outer loop
      vertex 6.474091718315617 2.8716638068231894 4.762499999999999
      vertex 6.474091718315617 10.25833619317681 4.762499999999999
      vertex 6.538024770817936 2.9323340082898115 4.762499999999999
    endloop
  endfacet
  facet normal -0.6883545756937522 0.7253743710122893 0
    outer loop
      vertex 6.474091718315617 2.8716638068231894 4.762499999999999
      vertex 6.538024770817936 2.9323340082898115 4.762499999999999
      vertex 6.538024770817936 2.9323340082898115 0.2
    endloop
  endfacet
  facet normal -0.6883545756937469 -0.7253743710122943 0
    outer loop
      vertex 6.474091718315617 10.25833619317681 0.2
      vertex 6.538024770817936 10.197665991710188 0.2
      vertex 6.538024770817936 10.197665991710188 4.762499999999999
    endloop
  endfacet
  facet normal -0.6883545756937469 -0.7253743710122943 0
    outer loop
      vertex 6.474091718315617 10.25833619317681 0.2
      vertex 6.538024770817936 10.197665991710188 4.762499999999999
      vertex 6.474091718315617 10.25833619317681 4.762499999999999
    endloop
  endfacet
  facet normal 0 0 -1
    outer loop
      vertex 6.474091718315617 10.25833619317681 0.2
      vertex 20 40 0.2
      vertex 6.538024770817936 10.197665991710188 0.2
    endloop
  endfacet
  facet normal 0 0 -1
    outer loop
      vertex 6.474091718315617 10.25833619317681 4.762499999999999
      vertex 6.538024770817936 10.197665991710188 4.762499999999999
      vertex 6.538024770817936 2.9323340082898115 4.762499999999999
    endloop
  endfacet
  facet normal -0.7009092642998469 0.7132504491541856 0
    outer loop
      vertex 6.538024770817936 2.9323340082898115 0.2
      vertex 6.538024770817936 2.9323340082898115 4.762499999999999
      vertex 6.600889244992065 2.994110755007935 0.2
    endloop
  endfacet
  facet normal 0 0 -1
    outer loop
      vertex 6.538024770817936 2.9323340082898115 0.2
      vertex 6.600889244992065 2.994110755007935 0.2
      vertex 20 -10 0.2
    endloop
  endfacet
  facet normal 0 0 -1
    outer loop
      vertex 6.538024770817936 2.9323340082898115 4.762499999999999
      vertex 6.538024770817936 10.197665991710188 4.762499999999999
      vertex 6.600889244992065 2.994110755007935 4.762499999999999
    endloop
  endfacet
  facet normal -0.7009092642998469 0.7132504491541856 0
    outer loop
      vertex 6.538024770817936 2.9323340082898115 4.762499999999999
      vertex 6.600889244992065 2.994110755007935 4.762499999999999
      vertex 6.600889244992065 2.994110755007935 0.2
    endloop
  endfacet
  facet normal -0.7009092642998493 -0.713250449154183 0
    outer loop
      vertex 6.538024770817936 10.197665991710188 0.2
      vertex 6.600889244992065 10.135889244992065 0.2
      vertex 6.600889244992065 10.135889244992065 4.762499999999999
    endloop
  endfacet
  facet normal -0.7009092642998493 -0.713250449154183 0
    outer loop
      vertex 6.538024770817936 10.197665991710188 0.2
      vertex 6.600889244992065 10.135889244992065 4.762499999999999
      vertex 6.538024770817936 10.197665991710188 4.762499999999999
    endloop
  endfacet
  facet normal 0 0 -1
    outer loop
      vertex 6.538024770817936 10.197665991710188 0.2
      vertex 20 40 0.2
      vertex 6.600889244992065 10.135889244992065 0.2
    endloop
  endfacet
  facet normal 0 0 -1
    outer loop
      vertex 6.538024770817936 10.197665991710188 4.762499999999999
      vertex 6.600889244992065 10.135889244992065 4.762499999999999
      vertex 6.600889244992065 2.994110755007935 4.762499999999999
    endloop
  endfacet
  facet normal -0.7132504491541806 0.700909264299852 0
    outer loop
      vertex 6.600889244992065 2.994110755007935 0.2
      vertex 6.600889244992065 2.994110755007935 4.762499999999999
      vertex 6.662665991710189 3.056975229182064 0.2
    endloop
  endfacet
  facet normal 0 0 -1
    outer loop
      vertex 6.600889244992065 2.994110755007935 0.2
      vertex 6.662665991710189 3.056975229182064 0.2
      vertex 20 -10 0.2
    endloop
  endfacet
  facet normal 0 0 -1
    outer loop
      vertex 6.600889244992065 2.994110755007935 4.762499999999999
      vertex 6.600889244992065 10.135889244992065 4.762499999999999
      vertex 6.662665991710189 3.056975229182064 4.762499999999999
    endloop
  endfacet
  facet normal -0.7132504491541806 0.700909264299852 0
    outer loop
      vertex 6.600889244992065 2.994110755007935 4.762499999999999
      vertex 6.662665991710189 3.056975229182064 4.762499999999999
      vertex 6.662665991710189 3.056975229182064 0.2
    endloop
  endfacet
  facet normal -0.713250449154178 -0.7009092642998545 0
    outer loop
      vertex 6.600889244992065 10.135889244992065 0.2
      vertex 6.662665991710189 10.073024770817936 0.2
      vertex 6.662665991710189 10.073024770817936 4.762499999999999
    endloop
  endfacet
  facet normal -0.713250449154178 -0.7009092642998545 0
    outer loop
      vertex 6.600889244992065 10.135889244992065 0.2
      vertex 6.662665991710189 10.073024770817936 4.762499999999999
      vertex 6.600889244992065 10.135889244992065 4.762499999999999
    endloop
  endfacet
  facet normal 0 0 -1
    outer loop
      vertex 6.600889244992065 10.135889244992065 0.2
      vertex 20 40 0.2
      vertex 6.662665991710189 10.073024770817936 0.2
    endloop
  endfacet
  facet normal 0 0 -1
    outer loop
      vertex 6.600889244992065 10.135889244992065 4.762499999999999
      vertex 6.662665991710189 10.073024770817936 4.762499999999999
      vertex 6.662665991710189 3.056975229182064 4.762499999999999
    endloop
  endfacet
  facet normal -0.7253743710122943 0.6883545756937469 0
    outer loop
      vertex 6.662665991710189 3.056975229182064 0.2
      vertex 6.662665991710189 3.056975229182064 4.762499999999999
      vertex 6.72333619317681 3.1209082816843825 0.2
    endloop
  endfacet
  facet normal 0 0 -1
    outer loop
      vertex 6.662665991710189 3.056975229182064 0.2
      vertex 6.72333619317681 3.1209082816843825 0.2
      vertex 20 -10 0.2
    endloop
  endfacet
  facet normal 0 0 -1
    outer loop
      vertex 6.662665991710189 3.056975229182064 4.762499999999999
      vertex 6.662665991710189 10.073024770817936 4.762499999999999
      vertex 6.72333619317681 3.1209082816843825 4.762499999999999
    endloop
  endfacet
  facet normal -0.7253743710122943 0.6883545756937469 0
    outer loop
      vertex 6.662665991710189 3.056975229182064 4.762499999999999
      vertex 6.72333619317681 3.1209082816843825 4.762499999999999
      vertex 6.72333619317681 3.1209082816843825 0.2
    endloop
  endfacet
  facet normal -0.7253743710122895 -0.688354575693752 0
    outer loop
      vertex 6.662665991710189 10.073024770817936 0.2
      vertex 6.72333619317681 10.009091718315618 0.2
      vertex 6.72333619317681 10.009091718315618 4.762499999999999
    endloop
  endfacet
  facet normal -0.7253743710122895 -0.688354575693752 0
    outer loop
      vertex 6.662665991710189 10.073024770817936 0.2
      vertex 6.72333619317681 10.009091718315618 4.762499999999999
      vertex 6.662665991710189 10.073024770817936 4.762499999999999
    endloop
  endfacet
  facet normal 0 0 -1
    outer loop
      vertex 6.662665991710189 10.073024770817936 0.2
      vertex 20 40 0.2
      vertex 6.72333619317681 10.009091718315618 0.2
    endloop
  endfacet
  facet normal 0 0 -1
    outer loop
      vertex 6.662665991710189 10.073024770817936 4.762499999999999
      vertex 6.72333619317681 10.009091718315618 4.762499999999999
      vertex 6.72333619317681 3.1209082816843825 4.762499999999999
    endloop
  endfacet
  facet normal -0.7372773368101179 0.675590207615667 0
    outer loop
      vertex 6.72333619317681 3.1209082816843825 0.2
      vertex 6.72333619317681 3.1209082816843825 4.762499999999999
      vertex 6.782881368660841 3.1858904378877657 0.2
    endloop
  endfacet
  facet normal 0 0 -1
    outer loop
      vertex 6.72333619317681 3.1209082816843825 0.2
      vertex 6.782881368660841 3.1858904378877657 0.2
      vertex 20 -10 0.2
    endloop
  endfacet
  facet normal 0 0 -1
    outer loop
      vertex 6.72333619317681 3.1209082816843825 4.762499999999999
      vertex 6.72333619317681 10.009091718315618 4.762499999999999
      vertex 6.782881368660841 3.1858904378877657 4.762499999999999
    endloop
  endfacet
  facet normal -0.7372773368101179 0.675590207615667 0
    outer loop
      vertex 6.72333619317681 3.1209082816843825 4.762499999999999
      vertex 6.782881368660841 3.1858904378877657 4.762499999999999
      vertex 6.782881368660841 3.1858904378877657 0.2
    endloop
  endfacet
  facet normal -0.7372773368101179 -0.675590207615667 0
    outer loop
      vertex 6.72333619317681 10.009091718315618 0.2
      vertex 6.782881368660841 9.944109562112235 0.2
      vertex 6.782881368660841 9.944109562112235 4.762499999999999
    endloop
  endfacet
  facet normal -0.7372773368101179 -0.675590207615667 0
    outer loop
      vertex 6.72333619317681 10.009091718315618 0.2
      vertex 6.782881368660841 9.944109562112235 4.762499999999999
      vertex 6.72333619317681 10.009091718315618 4.762499999999999
    endloop
  endfacet
  facet normal 0 0 -1
    outer loop
      vertex 6.72333619317681 10.009091718315618 0.2
      vertex 20 40 0.2
      vertex 6.782881368660841 9.944109562112235 0.2
    endloop
  endfacet
  facet normal 0 0 -1
    outer loop
      vertex 6.72333619317681 10.009091718315618 4.762499999999999
      vertex 6.782881368660841 9.944109562112235 4.762499999999999
      vertex 6.782881368660841 3.1858904378877657 4.762499999999999
    endloop
  endfacet
  facet normal -0.7489557207890046 0.6626200482157345 0
    outer loop
      vertex 6.782881368660841 3.1858904378877657 0.2
      vertex 6.782881368660841 3.1858904378877657 4.762499999999999
      vertex 6.841283380124999 3.2519019035979384 0.2
    endloop
  endfacet
  facet normal 0 0 -1
    outer loop
      vertex 6.782881368660841 3.1858904378877657 0.2
      vertex 6.841283380124999 3.2519019035979384 0.2
      vertex 20 -10 0.2
    endloop
  endfacet
  facet normal 0 0 -1
    outer loop
      vertex 6.782881368660841 3.1858904378877657 4.762499999999999
      vertex 6.782881368660841 9.944109562112235 4.762499999999999
      vertex 6.841283380124999 3.2519019035979384 4.762499999999999
    endloop
  endfacet
  facet normal -0.7489557207890046 0.6626200482157345 0
    outer loop
      vertex 6.782881368660841 3.1858904378877657 4.762499999999999
      vertex 6.841283380124999 3.2519019035979384 4.762499999999999
      vertex 6.841283380124999 3.2519019035979384 0.2
    endloop
  endfacet
  facet normal -0.7489557207890113 -0.6626200482157271 0
    outer loop
      vertex 6.782881368660841 9.944109562112235 0.2
      vertex 6.841283380124999 9.878098096402061 0.2
      vertex 6.841283380124999 9.878098096402061 4.762499999999999
    endloop
  endfacet
  facet normal -0.7489557207890113 -0.6626200482157271 0
    outer loop
      vertex 6.782881368660841 9.944109562112235 0.2
      vertex 6.841283380124999 9.878098096402061 4.762499999999999
      vertex 6.782881368660841 9.944109562112235 4.762499999999999
    endloop
  endfacet
  facet normal 0 0 -1
    outer loop
      vertex 6.782881368660841 9.944109562112235 0.2
      vertex 20 40 0.2
      vertex 6.841283380124999 9.878098096402061 0.2
    endloop
  endfacet
  facet normal 0 0 -1
    outer loop
      vertex 6.782881368660841 9.944109562112235 4.762499999999999
      vertex 6.841283380124999 9.878098096402061 4.762499999999999
      vertex 6.841283380124999 3.2519019035979384 4.762499999999999
    endloop
  endfacet
  facet normal -0.7604059656000315 0.6494480483301831 0
    outer loop
      vertex 6.841283380124999 3.2519019035979384 0.2
      vertex 6.841283380124999 3.2519019035979384 4.762499999999999
      vertex 6.898524437750839 3.3189225710829766 0.2
    endloop
  endfacet
  facet normal 0 0 -1
    outer loop
      vertex 6.841283380124999 3.2519019035979384 0.2
      vertex 6.898524437750839 3.3189225710829766 0.2
      vertex 20 -10 0.2
    endloop
  endfacet
  facet normal 0 0 -1
    outer loop
      vertex 6.841283380124999 3.2519019035979384 4.762499999999999
      vertex 6.841283380124999 9.878098096402061 4.762499999999999
      vertex 6.898524437750839 3.3189225710829766 4.762499999999999
    endloop
  endfacet
  facet normal -0.7604059656000315 0.6494480483301831 0
    outer loop
      vertex 6.841283380124999 3.2519019035979384 4.762499999999999
      vertex 6.898524437750839 3.3189225710829766 4.762499999999999
      vertex 6.898524437750839 3.3189225710829766 0.2
    endloop
  endfacet
  facet normal -0.7604059656000272 -0.649448048330188 0
    outer loop
      vertex 6.841283380124999 9.878098096402061 0.2
      vertex 6.898524437750839 9.811077428917024 0.2
      vertex 6.898524437750839 9.811077428917024 4.762499999999999
    endloop
  endfacet
  facet normal -0.7604059656000272 -0.649448048330188 0
    outer loop
      vertex 6.841283380124999 9.878098096402061 0.2
      vertex 6.898524437750839 9.811077428917024 4.762499999999999
      vertex 6.841283380124999 9.878098096402061 4.762499999999999
    endloop
  endfacet
  facet normal 0 0 -1
    outer loop
      vertex 6.841283380124999 9.878098096402061 0.2
      vertex 20 40 0.2
      vertex 6.898524437750839 9.811077428917024 0.2
    endloop
  endfacet
  facet normal 0 0 -1
    outer loop
      vertex 6.841283380124999 9.878098096402061 4.762499999999999
      vertex 6.898524437750839 9.811077428917024 4.762499999999999
      vertex 6.898524437750839 3.3189225710829766 4.762499999999999
    endloop
  endfacet
  facet normal -0.7716245833877219 0.6360782202777615 0
    outer loop
      vertex 6.898524437750839 3.3189225710829766 0.2
      vertex 6.898524437750839 3.3189225710829766 4.762499999999999
      vertex 6.954587105357703 3.3869320251983215 0.2
    endloop
  endfacet
  facet normal 0 0 -1
    outer loop
      vertex 6.898524437750839 3.3189225710829766 0.2
      vertex 6.954587105357703 3.3869320251983215 0.2
      vertex 20 -10 0.2
    endloop
  endfacet
  facet normal 0 0 -1
    outer loop
      vertex 6.898524437750839 3.3189225710829766 4.762499999999999
      vertex 6.898524437750839 9.811077428917024 4.762499999999999
      vertex 6.954587105357703 3.3869320251983215 4.762499999999999
    endloop
  endfacet
  facet normal -0.7716245833877219 0.6360782202777615 0
    outer loop
      vertex 6.898524437750839 3.3189225710829766 4.762499999999999
      vertex 6.954587105357703 3.3869320251983215 4.762499999999999
      vertex 6.954587105357703 3.3869320251983215 0.2
    endloop
  endfacet
  facet normal -0.77162458338772 -0.6360782202777641 0
    outer loop
      vertex 6.898524437750839 9.811077428917024 0.2
      vertex 6.954587105357703 9.74306797480168 0.2
      vertex 6.954587105357703 9.74306797480168 4.762499999999999
    endloop
  endfacet
  facet normal -0.77162458338772 -0.6360782202777641 0
    outer loop
      vertex 6.898524437750839 9.811077428917024 0.2
      vertex 6.954587105357703 9.74306797480168 4.762499999999999
      vertex 6.898524437750839 9.811077428917024 4.762499999999999
    endloop
  endfacet
  facet normal 0 0 -1
    outer loop
      vertex 6.898524437750839 9.811077428917024 0.2
      vertex 20 40 0.2
      vertex 6.954587105357703 9.74306797480168 0.2
    endloop
  endfacet
  facet normal 0 0 -1
    outer loop
      vertex 6.898524437750839 9.811077428917024 4.762499999999999
      vertex 6.954587105357703 9.74306797480168 4.762499999999999
      vertex 6.954587105357703 3.3869320251983215 4.762499999999999
    endloop
  endfacet
  facet normal -0.7826081568524188 0.6225146366376134 0
    outer loop
      vertex 6.954587105357703 3.3869320251983215 0.2
      vertex 6.954587105357703 3.3869320251983215 4.762499999999999
      vertex 7.009454305713945 3.4559095496054257 0.2
    endloop
  endfacet
  facet normal 0 0 -1
    outer loop
      vertex 6.954587105357703 3.3869320251983215 0.2
      vertex 7.009454305713945 3.4559095496054257 0.2
      vertex 20 -10 0.2
    endloop
  endfacet
  facet normal 0 0 -1
    outer loop
      vertex 6.954587105357703 3.3869320251983215 4.762499999999999
      vertex 6.954587105357703 9.74306797480168 4.762499999999999
      vertex 7.009454305713945 3.4559095496054257 4.762499999999999
    endloop
  endfacet
  facet normal -0.7826081568524188 0.6225146366376134 0
    outer loop
      vertex 6.954587105357703 3.3869320251983215 4.762499999999999
      vertex 7.009454305713945 3.4559095496054257 4.762499999999999
      vertex 7.009454305713945 3.4559095496054257 0.2
    endloop
  endfacet
  facet normal -0.7826081568524208 -0.6225146366376109 0
    outer loop
      vertex 6.954587105357703 9.74306797480168 0.2
      vertex 7.009454305713945 9.674090450394575 0.2
      vertex 7.009454305713945 9.674090450394575 4.762499999999999
    endloop
  endfacet
  facet normal -0.7826081568524208 -0.6225146366376109 0
    outer loop
      vertex 6.954587105357703 9.74306797480168 0.2
      vertex 7.009454305713945 9.674090450394575 4.762499999999999
      vertex 6.954587105357703 9.74306797480168 4.762499999999999
    endloop
  endfacet
  facet normal 0 0 -1
    outer loop
      vertex 6.954587105357703 9.74306797480168 0.2
      vertex 20 40 0.2
      vertex 7.009454305713945 9.674090450394575 0.2
    endloop
  endfacet
  facet normal 0 0 -1
    outer loop
      vertex 6.954587105357703 9.74306797480168 4.762499999999999
      vertex 7.009454305713945 9.674090450394575 4.762499999999999
      vertex 7.009454305713945 3.4559095496054257 4.762499999999999
    endloop
  endfacet
  facet normal -0.7933533402912292 0.6087614290087284 0
    outer loop
      vertex 7.009454305713945 3.4559095496054257 0.2
      vertex 7.009454305713945 3.4559095496054257 4.762499999999999
      vertex 7.063109325738829 3.525834133082156 0.2
    endloop
  endfacet
  facet normal 0 0 -1
    outer loop
      vertex 7.009454305713945 3.4559095496054257 0.2
      vertex 7.063109325738829 3.525834133082156 0.2
      vertex 20 -10 0.2
    endloop
  endfacet
  facet normal 0 0 -1
    outer loop
      vertex 7.009454305713945 3.4559095496054257 4.762499999999999
      vertex 7.009454305713945 9.674090450394575 4.762499999999999
      vertex 7.063109325738829 3.525834133082156 4.762499999999999
    endloop
  endfacet
  facet normal -0.7933533402912292 0.6087614290087284 0
    outer loop
      vertex 7.009454305713945 3.4559095496054257 4.762499999999999
      vertex 7.063109325738829 3.525834133082156 4.762499999999999
      vertex 7.063109325738829 3.525834133082156 0.2
    endloop
  endfacet
  facet normal -0.7933533402912292 -0.6087614290087284 0
    outer loop
      vertex 7.009454305713945 9.674090450394575 0.2
      vertex 7.063109325738829 9.604165866917844 0.2
      vertex 7.063109325738829 9.604165866917844 4.762499999999999
    endloop
  endfacet
  facet normal -0.7933533402912292 -0.6087614290087284 0
    outer loop
      vertex 7.009454305713945 9.674090450394575 0.2
      vertex 7.063109325738829 9.604165866917844 4.762499999999999
      vertex 7.009454305713945 9.674090450394575 4.762499999999999
    endloop
  endfacet
  facet normal 0 0 -1
    outer loop
      vertex 7.009454305713945 9.674090450394575 0.2
      vertex 20 40 0.2
      vertex 7.063109325738829 9.604165866917844 0.2
    endloop
  endfacet
  facet normal 0 0 -1
    outer loop
      vertex 7.009454305713945 9.674090450394575 4.762499999999999
      vertex 7.063109325738829 9.604165866917844 4.762499999999999
      vertex 7.063109325738829 3.525834133082156 4.762499999999999
    endloop
  endfacet
  facet normal -0.803856860617217 0.5948227867513418 0
    outer loop
      vertex 7.063109325738829 3.525834133082156 0.2
      vertex 7.063109325738829 3.525834133082156 4.762499999999999
      vertex 7.115535821593484 3.5966844759230105 0.2
    endloop
  endfacet
  facet normal 0 0 -1
    outer loop
      vertex 7.063109325738829 3.525834133082156 0.2
      vertex 7.115535821593484 3.5966844759230105 0.2
      vertex 20 -10 0.2
    endloop
  endfacet
  facet normal 0 0 -1
    outer loop
      vertex 7.063109325738829 3.525834133082156 4.762499999999999
      vertex 7.063109325738829 9.604165866917844 4.762499999999999
      vertex 7.115535821593484 3.5966844759230105 4.762499999999999
    endloop
  endfacet
  facet normal -0.803856860617217 0.5948227867513418 0
    outer loop
      vertex 7.063109325738829 3.525834133082156 4.762499999999999
      vertex 7.115535821593484 3.5966844759230105 4.762499999999999
      vertex 7.115535821593484 3.5966844759230105 0.2
    endloop
  endfacet
  facet normal -0.803856860617217 -0.5948227867513418 0
    outer loop
      vertex 7.063109325738829 9.604165866917844 0.2
      vertex 7.115535821593484 9.53331552407699 0.2
      vertex 7.115535821593484 9.53331552407699 4.762499999999999
    endloop
  endfacet
  facet normal -0.803856860617217 -0.5948227867513418 0
    outer loop
      vertex 7.063109325738829 9.604165866917844 0.2
      vertex 7.115535821593484 9.53331552407699 4.762499999999999
      vertex 7.063109325738829 9.604165866917844 4.762499999999999
    endloop
  endfacet
  facet normal 0 0 -1
    outer loop
      vertex 7.063109325738829 9.604165866917844 0.2
      vertex 20 40 0.2
      vertex 7.115535821593484 9.53331552407699 0.2
    endloop
  endfacet
  facet normal 0 0 -1
    outer loop
      vertex 7.063109325738829 9.604165866917844 4.762499999999999
      vertex 7.115535821593484 9.53331552407699 4.762499999999999
      vertex 7.115535821593484 3.5966844759230105 4.762499999999999
    endloop
  endfacet
  facet normal -0.8141155183563195 0.5807029557109396 0
    outer loop
      vertex 7.115535821593484 3.5966844759230105 0.2
      vertex 7.115535821593484 3.5966844759230105 4.762499999999999
      vertex 7.1667178236594085 3.6684389964272173 0.2
    endloop
  endfacet
  facet normal 0 0 -1
    outer loop
      vertex 7.115535821593484 3.5966844759230105 0.2
      vertex 7.1667178236594085 3.6684389964272173 0.2
      vertex 20 -10 0.2
    endloop
  endfacet
  facet normal 0 0 -1
    outer loop
      vertex 7.115535821593484 3.5966844759230105 4.762499999999999
      vertex 7.115535821593484 9.53331552407699 4.762499999999999
      vertex 7.1667178236594085 3.6684389964272173 4.762499999999999
    endloop
  endfacet
  facet normal -0.8141155183563195 0.5807029557109396 0
    outer loop
      vertex 7.115535821593484 3.5966844759230105 4.762499999999999
      vertex 7.1667178236594085 3.6684389964272173 4.762499999999999
      vertex 7.1667178236594085 3.6684389964272173 0.2
    endloop
  endfacet
  facet normal -0.8141155183563143 -0.5807029557109467 0
    outer loop
      vertex 7.115535821593484 9.53331552407699 0.2
      vertex 7.1667178236594085 9.461561003572784 0.2
      vertex 7.1667178236594085 9.461561003572784 4.762499999999999
    endloop
  endfacet
  facet normal -0.8141155183563143 -0.5807029557109467 0
    outer loop
      vertex 7.115535821593484 9.53331552407699 0.2
      vertex 7.1667178236594085 9.461561003572784 4.762499999999999
      vertex 7.115535821593484 9.53331552407699 4.762499999999999
    endloop
  endfacet
  facet normal 0 0 -1
    outer loop
      vertex 7.115535821593484 9.53331552407699 0.2
      vertex 20 40 0.2
      vertex 7.1667178236594085 9.461561003572784 0.2
    endloop
  endfacet
  facet normal 0 0 -1
    outer loop
      vertex 7.115535821593484 9.53331552407699 4.762499999999999
      vertex 7.1667178236594085 9.461561003572784 4.762499999999999
      vertex 7.1667178236594085 3.6684389964272173 4.762499999999999
    endloop
  endfacet
  facet normal -0.8241261886220153 0.5664062369248336 0
    outer loop
      vertex 7.1667178236594085 3.6684389964272173 0.2
      vertex 7.1667178236594085 3.6684389964272173 4.762499999999999
      vertex 7.21663974140296 3.741075837472728 0.2
    endloop
  endfacet
  facet normal 0 0 -1
    outer loop
      vertex 7.1667178236594085 3.6684389964272173 0.2
      vertex 7.21663974140296 3.741075837472728 0.2
      vertex 20 -10 0.2
    endloop
  endfacet
  facet normal 0 0 -1
    outer loop
      vertex 7.1667178236594085 3.6684389964272173 4.762499999999999
      vertex 7.1667178236594085 9.461561003572784 4.762499999999999
      vertex 7.21663974140296 3.741075837472728 4.762499999999999
    endloop
  endfacet
  facet normal -0.8241261886220153 0.5664062369248336 0
    outer loop
      vertex 7.1667178236594085 3.6684389964272173 4.762499999999999
      vertex 7.21663974140296 3.741075837472728 4.762499999999999
      vertex 7.21663974140296 3.741075837472728 0.2
    endloop
  endfacet
  facet normal -0.8241261886220184 -0.5664062369248288 0
    outer loop
      vertex 7.1667178236594085 9.461561003572784 0.2
      vertex 7.21663974140296 9.388924162527273 0.2
      vertex 7.21663974140296 9.388924162527273 4.762499999999999
    endloop
  endfacet
  facet normal -0.8241261886220184 -0.5664062369248288 0
    outer loop
      vertex 7.1667178236594085 9.461561003572784 0.2
      vertex 7.21663974140296 9.388924162527273 4.762499999999999
      vertex 7.1667178236594085 9.461561003572784 4.762499999999999
    endloop
  endfacet
  facet normal 0 0 -1
    outer loop
      vertex 7.1667178236594085 9.461561003572784 0.2
      vertex 20 40 0.2
      vertex 7.21663974140296 9.388924162527273 0.2
    endloop
  endfacet
  facet normal 0 0 -1
    outer loop
      vertex 7.1667178236594085 9.461561003572784 4.762499999999999
      vertex 7.21663974140296 9.388924162527273 4.762499999999999
      vertex 7.21663974140296 3.741075837472728 4.762499999999999
    endloop
  endfacet
  facet normal -0.8338858220671657 0.5519369853120619 0
    outer loop
      vertex 7.21663974140296 3.741075837472728 0.2
      vertex 7.21663974140296 3.741075837472728 4.762499999999999
      vertex 7.265286368124392 3.8145728731741135 0.2
    endloop
  endfacet
  facet normal 0 0 -1
    outer loop
      vertex 7.21663974140296 3.741075837472728 0.2
      vertex 7.265286368124392 3.8145728731741135 0.2
      vertex 20 -10 0.2
    endloop
  endfacet
  facet normal 0 0 -1
    outer loop
      vertex 7.21663974140296 3.741075837472728 4.762499999999999
      vertex 7.21663974140296 9.388924162527273 4.762499999999999
      vertex 7.265286368124392 3.8145728731741135 4.762499999999999
    endloop
  endfacet
  facet normal -0.8338858220671657 0.5519369853120619 0
    outer loop
      vertex 7.21663974140296 3.741075837472728 4.762499999999999
      vertex 7.265286368124392 3.8145728731741135 4.762499999999999
      vertex 7.265286368124392 3.8145728731741135 0.2
    endloop
  endfacet
  facet normal -0.8338858220671687 -0.5519369853120573 0
    outer loop
      vertex 7.21663974140296 9.388924162527273 0.2
      vertex 7.265286368124392 9.315427126825886 0.2
      vertex 7.265286368124392 9.315427126825886 4.762499999999999
    endloop
  endfacet
  facet normal -0.8338858220671687 -0.5519369853120573 0
    outer loop
      vertex 7.21663974140296 9.388924162527273 0.2
      vertex 7.265286368124392 9.315427126825886 4.762499999999999
      vertex 7.21663974140296 9.388924162527273 4.762499999999999
    endloop
  endfacet
  facet normal 0 0 -1
    outer loop
      vertex 7.21663974140296 9.388924162527273 0.2
      vertex 20 40 0.2
      vertex 7.265286368124392 9.315427126825886 0.2
    endloop
  endfacet
  facet normal 0 0 -1
    outer loop
      vertex 7.21663974140296 9.388924162527273 4.762499999999999
      vertex 7.265286368124392 9.315427126825886 4.762499999999999
      vertex 7.265286368124392 3.8145728731741135 4.762499999999999
    endloop
  endfacet
  facet normal -0.8433914458128898 0.5372996083468174 0
    outer loop
      vertex 7.265286368124392 3.8145728731741135 0.2
      vertex 7.265286368124392 3.8145728731741135 4.762499999999999
      vertex 7.312642885589951 3.8889077156223153 0.2
    endloop
  endfacet
  facet normal 0 0 -1
    outer loop
      vertex 7.265286368124392 3.8145728731741135 0.2
      vertex 7.312642885589951 3.8889077156223153 0.2
      vertex 20 -10 0.2
    endloop
  endfacet
  facet normal 0 0 -1
    outer loop
      vertex 7.265286368124392 3.8145728731741135 4.762499999999999
      vertex 7.265286368124392 9.315427126825886 4.762499999999999
      vertex 7.312642885589951 3.8889077156223153 4.762499999999999
    endloop
  endfacet
  facet normal -0.8433914458128898 0.5372996083468174 0
    outer loop
      vertex 7.265286368124392 3.8145728731741135 4.762499999999999
      vertex 7.312642885589951 3.8889077156223153 4.762499999999999
      vertex 7.312642885589951 3.8889077156223153 0.2
    endloop
  endfacet
  facet normal -0.8433914458128913 -0.5372996083468152 0
    outer loop
      vertex 7.265286368124392 9.315427126825886 0.2
      vertex 7.312642885589951 9.241092284377684 0.2
      vertex 7.312642885589951 9.241092284377684 4.762499999999999
    endloop
  endfacet
  facet normal -0.8433914458128913 -0.5372996083468152 0
    outer loop
      vertex 7.265286368124392 9.315427126825886 0.2
      vertex 7.312642885589951 9.241092284377684 4.762499999999999
      vertex 7.265286368124392 9.315427126825886 4.762499999999999
    endloop
  endfacet
  facet normal 0 0 -1
    outer loop
      vertex 7.265286368124392 9.315427126825886 0.2
      vertex 20 40 0.2
      vertex 7.312642885589951 9.241092284377684 0.2
    endloop
  endfacet
  facet normal 0 0 -1
    outer loop
      vertex 7.265286368124392 9.315427126825886 4.762499999999999
      vertex 7.312642885589951 9.241092284377684 4.762499999999999
      vertex 7.312642885589951 3.8889077156223153 4.762499999999999
    endloop
  endfacet
  facet normal -0.8526401643540905 0.5224985647159516 0
    outer loop
      vertex 7.312642885589951 3.8889077156223153 0.2
      vertex 7.312642885589951 3.8889077156223153 4.762499999999999
      vertex 7.358694868545667 3.9640577217042265 0.2
    endloop
  endfacet
  facet normal 0 0 -1
    outer loop
      vertex 7.312642885589951 3.8889077156223153 0.2
      vertex 7.358694868545667 3.9640577217042265 0.2
      vertex 20 -10 0.2
    endloop
  endfacet
  facet normal 0 0 -1
    outer loop
      vertex 7.312642885589951 3.8889077156223153 4.762499999999999
      vertex 7.312642885589951 9.241092284377684 4.762499999999999
      vertex 7.358694868545667 3.9640577217042265 4.762499999999999
    endloop
  endfacet
  facet normal -0.8526401643540905 0.5224985647159516 0
    outer loop
      vertex 7.312642885589951 3.8889077156223153 4.762499999999999
      vertex 7.358694868545667 3.9640577217042265 4.762499999999999
      vertex 7.358694868545667 3.9640577217042265 0.2
    endloop
  endfacet
  facet normal -0.8526401643540892 -0.5224985647159538 0
    outer loop
      vertex 7.312642885589951 9.241092284377684 0.2
      vertex 7.358694868545667 9.165942278295773 0.2
      vertex 7.358694868545667 9.165942278295773 4.762499999999999
    endloop
  endfacet
  facet normal -0.8526401643540892 -0.5224985647159538 0
    outer loop
      vertex 7.312642885589951 9.241092284377684 0.2
      vertex 7.358694868545667 9.165942278295773 4.762499999999999
      vertex 7.312642885589951 9.241092284377684 4.762499999999999
    endloop
  endfacet
  facet normal 0 0 -1
    outer loop
      vertex 7.312642885589951 9.241092284377684 0.2
      vertex 20 40 0.2
      vertex 7.358694868545667 9.165942278295773 0.2
    endloop
  endfacet
  facet normal 0 0 -1
    outer loop
      vertex 7.312642885589951 9.241092284377684 4.762499999999999
      vertex 7.358694868545667 9.165942278295773 4.762499999999999
      vertex 7.358694868545667 3.9640577217042265 4.762499999999999
    endloop
  endfacet
  facet normal -0.8616291604415282 0.5075383629607001 0
    outer loop
      vertex 7.358694868545667 3.9640577217042265 0.2
      vertex 7.358694868545667 3.9640577217042265 4.762499999999999
      vertex 7.403428289111415 4.04 0.2
    endloop
  endfacet
  facet normal 0 0 -1
    outer loop
      vertex 7.358694868545667 3.9640577217042265 0.2
      vertex 7.403428289111415 4.04 0.2
      vertex 20 -10 0.2
    endloop
  endfacet
  facet normal 0 0 -1
    outer loop
      vertex 7.358694868545667 3.9640577217042265 4.762499999999999
      vertex 7.358694868545667 9.165942278295773 4.762499999999999
      vertex 7.403428289111415 4.04 4.762499999999999
    endloop
  endfacet
  facet normal -0.8616291604415282 0.5075383629607001 0
    outer loop
      vertex 7.358694868545667 3.9640577217042265 4.762499999999999
      vertex 7.403428289111415 4.04 4.762499999999999
      vertex 7.403428289111415 4.04 0.2
    endloop
  endfacet
  facet normal -0.8616291604415282 -0.5075383629607001 0
    outer loop
      vertex 7.358694868545667 9.165942278295773 0.2
      vertex 7.403428289111415 9.09 0.2
      vertex 7.403428289111415 9.09 4.762499999999999
    endloop
  endfacet
  facet normal -0.8616291604415282 -0.5075383629607001 0
    outer loop
      vertex 7.358694868545667 9.165942278295773 0.2
      vertex 7.403428289111415 9.09 4.762499999999999
      vertex 7.358694868545667 9.165942278295773 4.762499999999999
    endloop
  endfacet
  facet normal 0 0 -1
    outer loop
      vertex 7.358694868545667 9.165942278295773 0.2
      vertex 20 40 0.2
      vertex 7.403428289111415 9.09 0.2
    endloop
  endfacet
  facet normal 0 0 -1
    outer loop
      vertex 7.358694868545667 9.165942278295773 4.762499999999999
      vertex 7.403428289111415 9.09 4.762499999999999
      vertex 7.403428289111415 4.04 4.762499999999999
    endloop
  endfacet
  facet normal -0.870355695939899 0.4924235601034682 0
    outer loop
      vertex 7.403428289111415 4.04 0.2
      vertex 7.403428289111415 4.04 4.762499999999999
      vertex 7.446829521053949 4.116711417755998 0.2
    endloop
  endfacet
  facet normal 0 0 -1
    outer loop
      vertex 7.403428289111415 4.04 0.2
      vertex 7.446829521053949 4.116711417755998 0.2
      vertex 20 -10 0.2
    endloop
  endfacet
  facet normal 0 0 -1
    outer loop
      vertex 7.403428289111415 4.04 4.762499999999999
      vertex 7.403428289111415 9.09 4.762499999999999
      vertex 7.446829521053949 4.116711417755998 4.762499999999999
    endloop
  endfacet
  facet normal -0.870355695939899 0.4924235601034682 0
    outer loop
      vertex 7.403428289111415 4.04 4.762499999999999
      vertex 7.446829521053949 4.116711417755998 4.762499999999999
      vertex 7.446829521053949 4.116711417755998 0.2
    endloop
  endfacet
  facet normal -0.870355695939899 -0.4924235601034682 0
    outer loop
      vertex 7.403428289111415 9.09 0.2
      vertex 7.446829521053949 9.013288582244002 0.2
      vertex 7.446829521053949 9.013288582244002 4.762499999999999
    endloop
  endfacet
  facet normal -0.870355695939899 -0.4924235601034682 0
    outer loop
      vertex 7.403428289111415 9.09 0.2
      vertex 7.446829521053949 9.013288582244002 4.762499999999999
      vertex 7.403428289111415 9.09 4.762499999999999
    endloop
  endfacet
  facet normal 0 0 -1
    outer loop
      vertex 7.403428289111415 9.09 0.2
      vertex 20 40 0.2
      vertex 7.446829521053949 9.013288582244002 0.2
    endloop
  endfacet
  facet normal 0 0 -1
    outer loop
      vertex 7.403428289111415 9.09 4.762499999999999
      vertex 7.446829521053949 9.013288582244002 4.762499999999999
      vertex 7.446829521053949 4.116711417755998 4.762499999999999
    endloop
  endfacet
  facet normal -0.8788171126619622 0.47715876025961435 0
    outer loop
      vertex 7.446829521053949 4.116711417755998 0.2
      vertex 7.446829521053949 4.116711417755998 4.762499999999999
      vertex 7.488885343937581 4.1941686079312515 0.2
    endloop
  endfacet
  facet normal 0 0 -1
    outer loop
      vertex 7.446829521053949 4.116711417755998 0.2
      vertex 7.488885343937581 4.1941686079312515 0.2
      vertex 20 -10 0.2
    endloop
  endfacet
  facet normal 0 0 -1
    outer loop
      vertex 7.446829521053949 4.116711417755998 4.762499999999999
      vertex 7.446829521053949 9.013288582244002 4.762499999999999
      vertex 7.488885343937581 4.1941686079312515 4.762499999999999
    endloop
  endfacet
  facet normal -0.8788171126619622 0.47715876025961435 0
    outer loop
      vertex 7.446829521053949 4.116711417755998 4.762499999999999
      vertex 7.488885343937581 4.1941686079312515 4.762499999999999
      vertex 7.488885343937581 4.1941686079312515 0.2
    endloop
  endfacet
  facet normal -0.8788171126619598 -0.47715876025961856 0
    outer loop
      vertex 7.446829521053949 9.013288582244002 0.2
      vertex 7.488885343937581 8.93583139206875 0.2
      vertex 7.488885343937581 8.93583139206875 4.762499999999999
    endloop
  endfacet
  facet normal -0.8788171126619598 -0.47715876025961856 0
    outer loop
      vertex 7.446829521053949 9.013288582244002 0.2
      vertex 7.488885343937581 8.93583139206875 4.762499999999999
      vertex 7.446829521053949 9.013288582244002 4.762499999999999
    endloop
  endfacet
  facet normal 0 0 -1
    outer loop
      vertex 7.446829521053949 9.013288582244002 0.2
      vertex 20 40 0.2
      vertex 7.488885343937581 8.93583139206875 0.2
    endloop
  endfacet
  facet normal 0 0 -1
    outer loop
      vertex 7.446829521053949 9.013288582244002 4.762499999999999
      vertex 7.488885343937581 8.93583139206875 4.762499999999999
      vertex 7.488885343937581 4.1941686079312515 4.762499999999999
    endloop
  endfacet
  facet normal -0.887010833178225 0.4617486132350273 0
    outer loop
      vertex 7.488885343937581 4.1941686079312515 0.2
      vertex 7.488885343937581 4.1941686079312515 4.762499999999999
      vertex 7.529582947151257 4.272347976315289 0.2
    endloop
  endfacet
  facet normal 0 0 -1
    outer loop
      vertex 7.488885343937581 4.1941686079312515 0.2
      vertex 7.529582947151257 4.272347976315289 0.2
      vertex 20 -10 0.2
    endloop
  endfacet
  facet normal 0 0 -1
    outer loop
      vertex 7.488885343937581 4.1941686079312515 4.762499999999999
      vertex 7.488885343937581 8.93583139206875 4.762499999999999
      vertex 7.529582947151257 4.272347976315289 4.762499999999999
    endloop
  endfacet
  facet normal -0.887010833178225 0.4617486132350273 0
    outer loop
      vertex 7.488885343937581 4.1941686079312515 4.762499999999999
      vertex 7.529582947151257 4.272347976315289 4.762499999999999
      vertex 7.529582947151257 4.272347976315289 0.2
    endloop
  endfacet
  facet normal -0.8870108331782273 -0.4617486132350232 0
    outer loop
      vertex 7.488885343937581 8.93583139206875 0.2
      vertex 7.529582947151257 8.857652023684711 0.2
      vertex 7.529582947151257 8.857652023684711 4.762499999999999
    endloop
  endfacet
  facet normal -0.8870108331782273 -0.4617486132350232 0
    outer loop
      vertex 7.488885343937581 8.93583139206875 0.2
      vertex 7.529582947151257 8.857652023684711 4.762499999999999
      vertex 7.488885343937581 8.93583139206875 4.762499999999999
    endloop
  endfacet
  facet normal 0 0 -1
    outer loop
      vertex 7.488885343937581 8.93583139206875 0.2
      vertex 20 40 0.2
      vertex 7.529582947151257 8.857652023684711 0.2
    endloop
  endfacet
  facet normal 0 0 -1
    outer loop
      vertex 7.488885343937581 8.93583139206875 4.762499999999999
      vertex 7.529582947151257 8.857652023684711 4.762499999999999
      vertex 7.529582947151257 4.272347976315289 4.762499999999999
    endloop
  endfacet
  facet normal -0.8949343616020232 0.4461978131098125 0
    outer loop
      vertex 7.529582947151257 4.272347976315289 0.2
      vertex 7.529582947151257 4.272347976315289 4.762499999999999
      vertex 7.568909933810794 4.35122570871516 0.2
    endloop
  endfacet
  facet normal 0 0 -1
    outer loop
      vertex 7.529582947151257 4.272347976315289 0.2
      vertex 7.568909933810794 4.35122570871516 0.2
      vertex 20 -10 0.2
    endloop
  endfacet
  facet normal 0 0 -1
    outer loop
      vertex 7.529582947151257 4.272347976315289 4.762499999999999
      vertex 7.529582947151257 8.857652023684711 4.762499999999999
      vertex 7.568909933810794 4.35122570871516 4.762499999999999
    endloop
  endfacet
  facet normal -0.8949343616020232 0.4461978131098125 0
    outer loop
      vertex 7.529582947151257 4.272347976315289 4.762499999999999
      vertex 7.568909933810794 4.35122570871516 4.762499999999999
      vertex 7.568909933810794 4.35122570871516 0.2
    endloop
  endfacet
  facet normal -0.8949343616020232 -0.4461978131098125 0
    outer loop
      vertex 7.529582947151257 8.857652023684711 0.2
      vertex 7.568909933810794 8.77877429128484 0.2
      vertex 7.568909933810794 8.77877429128484 4.762499999999999
    endloop
  endfacet
  facet normal -0.8949343616020232 -0.4461978131098125 0
    outer loop
      vertex 7.529582947151257 8.857652023684711 0.2
      vertex 7.568909933810794 8.77877429128484 4.762499999999999
      vertex 7.529582947151257 8.857652023684711 4.762499999999999
    endloop
  endfacet
  facet normal 0 0 -1
    outer loop
      vertex 7.529582947151257 8.857652023684711 0.2
      vertex 20 40 0.2
      vertex 7.568909933810794 8.77877429128484 0.2
    endloop
  endfacet
  facet normal 0 0 -1
    outer loop
      vertex 7.529582947151257 8.857652023684711 4.762499999999999
      vertex 7.568909933810794 8.77877429128484 4.762499999999999
      vertex 7.568909933810794 4.35122570871516 4.762499999999999
    endloop
  endfacet
  facet normal -0.9025852843498627 0.4305110968082909 0
    outer loop
      vertex 7.568909933810794 4.35122570871516 0.2
      vertex 7.568909933810794 4.35122570871516 4.762499999999999
      vertex 7.606854324535082 4.4307777782094675 0.2
    endloop
  endfacet
  facet normal 0 0 -1
    outer loop
      vertex 7.568909933810794 4.35122570871516 0.2
      vertex 7.606854324535082 4.4307777782094675 0.2
      vertex 20 -10 0.2
    endloop
  endfacet
  facet normal 0 0 -1
    outer loop
      vertex 7.568909933810794 4.35122570871516 4.762499999999999
      vertex 7.568909933810794 8.77877429128484 4.762499999999999
      vertex 7.606854324535082 4.4307777782094675 4.762499999999999
    endloop
  endfacet
  facet normal -0.9025852843498627 0.4305110968082909 0
    outer loop
      vertex 7.568909933810794 4.35122570871516 4.762499999999999
      vertex 7.606854324535082 4.4307777782094675 4.762499999999999
      vertex 7.606854324535082 4.4307777782094675 0.2
    endloop
  endfacet
  facet normal -0.9025852843498646 -0.430511096808287 0
    outer loop
      vertex 7.568909933810794 8.77877429128484 0.2
      vertex 7.606854324535082 8.699222221790532 0.2
      vertex 7.606854324535082 8.699222221790532 4.762499999999999
    endloop
  endfacet
  facet normal -0.9025852843498646 -0.430511096808287 0
    outer loop
      vertex 7.568909933810794 8.77877429128484 0.2
      vertex 7.606854324535082 8.699222221790532 4.762499999999999
      vertex 7.568909933810794 8.77877429128484 4.762499999999999
    endloop
  endfacet
  facet normal 0 0 -1
    outer loop
      vertex 7.568909933810794 8.77877429128484 0.2
      vertex 20 40 0.2
      vertex 7.606854324535082 8.699222221790532 0.2
    endloop
  endfacet
  facet normal 0 0 -1
    outer loop
      vertex 7.568909933810794 8.77877429128484 4.762499999999999
      vertex 7.606854324535082 8.699222221790532 4.762499999999999
      vertex 7.606854324535082 4.4307777782094675 4.762499999999999
    endloop
  endfacet
  facet normal -0.9099612708765409 0.4146932426562443 0
    outer loop
      vertex 7.606854324535082 4.4307777782094675 0.2
      vertex 7.606854324535082 4.4307777782094675 4.762499999999999
      vertex 7.643404561095134 4.510979952467208 0.2
    endloop
  endfacet
  facet normal 0 0 -1
    outer loop
      vertex 7.606854324535082 4.4307777782094675 0.2
      vertex 7.643404561095134 4.510979952467208 0.2
      vertex 20 -10 0.2
    endloop
  endfacet
  facet normal 0 0 -1
    outer loop
      vertex 7.606854324535082 4.4307777782094675 4.762499999999999
      vertex 7.606854324535082 8.699222221790532 4.762499999999999
      vertex 7.643404561095134 4.510979952467208 4.762499999999999
    endloop
  endfacet
  facet normal -0.9099612708765409 0.4146932426562443 0
    outer loop
      vertex 7.606854324535082 4.4307777782094675 4.762499999999999
      vertex 7.643404561095134 4.510979952467208 4.762499999999999
      vertex 7.643404561095134 4.510979952467208 0.2
    endloop
  endfacet
  facet normal -0.9099612708765409 -0.4146932426562443 0
    outer loop
      vertex 7.606854324535082 8.699222221790532 0.2
      vertex 7.643404561095134 8.619020047532791 0.2
      vertex 7.643404561095134 8.619020047532791 4.762499999999999
    endloop
  endfacet
  facet normal -0.9099612708765409 -0.4146932426562443 0
    outer loop
      vertex 7.606854324535082 8.699222221790532 0.2
      vertex 7.643404561095134 8.619020047532791 4.762499999999999
      vertex 7.606854324535082 8.699222221790532 4.762499999999999
    endloop
  endfacet
  facet normal 0 0 -1
    outer loop
      vertex 7.606854324535082 8.699222221790532 0.2
      vertex 20 40 0.2
      vertex 7.643404561095134 8.619020047532791 0.2
    endloop
  endfacet
  facet normal 0 0 -1
    outer loop
      vertex 7.606854324535082 8.699222221790532 4.762499999999999
      vertex 7.643404561095134 8.619020047532791 4.762499999999999
      vertex 7.643404561095134 4.510979952467208 4.762499999999999
    endloop
  endfacet
  facet normal -0.9170600743851234 0.3987490689252476 0
    outer loop
      vertex 7.643404561095134 4.510979952467208 0.2
      vertex 7.643404561095134 4.510979952467208 4.762499999999999
      vertex 7.6785495099348235 4.591807801129167 0.2
    endloop
  endfacet
  facet normal 0 0 -1
    outer loop
      vertex 7.643404561095134 4.510979952467208 0.2
      vertex 7.6785495099348235 4.591807801129167 0.2
      vertex 20 -10 0.2
    endloop
  endfacet
  facet normal 0 0 -1
    outer loop
      vertex 7.643404561095134 4.510979952467208 4.762499999999999
      vertex 7.643404561095134 8.619020047532791 4.762499999999999
      vertex 7.6785495099348235 4.591807801129167 4.762499999999999
    endloop
  endfacet
  facet normal -0.9170600743851234 0.3987490689252476 0
    outer loop
      vertex 7.643404561095134 4.510979952467208 4.762499999999999
      vertex 7.6785495099348235 4.591807801129167 4.762499999999999
      vertex 7.6785495099348235 4.591807801129167 0.2
    endloop
  endfacet
  facet normal -0.9170600743851218 -0.39874906892525136 0
    outer loop
      vertex 7.643404561095134 8.619020047532791 0.2
      vertex 7.6785495099348235 8.538192198870833 0.2
      vertex 7.6785495099348235 8.538192198870833 4.762499999999999
    endloop
  endfacet
  facet normal -0.9170600743851218 -0.39874906892525136 0
    outer loop
      vertex 7.643404561095134 8.619020047532791 0.2
      vertex 7.6785495099348235 8.538192198870833 4.762499999999999
      vertex 7.643404561095134 8.619020047532791 4.762499999999999
    endloop
  endfacet
  facet normal 0 0 -1
    outer loop
      vertex 7.643404561095134 8.619020047532791 0.2
      vertex 20 40 0.2
      vertex 7.6785495099348235 8.538192198870833 0.2
    endloop
  endfacet
  facet normal 0 0 -1
    outer loop
      vertex 7.643404561095134 8.619020047532791 4.762499999999999
      vertex 7.6785495099348235 8.538192198870833 4.762499999999999
      vertex 7.6785495099348235 4.591807801129167 4.762499999999999
    endloop
  endfacet
  facet normal -0.9238795325112885 0.3826834323650855 0
    outer loop
      vertex 7.6785495099348235 4.591807801129167 0.2
      vertex 7.6785495099348235 4.591807801129167 4.762499999999999
      vertex 7.712278465562276 4.6732367032496445 0.2
    endloop
  endfacet
  facet normal 0 0 -1
    outer loop
      vertex 7.6785495099348235 4.591807801129167 0.2
      vertex 7.712278465562276 4.6732367032496445 0.2
      vertex 20 -10 0.2
    endloop
  endfacet
  facet normal 0 0 -1
    outer loop
      vertex 7.6785495099348235 4.591807801129167 4.762499999999999
      vertex 7.6785495099348235 8.538192198870833 4.762499999999999
      vertex 7.712278465562276 4.6732367032496445 4.762499999999999
    endloop
  endfacet
  facet normal -0.9238795325112885 0.3826834323650855 0
    outer loop
      vertex 7.6785495099348235 4.591807801129167 4.762499999999999
      vertex 7.712278465562276 4.6732367032496445 4.762499999999999
      vertex 7.712278465562276 4.6732367032496445 0.2
    endloop
  endfacet
  facet normal -0.9238795325112871 -0.38268343236508906 0
    outer loop
      vertex 7.6785495099348235 8.538192198870833 0.2
      vertex 7.712278465562276 8.456763296750356 0.2
      vertex 7.712278465562276 8.456763296750356 4.762499999999999
    endloop
  endfacet
  facet normal -0.9238795325112871 -0.38268343236508906 0
    outer loop
      vertex 7.6785495099348235 8.538192198870833 0.2
      vertex 7.712278465562276 8.456763296750356 4.762499999999999
      vertex 7.6785495099348235 8.538192198870833 4.762499999999999
    endloop
  endfacet
  facet normal 0 0 -1
    outer loop
      vertex 7.6785495099348235 8.538192198870833 0.2
      vertex 20 40 0.2
      vertex 7.712278465562276 8.456763296750356 0.2
    endloop
  endfacet
  facet normal 0 0 -1
    outer loop
      vertex 7.6785495099348235 8.538192198870833 4.762499999999999
      vertex 7.712278465562276 8.456763296750356 4.762499999999999
      vertex 7.712278465562276 4.6732367032496445 4.762499999999999
    endloop
  endfacet
  facet normal -0.9304175679820228 0.3665012267243019 0
    outer loop
      vertex 7.712278465562276 4.6732367032496445 0.2
      vertex 7.712278465562276 4.6732367032496445 4.762499999999999
      vertex 7.744581153810869 4.755241854796234 0.2
    endloop
  endfacet
  facet normal 0 0 -1
    outer loop
      vertex 7.712278465562276 4.6732367032496445 0.2
      vertex 7.744581153810869 4.755241854796234 0.2
      vertex 20 -10 0.2
    endloop
  endfacet
  facet normal 0 0 -1
    outer loop
      vertex 7.712278465562276 4.6732367032496445 4.762499999999999
      vertex 7.712278465562276 8.456763296750356 4.762499999999999
      vertex 7.744581153810869 4.755241854796234 4.762499999999999
    endloop
  endfacet
  facet normal -0.9304175679820228 0.3665012267243019 0
    outer loop
      vertex 7.712278465562276 4.6732367032496445 4.762499999999999
      vertex 7.744581153810869 4.755241854796234 4.762499999999999
      vertex 7.744581153810869 4.755241854796234 0.2
    endloop
  endfacet
  facet normal -0.9304175679820228 -0.3665012267243019 0
    outer loop
      vertex 7.712278465562276 8.456763296750356 0.2
      vertex 7.744581153810869 8.374758145203767 0.2
      vertex 7.744581153810869 8.374758145203767 4.762499999999999
    endloop
  endfacet
  facet normal -0.9304175679820228 -0.3665012267243019 0
    outer loop
      vertex 7.712278465562276 8.456763296750356 0.2
      vertex 7.744581153810869 8.374758145203767 4.762499999999999
      vertex 7.712278465562276 8.456763296750356 4.762499999999999
    endloop
  endfacet
  facet normal 0 0 -1
    outer loop
      vertex 7.712278465562276 8.456763296750356 0.2
      vertex 20 40 0.2
      vertex 7.744581153810869 8.374758145203767 0.2
    endloop
  endfacet
  facet normal 0 0 -1
    outer loop
      vertex 7.712278465562276 8.456763296750356 4.762499999999999
      vertex 7.744581153810869 8.374758145203767 4.762499999999999
      vertex 7.744581153810869 4.755241854796234 4.762499999999999
    endloop
  endfacet
  facet normal -0.9366721892483952 0.35020738125947376 0
    outer loop
      vertex 7.744581153810869 4.755241854796234 0.2
      vertex 7.744581153810869 4.755241854796234 4.762499999999999
      vertex 7.7754477349688385 4.8377982762053735 0.2
    endloop
  endfacet
  facet normal 0 0 -1
    outer loop
      vertex 7.744581153810869 4.755241854796234 0.2
      vertex 7.7754477349688385 4.8377982762053735 0.2
      vertex 20 -10 0.2
    endloop
  endfacet
  facet normal 0 0 -1
    outer loop
      vertex 7.744581153810869 4.755241854796234 4.762499999999999
      vertex 7.744581153810869 8.374758145203767 4.762499999999999
      vertex 7.7754477349688385 4.8377982762053735 4.762499999999999
    endloop
  endfacet
  facet normal -0.9366721892483952 0.35020738125947376 0
    outer loop
      vertex 7.744581153810869 4.755241854796234 4.762499999999999
      vertex 7.7754477349688385 4.8377982762053735 4.762499999999999
      vertex 7.7754477349688385 4.8377982762053735 0.2
    endloop
  endfacet
  facet normal -0.9366721892483966 -0.35020738125947043 0
    outer loop
      vertex 7.744581153810869 8.374758145203767 0.2
      vertex 7.7754477349688385 8.292201723794626 0.2
      vertex 7.7754477349688385 8.292201723794626 4.762499999999999
    endloop
  endfacet
  facet normal -0.9366721892483966 -0.35020738125947043 0
    outer loop
      vertex 7.744581153810869 8.374758145203767 0.2
      vertex 7.7754477349688385 8.292201723794626 4.762499999999999
      vertex 7.744581153810869 8.374758145203767 4.762499999999999
    endloop
  endfacet
  facet normal 0 0 -1
    outer loop
      vertex 7.744581153810869 8.374758145203767 0.2
      vertex 20 40 0.2
      vertex 7.7754477349688385 8.292201723794626 0.2
    endloop
  endfacet
  facet normal 0 0 -1
    outer loop
      vertex 7.744581153810869 8.374758145203767 4.762499999999999
      vertex 7.7754477349688385 8.292201723794626 4.762499999999999
      vertex 7.7754477349688385 4.8377982762053735 4.762499999999999
    endloop
  endfacet
  facet normal -0.9426414910921798 0.33380685923376696 0
    outer loop
      vertex 7.7754477349688385 4.8377982762053735 0.2
      vertex 7.7754477349688385 4.8377982762053735 4.762499999999999
      vertex 7.80486880677655 4.920880819991359 0.2
    endloop
  endfacet
  facet normal 0 0 -1
    outer loop
      vertex 7.7754477349688385 4.8377982762053735 0.2
      vertex 7.80486880677655 4.920880819991359 0.2
      vertex 20 -10 0.2
    endloop
  endfacet
  facet normal 0 0 -1
    outer loop
      vertex 7.7754477349688385 4.8377982762053735 4.762499999999999
      vertex 7.7754477349688385 8.292201723794626 4.762499999999999
      vertex 7.80486880677655 4.920880819991359 4.762499999999999
    endloop
  endfacet
  facet normal -0.9426414910921798 0.33380685923376696 0
    outer loop
      vertex 7.7754477349688385 4.8377982762053735 4.762499999999999
      vertex 7.80486880677655 4.920880819991359 4.762499999999999
      vertex 7.80486880677655 4.920880819991359 0.2
    endloop
  endfacet
  facet normal -0.9426414910921809 -0.3338068592337638 0
    outer loop
      vertex 7.7754477349688385 8.292201723794626 0.2
      vertex 7.80486880677655 8.20911918000864 0.2
      vertex 7.80486880677655 8.20911918000864 4.762499999999999
    endloop
  endfacet
  facet normal -0.9426414910921809 -0.3338068592337638 0
    outer loop
      vertex 7.7754477349688385 8.292201723794626 0.2
      vertex 7.80486880677655 8.20911918000864 4.762499999999999
      vertex 7.7754477349688385 8.292201723794626 4.762499999999999
    endloop
  endfacet
  facet normal 0 0 -1
    outer loop
      vertex 7.7754477349688385 8.292201723794626 0.2
      vertex 20 40 0.2
      vertex 7.80486880677655 8.20911918000864 0.2
    endloop
  endfacet
  facet normal 0 0 -1
    outer loop
      vertex 7.7754477349688385 8.292201723794626 4.762499999999999
      vertex 7.80486880677655 8.20911918000864 4.762499999999999
      vertex 7.80486880677655 4.920880819991359 4.762499999999999
    endloop
  endfacet
  facet normal -0.948323655206203 0.31730465640508115 0
    outer loop
      vertex 7.80486880677655 4.920880819991359 0.2
      vertex 7.80486880677655 4.920880819991359 4.762499999999999
      vertex 7.832835407290525 5.004464178406516 0.2
    endloop
  endfacet
  facet normal 0 0 -1
    outer loop
      vertex 7.80486880677655 4.920880819991359 0.2
      vertex 7.832835407290525 5.004464178406516 0.2
      vertex 20 40 0.2
    endloop
  endfacet
  facet normal 0 0 -1
    outer loop
      vertex 7.80486880677655 4.920880819991359 0.2
      vertex 20 40 0.2
      vertex 20 -10 0.2
    endloop
  endfacet
  facet normal 0 0 -1
    outer loop
      vertex 7.80486880677655 4.920880819991359 4.762499999999999
      vertex 7.80486880677655 8.20911918000864 4.762499999999999
      vertex 7.832835407290525 5.004464178406516 4.762499999999999
    endloop
  endfacet
  facet normal -0.948323655206203 0.31730465640508115 0
    outer loop
      vertex 7.80486880677655 4.920880819991359 4.762499999999999
      vertex 7.832835407290525 5.004464178406516 4.762499999999999
      vertex 7.832835407290525 5.004464178406516 0.2
    endloop
  endfacet
  facet normal -0.948323655206202 -0.3173046564050842 0
    outer loop
      vertex 7.80486880677655 8.20911918000864 0.2
      vertex 7.832835407290525 8.125535821593484 0.2
      vertex 7.832835407290525 8.125535821593484 4.762499999999999
    endloop
  endfacet
  facet normal -0.948323655206202 -0.3173046564050842 0
    outer loop
      vertex 7.80486880677655 8.20911918000864 0.2
      vertex 7.832835407290525 8.125535821593484 4.762499999999999
      vertex 7.80486880677655 8.20911918000864 4.762499999999999
    endloop
  endfacet
  facet normal 0 0 -1
    outer loop
      vertex 7.80486880677655 8.20911918000864 0.2
      vertex 20 40 0.2
      vertex 7.832835407290525 8.125535821593484 0.2
    endloop
  endfacet
  facet normal 0 0 -1
    outer loop
      vertex 7.80486880677655 8.20911918000864 4.762499999999999
      vertex 7.832835407290525 8.125535821593484 4.762499999999999
      vertex 7.832835407290525 5.004464178406516 4.762499999999999
    endloop
  endfacet
  facet normal -0.9537169507482262 0.30070579950427523 0
    outer loop
      vertex 7.832835407290525 5.004464178406516 0.2
      vertex 7.832835407290525 5.004464178406516 4.762499999999999
      vertex 7.859339017613329 5.08852289115018 0.2
    endloop
  endfacet
  facet normal 0 0 -1
    outer loop
      vertex 7.832835407290525 5.004464178406516 0.2
      vertex 7.859339017613329 5.08852289115018 0.2
      vertex 20 40 0.2
    endloop
  endfacet
  facet normal 0 0 -1
    outer loop
      vertex 7.832835407290525 5.004464178406516 4.762499999999999
      vertex 7.832835407290525 8.125535821593484 4.762499999999999
      vertex 7.859339017613329 5.08852289115018 4.762499999999999
    endloop
  endfacet
  facet normal -0.9537169507482262 0.30070579950427523 0
    outer loop
      vertex 7.832835407290525 5.004464178406516 4.762499999999999
      vertex 7.859339017613329 5.08852289115018 4.762499999999999
      vertex 7.859339017613329 5.08852289115018 0.2
    endloop
  endfacet
  facet normal -0.9537169507482262 -0.30070579950427523 0
    outer loop
      vertex 7.832835407290525 8.125535821593484 0.2
      vertex 7.859339017613329 8.04147710884982 0.2
      vertex 7.859339017613329 8.04147710884982 4.762499999999999
    endloop
  endfacet
  facet normal -0.9537169507482262 -0.30070579950427523 0
    outer loop
      vertex 7.832835407290525 8.125535821593484 0.2
      vertex 7.859339017613329 8.04147710884982 4.762499999999999
      vertex 7.832835407290525 8.125535821593484 4.762499999999999
    endloop
  endfacet
  facet normal 0 0 -1
    outer loop
      vertex 7.832835407290525 8.125535821593484 0.2
      vertex 20 40 0.2
      vertex 7.859339017613329 8.04147710884982 0.2
    endloop
  endfacet
  facet normal 0 0 -1
    outer loop
      vertex 7.832835407290525 8.125535821593484 4.762499999999999
      vertex 7.859339017613329 8.04147710884982 4.762499999999999
      vertex 7.859339017613329 5.08852289115018 4.762499999999999
    endloop
  endfacet
  facet normal -0.9588197348681898 0.28401534470393314 0
    outer loop
      vertex 7.859339017613329 5.08852289115018 0.2
      vertex 7.859339017613329 5.08852289115018 4.762499999999999
      vertex 7.884371564488511 5.173031353124154 0.2
    endloop
  endfacet
  facet normal 0 0 -1
    outer loop
      vertex 7.859339017613329 5.08852289115018 0.2
      vertex 7.884371564488511 5.173031353124154 0.2
      vertex 20 40 0.2
    endloop
  endfacet
  facet normal 0 0 -1
    outer loop
      vertex 7.859339017613329 5.08852289115018 4.762499999999999
      vertex 7.859339017613329 8.04147710884982 4.762499999999999
      vertex 7.884371564488511 5.173031353124154 4.762499999999999
    endloop
  endfacet
  facet normal -0.9588197348681898 0.28401534470393314 0
    outer loop
      vertex 7.859339017613329 5.08852289115018 4.762499999999999
      vertex 7.884371564488511 5.173031353124154 4.762499999999999
      vertex 7.884371564488511 5.173031353124154 0.2
    endloop
  endfacet
  facet normal -0.9588197348681898 -0.28401534470393314 0
    outer loop
      vertex 7.859339017613329 8.04147710884982 0.2
      vertex 7.884371564488511 7.956968646875846 0.2
      vertex 7.884371564488511 7.956968646875846 4.762499999999999
    endloop
  endfacet
  facet normal -0.9588197348681898 -0.28401534470393314 0
    outer loop
      vertex 7.859339017613329 8.04147710884982 0.2
      vertex 7.884371564488511 7.956968646875846 4.762499999999999
      vertex 7.859339017613329 8.04147710884982 4.762499999999999
    endloop
  endfacet
  facet normal 0 0 -1
    outer loop
      vertex 7.859339017613329 8.04147710884982 0.2
      vertex 20 40 0.2
      vertex 7.884371564488511 7.956968646875846 0.2
    endloop
  endfacet
  facet normal 0 0 -1
    outer loop
      vertex 7.859339017613329 8.04147710884982 4.762499999999999
      vertex 7.884371564488511 7.956968646875846 4.762499999999999
      vertex 7.884371564488511 5.173031353124154 4.762499999999999
    endloop
  endfacet
  facet normal -0.9636304532086248 0.26723837607825 0
    outer loop
      vertex 7.884371564488511 5.173031353124154 0.2
      vertex 7.884371564488511 5.173031353124154 4.762499999999999
      vertex 7.907925422759795 5.25796382223227 0.2
    endloop
  endfacet
  facet normal 0 0 -1
    outer loop
      vertex 7.884371564488511 5.173031353124154 0.2
      vertex 7.907925422759795 5.25796382223227 0.2
      vertex 20 40 0.2
    endloop
  endfacet
  facet normal 0 0 -1
    outer loop
      vertex 7.884371564488511 5.173031353124154 4.762499999999999
      vertex 7.884371564488511 7.956968646875846 4.762499999999999
      vertex 7.907925422759795 5.25796382223227 4.762499999999999
    endloop
  endfacet
  facet normal -0.9636304532086248 0.26723837607825 0
    outer loop
      vertex 7.884371564488511 5.173031353124154 4.762499999999999
      vertex 7.907925422759795 5.25796382223227 4.762499999999999
      vertex 7.907925422759795 5.25796382223227 0.2
    endloop
  endfacet
  facet normal -0.9636304532086248 -0.26723837607825 0
    outer loop
      vertex 7.884371564488511 7.956968646875846 0.2
      vertex 7.907925422759795 7.87203617776773 0.2
      vertex 7.907925422759795 7.87203617776773 4.762499999999999
    endloop
  endfacet
  facet normal -0.9636304532086248 -0.26723837607825 0
    outer loop
      vertex 7.884371564488511 7.956968646875846 0.2
      vertex 7.907925422759795 7.87203617776773 4.762499999999999
      vertex 7.884371564488511 7.956968646875846 4.762499999999999
    endloop
  endfacet
  facet normal 0 0 -1
    outer loop
      vertex 7.884371564488511 7.956968646875846 0.2
      vertex 20 40 0.2
      vertex 7.907925422759795 7.87203617776773 0.2
    endloop
  endfacet
  facet normal 0 0 -1
    outer loop
      vertex 7.884371564488511 7.956968646875846 4.762499999999999
      vertex 7.907925422759795 7.87203617776773 4.762499999999999
      vertex 7.907925422759795 5.25796382223227 4.762499999999999
    endloop
  endfacet
  facet normal -0.9681476403781081 0.2503800040544406 0
    outer loop
      vertex 7.907925422759795 5.25796382223227 0.2
      vertex 7.907925422759795 5.25796382223227 4.762499999999999
      vertex 7.929993417693782 5.343294427221679 0.2
    endloop
  endfacet
  facet normal 0 0 -1
    outer loop
      vertex 7.907925422759795 5.25796382223227 0.2
      vertex 7.929993417693782 5.343294427221679 0.2
      vertex 20 40 0.2
    endloop
  endfacet
  facet normal 0 0 -1
    outer loop
      vertex 7.907925422759795 5.25796382223227 4.762499999999999
      vertex 7.907925422759795 7.87203617776773 4.762499999999999
      vertex 7.929993417693782 5.343294427221679 4.762499999999999
    endloop
  endfacet
  facet normal -0.9681476403781081 0.2503800040544406 0
    outer loop
      vertex 7.907925422759795 5.25796382223227 4.762499999999999
      vertex 7.929993417693782 5.343294427221679 4.762499999999999
      vertex 7.929993417693782 5.343294427221679 0.2
    endloop
  endfacet
  facet normal -0.9681476403781081 -0.2503800040544406 0
    outer loop
      vertex 7.907925422759795 7.87203617776773 0.2
      vertex 7.929993417693782 7.786705572778321 0.2
      vertex 7.929993417693782 7.786705572778321 4.762499999999999
    endloop
  endfacet
  facet normal -0.9681476403781081 -0.2503800040544406 0
    outer loop
      vertex 7.907925422759795 7.87203617776773 0.2
      vertex 7.929993417693782 7.786705572778321 4.762499999999999
      vertex 7.907925422759795 7.87203617776773 4.762499999999999
    endloop
  endfacet
  facet normal 0 0 -1
    outer loop
      vertex 7.907925422759795 7.87203617776773 0.2
      vertex 20 40 0.2
      vertex 7.929993417693782 7.786705572778321 0.2
    endloop
  endfacet
  facet normal 0 0 -1
    outer loop
      vertex 7.907925422759795 7.87203617776773 4.762499999999999
      vertex 7.929993417693782 7.786705572778321 4.762499999999999
      vertex 7.929993417693782 5.343294427221679 4.762499999999999
    endloop
  endfacet
  facet normal -0.9723699203976762 0.23344536385590686 0
    outer loop
      vertex 7.929993417693782 5.343294427221679 0.2
      vertex 7.929993417693782 5.343294427221679 4.762499999999999
      vertex 7.950568827165438 5.428997175563482 0.2
    endloop
  endfacet
  facet normal 0 0 -1
    outer loop
      vertex 7.929993417693782 5.343294427221679 0.2
      vertex 7.950568827165438 5.428997175563482 0.2
      vertex 20 40 0.2
    endloop
  endfacet
  facet normal 0 0 -1
    outer loop
      vertex 7.929993417693782 5.343294427221679 4.762499999999999
      vertex 7.929993417693782 7.786705572778321 4.762499999999999
      vertex 7.950568827165438 5.428997175563482 4.762499999999999
    endloop
  endfacet
  facet normal -0.9723699203976762 0.23344536385590686 0
    outer loop
      vertex 7.929993417693782 5.343294427221679 4.762499999999999
      vertex 7.950568827165438 5.428997175563482 4.762499999999999
      vertex 7.950568827165438 5.428997175563482 0.2
    endloop
  endfacet
  facet normal -0.9723699203976762 -0.23344536385590686 0
    outer loop
      vertex 7.929993417693782 7.786705572778321 0.2
      vertex 7.950568827165438 7.701002824436518 0.2
      vertex 7.950568827165438 7.701002824436518 4.762499999999999
    endloop
  endfacet
  facet normal -0.9723699203976762 -0.23344536385590686 0
    outer loop
      vertex 7.929993417693782 7.786705572778321 0.2
      vertex 7.950568827165438 7.701002824436518 4.762499999999999
      vertex 7.929993417693782 7.786705572778321 4.762499999999999
    endloop
  endfacet
  facet normal 0 0 -1
    outer loop
      vertex 7.929993417693782 7.786705572778321 0.2
      vertex 20 40 0.2
      vertex 7.950568827165438 7.701002824436518 0.2
    endloop
  endfacet
  facet normal 0 0 -1
    outer loop
      vertex 7.929993417693782 7.786705572778321 4.762499999999999
      vertex 7.950568827165438 7.701002824436518 4.762499999999999
      vertex 7.950568827165438 5.428997175563482 4.762499999999999
    endloop
  endfacet
  facet normal -0.9762960071199334 0.21643961393810313 0
    outer loop
      vertex 7.950568827165438 5.428997175563482 0.2
      vertex 7.950568827165438 5.428997175563482 4.762499999999999
      vertex 7.969645383705719 5.5150459613703156 0.2
    endloop
  endfacet
  facet normal 0 0 -1
    outer loop
      vertex 7.950568827165438 5.428997175563482 0.2
      vertex 7.969645383705719 5.5150459613703156 0.2
      vertex 20 40 0.2
    endloop
  endfacet
  facet normal 0 0 -1
    outer loop
      vertex 7.950568827165438 5.428997175563482 4.762499999999999
      vertex 7.950568827165438 7.701002824436518 4.762499999999999
      vertex 7.969645383705719 5.5150459613703156 4.762499999999999
    endloop
  endfacet
  facet normal -0.9762960071199334 0.21643961393810313 0
    outer loop
      vertex 7.950568827165438 5.428997175563482 4.762499999999999
      vertex 7.969645383705719 5.5150459613703156 4.762499999999999
      vertex 7.969645383705719 5.5150459613703156 0.2
    endloop
  endfacet
  facet normal -0.9762960071199334 -0.21643961393810313 0
    outer loop
      vertex 7.950568827165438 7.701002824436518 0.2
      vertex 7.969645383705719 7.614954038629684 0.2
      vertex 7.969645383705719 7.614954038629684 4.762499999999999
    endloop
  endfacet
  facet normal -0.9762960071199334 -0.21643961393810313 0
    outer loop
      vertex 7.950568827165438 7.701002824436518 0.2
      vertex 7.969645383705719 7.614954038629684 4.762499999999999
      vertex 7.950568827165438 7.701002824436518 4.762499999999999
    endloop
  endfacet
  facet normal 0 0 -1
    outer loop
      vertex 7.950568827165438 7.701002824436518 0.2
      vertex 20 40 0.2
      vertex 7.969645383705719 7.614954038629684 0.2
    endloop
  endfacet
  facet normal 0 0 -1
    outer loop
      vertex 7.950568827165438 7.701002824436518 4.762499999999999
      vertex 7.969645383705719 7.614954038629684 4.762499999999999
      vertex 7.969645383705719 5.5150459613703156 4.762499999999999
    endloop
  endfacet
  facet normal -0.9799247046208309 0.19936793441719128 0
    outer loop
      vertex 7.969645383705719 5.5150459613703156 0.2
      vertex 7.969645383705719 5.5150459613703156 4.762499999999999
      vertex 7.987217276410703 5.601414573348449 0.2
    endloop
  endfacet
  facet normal 0 0 -1
    outer loop
      vertex 7.969645383705719 5.5150459613703156 0.2
      vertex 7.987217276410703 5.601414573348449 0.2
      vertex 20 40 0.2
    endloop
  endfacet
  facet normal 0 0 -1
    outer loop
      vertex 7.969645383705719 5.5150459613703156 4.762499999999999
      vertex 7.969645383705719 7.614954038629684 4.762499999999999
      vertex 7.987217276410703 5.601414573348449 4.762499999999999
    endloop
  endfacet
  facet normal -0.9799247046208309 0.19936793441719128 0
    outer loop
      vertex 7.969645383705719 5.5150459613703156 4.762499999999999
      vertex 7.987217276410703 5.601414573348449 4.762499999999999
      vertex 7.987217276410703 5.601414573348449 0.2
    endloop
  endfacet
  facet normal -0.9799247046208309 -0.19936793441719128 0
    outer loop
      vertex 7.969645383705719 7.614954038629684 0.2
      vertex 7.987217276410703 7.528585426651551 0.2
      vertex 7.987217276410703 7.528585426651551 4.762499999999999
    endloop
  endfacet
  facet normal -0.9799247046208309 -0.19936793441719128 0
    outer loop
      vertex 7.969645383705719 7.614954038629684 0.2
      vertex 7.987217276410703 7.528585426651551 4.762499999999999
      vertex 7.969645383705719 7.614954038629684 4.762499999999999
    endloop
  endfacet
  facet normal 0 0 -1
    outer loop
      vertex 7.969645383705719 7.614954038629684 0.2
      vertex 20 40 0.2
      vertex 7.987217276410703 7.528585426651551 0.2
    endloop
  endfacet
  facet normal 0 0 -1
    outer loop
      vertex 7.969645383705719 7.614954038629684 4.762499999999999
      vertex 7.987217276410703 7.528585426651551 4.762499999999999
      vertex 7.987217276410703 5.601414573348449 4.762499999999999
    endloop
  endfacet
  facet normal -0.9832549075639543 0.18223552549214897 0
    outer loop
      vertex 7.987217276410703 5.601414573348449 0.2
      vertex 7.987217276410703 5.601414573348449 4.762499999999999
      vertex 8.00327915271165 5.688076702782002 0.2
    endloop
  endfacet
  facet normal 0 0 -1
    outer loop
      vertex 7.987217276410703 5.601414573348449 0.2
      vertex 8.00327915271165 5.688076702782002 0.2
      vertex 20 40 0.2
    endloop
  endfacet
  facet normal 0 0 -1
    outer loop
      vertex 7.987217276410703 5.601414573348449 4.762499999999999
      vertex 7.987217276410703 7.528585426651551 4.762499999999999
      vertex 8.00327915271165 5.688076702782002 4.762499999999999
    endloop
  endfacet
  facet normal -0.9832549075639543 0.18223552549214897 0
    outer loop
      vertex 7.987217276410703 5.601414573348449 4.762499999999999
      vertex 8.00327915271165 5.688076702782002 4.762499999999999
      vertex 8.00327915271165 5.688076702782002 0.2
    endloop
  endfacet
  facet normal -0.9832549075639543 -0.18223552549214897 0
    outer loop
      vertex 7.987217276410703 7.528585426651551 0.2
      vertex 8.00327915271165 7.441923297217998 0.2
      vertex 8.00327915271165 7.441923297217998 4.762499999999999
    endloop
  endfacet
  facet normal -0.9832549075639543 -0.18223552549214897 0
    outer loop
      vertex 7.987217276410703 7.528585426651551 0.2
      vertex 8.00327915271165 7.441923297217998 4.762499999999999
      vertex 7.987217276410703 7.528585426651551 4.762499999999999
    endloop
  endfacet
  facet normal 0 0 -1
    outer loop
      vertex 7.987217276410703 7.528585426651551 0.2
      vertex 20 40 0.2
      vertex 8.00327915271165 7.441923297217998 0.2
    endloop
  endfacet
  facet normal 0 0 -1
    outer loop
      vertex 7.987217276410703 7.528585426651551 4.762499999999999
      vertex 8.00327915271165 7.441923297217998 4.762499999999999
      vertex 8.00327915271165 5.688076702782002 4.762499999999999
    endloop
  endfacet
  facet normal -0.9862856015372287 0.16504760586069459 0
    outer loop
      vertex 8.00327915271165 5.688076702782002 0.2
      vertex 8.00327915271165 5.688076702782002 4.762499999999999
      vertex 8.017826120005447 5.775005951546834 0.2
    endloop
  endfacet
  facet normal 0 0 -1
    outer loop
      vertex 8.00327915271165 5.688076702782002 0.2
      vertex 8.017826120005447 5.775005951546834 0.2
      vertex 20 40 0.2
    endloop
  endfacet
  facet normal 0 0 -1
    outer loop
      vertex 8.00327915271165 5.688076702782002 4.762499999999999
      vertex 8.00327915271165 7.441923297217998 4.762499999999999
      vertex 8.017826120005447 5.775005951546834 4.762499999999999
    endloop
  endfacet
  facet normal -0.9862856015372287 0.16504760586069459 0
    outer loop
      vertex 8.00327915271165 5.688076702782002 4.762499999999999
      vertex 8.017826120005447 5.775005951546834 4.762499999999999
      vertex 8.017826120005447 5.775005951546834 0.2
    endloop
  endfacet
  facet normal -0.9862856015372287 -0.16504760586069459 0
    outer loop
      vertex 8.00327915271165 7.441923297217998 0.2
      vertex 8.017826120005447 7.3549940484531655 0.2
      vertex 8.017826120005447 7.3549940484531655 4.762499999999999
    endloop
  endfacet
  facet normal -0.9862856015372287 -0.16504760586069459 0
    outer loop
      vertex 8.00327915271165 7.441923297217998 0.2
      vertex 8.017826120005447 7.3549940484531655 4.762499999999999
      vertex 8.00327915271165 7.441923297217998 4.762499999999999
    endloop
  endfacet
  facet normal 0 0 -1
    outer loop
      vertex 8.00327915271165 7.441923297217998 0.2
      vertex 20 40 0.2
      vertex 8.017826120005447 7.3549940484531655 0.2
    endloop
  endfacet
  facet normal 0 0 -1
    outer loop
      vertex 8.00327915271165 7.441923297217998 4.762499999999999
      vertex 8.017826120005447 7.3549940484531655 4.762499999999999
      vertex 8.017826120005447 5.775005951546834 4.762499999999999
    endloop
  endfacet
  facet normal -0.9890158633619199 0.1478094111295898 0
    outer loop
      vertex 8.017826120005447 5.775005951546834 0.2
      vertex 8.017826120005447 5.775005951546834 4.762499999999999
      vertex 8.03085374714493 5.86217584015167 0.2
    endloop
  endfacet
  facet normal 0 0 -1
    outer loop
      vertex 8.017826120005447 5.775005951546834 0.2
      vertex 8.03085374714493 5.86217584015167 0.2
      vertex 20 40 0.2
    endloop
  endfacet
  facet normal 0 0 -1
    outer loop
      vertex 8.017826120005447 5.775005951546834 4.762499999999999
      vertex 8.017826120005447 7.3549940484531655 4.762499999999999
      vertex 8.03085374714493 5.86217584015167 4.762499999999999
    endloop
  endfacet
  facet normal -0.9890158633619199 0.1478094111295898 0
    outer loop
      vertex 8.017826120005447 5.775005951546834 4.762499999999999
      vertex 8.03085374714493 5.86217584015167 4.762499999999999
      vertex 8.03085374714493 5.86217584015167 0.2
    endloop
  endfacet
  facet normal -0.9890158633619199 -0.1478094111295898 0
    outer loop
      vertex 8.017826120005447 7.3549940484531655 0.2
      vertex 8.03085374714493 7.26782415984833 0.2
      vertex 8.03085374714493 7.26782415984833 4.762499999999999
    endloop
  endfacet
  facet normal -0.9890158633619199 -0.1478094111295898 0
    outer loop
      vertex 8.017826120005447 7.3549940484531655 0.2
      vertex 8.03085374714493 7.26782415984833 4.762499999999999
      vertex 8.017826120005447 7.3549940484531655 4.762499999999999
    endloop
  endfacet
  facet normal 0 0 -1
    outer loop
      vertex 8.017826120005447 7.3549940484531655 0.2
      vertex 20 40 0.2
      vertex 8.03085374714493 7.26782415984833 0.2
    endloop
  endfacet
  facet normal 0 0 -1
    outer loop
      vertex 8.017826120005447 7.3549940484531655 4.762499999999999
      vertex 8.03085374714493 7.26782415984833 4.762499999999999
      vertex 8.03085374714493 5.86217584015167 4.762499999999999
    endloop
  endfacet
  facet normal -0.99144486137381 0.13052619222005452 0
    outer loop
      vertex 8.03085374714493 5.86217584015167 0.2
      vertex 8.03085374714493 5.86217584015167 4.762499999999999
      vertex 8.042358065788676 5.9495598158040055 0.2
    endloop
  endfacet
  facet normal 0 0 -1
    outer loop
      vertex 8.03085374714493 5.86217584015167 0.2
      vertex 8.042358065788676 5.9495598158040055 0.2
      vertex 20 40 0.2
    endloop
  endfacet
  facet normal 0 0 -1
    outer loop
      vertex 8.03085374714493 5.86217584015167 4.762499999999999
      vertex 8.03085374714493 7.26782415984833 4.762499999999999
      vertex 8.042358065788676 5.9495598158040055 4.762499999999999
    endloop
  endfacet
  facet normal -0.99144486137381 0.13052619222005452 0
    outer loop
      vertex 8.03085374714493 5.86217584015167 4.762499999999999
      vertex 8.042358065788676 5.9495598158040055 4.762499999999999
      vertex 8.042358065788676 5.9495598158040055 0.2
    endloop
  endfacet
  facet normal -0.99144486137381 -0.13052619222005452 0
    outer loop
      vertex 8.03085374714493 7.26782415984833 0.2
      vertex 8.042358065788676 7.180440184195994 0.2
      vertex 8.042358065788676 7.180440184195994 4.762499999999999
    endloop
  endfacet
  facet normal -0.99144486137381 -0.13052619222005452 0
    outer loop
      vertex 8.03085374714493 7.26782415984833 0.2
      vertex 8.042358065788676 7.180440184195994 4.762499999999999
      vertex 8.03085374714493 7.26782415984833 4.762499999999999
    endloop
  endfacet
  facet normal 0 0 -1
    outer loop
      vertex 8.03085374714493 7.26782415984833 0.2
      vertex 20 40 0.2
      vertex 8.042358065788676 7.180440184195994 0.2
    endloop
  endfacet
  facet normal 0 0 -1
    outer loop
      vertex 8.03085374714493 7.26782415984833 4.762499999999999
      vertex 8.042358065788676 7.180440184195994 4.762499999999999
      vertex 8.042358065788676 5.9495598158040055 4.762499999999999
    endloop
  endfacet
  facet normal -0.9935718556765861 0.11320321376791821 0
    outer loop
      vertex 8.042358065788676 5.9495598158040055 0.2
      vertex 8.042358065788676 5.9495598158040055 4.762499999999999
      vertex 8.052335571609781 6.0371312604983505 0.2
    endloop
  endfacet
  facet normal 0 0 -1
    outer loop
      vertex 8.042358065788676 5.9495598158040055 0.2
      vertex 8.052335571609781 6.0371312604983505 0.2
      vertex 20 40 0.2
    endloop
  endfacet
  facet normal 0 0 -1
    outer loop
      vertex 8.042358065788676 5.9495598158040055 4.762499999999999
      vertex 8.042358065788676 7.180440184195994 4.762499999999999
      vertex 8.052335571609781 6.0371312604983505 4.762499999999999
    endloop
  endfacet
  facet normal -0.9935718556765861 0.11320321376791821 0
    outer loop
      vertex 8.042358065788676 5.9495598158040055 4.762499999999999
      vertex 8.052335571609781 6.0371312604983505 4.762499999999999
      vertex 8.052335571609781 6.0371312604983505 0.2
    endloop
  endfacet
  facet normal -0.9935718556765861 -0.11320321376791821 0
    outer loop
      vertex 8.042358065788676 7.180440184195994 0.2
      vertex 8.052335571609781 7.092868739501649 0.2
      vertex 8.052335571609781 7.092868739501649 4.762499999999999
    endloop
  endfacet
  facet normal -0.9935718556765861 -0.11320321376791821 0
    outer loop
      vertex 8.042358065788676 7.180440184195994 0.2
      vertex 8.052335571609781 7.092868739501649 4.762499999999999
      vertex 8.042358065788676 7.180440184195994 4.762499999999999
    endloop
  endfacet
  facet normal 0 0 -1
    outer loop
      vertex 8.042358065788676 7.180440184195994 0.2
      vertex 20 40 0.2
      vertex 8.052335571609781 7.092868739501649 0.2
    endloop
  endfacet
  facet normal 0 0 -1
    outer loop
      vertex 8.042358065788676 7.180440184195994 4.762499999999999
      vertex 8.052335571609781 7.092868739501649 4.762499999999999
      vertex 8.052335571609781 6.0371312604983505 4.762499999999999
    endloop
  endfacet
  facet normal -0.9953961983671802 0.09584575252021119 0
    outer loop
      vertex 8.052335571609781 6.0371312604983505 0.2
      vertex 8.052335571609781 6.0371312604983505 4.762499999999999
      vertex 8.060783225363314 6.124863499124326 0.2
    endloop
  endfacet
  facet normal 0 0 -1
    outer loop
      vertex 8.052335571609781 6.0371312604983505 0.2
      vertex 8.060783225363314 6.124863499124326 0.2
      vertex 20 40 0.2
    endloop
  endfacet
  facet normal 0 0 -1
    outer loop
      vertex 8.052335571609781 6.0371312604983505 4.762499999999999
      vertex 8.052335571609781 7.092868739501649 4.762499999999999
      vertex 8.060783225363314 6.124863499124326 4.762499999999999
    endloop
  endfacet
  facet normal -0.9953961983671802 0.09584575252021119 0
    outer loop
      vertex 8.052335571609781 6.0371312604983505 4.762499999999999
      vertex 8.060783225363314 6.124863499124326 4.762499999999999
      vertex 8.060783225363314 6.124863499124326 0.2
    endloop
  endfacet
  facet normal -0.9953961983671802 -0.09584575252021119 0
    outer loop
      vertex 8.052335571609781 7.092868739501649 0.2
      vertex 8.060783225363314 7.005136500875674 0.2
      vertex 8.060783225363314 7.005136500875674 4.762499999999999
    endloop
  endfacet
  facet normal -0.9953961983671802 -0.09584575252021119 0
    outer loop
      vertex 8.052335571609781 7.092868739501649 0.2
      vertex 8.060783225363314 7.005136500875674 4.762499999999999
      vertex 8.052335571609781 7.092868739501649 4.762499999999999
    endloop
  endfacet
  facet normal 0 0 -1
    outer loop
      vertex 8.052335571609781 7.092868739501649 0.2
      vertex 20 40 0.2
      vertex 8.060783225363314 7.005136500875674 0.2
    endloop
  endfacet
  facet normal 0 0 -1
    outer loop
      vertex 8.052335571609781 7.092868739501649 4.762499999999999
      vertex 8.060783225363314 7.005136500875674 4.762499999999999
      vertex 8.060783225363314 6.124863499124326 4.762499999999999
    endloop
  endfacet
  facet normal -0.9969173337331269 0.07845909572785871 0
    outer loop
      vertex 8.060783225363314 6.124863499124326 0.2
      vertex 8.060783225363314 6.124863499124326 4.762499999999999
      vertex 8.067698453812113 6.212729807592168 0.2
    endloop
  endfacet
  facet normal 0 0 -1
    outer loop
      vertex 8.060783225363314 6.124863499124326 0.2
      vertex 8.067698453812113 6.212729807592168 0.2
      vertex 20 40 0.2
    endloop
  endfacet
  facet normal 0 0 -1
    outer loop
      vertex 8.060783225363314 6.124863499124326 4.762499999999999
      vertex 8.060783225363314 7.005136500875674 4.762499999999999
      vertex 8.067698453812113 6.212729807592168 4.762499999999999
    endloop
  endfacet
  facet normal -0.9969173337331269 0.07845909572785871 0
    outer loop
      vertex 8.060783225363314 6.124863499124326 4.762499999999999
      vertex 8.067698453812113 6.212729807592168 4.762499999999999
      vertex 8.067698453812113 6.212729807592168 0.2
    endloop
  endfacet
  facet normal -0.9969173337331269 -0.0784590957278595 0
    outer loop
      vertex 8.060783225363314 7.005136500875674 0.2
      vertex 8.067698453812113 6.917270192407833 0.2
      vertex 8.067698453812113 6.917270192407833 4.762499999999999
    endloop
  endfacet
  facet normal -0.9969173337331269 -0.0784590957278595 0
    outer loop
      vertex 8.060783225363314 7.005136500875674 0.2
      vertex 8.067698453812113 6.917270192407833 4.762499999999999
      vertex 8.060783225363314 7.005136500875674 4.762499999999999
    endloop
  endfacet
  facet normal 0 0 -1
    outer loop
      vertex 8.060783225363314 7.005136500875674 0.2
      vertex 20 40 0.2
      vertex 8.067698453812113 6.917270192407833 0.2
    endloop
  endfacet
  facet normal 0 0 -1
    outer loop
      vertex 8.060783225363314 7.005136500875674 4.762499999999999
      vertex 8.067698453812113 6.917270192407833 4.762499999999999
      vertex 8.067698453812113 6.212729807592168 4.762499999999999
    endloop
  endfacet
  facet normal -0.9981347984218677 0.06104853953484384 0
    outer loop
      vertex 8.067698453812113 6.212729807592168 0.2
      vertex 8.067698453812113 6.212729807592168 4.762499999999999
      vertex 8.073079150510598 6.300703420973133 0.2
    endloop
  endfacet
  facet normal 0 0 -1
    outer loop
      vertex 8.067698453812113 6.212729807592168 0.2
      vertex 8.073079150510598 6.300703420973133 0.2
      vertex 20 40 0.2
    endloop
  endfacet
  facet normal 0 0 -1
    outer loop
      vertex 8.067698453812113 6.212729807592168 4.762499999999999
      vertex 8.067698453812113 6.917270192407833 4.762499999999999
      vertex 8.073079150510598 6.300703420973133 4.762499999999999
    endloop
  endfacet
  facet normal -0.9981347984218677 0.06104853953484384 0
    outer loop
      vertex 8.067698453812113 6.212729807592168 4.762499999999999
      vertex 8.073079150510598 6.300703420973133 4.762499999999999
      vertex 8.073079150510598 6.300703420973133 0.2
    endloop
  endfacet
  facet normal -0.9981347984218677 -0.061048539534843224 0
    outer loop
      vertex 8.067698453812113 6.917270192407833 0.2
      vertex 8.073079150510598 6.829296579026867 0.2
      vertex 8.073079150510598 6.829296579026867 4.762499999999999
    endloop
  endfacet
  facet normal -0.9981347984218677 -0.061048539534843224 0
    outer loop
      vertex 8.067698453812113 6.917270192407833 0.2
      vertex 8.073079150510598 6.829296579026867 4.762499999999999
      vertex 8.067698453812113 6.917270192407833 4.762499999999999
    endloop
  endfacet
  facet normal 0 0 -1
    outer loop
      vertex 8.067698453812113 6.917270192407833 0.2
      vertex 20 40 0.2
      vertex 8.073079150510598 6.829296579026867 0.2
    endloop
  endfacet
  facet normal 0 0 -1
    outer loop
      vertex 8.067698453812113 6.917270192407833 4.762499999999999
      vertex 8.073079150510598 6.829296579026867 4.762499999999999
      vertex 8.073079150510598 6.300703420973133 4.762499999999999
    endloop
  endfacet
  facet normal -0.9990482215818572 0.043619387365344826 0
    outer loop
      vertex 8.073079150510598 6.300703420973133 0.2
      vertex 8.073079150510598 6.300703420973133 4.762499999999999
      vertex 8.076923676446434 6.38875754165237 0.2
    endloop
  endfacet
  facet normal 0 0 -1
    outer loop
      vertex 8.073079150510598 6.300703420973133 0.2
      vertex 8.076923676446434 6.38875754165237 0.2
      vertex 20 40 0.2
    endloop
  endfacet
  facet normal 0 0 -1
    outer loop
      vertex 8.073079150510598 6.300703420973133 4.762499999999999
      vertex 8.073079150510598 6.829296579026867 4.762499999999999
      vertex 8.076923676446434 6.38875754165237 4.762499999999999
    endloop
  endfacet
  facet normal -0.9990482215818572 0.043619387365344826 0
    outer loop
      vertex 8.073079150510598 6.300703420973133 4.762499999999999
      vertex 8.076923676446434 6.38875754165237 4.762499999999999
      vertex 8.076923676446434 6.38875754165237 0.2
    endloop
  endfacet
  facet normal -0.9990482215818574 -0.04361938736534527 0
    outer loop
      vertex 8.073079150510598 6.829296579026867 0.2
      vertex 8.076923676446434 6.741242458347631 0.2
      vertex 8.076923676446434 6.741242458347631 4.762499999999999
    endloop
  endfacet
  facet normal -0.9990482215818574 -0.04361938736534527 0
    outer loop
      vertex 8.073079150510598 6.829296579026867 0.2
      vertex 8.076923676446434 6.741242458347631 4.762499999999999
      vertex 8.073079150510598 6.829296579026867 4.762499999999999
    endloop
  endfacet
  facet normal 0 0 -1
    outer loop
      vertex 8.073079150510598 6.829296579026867 0.2
      vertex 20 40 0.2
      vertex 8.076923676446434 6.741242458347631 0.2
    endloop
  endfacet
  facet normal 0 0 -1
    outer loop
      vertex 8.073079150510598 6.829296579026867 4.762499999999999
      vertex 8.076923676446434 6.741242458347631 4.762499999999999
      vertex 8.076923676446434 6.38875754165237 4.762499999999999
    endloop
  endfacet
  facet normal -0.9996573249755575 0.02617694830786408 0
    outer loop
      vertex 8.076923676446434 6.38875754165237 0.2
      vertex 8.076923676446434 6.38875754165237 4.762499999999999
      vertex 8.079230860539775 6.476865347491718 0.2
    endloop
  endfacet
  facet normal 0 0 -1
    outer loop
      vertex 8.076923676446434 6.38875754165237 0.2
      vertex 8.079230860539775 6.476865347491718 0.2
      vertex 20 40 0.2
    endloop
  endfacet
  facet normal 0 0 -1
    outer loop
      vertex 8.076923676446434 6.38875754165237 4.762499999999999
      vertex 8.076923676446434 6.741242458347631 4.762499999999999
      vertex 8.079230860539775 6.476865347491718 4.762499999999999
    endloop
  endfacet
  facet normal -0.9996573249755575 0.02617694830786408 0
    outer loop
      vertex 8.076923676446434 6.38875754165237 4.762499999999999
      vertex 8.079230860539775 6.476865347491718 4.762499999999999
      vertex 8.079230860539775 6.476865347491718 0.2
    endloop
  endfacet
  facet normal -0.9996573249755575 -0.026176948307863816 0
    outer loop
      vertex 8.076923676446434 6.741242458347631 0.2
      vertex 8.079230860539775 6.653134652508282 0.2
      vertex 8.079230860539775 6.653134652508282 4.762499999999999
    endloop
  endfacet
  facet normal -0.9996573249755575 -0.026176948307863816 0
    outer loop
      vertex 8.076923676446434 6.741242458347631 0.2
      vertex 8.079230860539775 6.653134652508282 4.762499999999999
      vertex 8.076923676446434 6.741242458347631 4.762499999999999
    endloop
  endfacet
  facet normal 0 0 -1
    outer loop
      vertex 8.076923676446434 6.741242458347631 0.2
      vertex 20 40 0.2
      vertex 8.079230860539775 6.653134652508282 0.2
    endloop
  endfacet
  facet normal 0 0 -1
    outer loop
      vertex 8.076923676446434 6.741242458347631 4.762499999999999
      vertex 8.079230860539775 6.653134652508282 4.762499999999999
      vertex 8.079230860539775 6.476865347491718 4.762499999999999
    endloop
  endfacet
  facet normal -0.9999619230641712 0.008726535498379321 0
    outer loop
      vertex 8.079230860539775 6.476865347491718 0.2
      vertex 8.079230860539775 6.476865347491718 4.762499999999999
      vertex 8.08 6.565 0.2
    endloop
  endfacet
  facet normal 0 0 -1
    outer loop
      vertex 8.079230860539775 6.476865347491718 0.2
      vertex 8.08 6.565 0.2
      vertex 20 40 0.2
    endloop
  endfacet
  facet normal 0 0 -1
    outer loop
      vertex 8.079230860539775 6.476865347491718 4.762499999999999
      vertex 8.079230860539775 6.653134652508282 4.762499999999999
      vertex 8.08 6.565 4.762499999999999
    endloop
  endfacet
  facet normal -0.9999619230641712 0.008726535498379321 0
    outer loop
      vertex 8.079230860539775 6.476865347491718 4.762499999999999
      vertex 8.08 6.565 4.762499999999999
      vertex 8.08 6.565 0.2
    endloop
  endfacet
  facet normal -0.9999619230641712 -0.00872653549837941 0
    outer loop
      vertex 8.079230860539775 6.653134652508282 0.2
      vertex 8.08 6.565 0.2
      vertex 8.08 6.565 4.762499999999999
    endloop
  endfacet
  facet normal -0.9999619230641712 -0.00872653549837941 0
    outer loop
      vertex 8.079230860539775 6.653134652508282 0.2
      vertex 8.08 6.565 4.762499999999999
      vertex 8.079230860539775 6.653134652508282 4.762499999999999
    endloop
  endfacet
  facet normal 0 0 -1
    outer loop
      vertex 8.079230860539775 6.653134652508282 0.2
      vertex 20 40 0.2
      vertex 8.08 6.565 0.2
    endloop
  endfacet
  facet normal 1 0 0
    outer loop
      vertex 20 -10 0.2
      vertex 20 40 0.2
      vertex 20 -10 20.2
    endloop
  endfacet
  facet normal 1 0 0
    outer loop
      vertex 20 -10 20.2
      vertex 20 40 0.2
      vertex 20 40 20.2
    endloop
  endfacet
endsolid OpenSCAD_Model
