solid OpenSCAD_Model
  facet normal -1 0 0
    outer loop
      vertex -80.5 -76.5 -0.5
      vertex -80.5 -76.5 0.5
      vertex -80.5 76.5 0.5
    endloop
  endfacet
  facet normal 0 0 -1
    outer loop
      vertex -80.5 -76.5 -0.5
      vertex -80.5 76.5 -0.5
      vertex -80.49939078062556 76.56980962574913 -0.5
    endloop
  endfacet
  facet normal -1 0 0
    outer loop
      vertex -80.5 -76.5 -0.5
      vertex -80.5 76.5 0.5
      vertex -80.5 76.5 -0.5
    endloop
  endfacet
  facet normal -0.9999619230641706 -0.008726535498436295 0
    outer loop
      vertex -80.5 -76.5 -0.5
      vertex -80.49939078062556 -76.56980962574913 -0.5
      vertex -80.5 -76.5 0.5
    endloop
  endfacet
  facet normal 0 0 -1
    outer loop
      vertex -80.5 -76.5 -0.5
      vertex -80.49939078062556 76.56980962574913 -0.5
      vertex -79.32842712474618 -79.32842712474618 -0.5
    endloop
  endfacet
  facet normal 0 0 -1
    outer loop
      vertex -80.5 -76.5 -0.5
      vertex -80.49756330807638 -76.63959798681 -0.5
      vertex -80.49939078062556 -76.56980962574913 -0.5
    endloop
  endfacet
  facet normal 0 0 -1
    outer loop
      vertex -80.5 -76.5 -0.5
      vertex -80.4945181390183 -76.70934382497178 -0.5
      vertex -80.49756330807638 -76.63959798681 -0.5
    endloop
  endfacet
  facet normal 0 0 -1
    outer loop
      vertex -80.5 -76.5 -0.5
      vertex -80.47808758147309 -76.91811385307061 -0.5
      vertex -80.4945181390183 -76.70934382497178 -0.5
    endloop
  endfacet
  facet normal 0 0 -1
    outer loop
      vertex -80.5 -76.5 -0.5
      vertex -80.41259040293522 -77.33164676327104 -0.5
      vertex -80.47808758147309 -76.91811385307061 -0.5
    endloop
  endfacet
  facet normal 0 0 -1
    outer loop
      vertex -80.5 -76.5 -0.5
      vertex -80.18201941380975 -78.0629245139571 -0.5
      vertex -80.41259040293522 -77.33164676327104 -0.5
    endloop
  endfacet
  facet normal 0 0 -1
    outer loop
      vertex -80.5 -76.5 -0.5
      vertex -79.32842712474618 -79.32842712474618 -0.5
      vertex -80.18201941380975 -78.0629245139571 -0.5
    endloop
  endfacet
  facet normal -0.9999619230641706 -0.008726535498436295 0
    outer loop
      vertex -80.5 -76.5 0.5
      vertex -80.49939078062556 -76.56980962574913 -0.5
      vertex -80.49939078062556 -76.56980962574913 0.5
    endloop
  endfacet
  facet normal 0 0 1
    outer loop
      vertex -80.5 -76.5 0.5
      vertex -80.49939078062556 -76.56980962574913 0.5
      vertex -80.49756330807638 -76.63959798681 0.5
    endloop
  endfacet
  facet normal 0 0 1
    outer loop
      vertex -80.5 -76.5 0.5
      vertex -80.49756330807638 -76.63959798681 0.5
      vertex -80.4945181390183 -76.70934382497178 0.5
    endloop
  endfacet
  facet normal 0 0 1
    outer loop
      vertex -80.5 -76.5 0.5
      vertex -80.4945181390183 -76.70934382497178 0.5
      vertex -80.47808758147309 -76.91811385307061 0.5
    endloop
  endfacet
  facet normal 0 0 1
    outer loop
      vertex -80.5 -76.5 0.5
      vertex -80.47808758147309 -76.91811385307061 0.5
      vertex -80.41259040293522 -77.33164676327104 0.5
    endloop
  endfacet
  facet normal 0 0 1
    outer loop
      vertex -80.5 -76.5 0.5
      vertex -80.41259040293522 -77.33164676327104 0.5
      vertex -80.18201941380975 -78.0629245139571 0.5
    endloop
  endfacet
  facet normal 0 0 1
    outer loop
      vertex -80.5 -76.5 0.5
      vertex -80.18201941380975 -78.0629245139571 0.5
      vertex -79.32842712474618 -79.32842712474618 0.5
    endloop
  endfacet
  facet normal 0 0 1
    outer loop
      vertex -80.5 -76.5 0.5
      vertex -79.32842712474618 -79.32842712474618 0.5
      vertex -80.5 76.5 0.5
    endloop
  endfacet
  facet normal -0.9999619230641706 0.008726535498436295 0
    outer loop
      vertex -80.5 76.5 -0.5
      vertex -80.5 76.5 0.5
      vertex -80.49939078062556 76.56980962574913 -0.5
    endloop
  endfacet
  facet normal -0.9999619230641706 0.008726535498436295 0
    outer loop
      vertex -80.5 76.5 0.5
      vertex -80.49939078062556 76.56980962574913 0.5
      vertex -80.49939078062556 76.56980962574913 -0.5
    endloop
  endfacet
  facet normal 0 0 1
    outer loop
      vertex -80.5 76.5 0.5
      vertex -80.49756330807638 76.63959798681 0.5
      vertex -80.49939078062556 76.56980962574913 0.5
    endloop
  endfacet
  facet normal 0 0 1
    outer loop
      vertex -80.5 76.5 0.5
      vertex -80.4945181390183 76.70934382497178 0.5
      vertex -80.49756330807638 76.63959798681 0.5
    endloop
  endfacet
  facet normal 0 0 1
    outer loop
      vertex -80.5 76.5 0.5
      vertex -80.47808758147309 76.91811385307061 0.5
      vertex -80.4945181390183 76.70934382497178 0.5
    endloop
  endfacet
  facet normal 0 0 1
    outer loop
      vertex -80.5 76.5 0.5
      vertex -80.20873541826715 77.99842637366365 0.5
      vertex -80.47808758147309 76.91811385307061 0.5
    endloop
  endfacet
  facet normal 0 0 1
    outer loop
      vertex -80.5 76.5 0.5
      vertex -79.32842712474618 -79.32842712474618 0.5
      vertex -79.32842712474618 79.32842712474618 0.5
    endloop
  endfacet
  facet normal 0 0 1
    outer loop
      vertex -80.5 76.5 0.5
      vertex -79.32842712474618 79.32842712474618 0.5
      vertex -80.20873541826715 77.99842637366365 0.5
    endloop
  endfacet
  facet normal -0.9996573249755578 -0.026176948307852905 0
    outer loop
      vertex -80.49939078062556 -76.56980962574913 -0.5
      vertex -80.49756330807638 -76.63959798681 -0.5
      vertex -80.49756330807638 -76.63959798681 0.5
    endloop
  endfacet
  facet normal -0.9996573249755578 -0.026176948307852905 0
    outer loop
      vertex -80.49939078062556 -76.56980962574913 -0.5
      vertex -80.49756330807638 -76.63959798681 0.5
      vertex -80.49939078062556 -76.56980962574913 0.5
    endloop
  endfacet
  facet normal -0.9996573249755578 0.026176948307852905 0
    outer loop
      vertex -80.49939078062556 76.56980962574913 -0.5
      vertex -80.49939078062556 76.56980962574913 0.5
      vertex -80.49756330807638 76.63959798681 -0.5
    endloop
  endfacet
  facet normal 0 0 -1
    outer loop
      vertex -80.49939078062556 76.56980962574913 -0.5
      vertex -80.49756330807638 76.63959798681 -0.5
      vertex -80.4945181390183 76.70934382497178 -0.5
    endloop
  endfacet
  facet normal 0 0 -1
    outer loop
      vertex -80.49939078062556 76.56980962574913 -0.5
      vertex -80.4945181390183 76.70934382497178 -0.5
      vertex -80.47808758147309 76.91811385307061 -0.5
    endloop
  endfacet
  facet normal 0 0 -1
    outer loop
      vertex -80.49939078062556 76.56980962574913 -0.5
      vertex -80.47808758147309 76.91811385307061 -0.5
      vertex -80.41259040293522 77.33164676327104 -0.5
    endloop
  endfacet
  facet normal 0 0 -1
    outer loop
      vertex -80.49939078062556 76.56980962574913 -0.5
      vertex -80.41259040293522 77.33164676327104 -0.5
      vertex -80.18201941380975 78.0629245139571 -0.5
    endloop
  endfacet
  facet normal 0 0 -1
    outer loop
      vertex -80.49939078062556 76.56980962574913 -0.5
      vertex -80.18201941380975 78.0629245139571 -0.5
      vertex -79.32842712474618 79.32842712474618 -0.5
    endloop
  endfacet
  facet normal 0 0 -1
    outer loop
      vertex -80.49939078062556 76.56980962574913 -0.5
      vertex -79.32842712474618 79.32842712474618 -0.5
      vertex -76.5 80.5 -0.5
    endloop
  endfacet
  facet normal 0 0 -1
    outer loop
      vertex -80.49939078062556 76.56980962574913 -0.5
      vertex -76.5 80.5 -0.5
      vertex -79.32842712474618 -79.32842712474618 -0.5
    endloop
  endfacet
  facet normal -0.9996573249755578 0.026176948307852905 0
    outer loop
      vertex -80.49939078062556 76.56980962574913 0.5
      vertex -80.49756330807638 76.63959798681 0.5
      vertex -80.49756330807638 76.63959798681 -0.5
    endloop
  endfacet
  facet normal -0.9990482215818606 -0.04361938736527178 0
    outer loop
      vertex -80.49756330807638 -76.63959798681 -0.5
      vertex -80.4945181390183 -76.70934382497178 -0.5
      vertex -80.4945181390183 -76.70934382497178 0.5
    endloop
  endfacet
  facet normal -0.9990482215818606 -0.04361938736527178 0
    outer loop
      vertex -80.49756330807638 -76.63959798681 -0.5
      vertex -80.4945181390183 -76.70934382497178 0.5
      vertex -80.49756330807638 -76.63959798681 0.5
    endloop
  endfacet
  facet normal -0.9990482215818606 0.04361938736527178 0
    outer loop
      vertex -80.49756330807638 76.63959798681 -0.5
      vertex -80.49756330807638 76.63959798681 0.5
      vertex -80.4945181390183 76.70934382497178 -0.5
    endloop
  endfacet
  facet normal -0.9990482215818606 0.04361938736527178 0
    outer loop
      vertex -80.49756330807638 76.63959798681 0.5
      vertex -80.4945181390183 76.70934382497178 0.5
      vertex -80.4945181390183 76.70934382497178 -0.5
    endloop
  endfacet
  facet normal -0.9981347984218691 -0.061048539534820846 0
    outer loop
      vertex -80.4945181390183 -76.70934382497178 -0.5
      vertex -80.4902562010393 -76.7790258949765 -0.5
      vertex -80.4902562010393 -76.7790258949765 0.5
    endloop
  endfacet
  facet normal -0.9981347984218691 -0.061048539534820846 0
    outer loop
      vertex -80.4945181390183 -76.70934382497178 -0.5
      vertex -80.4902562010393 -76.7790258949765 0.5
      vertex -80.4945181390183 -76.70934382497178 0.5
    endloop
  endfacet
  facet normal 0 0 -1
    outer loop
      vertex -80.4945181390183 -76.70934382497178 -0.5
      vertex -80.48477879236698 -76.84862297099063 -0.5
      vertex -80.4902562010393 -76.7790258949765 -0.5
    endloop
  endfacet
  facet normal 0 0 -1
    outer loop
      vertex -80.4945181390183 -76.70934382497178 -0.5
      vertex -80.47808758147309 -76.91811385307061 -0.5
      vertex -80.48477879236698 -76.84862297099063 -0.5
    endloop
  endfacet
  facet normal 0 0 1
    outer loop
      vertex -80.4945181390183 -76.70934382497178 0.5
      vertex -80.4902562010393 -76.7790258949765 0.5
      vertex -80.47808758147309 -76.91811385307061 0.5
    endloop
  endfacet
  facet normal -0.9981347984218691 0.061048539534820846 0
    outer loop
      vertex -80.4945181390183 76.70934382497178 -0.5
      vertex -80.4945181390183 76.70934382497178 0.5
      vertex -80.4902562010393 76.7790258949765 0.5
    endloop
  endfacet
  facet normal 0 0 -1
    outer loop
      vertex -80.4945181390183 76.70934382497178 -0.5
      vertex -80.4902562010393 76.7790258949765 -0.5
      vertex -80.47808758147309 76.91811385307061 -0.5
    endloop
  endfacet
  facet normal -0.9981347984218691 0.061048539534820846 0
    outer loop
      vertex -80.4945181390183 76.70934382497178 -0.5
      vertex -80.4902562010393 76.7790258949765 0.5
      vertex -80.4902562010393 76.7790258949765 -0.5
    endloop
  endfacet
  facet normal 0 0 1
    outer loop
      vertex -80.4945181390183 76.70934382497178 0.5
      vertex -80.47808758147309 76.91811385307061 0.5
      vertex -80.4902562010393 76.7790258949765 0.5
    endloop
  endfacet
  facet normal -0.9969173337331224 -0.0784590957279149 0
    outer loop
      vertex -80.4902562010393 -76.7790258949765 -0.5
      vertex -80.48477879236698 -76.84862297099063 -0.5
      vertex -80.4902562010393 -76.7790258949765 0.5
    endloop
  endfacet
  facet normal -0.9969173337331224 -0.0784590957279149 0
    outer loop
      vertex -80.4902562010393 -76.7790258949765 0.5
      vertex -80.48477879236698 -76.84862297099063 -0.5
      vertex -80.48477879236698 -76.84862297099063 0.5
    endloop
  endfacet
  facet normal 0 0 1
    outer loop
      vertex -80.4902562010393 -76.7790258949765 0.5
      vertex -80.48477879236698 -76.84862297099063 0.5
      vertex -80.47808758147309 -76.91811385307061 0.5
    endloop
  endfacet
  facet normal -0.9969173337331224 0.0784590957279149 0
    outer loop
      vertex -80.4902562010393 76.7790258949765 -0.5
      vertex -80.4902562010393 76.7790258949765 0.5
      vertex -80.48477879236698 76.84862297099063 0.4900000000000002
    endloop
  endfacet
  facet normal 0 0 -1
    outer loop
      vertex -80.4902562010393 76.7790258949765 -0.5
      vertex -80.48477879236698 76.84862297099063 -0.5
      vertex -80.47808758147309 76.91811385307061 -0.5
    endloop
  endfacet
  facet normal -0.9969173337331224 0.07845909572791489 0
    outer loop
      vertex -80.4902562010393 76.7790258949765 -0.5
      vertex -80.48477879236698 76.84862297099063 0.4900000000000002
      vertex -80.48477879236698 76.84862297099063 -0.5
    endloop
  endfacet
  facet normal -0.9969173337331224 0.0784590957279149 0
    outer loop
      vertex -80.4902562010393 76.7790258949765 0.5
      vertex -80.48477879236698 76.84862297099063 0.5
      vertex -80.48477879236698 76.84862297099063 0.4900000000000002
    endloop
  endfacet
  facet normal 0 0 1
    outer loop
      vertex -80.4902562010393 76.7790258949765 0.5
      vertex -80.47808758147309 76.91811385307061 0.5
      vertex -80.48477879236698 76.84862297099063 0.5
    endloop
  endfacet
  facet normal -0.9953961983671753 -0.0958457525202606 0
    outer loop
      vertex -80.48477879236698 -76.84862297099063 -0.5
      vertex -80.47808758147309 -76.91811385307061 -0.5
      vertex -80.47808758147309 -76.91811385307061 0.5
    endloop
  endfacet
  facet normal -0.9953961983671753 -0.0958457525202606 0
    outer loop
      vertex -80.48477879236698 -76.84862297099063 -0.5
      vertex -80.47808758147309 -76.91811385307061 0.5
      vertex -80.48477879236698 -76.84862297099063 0.5
    endloop
  endfacet
  facet normal -0.9953961983671753 0.09584575252026062 0
    outer loop
      vertex -80.48477879236698 76.84862297099063 -0.5
      vertex -80.48477879236698 76.84862297099063 0.4900000000000002
      vertex -80.47808758147309 76.91811385307061 -0.5
    endloop
  endfacet
  facet normal -0.9953961983671752 0.09584575252026059 0
    outer loop
      vertex -80.48477879236698 76.84862297099063 0.4900000000000002
      vertex -80.48477879236698 76.84862297099063 0.5
      vertex -80.47808758147309 76.91811385307061 0.5
    endloop
  endfacet
  facet normal -0.9953961983671753 0.0958457525202606 0
    outer loop
      vertex -80.48477879236698 76.84862297099063 0.4900000000000002
      vertex -80.47808758147309 76.91811385307061 0.5
      vertex -80.47808758147309 76.91811385307061 -0.5
    endloop
  endfacet
  facet normal -0.9935718556765855 -0.11320321376792473 0
    outer loop
      vertex -80.47808758147309 -76.91811385307061 -0.5
      vertex -80.47018460656528 -76.98747737362059 -0.5
      vertex -80.47808758147309 -76.91811385307061 0.5
    endloop
  endfacet
  facet normal 0 0 -1
    outer loop
      vertex -80.47808758147309 -76.91811385307061 -0.5
      vertex -80.46107227496628 -77.05669240384026 -0.5
      vertex -80.47018460656528 -76.98747737362059 -0.5
    endloop
  endfacet
  facet normal 0 0 -1
    outer loop
      vertex -80.47808758147309 -76.91811385307061 -0.5
      vertex -80.45075336238055 -77.12573786016092 -0.5
      vertex -80.46107227496628 -77.05669240384026 -0.5
    endloop
  endfacet
  facet normal 0 0 -1
    outer loop
      vertex -80.47808758147309 -76.91811385307061 -0.5
      vertex -80.41259040293522 -77.33164676327104 -0.5
      vertex -80.45075336238055 -77.12573786016092 -0.5
    endloop
  endfacet
  facet normal -0.9935718556765855 -0.11320321376792473 0
    outer loop
      vertex -80.47808758147309 -76.91811385307061 0.5
      vertex -80.47018460656528 -76.98747737362059 -0.5
      vertex -80.47018460656528 -76.98747737362059 0.5
    endloop
  endfacet
  facet normal 0 0 1
    outer loop
      vertex -80.47808758147309 -76.91811385307061 0.5
      vertex -80.47018460656528 -76.98747737362059 0.5
      vertex -80.46107227496628 -77.05669240384026 0.5
    endloop
  endfacet
  facet normal 0 0 1
    outer loop
      vertex -80.47808758147309 -76.91811385307061 0.5
      vertex -80.46107227496628 -77.05669240384026 0.5
      vertex -80.45075336238055 -77.12573786016092 0.5
    endloop
  endfacet
  facet normal 0 0 1
    outer loop
      vertex -80.47808758147309 -76.91811385307061 0.5
      vertex -80.45075336238055 -77.12573786016092 0.5
      vertex -80.41259040293522 -77.33164676327104 0.5
    endloop
  endfacet
  facet normal -0.9935718556765855 0.11320321376792473 0
    outer loop
      vertex -80.47808758147309 76.91811385307061 -0.5
      vertex -80.47808758147309 76.91811385307061 0.5
      vertex -80.47018460656528 76.98747737362059 0.4900000000000002
    endloop
  endfacet
  facet normal 0 0 -1
    outer loop
      vertex -80.47808758147309 76.91811385307061 -0.5
      vertex -80.47018460656528 76.98747737362059 -0.5
      vertex -80.46107227496628 77.05669240384026 -0.5
    endloop
  endfacet
  facet normal -0.9935718556765855 0.1132032137679247 0
    outer loop
      vertex -80.47808758147309 76.91811385307061 -0.5
      vertex -80.47018460656528 76.98747737362059 0.4900000000000002
      vertex -80.47018460656528 76.98747737362059 -0.5
    endloop
  endfacet
  facet normal 0 0 -1
    outer loop
      vertex -80.47808758147309 76.91811385307061 -0.5
      vertex -80.46107227496628 77.05669240384026 -0.5
      vertex -80.45075336238055 77.12573786016092 -0.5
    endloop
  endfacet
  facet normal 0 0 -1
    outer loop
      vertex -80.47808758147309 76.91811385307061 -0.5
      vertex -80.45075336238055 77.12573786016092 -0.5
      vertex -80.41259040293522 77.33164676327104 -0.5
    endloop
  endfacet
  facet normal -0.9935718556765855 0.11320321376792473 0
    outer loop
      vertex -80.47808758147309 76.91811385307061 0.5
      vertex -80.47018460656528 76.98747737362059 0.5
      vertex -80.47018460656528 76.98747737362059 0.4900000000000002
    endloop
  endfacet
  facet normal 0 0 1
    outer loop
      vertex -80.47808758147309 76.91811385307061 0.5
      vertex -80.46107227496628 77.05669240384026 0.5
      vertex -80.47018460656528 76.98747737362059 0.5
    endloop
  endfacet
  facet normal 0 0 1
    outer loop
      vertex -80.47808758147309 76.91811385307061 0.5
      vertex -80.43923101204884 77.19459271066772 0.5
      vertex -80.46107227496628 77.05669240384026 0.5
    endloop
  endfacet
  facet normal 0 0 1
    outer loop
      vertex -80.47808758147309 76.91811385307061 0.5
      vertex -80.36370330515628 77.53527618041008 0.5
      vertex -80.43923101204884 77.19459271066772 0.5
    endloop
  endfacet
  facet normal 0 0 1
    outer loop
      vertex -80.47808758147309 76.91811385307061 0.5
      vertex -80.20873541826715 77.99842637366365 0.5
      vertex -80.36370330515628 77.53527618041008 0.5
    endloop
  endfacet
  facet normal -0.9914448613738239 -0.13052619221994952 0
    outer loop
      vertex -80.47018460656528 -76.98747737362059 -0.5
      vertex -80.46107227496628 -77.05669240384026 -0.5
      vertex -80.46107227496628 -77.05669240384026 0.5
    endloop
  endfacet
  facet normal -0.9914448613738239 -0.13052619221994952 0
    outer loop
      vertex -80.47018460656528 -76.98747737362059 -0.5
      vertex -80.46107227496628 -77.05669240384026 0.5
      vertex -80.47018460656528 -76.98747737362059 0.5
    endloop
  endfacet
  facet normal -0.9914448613738238 0.1305261922199495 0
    outer loop
      vertex -80.47018460656528 76.98747737362059 -0.5
      vertex -80.47018460656528 76.98747737362059 0.4900000000000002
      vertex -80.46107227496628 77.05669240384026 -0.5
    endloop
  endfacet
  facet normal -0.9914448613738239 0.13052619221994954 0
    outer loop
      vertex -80.47018460656528 76.98747737362059 0.4900000000000002
      vertex -80.47018460656528 76.98747737362059 0.5
      vertex -80.46107227496628 77.05669240384026 0.5
    endloop
  endfacet
  facet normal -0.9914448613738239 0.13052619221994952 0
    outer loop
      vertex -80.47018460656528 76.98747737362059 0.4900000000000002
      vertex -80.46107227496628 77.05669240384026 0.5
      vertex -80.46107227496628 77.05669240384026 -0.5
    endloop
  endfacet
  facet normal -0.9890158633619163 -0.1478094111296148 0
    outer loop
      vertex -80.46107227496628 -77.05669240384026 -0.5
      vertex -80.45075336238055 -77.12573786016092 -0.5
      vertex -80.46107227496628 -77.05669240384026 0.5
    endloop
  endfacet
  facet normal -0.9890158633619163 -0.1478094111296148 0
    outer loop
      vertex -80.46107227496628 -77.05669240384026 0.5
      vertex -80.45075336238055 -77.12573786016092 -0.5
      vertex -80.45075336238055 -77.12573786016092 0.5
    endloop
  endfacet
  facet normal -0.9890158633619163 0.1478094111296148 0
    outer loop
      vertex -80.46107227496628 77.05669240384026 -0.5
      vertex -80.46107227496628 77.05669240384026 0.5
      vertex -80.45075336238055 77.12573786016092 -0.4900000000000002
    endloop
  endfacet
  facet normal -0.9890158633619162 0.1478094111296148 0
    outer loop
      vertex -80.46107227496628 77.05669240384026 -0.5
      vertex -80.45075336238055 77.12573786016092 -0.4900000000000002
      vertex -80.45075336238055 77.12573786016092 -0.5
    endloop
  endfacet
  facet normal -0.9890158633619162 0.1478094111296148 0
    outer loop
      vertex -80.46107227496628 77.05669240384026 0.5
      vertex -80.45075336238055 77.12573786016092 0.5
      vertex -80.45075336238055 77.12573786016092 -0.4900000000000002
    endloop
  endfacet
  facet normal 0 0 1
    outer loop
      vertex -80.46107227496628 77.05669240384026 0.5
      vertex -80.43923101204884 77.19459271066772 0.5
      vertex -80.45075336238055 77.12573786016092 0.5
    endloop
  endfacet
  facet normal -0.986285601537235 -0.16504760586065667 0
    outer loop
      vertex -80.45075336238055 -77.12573786016092 -0.5
      vertex -80.43923101204884 -77.19459271066772 -0.5
      vertex -80.43923101204884 -77.19459271066772 -0.4900000000000002
    endloop
  endfacet
  facet normal -0.9862856015372349 -0.1650476058606567 0
    outer loop
      vertex -80.45075336238055 -77.12573786016092 -0.5
      vertex -80.43923101204884 -77.19459271066772 -0.4900000000000002
      vertex -80.45075336238055 -77.12573786016092 0.5
    endloop
  endfacet
  facet normal 0 0 -1
    outer loop
      vertex -80.45075336238055 -77.12573786016092 -0.5
      vertex -80.42650873379066 -77.26323598150618 -0.5
      vertex -80.43923101204884 -77.19459271066772 -0.5
    endloop
  endfacet
  facet normal 0 0 -1
    outer loop
      vertex -80.45075336238055 -77.12573786016092 -0.5
      vertex -80.41259040293522 -77.33164676327104 -0.5
      vertex -80.42650873379066 -77.26323598150618 -0.5
    endloop
  endfacet
  facet normal -0.9862856015372349 -0.1650476058606567 0
    outer loop
      vertex -80.45075336238055 -77.12573786016092 0.5
      vertex -80.43923101204884 -77.19459271066772 -0.4900000000000002
      vertex -80.43923101204884 -77.19459271066772 0.5
    endloop
  endfacet
  facet normal 0 0 1
    outer loop
      vertex -80.45075336238055 -77.12573786016092 0.5
      vertex -80.43923101204884 -77.19459271066772 0.5
      vertex -80.42650873379066 -77.26323598150618 0.5
    endloop
  endfacet
  facet normal 0 0 1
    outer loop
      vertex -80.45075336238055 -77.12573786016092 0.5
      vertex -80.42650873379066 -77.26323598150618 0.5
      vertex -80.41259040293522 -77.33164676327104 0.5
    endloop
  endfacet
  facet normal -0.986285601537235 0.16504760586065667 0
    outer loop
      vertex -80.45075336238055 77.12573786016092 -0.5
      vertex -80.45075336238055 77.12573786016092 -0.4900000000000002
      vertex -80.43923101204884 77.19459271066772 -0.5
    endloop
  endfacet
  facet normal 0 0 -1
    outer loop
      vertex -80.45075336238055 77.12573786016092 -0.5
      vertex -80.43923101204884 77.19459271066772 -0.5
      vertex -80.41259040293522 77.33164676327104 -0.5
    endloop
  endfacet
  facet normal -0.9862856015372349 0.1650476058606567 0
    outer loop
      vertex -80.45075336238055 77.12573786016092 -0.4900000000000002
      vertex -80.45075336238055 77.12573786016092 0.5
      vertex -80.43923101204884 77.19459271066772 0.5
    endloop
  endfacet
  facet normal -0.9862856015372349 0.1650476058606567 0
    outer loop
      vertex -80.45075336238055 77.12573786016092 -0.4900000000000002
      vertex -80.43923101204884 77.19459271066772 0.5
      vertex -80.43923101204884 77.19459271066772 -0.5
    endloop
  endfacet
  facet normal -0.9832549075639457 -0.18223552549219507 0
    outer loop
      vertex -80.43923101204884 -77.19459271066772 -0.5
      vertex -80.42650873379066 -77.26323598150618 -0.5
      vertex -80.43923101204884 -77.19459271066772 -0.4900000000000002
    endloop
  endfacet
  facet normal -0.9832549075639457 -0.1822355254921951 0
    outer loop
      vertex -80.43923101204884 -77.19459271066772 -0.4900000000000002
      vertex -80.42650873379066 -77.26323598150618 -0.5
      vertex -80.42650873379066 -77.26323598150618 0.5
    endloop
  endfacet
  facet normal -0.9832549075639458 -0.1822355254921951 0
    outer loop
      vertex -80.43923101204884 -77.19459271066772 -0.4900000000000002
      vertex -80.42650873379066 -77.26323598150618 0.5
      vertex -80.43923101204884 -77.19459271066772 0.5
    endloop
  endfacet
  facet normal -0.9832549075639457 0.1822355254921951 0
    outer loop
      vertex -80.43923101204884 77.19459271066772 -0.5
      vertex -80.43923101204884 77.19459271066772 0.5
      vertex -80.42650873379066 77.26323598150618 0.4900000000000002
    endloop
  endfacet
  facet normal 0 0 -1
    outer loop
      vertex -80.43923101204884 77.19459271066772 -0.5
      vertex -80.42650873379066 77.26323598150618 -0.5
      vertex -80.41259040293522 77.33164676327104 -0.5
    endloop
  endfacet
  facet normal -0.9832549075639458 0.1822355254921951 0
    outer loop
      vertex -80.43923101204884 77.19459271066772 -0.5
      vertex -80.42650873379066 77.26323598150618 0.4900000000000002
      vertex -80.42650873379066 77.26323598150618 -0.5
    endloop
  endfacet
  facet normal -0.9832549075639457 0.18223552549219507 0
    outer loop
      vertex -80.43923101204884 77.19459271066772 0.5
      vertex -80.42650873379066 77.26323598150618 0.5
      vertex -80.42650873379066 77.26323598150618 0.4900000000000002
    endloop
  endfacet
  facet normal 0 0 1
    outer loop
      vertex -80.43923101204884 77.19459271066772 0.5
      vertex -80.41259040293522 77.33164676327104 0.5
      vertex -80.42650873379066 77.26323598150618 0.5
    endloop
  endfacet
  facet normal 0 0 1
    outer loop
      vertex -80.43923101204884 77.19459271066772 0.5
      vertex -80.36370330515628 77.53527618041008 0.5
      vertex -80.41259040293522 77.33164676327104 0.5
    endloop
  endfacet
  facet normal -0.9799247046208299 -0.19936793441719536 0
    outer loop
      vertex -80.42650873379066 -77.26323598150618 -0.5
      vertex -80.41259040293522 -77.33164676327104 -0.5
      vertex -80.41259040293522 -77.33164676327104 0.5
    endloop
  endfacet
  facet normal -0.9799247046208299 -0.19936793441719536 0
    outer loop
      vertex -80.42650873379066 -77.26323598150618 -0.5
      vertex -80.41259040293522 -77.33164676327104 0.5
      vertex -80.42650873379066 -77.26323598150618 0.5
    endloop
  endfacet
  facet normal -0.9799247046208301 0.19936793441719536 0
    outer loop
      vertex -80.42650873379066 77.26323598150618 -0.5
      vertex -80.42650873379066 77.26323598150618 0.4900000000000002
      vertex -80.41259040293522 77.33164676327104 -0.5
    endloop
  endfacet
  facet normal -0.9799247046208299 0.19936793441719533 0
    outer loop
      vertex -80.42650873379066 77.26323598150618 0.4900000000000002
      vertex -80.42650873379066 77.26323598150618 0.5
      vertex -80.41259040293522 77.33164676327104 0.5
    endloop
  endfacet
  facet normal -0.9799247046208299 0.19936793441719536 0
    outer loop
      vertex -80.42650873379066 77.26323598150618 0.4900000000000002
      vertex -80.41259040293522 77.33164676327104 0.5
      vertex -80.41259040293522 77.33164676327104 -0.5
    endloop
  endfacet
  facet normal -0.9762960071199128 -0.21643961393819533 0
    outer loop
      vertex -80.41259040293522 -77.33164676327104 -0.5
      vertex -80.39748025914093 -77.39980421737546 -0.5
      vertex -80.41259040293522 -77.33164676327104 0.5
    endloop
  endfacet
  facet normal 0 0 -1
    outer loop
      vertex -80.41259040293522 -77.33164676327104 -0.5
      vertex -80.38118290510398 -77.46768758239867 -0.5
      vertex -80.39748025914093 -77.39980421737546 -0.5
    endloop
  endfacet
  facet normal 0 0 -1
    outer loop
      vertex -80.41259040293522 -77.33164676327104 -0.5
      vertex -80.36370330515628 -77.53527618041008 -0.5
      vertex -80.38118290510398 -77.46768758239867 -0.5
    endloop
  endfacet
  facet normal 0 0 -1
    outer loop
      vertex -80.41259040293522 -77.33164676327104 -0.5
      vertex -80.32521902385214 -77.66948681889095 -0.5
      vertex -80.36370330515628 -77.53527618041008 -0.5
    endloop
  endfacet
  facet normal 0 0 -1
    outer loop
      vertex -80.41259040293522 -77.33164676327104 -0.5
      vertex -80.18201941380975 -78.0629245139571 -0.5
      vertex -80.32521902385214 -77.66948681889095 -0.5
    endloop
  endfacet
  facet normal -0.9762960071199128 -0.21643961393819533 0
    outer loop
      vertex -80.41259040293522 -77.33164676327104 0.5
      vertex -80.39748025914093 -77.39980421737546 -0.5
      vertex -80.39748025914093 -77.39980421737546 0.5
    endloop
  endfacet
  facet normal 0 0 1
    outer loop
      vertex -80.41259040293522 -77.33164676327104 0.5
      vertex -80.39748025914093 -77.39980421737546 0.5
      vertex -80.38118290510398 -77.46768758239867 0.5
    endloop
  endfacet
  facet normal 0 0 1
    outer loop
      vertex -80.41259040293522 -77.33164676327104 0.5
      vertex -80.38118290510398 -77.46768758239867 0.5
      vertex -80.36370330515628 -77.53527618041008 0.5
    endloop
  endfacet
  facet normal 0 0 1
    outer loop
      vertex -80.41259040293522 -77.33164676327104 0.5
      vertex -80.36370330515628 -77.53527618041008 0.5
      vertex -80.32521902385214 -77.66948681889095 0.5
    endloop
  endfacet
  facet normal 0 0 1
    outer loop
      vertex -80.41259040293522 -77.33164676327104 0.5
      vertex -80.32521902385214 -77.66948681889095 0.5
      vertex -80.18201941380975 -78.0629245139571 0.5
    endloop
  endfacet
  facet normal -0.9762960071199128 0.21643961393819533 0
    outer loop
      vertex -80.41259040293522 77.33164676327104 -0.5
      vertex -80.41259040293522 77.33164676327104 0.5
      vertex -80.39748025914093 77.39980421737546 -0.5
    endloop
  endfacet
  facet normal 0 0 -1
    outer loop
      vertex -80.41259040293522 77.33164676327104 -0.5
      vertex -80.39748025914093 77.39980421737546 -0.5
      vertex -80.36370330515628 77.53527618041008 -0.5
    endloop
  endfacet
  facet normal 0 0 -1
    outer loop
      vertex -80.41259040293522 77.33164676327104 -0.5
      vertex -80.36370330515628 77.53527618041008 -0.5
      vertex -80.32521902385214 77.66948681889095 -0.5
    endloop
  endfacet
  facet normal 0 0 -1
    outer loop
      vertex -80.41259040293522 77.33164676327104 -0.5
      vertex -80.32521902385214 77.66948681889095 -0.5
      vertex -80.18201941380975 78.0629245139571 -0.5
    endloop
  endfacet
  facet normal -0.9762960071199128 0.21643961393819533 0
    outer loop
      vertex -80.41259040293522 77.33164676327104 0.5
      vertex -80.39748025914093 77.39980421737546 0.5
      vertex -80.39748025914093 77.39980421737546 -0.5
    endloop
  endfacet
  facet normal 0 0 1
    outer loop
      vertex -80.41259040293522 77.33164676327104 0.5
      vertex -80.38118290510398 77.46768758239867 0.5
      vertex -80.39748025914093 77.39980421737546 0.5
    endloop
  endfacet
  facet normal 0 0 1
    outer loop
      vertex -80.41259040293522 77.33164676327104 0.5
      vertex -80.36370330515628 77.53527618041008 0.5
      vertex -80.38118290510398 77.46768758239867 0.5
    endloop
  endfacet
  facet normal -0.9723699203976873 -0.2334453638558606 0
    outer loop
      vertex -80.39748025914093 -77.39980421737546 -0.5
      vertex -80.38118290510398 -77.46768758239867 -0.5
      vertex -80.38118290510398 -77.46768758239867 0.5
    endloop
  endfacet
  facet normal -0.9723699203976873 -0.2334453638558606 0
    outer loop
      vertex -80.39748025914093 -77.39980421737546 -0.5
      vertex -80.38118290510398 -77.46768758239867 0.5
      vertex -80.39748025914093 -77.39980421737546 0.5
    endloop
  endfacet
  facet normal -0.9723699203976873 0.2334453638558606 0
    outer loop
      vertex -80.39748025914093 77.39980421737546 -0.5
      vertex -80.39748025914093 77.39980421737546 0.5
      vertex -80.38118290510398 77.46768758239867 0.5
    endloop
  endfacet
  facet normal 0 0 -1
    outer loop
      vertex -80.39748025914093 77.39980421737546 -0.5
      vertex -80.38118290510398 77.46768758239867 -0.5
      vertex -80.36370330515628 77.53527618041008 -0.5
    endloop
  endfacet
  facet normal -0.9723699203976873 0.2334453638558606 0
    outer loop
      vertex -80.39748025914093 77.39980421737546 -0.5
      vertex -80.38118290510398 77.46768758239867 0.4900000000000002
      vertex -80.38118290510398 77.46768758239867 -0.5
    endloop
  endfacet
  facet normal -0.9723699203976877 0.23344536385585968 0
    outer loop
      vertex -80.39748025914093 77.39980421737546 -0.5
      vertex -80.38118290510398 77.46768758239867 0.5
      vertex -80.38118290510398 77.46768758239867 0.4900000000000002
    endloop
  endfacet
  facet normal -0.9681476403781323 -0.25038000405434624 0
    outer loop
      vertex -80.38118290510398 -77.46768758239867 -0.5
      vertex -80.36370330515628 -77.53527618041008 -0.5
      vertex -80.36370330515628 -77.53527618041008 0.5
    endloop
  endfacet
  facet normal -0.9681476403781323 -0.25038000405434624 0
    outer loop
      vertex -80.38118290510398 -77.46768758239867 -0.5
      vertex -80.36370330515628 -77.53527618041008 0.5
      vertex -80.38118290510398 -77.46768758239867 0.5
    endloop
  endfacet
  facet normal -0.9681476403781325 0.2503800040543463 0
    outer loop
      vertex -80.38118290510398 77.46768758239867 -0.5
      vertex -80.38118290510398 77.46768758239867 0.4900000000000002
      vertex -80.36370330515628 77.53527618041008 -0.5
    endloop
  endfacet
  facet normal -0.9681476403781324 0.2503800040543463 0
    outer loop
      vertex -80.38118290510398 77.46768758239867 0.4900000000000002
      vertex -80.38118290510398 77.46768758239867 0.5
      vertex -80.36370330515628 77.53527618041008 0.5
    endloop
  endfacet
  facet normal -0.9681476403781323 0.25038000405434624 0
    outer loop
      vertex -80.38118290510398 77.46768758239867 0.4900000000000002
      vertex -80.36370330515628 77.53527618041008 0.5
      vertex -80.36370330515628 77.53527618041008 -0.5
    endloop
  endfacet
  facet normal -0.963630453208614 -0.26723837607828954 0
    outer loop
      vertex -80.36370330515628 -77.53527618041008 -0.5
      vertex -80.34504678375328 -77.602549423268 -0.5
      vertex -80.36370330515628 -77.53527618041008 0.5
    endloop
  endfacet
  facet normal 0 0 -1
    outer loop
      vertex -80.36370330515628 -77.53527618041008 -0.5
      vertex -80.32521902385214 -77.66948681889095 -0.5
      vertex -80.34504678375328 -77.602549423268 -0.5
    endloop
  endfacet
  facet normal -0.963630453208614 -0.26723837607828954 0
    outer loop
      vertex -80.36370330515628 -77.53527618041008 0.5
      vertex -80.34504678375328 -77.602549423268 -0.5
      vertex -80.34504678375328 -77.602549423268 0.5
    endloop
  endfacet
  facet normal 0 0 1
    outer loop
      vertex -80.36370330515628 -77.53527618041008 0.5
      vertex -80.34504678375328 -77.602549423268 0.5
      vertex -80.32521902385214 -77.66948681889095 0.5
    endloop
  endfacet
  facet normal -0.963630453208614 0.26723837607828954 0
    outer loop
      vertex -80.36370330515628 77.53527618041008 -0.5
      vertex -80.36370330515628 77.53527618041008 0.5
      vertex -80.34504678375328 77.602549423268 -0.5
    endloop
  endfacet
  facet normal 0 0 -1
    outer loop
      vertex -80.36370330515628 77.53527618041008 -0.5
      vertex -80.34504678375328 77.602549423268 -0.5
      vertex -80.32521902385214 77.66948681889095 -0.5
    endloop
  endfacet
  facet normal -0.963630453208614 0.26723837607828954 0
    outer loop
      vertex -80.36370330515628 77.53527618041008 0.5
      vertex -80.34504678375328 77.602549423268 0.5
      vertex -80.34504678375328 77.602549423268 -0.5
    endloop
  endfacet
  facet normal 0 0 1
    outer loop
      vertex -80.36370330515628 77.53527618041008 0.5
      vertex -80.30422606518061 77.73606797749979 0.5
      vertex -80.34504678375328 77.602549423268 0.5
    endloop
  endfacet
  facet normal 0 0 1
    outer loop
      vertex -80.36370330515628 77.53527618041008 0.5
      vertex -80.20873541826715 77.99842637366365 0.5
      vertex -80.30422606518061 77.73606797749979 0.5
    endloop
  endfacet
  facet normal -0.9588197348681858 -0.28401534470394674 0
    outer loop
      vertex -80.34504678375328 -77.602549423268 -0.5
      vertex -80.32521902385214 -77.66948681889095 -0.5
      vertex -80.32521902385214 -77.66948681889095 0.5
    endloop
  endfacet
  facet normal -0.9588197348681858 -0.28401534470394674 0
    outer loop
      vertex -80.34504678375328 -77.602549423268 -0.5
      vertex -80.32521902385214 -77.66948681889095 0.5
      vertex -80.34504678375328 -77.602549423268 0.5
    endloop
  endfacet
  facet normal -0.9588197348681858 0.28401534470394674 0
    outer loop
      vertex -80.34504678375328 77.602549423268 -0.5
      vertex -80.34504678375328 77.602549423268 0.5
      vertex -80.32521902385214 77.66948681889095 -0.5
    endloop
  endfacet
  facet normal -0.9588197348681858 0.28401534470394674 0
    outer loop
      vertex -80.34504678375328 77.602549423268 0.5
      vertex -80.32521902385214 77.66948681889095 0.5
      vertex -80.32521902385214 77.66948681889095 -0.5
    endloop
  endfacet
  facet normal 0 0 1
    outer loop
      vertex -80.34504678375328 77.602549423268 0.5
      vertex -80.30422606518061 77.73606797749979 0.5
      vertex -80.32521902385214 77.66948681889095 0.5
    endloop
  endfacet
  facet normal -0.9537169507482246 -0.3007057995042804 0
    outer loop
      vertex -80.32521902385214 -77.66948681889095 -0.5
      vertex -80.30422606518061 -77.73606797749979 -0.5
      vertex -80.30422606518061 -77.73606797749979 0.5
    endloop
  endfacet
  facet normal -0.9537169507482246 -0.3007057995042804 0
    outer loop
      vertex -80.32521902385214 -77.66948681889095 -0.5
      vertex -80.30422606518061 -77.73606797749979 0.5
      vertex -80.32521902385214 -77.66948681889095 0.5
    endloop
  endfacet
  facet normal 0 0 -1
    outer loop
      vertex -80.32521902385214 -77.66948681889095 -0.5
      vertex -80.28207430239726 -77.80227261782862 -0.5
      vertex -80.30422606518061 -77.73606797749979 -0.5
    endloop
  endfacet
  facet normal 0 0 -1
    outer loop
      vertex -80.32521902385214 -77.66948681889095 -0.5
      vertex -80.25877048314364 -77.86808057330268 -0.5
      vertex -80.28207430239726 -77.80227261782862 -0.5
    endloop
  endfacet
  facet normal 0 0 -1
    outer loop
      vertex -80.32521902385214 -77.66948681889095 -0.5
      vertex -80.18201941380975 -78.0629245139571 -0.5
      vertex -80.25877048314364 -77.86808057330268 -0.5
    endloop
  endfacet
  facet normal 0 0 1
    outer loop
      vertex -80.32521902385214 -77.66948681889095 0.5
      vertex -80.30422606518061 -77.73606797749979 0.5
      vertex -80.28207430239726 -77.80227261782862 0.5
    endloop
  endfacet
  facet normal 0 0 1
    outer loop
      vertex -80.32521902385214 -77.66948681889095 0.5
      vertex -80.28207430239726 -77.80227261782862 0.5
      vertex -80.18201941380975 -78.0629245139571 0.5
    endloop
  endfacet
  facet normal -0.9537169507482246 0.3007057995042804 0
    outer loop
      vertex -80.32521902385214 77.66948681889095 -0.5
      vertex -80.32521902385214 77.66948681889095 0.5
      vertex -80.30422606518061 77.73606797749979 0.5
    endloop
  endfacet
  facet normal 0 0 -1
    outer loop
      vertex -80.32521902385214 77.66948681889095 -0.5
      vertex -80.30422606518061 77.73606797749979 -0.5
      vertex -80.25877048314364 77.86808057330268 -0.5
    endloop
  endfacet
  facet normal -0.9537169507482246 0.3007057995042804 0
    outer loop
      vertex -80.32521902385214 77.66948681889095 -0.5
      vertex -80.30422606518061 77.73606797749979 0.5
      vertex -80.30422606518061 77.73606797749979 -0.5
    endloop
  endfacet
  facet normal 0 0 -1
    outer loop
      vertex -80.32521902385214 77.66948681889095 -0.5
      vertex -80.25877048314364 77.86808057330268 -0.5
      vertex -80.18201941380975 78.0629245139571 -0.5
    endloop
  endfacet
  facet normal -0.9483236552061739 -0.31730465640516825 0
    outer loop
      vertex -80.30422606518061 -77.73606797749979 -0.5
      vertex -80.28207430239726 -77.80227261782862 -0.5
      vertex -80.30422606518061 -77.73606797749979 0.5
    endloop
  endfacet
  facet normal -0.9483236552061739 -0.31730465640516825 0
    outer loop
      vertex -80.30422606518061 -77.73606797749979 0.5
      vertex -80.28207430239726 -77.80227261782862 -0.5
      vertex -80.28207430239726 -77.80227261782862 0.5
    endloop
  endfacet
  facet normal -0.9483236552061739 0.31730465640516825 0
    outer loop
      vertex -80.30422606518061 77.73606797749979 -0.5
      vertex -80.30422606518061 77.73606797749979 0.5
      vertex -80.28207430239726 77.80227261782862 -0.5
    endloop
  endfacet
  facet normal 0 0 -1
    outer loop
      vertex -80.30422606518061 77.73606797749979 -0.5
      vertex -80.28207430239726 77.80227261782862 -0.5
      vertex -80.25877048314364 77.86808057330268 -0.5
    endloop
  endfacet
  facet normal -0.9483236552061739 0.31730465640516825 0
    outer loop
      vertex -80.30422606518061 77.73606797749979 0.5
      vertex -80.28207430239726 77.80227261782862 0.5
      vertex -80.28207430239726 77.80227261782862 -0.5
    endloop
  endfacet
  facet normal 0 0 1
    outer loop
      vertex -80.30422606518061 77.73606797749979 0.5
      vertex -80.25877048314364 77.86808057330268 0.5
      vertex -80.28207430239726 77.80227261782862 0.5
    endloop
  endfacet
  facet normal 0 0 1
    outer loop
      vertex -80.30422606518061 77.73606797749979 0.5
      vertex -80.20873541826715 77.99842637366365 0.5
      vertex -80.25877048314364 77.86808057330268 0.5
    endloop
  endfacet
  facet normal -0.9426414910922222 -0.33380685923364767 0
    outer loop
      vertex -80.28207430239726 -77.80227261782862 -0.5
      vertex -80.25877048314364 -77.86808057330268 -0.5
      vertex -80.28207430239726 -77.80227261782862 0.5
    endloop
  endfacet
  facet normal -0.9426414910922222 -0.33380685923364767 0
    outer loop
      vertex -80.28207430239726 -77.80227261782862 0.5
      vertex -80.25877048314364 -77.86808057330268 -0.5
      vertex -80.25877048314364 -77.86808057330268 0.5
    endloop
  endfacet
  facet normal 0 0 1
    outer loop
      vertex -80.28207430239726 -77.80227261782862 0.5
      vertex -80.25877048314364 -77.86808057330268 0.5
      vertex -80.2343217059888 -77.9334717981812 0.5
    endloop
  endfacet
  facet normal 0 0 1
    outer loop
      vertex -80.28207430239726 -77.80227261782862 0.5
      vertex -80.2343217059888 -77.9334717981812 0.5
      vertex -80.18201941380975 -78.0629245139571 0.5
    endloop
  endfacet
  facet normal -0.9426414910922222 0.33380685923364767 0
    outer loop
      vertex -80.28207430239726 77.80227261782862 -0.5
      vertex -80.28207430239726 77.80227261782862 0.5
      vertex -80.25877048314364 77.86808057330268 0.5
    endloop
  endfacet
  facet normal -0.9426414910922222 0.33380685923364767 0
    outer loop
      vertex -80.28207430239726 77.80227261782862 -0.5
      vertex -80.25877048314364 77.86808057330268 0.5
      vertex -80.25877048314364 77.86808057330268 -0.5
    endloop
  endfacet
  facet normal -0.9366721892483754 -0.3502073812595272 0
    outer loop
      vertex -80.25877048314364 -77.86808057330268 -0.5
      vertex -80.2343217059888 -77.9334717981812 -0.5
      vertex -80.2343217059888 -77.9334717981812 0.5
    endloop
  endfacet
  facet normal -0.9366721892483754 -0.3502073812595272 0
    outer loop
      vertex -80.25877048314364 -77.86808057330268 -0.5
      vertex -80.2343217059888 -77.9334717981812 0.5
      vertex -80.25877048314364 -77.86808057330268 0.5
    endloop
  endfacet
  facet normal 0 0 -1
    outer loop
      vertex -80.25877048314364 -77.86808057330268 -0.5
      vertex -80.20873541826715 -77.99842637366365 -0.5
      vertex -80.2343217059888 -77.9334717981812 -0.5
    endloop
  endfacet
  facet normal 0 0 -1
    outer loop
      vertex -80.25877048314364 -77.86808057330268 -0.5
      vertex -80.18201941380975 -78.0629245139571 -0.5
      vertex -80.20873541826715 -77.99842637366365 -0.5
    endloop
  endfacet
  facet normal -0.9366721892483754 0.3502073812595272 0
    outer loop
      vertex -80.25877048314364 77.86808057330268 -0.5
      vertex -80.25877048314364 77.86808057330268 0.5
      vertex -80.2343217059888 77.9334717981812 0.4900000000000002
    endloop
  endfacet
  facet normal 0 0 -1
    outer loop
      vertex -80.25877048314364 77.86808057330268 -0.5
      vertex -80.2343217059888 77.9334717981812 -0.5
      vertex -80.20873541826715 77.99842637366365 -0.5
    endloop
  endfacet
  facet normal -0.9366721892483754 0.3502073812595273 0
    outer loop
      vertex -80.25877048314364 77.86808057330268 -0.5
      vertex -80.2343217059888 77.9334717981812 0.4900000000000002
      vertex -80.2343217059888 77.9334717981812 -0.5
    endloop
  endfacet
  facet normal 0 0 -1
    outer loop
      vertex -80.25877048314364 77.86808057330268 -0.5
      vertex -80.20873541826715 77.99842637366365 -0.5
      vertex -80.18201941380975 78.0629245139571 -0.5
    endloop
  endfacet
  facet normal -0.9366721892483753 0.35020738125952716 0
    outer loop
      vertex -80.25877048314364 77.86808057330268 0.5
      vertex -80.2343217059888 77.9334717981812 0.5
      vertex -80.2343217059888 77.9334717981812 0.4900000000000002
    endloop
  endfacet
  facet normal 0 0 1
    outer loop
      vertex -80.25877048314364 77.86808057330268 0.5
      vertex -80.20873541826715 77.99842637366365 0.5
      vertex -80.2343217059888 77.9334717981812 0.5
    endloop
  endfacet
  facet normal -0.930417567982051 -0.36650122672422997 0
    outer loop
      vertex -80.2343217059888 -77.9334717981812 -0.5
      vertex -80.20873541826715 -77.99842637366365 -0.5
      vertex -80.2343217059888 -77.9334717981812 0.5
    endloop
  endfacet
  facet normal -0.930417567982051 -0.36650122672422997 0
    outer loop
      vertex -80.2343217059888 -77.9334717981812 0.5
      vertex -80.20873541826715 -77.99842637366365 -0.5
      vertex -80.20873541826715 -77.99842637366365 0.5
    endloop
  endfacet
  facet normal 0 0 1
    outer loop
      vertex -80.2343217059888 -77.9334717981812 0.5
      vertex -80.20873541826715 -77.99842637366365 0.5
      vertex -80.18201941380975 -78.0629245139571 0.5
    endloop
  endfacet
  facet normal -0.9304175679820511 0.3665012267242299 0
    outer loop
      vertex -80.2343217059888 77.9334717981812 -0.5
      vertex -80.2343217059888 77.9334717981812 0.4900000000000002
      vertex -80.20873541826715 77.99842637366365 -0.5
    endloop
  endfacet
  facet normal -0.9304175679820511 0.36650122672422997 0
    outer loop
      vertex -80.2343217059888 77.9334717981812 0.4900000000000002
      vertex -80.2343217059888 77.9334717981812 0.5
      vertex -80.20873541826715 77.99842637366365 0.5
    endloop
  endfacet
  facet normal -0.930417567982051 0.36650122672422997 0
    outer loop
      vertex -80.2343217059888 77.9334717981812 0.4900000000000002
      vertex -80.20873541826715 77.99842637366365 0.5
      vertex -80.20873541826715 77.99842637366365 -0.5
    endloop
  endfacet
  facet normal -0.9238795325112461 -0.38268343236518804 0
    outer loop
      vertex -80.20873541826715 -77.99842637366365 -0.5
      vertex -80.18201941380975 -78.0629245139571 -0.5
      vertex -80.18201941380975 -78.0629245139571 0.5
    endloop
  endfacet
  facet normal -0.9238795325112461 -0.38268343236518804 0
    outer loop
      vertex -80.20873541826715 -77.99842637366365 -0.5
      vertex -80.18201941380975 -78.0629245139571 0.5
      vertex -80.20873541826715 -77.99842637366365 0.5
    endloop
  endfacet
  facet normal -0.9238795325112461 0.38268343236518804 0
    outer loop
      vertex -80.20873541826715 77.99842637366365 -0.5
      vertex -80.20873541826715 77.99842637366365 0.5
      vertex -80.18201941380975 78.0629245139571 -0.5
    endloop
  endfacet
  facet normal -0.9238795325112461 0.38268343236518804 0
    outer loop
      vertex -80.20873541826715 77.99842637366365 0.5
      vertex -80.18201941380975 78.0629245139571 0.5
      vertex -80.18201941380975 78.0629245139571 -0.5
    endloop
  endfacet
  facet normal 0 0 1
    outer loop
      vertex -80.20873541826715 77.99842637366365 0.5
      vertex -80.15418183057041 78.1269465723032 0.5
      vertex -80.18201941380975 78.0629245139571 0.5
    endloop
  endfacet
  facet normal 0 0 1
    outer loop
      vertex -80.20873541826715 77.99842637366365 0.5
      vertex -80.1252311481466 78.1904730469628 0.5
      vertex -80.15418183057041 78.1269465723032 0.5
    endloop
  endfacet
  facet normal 0 0 1
    outer loop
      vertex -80.20873541826715 77.99842637366365 0.5
      vertex -79.81615029022016 78.736771613883 0.5
      vertex -80.1252311481466 78.1904730469628 0.5
    endloop
  endfacet
  facet normal 0 0 1
    outer loop
      vertex -80.20873541826715 77.99842637366365 0.5
      vertex -79.32842712474618 79.32842712474618 0.5
      vertex -79.81615029022016 78.736771613883 0.5
    endloop
  endfacet
  facet normal -0.9170600743851635 -0.39874906892515527 0
    outer loop
      vertex -80.18201941380975 -78.0629245139571 -0.5
      vertex -80.15418183057041 -78.1269465723032 -0.5
      vertex -80.15418183057041 -78.1269465723032 0.5
    endloop
  endfacet
  facet normal -0.9170600743851635 -0.39874906892515527 0
    outer loop
      vertex -80.18201941380975 -78.0629245139571 -0.5
      vertex -80.15418183057041 -78.1269465723032 0.5
      vertex -80.18201941380975 -78.0629245139571 0.5
    endloop
  endfacet
  facet normal 0 0 -1
    outer loop
      vertex -80.18201941380975 -78.0629245139571 -0.5
      vertex -80.1252311481466 -78.1904730469628 -0.5
      vertex -80.15418183057041 -78.1269465723032 -0.5
    endloop
  endfacet
  facet normal 0 0 -1
    outer loop
      vertex -80.18201941380975 -78.0629245139571 -0.5
      vertex -80.09517618519666 -78.25348458715631 -0.5
      vertex -80.1252311481466 -78.1904730469628 -0.5
    endloop
  endfacet
  facet normal 0 0 -1
    outer loop
      vertex -80.18201941380975 -78.0629245139571 -0.5
      vertex -80.0317903714357 -78.37788625114356 -0.5
      vertex -80.09517618519666 -78.25348458715631 -0.5
    endloop
  endfacet
  facet normal 0 0 -1
    outer loop
      vertex -80.18201941380975 -78.0629245139571 -0.5
      vertex -79.81615029022016 -78.736771613883 -0.5
      vertex -80.0317903714357 -78.37788625114356 -0.5
    endloop
  endfacet
  facet normal 0 0 -1
    outer loop
      vertex -80.18201941380975 -78.0629245139571 -0.5
      vertex -79.32842712474618 -79.32842712474618 -0.5
      vertex -79.81615029022016 -78.736771613883 -0.5
    endloop
  endfacet
  facet normal 0 0 1
    outer loop
      vertex -80.18201941380975 -78.0629245139571 0.5
      vertex -80.15418183057041 -78.1269465723032 0.5
      vertex -80.1252311481466 -78.1904730469628 0.5
    endloop
  endfacet
  facet normal 0 0 1
    outer loop
      vertex -80.18201941380975 -78.0629245139571 0.5
      vertex -80.1252311481466 -78.1904730469628 0.5
      vertex -80.0317903714357 -78.37788625114356 0.5
    endloop
  endfacet
  facet normal 0 0 1
    outer loop
      vertex -80.18201941380975 -78.0629245139571 0.5
      vertex -80.0317903714357 -78.37788625114356 0.5
      vertex -79.81615029022016 -78.736771613883 0.5
    endloop
  endfacet
  facet normal 0 0 1
    outer loop
      vertex -80.18201941380975 -78.0629245139571 0.5
      vertex -79.81615029022016 -78.736771613883 0.5
      vertex -79.32842712474618 -79.32842712474618 0.5
    endloop
  endfacet
  facet normal -0.9170600743851635 0.39874906892515527 0
    outer loop
      vertex -80.18201941380975 78.0629245139571 -0.5
      vertex -80.18201941380975 78.0629245139571 0.5
      vertex -80.15418183057041 78.1269465723032 -0.5
    endloop
  endfacet
  facet normal 0 0 -1
    outer loop
      vertex -80.18201941380975 78.0629245139571 -0.5
      vertex -80.15418183057041 78.1269465723032 -0.5
      vertex -80.1252311481466 78.1904730469628 -0.5
    endloop
  endfacet
  facet normal 0 0 -1
    outer loop
      vertex -80.18201941380975 78.0629245139571 -0.5
      vertex -80.1252311481466 78.1904730469628 -0.5
      vertex -80.0317903714357 78.37788625114356 -0.5
    endloop
  endfacet
  facet normal 0 0 -1
    outer loop
      vertex -80.18201941380975 78.0629245139571 -0.5
      vertex -80.0317903714357 78.37788625114356 -0.5
      vertex -79.81615029022016 78.736771613883 -0.5
    endloop
  endfacet
  facet normal 0 0 -1
    outer loop
      vertex -80.18201941380975 78.0629245139571 -0.5
      vertex -79.81615029022016 78.736771613883 -0.5
      vertex -79.32842712474618 79.32842712474618 -0.5
    endloop
  endfacet
  facet normal -0.9170600743851635 0.39874906892515527 0
    outer loop
      vertex -80.18201941380975 78.0629245139571 0.5
      vertex -80.15418183057041 78.1269465723032 0.5
      vertex -80.15418183057041 78.1269465723032 -0.5
    endloop
  endfacet
  facet normal -0.9099612708764989 -0.41469324265633606 0
    outer loop
      vertex -80.15418183057041 -78.1269465723032 -0.5
      vertex -80.1252311481466 -78.1904730469628 -0.5
      vertex -80.15418183057041 -78.1269465723032 0.5
    endloop
  endfacet
  facet normal -0.9099612708764989 -0.41469324265633606 0
    outer loop
      vertex -80.15418183057041 -78.1269465723032 0.5
      vertex -80.1252311481466 -78.1904730469628 -0.5
      vertex -80.1252311481466 -78.1904730469628 0.5
    endloop
  endfacet
  facet normal -0.9099612708764989 0.41469324265633606 0
    outer loop
      vertex -80.15418183057041 78.1269465723032 -0.5
      vertex -80.15418183057041 78.1269465723032 0.5
      vertex -80.1252311481466 78.1904730469628 -0.5
    endloop
  endfacet
  facet normal -0.9099612708764989 0.41469324265633606 0
    outer loop
      vertex -80.15418183057041 78.1269465723032 0.5
      vertex -80.1252311481466 78.1904730469628 0.5
      vertex -80.1252311481466 78.1904730469628 -0.5
    endloop
  endfacet
  facet normal -0.9025852843498612 -0.43051109680829425 0
    outer loop
      vertex -80.1252311481466 -78.1904730469628 -0.5
      vertex -80.09517618519666 -78.25348458715631 -0.5
      vertex -80.1252311481466 -78.1904730469628 0.5
    endloop
  endfacet
  facet normal -0.9025852843498612 -0.43051109680829425 0
    outer loop
      vertex -80.1252311481466 -78.1904730469628 0.5
      vertex -80.09517618519666 -78.25348458715631 -0.5
      vertex -80.09517618519666 -78.25348458715631 0.5
    endloop
  endfacet
  facet normal 0 0 1
    outer loop
      vertex -80.1252311481466 -78.1904730469628 0.5
      vertex -80.09517618519666 -78.25348458715631 0.5
      vertex -80.0317903714357 -78.37788625114356 0.5
    endloop
  endfacet
  facet normal -0.9025852843498612 0.43051109680829425 0
    outer loop
      vertex -80.1252311481466 78.1904730469628 -0.5
      vertex -80.1252311481466 78.1904730469628 0.5
      vertex -80.09517618519666 78.25348458715631 -0.5
    endloop
  endfacet
  facet normal 0 0 -1
    outer loop
      vertex -80.1252311481466 78.1904730469628 -0.5
      vertex -80.09517618519666 78.25348458715631 -0.5
      vertex -80.0317903714357 78.37788625114356 -0.5
    endloop
  endfacet
  facet normal -0.9025852843498612 0.43051109680829425 0
    outer loop
      vertex -80.1252311481466 78.1904730469628 0.5
      vertex -80.09517618519666 78.25348458715631 0.5
      vertex -80.09517618519666 78.25348458715631 -0.5
    endloop
  endfacet
  facet normal 0 0 1
    outer loop
      vertex -80.1252311481466 78.1904730469628 0.5
      vertex -80.06402609675347 78.31596199895819 0.5
      vertex -80.09517618519666 78.25348458715631 0.5
    endloop
  endfacet
  facet normal 0 0 1
    outer loop
      vertex -80.1252311481466 78.1904730469628 0.5
      vertex -79.99847882855758 78.43923848098535 0.5
      vertex -80.06402609675347 78.31596199895819 0.5
    endloop
  endfacet
  facet normal 0 0 1
    outer loop
      vertex -80.1252311481466 78.1904730469628 0.5
      vertex -79.81615029022016 78.736771613883 0.5
      vertex -79.99847882855758 78.43923848098535 0.5
    endloop
  endfacet
  facet normal -0.894934361602022 -0.446197813109815 0
    outer loop
      vertex -80.09517618519666 -78.25348458715631 -0.5
      vertex -80.06402609675347 -78.31596199895819 -0.5
      vertex -80.09517618519666 -78.25348458715631 0.5
    endloop
  endfacet
  facet normal 0 0 -1
    outer loop
      vertex -80.09517618519666 -78.25348458715631 -0.5
      vertex -80.0317903714357 -78.37788625114356 -0.5
      vertex -80.06402609675347 -78.31596199895819 -0.5
    endloop
  endfacet
  facet normal -0.894934361602022 -0.446197813109815 0
    outer loop
      vertex -80.09517618519666 -78.25348458715631 0.5
      vertex -80.06402609675347 -78.31596199895819 -0.5
      vertex -80.06402609675347 -78.31596199895819 0.5
    endloop
  endfacet
  facet normal 0 0 1
    outer loop
      vertex -80.09517618519666 -78.25348458715631 0.5
      vertex -80.06402609675347 -78.31596199895819 0.5
      vertex -80.0317903714357 -78.37788625114356 0.5
    endloop
  endfacet
  facet normal -0.894934361602022 0.446197813109815 0
    outer loop
      vertex -80.09517618519666 78.25348458715631 -0.5
      vertex -80.09517618519666 78.25348458715631 0.5
      vertex -80.06402609675347 78.31596199895819 0.5
    endloop
  endfacet
  facet normal 0 0 -1
    outer loop
      vertex -80.09517618519666 78.25348458715631 -0.5
      vertex -80.06402609675347 78.31596199895819 -0.5
      vertex -80.0317903714357 78.37788625114356 -0.5
    endloop
  endfacet
  facet normal -0.894934361602022 0.446197813109815 0
    outer loop
      vertex -80.09517618519666 78.25348458715631 -0.5
      vertex -80.06402609675347 78.31596199895819 0.4900000000000002
      vertex -80.06402609675347 78.31596199895819 -0.5
    endloop
  endfacet
  facet normal -0.894934361602022 0.44619781310981477 0
    outer loop
      vertex -80.09517618519666 78.25348458715631 -0.5
      vertex -80.06402609675347 78.31596199895819 0.5
      vertex -80.06402609675347 78.31596199895819 0.4900000000000002
    endloop
  endfacet
  facet normal -0.8870108331782406 -0.4617486132349976 0
    outer loop
      vertex -80.06402609675347 -78.31596199895819 -0.5
      vertex -80.0317903714357 -78.37788625114356 -0.5
      vertex -80.0317903714357 -78.37788625114356 0.5
    endloop
  endfacet
  facet normal -0.8870108331782406 -0.4617486132349976 0
    outer loop
      vertex -80.06402609675347 -78.31596199895819 -0.5
      vertex -80.0317903714357 -78.37788625114356 0.5
      vertex -80.06402609675347 -78.31596199895819 0.5
    endloop
  endfacet
  facet normal -0.8870108331782407 0.4617486132349977 0
    outer loop
      vertex -80.06402609675347 78.31596199895819 -0.5
      vertex -80.06402609675347 78.31596199895819 0.4900000000000002
      vertex -80.0317903714357 78.37788625114356 -0.5
    endloop
  endfacet
  facet normal -0.8870108331782406 0.46174861323499766 0
    outer loop
      vertex -80.06402609675347 78.31596199895819 0.4900000000000002
      vertex -80.06402609675347 78.31596199895819 0.5
      vertex -80.0317903714357 78.37788625114356 0.4900000000000002
    endloop
  endfacet
  facet normal -0.8870108331782407 0.4617486132349977 0
    outer loop
      vertex -80.06402609675347 78.31596199895819 0.4900000000000002
      vertex -80.0317903714357 78.37788625114356 0.4900000000000002
      vertex -80.0317903714357 78.37788625114356 -0.5
    endloop
  endfacet
  facet normal -0.8870108331782406 0.46174861323499766 0
    outer loop
      vertex -80.06402609675347 78.31596199895819 0.5
      vertex -80.0317903714357 78.37788625114356 0.5
      vertex -80.0317903714357 78.37788625114356 0.4900000000000002
    endloop
  endfacet
  facet normal 0 0 1
    outer loop
      vertex -80.06402609675347 78.31596199895819 0.5
      vertex -79.99847882855758 78.43923848098535 0.5
      vertex -80.0317903714357 78.37788625114356 0.5
    endloop
  endfacet
  facet normal -0.8788171126619768 -0.47715876025958726 0
    outer loop
      vertex -80.0317903714357 -78.37788625114356 -0.5
      vertex -79.99847882855758 -78.43923848098535 -0.5
      vertex -80.0317903714357 -78.37788625114356 0.5
    endloop
  endfacet
  facet normal 0 0 -1
    outer loop
      vertex -80.0317903714357 -78.37788625114356 -0.5
      vertex -79.92866920280845 -78.56015229964022 -0.5
      vertex -79.99847882855758 -78.43923848098535 -0.5
    endloop
  endfacet
  facet normal 0 0 -1
    outer loop
      vertex -80.0317903714357 -78.37788625114356 -0.5
      vertex -79.81615029022016 -78.736771613883 -0.5
      vertex -79.92866920280845 -78.56015229964022 -0.5
    endloop
  endfacet
  facet normal -0.8788171126619768 -0.47715876025958726 0
    outer loop
      vertex -80.0317903714357 -78.37788625114356 0.5
      vertex -79.99847882855758 -78.43923848098535 -0.5
      vertex -79.99847882855758 -78.43923848098535 0.5
    endloop
  endfacet
  facet normal 0 0 1
    outer loop
      vertex -80.0317903714357 -78.37788625114356 0.5
      vertex -79.99847882855758 -78.43923848098535 0.5
      vertex -79.92866920280845 -78.56015229964022 0.5
    endloop
  endfacet
  facet normal 0 0 1
    outer loop
      vertex -80.0317903714357 -78.37788625114356 0.5
      vertex -79.92866920280845 -78.56015229964022 0.5
      vertex -79.81615029022016 -78.736771613883 0.5
    endloop
  endfacet
  facet normal 0 0 0
    outer loop
      vertex -80.0317903714357 78.37788625114356 -0.5
      vertex -80.0317903714357 78.37788625114356 0.4900000000000002
      vertex -80.0317903714357 78.37788625114356 0.5
    endloop
  endfacet
  facet normal -0.8788171126619768 0.47715876025958726 0
    outer loop
      vertex -80.0317903714357 78.37788625114356 -0.5
      vertex -80.0317903714357 78.37788625114356 0.5
      vertex -79.99847882855758 78.43923848098535 0.5
    endloop
  endfacet
  facet normal 0 0 -1
    outer loop
      vertex -80.0317903714357 78.37788625114356 -0.5
      vertex -79.99847882855758 78.43923848098535 -0.5
      vertex -79.96410161513775 78.5 -0.5
    endloop
  endfacet
  facet normal -0.8788171126619768 0.47715876025958726 0
    outer loop
      vertex -80.0317903714357 78.37788625114356 -0.5
      vertex -79.99847882855758 78.43923848098535 0.5
      vertex -79.99847882855758 78.43923848098535 -0.5
    endloop
  endfacet
  facet normal 0 0 -1
    outer loop
      vertex -80.0317903714357 78.37788625114356 -0.5
      vertex -79.96410161513775 78.5 -0.5
      vertex -79.92866920280845 78.56015229964022 -0.5
    endloop
  endfacet
  facet normal 0 0 -1
    outer loop
      vertex -80.0317903714357 78.37788625114356 -0.5
      vertex -79.92866920280845 78.56015229964022 -0.5
      vertex -79.81615029022016 78.736771613883 -0.5
    endloop
  endfacet
  facet normal -0.8703556959398739 -0.4924235601035126 0
    outer loop
      vertex -79.99847882855758 -78.43923848098535 -0.5
      vertex -79.96410161513775 -78.5 -0.5
      vertex -79.99847882855758 -78.43923848098535 0.5
    endloop
  endfacet
  facet normal 0 0 -1
    outer loop
      vertex -79.99847882855758 -78.43923848098535 -0.5
      vertex -79.92866920280845 -78.56015229964022 -0.5
      vertex -79.96410161513775 -78.5 -0.5
    endloop
  endfacet
  facet normal -0.8703556959398739 -0.4924235601035126 0
    outer loop
      vertex -79.99847882855758 -78.43923848098535 0.5
      vertex -79.96410161513775 -78.5 -0.5
      vertex -79.96410161513775 -78.5 0.5
    endloop
  endfacet
  facet normal 0 0 1
    outer loop
      vertex -79.99847882855758 -78.43923848098535 0.5
      vertex -79.96410161513775 -78.5 0.5
      vertex -79.92866920280845 -78.56015229964022 0.5
    endloop
  endfacet
  facet normal -0.8703556959398739 0.4924235601035126 0
    outer loop
      vertex -79.99847882855758 78.43923848098535 -0.5
      vertex -79.99847882855758 78.43923848098535 0.5
      vertex -79.96410161513775 78.5 -0.5
    endloop
  endfacet
  facet normal -0.8703556959398738 0.49242356010351257 0
    outer loop
      vertex -79.99847882855758 78.43923848098535 0.5
      vertex -79.96410161513775 78.5 0.4900000000000002
      vertex -79.96410161513775 78.5 -0.5
    endloop
  endfacet
  facet normal -0.8703556959398739 0.4924235601035126 0
    outer loop
      vertex -79.99847882855758 78.43923848098535 0.5
      vertex -79.96410161513775 78.5 0.5
      vertex -79.96410161513775 78.5 0.4900000000000002
    endloop
  endfacet
  facet normal 0 0 1
    outer loop
      vertex -79.99847882855758 78.43923848098535 0.5
      vertex -79.92866920280845 78.56015229964022 0.5
      vertex -79.96410161513775 78.5 0.5
    endloop
  endfacet
  facet normal 0 0 1
    outer loop
      vertex -79.99847882855758 78.43923848098535 0.5
      vertex -79.81615029022016 78.736771613883 0.5
      vertex -79.92866920280845 78.56015229964022 0.5
    endloop
  endfacet
  facet normal -0.861629160441582 -0.5075383629606086 0
    outer loop
      vertex -79.96410161513775 -78.5 -0.5
      vertex -79.92866920280845 -78.56015229964022 -0.5
      vertex -79.92866920280845 -78.56015229964022 0.5
    endloop
  endfacet
  facet normal -0.861629160441582 -0.5075383629606086 0
    outer loop
      vertex -79.96410161513775 -78.5 -0.5
      vertex -79.92866920280845 -78.56015229964022 0.5
      vertex -79.96410161513775 -78.5 0.5
    endloop
  endfacet
  facet normal -0.8616291604415821 0.5075383629606086 0
    outer loop
      vertex -79.96410161513775 78.5 -0.5
      vertex -79.96410161513775 78.5 0.4900000000000002
      vertex -79.92866920280845 78.56015229964022 -0.5
    endloop
  endfacet
  facet normal -0.8616291604415819 0.5075383629606086 0
    outer loop
      vertex -79.96410161513775 78.5 0.4900000000000002
      vertex -79.96410161513775 78.5 0.5
      vertex -79.92866920280845 78.56015229964022 0.5
    endloop
  endfacet
  facet normal -0.8616291604415821 0.5075383629606086 0
    outer loop
      vertex -79.96410161513775 78.5 0.4900000000000002
      vertex -79.92866920280845 78.56015229964022 0.4900000000000002
      vertex -79.92866920280845 78.56015229964022 -0.5
    endloop
  endfacet
  facet normal -0.8616291604415819 0.5075383629606086 0
    outer loop
      vertex -79.96410161513775 78.5 0.4900000000000002
      vertex -79.92866920280845 78.56015229964022 0.5
      vertex -79.92866920280845 78.56015229964022 0.4900000000000002
    endloop
  endfacet
  facet normal -0.8526401643540309 -0.5224985647160488 0
    outer loop
      vertex -79.92866920280845 -78.56015229964022 -0.5
      vertex -79.8921923846257 -78.61967705693282 -0.5
      vertex -79.8921923846257 -78.61967705693282 0.5
    endloop
  endfacet
  facet normal -0.8526401643540309 -0.5224985647160488 0
    outer loop
      vertex -79.92866920280845 -78.56015229964022 -0.5
      vertex -79.8921923846257 -78.61967705693282 0.5
      vertex -79.92866920280845 -78.56015229964022 0.5
    endloop
  endfacet
  facet normal 0 0 -1
    outer loop
      vertex -79.92866920280845 -78.56015229964022 -0.5
      vertex -79.8546822717817 -78.67855614006011 -0.5
      vertex -79.8921923846257 -78.61967705693282 -0.5
    endloop
  endfacet
  facet normal 0 0 -1
    outer loop
      vertex -79.92866920280845 -78.56015229964022 -0.5
      vertex -79.81615029022016 -78.736771613883 -0.5
      vertex -79.8546822717817 -78.67855614006011 -0.5
    endloop
  endfacet
  facet normal 0 0 1
    outer loop
      vertex -79.92866920280845 -78.56015229964022 0.5
      vertex -79.8921923846257 -78.61967705693282 0.5
      vertex -79.81615029022016 -78.736771613883 0.5
    endloop
  endfacet
  facet normal 0 0 0
    outer loop
      vertex -79.92866920280845 78.56015229964022 -0.5
      vertex -79.92866920280845 78.56015229964022 0.4900000000000002
      vertex -79.92866920280845 78.56015229964022 0.5
    endloop
  endfacet
  facet normal -0.8526401643540309 0.5224985647160488 0
    outer loop
      vertex -79.92866920280845 78.56015229964022 -0.5
      vertex -79.92866920280845 78.56015229964022 0.5
      vertex -79.8921923846257 78.61967705693282 0.4900000000000002
    endloop
  endfacet
  facet normal 0 0 -1
    outer loop
      vertex -79.92866920280845 78.56015229964022 -0.5
      vertex -79.8921923846257 78.61967705693282 -0.5
      vertex -79.8546822717817 78.67855614006011 -0.5
    endloop
  endfacet
  facet normal -0.852640164354031 0.5224985647160489 0
    outer loop
      vertex -79.92866920280845 78.56015229964022 -0.5
      vertex -79.8921923846257 78.61967705693282 0.4900000000000002
      vertex -79.8921923846257 78.61967705693282 -0.5
    endloop
  endfacet
  facet normal 0 0 -1
    outer loop
      vertex -79.92866920280845 78.56015229964022 -0.5
      vertex -79.8546822717817 78.67855614006011 -0.5
      vertex -79.81615029022016 78.736771613883 -0.5
    endloop
  endfacet
  facet normal -0.852640164354031 0.5224985647160489 0
    outer loop
      vertex -79.92866920280845 78.56015229964022 0.5
      vertex -79.8921923846257 78.61967705693282 0.5
      vertex -79.8921923846257 78.61967705693282 0.4900000000000002
    endloop
  endfacet
  facet normal 0 0 1
    outer loop
      vertex -79.92866920280845 78.56015229964022 0.5
      vertex -79.81615029022016 78.736771613883 0.5
      vertex -79.8921923846257 78.61967705693282 0.5
    endloop
  endfacet
  facet normal -0.8433914458129373 -0.5372996083467428 0
    outer loop
      vertex -79.8921923846257 -78.61967705693282 -0.5
      vertex -79.8546822717817 -78.67855614006011 -0.5
      vertex -79.8921923846257 -78.61967705693282 0.5
    endloop
  endfacet
  facet normal -0.8433914458129373 -0.5372996083467428 0
    outer loop
      vertex -79.8921923846257 -78.61967705693282 0.5
      vertex -79.8546822717817 -78.67855614006011 -0.5
      vertex -79.8546822717817 -78.67855614006011 0.5
    endloop
  endfacet
  facet normal 0 0 1
    outer loop
      vertex -79.8921923846257 -78.61967705693282 0.5
      vertex -79.8546822717817 -78.67855614006011 0.5
      vertex -79.81615029022016 -78.736771613883 0.5
    endloop
  endfacet
  facet normal -0.8433914458129373 0.5372996083467428 0
    outer loop
      vertex -79.8921923846257 78.61967705693282 -0.5
      vertex -79.8921923846257 78.61967705693282 0.4900000000000002
      vertex -79.8546822717817 78.67855614006011 -0.5
    endloop
  endfacet
  facet normal -0.8433914458129373 0.5372996083467428 0
    outer loop
      vertex -79.8921923846257 78.61967705693282 0.4900000000000002
      vertex -79.8921923846257 78.61967705693282 0.5
      vertex -79.8546822717817 78.67855614006011 0.4900000000000002
    endloop
  endfacet
  facet normal -0.8433914458129373 0.5372996083467428 0
    outer loop
      vertex -79.8921923846257 78.61967705693282 0.4900000000000002
      vertex -79.8546822717817 78.67855614006011 0.4900000000000002
      vertex -79.8546822717817 78.67855614006011 -0.5
    endloop
  endfacet
  facet normal -0.8433914458129373 0.5372996083467428 0
    outer loop
      vertex -79.8921923846257 78.61967705693282 0.5
      vertex -79.8546822717817 78.67855614006011 0.5
      vertex -79.8546822717817 78.67855614006011 0.4900000000000002
    endloop
  endfacet
  facet normal 0 0 1
    outer loop
      vertex -79.8921923846257 78.61967705693282 0.5
      vertex -79.81615029022016 78.736771613883 0.5
      vertex -79.8546822717817 78.67855614006011 0.5
    endloop
  endfacet
  facet normal -0.833885822067163 -0.5519369853120659 0
    outer loop
      vertex -79.8546822717817 -78.67855614006011 -0.5
      vertex -79.81615029022016 -78.736771613883 -0.5
      vertex -79.81615029022016 -78.736771613883 0.5
    endloop
  endfacet
  facet normal -0.833885822067163 -0.5519369853120659 0
    outer loop
      vertex -79.8546822717817 -78.67855614006011 -0.5
      vertex -79.81615029022016 -78.736771613883 0.5
      vertex -79.8546822717817 -78.67855614006011 0.5
    endloop
  endfacet
  facet normal -0.833885822067163 0.5519369853120658 0
    outer loop
      vertex -79.8546822717817 78.67855614006011 -0.5
      vertex -79.8546822717817 78.67855614006011 0.4900000000000002
      vertex -79.81615029022016 78.736771613883 -0.5
    endloop
  endfacet
  facet normal -0.8338858220671631 0.5519369853120659 0
    outer loop
      vertex -79.8546822717817 78.67855614006011 0.4900000000000002
      vertex -79.8546822717817 78.67855614006011 0.5
      vertex -79.81615029022016 78.736771613883 0.5
    endloop
  endfacet
  facet normal -0.833885822067163 0.5519369853120659 0
    outer loop
      vertex -79.8546822717817 78.67855614006011 0.4900000000000002
      vertex -79.81615029022016 78.736771613883 0.5
      vertex -79.81615029022016 78.736771613883 -0.5
    endloop
  endfacet
  facet normal -0.8241261886219964 -0.5664062369248609 0
    outer loop
      vertex -79.81615029022016 -78.736771613883 -0.5
      vertex -79.77660817715596 -78.79430574540419 -0.5
      vertex -79.77660817715596 -78.79430574540419 0.5
    endloop
  endfacet
  facet normal -0.8241261886219964 -0.5664062369248609 0
    outer loop
      vertex -79.81615029022016 -78.736771613883 -0.5
      vertex -79.77660817715596 -78.79430574540419 0.5
      vertex -79.81615029022016 -78.736771613883 0.5
    endloop
  endfacet
  facet normal 0 0 -1
    outer loop
      vertex -79.81615029022016 -78.736771613883 -0.5
      vertex -79.73606797749979 -78.8511410091699 -0.5
      vertex -79.77660817715596 -78.79430574540419 -0.5
    endloop
  endfacet
  facet normal 0 0 -1
    outer loop
      vertex -79.81615029022016 -78.736771613883 -0.5
      vertex -79.69454204018918 -78.9072600926082 -0.5
      vertex -79.73606797749979 -78.8511410091699 -0.5
    endloop
  endfacet
  facet normal 0 0 -1
    outer loop
      vertex -79.81615029022016 -78.736771613883 -0.5
      vertex -79.56417777247592 -79.07115043874616 -0.5
      vertex -79.69454204018918 -78.9072600926082 -0.5
    endloop
  endfacet
  facet normal 0 0 -1
    outer loop
      vertex -79.81615029022016 -78.736771613883 -0.5
      vertex -79.32842712474618 -79.32842712474618 -0.5
      vertex -79.56417777247592 -79.07115043874616 -0.5
    endloop
  endfacet
  facet normal 0 0 1
    outer loop
      vertex -79.81615029022016 -78.736771613883 0.5
      vertex -79.77660817715596 -78.79430574540419 0.5
      vertex -79.69454204018918 -78.9072600926082 0.5
    endloop
  endfacet
  facet normal 0 0 1
    outer loop
      vertex -79.81615029022016 -78.736771613883 0.5
      vertex -79.69454204018918 -78.9072600926082 0.5
      vertex -79.56417777247592 -79.07115043874616 0.5
    endloop
  endfacet
  facet normal 0 0 1
    outer loop
      vertex -79.81615029022016 -78.736771613883 0.5
      vertex -79.56417777247592 -79.07115043874616 0.5
      vertex -79.32842712474618 -79.32842712474618 0.5
    endloop
  endfacet
  facet normal -0.8241261886219964 0.5664062369248609 0
    outer loop
      vertex -79.81615029022016 78.736771613883 -0.5
      vertex -79.81615029022016 78.736771613883 0.5
      vertex -79.77660817715596 78.79430574540419 -0.5
    endloop
  endfacet
  facet normal 0 0 -1
    outer loop
      vertex -79.81615029022016 78.736771613883 -0.5
      vertex -79.77660817715596 78.79430574540419 -0.5
      vertex -79.69454204018918 78.9072600926082 -0.5
    endloop
  endfacet
  facet normal 0 0 -1
    outer loop
      vertex -79.81615029022016 78.736771613883 -0.5
      vertex -79.69454204018918 78.9072600926082 -0.5
      vertex -79.60858384582788 79.01728156419935 -0.5
    endloop
  endfacet
  facet normal 0 0 -1
    outer loop
      vertex -79.81615029022016 78.736771613883 -0.5
      vertex -79.60858384582788 79.01728156419935 -0.5
      vertex -79.32842712474618 79.32842712474618 -0.5
    endloop
  endfacet
  facet normal -0.8241261886219964 0.5664062369248609 0
    outer loop
      vertex -79.81615029022016 78.736771613883 0.5
      vertex -79.77660817715596 78.79430574540419 0.5
      vertex -79.77660817715596 78.79430574540419 -0.5
    endloop
  endfacet
  facet normal 0 0 1
    outer loop
      vertex -79.81615029022016 78.736771613883 0.5
      vertex -79.73606797749979 78.8511410091699 0.5
      vertex -79.77660817715596 78.79430574540419 0.5
    endloop
  endfacet
  facet normal 0 0 1
    outer loop
      vertex -79.81615029022016 78.736771613883 0.5
      vertex -79.69454204018918 78.9072600926082 0.5
      vertex -79.73606797749979 78.8511410091699 0.5
    endloop
  endfacet
  facet normal 0 0 1
    outer loop
      vertex -79.81615029022016 78.736771613883 0.5
      vertex -79.56417777247592 79.07115043874616 0.5
      vertex -79.69454204018918 78.9072600926082 0.5
    endloop
  endfacet
  facet normal 0 0 1
    outer loop
      vertex -79.81615029022016 78.736771613883 0.5
      vertex -79.32842712474618 79.32842712474618 0.5
      vertex -79.56417777247592 79.07115043874616 0.5
    endloop
  endfacet
  facet normal -0.814115518356305 -0.5807029557109599 0
    outer loop
      vertex -79.77660817715596 -78.79430574540419 -0.5
      vertex -79.73606797749979 -78.8511410091699 -0.5
      vertex -79.77660817715596 -78.79430574540419 0.5
    endloop
  endfacet
  facet normal -0.814115518356305 -0.5807029557109599 0
    outer loop
      vertex -79.77660817715596 -78.79430574540419 0.5
      vertex -79.73606797749979 -78.8511410091699 -0.5
      vertex -79.73606797749979 -78.8511410091699 0.5
    endloop
  endfacet
  facet normal 0 0 1
    outer loop
      vertex -79.77660817715596 -78.79430574540419 0.5
      vertex -79.73606797749979 -78.8511410091699 0.5
      vertex -79.69454204018918 -78.9072600926082 0.5
    endloop
  endfacet
  facet normal -0.814115518356305 0.5807029557109599 0
    outer loop
      vertex -79.77660817715596 78.79430574540419 -0.5
      vertex -79.77660817715596 78.79430574540419 0.5
      vertex -79.73606797749979 78.8511410091699 0.5
    endloop
  endfacet
  facet normal 0 0 -1
    outer loop
      vertex -79.77660817715596 78.79430574540419 -0.5
      vertex -79.73606797749979 78.8511410091699 -0.5
      vertex -79.69454204018918 78.9072600926082 -0.5
    endloop
  endfacet
  facet normal -0.814115518356305 0.5807029557109599 0
    outer loop
      vertex -79.77660817715596 78.79430574540419 -0.5
      vertex -79.73606797749979 78.8511410091699 0.5
      vertex -79.73606797749979 78.8511410091699 -0.5
    endloop
  endfacet
  facet normal -0.8038568606172946 -0.594822786751237 0
    outer loop
      vertex -79.73606797749979 -78.8511410091699 -0.5
      vertex -79.69454204018918 -78.9072600926082 -0.5
      vertex -79.73606797749979 -78.8511410091699 0.5
    endloop
  endfacet
  facet normal -0.8038568606172946 -0.594822786751237 0
    outer loop
      vertex -79.73606797749979 -78.8511410091699 0.5
      vertex -79.69454204018918 -78.9072600926082 -0.5
      vertex -79.69454204018918 -78.9072600926082 0.5
    endloop
  endfacet
  facet normal -0.8038568606172946 0.594822786751237 0
    outer loop
      vertex -79.73606797749979 78.8511410091699 -0.5
      vertex -79.73606797749979 78.8511410091699 0.5
      vertex -79.69454204018918 78.9072600926082 -0.5
    endloop
  endfacet
  facet normal -0.8038568606172946 0.594822786751237 0
    outer loop
      vertex -79.73606797749979 78.8511410091699 0.5
      vertex -79.69454204018918 78.9072600926082 0.5
      vertex -79.69454204018918 78.9072600926082 -0.5
    endloop
  endfacet
  facet normal -0.7933533402912369 -0.6087614290087185 0
    outer loop
      vertex -79.69454204018918 -78.9072600926082 -0.5
      vertex -79.6520430144269 -78.96264590130264 -0.5
      vertex -79.69454204018918 -78.9072600926082 0.5
    endloop
  endfacet
  facet normal 0 0 -1
    outer loop
      vertex -79.69454204018918 -78.9072600926082 -0.5
      vertex -79.60858384582788 -79.01728156419935 -0.5
      vertex -79.6520430144269 -78.96264590130264 -0.5
    endloop
  endfacet
  facet normal 0 0 -1
    outer loop
      vertex -79.69454204018918 -78.9072600926082 -0.5
      vertex -79.56417777247592 -79.07115043874616 -0.5
      vertex -79.60858384582788 -79.01728156419935 -0.5
    endloop
  endfacet
  facet normal -0.7933533402912369 -0.6087614290087185 0
    outer loop
      vertex -79.69454204018918 -78.9072600926082 0.5
      vertex -79.6520430144269 -78.96264590130264 -0.5
      vertex -79.6520430144269 -78.96264590130264 0.5
    endloop
  endfacet
  facet normal 0 0 1
    outer loop
      vertex -79.69454204018918 -78.9072600926082 0.5
      vertex -79.6520430144269 -78.96264590130264 0.5
      vertex -79.60858384582788 -79.01728156419935 0.5
    endloop
  endfacet
  facet normal 0 0 1
    outer loop
      vertex -79.69454204018918 -78.9072600926082 0.5
      vertex -79.60858384582788 -79.01728156419935 0.5
      vertex -79.56417777247592 -79.07115043874616 0.5
    endloop
  endfacet
  facet normal -0.7933533402912369 0.6087614290087185 0
    outer loop
      vertex -79.69454204018918 78.9072600926082 -0.5
      vertex -79.69454204018918 78.9072600926082 0.5
      vertex -79.6520430144269 78.96264590130264 0.5
    endloop
  endfacet
  facet normal 0 0 -1
    outer loop
      vertex -79.69454204018918 78.9072600926082 -0.5
      vertex -79.6520430144269 78.96264590130264 -0.5
      vertex -79.60858384582788 79.01728156419935 -0.5
    endloop
  endfacet
  facet normal -0.7933533402912369 0.6087614290087185 0
    outer loop
      vertex -79.69454204018918 78.9072600926082 -0.5
      vertex -79.6520430144269 78.96264590130264 0.5
      vertex -79.6520430144269 78.96264590130264 -0.5
    endloop
  endfacet
  facet normal 0 0 1
    outer loop
      vertex -79.69454204018918 78.9072600926082 0.5
      vertex -79.56417777247592 79.07115043874616 0.5
      vertex -79.6520430144269 78.96264590130264 0.5
    endloop
  endfacet
  facet normal -0.7826081568523332 -0.622514636637721 0
    outer loop
      vertex -79.6520430144269 -78.96264590130264 -0.5
      vertex -79.60858384582788 -79.01728156419935 -0.5
      vertex -79.60858384582788 -79.01728156419935 0.5
    endloop
  endfacet
  facet normal -0.7826081568523332 -0.622514636637721 0
    outer loop
      vertex -79.6520430144269 -78.96264590130264 -0.5
      vertex -79.60858384582788 -79.01728156419935 0.5
      vertex -79.6520430144269 -78.96264590130264 0.5
    endloop
  endfacet
  facet normal -0.7826081568523332 0.622514636637721 0
    outer loop
      vertex -79.6520430144269 78.96264590130264 -0.5
      vertex -79.6520430144269 78.96264590130264 0.5
      vertex -79.60858384582788 79.01728156419935 -0.5
    endloop
  endfacet
  facet normal -0.7826081568523332 0.622514636637721 0
    outer loop
      vertex -79.6520430144269 78.96264590130264 0.5
      vertex -79.60858384582788 79.01728156419935 0.5
      vertex -79.60858384582788 79.01728156419935 -0.5
    endloop
  endfacet
  facet normal 0 0 1
    outer loop
      vertex -79.6520430144269 78.96264590130264 0.5
      vertex -79.56417777247592 79.07115043874616 0.5
      vertex -79.60858384582788 79.01728156419935 0.5
    endloop
  endfacet
  facet normal -0.7716245833877678 -0.6360782202777058 0
    outer loop
      vertex -79.60858384582788 -79.01728156419935 -0.5
      vertex -79.56417777247592 -79.07115043874616 -0.5
      vertex -79.56417777247592 -79.07115043874616 0.5
    endloop
  endfacet
  facet normal -0.7716245833877678 -0.6360782202777058 0
    outer loop
      vertex -79.60858384582788 -79.01728156419935 -0.5
      vertex -79.56417777247592 -79.07115043874616 0.5
      vertex -79.60858384582788 -79.01728156419935 0.5
    endloop
  endfacet
  facet normal -0.7716245833877678 0.6360782202777058 0
    outer loop
      vertex -79.60858384582788 79.01728156419935 -0.5
      vertex -79.60858384582788 79.01728156419935 0.5
      vertex -79.56417777247592 79.07115043874616 0.5
    endloop
  endfacet
  facet normal 0 0 -1
    outer loop
      vertex -79.60858384582788 79.01728156419935 -0.5
      vertex -79.56417777247592 79.07115043874616 -0.5
      vertex -79.51883832089109 79.12423611596203 -0.5
    endloop
  endfacet
  facet normal -0.7716245833877678 0.6360782202777058 0
    outer loop
      vertex -79.60858384582788 79.01728156419935 -0.5
      vertex -79.56417777247592 79.07115043874616 0.5
      vertex -79.56417777247592 79.07115043874616 -0.5
    endloop
  endfacet
  facet normal 0 0 -1
    outer loop
      vertex -79.60858384582788 79.01728156419935 -0.5
      vertex -79.51883832089109 79.12423611596203 -0.5
      vertex -79.47257930190958 79.17652242543544 -0.5
    endloop
  endfacet
  facet normal 0 0 -1
    outer loop
      vertex -79.60858384582788 79.01728156419935 -0.5
      vertex -79.47257930190958 79.17652242543544 -0.5
      vertex -79.32842712474618 79.32842712474618 -0.5
    endloop
  endfacet
  facet normal -0.7604059656000612 -0.649448048330148 0
    outer loop
      vertex -79.56417777247592 -79.07115043874616 -0.5
      vertex -79.51883832089109 -79.12423611596203 -0.5
      vertex -79.56417777247592 -79.07115043874616 0.5
    endloop
  endfacet
  facet normal 0 0 -1
    outer loop
      vertex -79.56417777247592 -79.07115043874616 -0.5
      vertex -79.47257930190958 -79.17652242543544 -0.5
      vertex -79.51883832089109 -79.12423611596203 -0.5
    endloop
  endfacet
  facet normal 0 0 -1
    outer loop
      vertex -79.56417777247592 -79.07115043874616 -0.5
      vertex -79.32842712474618 -79.32842712474618 -0.5
      vertex -79.47257930190958 -79.17652242543544 -0.5
    endloop
  endfacet
  facet normal -0.7604059656000612 -0.649448048330148 0
    outer loop
      vertex -79.56417777247592 -79.07115043874616 0.5
      vertex -79.51883832089109 -79.12423611596203 -0.5
      vertex -79.51883832089109 -79.12423611596203 0.5
    endloop
  endfacet
  facet normal 0 0 1
    outer loop
      vertex -79.56417777247592 -79.07115043874616 0.5
      vertex -79.51883832089109 -79.12423611596203 0.5
      vertex -79.47257930190958 -79.17652242543544 0.5
    endloop
  endfacet
  facet normal 0 0 1
    outer loop
      vertex -79.56417777247592 -79.07115043874616 0.5
      vertex -79.47257930190958 -79.17652242543544 0.5
      vertex -79.32842712474618 -79.32842712474618 0.5
    endloop
  endfacet
  facet normal -0.7604059656000612 0.649448048330148 0
    outer loop
      vertex -79.56417777247592 79.07115043874616 -0.5
      vertex -79.56417777247592 79.07115043874616 0.5
      vertex -79.51883832089109 79.12423611596203 -0.5
    endloop
  endfacet
  facet normal -0.7604059656000612 0.649448048330148 0
    outer loop
      vertex -79.56417777247592 79.07115043874616 0.5
      vertex -79.51883832089109 79.12423611596203 0.5
      vertex -79.51883832089109 79.12423611596203 -0.5
    endloop
  endfacet
  facet normal 0 0 1
    outer loop
      vertex -79.56417777247592 79.07115043874616 0.5
      vertex -79.47257930190958 79.17652242543544 0.5
      vertex -79.51883832089109 79.12423611596203 0.5
    endloop
  endfacet
  facet normal 0 0 1
    outer loop
      vertex -79.56417777247592 79.07115043874616 0.5
      vertex -79.32842712474618 79.32842712474618 0.5
      vertex -79.47257930190958 79.17652242543544 0.5
    endloop
  endfacet
  facet normal -0.7489557207889569 -0.6626200482157887 0
    outer loop
      vertex -79.51883832089109 -79.12423611596203 -0.5
      vertex -79.47257930190958 -79.17652242543544 -0.5
      vertex -79.47257930190958 -79.17652242543544 0.5
    endloop
  endfacet
  facet normal -0.7489557207889569 -0.6626200482157887 0
    outer loop
      vertex -79.51883832089109 -79.12423611596203 -0.5
      vertex -79.47257930190958 -79.17652242543544 0.5
      vertex -79.51883832089109 -79.12423611596203 0.5
    endloop
  endfacet
  facet normal -0.7489557207889569 0.6626200482157887 0
    outer loop
      vertex -79.51883832089109 79.12423611596203 -0.5
      vertex -79.51883832089109 79.12423611596203 0.5
      vertex -79.47257930190958 79.17652242543544 0.5
    endloop
  endfacet
  facet normal -0.7489557207889569 0.6626200482157887 0
    outer loop
      vertex -79.51883832089109 79.12423611596203 -0.5
      vertex -79.47257930190958 79.17652242543544 0.5
      vertex -79.47257930190958 79.17652242543544 -0.5
    endloop
  endfacet
  facet normal -0.7372773368100667 -0.6755902076157229 0
    outer loop
      vertex -79.47257930190958 -79.17652242543544 -0.5
      vertex -79.42541480647668 -79.22799344024999 -0.5
      vertex -79.47257930190958 -79.17652242543544 0.5
    endloop
  endfacet
  facet normal 0 0 -1
    outer loop
      vertex -79.47257930190958 -79.17652242543544 -0.5
      vertex -79.37735920135461 -79.27863348183598 -0.5
      vertex -79.42541480647668 -79.22799344024999 -0.5
    endloop
  endfacet
  facet normal 0 0 -1
    outer loop
      vertex -79.47257930190958 -79.17652242543544 -0.5
      vertex -79.32842712474618 -79.32842712474618 -0.5
      vertex -79.37735920135461 -79.27863348183598 -0.5
    endloop
  endfacet
  facet normal -0.7372773368100667 -0.6755902076157229 0
    outer loop
      vertex -79.47257930190958 -79.17652242543544 0.5
      vertex -79.42541480647668 -79.22799344024999 -0.5
      vertex -79.42541480647668 -79.22799344024999 0.5
    endloop
  endfacet
  facet normal 0 0 1
    outer loop
      vertex -79.47257930190958 -79.17652242543544 0.5
      vertex -79.42541480647668 -79.22799344024999 0.5
      vertex -79.37735920135461 -79.27863348183598 0.5
    endloop
  endfacet
  facet normal 0 0 1
    outer loop
      vertex -79.47257930190958 -79.17652242543544 0.5
      vertex -79.37735920135461 -79.27863348183598 0.5
      vertex -79.32842712474618 -79.32842712474618 0.5
    endloop
  endfacet
  facet normal -0.7372773368100667 0.6755902076157229 0
    outer loop
      vertex -79.47257930190958 79.17652242543544 -0.5
      vertex -79.47257930190958 79.17652242543544 0.5
      vertex -79.42541480647668 79.22799344024999 0.5
    endloop
  endfacet
  facet normal 0 0 -1
    outer loop
      vertex -79.47257930190958 79.17652242543544 -0.5
      vertex -79.42541480647668 79.22799344024999 -0.5
      vertex -79.32842712474618 79.32842712474618 -0.5
    endloop
  endfacet
  facet normal -0.7372773368100667 0.6755902076157229 0
    outer loop
      vertex -79.47257930190958 79.17652242543544 -0.5
      vertex -79.42541480647668 79.22799344024999 0.5
      vertex -79.42541480647668 79.22799344024999 -0.5
    endloop
  endfacet
  facet normal 0 0 1
    outer loop
      vertex -79.47257930190958 79.17652242543544 0.5
      vertex -79.32842712474618 79.32842712474618 0.5
      vertex -79.42541480647668 79.22799344024999 0.5
    endloop
  endfacet
  facet normal -0.7253743710123031 -0.6883545756937377 0
    outer loop
      vertex -79.42541480647668 -79.22799344024999 -0.5
      vertex -79.37735920135461 -79.27863348183598 -0.5
      vertex -79.37735920135461 -79.27863348183598 0.5
    endloop
  endfacet
  facet normal -0.7253743710123031 -0.6883545756937377 0
    outer loop
      vertex -79.42541480647668 -79.22799344024999 -0.5
      vertex -79.37735920135461 -79.27863348183598 0.5
      vertex -79.42541480647668 -79.22799344024999 0.5
    endloop
  endfacet
  facet normal -0.7253743710123031 0.6883545756937377 0
    outer loop
      vertex -79.42541480647668 79.22799344024999 -0.5
      vertex -79.42541480647668 79.22799344024999 0.5
      vertex -79.37735920135461 79.27863348183598 0.5
    endloop
  endfacet
  facet normal 0 0 -1
    outer loop
      vertex -79.42541480647668 79.22799344024999 -0.5
      vertex -79.37735920135461 79.27863348183598 -0.5
      vertex -79.32842712474618 79.32842712474618 -0.5
    endloop
  endfacet
  facet normal -0.7253743710123031 0.6883545756937377 0
    outer loop
      vertex -79.42541480647668 79.22799344024999 -0.5
      vertex -79.37735920135461 79.27863348183598 0.5
      vertex -79.37735920135461 79.27863348183598 -0.5
    endloop
  endfacet
  facet normal 0 0 1
    outer loop
      vertex -79.42541480647668 79.22799344024999 0.5
      vertex -79.32842712474618 79.32842712474618 0.5
      vertex -79.37735920135461 79.27863348183598 0.5
    endloop
  endfacet
  facet normal -0.7132504491541296 -0.700909264299904 0
    outer loop
      vertex -79.37735920135461 -79.27863348183598 -0.5
      vertex -79.32842712474618 -79.32842712474618 -0.5
      vertex -79.32842712474618 -79.32842712474618 0.5
    endloop
  endfacet
  facet normal -0.7132504491541296 -0.700909264299904 0
    outer loop
      vertex -79.37735920135461 -79.27863348183598 -0.5
      vertex -79.32842712474618 -79.32842712474618 0.5
      vertex -79.37735920135461 -79.27863348183598 0.5
    endloop
  endfacet
  facet normal -0.7132504491541296 0.700909264299904 0
    outer loop
      vertex -79.37735920135461 79.27863348183598 -0.5
      vertex -79.37735920135461 79.27863348183598 0.5
      vertex -79.32842712474618 79.32842712474618 -0.5
    endloop
  endfacet
  facet normal -0.7132504491541296 0.700909264299904 0
    outer loop
      vertex -79.37735920135461 79.27863348183598 0.5
      vertex -79.32842712474618 79.32842712474618 0.5
      vertex -79.32842712474618 79.32842712474618 -0.5
    endloop
  endfacet
  facet normal -0.700909264299904 -0.7132504491541296 0
    outer loop
      vertex -79.32842712474618 -79.32842712474618 -0.5
      vertex -79.27863348183598 -79.37735920135461 -0.5
      vertex -79.32842712474618 -79.32842712474618 0.5
    endloop
  endfacet
  facet normal 0 0 -1
    outer loop
      vertex -79.32842712474618 -79.32842712474618 -0.5
      vertex -79.22799344024999 -79.42541480647668 -0.5
      vertex -79.27863348183598 -79.37735920135461 -0.5
    endloop
  endfacet
  facet normal 0 0 -1
    outer loop
      vertex -79.32842712474618 -79.32842712474618 -0.5
      vertex -79.07115043874616 -79.56417777247592 -0.5
      vertex -79.22799344024999 -79.42541480647668 -0.5
    endloop
  endfacet
  facet normal 0 0 -1
    outer loop
      vertex -79.32842712474618 -79.32842712474618 -0.5
      vertex -78.736771613883 -79.81615029022016 -0.5
      vertex -79.07115043874616 -79.56417777247592 -0.5
    endloop
  endfacet
  facet normal 0 0 -1
    outer loop
      vertex -79.32842712474618 -79.32842712474618 -0.5
      vertex -78.0629245139571 -80.18201941380975 -0.5
      vertex -78.736771613883 -79.81615029022016 -0.5
    endloop
  endfacet
  facet normal 0 0 -1
    outer loop
      vertex -79.32842712474618 -79.32842712474618 -0.5
      vertex -76.5 80.5 -0.5
      vertex -67.4902562010393 -63.7790258949765 -0.5
    endloop
  endfacet
  facet normal 0 0 -1
    outer loop
      vertex -79.32842712474618 -79.32842712474618 -0.5
      vertex -67.4902562010393 -63.7790258949765 -0.5
      vertex -67.48477879236698 -63.84862297099063 -0.5
    endloop
  endfacet
  facet normal 0 0 -1
    outer loop
      vertex -79.32842712474618 -79.32842712474618 -0.5
      vertex -67.48477879236698 -63.84862297099063 -0.5
      vertex -67.47808758147309 -63.918113853070615 -0.5
    endloop
  endfacet
  facet normal 0 0 -1
    outer loop
      vertex -79.32842712474618 -79.32842712474618 -0.5
      vertex -67.47808758147309 -63.918113853070615 -0.5
      vertex -67.47018460656528 -63.98747737362059 -0.5
    endloop
  endfacet
  facet normal 0 0 -1
    outer loop
      vertex -79.32842712474618 -79.32842712474618 -0.5
      vertex -67.47018460656528 -63.98747737362059 -0.5
      vertex -67.46107227496628 -64.05669240384026 -0.5
    endloop
  endfacet
  facet normal 0 0 -1
    outer loop
      vertex -79.32842712474618 -79.32842712474618 -0.5
      vertex -67.46107227496628 -64.05669240384026 -0.5
      vertex -67.45075336238055 -64.12573786016092 -0.5
    endloop
  endfacet
  facet normal 0 0 -1
    outer loop
      vertex -79.32842712474618 -79.32842712474618 -0.5
      vertex -67.45075336238055 -64.12573786016092 -0.5
      vertex -67.43923101204884 -64.19459271066772 -0.5
    endloop
  endfacet
  facet normal 0 0 -1
    outer loop
      vertex -79.32842712474618 -79.32842712474618 -0.5
      vertex -67.43923101204884 -64.19459271066772 -0.5
      vertex -67.42650873379066 -64.26323598150618 -0.5
    endloop
  endfacet
  facet normal 0 0 -1
    outer loop
      vertex -79.32842712474618 -79.32842712474618 -0.5
      vertex -67.42650873379066 -64.26323598150618 -0.5
      vertex -67.41259040293522 -64.33164676327104 -0.5
    endloop
  endfacet
  facet normal 0 0 -1
    outer loop
      vertex -79.32842712474618 -79.32842712474618 -0.5
      vertex -67.41259040293522 -64.33164676327104 -0.5
      vertex -67.39748025914093 -64.39980421737546 -0.5
    endloop
  endfacet
  facet normal 0 0 -1
    outer loop
      vertex -79.32842712474618 -79.32842712474618 -0.5
      vertex -67.39748025914093 -64.39980421737546 -0.5
      vertex -67.38118290510398 -64.46768758239867 -0.5
    endloop
  endfacet
  facet normal 0 0 -1
    outer loop
      vertex -79.32842712474618 -79.32842712474618 -0.5
      vertex -67.38118290510398 -64.46768758239867 -0.5
      vertex -67.36370330515628 -64.53527618041008 -0.5
    endloop
  endfacet
  facet normal 0 0 -1
    outer loop
      vertex -79.32842712474618 -79.32842712474618 -0.5
      vertex -67.36370330515628 -64.53527618041008 -0.5
      vertex -67.34504678375328 -64.602549423268 -0.5
    endloop
  endfacet
  facet normal 0 0 -1
    outer loop
      vertex -79.32842712474618 -79.32842712474618 -0.5
      vertex -67.34504678375328 -64.602549423268 -0.5
      vertex -67.32521902385214 -64.66948681889095 -0.5
    endloop
  endfacet
  facet normal 0 0 -1
    outer loop
      vertex -79.32842712474618 -79.32842712474618 -0.5
      vertex -67.32521902385214 -64.66948681889095 -0.5
      vertex -67.30422606518061 -64.73606797749979 -0.5
    endloop
  endfacet
  facet normal 0 0 -1
    outer loop
      vertex -79.32842712474618 -79.32842712474618 -0.5
      vertex -67.30422606518061 -64.73606797749979 -0.5
      vertex -67.28207430239726 -64.80227261782862 -0.5
    endloop
  endfacet
  facet normal 0 0 -1
    outer loop
      vertex -79.32842712474618 -79.32842712474618 -0.5
      vertex -67.28207430239726 -64.80227261782862 -0.5
      vertex -67.25877048314364 -64.86808057330268 -0.5
    endloop
  endfacet
  facet normal 0 0 -1
    outer loop
      vertex -79.32842712474618 -79.32842712474618 -0.5
      vertex -67.25877048314364 -64.86808057330268 -0.5
      vertex -67.2343217059888 -64.9334717981812 -0.5
    endloop
  endfacet
  facet normal 0 0 -1
    outer loop
      vertex -79.32842712474618 -79.32842712474618 -0.5
      vertex -67.2343217059888 -64.9334717981812 -0.5
      vertex -67.20873541826715 -64.99842637366365 -0.5
    endloop
  endfacet
  facet normal 0 0 -1
    outer loop
      vertex -79.32842712474618 -79.32842712474618 -0.5
      vertex -67.20873541826715 -64.99842637366365 -0.5
      vertex -67.18201941380975 -65.0629245139571 -0.5
    endloop
  endfacet
  facet normal 0 0 -1
    outer loop
      vertex -79.32842712474618 -79.32842712474618 -0.5
      vertex -67.18201941380975 -65.0629245139571 -0.5
      vertex -67.15418183057041 -65.1269465723032 -0.5
    endloop
  endfacet
  facet normal 0 0 -1
    outer loop
      vertex -79.32842712474618 -79.32842712474618 -0.5
      vertex -67.15418183057041 -65.1269465723032 -0.5
      vertex -67.1252311481466 -65.1904730469628 -0.5
    endloop
  endfacet
  facet normal 0 0 -1
    outer loop
      vertex -79.32842712474618 -79.32842712474618 -0.5
      vertex -67.1252311481466 -65.1904730469628 -0.5
      vertex -67.09517618519666 -65.25348458715631 -0.5
    endloop
  endfacet
  facet normal 0 0 -1
    outer loop
      vertex -79.32842712474618 -79.32842712474618 -0.5
      vertex -67.09517618519666 -65.25348458715631 -0.5
      vertex -67.06402609675347 -65.31596199895819 -0.5
    endloop
  endfacet
  facet normal 0 0 -1
    outer loop
      vertex -79.32842712474618 -79.32842712474618 -0.5
      vertex -67.06402609675347 -65.31596199895819 -0.5
      vertex -67.0317903714357 -65.37788625114356 -0.5
    endloop
  endfacet
  facet normal 0 0 -1
    outer loop
      vertex -79.32842712474618 -79.32842712474618 -0.5
      vertex -67.0317903714357 -65.37788625114356 -0.5
      vertex -66.99847882855758 -65.43923848098535 -0.5
    endloop
  endfacet
  facet normal 0 0 -1
    outer loop
      vertex -79.32842712474618 -79.32842712474618 -0.5
      vertex -66.99847882855758 -65.43923848098535 -0.5
      vertex -66.96410161513775 -65.5 -0.5
    endloop
  endfacet
  facet normal 0 0 -1
    outer loop
      vertex -79.32842712474618 -79.32842712474618 -0.5
      vertex -66.96410161513775 -65.5 -0.5
      vertex -66.92866920280845 -65.56015229964022 -0.5
    endloop
  endfacet
  facet normal 0 0 -1
    outer loop
      vertex -79.32842712474618 -79.32842712474618 -0.5
      vertex -66.92866920280845 -65.56015229964022 -0.5
      vertex -66.8921923846257 -65.61967705693282 -0.5
    endloop
  endfacet
  facet normal 0 0 -1
    outer loop
      vertex -79.32842712474618 -79.32842712474618 -0.5
      vertex -66.8921923846257 -65.61967705693282 -0.5
      vertex -66.8546822717817 -65.67855614006011 -0.5
    endloop
  endfacet
  facet normal 0 0 -1
    outer loop
      vertex -79.32842712474618 -79.32842712474618 -0.5
      vertex -66.8546822717817 -65.67855614006011 -0.5
      vertex -66.81615029022016 -65.736771613883 -0.5
    endloop
  endfacet
  facet normal 0 0 -1
    outer loop
      vertex -79.32842712474618 -79.32842712474618 -0.5
      vertex -66.81615029022016 -65.736771613883 -0.5
      vertex -66.77660817715596 -65.79430574540419 -0.5
    endloop
  endfacet
  facet normal 0 0 -1
    outer loop
      vertex -79.32842712474618 -79.32842712474618 -0.5
      vertex -66.77660817715596 -65.79430574540419 -0.5
      vertex -66.73606797749979 -65.8511410091699 -0.5
    endloop
  endfacet
  facet normal 0 0 -1
    outer loop
      vertex -79.32842712474618 -79.32842712474618 -0.5
      vertex -66.73606797749979 -65.8511410091699 -0.5
      vertex -66.69454204018918 -65.9072600926082 -0.5
    endloop
  endfacet
  facet normal 0 0 -1
    outer loop
      vertex -79.32842712474618 -79.32842712474618 -0.5
      vertex -66.69454204018918 -65.9072600926082 -0.5
      vertex -66.6520430144269 -65.96264590130264 -0.5
    endloop
  endfacet
  facet normal 0 0 -1
    outer loop
      vertex -79.32842712474618 -79.32842712474618 -0.5
      vertex -66.6520430144269 -65.96264590130264 -0.5
      vertex -66.60858384582788 -66.01728156419935 -0.5
    endloop
  endfacet
  facet normal 0 0 -1
    outer loop
      vertex -79.32842712474618 -79.32842712474618 -0.5
      vertex -66.60858384582788 -66.01728156419935 -0.5
      vertex -66.56417777247592 -66.07115043874616 -0.5
    endloop
  endfacet
  facet normal 0 0 -1
    outer loop
      vertex -79.32842712474618 -79.32842712474618 -0.5
      vertex -66.56417777247592 -66.07115043874616 -0.5
      vertex -66.51883832089109 -66.12423611596203 -0.5
    endloop
  endfacet
  facet normal 0 0 -1
    outer loop
      vertex -79.32842712474618 -79.32842712474618 -0.5
      vertex -66.51883832089109 -66.12423611596203 -0.5
      vertex -66.47257930190958 -66.17652242543544 -0.5
    endloop
  endfacet
  facet normal 0 0 -1
    outer loop
      vertex -79.32842712474618 -79.32842712474618 -0.5
      vertex -66.47257930190958 -66.17652242543544 -0.5
      vertex -66.42541480647668 -66.22799344024999 -0.5
    endloop
  endfacet
  facet normal 0 0 -1
    outer loop
      vertex -79.32842712474618 -79.32842712474618 -0.5
      vertex -66.42541480647668 -66.22799344024999 -0.5
      vertex -66.37735920135461 -66.27863348183598 -0.5
    endloop
  endfacet
  facet normal 0 0 -1
    outer loop
      vertex -79.32842712474618 -79.32842712474618 -0.5
      vertex -66.37735920135461 -66.27863348183598 -0.5
      vertex -66.32842712474618 -66.32842712474618 -0.5
    endloop
  endfacet
  facet normal 0 0 -1
    outer loop
      vertex -79.32842712474618 -79.32842712474618 -0.5
      vertex -66.32842712474618 -66.32842712474618 -0.5
      vertex -66.27863348183598 -66.37735920135461 -0.5
    endloop
  endfacet
  facet normal 0 0 -1
    outer loop
      vertex -79.32842712474618 -79.32842712474618 -0.5
      vertex -66.27863348183598 -66.37735920135461 -0.5
      vertex -66.22799344024999 -66.42541480647668 -0.5
    endloop
  endfacet
  facet normal 0 0 -1
    outer loop
      vertex -79.32842712474618 -79.32842712474618 -0.5
      vertex -66.22799344024999 -66.42541480647668 -0.5
      vertex -66.17652242543544 -66.47257930190958 -0.5
    endloop
  endfacet
  facet normal 0 0 -1
    outer loop
      vertex -79.32842712474618 -79.32842712474618 -0.5
      vertex -66.17652242543544 -66.47257930190958 -0.5
      vertex -66.12423611596203 -66.51883832089109 -0.5
    endloop
  endfacet
  facet normal 0 0 -1
    outer loop
      vertex -79.32842712474618 -79.32842712474618 -0.5
      vertex -66.12423611596203 -66.51883832089109 -0.5
      vertex -66.07115043874616 -66.56417777247592 -0.5
    endloop
  endfacet
  facet normal 0 0 -1
    outer loop
      vertex -79.32842712474618 -79.32842712474618 -0.5
      vertex -66.07115043874616 -66.56417777247592 -0.5
      vertex -66.01728156419935 -66.60858384582788 -0.5
    endloop
  endfacet
  facet normal 0 0 -1
    outer loop
      vertex -79.32842712474618 -79.32842712474618 -0.5
      vertex -66.01728156419935 -66.60858384582788 -0.5
      vertex -65.96264590130264 -66.6520430144269 -0.5
    endloop
  endfacet
  facet normal 0 0 -1
    outer loop
      vertex -79.32842712474618 -79.32842712474618 -0.5
      vertex -65.96264590130264 -66.6520430144269 -0.5
      vertex -65.9072600926082 -66.69454204018918 -0.5
    endloop
  endfacet
  facet normal 0 0 -1
    outer loop
      vertex -79.32842712474618 -79.32842712474618 -0.5
      vertex -65.9072600926082 -66.69454204018918 -0.5
      vertex -65.8511410091699 -66.73606797749979 -0.5
    endloop
  endfacet
  facet normal 0 0 -1
    outer loop
      vertex -79.32842712474618 -79.32842712474618 -0.5
      vertex -65.8511410091699 -66.73606797749979 -0.5
      vertex -65.79430574540419 -66.77660817715596 -0.5
    endloop
  endfacet
  facet normal 0 0 -1
    outer loop
      vertex -79.32842712474618 -79.32842712474618 -0.5
      vertex -65.79430574540419 -66.77660817715596 -0.5
      vertex -65.736771613883 -66.81615029022016 -0.5
    endloop
  endfacet
  facet normal 0 0 -1
    outer loop
      vertex -79.32842712474618 -79.32842712474618 -0.5
      vertex -65.736771613883 -66.81615029022016 -0.5
      vertex -65.67855614006011 -66.8546822717817 -0.5
    endloop
  endfacet
  facet normal 0 0 -1
    outer loop
      vertex -79.32842712474618 -79.32842712474618 -0.5
      vertex -65.67855614006011 -66.8546822717817 -0.5
      vertex -65.61967705693282 -66.8921923846257 -0.5
    endloop
  endfacet
  facet normal 0 0 -1
    outer loop
      vertex -79.32842712474618 -79.32842712474618 -0.5
      vertex -65.61967705693282 -66.8921923846257 -0.5
      vertex -65.56015229964022 -66.92866920280845 -0.5
    endloop
  endfacet
  facet normal 0 0 -1
    outer loop
      vertex -79.32842712474618 -79.32842712474618 -0.5
      vertex -65.56015229964022 -66.92866920280845 -0.5
      vertex -65.5 -66.96410161513775 -0.5
    endloop
  endfacet
  facet normal 0 0 -1
    outer loop
      vertex -79.32842712474618 -79.32842712474618 -0.5
      vertex -65.5 -66.96410161513775 -0.5
      vertex -65.43923848098535 -66.99847882855758 -0.5
    endloop
  endfacet
  facet normal 0 0 -1
    outer loop
      vertex -79.32842712474618 -79.32842712474618 -0.5
      vertex -65.43923848098535 -66.99847882855758 -0.5
      vertex -65.37788625114356 -67.0317903714357 -0.5
    endloop
  endfacet
  facet normal 0 0 -1
    outer loop
      vertex -79.32842712474618 -79.32842712474618 -0.5
      vertex -65.37788625114356 -67.0317903714357 -0.5
      vertex -65.31596199895819 -67.06402609675347 -0.5
    endloop
  endfacet
  facet normal 0 0 -1
    outer loop
      vertex -79.32842712474618 -79.32842712474618 -0.5
      vertex -65.31596199895819 -67.06402609675347 -0.5
      vertex -65.25348458715631 -67.09517618519666 -0.5
    endloop
  endfacet
  facet normal 0 0 -1
    outer loop
      vertex -79.32842712474618 -79.32842712474618 -0.5
      vertex -65.25348458715631 -67.09517618519666 -0.5
      vertex -65.1904730469628 -67.1252311481466 -0.5
    endloop
  endfacet
  facet normal 0 0 -1
    outer loop
      vertex -79.32842712474618 -79.32842712474618 -0.5
      vertex -65.1904730469628 -67.1252311481466 -0.5
      vertex -65.1269465723032 -67.15418183057041 -0.5
    endloop
  endfacet
  facet normal 0 0 -1
    outer loop
      vertex -79.32842712474618 -79.32842712474618 -0.5
      vertex -65.1269465723032 -67.15418183057041 -0.5
      vertex -65.0629245139571 -67.18201941380975 -0.5
    endloop
  endfacet
  facet normal 0 0 -1
    outer loop
      vertex -79.32842712474618 -79.32842712474618 -0.5
      vertex -65.0629245139571 -67.18201941380975 -0.5
      vertex -64.99842637366365 -67.20873541826715 -0.5
    endloop
  endfacet
  facet normal 0 0 -1
    outer loop
      vertex -79.32842712474618 -79.32842712474618 -0.5
      vertex -64.99842637366365 -67.20873541826715 -0.5
      vertex -64.9334717981812 -67.2343217059888 -0.5
    endloop
  endfacet
  facet normal 0 0 -1
    outer loop
      vertex -79.32842712474618 -79.32842712474618 -0.5
      vertex -64.9334717981812 -67.2343217059888 -0.5
      vertex -64.86808057330268 -67.25877048314364 -0.5
    endloop
  endfacet
  facet normal 0 0 -1
    outer loop
      vertex -79.32842712474618 -79.32842712474618 -0.5
      vertex -64.86808057330268 -67.25877048314364 -0.5
      vertex -64.80227261782862 -67.28207430239726 -0.5
    endloop
  endfacet
  facet normal 0 0 -1
    outer loop
      vertex -79.32842712474618 -79.32842712474618 -0.5
      vertex -64.80227261782862 -67.28207430239726 -0.5
      vertex -64.73606797749979 -67.30422606518061 -0.5
    endloop
  endfacet
  facet normal 0 0 -1
    outer loop
      vertex -79.32842712474618 -79.32842712474618 -0.5
      vertex -64.73606797749979 -67.30422606518061 -0.5
      vertex -64.66948681889095 -67.32521902385214 -0.5
    endloop
  endfacet
  facet normal 0 0 -1
    outer loop
      vertex -79.32842712474618 -79.32842712474618 -0.5
      vertex -64.66948681889095 -67.32521902385214 -0.5
      vertex -64.602549423268 -67.34504678375328 -0.5
    endloop
  endfacet
  facet normal 0 0 -1
    outer loop
      vertex -79.32842712474618 -79.32842712474618 -0.5
      vertex -64.602549423268 -67.34504678375328 -0.5
      vertex -64.53527618041008 -67.36370330515628 -0.5
    endloop
  endfacet
  facet normal 0 0 -1
    outer loop
      vertex -79.32842712474618 -79.32842712474618 -0.5
      vertex -64.53527618041008 -67.36370330515628 -0.5
      vertex -64.46768758239867 -67.38118290510398 -0.5
    endloop
  endfacet
  facet normal 0 0 -1
    outer loop
      vertex -79.32842712474618 -79.32842712474618 -0.5
      vertex -64.46768758239867 -67.38118290510398 -0.5
      vertex -64.39980421737546 -67.39748025914093 -0.5
    endloop
  endfacet
  facet normal 0 0 -1
    outer loop
      vertex -79.32842712474618 -79.32842712474618 -0.5
      vertex -64.39980421737546 -67.39748025914093 -0.5
      vertex -64.33164676327104 -67.41259040293522 -0.5
    endloop
  endfacet
  facet normal 0 0 -1
    outer loop
      vertex -79.32842712474618 -79.32842712474618 -0.5
      vertex -64.33164676327104 -67.41259040293522 -0.5
      vertex -64.26323598150618 -67.42650873379066 -0.5
    endloop
  endfacet
  facet normal 0 0 -1
    outer loop
      vertex -79.32842712474618 -79.32842712474618 -0.5
      vertex -64.26323598150618 -67.42650873379066 -0.5
      vertex -64.19459271066772 -67.43923101204884 -0.5
    endloop
  endfacet
  facet normal 0 0 -1
    outer loop
      vertex -79.32842712474618 -79.32842712474618 -0.5
      vertex -64.19459271066772 -67.43923101204884 -0.5
      vertex -64.12573786016092 -67.45075336238055 -0.5
    endloop
  endfacet
  facet normal 0 0 -1
    outer loop
      vertex -79.32842712474618 -79.32842712474618 -0.5
      vertex -64.12573786016092 -67.45075336238055 -0.5
      vertex -64.05669240384026 -67.46107227496628 -0.5
    endloop
  endfacet
  facet normal 0 0 -1
    outer loop
      vertex -79.32842712474618 -79.32842712474618 -0.5
      vertex -64.05669240384026 -67.46107227496628 -0.5
      vertex -63.98747737362059 -67.47018460656528 -0.5
    endloop
  endfacet
  facet normal 0 0 -1
    outer loop
      vertex -79.32842712474618 -79.32842712474618 -0.5
      vertex -63.98747737362059 -67.47018460656528 -0.5
      vertex -63.918113853070615 -67.47808758147309 -0.5
    endloop
  endfacet
  facet normal 0 0 -1
    outer loop
      vertex -79.32842712474618 -79.32842712474618 -0.5
      vertex -63.918113853070615 -67.47808758147309 -0.5
      vertex -63.84862297099063 -67.48477879236698 -0.5
    endloop
  endfacet
  facet normal 0 0 -1
    outer loop
      vertex -79.32842712474618 -79.32842712474618 -0.5
      vertex -63.84862297099063 -67.48477879236698 -0.5
      vertex -63.7790258949765 -67.4902562010393 -0.5
    endloop
  endfacet
  facet normal 0 0 -1
    outer loop
      vertex -79.32842712474618 -79.32842712474618 -0.5
      vertex -63.7790258949765 -67.4902562010393 -0.5
      vertex -63.709343824971775 -67.4945181390183 -0.5
    endloop
  endfacet
  facet normal 0 0 -1
    outer loop
      vertex -79.32842712474618 -79.32842712474618 -0.5
      vertex -63.709343824971775 -67.4945181390183 -0.5
      vertex -63.63959798681 -67.49756330807638 -0.5
    endloop
  endfacet
  facet normal 0 0 -1
    outer loop
      vertex -79.32842712474618 -79.32842712474618 -0.5
      vertex -63.63959798681 -67.49756330807638 -0.5
      vertex -63.56980962574914 -67.49939078062556 -0.5
    endloop
  endfacet
  facet normal 0 0 -1
    outer loop
      vertex -79.32842712474618 -79.32842712474618 -0.5
      vertex -63.56980962574914 -67.49939078062556 -0.5
      vertex -63.5 -67.5 -0.5
    endloop
  endfacet
  facet normal 0 0 -1
    outer loop
      vertex -79.32842712474618 -79.32842712474618 -0.5
      vertex -63.5 -67.5 -0.5
      vertex 63.5 -67.5 -0.5
    endloop
  endfacet
  facet normal 0 0 -1
    outer loop
      vertex -79.32842712474618 -79.32842712474618 -0.5
      vertex 63.5 -67.5 -0.5
      vertex 63.56980962574914 -67.49939078062556 -0.5
    endloop
  endfacet
  facet normal 0 0 -1
    outer loop
      vertex -79.32842712474618 -79.32842712474618 -0.5
      vertex 63.56980962574914 -67.49939078062556 -0.5
      vertex 63.63959798681 -67.49756330807638 -0.5
    endloop
  endfacet
  facet normal 0 0 -1
    outer loop
      vertex -79.32842712474618 -79.32842712474618 -0.5
      vertex 63.63959798681 -67.49756330807638 -0.5
      vertex 63.709343824971775 -67.4945181390183 -0.5
    endloop
  endfacet
  facet normal 0 0 -1
    outer loop
      vertex -79.32842712474618 -79.32842712474618 -0.5
      vertex 63.709343824971775 -67.4945181390183 -0.5
      vertex 63.7790258949765 -67.4902562010393 -0.5
    endloop
  endfacet
  facet normal 0 0 -1
    outer loop
      vertex -79.32842712474618 -79.32842712474618 -0.5
      vertex 63.7790258949765 -67.4902562010393 -0.5
      vertex 63.84862297099063 -67.48477879236698 -0.5
    endloop
  endfacet
  facet normal 0 0 -1
    outer loop
      vertex -79.32842712474618 -79.32842712474618 -0.5
      vertex 63.84862297099063 -67.48477879236698 -0.5
      vertex 80.5 -76.5 -0.5
    endloop
  endfacet
  facet normal 0 0 -1
    outer loop
      vertex -79.32842712474618 -79.32842712474618 -0.5
      vertex 79.32842712474618 -79.32842712474618 -0.5
      vertex -78.0629245139571 -80.18201941380975 -0.5
    endloop
  endfacet
  facet normal 0 0 -1
    outer loop
      vertex -79.32842712474618 -79.32842712474618 -0.5
      vertex 80.5 -76.5 -0.5
      vertex 79.32842712474618 -79.32842712474618 -0.5
    endloop
  endfacet
  facet normal -0.700909264299904 -0.7132504491541296 0
    outer loop
      vertex -79.32842712474618 -79.32842712474618 0.5
      vertex -79.27863348183598 -79.37735920135461 -0.5
      vertex -79.27863348183598 -79.37735920135461 0.5
    endloop
  endfacet
  facet normal 0 0 1
    outer loop
      vertex -79.32842712474618 -79.32842712474618 0.5
      vertex -79.27863348183598 -79.37735920135461 0.5
      vertex -79.22799344024999 -79.42541480647668 0.5
    endloop
  endfacet
  facet normal 0 0 1
    outer loop
      vertex -79.32842712474618 -79.32842712474618 0.5
      vertex -79.22799344024999 -79.42541480647668 0.5
      vertex -79.07115043874616 -79.56417777247592 0.5
    endloop
  endfacet
  facet normal 0 0 1
    outer loop
      vertex -79.32842712474618 -79.32842712474618 0.5
      vertex -79.07115043874616 -79.56417777247592 0.5
      vertex -78.736771613883 -79.81615029022016 0.5
    endloop
  endfacet
  facet normal 0 0 1
    outer loop
      vertex -79.32842712474618 -79.32842712474618 0.5
      vertex -78.736771613883 -79.81615029022016 0.5
      vertex -77.99842637366365 -80.20873541826715 0.5
    endloop
  endfacet
  facet normal 0 0 1
    outer loop
      vertex -79.32842712474618 -79.32842712474618 0.5
      vertex -77.99842637366365 -80.20873541826715 0.5
      vertex -76.5 -80.5 0.5
    endloop
  endfacet
  facet normal 0 0 1
    outer loop
      vertex -79.32842712474618 -79.32842712474618 0.5
      vertex -76.5 -80.5 0.5
      vertex 79.32842712474618 -79.32842712474618 0.5
    endloop
  endfacet
  facet normal 0 0 1
    outer loop
      vertex -79.32842712474618 -79.32842712474618 0.5
      vertex -67.48477879236698 -63.84862297099063 0.5
      vertex -79.32842712474618 79.32842712474618 0.5
    endloop
  endfacet
  facet normal 0 0 1
    outer loop
      vertex -79.32842712474618 -79.32842712474618 0.5
      vertex -67.47808758147309 -63.918113853070615 0.5
      vertex -67.48477879236698 -63.84862297099063 0.5
    endloop
  endfacet
  facet normal 0 0 1
    outer loop
      vertex -79.32842712474618 -79.32842712474618 0.5
      vertex -67.47018460656528 -63.98747737362059 0.5
      vertex -67.47808758147309 -63.918113853070615 0.5
    endloop
  endfacet
  facet normal 0 0 1
    outer loop
      vertex -79.32842712474618 -79.32842712474618 0.5
      vertex -67.46107227496628 -64.05669240384026 0.5
      vertex -67.47018460656528 -63.98747737362059 0.5
    endloop
  endfacet
  facet normal 0 0 1
    outer loop
      vertex -79.32842712474618 -79.32842712474618 0.5
      vertex -67.45075336238055 -64.12573786016092 0.5
      vertex -67.46107227496628 -64.05669240384026 0.5
    endloop
  endfacet
  facet normal 0 0 1
    outer loop
      vertex -79.32842712474618 -79.32842712474618 0.5
      vertex -67.43923101204884 -64.19459271066772 0.5
      vertex -67.45075336238055 -64.12573786016092 0.5
    endloop
  endfacet
  facet normal 0 0 1
    outer loop
      vertex -79.32842712474618 -79.32842712474618 0.5
      vertex -67.42650873379066 -64.26323598150618 0.5
      vertex -67.43923101204884 -64.19459271066772 0.5
    endloop
  endfacet
  facet normal 0 0 1
    outer loop
      vertex -79.32842712474618 -79.32842712474618 0.5
      vertex -67.41259040293522 -64.33164676327104 0.5
      vertex -67.42650873379066 -64.26323598150618 0.5
    endloop
  endfacet
  facet normal 0 0 1
    outer loop
      vertex -79.32842712474618 -79.32842712474618 0.5
      vertex -67.39748025914093 -64.39980421737546 0.5
      vertex -67.41259040293522 -64.33164676327104 0.5
    endloop
  endfacet
  facet normal 0 0 1
    outer loop
      vertex -79.32842712474618 -79.32842712474618 0.5
      vertex -67.38118290510398 -64.46768758239867 0.5
      vertex -67.39748025914093 -64.39980421737546 0.5
    endloop
  endfacet
  facet normal 0 0 1
    outer loop
      vertex -79.32842712474618 -79.32842712474618 0.5
      vertex -67.36370330515628 -64.53527618041008 0.5
      vertex -67.38118290510398 -64.46768758239867 0.5
    endloop
  endfacet
  facet normal 0 0 1
    outer loop
      vertex -79.32842712474618 -79.32842712474618 0.5
      vertex -67.34504678375328 -64.602549423268 0.5
      vertex -67.36370330515628 -64.53527618041008 0.5
    endloop
  endfacet
  facet normal 0 0 1
    outer loop
      vertex -79.32842712474618 -79.32842712474618 0.5
      vertex -67.32521902385214 -64.66948681889095 0.5
      vertex -67.34504678375328 -64.602549423268 0.5
    endloop
  endfacet
  facet normal 0 0 1
    outer loop
      vertex -79.32842712474618 -79.32842712474618 0.5
      vertex -67.30422606518061 -64.73606797749979 0.5
      vertex -67.32521902385214 -64.66948681889095 0.5
    endloop
  endfacet
  facet normal 0 0 1
    outer loop
      vertex -79.32842712474618 -79.32842712474618 0.5
      vertex -67.28207430239726 -64.80227261782862 0.5
      vertex -67.30422606518061 -64.73606797749979 0.5
    endloop
  endfacet
  facet normal 0 0 1
    outer loop
      vertex -79.32842712474618 -79.32842712474618 0.5
      vertex -67.25877048314364 -64.86808057330268 0.5
      vertex -67.28207430239726 -64.80227261782862 0.5
    endloop
  endfacet
  facet normal 0 0 1
    outer loop
      vertex -79.32842712474618 -79.32842712474618 0.5
      vertex -67.2343217059888 -64.9334717981812 0.5
      vertex -67.25877048314364 -64.86808057330268 0.5
    endloop
  endfacet
  facet normal 0 0 1
    outer loop
      vertex -79.32842712474618 -79.32842712474618 0.5
      vertex -67.20873541826715 -64.99842637366365 0.5
      vertex -67.2343217059888 -64.9334717981812 0.5
    endloop
  endfacet
  facet normal 0 0 1
    outer loop
      vertex -79.32842712474618 -79.32842712474618 0.5
      vertex -67.18201941380975 -65.0629245139571 0.5
      vertex -67.20873541826715 -64.99842637366365 0.5
    endloop
  endfacet
  facet normal 0 0 1
    outer loop
      vertex -79.32842712474618 -79.32842712474618 0.5
      vertex -67.15418183057041 -65.1269465723032 0.5
      vertex -67.18201941380975 -65.0629245139571 0.5
    endloop
  endfacet
  facet normal 0 0 1
    outer loop
      vertex -79.32842712474618 -79.32842712474618 0.5
      vertex -67.1252311481466 -65.1904730469628 0.5
      vertex -67.15418183057041 -65.1269465723032 0.5
    endloop
  endfacet
  facet normal 0 0 1
    outer loop
      vertex -79.32842712474618 -79.32842712474618 0.5
      vertex -67.09517618519666 -65.25348458715631 0.5
      vertex -67.1252311481466 -65.1904730469628 0.5
    endloop
  endfacet
  facet normal 0 0 1
    outer loop
      vertex -79.32842712474618 -79.32842712474618 0.5
      vertex -67.06402609675347 -65.31596199895819 0.5
      vertex -67.09517618519666 -65.25348458715631 0.5
    endloop
  endfacet
  facet normal 0 0 1
    outer loop
      vertex -79.32842712474618 -79.32842712474618 0.5
      vertex -67.0317903714357 -65.37788625114356 0.5
      vertex -67.06402609675347 -65.31596199895819 0.5
    endloop
  endfacet
  facet normal 0 0 1
    outer loop
      vertex -79.32842712474618 -79.32842712474618 0.5
      vertex -66.99847882855758 -65.43923848098535 0.5
      vertex -67.0317903714357 -65.37788625114356 0.5
    endloop
  endfacet
  facet normal 0 0 1
    outer loop
      vertex -79.32842712474618 -79.32842712474618 0.5
      vertex -66.96410161513775 -65.5 0.5
      vertex -66.99847882855758 -65.43923848098535 0.5
    endloop
  endfacet
  facet normal 0 0 1
    outer loop
      vertex -79.32842712474618 -79.32842712474618 0.5
      vertex -66.92866920280845 -65.56015229964022 0.5
      vertex -66.96410161513775 -65.5 0.5
    endloop
  endfacet
  facet normal 0 0 1
    outer loop
      vertex -79.32842712474618 -79.32842712474618 0.5
      vertex -66.8921923846257 -65.61967705693282 0.5
      vertex -66.92866920280845 -65.56015229964022 0.5
    endloop
  endfacet
  facet normal 0 0 1
    outer loop
      vertex -79.32842712474618 -79.32842712474618 0.5
      vertex -66.8546822717817 -65.67855614006011 0.5
      vertex -66.8921923846257 -65.61967705693282 0.5
    endloop
  endfacet
  facet normal 0 0 1
    outer loop
      vertex -79.32842712474618 -79.32842712474618 0.5
      vertex -66.81615029022016 -65.736771613883 0.5
      vertex -66.8546822717817 -65.67855614006011 0.5
    endloop
  endfacet
  facet normal 0 0 1
    outer loop
      vertex -79.32842712474618 -79.32842712474618 0.5
      vertex -66.77660817715596 -65.79430574540419 0.5
      vertex -66.81615029022016 -65.736771613883 0.5
    endloop
  endfacet
  facet normal 0 0 1
    outer loop
      vertex -79.32842712474618 -79.32842712474618 0.5
      vertex -66.73606797749979 -65.8511410091699 0.5
      vertex -66.77660817715596 -65.79430574540419 0.5
    endloop
  endfacet
  facet normal 0 0 1
    outer loop
      vertex -79.32842712474618 -79.32842712474618 0.5
      vertex -66.69454204018918 -65.9072600926082 0.5
      vertex -66.73606797749979 -65.8511410091699 0.5
    endloop
  endfacet
  facet normal 0 0 1
    outer loop
      vertex -79.32842712474618 -79.32842712474618 0.5
      vertex -66.6520430144269 -65.96264590130264 0.5
      vertex -66.69454204018918 -65.9072600926082 0.5
    endloop
  endfacet
  facet normal 0 0 1
    outer loop
      vertex -79.32842712474618 -79.32842712474618 0.5
      vertex -66.60858384582788 -66.01728156419935 0.5
      vertex -66.6520430144269 -65.96264590130264 0.5
    endloop
  endfacet
  facet normal 0 0 1
    outer loop
      vertex -79.32842712474618 -79.32842712474618 0.5
      vertex -66.56417777247592 -66.07115043874616 0.5
      vertex -66.60858384582788 -66.01728156419935 0.5
    endloop
  endfacet
  facet normal 0 0 1
    outer loop
      vertex -79.32842712474618 -79.32842712474618 0.5
      vertex -66.51883832089109 -66.12423611596203 0.5
      vertex -66.56417777247592 -66.07115043874616 0.5
    endloop
  endfacet
  facet normal 0 0 1
    outer loop
      vertex -79.32842712474618 -79.32842712474618 0.5
      vertex -66.47257930190958 -66.17652242543544 0.5
      vertex -66.51883832089109 -66.12423611596203 0.5
    endloop
  endfacet
  facet normal 0 0 1
    outer loop
      vertex -79.32842712474618 -79.32842712474618 0.5
      vertex -66.42541480647668 -66.22799344024999 0.5
      vertex -66.47257930190958 -66.17652242543544 0.5
    endloop
  endfacet
  facet normal 0 0 1
    outer loop
      vertex -79.32842712474618 -79.32842712474618 0.5
      vertex -66.37735920135461 -66.27863348183598 0.5
      vertex -66.42541480647668 -66.22799344024999 0.5
    endloop
  endfacet
  facet normal 0 0 1
    outer loop
      vertex -79.32842712474618 -79.32842712474618 0.5
      vertex -66.32842712474618 -66.32842712474618 0.5
      vertex -66.37735920135461 -66.27863348183598 0.5
    endloop
  endfacet
  facet normal 0 0 1
    outer loop
      vertex -79.32842712474618 -79.32842712474618 0.5
      vertex -66.27863348183598 -66.37735920135461 0.5
      vertex -66.32842712474618 -66.32842712474618 0.5
    endloop
  endfacet
  facet normal 0 0 1
    outer loop
      vertex -79.32842712474618 -79.32842712474618 0.5
      vertex -66.22799344024999 -66.42541480647668 0.5
      vertex -66.27863348183598 -66.37735920135461 0.5
    endloop
  endfacet
  facet normal 0 0 1
    outer loop
      vertex -79.32842712474618 -79.32842712474618 0.5
      vertex -66.17652242543544 -66.47257930190958 0.5
      vertex -66.22799344024999 -66.42541480647668 0.5
    endloop
  endfacet
  facet normal 0 0 1
    outer loop
      vertex -79.32842712474618 -79.32842712474618 0.5
      vertex -66.12423611596203 -66.51883832089109 0.5
      vertex -66.17652242543544 -66.47257930190958 0.5
    endloop
  endfacet
  facet normal 0 0 1
    outer loop
      vertex -79.32842712474618 -79.32842712474618 0.5
      vertex -66.07115043874616 -66.56417777247592 0.5
      vertex -66.12423611596203 -66.51883832089109 0.5
    endloop
  endfacet
  facet normal 0 0 1
    outer loop
      vertex -79.32842712474618 -79.32842712474618 0.5
      vertex -66.01728156419935 -66.60858384582788 0.5
      vertex -66.07115043874616 -66.56417777247592 0.5
    endloop
  endfacet
  facet normal 0 0 1
    outer loop
      vertex -79.32842712474618 -79.32842712474618 0.5
      vertex -65.96264590130264 -66.6520430144269 0.5
      vertex -66.01728156419935 -66.60858384582788 0.5
    endloop
  endfacet
  facet normal 0 0 1
    outer loop
      vertex -79.32842712474618 -79.32842712474618 0.5
      vertex -65.9072600926082 -66.69454204018918 0.5
      vertex -65.96264590130264 -66.6520430144269 0.5
    endloop
  endfacet
  facet normal 0 0 1
    outer loop
      vertex -79.32842712474618 -79.32842712474618 0.5
      vertex -65.8511410091699 -66.73606797749979 0.5
      vertex -65.9072600926082 -66.69454204018918 0.5
    endloop
  endfacet
  facet normal 0 0 1
    outer loop
      vertex -79.32842712474618 -79.32842712474618 0.5
      vertex -65.79430574540419 -66.77660817715596 0.5
      vertex -65.8511410091699 -66.73606797749979 0.5
    endloop
  endfacet
  facet normal 0 0 1
    outer loop
      vertex -79.32842712474618 -79.32842712474618 0.5
      vertex -65.736771613883 -66.81615029022016 0.5
      vertex -65.79430574540419 -66.77660817715596 0.5
    endloop
  endfacet
  facet normal 0 0 1
    outer loop
      vertex -79.32842712474618 -79.32842712474618 0.5
      vertex -65.67855614006011 -66.8546822717817 0.5
      vertex -65.736771613883 -66.81615029022016 0.5
    endloop
  endfacet
  facet normal 0 0 1
    outer loop
      vertex -79.32842712474618 -79.32842712474618 0.5
      vertex -65.61967705693282 -66.8921923846257 0.5
      vertex -65.67855614006011 -66.8546822717817 0.5
    endloop
  endfacet
  facet normal 0 0 1
    outer loop
      vertex -79.32842712474618 -79.32842712474618 0.5
      vertex -65.56015229964022 -66.92866920280845 0.5
      vertex -65.61967705693282 -66.8921923846257 0.5
    endloop
  endfacet
  facet normal 0 0 1
    outer loop
      vertex -79.32842712474618 -79.32842712474618 0.5
      vertex -65.5 -66.96410161513775 0.5
      vertex -65.56015229964022 -66.92866920280845 0.5
    endloop
  endfacet
  facet normal 0 0 1
    outer loop
      vertex -79.32842712474618 -79.32842712474618 0.5
      vertex -65.43923848098535 -66.99847882855758 0.5
      vertex -65.5 -66.96410161513775 0.5
    endloop
  endfacet
  facet normal 0 0 1
    outer loop
      vertex -79.32842712474618 -79.32842712474618 0.5
      vertex -65.37788625114356 -67.0317903714357 0.5
      vertex -65.43923848098535 -66.99847882855758 0.5
    endloop
  endfacet
  facet normal 0 0 1
    outer loop
      vertex -79.32842712474618 -79.32842712474618 0.5
      vertex -65.31596199895819 -67.06402609675347 0.5
      vertex -65.37788625114356 -67.0317903714357 0.5
    endloop
  endfacet
  facet normal 0 0 1
    outer loop
      vertex -79.32842712474618 -79.32842712474618 0.5
      vertex -65.25348458715631 -67.09517618519666 0.5
      vertex -65.31596199895819 -67.06402609675347 0.5
    endloop
  endfacet
  facet normal 0 0 1
    outer loop
      vertex -79.32842712474618 -79.32842712474618 0.5
      vertex -65.1904730469628 -67.1252311481466 0.5
      vertex -65.25348458715631 -67.09517618519666 0.5
    endloop
  endfacet
  facet normal 0 0 1
    outer loop
      vertex -79.32842712474618 -79.32842712474618 0.5
      vertex -65.1269465723032 -67.15418183057041 0.5
      vertex -65.1904730469628 -67.1252311481466 0.5
    endloop
  endfacet
  facet normal 0 0 1
    outer loop
      vertex -79.32842712474618 -79.32842712474618 0.5
      vertex -65.0629245139571 -67.18201941380975 0.5
      vertex -65.1269465723032 -67.15418183057041 0.5
    endloop
  endfacet
  facet normal 0 0 1
    outer loop
      vertex -79.32842712474618 -79.32842712474618 0.5
      vertex -64.99842637366365 -67.20873541826715 0.5
      vertex -65.0629245139571 -67.18201941380975 0.5
    endloop
  endfacet
  facet normal 0 0 1
    outer loop
      vertex -79.32842712474618 -79.32842712474618 0.5
      vertex -64.9334717981812 -67.2343217059888 0.5
      vertex -64.99842637366365 -67.20873541826715 0.5
    endloop
  endfacet
  facet normal 0 0 1
    outer loop
      vertex -79.32842712474618 -79.32842712474618 0.5
      vertex -64.86808057330268 -67.25877048314364 0.5
      vertex -64.9334717981812 -67.2343217059888 0.5
    endloop
  endfacet
  facet normal 0 0 1
    outer loop
      vertex -79.32842712474618 -79.32842712474618 0.5
      vertex -64.80227261782862 -67.28207430239726 0.5
      vertex -64.86808057330268 -67.25877048314364 0.5
    endloop
  endfacet
  facet normal 0 0 1
    outer loop
      vertex -79.32842712474618 -79.32842712474618 0.5
      vertex -64.73606797749979 -67.30422606518061 0.5
      vertex -64.80227261782862 -67.28207430239726 0.5
    endloop
  endfacet
  facet normal 0 0 1
    outer loop
      vertex -79.32842712474618 -79.32842712474618 0.5
      vertex -64.66948681889095 -67.32521902385214 0.5
      vertex -64.73606797749979 -67.30422606518061 0.5
    endloop
  endfacet
  facet normal 0 0 1
    outer loop
      vertex -79.32842712474618 -79.32842712474618 0.5
      vertex -64.602549423268 -67.34504678375328 0.5
      vertex -64.66948681889095 -67.32521902385214 0.5
    endloop
  endfacet
  facet normal 0 0 1
    outer loop
      vertex -79.32842712474618 -79.32842712474618 0.5
      vertex -64.53527618041008 -67.36370330515628 0.5
      vertex -64.602549423268 -67.34504678375328 0.5
    endloop
  endfacet
  facet normal 0 0 1
    outer loop
      vertex -79.32842712474618 -79.32842712474618 0.5
      vertex -64.46768758239867 -67.38118290510398 0.5
      vertex -64.53527618041008 -67.36370330515628 0.5
    endloop
  endfacet
  facet normal 0 0 1
    outer loop
      vertex -79.32842712474618 -79.32842712474618 0.5
      vertex -64.39980421737546 -67.39748025914093 0.5
      vertex -64.46768758239867 -67.38118290510398 0.5
    endloop
  endfacet
  facet normal 0 0 1
    outer loop
      vertex -79.32842712474618 -79.32842712474618 0.5
      vertex -64.33164676327104 -67.41259040293522 0.5
      vertex -64.39980421737546 -67.39748025914093 0.5
    endloop
  endfacet
  facet normal 0 0 1
    outer loop
      vertex -79.32842712474618 -79.32842712474618 0.5
      vertex -64.26323598150618 -67.42650873379066 0.5
      vertex -64.33164676327104 -67.41259040293522 0.5
    endloop
  endfacet
  facet normal 0 0 1
    outer loop
      vertex -79.32842712474618 -79.32842712474618 0.5
      vertex -64.19459271066772 -67.43923101204884 0.5
      vertex -64.26323598150618 -67.42650873379066 0.5
    endloop
  endfacet
  facet normal 0 0 1
    outer loop
      vertex -79.32842712474618 -79.32842712474618 0.5
      vertex -64.12573786016092 -67.45075336238055 0.5
      vertex -64.19459271066772 -67.43923101204884 0.5
    endloop
  endfacet
  facet normal 0 0 1
    outer loop
      vertex -79.32842712474618 -79.32842712474618 0.5
      vertex -64.05669240384026 -67.46107227496628 0.5
      vertex -64.12573786016092 -67.45075336238055 0.5
    endloop
  endfacet
  facet normal 0 0 1
    outer loop
      vertex -79.32842712474618 -79.32842712474618 0.5
      vertex -63.98747737362059 -67.47018460656528 0.5
      vertex -64.05669240384026 -67.46107227496628 0.5
    endloop
  endfacet
  facet normal 0 0 1
    outer loop
      vertex -79.32842712474618 -79.32842712474618 0.5
      vertex -63.918113853070615 -67.47808758147309 0.5
      vertex -63.98747737362059 -67.47018460656528 0.5
    endloop
  endfacet
  facet normal 0 0 1
    outer loop
      vertex -79.32842712474618 -79.32842712474618 0.5
      vertex -63.84862297099063 -67.48477879236698 0.5
      vertex -63.918113853070615 -67.47808758147309 0.5
    endloop
  endfacet
  facet normal 0 0 1
    outer loop
      vertex -79.32842712474618 -79.32842712474618 0.5
      vertex 79.32842712474618 -79.32842712474618 0.5
      vertex -63.84862297099063 -67.48477879236698 0.5
    endloop
  endfacet
  facet normal -0.700909264299904 0.7132504491541296 0
    outer loop
      vertex -79.32842712474618 79.32842712474618 -0.5
      vertex -79.32842712474618 79.32842712474618 0.5
      vertex -79.27863348183598 79.37735920135461 0.4900000000000002
    endloop
  endfacet
  facet normal 0 0 -1
    outer loop
      vertex -79.32842712474618 79.32842712474618 -0.5
      vertex -79.27863348183598 79.37735920135461 -0.5
      vertex -79.17652242543544 79.47257930190958 -0.5
    endloop
  endfacet
  facet normal -0.7009092642999039 0.7132504491541295 0
    outer loop
      vertex -79.32842712474618 79.32842712474618 -0.5
      vertex -79.27863348183598 79.37735920135461 0.4900000000000002
      vertex -79.27863348183598 79.37735920135461 -0.5
    endloop
  endfacet
  facet normal 0 0 -1
    outer loop
      vertex -79.32842712474618 79.32842712474618 -0.5
      vertex -79.17652242543544 79.47257930190958 -0.5
      vertex -79.07115043874616 79.56417777247592 -0.5
    endloop
  endfacet
  facet normal 0 0 -1
    outer loop
      vertex -79.32842712474618 79.32842712474618 -0.5
      vertex -79.07115043874616 79.56417777247592 -0.5
      vertex -78.736771613883 79.81615029022016 -0.5
    endloop
  endfacet
  facet normal 0 0 -1
    outer loop
      vertex -79.32842712474618 79.32842712474618 -0.5
      vertex -78.736771613883 79.81615029022016 -0.5
      vertex -78.0629245139571 80.18201941380975 -0.5
    endloop
  endfacet
  facet normal 0 0 -1
    outer loop
      vertex -79.32842712474618 79.32842712474618 -0.5
      vertex -78.0629245139571 80.18201941380975 -0.5
      vertex -76.5 80.5 -0.5
    endloop
  endfacet
  facet normal -0.7009092642999039 0.7132504491541295 0
    outer loop
      vertex -79.32842712474618 79.32842712474618 0.5
      vertex -79.27863348183598 79.37735920135461 0.5
      vertex -79.27863348183598 79.37735920135461 0.4900000000000002
    endloop
  endfacet
  facet normal 0 0 1
    outer loop
      vertex -79.32842712474618 79.32842712474618 0.5
      vertex -79.22799344024999 79.42541480647668 0.5
      vertex -79.27863348183598 79.37735920135461 0.5
    endloop
  endfacet
  facet normal 0 0 1
    outer loop
      vertex -79.32842712474618 79.32842712474618 0.5
      vertex -79.07115043874616 79.56417777247592 0.5
      vertex -79.22799344024999 79.42541480647668 0.5
    endloop
  endfacet
  facet normal 0 0 1
    outer loop
      vertex -79.32842712474618 79.32842712474618 0.5
      vertex -78.736771613883 79.81615029022016 0.5
      vertex -79.07115043874616 79.56417777247592 0.5
    endloop
  endfacet
  facet normal 0 0 1
    outer loop
      vertex -79.32842712474618 79.32842712474618 0.5
      vertex -78.0629245139571 80.18201941380975 0.5
      vertex -78.736771613883 79.81615029022016 0.5
    endloop
  endfacet
  facet normal 0 0 1
    outer loop
      vertex -79.32842712474618 79.32842712474618 0.5
      vertex -76.5 80.5 0.5
      vertex -78.0629245139571 80.18201941380975 0.5
    endloop
  endfacet
  facet normal 0 0 1
    outer loop
      vertex -79.32842712474618 79.32842712474618 0.5
      vertex -67.5 -63.5 0.5
      vertex -67.5 63.5 0.5
    endloop
  endfacet
  facet normal 0 0 1
    outer loop
      vertex -79.32842712474618 79.32842712474618 0.5
      vertex -67.5 63.5 0.5
      vertex -67.49939078062556 63.56980962574914 0.5
    endloop
  endfacet
  facet normal 0 0 1
    outer loop
      vertex -79.32842712474618 79.32842712474618 0.5
      vertex -67.49939078062556 -63.56980962574914 0.5
      vertex -67.5 -63.5 0.5
    endloop
  endfacet
  facet normal 0 0 1
    outer loop
      vertex -79.32842712474618 79.32842712474618 0.5
      vertex -67.49939078062556 63.56980962574914 0.5
      vertex -67.49756330807638 63.63959798681 0.5
    endloop
  endfacet
  facet normal 0 0 1
    outer loop
      vertex -79.32842712474618 79.32842712474618 0.5
      vertex -67.49756330807638 -63.63959798681 0.5
      vertex -67.49939078062556 -63.56980962574914 0.5
    endloop
  endfacet
  facet normal 0 0 1
    outer loop
      vertex -79.32842712474618 79.32842712474618 0.5
      vertex -67.49756330807638 63.63959798681 0.5
      vertex -67.4945181390183 63.709343824971775 0.5
    endloop
  endfacet
  facet normal 0 0 1
    outer loop
      vertex -79.32842712474618 79.32842712474618 0.5
      vertex -67.4945181390183 -63.709343824971775 0.5
      vertex -67.49756330807638 -63.63959798681 0.5
    endloop
  endfacet
  facet normal 0 0 1
    outer loop
      vertex -79.32842712474618 79.32842712474618 0.5
      vertex -67.4945181390183 63.709343824971775 0.5
      vertex -67.4902562010393 63.7790258949765 0.5
    endloop
  endfacet
  facet normal 0 0 1
    outer loop
      vertex -79.32842712474618 79.32842712474618 0.5
      vertex -67.4902562010393 -63.7790258949765 0.5
      vertex -67.4945181390183 -63.709343824971775 0.5
    endloop
  endfacet
  facet normal 0 0 1
    outer loop
      vertex -79.32842712474618 79.32842712474618 0.5
      vertex -67.4902562010393 63.7790258949765 0.5
      vertex -67.48477879236698 63.84862297099063 0.5
    endloop
  endfacet
  facet normal 0 0 1
    outer loop
      vertex -79.32842712474618 79.32842712474618 0.5
      vertex -67.48477879236698 -63.84862297099063 0.5
      vertex -67.4902562010393 -63.7790258949765 0.5
    endloop
  endfacet
  facet normal 0 0 1
    outer loop
      vertex -79.32842712474618 79.32842712474618 0.5
      vertex -67.48477879236698 63.84862297099063 0.5
      vertex -67.47808758147309 63.918113853070615 0.5
    endloop
  endfacet
  facet normal 0 0 1
    outer loop
      vertex -79.32842712474618 79.32842712474618 0.5
      vertex -67.47808758147309 63.918113853070615 0.5
      vertex -67.47018460656528 63.98747737362059 0.5
    endloop
  endfacet
  facet normal 0 0 1
    outer loop
      vertex -79.32842712474618 79.32842712474618 0.5
      vertex -67.47018460656528 63.98747737362059 0.5
      vertex -67.46107227496628 64.05669240384026 0.5
    endloop
  endfacet
  facet normal 0 0 1
    outer loop
      vertex -79.32842712474618 79.32842712474618 0.5
      vertex -67.46107227496628 64.05669240384026 0.5
      vertex -67.45075336238055 64.12573786016092 0.5
    endloop
  endfacet
  facet normal 0 0 1
    outer loop
      vertex -79.32842712474618 79.32842712474618 0.5
      vertex -67.45075336238055 64.12573786016092 0.5
      vertex -67.43923101204884 64.19459271066772 0.5
    endloop
  endfacet
  facet normal 0 0 1
    outer loop
      vertex -79.32842712474618 79.32842712474618 0.5
      vertex -67.43923101204884 64.19459271066772 0.5
      vertex -67.42650873379066 64.26323598150618 0.5
    endloop
  endfacet
  facet normal 0 0 1
    outer loop
      vertex -79.32842712474618 79.32842712474618 0.5
      vertex -67.42650873379066 64.26323598150618 0.5
      vertex -67.41259040293522 64.33164676327104 0.5
    endloop
  endfacet
  facet normal 0 0 1
    outer loop
      vertex -79.32842712474618 79.32842712474618 0.5
      vertex -67.41259040293522 64.33164676327104 0.5
      vertex -67.39748025914093 64.39980421737546 0.5
    endloop
  endfacet
  facet normal 0 0 1
    outer loop
      vertex -79.32842712474618 79.32842712474618 0.5
      vertex -67.39748025914093 64.39980421737546 0.5
      vertex -67.38118290510398 64.46768758239867 0.5
    endloop
  endfacet
  facet normal 0 0 1
    outer loop
      vertex -79.32842712474618 79.32842712474618 0.5
      vertex -67.38118290510398 64.46768758239867 0.5
      vertex -67.36370330515628 64.53527618041008 0.5
    endloop
  endfacet
  facet normal 0 0 1
    outer loop
      vertex -79.32842712474618 79.32842712474618 0.5
      vertex -67.36370330515628 64.53527618041008 0.5
      vertex -67.34504678375328 64.602549423268 0.5
    endloop
  endfacet
  facet normal 0 0 1
    outer loop
      vertex -79.32842712474618 79.32842712474618 0.5
      vertex -67.34504678375328 64.602549423268 0.5
      vertex -67.32521902385214 64.66948681889095 0.5
    endloop
  endfacet
  facet normal 0 0 1
    outer loop
      vertex -79.32842712474618 79.32842712474618 0.5
      vertex -67.32521902385214 64.66948681889095 0.5
      vertex -67.30422606518061 64.73606797749979 0.5
    endloop
  endfacet
  facet normal 0 0 1
    outer loop
      vertex -79.32842712474618 79.32842712474618 0.5
      vertex -67.30422606518061 64.73606797749979 0.5
      vertex -67.28207430239726 64.80227261782862 0.5
    endloop
  endfacet
  facet normal 0 0 1
    outer loop
      vertex -79.32842712474618 79.32842712474618 0.5
      vertex -67.28207430239726 64.80227261782862 0.5
      vertex -67.25877048314364 64.86808057330268 0.5
    endloop
  endfacet
  facet normal 0 0 1
    outer loop
      vertex -79.32842712474618 79.32842712474618 0.5
      vertex -67.25877048314364 64.86808057330268 0.5
      vertex -67.2343217059888 64.9334717981812 0.5
    endloop
  endfacet
  facet normal 0 0 1
    outer loop
      vertex -79.32842712474618 79.32842712474618 0.5
      vertex -67.2343217059888 64.9334717981812 0.5
      vertex -67.20873541826715 64.99842637366365 0.5
    endloop
  endfacet
  facet normal 0 0 1
    outer loop
      vertex -79.32842712474618 79.32842712474618 0.5
      vertex -67.20873541826715 64.99842637366365 0.5
      vertex -67.18201941380975 65.0629245139571 0.5
    endloop
  endfacet
  facet normal 0 0 1
    outer loop
      vertex -79.32842712474618 79.32842712474618 0.5
      vertex -67.18201941380975 65.0629245139571 0.5
      vertex -67.15418183057041 65.1269465723032 0.5
    endloop
  endfacet
  facet normal 0 0 1
    outer loop
      vertex -79.32842712474618 79.32842712474618 0.5
      vertex -67.15418183057041 65.1269465723032 0.5
      vertex -67.1252311481466 65.1904730469628 0.5
    endloop
  endfacet
  facet normal 0 0 1
    outer loop
      vertex -79.32842712474618 79.32842712474618 0.5
      vertex -67.1252311481466 65.1904730469628 0.5
      vertex -67.09517618519666 65.25348458715631 0.5
    endloop
  endfacet
  facet normal 0 0 1
    outer loop
      vertex -79.32842712474618 79.32842712474618 0.5
      vertex -67.09517618519666 65.25348458715631 0.5
      vertex -67.06402609675347 65.31596199895819 0.5
    endloop
  endfacet
  facet normal 0 0 1
    outer loop
      vertex -79.32842712474618 79.32842712474618 0.5
      vertex -67.06402609675347 65.31596199895819 0.5
      vertex -67.0317903714357 65.37788625114356 0.5
    endloop
  endfacet
  facet normal 0 0 1
    outer loop
      vertex -79.32842712474618 79.32842712474618 0.5
      vertex -67.0317903714357 65.37788625114356 0.5
      vertex -66.99847882855758 65.43923848098535 0.5
    endloop
  endfacet
  facet normal 0 0 1
    outer loop
      vertex -79.32842712474618 79.32842712474618 0.5
      vertex -66.99847882855758 65.43923848098535 0.5
      vertex -66.96410161513775 65.5 0.5
    endloop
  endfacet
  facet normal 0 0 1
    outer loop
      vertex -79.32842712474618 79.32842712474618 0.5
      vertex -66.96410161513775 65.5 0.5
      vertex -66.92866920280845 65.56015229964022 0.5
    endloop
  endfacet
  facet normal 0 0 1
    outer loop
      vertex -79.32842712474618 79.32842712474618 0.5
      vertex -66.92866920280845 65.56015229964022 0.5
      vertex -66.8921923846257 65.61967705693282 0.5
    endloop
  endfacet
  facet normal 0 0 1
    outer loop
      vertex -79.32842712474618 79.32842712474618 0.5
      vertex -66.8921923846257 65.61967705693282 0.5
      vertex -66.8546822717817 65.67855614006011 0.5
    endloop
  endfacet
  facet normal 0 0 1
    outer loop
      vertex -79.32842712474618 79.32842712474618 0.5
      vertex -66.8546822717817 65.67855614006011 0.5
      vertex -66.81615029022016 65.736771613883 0.5
    endloop
  endfacet
  facet normal 0 0 1
    outer loop
      vertex -79.32842712474618 79.32842712474618 0.5
      vertex -66.81615029022016 65.736771613883 0.5
      vertex -66.77660817715596 65.79430574540419 0.5
    endloop
  endfacet
  facet normal 0 0 1
    outer loop
      vertex -79.32842712474618 79.32842712474618 0.5
      vertex -66.77660817715596 65.79430574540419 0.5
      vertex -66.73606797749979 65.8511410091699 0.5
    endloop
  endfacet
  facet normal 0 0 1
    outer loop
      vertex -79.32842712474618 79.32842712474618 0.5
      vertex -66.73606797749979 65.8511410091699 0.5
      vertex -66.69454204018918 65.9072600926082 0.5
    endloop
  endfacet
  facet normal 0 0 1
    outer loop
      vertex -79.32842712474618 79.32842712474618 0.5
      vertex -66.69454204018918 65.9072600926082 0.5
      vertex -66.6520430144269 65.96264590130264 0.5
    endloop
  endfacet
  facet normal 0 0 1
    outer loop
      vertex -79.32842712474618 79.32842712474618 0.5
      vertex -66.6520430144269 65.96264590130264 0.5
      vertex -66.60858384582788 66.01728156419935 0.5
    endloop
  endfacet
  facet normal 0 0 1
    outer loop
      vertex -79.32842712474618 79.32842712474618 0.5
      vertex -66.60858384582788 66.01728156419935 0.5
      vertex -66.56417777247592 66.07115043874616 0.5
    endloop
  endfacet
  facet normal 0 0 1
    outer loop
      vertex -79.32842712474618 79.32842712474618 0.5
      vertex -66.56417777247592 66.07115043874616 0.5
      vertex -66.51883832089109 66.12423611596203 0.5
    endloop
  endfacet
  facet normal 0 0 1
    outer loop
      vertex -79.32842712474618 79.32842712474618 0.5
      vertex -66.51883832089109 66.12423611596203 0.5
      vertex -66.47257930190958 66.17652242543544 0.5
    endloop
  endfacet
  facet normal 0 0 1
    outer loop
      vertex -79.32842712474618 79.32842712474618 0.5
      vertex -66.47257930190958 66.17652242543544 0.5
      vertex -66.42541480647668 66.22799344024999 0.5
    endloop
  endfacet
  facet normal 0 0 1
    outer loop
      vertex -79.32842712474618 79.32842712474618 0.5
      vertex -66.42541480647668 66.22799344024999 0.5
      vertex -66.37735920135461 66.27863348183598 0.5
    endloop
  endfacet
  facet normal 0 0 1
    outer loop
      vertex -79.32842712474618 79.32842712474618 0.5
      vertex -66.37735920135461 66.27863348183598 0.5
      vertex -66.32842712474618 66.32842712474618 0.5
    endloop
  endfacet
  facet normal 0 0 1
    outer loop
      vertex -79.32842712474618 79.32842712474618 0.5
      vertex -66.32842712474618 66.32842712474618 0.5
      vertex -66.27863348183598 66.37735920135461 0.5
    endloop
  endfacet
  facet normal 0 0 1
    outer loop
      vertex -79.32842712474618 79.32842712474618 0.5
      vertex -66.27863348183598 66.37735920135461 0.5
      vertex -66.22799344024999 66.42541480647668 0.5
    endloop
  endfacet
  facet normal 0 0 1
    outer loop
      vertex -79.32842712474618 79.32842712474618 0.5
      vertex -66.22799344024999 66.42541480647668 0.5
      vertex -66.17652242543544 66.47257930190958 0.5
    endloop
  endfacet
  facet normal 0 0 1
    outer loop
      vertex -79.32842712474618 79.32842712474618 0.5
      vertex -66.17652242543544 66.47257930190958 0.5
      vertex -66.12423611596203 66.51883832089109 0.5
    endloop
  endfacet
  facet normal 0 0 1
    outer loop
      vertex -79.32842712474618 79.32842712474618 0.5
      vertex -66.12423611596203 66.51883832089109 0.5
      vertex -66.07115043874616 66.56417777247592 0.5
    endloop
  endfacet
  facet normal 0 0 1
    outer loop
      vertex -79.32842712474618 79.32842712474618 0.5
      vertex -66.07115043874616 66.56417777247592 0.5
      vertex -66.01728156419935 66.60858384582788 0.5
    endloop
  endfacet
  facet normal 0 0 1
    outer loop
      vertex -79.32842712474618 79.32842712474618 0.5
      vertex -66.01728156419935 66.60858384582788 0.5
      vertex -65.96264590130264 66.6520430144269 0.5
    endloop
  endfacet
  facet normal 0 0 1
    outer loop
      vertex -79.32842712474618 79.32842712474618 0.5
      vertex -65.96264590130264 66.6520430144269 0.5
      vertex -65.9072600926082 66.69454204018918 0.5
    endloop
  endfacet
  facet normal 0 0 1
    outer loop
      vertex -79.32842712474618 79.32842712474618 0.5
      vertex -65.9072600926082 66.69454204018918 0.5
      vertex -65.8511410091699 66.73606797749979 0.5
    endloop
  endfacet
  facet normal 0 0 1
    outer loop
      vertex -79.32842712474618 79.32842712474618 0.5
      vertex -65.8511410091699 66.73606797749979 0.5
      vertex -65.79430574540419 66.77660817715596 0.5
    endloop
  endfacet
  facet normal 0 0 1
    outer loop
      vertex -79.32842712474618 79.32842712474618 0.5
      vertex -65.79430574540419 66.77660817715596 0.5
      vertex -65.736771613883 66.81615029022016 0.5
    endloop
  endfacet
  facet normal 0 0 1
    outer loop
      vertex -79.32842712474618 79.32842712474618 0.5
      vertex -65.736771613883 66.81615029022016 0.5
      vertex -65.67855614006011 66.8546822717817 0.5
    endloop
  endfacet
  facet normal 0 0 1
    outer loop
      vertex -79.32842712474618 79.32842712474618 0.5
      vertex -65.67855614006011 66.8546822717817 0.5
      vertex -65.61967705693282 66.8921923846257 0.5
    endloop
  endfacet
  facet normal 0 0 1
    outer loop
      vertex -79.32842712474618 79.32842712474618 0.5
      vertex -65.61967705693282 66.8921923846257 0.5
      vertex -65.56015229964022 66.92866920280845 0.5
    endloop
  endfacet
  facet normal 0 0 1
    outer loop
      vertex -79.32842712474618 79.32842712474618 0.5
      vertex -65.56015229964022 66.92866920280845 0.5
      vertex -65.5 66.96410161513775 0.5
    endloop
  endfacet
  facet normal 0 0 1
    outer loop
      vertex -79.32842712474618 79.32842712474618 0.5
      vertex -65.5 66.96410161513775 0.5
      vertex -65.43923848098535 66.99847882855758 0.5
    endloop
  endfacet
  facet normal 0 0 1
    outer loop
      vertex -79.32842712474618 79.32842712474618 0.5
      vertex -65.43923848098535 66.99847882855758 0.5
      vertex -65.37788625114356 67.0317903714357 0.5
    endloop
  endfacet
  facet normal 0 0 1
    outer loop
      vertex -79.32842712474618 79.32842712474618 0.5
      vertex -65.37788625114356 67.0317903714357 0.5
      vertex -65.31596199895819 67.06402609675347 0.5
    endloop
  endfacet
  facet normal 0 0 1
    outer loop
      vertex -79.32842712474618 79.32842712474618 0.5
      vertex -65.31596199895819 67.06402609675347 0.5
      vertex -65.25348458715631 67.09517618519666 0.5
    endloop
  endfacet
  facet normal 0 0 1
    outer loop
      vertex -79.32842712474618 79.32842712474618 0.5
      vertex -65.25348458715631 67.09517618519666 0.5
      vertex -65.1904730469628 67.1252311481466 0.5
    endloop
  endfacet
  facet normal 0 0 1
    outer loop
      vertex -79.32842712474618 79.32842712474618 0.5
      vertex -65.1904730469628 67.1252311481466 0.5
      vertex -65.1269465723032 67.15418183057041 0.5
    endloop
  endfacet
  facet normal 0 0 1
    outer loop
      vertex -79.32842712474618 79.32842712474618 0.5
      vertex -65.1269465723032 67.15418183057041 0.5
      vertex -65.0629245139571 67.18201941380975 0.5
    endloop
  endfacet
  facet normal 0 0 1
    outer loop
      vertex -79.32842712474618 79.32842712474618 0.5
      vertex -65.0629245139571 67.18201941380975 0.5
      vertex -64.99842637366365 67.20873541826715 0.5
    endloop
  endfacet
  facet normal 0 0 1
    outer loop
      vertex -79.32842712474618 79.32842712474618 0.5
      vertex -64.99842637366365 67.20873541826715 0.5
      vertex -64.9334717981812 67.2343217059888 0.5
    endloop
  endfacet
  facet normal 0 0 1
    outer loop
      vertex -79.32842712474618 79.32842712474618 0.5
      vertex -64.9334717981812 67.2343217059888 0.5
      vertex -64.86808057330268 67.25877048314364 0.5
    endloop
  endfacet
  facet normal 0 0 1
    outer loop
      vertex -79.32842712474618 79.32842712474618 0.5
      vertex -64.86808057330268 67.25877048314364 0.5
      vertex -64.80227261782862 67.28207430239726 0.5
    endloop
  endfacet
  facet normal 0 0 1
    outer loop
      vertex -79.32842712474618 79.32842712474618 0.5
      vertex -64.80227261782862 67.28207430239726 0.5
      vertex -64.73606797749979 67.30422606518061 0.5
    endloop
  endfacet
  facet normal 0 0 1
    outer loop
      vertex -79.32842712474618 79.32842712474618 0.5
      vertex -64.73606797749979 67.30422606518061 0.5
      vertex -64.66948681889095 67.32521902385214 0.5
    endloop
  endfacet
  facet normal 0 0 1
    outer loop
      vertex -79.32842712474618 79.32842712474618 0.5
      vertex -64.66948681889095 67.32521902385214 0.5
      vertex -64.602549423268 67.34504678375328 0.5
    endloop
  endfacet
  facet normal 0 0 1
    outer loop
      vertex -79.32842712474618 79.32842712474618 0.5
      vertex -64.602549423268 67.34504678375328 0.5
      vertex -64.53527618041008 67.36370330515628 0.5
    endloop
  endfacet
  facet normal 0 0 1
    outer loop
      vertex -79.32842712474618 79.32842712474618 0.5
      vertex -64.53527618041008 67.36370330515628 0.5
      vertex -64.46768758239867 67.38118290510398 0.5
    endloop
  endfacet
  facet normal 0 0 1
    outer loop
      vertex -79.32842712474618 79.32842712474618 0.5
      vertex -64.46768758239867 67.38118290510398 0.5
      vertex -64.39980421737546 67.39748025914093 0.5
    endloop
  endfacet
  facet normal 0 0 1
    outer loop
      vertex -79.32842712474618 79.32842712474618 0.5
      vertex -64.39980421737546 67.39748025914093 0.5
      vertex -64.33164676327104 67.41259040293522 0.5
    endloop
  endfacet
  facet normal 0 0 1
    outer loop
      vertex -79.32842712474618 79.32842712474618 0.5
      vertex -64.33164676327104 67.41259040293522 0.5
      vertex -64.26323598150618 67.42650873379066 0.5
    endloop
  endfacet
  facet normal 0 0 1
    outer loop
      vertex -79.32842712474618 79.32842712474618 0.5
      vertex -64.26323598150618 67.42650873379066 0.5
      vertex -64.19459271066772 67.43923101204884 0.5
    endloop
  endfacet
  facet normal 0 0 1
    outer loop
      vertex -79.32842712474618 79.32842712474618 0.5
      vertex -64.19459271066772 67.43923101204884 0.5
      vertex -64.12573786016092 67.45075336238055 0.5
    endloop
  endfacet
  facet normal 0 0 1
    outer loop
      vertex -79.32842712474618 79.32842712474618 0.5
      vertex -64.12573786016092 67.45075336238055 0.5
      vertex -64.05669240384026 67.46107227496628 0.5
    endloop
  endfacet
  facet normal 0 0 1
    outer loop
      vertex -79.32842712474618 79.32842712474618 0.5
      vertex -64.05669240384026 67.46107227496628 0.5
      vertex -63.98747737362059 67.47018460656528 0.5
    endloop
  endfacet
  facet normal 0 0 1
    outer loop
      vertex -79.32842712474618 79.32842712474618 0.5
      vertex -63.98747737362059 67.47018460656528 0.5
      vertex -63.918113853070615 67.47808758147309 0.5
    endloop
  endfacet
  facet normal 0 0 1
    outer loop
      vertex -79.32842712474618 79.32842712474618 0.5
      vertex -63.918113853070615 67.47808758147309 0.5
      vertex -63.84862297099063 67.48477879236698 0.5
    endloop
  endfacet
  facet normal 0 0 1
    outer loop
      vertex -79.32842712474618 79.32842712474618 0.5
      vertex -63.84862297099063 67.48477879236698 0.5
      vertex -63.7790258949765 67.4902562010393 0.5
    endloop
  endfacet
  facet normal 0 0 1
    outer loop
      vertex -79.32842712474618 79.32842712474618 0.5
      vertex -63.7790258949765 67.4902562010393 0.5
      vertex -63.709343824971775 67.4945181390183 0.5
    endloop
  endfacet
  facet normal 0 0 1
    outer loop
      vertex -79.32842712474618 79.32842712474618 0.5
      vertex -63.709343824971775 67.4945181390183 0.5
      vertex -63.63959798681 67.49756330807638 0.5
    endloop
  endfacet
  facet normal 0 0 1
    outer loop
      vertex -79.32842712474618 79.32842712474618 0.5
      vertex -63.63959798681 67.49756330807638 0.5
      vertex -63.56980962574914 67.49939078062556 0.5
    endloop
  endfacet
  facet normal 0 0 1
    outer loop
      vertex -79.32842712474618 79.32842712474618 0.5
      vertex -63.56980962574914 67.49939078062556 0.5
      vertex -63.5 67.5 0.5
    endloop
  endfacet
  facet normal 0 0 1
    outer loop
      vertex -79.32842712474618 79.32842712474618 0.5
      vertex -63.5 67.5 0.5
      vertex 63.5 67.5 0.5
    endloop
  endfacet
  facet normal 0 0 1
    outer loop
      vertex -79.32842712474618 79.32842712474618 0.5
      vertex 63.5 67.5 0.5
      vertex 63.56980962574914 67.49939078062556 0.5
    endloop
  endfacet
  facet normal 0 0 1
    outer loop
      vertex -79.32842712474618 79.32842712474618 0.5
      vertex 63.56980962574914 67.49939078062556 0.5
      vertex 63.63959798681 67.49756330807638 0.5
    endloop
  endfacet
  facet normal 0 0 1
    outer loop
      vertex -79.32842712474618 79.32842712474618 0.5
      vertex 63.63959798681 67.49756330807638 0.5
      vertex 63.709343824971775 67.4945181390183 0.5
    endloop
  endfacet
  facet normal 0 0 1
    outer loop
      vertex -79.32842712474618 79.32842712474618 0.5
      vertex 63.709343824971775 67.4945181390183 0.5
      vertex 63.7790258949765 67.4902562010393 0.5
    endloop
  endfacet
  facet normal 0 0 1
    outer loop
      vertex -79.32842712474618 79.32842712474618 0.5
      vertex 63.7790258949765 67.4902562010393 0.5
      vertex 63.84862297099063 67.48477879236698 0.5
    endloop
  endfacet
  facet normal 0 0 1
    outer loop
      vertex -79.32842712474618 79.32842712474618 0.5
      vertex 63.84862297099063 67.48477879236698 0.5
      vertex 79.32842712474618 79.32842712474618 0.5
    endloop
  endfacet
  facet normal 0 0 1
    outer loop
      vertex -79.32842712474618 79.32842712474618 0.5
      vertex 79.32842712474618 79.32842712474618 0.5
      vertex -76.5 80.5 0.5
    endloop
  endfacet
  facet normal -0.6883545756937377 -0.7253743710123031 0
    outer loop
      vertex -79.27863348183598 -79.37735920135461 -0.5
      vertex -79.22799344024999 -79.42541480647668 -0.5
      vertex -79.22799344024999 -79.42541480647668 0.5
    endloop
  endfacet
  facet normal -0.6883545756937377 -0.7253743710123031 0
    outer loop
      vertex -79.27863348183598 -79.37735920135461 -0.5
      vertex -79.22799344024999 -79.42541480647668 0.5
      vertex -79.27863348183598 -79.37735920135461 0.5
    endloop
  endfacet
  facet normal -0.6883545756937376 0.7253743710123031 0
    outer loop
      vertex -79.27863348183598 79.37735920135461 -0.5
      vertex -79.27863348183598 79.37735920135461 0.4900000000000002
      vertex -79.22799344024999 79.42541480647668 0.4900000000000002
    endloop
  endfacet
  facet normal 0 0 -1
    outer loop
      vertex -79.27863348183598 79.37735920135461 -0.5
      vertex -79.22799344024999 79.42541480647668 -0.5
      vertex -79.17652242543544 79.47257930190958 -0.5
    endloop
  endfacet
  facet normal -0.6883545756937376 0.7253743710123031 0
    outer loop
      vertex -79.27863348183598 79.37735920135461 -0.5
      vertex -79.22799344024999 79.42541480647668 0.4900000000000002
      vertex -79.22799344024999 79.42541480647668 -0.5
    endloop
  endfacet
  facet normal -0.6883545756937377 0.7253743710123031 0
    outer loop
      vertex -79.27863348183598 79.37735920135461 0.4900000000000002
      vertex -79.27863348183598 79.37735920135461 0.5
      vertex -79.22799344024999 79.42541480647668 0.5
    endloop
  endfacet
  facet normal -0.6883545756937377 0.7253743710123031 0
    outer loop
      vertex -79.27863348183598 79.37735920135461 0.4900000000000002
      vertex -79.22799344024999 79.42541480647668 0.5
      vertex -79.22799344024999 79.42541480647668 0.4900000000000002
    endloop
  endfacet
  facet normal -0.6755902076157229 -0.7372773368100667 0
    outer loop
      vertex -79.22799344024999 -79.42541480647668 -0.5
      vertex -79.17652242543544 -79.47257930190958 -0.5
      vertex -79.22799344024999 -79.42541480647668 0.5
    endloop
  endfacet
  facet normal 0 0 -1
    outer loop
      vertex -79.22799344024999 -79.42541480647668 -0.5
      vertex -79.12423611596203 -79.51883832089109 -0.5
      vertex -79.17652242543544 -79.47257930190958 -0.5
    endloop
  endfacet
  facet normal 0 0 -1
    outer loop
      vertex -79.22799344024999 -79.42541480647668 -0.5
      vertex -79.07115043874616 -79.56417777247592 -0.5
      vertex -79.12423611596203 -79.51883832089109 -0.5
    endloop
  endfacet
  facet normal -0.6755902076157229 -0.7372773368100667 0
    outer loop
      vertex -79.22799344024999 -79.42541480647668 0.5
      vertex -79.17652242543544 -79.47257930190958 -0.5
      vertex -79.17652242543544 -79.47257930190958 0.5
    endloop
  endfacet
  facet normal 0 0 1
    outer loop
      vertex -79.22799344024999 -79.42541480647668 0.5
      vertex -79.17652242543544 -79.47257930190958 0.5
      vertex -79.12423611596203 -79.51883832089109 0.5
    endloop
  endfacet
  facet normal 0 0 1
    outer loop
      vertex -79.22799344024999 -79.42541480647668 0.5
      vertex -79.12423611596203 -79.51883832089109 0.5
      vertex -79.07115043874616 -79.56417777247592 0.5
    endloop
  endfacet
  facet normal -0.6755902076157229 0.7372773368100668 0
    outer loop
      vertex -79.22799344024999 79.42541480647668 -0.5
      vertex -79.22799344024999 79.42541480647668 0.4900000000000002
      vertex -79.17652242543544 79.47257930190958 -0.5
    endloop
  endfacet
  facet normal -0.6755902076157229 0.7372773368100668 0
    outer loop
      vertex -79.22799344024999 79.42541480647668 0.4900000000000002
      vertex -79.22799344024999 79.42541480647668 0.5
      vertex -79.17652242543544 79.47257930190958 -0.5
    endloop
  endfacet
  facet normal -0.6755902076157229 0.7372773368100667 0
    outer loop
      vertex -79.22799344024999 79.42541480647668 0.5
      vertex -79.17652242543544 79.47257930190958 0.5
      vertex -79.17652242543544 79.47257930190958 -0.5
    endloop
  endfacet
  facet normal 0 0 1
    outer loop
      vertex -79.22799344024999 79.42541480647668 0.5
      vertex -79.07115043874616 79.56417777247592 0.5
      vertex -79.17652242543544 79.47257930190958 0.5
    endloop
  endfacet
  facet normal -0.6626200482157887 -0.7489557207889569 0
    outer loop
      vertex -79.17652242543544 -79.47257930190958 -0.5
      vertex -79.12423611596203 -79.51883832089109 -0.5
      vertex -79.12423611596203 -79.51883832089109 0.5
    endloop
  endfacet
  facet normal -0.6626200482157887 -0.7489557207889569 0
    outer loop
      vertex -79.17652242543544 -79.47257930190958 -0.5
      vertex -79.12423611596203 -79.51883832089109 0.5
      vertex -79.17652242543544 -79.47257930190958 0.5
    endloop
  endfacet
  facet normal -0.6626200482157887 0.7489557207889569 0
    outer loop
      vertex -79.17652242543544 79.47257930190958 -0.5
      vertex -79.17652242543544 79.47257930190958 0.5
      vertex -79.12423611596203 79.51883832089109 -0.5
    endloop
  endfacet
  facet normal 0 0 -1
    outer loop
      vertex -79.17652242543544 79.47257930190958 -0.5
      vertex -79.12423611596203 79.51883832089109 -0.5
      vertex -79.07115043874616 79.56417777247592 -0.5
    endloop
  endfacet
  facet normal -0.6626200482157887 0.7489557207889569 0
    outer loop
      vertex -79.17652242543544 79.47257930190958 0.5
      vertex -79.12423611596203 79.51883832089109 0.5
      vertex -79.12423611596203 79.51883832089109 -0.5
    endloop
  endfacet
  facet normal 0 0 1
    outer loop
      vertex -79.17652242543544 79.47257930190958 0.5
      vertex -79.07115043874616 79.56417777247592 0.5
      vertex -79.12423611596203 79.51883832089109 0.5
    endloop
  endfacet
  facet normal -0.649448048330148 -0.7604059656000612 0
    outer loop
      vertex -79.12423611596203 -79.51883832089109 -0.5
      vertex -79.07115043874616 -79.56417777247592 -0.5
      vertex -79.07115043874616 -79.56417777247592 0.5
    endloop
  endfacet
  facet normal -0.649448048330148 -0.7604059656000612 0
    outer loop
      vertex -79.12423611596203 -79.51883832089109 -0.5
      vertex -79.07115043874616 -79.56417777247592 0.5
      vertex -79.12423611596203 -79.51883832089109 0.5
    endloop
  endfacet
  facet normal -0.649448048330148 0.7604059656000612 0
    outer loop
      vertex -79.12423611596203 79.51883832089109 -0.5
      vertex -79.12423611596203 79.51883832089109 0.5
      vertex -79.07115043874616 79.56417777247592 0.5
    endloop
  endfacet
  facet normal -0.6494480483301481 0.7604059656000615 0
    outer loop
      vertex -79.12423611596203 79.51883832089109 -0.5
      vertex -79.07115043874616 79.56417777247592 0.4900000000000002
      vertex -79.07115043874616 79.56417777247592 -0.5
    endloop
  endfacet
  facet normal -0.6494480483301494 0.7604059656000601 0
    outer loop
      vertex -79.12423611596203 79.51883832089109 -0.5
      vertex -79.07115043874616 79.56417777247592 0.5
      vertex -79.07115043874616 79.56417777247592 0.4900000000000002
    endloop
  endfacet
  facet normal -0.6360782202777058 -0.7716245833877678 0
    outer loop
      vertex -79.07115043874616 -79.56417777247592 -0.5
      vertex -79.01728156419935 -79.60858384582788 -0.5
      vertex -79.07115043874616 -79.56417777247592 0.5
    endloop
  endfacet
  facet normal 0 0 -1
    outer loop
      vertex -79.07115043874616 -79.56417777247592 -0.5
      vertex -78.9072600926082 -79.69454204018918 -0.5
      vertex -79.01728156419935 -79.60858384582788 -0.5
    endloop
  endfacet
  facet normal 0 0 -1
    outer loop
      vertex -79.07115043874616 -79.56417777247592 -0.5
      vertex -78.736771613883 -79.81615029022016 -0.5
      vertex -78.9072600926082 -79.69454204018918 -0.5
    endloop
  endfacet
  facet normal -0.6360782202777058 -0.7716245833877678 0
    outer loop
      vertex -79.07115043874616 -79.56417777247592 0.5
      vertex -79.01728156419935 -79.60858384582788 -0.5
      vertex -79.01728156419935 -79.60858384582788 0.5
    endloop
  endfacet
  facet normal 0 0 1
    outer loop
      vertex -79.07115043874616 -79.56417777247592 0.5
      vertex -79.01728156419935 -79.60858384582788 0.5
      vertex -78.96264590130264 -79.6520430144269 0.5
    endloop
  endfacet
  facet normal 0 0 1
    outer loop
      vertex -79.07115043874616 -79.56417777247592 0.5
      vertex -78.96264590130264 -79.6520430144269 0.5
      vertex -78.9072600926082 -79.69454204018918 0.5
    endloop
  endfacet
  facet normal 0 0 1
    outer loop
      vertex -79.07115043874616 -79.56417777247592 0.5
      vertex -78.9072600926082 -79.69454204018918 0.5
      vertex -78.736771613883 -79.81615029022016 0.5
    endloop
  endfacet
  facet normal -0.6360782202777059 0.7716245833877678 0
    outer loop
      vertex -79.07115043874616 79.56417777247592 -0.5
      vertex -79.07115043874616 79.56417777247592 0.4900000000000002
      vertex -79.01728156419935 79.60858384582788 0.4900000000000002
    endloop
  endfacet
  facet normal 0 0 -1
    outer loop
      vertex -79.07115043874616 79.56417777247592 -0.5
      vertex -79.01728156419935 79.60858384582788 -0.5
      vertex -78.9072600926082 79.69454204018918 -0.5
    endloop
  endfacet
  facet normal -0.6360782202777059 0.7716245833877678 0
    outer loop
      vertex -79.07115043874616 79.56417777247592 -0.5
      vertex -79.01728156419935 79.60858384582788 0.4900000000000002
      vertex -79.01728156419935 79.60858384582788 -0.5
    endloop
  endfacet
  facet normal 0 0 -1
    outer loop
      vertex -79.07115043874616 79.56417777247592 -0.5
      vertex -78.9072600926082 79.69454204018918 -0.5
      vertex -78.736771613883 79.81615029022016 -0.5
    endloop
  endfacet
  facet normal -0.6360782202777059 0.7716245833877678 0
    outer loop
      vertex -79.07115043874616 79.56417777247592 0.4900000000000002
      vertex -79.07115043874616 79.56417777247592 0.5
      vertex -79.01728156419935 79.60858384582788 0.4900000000000002
    endloop
  endfacet
  facet normal -0.6360782202777059 0.7716245833877678 0
    outer loop
      vertex -79.07115043874616 79.56417777247592 0.5
      vertex -79.01728156419935 79.60858384582788 0.5
      vertex -79.01728156419935 79.60858384582788 0.4900000000000002
    endloop
  endfacet
  facet normal 0 0 1
    outer loop
      vertex -79.07115043874616 79.56417777247592 0.5
      vertex -78.9072600926082 79.69454204018918 0.5
      vertex -79.01728156419935 79.60858384582788 0.5
    endloop
  endfacet
  facet normal 0 0 1
    outer loop
      vertex -79.07115043874616 79.56417777247592 0.5
      vertex -78.736771613883 79.81615029022016 0.5
      vertex -78.9072600926082 79.69454204018918 0.5
    endloop
  endfacet
  facet normal -0.622514636637721 -0.7826081568523332 0
    outer loop
      vertex -79.01728156419935 -79.60858384582788 -0.5
      vertex -78.96264590130264 -79.6520430144269 -0.5
      vertex -79.01728156419935 -79.60858384582788 0.5
    endloop
  endfacet
  facet normal 0 0 -1
    outer loop
      vertex -79.01728156419935 -79.60858384582788 -0.5
      vertex -78.9072600926082 -79.69454204018918 -0.5
      vertex -78.96264590130264 -79.6520430144269 -0.5
    endloop
  endfacet
  facet normal -0.622514636637721 -0.7826081568523332 0
    outer loop
      vertex -79.01728156419935 -79.60858384582788 0.5
      vertex -78.96264590130264 -79.6520430144269 -0.5
      vertex -78.96264590130264 -79.6520430144269 0.5
    endloop
  endfacet
  facet normal -0.622514636637721 0.7826081568523333 0
    outer loop
      vertex -79.01728156419935 79.60858384582788 -0.5
      vertex -79.01728156419935 79.60858384582788 0.4900000000000002
      vertex -78.96264590130264 79.6520430144269 0.4900000000000002
    endloop
  endfacet
  facet normal 0 0 -1
    outer loop
      vertex -79.01728156419935 79.60858384582788 -0.5
      vertex -78.96264590130264 79.6520430144269 -0.5
      vertex -78.9072600926082 79.69454204018918 -0.5
    endloop
  endfacet
  facet normal -0.622514636637721 0.7826081568523333 0
    outer loop
      vertex -79.01728156419935 79.60858384582788 -0.5
      vertex -78.96264590130264 79.6520430144269 0.4900000000000002
      vertex -78.96264590130264 79.6520430144269 -0.5
    endloop
  endfacet
  facet normal -0.622514636637721 0.7826081568523332 0
    outer loop
      vertex -79.01728156419935 79.60858384582788 0.4900000000000002
      vertex -79.01728156419935 79.60858384582788 0.5
      vertex -78.96264590130264 79.6520430144269 0.4900000000000002
    endloop
  endfacet
  facet normal -0.622514636637721 0.7826081568523332 0
    outer loop
      vertex -79.01728156419935 79.60858384582788 0.5
      vertex -78.96264590130264 79.6520430144269 0.5
      vertex -78.96264590130264 79.6520430144269 0.4900000000000002
    endloop
  endfacet
  facet normal 0 0 1
    outer loop
      vertex -79.01728156419935 79.60858384582788 0.5
      vertex -78.9072600926082 79.69454204018918 0.5
      vertex -78.96264590130264 79.6520430144269 0.5
    endloop
  endfacet
  facet normal -0.6087614290087185 -0.7933533402912369 0
    outer loop
      vertex -78.96264590130264 -79.6520430144269 -0.5
      vertex -78.9072600926082 -79.69454204018918 -0.5
      vertex -78.96264590130264 -79.6520430144269 0.5
    endloop
  endfacet
  facet normal -0.6087614290087185 -0.7933533402912369 0
    outer loop
      vertex -78.96264590130264 -79.6520430144269 0.5
      vertex -78.9072600926082 -79.69454204018918 -0.5
      vertex -78.9072600926082 -79.69454204018918 0.5
    endloop
  endfacet
  facet normal -0.6087614290087184 0.7933533402912367 0
    outer loop
      vertex -78.96264590130264 79.6520430144269 -0.5
      vertex -78.96264590130264 79.6520430144269 0.4900000000000002
      vertex -78.9072600926082 79.69454204018918 -0.5
    endloop
  endfacet
  facet normal -0.6087614290087185 0.7933533402912368 0
    outer loop
      vertex -78.96264590130264 79.6520430144269 0.4900000000000002
      vertex -78.96264590130264 79.6520430144269 0.5
      vertex -78.9072600926082 79.69454204018918 0.5
    endloop
  endfacet
  facet normal -0.6087614290087184 0.7933533402912367 0
    outer loop
      vertex -78.96264590130264 79.6520430144269 0.4900000000000002
      vertex -78.9072600926082 79.69454204018918 0.4900000000000002
      vertex -78.9072600926082 79.69454204018918 -0.5
    endloop
  endfacet
  facet normal -0.6087614290087185 0.7933533402912368 0
    outer loop
      vertex -78.96264590130264 79.6520430144269 0.4900000000000002
      vertex -78.9072600926082 79.69454204018918 0.5
      vertex -78.9072600926082 79.69454204018918 0.4900000000000002
    endloop
  endfacet
  facet normal -0.594822786751237 -0.8038568606172946 0
    outer loop
      vertex -78.9072600926082 -79.69454204018918 -0.5
      vertex -78.8511410091699 -79.73606797749979 -0.5
      vertex -78.8511410091699 -79.73606797749979 0.5
    endloop
  endfacet
  facet normal -0.594822786751237 -0.8038568606172946 0
    outer loop
      vertex -78.9072600926082 -79.69454204018918 -0.5
      vertex -78.8511410091699 -79.73606797749979 0.5
      vertex -78.9072600926082 -79.69454204018918 0.5
    endloop
  endfacet
  facet normal 0 0 -1
    outer loop
      vertex -78.9072600926082 -79.69454204018918 -0.5
      vertex -78.736771613883 -79.81615029022016 -0.5
      vertex -78.8511410091699 -79.73606797749979 -0.5
    endloop
  endfacet
  facet normal 0 0 1
    outer loop
      vertex -78.9072600926082 -79.69454204018918 0.5
      vertex -78.8511410091699 -79.73606797749979 0.5
      vertex -78.736771613883 -79.81615029022016 0.5
    endloop
  endfacet
  facet normal -0.5948227867512369 0.8038568606172946 0
    outer loop
      vertex -78.9072600926082 79.69454204018918 -0.5
      vertex -78.9072600926082 79.69454204018918 0.4900000000000002
      vertex -78.8511410091699 79.73606797749979 0.4900000000000002
    endloop
  endfacet
  facet normal 0 0 -1
    outer loop
      vertex -78.9072600926082 79.69454204018918 -0.5
      vertex -78.8511410091699 79.73606797749979 -0.5
      vertex -78.736771613883 79.81615029022016 -0.5
    endloop
  endfacet
  facet normal -0.5948227867512369 0.8038568606172946 0
    outer loop
      vertex -78.9072600926082 79.69454204018918 -0.5
      vertex -78.8511410091699 79.73606797749979 0.4900000000000002
      vertex -78.8511410091699 79.73606797749979 -0.5
    endloop
  endfacet
  facet normal -0.594822786751237 0.8038568606172947 0
    outer loop
      vertex -78.9072600926082 79.69454204018918 0.4900000000000002
      vertex -78.9072600926082 79.69454204018918 0.5
      vertex -78.8511410091699 79.73606797749979 0.4900000000000002
    endloop
  endfacet
  facet normal -0.594822786751237 0.8038568606172947 0
    outer loop
      vertex -78.9072600926082 79.69454204018918 0.5
      vertex -78.8511410091699 79.73606797749979 0.5
      vertex -78.8511410091699 79.73606797749979 0.4900000000000002
    endloop
  endfacet
  facet normal 0 0 1
    outer loop
      vertex -78.9072600926082 79.69454204018918 0.5
      vertex -78.736771613883 79.81615029022016 0.5
      vertex -78.8511410091699 79.73606797749979 0.5
    endloop
  endfacet
  facet normal -0.5807029557109599 -0.814115518356305 0
    outer loop
      vertex -78.8511410091699 -79.73606797749979 -0.5
      vertex -78.79430574540419 -79.77660817715596 -0.5
      vertex -78.8511410091699 -79.73606797749979 0.5
    endloop
  endfacet
  facet normal 0 0 -1
    outer loop
      vertex -78.8511410091699 -79.73606797749979 -0.5
      vertex -78.736771613883 -79.81615029022016 -0.5
      vertex -78.79430574540419 -79.77660817715596 -0.5
    endloop
  endfacet
  facet normal -0.5807029557109599 -0.814115518356305 0
    outer loop
      vertex -78.8511410091699 -79.73606797749979 0.5
      vertex -78.79430574540419 -79.77660817715596 -0.5
      vertex -78.79430574540419 -79.77660817715596 0.5
    endloop
  endfacet
  facet normal 0 0 1
    outer loop
      vertex -78.8511410091699 -79.73606797749979 0.5
      vertex -78.79430574540419 -79.77660817715596 0.5
      vertex -78.736771613883 -79.81615029022016 0.5
    endloop
  endfacet
  facet normal -0.5807029557109599 0.8141155183563049 0
    outer loop
      vertex -78.8511410091699 79.73606797749979 -0.5
      vertex -78.8511410091699 79.73606797749979 0.4900000000000002
      vertex -78.79430574540419 79.77660817715596 0.4900000000000002
    endloop
  endfacet
  facet normal 0 0 -1
    outer loop
      vertex -78.8511410091699 79.73606797749979 -0.5
      vertex -78.79430574540419 79.77660817715596 -0.5
      vertex -78.736771613883 79.81615029022016 -0.5
    endloop
  endfacet
  facet normal -0.5807029557109599 0.8141155183563049 0
    outer loop
      vertex -78.8511410091699 79.73606797749979 -0.5
      vertex -78.79430574540419 79.77660817715596 0.4900000000000002
      vertex -78.79430574540419 79.77660817715596 -0.5
    endloop
  endfacet
  facet normal -0.5807029557109598 0.8141155183563049 0
    outer loop
      vertex -78.8511410091699 79.73606797749979 0.4900000000000002
      vertex -78.8511410091699 79.73606797749979 0.5
      vertex -78.79430574540419 79.77660817715596 0.4900000000000002
    endloop
  endfacet
  facet normal -0.5807029557109598 0.8141155183563049 0
    outer loop
      vertex -78.8511410091699 79.73606797749979 0.5
      vertex -78.79430574540419 79.77660817715596 0.5
      vertex -78.79430574540419 79.77660817715596 0.4900000000000002
    endloop
  endfacet
  facet normal 0 0 1
    outer loop
      vertex -78.8511410091699 79.73606797749979 0.5
      vertex -78.736771613883 79.81615029022016 0.5
      vertex -78.79430574540419 79.77660817715596 0.5
    endloop
  endfacet
  facet normal -0.5664062369248609 -0.8241261886219964 0
    outer loop
      vertex -78.79430574540419 -79.77660817715596 -0.5
      vertex -78.736771613883 -79.81615029022016 -0.5
      vertex -78.736771613883 -79.81615029022016 0.5
    endloop
  endfacet
  facet normal -0.5664062369248609 -0.8241261886219964 0
    outer loop
      vertex -78.79430574540419 -79.77660817715596 -0.5
      vertex -78.736771613883 -79.81615029022016 0.5
      vertex -78.79430574540419 -79.77660817715596 0.5
    endloop
  endfacet
  facet normal -0.566406236924861 0.8241261886219964 0
    outer loop
      vertex -78.79430574540419 79.77660817715596 -0.5
      vertex -78.79430574540419 79.77660817715596 0.4900000000000002
      vertex -78.736771613883 79.81615029022016 -0.5
    endloop
  endfacet
  facet normal -0.5664062369248609 0.8241261886219964 0
    outer loop
      vertex -78.79430574540419 79.77660817715596 0.4900000000000002
      vertex -78.79430574540419 79.77660817715596 0.5
      vertex -78.736771613883 79.81615029022016 0.5
    endloop
  endfacet
  facet normal -0.566406236924861 0.8241261886219964 0
    outer loop
      vertex -78.79430574540419 79.77660817715596 0.4900000000000002
      vertex -78.736771613883 79.81615029022016 0.4900000000000002
      vertex -78.736771613883 79.81615029022016 -0.5
    endloop
  endfacet
  facet normal -0.5664062369248609 0.8241261886219964 0
    outer loop
      vertex -78.79430574540419 79.77660817715596 0.4900000000000002
      vertex -78.736771613883 79.81615029022016 0.5
      vertex -78.736771613883 79.81615029022016 0.4900000000000002
    endloop
  endfacet
  facet normal -0.5519369853120659 -0.8338858220671631 0
    outer loop
      vertex -78.736771613883 -79.81615029022016 -0.5
      vertex -78.67855614006011 -79.8546822717817 -0.5
      vertex -78.67855614006011 -79.8546822717817 -0.4900000000000002
    endloop
  endfacet
  facet normal -0.5519369853120659 -0.833885822067163 0
    outer loop
      vertex -78.736771613883 -79.81615029022016 -0.5
      vertex -78.67855614006011 -79.8546822717817 -0.4900000000000002
      vertex -78.736771613883 -79.81615029022016 0.5
    endloop
  endfacet
  facet normal 0 0 -1
    outer loop
      vertex -78.736771613883 -79.81615029022016 -0.5
      vertex -78.56015229964022 -79.92866920280845 -0.5
      vertex -78.67855614006011 -79.8546822717817 -0.5
    endloop
  endfacet
  facet normal 0 0 -1
    outer loop
      vertex -78.736771613883 -79.81615029022016 -0.5
      vertex -78.37788625114356 -80.0317903714357 -0.5
      vertex -78.56015229964022 -79.92866920280845 -0.5
    endloop
  endfacet
  facet normal 0 0 -1
    outer loop
      vertex -78.736771613883 -79.81615029022016 -0.5
      vertex -78.0629245139571 -80.18201941380975 -0.5
      vertex -78.37788625114356 -80.0317903714357 -0.5
    endloop
  endfacet
  facet normal -0.5519369853120659 -0.8338858220671631 0
    outer loop
      vertex -78.736771613883 -79.81615029022016 0.5
      vertex -78.67855614006011 -79.8546822717817 -0.4900000000000002
      vertex -78.67855614006011 -79.8546822717817 0.4900000000000002
    endloop
  endfacet
  facet normal -0.5519369853120659 -0.8338858220671631 0
    outer loop
      vertex -78.736771613883 -79.81615029022016 0.5
      vertex -78.67855614006011 -79.8546822717817 0.4900000000000002
      vertex -78.67855614006011 -79.8546822717817 0.5
    endloop
  endfacet
  facet normal 0 0 1
    outer loop
      vertex -78.736771613883 -79.81615029022016 0.5
      vertex -78.67855614006011 -79.8546822717817 0.5
      vertex -78.61967705693282 -79.8921923846257 0.5
    endloop
  endfacet
  facet normal 0 0 1
    outer loop
      vertex -78.736771613883 -79.81615029022016 0.5
      vertex -78.61967705693282 -79.8921923846257 0.5
      vertex -78.5 -79.96410161513775 0.5
    endloop
  endfacet
  facet normal 0 0 1
    outer loop
      vertex -78.736771613883 -79.81615029022016 0.5
      vertex -78.5 -79.96410161513775 0.5
      vertex -78.1904730469628 -80.1252311481466 0.5
    endloop
  endfacet
  facet normal 0 0 1
    outer loop
      vertex -78.736771613883 -79.81615029022016 0.5
      vertex -78.1904730469628 -80.1252311481466 0.5
      vertex -77.99842637366365 -80.20873541826715 0.5
    endloop
  endfacet
  facet normal -0.5519369853120658 0.833885822067163 0
    outer loop
      vertex -78.736771613883 79.81615029022016 -0.5
      vertex -78.736771613883 79.81615029022016 0.4900000000000002
      vertex -78.67855614006011 79.8546822717817 -0.5
    endloop
  endfacet
  facet normal 0 0 -1
    outer loop
      vertex -78.736771613883 79.81615029022016 -0.5
      vertex -78.67855614006011 79.8546822717817 -0.5
      vertex -78.56015229964022 79.92866920280845 -0.5
    endloop
  endfacet
  facet normal 0 0 -1
    outer loop
      vertex -78.736771613883 79.81615029022016 -0.5
      vertex -78.56015229964022 79.92866920280845 -0.5
      vertex -78.43923848098535 79.99847882855758 -0.5
    endloop
  endfacet
  facet normal 0 0 -1
    outer loop
      vertex -78.736771613883 79.81615029022016 -0.5
      vertex -78.43923848098535 79.99847882855758 -0.5
      vertex -78.0629245139571 80.18201941380975 -0.5
    endloop
  endfacet
  facet normal -0.5519369853120659 0.8338858220671631 0
    outer loop
      vertex -78.736771613883 79.81615029022016 0.4900000000000002
      vertex -78.736771613883 79.81615029022016 0.5
      vertex -78.67855614006011 79.8546822717817 -0.5
    endloop
  endfacet
  facet normal -0.5519369853120659 0.833885822067163 0
    outer loop
      vertex -78.736771613883 79.81615029022016 0.5
      vertex -78.67855614006011 79.8546822717817 0.5
      vertex -78.67855614006011 79.8546822717817 -0.5
    endloop
  endfacet
  facet normal 0 0 1
    outer loop
      vertex -78.736771613883 79.81615029022016 0.5
      vertex -78.56015229964022 79.92866920280845 0.5
      vertex -78.67855614006011 79.8546822717817 0.5
    endloop
  endfacet
  facet normal 0 0 1
    outer loop
      vertex -78.736771613883 79.81615029022016 0.5
      vertex -78.43923848098535 79.99847882855758 0.5
      vertex -78.56015229964022 79.92866920280845 0.5
    endloop
  endfacet
  facet normal 0 0 1
    outer loop
      vertex -78.736771613883 79.81615029022016 0.5
      vertex -78.37788625114356 80.0317903714357 0.5
      vertex -78.43923848098535 79.99847882855758 0.5
    endloop
  endfacet
  facet normal 0 0 1
    outer loop
      vertex -78.736771613883 79.81615029022016 0.5
      vertex -78.0629245139571 80.18201941380975 0.5
      vertex -78.37788625114356 80.0317903714357 0.5
    endloop
  endfacet
  facet normal -0.5372996083467428 -0.8433914458129373 0
    outer loop
      vertex -78.67855614006011 -79.8546822717817 -0.5
      vertex -78.61967705693282 -79.8921923846257 -0.5
      vertex -78.61967705693282 -79.8921923846257 0.4900000000000002
    endloop
  endfacet
  facet normal -0.5372996083467428 -0.8433914458129373 0
    outer loop
      vertex -78.67855614006011 -79.8546822717817 -0.5
      vertex -78.61967705693282 -79.8921923846257 0.4900000000000002
      vertex -78.67855614006011 -79.8546822717817 -0.4900000000000002
    endloop
  endfacet
  facet normal 0 0 -1
    outer loop
      vertex -78.67855614006011 -79.8546822717817 -0.5
      vertex -78.56015229964022 -79.92866920280845 -0.5
      vertex -78.61967705693282 -79.8921923846257 -0.5
    endloop
  endfacet
  facet normal -0.5372996083467428 -0.8433914458129373 0
    outer loop
      vertex -78.67855614006011 -79.8546822717817 -0.4900000000000002
      vertex -78.61967705693282 -79.8921923846257 0.4900000000000002
      vertex -78.67855614006011 -79.8546822717817 0.4900000000000002
    endloop
  endfacet
  facet normal -0.5372996083467428 -0.8433914458129373 0
    outer loop
      vertex -78.67855614006011 -79.8546822717817 0.4900000000000002
      vertex -78.61967705693282 -79.8921923846257 0.4900000000000002
      vertex -78.61967705693282 -79.8921923846257 0.5
    endloop
  endfacet
  facet normal -0.5372996083467428 -0.8433914458129373 0
    outer loop
      vertex -78.67855614006011 -79.8546822717817 0.4900000000000002
      vertex -78.61967705693282 -79.8921923846257 0.5
      vertex -78.67855614006011 -79.8546822717817 0.5
    endloop
  endfacet
  facet normal -0.5372996083467428 0.8433914458129373 0
    outer loop
      vertex -78.67855614006011 79.8546822717817 -0.5
      vertex -78.67855614006011 79.8546822717817 0.5
      vertex -78.61967705693282 79.8921923846257 -0.5
    endloop
  endfacet
  facet normal 0 0 -1
    outer loop
      vertex -78.67855614006011 79.8546822717817 -0.5
      vertex -78.61967705693282 79.8921923846257 -0.5
      vertex -78.56015229964022 79.92866920280845 -0.5
    endloop
  endfacet
  facet normal -0.5372996083467428 0.8433914458129373 0
    outer loop
      vertex -78.67855614006011 79.8546822717817 0.5
      vertex -78.61967705693282 79.8921923846257 0.5
      vertex -78.61967705693282 79.8921923846257 -0.5
    endloop
  endfacet
  facet normal 0 0 1
    outer loop
      vertex -78.67855614006011 79.8546822717817 0.5
      vertex -78.56015229964022 79.92866920280845 0.5
      vertex -78.61967705693282 79.8921923846257 0.5
    endloop
  endfacet
  facet normal -0.5224985647160489 -0.852640164354031 0
    outer loop
      vertex -78.61967705693282 -79.8921923846257 -0.5
      vertex -78.56015229964022 -79.92866920280845 -0.5
      vertex -78.61967705693282 -79.8921923846257 0.4900000000000002
    endloop
  endfacet
  facet normal -0.5224985647160489 -0.852640164354031 0
    outer loop
      vertex -78.61967705693282 -79.8921923846257 0.4900000000000002
      vertex -78.56015229964022 -79.92866920280845 -0.5
      vertex -78.56015229964022 -79.92866920280845 0.4900000000000002
    endloop
  endfacet
  facet normal -0.5224985647160489 -0.852640164354031 0
    outer loop
      vertex -78.61967705693282 -79.8921923846257 0.4900000000000002
      vertex -78.56015229964022 -79.92866920280845 0.4900000000000002
      vertex -78.56015229964022 -79.92866920280845 0.5
    endloop
  endfacet
  facet normal -0.5224985647160489 -0.852640164354031 0
    outer loop
      vertex -78.61967705693282 -79.8921923846257 0.4900000000000002
      vertex -78.56015229964022 -79.92866920280845 0.5
      vertex -78.61967705693282 -79.8921923846257 0.5
    endloop
  endfacet
  facet normal 0 0 1
    outer loop
      vertex -78.61967705693282 -79.8921923846257 0.5
      vertex -78.56015229964022 -79.92866920280845 0.5
      vertex -78.5 -79.96410161513775 0.5
    endloop
  endfacet
  facet normal -0.5224985647160488 0.8526401643540309 0
    outer loop
      vertex -78.61967705693282 79.8921923846257 -0.5
      vertex -78.61967705693282 79.8921923846257 0.5
      vertex -78.56015229964022 79.92866920280845 0.5
    endloop
  endfacet
  facet normal -0.5224985647160488 0.8526401643540309 0
    outer loop
      vertex -78.61967705693282 79.8921923846257 -0.5
      vertex -78.56015229964022 79.92866920280845 0.5
      vertex -78.56015229964022 79.92866920280845 -0.5
    endloop
  endfacet
  facet normal -0.5075383629606086 -0.861629160441582 0
    outer loop
      vertex -78.56015229964022 -79.92866920280845 -0.5
      vertex -78.5 -79.96410161513775 -0.5
      vertex -78.5 -79.96410161513775 0.5
    endloop
  endfacet
  facet normal -0.5075383629606086 -0.8616291604415821 0
    outer loop
      vertex -78.56015229964022 -79.92866920280845 -0.5
      vertex -78.5 -79.96410161513775 0.5
      vertex -78.56015229964022 -79.92866920280845 0.4900000000000002
    endloop
  endfacet
  facet normal 0 0 -1
    outer loop
      vertex -78.56015229964022 -79.92866920280845 -0.5
      vertex -78.37788625114356 -80.0317903714357 -0.5
      vertex -78.5 -79.96410161513775 -0.5
    endloop
  endfacet
  facet normal -0.5075383629606086 -0.8616291604415819 0
    outer loop
      vertex -78.56015229964022 -79.92866920280845 0.4900000000000002
      vertex -78.5 -79.96410161513775 0.5
      vertex -78.56015229964022 -79.92866920280845 0.5
    endloop
  endfacet
  facet normal -0.5075383629606086 0.861629160441582 0
    outer loop
      vertex -78.56015229964022 79.92866920280845 -0.5
      vertex -78.56015229964022 79.92866920280845 0.5
      vertex -78.5 79.96410161513775 -0.5
    endloop
  endfacet
  facet normal 0 0 -1
    outer loop
      vertex -78.56015229964022 79.92866920280845 -0.5
      vertex -78.5 79.96410161513775 -0.5
      vertex -78.43923848098535 79.99847882855758 -0.5
    endloop
  endfacet
  facet normal -0.5075383629606086 0.861629160441582 0
    outer loop
      vertex -78.56015229964022 79.92866920280845 0.5
      vertex -78.5 79.96410161513775 0.5
      vertex -78.5 79.96410161513775 -0.5
    endloop
  endfacet
  facet normal 0 0 1
    outer loop
      vertex -78.56015229964022 79.92866920280845 0.5
      vertex -78.43923848098535 79.99847882855758 0.5
      vertex -78.5 79.96410161513775 0.5
    endloop
  endfacet
  facet normal -0.49242356010351257 -0.8703556959398738 0
    outer loop
      vertex -78.5 -79.96410161513775 -0.5
      vertex -78.43923848098535 -79.99847882855758 -0.5
      vertex -78.43923848098535 -79.99847882855758 0.4900000000000002
    endloop
  endfacet
  facet normal -0.4924235601035126 -0.8703556959398739 0
    outer loop
      vertex -78.5 -79.96410161513775 -0.5
      vertex -78.43923848098535 -79.99847882855758 0.4900000000000002
      vertex -78.5 -79.96410161513775 0.5
    endloop
  endfacet
  facet normal 0 0 -1
    outer loop
      vertex -78.5 -79.96410161513775 -0.5
      vertex -78.37788625114356 -80.0317903714357 -0.5
      vertex -78.43923848098535 -79.99847882855758 -0.5
    endloop
  endfacet
  facet normal -0.4924235601035126 -0.8703556959398739 0
    outer loop
      vertex -78.5 -79.96410161513775 0.5
      vertex -78.43923848098535 -79.99847882855758 0.4900000000000002
      vertex -78.43923848098535 -79.99847882855758 0.5
    endloop
  endfacet
  facet normal 0 0 1
    outer loop
      vertex -78.5 -79.96410161513775 0.5
      vertex -78.43923848098535 -79.99847882855758 0.5
      vertex -78.37788625114356 -80.0317903714357 0.5
    endloop
  endfacet
  facet normal 0 0 1
    outer loop
      vertex -78.5 -79.96410161513775 0.5
      vertex -78.37788625114356 -80.0317903714357 0.5
      vertex -78.1904730469628 -80.1252311481466 0.5
    endloop
  endfacet
  facet normal -0.4924235601035126 0.8703556959398739 0
    outer loop
      vertex -78.5 79.96410161513775 -0.5
      vertex -78.5 79.96410161513775 0.5
      vertex -78.43923848098535 79.99847882855758 0.5
    endloop
  endfacet
  facet normal -0.4924235601035126 0.8703556959398739 0
    outer loop
      vertex -78.5 79.96410161513775 -0.5
      vertex -78.43923848098535 79.99847882855758 0.5
      vertex -78.43923848098535 79.99847882855758 -0.5
    endloop
  endfacet
  facet normal -0.4771587602595873 -0.8788171126619769 0
    outer loop
      vertex -78.43923848098535 -79.99847882855758 -0.5
      vertex -78.37788625114356 -80.0317903714357 -0.5
      vertex -78.43923848098535 -79.99847882855758 0.4900000000000002
    endloop
  endfacet
  facet normal -0.4771587602595873 -0.8788171126619769 0
    outer loop
      vertex -78.43923848098535 -79.99847882855758 0.4900000000000002
      vertex -78.37788625114356 -80.0317903714357 -0.5
      vertex -78.37788625114356 -80.0317903714357 0.4900000000000002
    endloop
  endfacet
  facet normal -0.47715876025958726 -0.8788171126619768 0
    outer loop
      vertex -78.43923848098535 -79.99847882855758 0.4900000000000002
      vertex -78.37788625114356 -80.0317903714357 0.4900000000000002
      vertex -78.37788625114356 -80.0317903714357 0.5
    endloop
  endfacet
  facet normal -0.47715876025958726 -0.8788171126619768 0
    outer loop
      vertex -78.43923848098535 -79.99847882855758 0.4900000000000002
      vertex -78.37788625114356 -80.0317903714357 0.5
      vertex -78.43923848098535 -79.99847882855758 0.5
    endloop
  endfacet
  facet normal -0.47715876025958726 0.8788171126619768 0
    outer loop
      vertex -78.43923848098535 79.99847882855758 -0.5
      vertex -78.43923848098535 79.99847882855758 0.5
      vertex -78.37788625114356 80.0317903714357 0.5
    endloop
  endfacet
  facet normal 0 0 -1
    outer loop
      vertex -78.43923848098535 79.99847882855758 -0.5
      vertex -78.37788625114356 80.0317903714357 -0.5
      vertex -78.31596199895819 80.06402609675347 -0.5
    endloop
  endfacet
  facet normal -0.4771587602595873 0.8788171126619769 0
    outer loop
      vertex -78.43923848098535 79.99847882855758 -0.5
      vertex -78.37788625114356 80.0317903714357 0.4900000000000002
      vertex -78.37788625114356 80.0317903714357 -0.5
    endloop
  endfacet
  facet normal -0.4771587602595872 0.8788171126619769 0
    outer loop
      vertex -78.43923848098535 79.99847882855758 -0.5
      vertex -78.37788625114356 80.0317903714357 0.5
      vertex -78.37788625114356 80.0317903714357 0.4900000000000002
    endloop
  endfacet
  facet normal 0 0 -1
    outer loop
      vertex -78.43923848098535 79.99847882855758 -0.5
      vertex -78.31596199895819 80.06402609675347 -0.5
      vertex -78.25348458715631 80.09517618519666 -0.5
    endloop
  endfacet
  facet normal 0 0 -1
    outer loop
      vertex -78.43923848098535 79.99847882855758 -0.5
      vertex -78.25348458715631 80.09517618519666 -0.5
      vertex -78.0629245139571 80.18201941380975 -0.5
    endloop
  endfacet
  facet normal -0.4617486132349977 -0.8870108331782407 0
    outer loop
      vertex -78.37788625114356 -80.0317903714357 -0.5
      vertex -78.31596199895819 -80.06402609675347 -0.5
      vertex -78.31596199895819 -80.06402609675347 0.4900000000000002
    endloop
  endfacet
  facet normal -0.4617486132349977 -0.8870108331782407 0
    outer loop
      vertex -78.37788625114356 -80.0317903714357 -0.5
      vertex -78.31596199895819 -80.06402609675347 0.4900000000000002
      vertex -78.37788625114356 -80.0317903714357 0.4900000000000002
    endloop
  endfacet
  facet normal 0 0 -1
    outer loop
      vertex -78.37788625114356 -80.0317903714357 -0.5
      vertex -78.1904730469628 -80.1252311481466 -0.5
      vertex -78.31596199895819 -80.06402609675347 -0.5
    endloop
  endfacet
  facet normal 0 0 -1
    outer loop
      vertex -78.37788625114356 -80.0317903714357 -0.5
      vertex -78.0629245139571 -80.18201941380975 -0.5
      vertex -78.1904730469628 -80.1252311481466 -0.5
    endloop
  endfacet
  facet normal -0.46174861323499766 -0.8870108331782406 0
    outer loop
      vertex -78.37788625114356 -80.0317903714357 0.4900000000000002
      vertex -78.31596199895819 -80.06402609675347 0.4900000000000002
      vertex -78.37788625114356 -80.0317903714357 0.5
    endloop
  endfacet
  facet normal -0.46174861323499766 -0.8870108331782406 0
    outer loop
      vertex -78.37788625114356 -80.0317903714357 0.5
      vertex -78.31596199895819 -80.06402609675347 0.4900000000000002
      vertex -78.31596199895819 -80.06402609675347 0.5
    endloop
  endfacet
  facet normal 0 0 1
    outer loop
      vertex -78.37788625114356 -80.0317903714357 0.5
      vertex -78.31596199895819 -80.06402609675347 0.5
      vertex -78.25348458715631 -80.09517618519666 0.5
    endloop
  endfacet
  facet normal 0 0 1
    outer loop
      vertex -78.37788625114356 -80.0317903714357 0.5
      vertex -78.25348458715631 -80.09517618519666 0.5
      vertex -78.1904730469628 -80.1252311481466 0.5
    endloop
  endfacet
  facet normal -0.4617486132349977 0.8870108331782407 0
    outer loop
      vertex -78.37788625114356 80.0317903714357 -0.5
      vertex -78.37788625114356 80.0317903714357 0.4900000000000002
      vertex -78.31596199895819 80.06402609675347 -0.5
    endloop
  endfacet
  facet normal -0.46174861323499766 0.8870108331782406 0
    outer loop
      vertex -78.37788625114356 80.0317903714357 0.4900000000000002
      vertex -78.37788625114356 80.0317903714357 0.5
      vertex -78.31596199895819 80.06402609675347 -0.5
    endloop
  endfacet
  facet normal -0.4617486132349976 0.8870108331782406 0
    outer loop
      vertex -78.37788625114356 80.0317903714357 0.5
      vertex -78.31596199895819 80.06402609675347 0.5
      vertex -78.31596199895819 80.06402609675347 -0.5
    endloop
  endfacet
  facet normal 0 0 1
    outer loop
      vertex -78.37788625114356 80.0317903714357 0.5
      vertex -78.25348458715631 80.09517618519666 0.5
      vertex -78.31596199895819 80.06402609675347 0.5
    endloop
  endfacet
  facet normal 0 0 1
    outer loop
      vertex -78.37788625114356 80.0317903714357 0.5
      vertex -78.0629245139571 80.18201941380975 0.5
      vertex -78.25348458715631 80.09517618519666 0.5
    endloop
  endfacet
  facet normal -0.446197813109815 -0.894934361602022 0
    outer loop
      vertex -78.31596199895819 -80.06402609675347 -0.5
      vertex -78.25348458715631 -80.09517618519666 -0.5
      vertex -78.25348458715631 -80.09517618519666 0.4900000000000002
    endloop
  endfacet
  facet normal -0.446197813109815 -0.894934361602022 0
    outer loop
      vertex -78.31596199895819 -80.06402609675347 -0.5
      vertex -78.25348458715631 -80.09517618519666 0.4900000000000002
      vertex -78.31596199895819 -80.06402609675347 0.4900000000000002
    endloop
  endfacet
  facet normal 0 0 -1
    outer loop
      vertex -78.31596199895819 -80.06402609675347 -0.5
      vertex -78.1904730469628 -80.1252311481466 -0.5
      vertex -78.25348458715631 -80.09517618519666 -0.5
    endloop
  endfacet
  facet normal -0.44619781310981493 -0.8949343616020219 0
    outer loop
      vertex -78.31596199895819 -80.06402609675347 0.4900000000000002
      vertex -78.25348458715631 -80.09517618519666 0.4900000000000002
      vertex -78.25348458715631 -80.09517618519666 0.5
    endloop
  endfacet
  facet normal -0.44619781310981493 -0.8949343616020219 0
    outer loop
      vertex -78.31596199895819 -80.06402609675347 0.4900000000000002
      vertex -78.25348458715631 -80.09517618519666 0.5
      vertex -78.31596199895819 -80.06402609675347 0.5
    endloop
  endfacet
  facet normal -0.446197813109815 0.894934361602022 0
    outer loop
      vertex -78.31596199895819 80.06402609675347 -0.5
      vertex -78.31596199895819 80.06402609675347 0.5
      vertex -78.25348458715631 80.09517618519666 0.5
    endloop
  endfacet
  facet normal -0.446197813109815 0.894934361602022 0
    outer loop
      vertex -78.31596199895819 80.06402609675347 -0.5
      vertex -78.25348458715631 80.09517618519666 0.4900000000000002
      vertex -78.25348458715631 80.09517618519666 -0.5
    endloop
  endfacet
  facet normal -0.44619781310981477 0.894934361602022 0
    outer loop
      vertex -78.31596199895819 80.06402609675347 -0.5
      vertex -78.25348458715631 80.09517618519666 0.5
      vertex -78.25348458715631 80.09517618519666 0.4900000000000002
    endloop
  endfacet
  facet normal -0.4305110968082942 -0.9025852843498611 0
    outer loop
      vertex -78.25348458715631 -80.09517618519666 -0.5
      vertex -78.1904730469628 -80.1252311481466 -0.5
      vertex -78.25348458715631 -80.09517618519666 0.4900000000000002
    endloop
  endfacet
  facet normal -0.43051109680829425 -0.9025852843498612 0
    outer loop
      vertex -78.25348458715631 -80.09517618519666 0.4900000000000002
      vertex -78.1904730469628 -80.1252311481466 -0.5
      vertex -78.1904730469628 -80.1252311481466 0.5
    endloop
  endfacet
  facet normal -0.4305110968082942 -0.9025852843498611 0
    outer loop
      vertex -78.25348458715631 -80.09517618519666 0.4900000000000002
      vertex -78.1904730469628 -80.1252311481466 0.5
      vertex -78.25348458715631 -80.09517618519666 0.5
    endloop
  endfacet
  facet normal -0.4305110968082942 0.9025852843498611 0
    outer loop
      vertex -78.25348458715631 80.09517618519666 -0.5
      vertex -78.25348458715631 80.09517618519666 0.4900000000000002
      vertex -78.1904730469628 80.1252311481466 0.4900000000000002
    endloop
  endfacet
  facet normal 0 0 -1
    outer loop
      vertex -78.25348458715631 80.09517618519666 -0.5
      vertex -78.1904730469628 80.1252311481466 -0.5
      vertex -78.1269465723032 80.15418183057041 -0.5
    endloop
  endfacet
  facet normal -0.4305110968082942 0.9025852843498611 0
    outer loop
      vertex -78.25348458715631 80.09517618519666 -0.5
      vertex -78.1904730469628 80.1252311481466 0.4900000000000002
      vertex -78.1904730469628 80.1252311481466 -0.5
    endloop
  endfacet
  facet normal 0 0 -1
    outer loop
      vertex -78.25348458715631 80.09517618519666 -0.5
      vertex -78.1269465723032 80.15418183057041 -0.5
      vertex -78.0629245139571 80.18201941380975 -0.5
    endloop
  endfacet
  facet normal -0.4305110968082942 0.9025852843498611 0
    outer loop
      vertex -78.25348458715631 80.09517618519666 0.4900000000000002
      vertex -78.25348458715631 80.09517618519666 0.5
      vertex -78.1904730469628 80.1252311481466 0.4900000000000002
    endloop
  endfacet
  facet normal -0.4305110968082942 0.9025852843498611 0
    outer loop
      vertex -78.25348458715631 80.09517618519666 0.5
      vertex -78.1904730469628 80.1252311481466 0.5
      vertex -78.1904730469628 80.1252311481466 0.4900000000000002
    endloop
  endfacet
  facet normal 0 0 1
    outer loop
      vertex -78.25348458715631 80.09517618519666 0.5
      vertex -78.1269465723032 80.15418183057041 0.5
      vertex -78.1904730469628 80.1252311481466 0.5
    endloop
  endfacet
  facet normal 0 0 1
    outer loop
      vertex -78.25348458715631 80.09517618519666 0.5
      vertex -78.0629245139571 80.18201941380975 0.5
      vertex -78.1269465723032 80.15418183057041 0.5
    endloop
  endfacet
  facet normal -0.41469324265633606 -0.9099612708764989 0
    outer loop
      vertex -78.1904730469628 -80.1252311481466 -0.5
      vertex -78.1269465723032 -80.15418183057041 -0.5
      vertex -78.1269465723032 -80.15418183057041 0.5
    endloop
  endfacet
  facet normal -0.41469324265633606 -0.9099612708764989 0
    outer loop
      vertex -78.1904730469628 -80.1252311481466 -0.5
      vertex -78.1269465723032 -80.15418183057041 0.5
      vertex -78.1904730469628 -80.1252311481466 0.5
    endloop
  endfacet
  facet normal 0 0 -1
    outer loop
      vertex -78.1904730469628 -80.1252311481466 -0.5
      vertex -78.0629245139571 -80.18201941380975 -0.5
      vertex -78.1269465723032 -80.15418183057041 -0.5
    endloop
  endfacet
  facet normal 0 0 1
    outer loop
      vertex -78.1904730469628 -80.1252311481466 0.5
      vertex -78.1269465723032 -80.15418183057041 0.5
      vertex -77.99842637366365 -80.20873541826715 0.5
    endloop
  endfacet
  facet normal -0.414693242656336 0.9099612708764989 0
    outer loop
      vertex -78.1904730469628 80.1252311481466 -0.5
      vertex -78.1904730469628 80.1252311481466 0.4900000000000002
      vertex -78.1269465723032 80.15418183057041 -0.5
    endloop
  endfacet
  facet normal -0.414693242656336 0.909961270876499 0
    outer loop
      vertex -78.1904730469628 80.1252311481466 0.4900000000000002
      vertex -78.1904730469628 80.1252311481466 0.5
      vertex -78.1269465723032 80.15418183057041 0.5
    endloop
  endfacet
  facet normal -0.414693242656336 0.9099612708764989 0
    outer loop
      vertex -78.1904730469628 80.1252311481466 0.4900000000000002
      vertex -78.1269465723032 80.15418183057041 0.4900000000000002
      vertex -78.1269465723032 80.15418183057041 -0.5
    endloop
  endfacet
  facet normal -0.414693242656336 0.909961270876499 0
    outer loop
      vertex -78.1904730469628 80.1252311481466 0.4900000000000002
      vertex -78.1269465723032 80.15418183057041 0.5
      vertex -78.1269465723032 80.15418183057041 0.4900000000000002
    endloop
  endfacet
  facet normal -0.39874906892515527 -0.9170600743851635 0
    outer loop
      vertex -78.1269465723032 -80.15418183057041 -0.5
      vertex -78.0629245139571 -80.18201941380975 -0.5
      vertex -78.0629245139571 -80.18201941380975 0.5
    endloop
  endfacet
  facet normal -0.39874906892515527 -0.9170600743851635 0
    outer loop
      vertex -78.1269465723032 -80.15418183057041 -0.5
      vertex -78.0629245139571 -80.18201941380975 0.5
      vertex -78.1269465723032 -80.15418183057041 0.5
    endloop
  endfacet
  facet normal 0 0 1
    outer loop
      vertex -78.1269465723032 -80.15418183057041 0.5
      vertex -78.0629245139571 -80.18201941380975 0.5
      vertex -77.99842637366365 -80.20873541826715 0.5
    endloop
  endfacet
  facet normal -0.39874906892515527 0.9170600743851636 0
    outer loop
      vertex -78.1269465723032 80.15418183057041 -0.5
      vertex -78.1269465723032 80.15418183057041 0.4900000000000002
      vertex -78.0629245139571 80.18201941380975 -0.5
    endloop
  endfacet
  facet normal -0.3987490689251553 0.9170600743851636 0
    outer loop
      vertex -78.1269465723032 80.15418183057041 0.4900000000000002
      vertex -78.1269465723032 80.15418183057041 0.5
      vertex -78.0629245139571 80.18201941380975 0.5
    endloop
  endfacet
  facet normal -0.39874906892515527 0.9170600743851635 0
    outer loop
      vertex -78.1269465723032 80.15418183057041 0.4900000000000002
      vertex -78.0629245139571 80.18201941380975 0.5
      vertex -78.0629245139571 80.18201941380975 -0.5
    endloop
  endfacet
  facet normal -0.38268343236518804 -0.9238795325112461 0
    outer loop
      vertex -78.0629245139571 -80.18201941380975 -0.5
      vertex -77.99842637366365 -80.20873541826715 -0.5
      vertex -77.99842637366365 -80.20873541826715 0.5
    endloop
  endfacet
  facet normal -0.38268343236518804 -0.9238795325112461 0
    outer loop
      vertex -78.0629245139571 -80.18201941380975 -0.5
      vertex -77.99842637366365 -80.20873541826715 0.5
      vertex -78.0629245139571 -80.18201941380975 0.5
    endloop
  endfacet
  facet normal 0 0 -1
    outer loop
      vertex -78.0629245139571 -80.18201941380975 -0.5
      vertex -77.19459271066772 -80.43923101204884 -0.5
      vertex -77.99842637366365 -80.20873541826715 -0.5
    endloop
  endfacet
  facet normal 0 0 -1
    outer loop
      vertex -78.0629245139571 -80.18201941380975 -0.5
      vertex -77.12573786016092 -80.45075336238055 -0.5
      vertex -77.19459271066772 -80.43923101204884 -0.5
    endloop
  endfacet
  facet normal 0 0 -1
    outer loop
      vertex -78.0629245139571 -80.18201941380975 -0.5
      vertex -76.91811385307061 -80.47808758147309 -0.5
      vertex -77.12573786016092 -80.45075336238055 -0.5
    endloop
  endfacet
  facet normal 0 0 -1
    outer loop
      vertex -78.0629245139571 -80.18201941380975 -0.5
      vertex -76.5 -80.5 -0.5
      vertex -76.91811385307061 -80.47808758147309 -0.5
    endloop
  endfacet
  facet normal 0 0 -1
    outer loop
      vertex -78.0629245139571 -80.18201941380975 -0.5
      vertex 79.32842712474618 -79.32842712474618 -0.5
      vertex -76.5 -80.5 -0.5
    endloop
  endfacet
  facet normal -0.38268343236518804 0.9238795325112461 0
    outer loop
      vertex -78.0629245139571 80.18201941380975 -0.5
      vertex -78.0629245139571 80.18201941380975 0.4900000000000002
      vertex -77.99842637366365 80.20873541826715 0.4900000000000002
    endloop
  endfacet
  facet normal 0 0 0
    outer loop
      vertex -78.0629245139571 80.18201941380975 -0.5
      vertex -78.0629245139571 80.18201941380975 0.5
      vertex -78.0629245139571 80.18201941380975 0.4900000000000002
    endloop
  endfacet
  facet normal 0 0 -1
    outer loop
      vertex -78.0629245139571 80.18201941380975 -0.5
      vertex -77.99842637366365 80.20873541826715 -0.5
      vertex -77.9334717981812 80.2343217059888 -0.5
    endloop
  endfacet
  facet normal -0.38268343236518804 0.9238795325112461 0
    outer loop
      vertex -78.0629245139571 80.18201941380975 -0.5
      vertex -77.99842637366365 80.20873541826715 0.4900000000000002
      vertex -77.99842637366365 80.20873541826715 -0.5
    endloop
  endfacet
  facet normal 0 0 -1
    outer loop
      vertex -78.0629245139571 80.18201941380975 -0.5
      vertex -77.9334717981812 80.2343217059888 -0.5
      vertex -77.73606797749979 80.30422606518061 -0.5
    endloop
  endfacet
  facet normal 0 0 -1
    outer loop
      vertex -78.0629245139571 80.18201941380975 -0.5
      vertex -77.73606797749979 80.30422606518061 -0.5
      vertex -77.33164676327104 80.41259040293522 -0.5
    endloop
  endfacet
  facet normal 0 0 -1
    outer loop
      vertex -78.0629245139571 80.18201941380975 -0.5
      vertex -77.33164676327104 80.41259040293522 -0.5
      vertex -76.5 80.5 -0.5
    endloop
  endfacet
  facet normal -0.3826834323651879 0.923879532511246 0
    outer loop
      vertex -78.0629245139571 80.18201941380975 0.4900000000000002
      vertex -78.0629245139571 80.18201941380975 0.5
      vertex -77.99842637366365 80.20873541826715 0.4900000000000002
    endloop
  endfacet
  facet normal -0.3826834323651879 0.923879532511246 0
    outer loop
      vertex -78.0629245139571 80.18201941380975 0.5
      vertex -77.99842637366365 80.20873541826715 0.5
      vertex -77.99842637366365 80.20873541826715 0.4900000000000002
    endloop
  endfacet
  facet normal 0 0 1
    outer loop
      vertex -78.0629245139571 80.18201941380975 0.5
      vertex -77.86808057330268 80.25877048314364 0.5
      vertex -77.99842637366365 80.20873541826715 0.5
    endloop
  endfacet
  facet normal 0 0 1
    outer loop
      vertex -78.0629245139571 80.18201941380975 0.5
      vertex -77.73606797749979 80.30422606518061 0.5
      vertex -77.86808057330268 80.25877048314364 0.5
    endloop
  endfacet
  facet normal 0 0 1
    outer loop
      vertex -78.0629245139571 80.18201941380975 0.5
      vertex -77.33164676327104 80.41259040293522 0.5
      vertex -77.73606797749979 80.30422606518061 0.5
    endloop
  endfacet
  facet normal 0 0 1
    outer loop
      vertex -78.0629245139571 80.18201941380975 0.5
      vertex -76.5 80.5 0.5
      vertex -77.33164676327104 80.41259040293522 0.5
    endloop
  endfacet
  facet normal -0.36650122672422997 -0.9304175679820511 0
    outer loop
      vertex -77.99842637366365 -80.20873541826715 -0.5
      vertex -77.9334717981812 -80.2343217059888 -0.5
      vertex -77.9334717981812 -80.2343217059888 -0.4900000000000002
    endloop
  endfacet
  facet normal -0.36650122672422997 -0.930417567982051 0
    outer loop
      vertex -77.99842637366365 -80.20873541826715 -0.5
      vertex -77.9334717981812 -80.2343217059888 -0.4900000000000002
      vertex -77.99842637366365 -80.20873541826715 0.5
    endloop
  endfacet
  facet normal 0 0 -1
    outer loop
      vertex -77.99842637366365 -80.20873541826715 -0.5
      vertex -77.86808057330268 -80.25877048314364 -0.5
      vertex -77.9334717981812 -80.2343217059888 -0.5
    endloop
  endfacet
  facet normal 0 0 -1
    outer loop
      vertex -77.99842637366365 -80.20873541826715 -0.5
      vertex -77.80227261782862 -80.28207430239726 -0.5
      vertex -77.86808057330268 -80.25877048314364 -0.5
    endloop
  endfacet
  facet normal 0 0 -1
    outer loop
      vertex -77.99842637366365 -80.20873541826715 -0.5
      vertex -77.33164676327104 -80.41259040293522 -0.5
      vertex -77.80227261782862 -80.28207430239726 -0.5
    endloop
  endfacet
  facet normal 0 0 -1
    outer loop
      vertex -77.99842637366365 -80.20873541826715 -0.5
      vertex -77.19459271066772 -80.43923101204884 -0.5
      vertex -77.33164676327104 -80.41259040293522 -0.5
    endloop
  endfacet
  facet normal -0.3665012267242299 -0.9304175679820511 0
    outer loop
      vertex -77.99842637366365 -80.20873541826715 0.5
      vertex -77.9334717981812 -80.2343217059888 -0.4900000000000002
      vertex -77.9334717981812 -80.2343217059888 0.5
    endloop
  endfacet
  facet normal 0 0 1
    outer loop
      vertex -77.99842637366365 -80.20873541826715 0.5
      vertex -77.9334717981812 -80.2343217059888 0.5
      vertex -77.86808057330268 -80.25877048314364 0.5
    endloop
  endfacet
  facet normal 0 0 1
    outer loop
      vertex -77.99842637366365 -80.20873541826715 0.5
      vertex -77.86808057330268 -80.25877048314364 0.5
      vertex -77.66948681889095 -80.32521902385214 0.5
    endloop
  endfacet
  facet normal 0 0 1
    outer loop
      vertex -77.99842637366365 -80.20873541826715 0.5
      vertex -77.66948681889095 -80.32521902385214 0.5
      vertex -77.26323598150618 -80.42650873379066 0.5
    endloop
  endfacet
  facet normal 0 0 1
    outer loop
      vertex -77.99842637366365 -80.20873541826715 0.5
      vertex -77.26323598150618 -80.42650873379066 0.5
      vertex -76.5 -80.5 0.5
    endloop
  endfacet
  facet normal -0.3665012267242299 0.9304175679820511 0
    outer loop
      vertex -77.99842637366365 80.20873541826715 -0.5
      vertex -77.99842637366365 80.20873541826715 0.4900000000000002
      vertex -77.9334717981812 80.2343217059888 -0.5
    endloop
  endfacet
  facet normal -0.36650122672422997 0.9304175679820511 0
    outer loop
      vertex -77.99842637366365 80.20873541826715 0.4900000000000002
      vertex -77.99842637366365 80.20873541826715 0.5
      vertex -77.9334717981812 80.2343217059888 -0.5
    endloop
  endfacet
  facet normal -0.3665012267242299 0.9304175679820511 0
    outer loop
      vertex -77.99842637366365 80.20873541826715 0.5
      vertex -77.9334717981812 80.2343217059888 0.4900000000000002
      vertex -77.9334717981812 80.2343217059888 -0.5
    endloop
  endfacet
  facet normal -0.36650122672422997 0.9304175679820511 0
    outer loop
      vertex -77.99842637366365 80.20873541826715 0.5
      vertex -77.9334717981812 80.2343217059888 0.5
      vertex -77.9334717981812 80.2343217059888 0.4900000000000002
    endloop
  endfacet
  facet normal 0 0 1
    outer loop
      vertex -77.99842637366365 80.20873541826715 0.5
      vertex -77.86808057330268 80.25877048314364 0.5
      vertex -77.9334717981812 80.2343217059888 0.5
    endloop
  endfacet
  facet normal -0.35020738125952716 -0.9366721892483753 0
    outer loop
      vertex -77.9334717981812 -80.2343217059888 -0.5
      vertex -77.86808057330268 -80.25877048314364 -0.5
      vertex -77.9334717981812 -80.2343217059888 -0.4900000000000002
    endloop
  endfacet
  facet normal -0.3502073812595272 -0.9366721892483754 0
    outer loop
      vertex -77.9334717981812 -80.2343217059888 -0.4900000000000002
      vertex -77.86808057330268 -80.25877048314364 -0.5
      vertex -77.86808057330268 -80.25877048314364 0.5
    endloop
  endfacet
  facet normal -0.3502073812595273 -0.9366721892483754 0
    outer loop
      vertex -77.9334717981812 -80.2343217059888 -0.4900000000000002
      vertex -77.86808057330268 -80.25877048314364 0.5
      vertex -77.9334717981812 -80.2343217059888 0.5
    endloop
  endfacet
  facet normal -0.3502073812595273 0.9366721892483754 0
    outer loop
      vertex -77.9334717981812 80.2343217059888 -0.5
      vertex -77.9334717981812 80.2343217059888 0.4900000000000002
      vertex -77.86808057330268 80.25877048314364 0.5
    endloop
  endfacet
  facet normal 0 0 -1
    outer loop
      vertex -77.9334717981812 80.2343217059888 -0.5
      vertex -77.86808057330268 80.25877048314364 -0.5
      vertex -77.73606797749979 80.30422606518061 -0.5
    endloop
  endfacet
  facet normal -0.3502073812595272 0.9366721892483754 0
    outer loop
      vertex -77.9334717981812 80.2343217059888 -0.5
      vertex -77.86808057330268 80.25877048314364 0.5
      vertex -77.86808057330268 80.25877048314364 -0.5
    endloop
  endfacet
  facet normal -0.35020738125952716 0.9366721892483753 0
    outer loop
      vertex -77.9334717981812 80.2343217059888 0.4900000000000002
      vertex -77.9334717981812 80.2343217059888 0.5
      vertex -77.86808057330268 80.25877048314364 0.5
    endloop
  endfacet
  facet normal -0.33380685923364767 -0.9426414910922222 0
    outer loop
      vertex -77.86808057330268 -80.25877048314364 -0.5
      vertex -77.80227261782862 -80.28207430239726 -0.5
      vertex -77.86808057330268 -80.25877048314364 0.5
    endloop
  endfacet
  facet normal -0.33380685923364767 -0.9426414910922222 0
    outer loop
      vertex -77.86808057330268 -80.25877048314364 0.5
      vertex -77.80227261782862 -80.28207430239726 -0.5
      vertex -77.80227261782862 -80.28207430239726 0.5
    endloop
  endfacet
  facet normal 0 0 1
    outer loop
      vertex -77.86808057330268 -80.25877048314364 0.5
      vertex -77.80227261782862 -80.28207430239726 0.5
      vertex -77.73606797749979 -80.30422606518061 0.5
    endloop
  endfacet
  facet normal 0 0 1
    outer loop
      vertex -77.86808057330268 -80.25877048314364 0.5
      vertex -77.73606797749979 -80.30422606518061 0.5
      vertex -77.66948681889095 -80.32521902385214 0.5
    endloop
  endfacet
  facet normal -0.33380685923364767 0.9426414910922222 0
    outer loop
      vertex -77.86808057330268 80.25877048314364 -0.5
      vertex -77.86808057330268 80.25877048314364 0.5
      vertex -77.80227261782862 80.28207430239726 0.5
    endloop
  endfacet
  facet normal 0 0 -1
    outer loop
      vertex -77.86808057330268 80.25877048314364 -0.5
      vertex -77.80227261782862 80.28207430239726 -0.5
      vertex -77.73606797749979 80.30422606518061 -0.5
    endloop
  endfacet
  facet normal -0.33380685923364767 0.9426414910922222 0
    outer loop
      vertex -77.86808057330268 80.25877048314364 -0.5
      vertex -77.80227261782862 80.28207430239726 0.5
      vertex -77.80227261782862 80.28207430239726 -0.5
    endloop
  endfacet
  facet normal 0 0 1
    outer loop
      vertex -77.86808057330268 80.25877048314364 0.5
      vertex -77.73606797749979 80.30422606518061 0.5
      vertex -77.80227261782862 80.28207430239726 0.5
    endloop
  endfacet
  facet normal -0.31730465640516825 -0.9483236552061738 0
    outer loop
      vertex -77.80227261782862 -80.28207430239726 -0.5
      vertex -77.73606797749979 -80.30422606518061 -0.5
      vertex -77.73606797749979 -80.30422606518061 0.4900000000000002
    endloop
  endfacet
  facet normal -0.3173046564051658 -0.9483236552061747 0
    outer loop
      vertex -77.80227261782862 -80.28207430239726 -0.5
      vertex -77.73606797749979 -80.30422606518061 0.4900000000000002
      vertex -77.73606797749979 -80.30422606518061 0.5
    endloop
  endfacet
  facet normal -0.31730465640516825 -0.9483236552061739 0
    outer loop
      vertex -77.80227261782862 -80.28207430239726 -0.5
      vertex -77.73606797749979 -80.30422606518061 0.5
      vertex -77.80227261782862 -80.28207430239726 0.5
    endloop
  endfacet
  facet normal 0 0 -1
    outer loop
      vertex -77.80227261782862 -80.28207430239726 -0.5
      vertex -77.66948681889095 -80.32521902385214 -0.5
      vertex -77.73606797749979 -80.30422606518061 -0.5
    endloop
  endfacet
  facet normal 0 0 -1
    outer loop
      vertex -77.80227261782862 -80.28207430239726 -0.5
      vertex -77.602549423268 -80.34504678375328 -0.5
      vertex -77.66948681889095 -80.32521902385214 -0.5
    endloop
  endfacet
  facet normal 0 0 -1
    outer loop
      vertex -77.80227261782862 -80.28207430239726 -0.5
      vertex -77.33164676327104 -80.41259040293522 -0.5
      vertex -77.602549423268 -80.34504678375328 -0.5
    endloop
  endfacet
  facet normal -0.31730465640516825 0.9483236552061739 0
    outer loop
      vertex -77.80227261782862 80.28207430239726 -0.5
      vertex -77.80227261782862 80.28207430239726 0.5
      vertex -77.73606797749979 80.30422606518061 -0.5
    endloop
  endfacet
  facet normal -0.31730465640516825 0.9483236552061738 0
    outer loop
      vertex -77.80227261782862 80.28207430239726 0.5
      vertex -77.73606797749979 80.30422606518061 0.4900000000000002
      vertex -77.73606797749979 80.30422606518061 -0.5
    endloop
  endfacet
  facet normal -0.3173046564051682 0.9483236552061738 0
    outer loop
      vertex -77.80227261782862 80.28207430239726 0.5
      vertex -77.73606797749979 80.30422606518061 0.5
      vertex -77.73606797749979 80.30422606518061 0.4900000000000002
    endloop
  endfacet
  facet normal -0.3007057995042804 -0.9537169507482246 0
    outer loop
      vertex -77.73606797749979 -80.30422606518061 -0.5
      vertex -77.66948681889095 -80.32521902385214 -0.5
      vertex -77.66948681889095 -80.32521902385214 0.4900000000000002
    endloop
  endfacet
  facet normal -0.3007057995042804 -0.9537169507482246 0
    outer loop
      vertex -77.73606797749979 -80.30422606518061 -0.5
      vertex -77.66948681889095 -80.32521902385214 0.4900000000000002
      vertex -77.73606797749979 -80.30422606518061 0.4900000000000002
    endloop
  endfacet
  facet normal -0.3007057995042804 -0.9537169507482246 0
    outer loop
      vertex -77.73606797749979 -80.30422606518061 0.4900000000000002
      vertex -77.66948681889095 -80.32521902385214 0.4900000000000002
      vertex -77.73606797749979 -80.30422606518061 0.5
    endloop
  endfacet
  facet normal -0.3007057995042804 -0.9537169507482246 0
    outer loop
      vertex -77.73606797749979 -80.30422606518061 0.5
      vertex -77.66948681889095 -80.32521902385214 0.4900000000000002
      vertex -77.66948681889095 -80.32521902385214 0.5
    endloop
  endfacet
  facet normal -0.3007057995042804 0.9537169507482246 0
    outer loop
      vertex -77.73606797749979 80.30422606518061 -0.5
      vertex -77.73606797749979 80.30422606518061 0.4900000000000002
      vertex -77.66948681889095 80.32521902385214 0.4900000000000002
    endloop
  endfacet
  facet normal 0 0 -1
    outer loop
      vertex -77.73606797749979 80.30422606518061 -0.5
      vertex -77.66948681889095 80.32521902385214 -0.5
      vertex -77.53527618041008 80.36370330515628 -0.5
    endloop
  endfacet
  facet normal -0.3007057995042804 0.9537169507482246 0
    outer loop
      vertex -77.73606797749979 80.30422606518061 -0.5
      vertex -77.66948681889095 80.32521902385214 0.4900000000000002
      vertex -77.66948681889095 80.32521902385214 -0.5
    endloop
  endfacet
  facet normal 0 0 -1
    outer loop
      vertex -77.73606797749979 80.30422606518061 -0.5
      vertex -77.53527618041008 80.36370330515628 -0.5
      vertex -77.33164676327104 80.41259040293522 -0.5
    endloop
  endfacet
  facet normal -0.3007057995042804 0.9537169507482246 0
    outer loop
      vertex -77.73606797749979 80.30422606518061 0.4900000000000002
      vertex -77.73606797749979 80.30422606518061 0.5
      vertex -77.66948681889095 80.32521902385214 0.4900000000000002
    endloop
  endfacet
  facet normal -0.3007057995042804 0.9537169507482246 0
    outer loop
      vertex -77.73606797749979 80.30422606518061 0.5
      vertex -77.66948681889095 80.32521902385214 0.5
      vertex -77.66948681889095 80.32521902385214 0.4900000000000002
    endloop
  endfacet
  facet normal 0 0 1
    outer loop
      vertex -77.73606797749979 80.30422606518061 0.5
      vertex -77.53527618041008 80.36370330515628 0.5
      vertex -77.66948681889095 80.32521902385214 0.5
    endloop
  endfacet
  facet normal 0 0 1
    outer loop
      vertex -77.73606797749979 80.30422606518061 0.5
      vertex -77.33164676327104 80.41259040293522 0.5
      vertex -77.53527618041008 80.36370330515628 0.5
    endloop
  endfacet
  facet normal -0.2840153447039467 -0.9588197348681858 0
    outer loop
      vertex -77.66948681889095 -80.32521902385214 -0.5
      vertex -77.602549423268 -80.34504678375328 -0.5
      vertex -77.66948681889095 -80.32521902385214 0.4900000000000002
    endloop
  endfacet
  facet normal -0.2840153447039467 -0.9588197348681858 0
    outer loop
      vertex -77.66948681889095 -80.32521902385214 0.4900000000000002
      vertex -77.602549423268 -80.34504678375328 -0.5
      vertex -77.602549423268 -80.34504678375328 0.4900000000000002
    endloop
  endfacet
  facet normal -0.28401534470394674 -0.958819734868186 0
    outer loop
      vertex -77.66948681889095 -80.32521902385214 0.4900000000000002
      vertex -77.602549423268 -80.34504678375328 0.4900000000000002
      vertex -77.66948681889095 -80.32521902385214 0.5
    endloop
  endfacet
  facet normal -0.28401534470394674 -0.958819734868186 0
    outer loop
      vertex -77.66948681889095 -80.32521902385214 0.5
      vertex -77.602549423268 -80.34504678375328 0.4900000000000002
      vertex -77.602549423268 -80.34504678375328 0.5
    endloop
  endfacet
  facet normal 0 0 1
    outer loop
      vertex -77.66948681889095 -80.32521902385214 0.5
      vertex -77.602549423268 -80.34504678375328 0.5
      vertex -77.53527618041008 -80.36370330515628 0.5
    endloop
  endfacet
  facet normal 0 0 1
    outer loop
      vertex -77.66948681889095 -80.32521902385214 0.5
      vertex -77.53527618041008 -80.36370330515628 0.5
      vertex -77.26323598150618 -80.42650873379066 0.5
    endloop
  endfacet
  facet normal -0.2840153447039467 0.9588197348681858 0
    outer loop
      vertex -77.66948681889095 80.32521902385214 -0.5
      vertex -77.66948681889095 80.32521902385214 0.4900000000000002
      vertex -77.602549423268 80.34504678375328 0.4900000000000002
    endloop
  endfacet
  facet normal 0 0 -1
    outer loop
      vertex -77.66948681889095 80.32521902385214 -0.5
      vertex -77.602549423268 80.34504678375328 -0.5
      vertex -77.53527618041008 80.36370330515628 -0.5
    endloop
  endfacet
  facet normal -0.2840153447039467 0.9588197348681858 0
    outer loop
      vertex -77.66948681889095 80.32521902385214 -0.5
      vertex -77.602549423268 80.34504678375328 0.4900000000000002
      vertex -77.602549423268 80.34504678375328 -0.5
    endloop
  endfacet
  facet normal -0.28401534470394674 0.958819734868186 0
    outer loop
      vertex -77.66948681889095 80.32521902385214 0.4900000000000002
      vertex -77.66948681889095 80.32521902385214 0.5
      vertex -77.602549423268 80.34504678375328 0.4900000000000002
    endloop
  endfacet
  facet normal -0.28401534470394674 0.958819734868186 0
    outer loop
      vertex -77.66948681889095 80.32521902385214 0.5
      vertex -77.602549423268 80.34504678375328 0.5
      vertex -77.602549423268 80.34504678375328 0.4900000000000002
    endloop
  endfacet
  facet normal 0 0 1
    outer loop
      vertex -77.66948681889095 80.32521902385214 0.5
      vertex -77.53527618041008 80.36370330515628 0.5
      vertex -77.602549423268 80.34504678375328 0.5
    endloop
  endfacet
  facet normal -0.2672383760782895 -0.9636304532086138 0
    outer loop
      vertex -77.602549423268 -80.34504678375328 -0.5
      vertex -77.53527618041008 -80.36370330515628 -0.5
      vertex -77.53527618041008 -80.36370330515628 0.4900000000000002
    endloop
  endfacet
  facet normal -0.2672383760782895 -0.9636304532086138 0
    outer loop
      vertex -77.602549423268 -80.34504678375328 -0.5
      vertex -77.53527618041008 -80.36370330515628 0.4900000000000002
      vertex -77.602549423268 -80.34504678375328 0.4900000000000002
    endloop
  endfacet
  facet normal 0 0 -1
    outer loop
      vertex -77.602549423268 -80.34504678375328 -0.5
      vertex -77.46768758239867 -80.38118290510398 -0.5
      vertex -77.53527618041008 -80.36370330515628 -0.5
    endloop
  endfacet
  facet normal 0 0 -1
    outer loop
      vertex -77.602549423268 -80.34504678375328 -0.5
      vertex -77.33164676327104 -80.41259040293522 -0.5
      vertex -77.46768758239867 -80.38118290510398 -0.5
    endloop
  endfacet
  facet normal -0.26723837607828954 -0.963630453208614 0
    outer loop
      vertex -77.602549423268 -80.34504678375328 0.4900000000000002
      vertex -77.53527618041008 -80.36370330515628 0.4900000000000002
      vertex -77.53527618041008 -80.36370330515628 0.5
    endloop
  endfacet
  facet normal -0.26723837607828954 -0.963630453208614 0
    outer loop
      vertex -77.602549423268 -80.34504678375328 0.4900000000000002
      vertex -77.53527618041008 -80.36370330515628 0.5
      vertex -77.602549423268 -80.34504678375328 0.5
    endloop
  endfacet
  facet normal -0.2672383760782895 0.9636304532086138 0
    outer loop
      vertex -77.602549423268 80.34504678375328 -0.5
      vertex -77.602549423268 80.34504678375328 0.4900000000000002
      vertex -77.53527618041008 80.36370330515628 -0.5
    endloop
  endfacet
  facet normal -0.26723837607828954 0.963630453208614 0
    outer loop
      vertex -77.602549423268 80.34504678375328 0.4900000000000002
      vertex -77.602549423268 80.34504678375328 0.5
      vertex -77.53527618041008 80.36370330515628 0.5
    endloop
  endfacet
  facet normal -0.2672383760782895 0.9636304532086138 0
    outer loop
      vertex -77.602549423268 80.34504678375328 0.4900000000000002
      vertex -77.53527618041008 80.36370330515628 0.4900000000000002
      vertex -77.53527618041008 80.36370330515628 -0.5
    endloop
  endfacet
  facet normal -0.26723837607828954 0.963630453208614 0
    outer loop
      vertex -77.602549423268 80.34504678375328 0.4900000000000002
      vertex -77.53527618041008 80.36370330515628 0.5
      vertex -77.53527618041008 80.36370330515628 0.4900000000000002
    endloop
  endfacet
  facet normal -0.2503800040543463 -0.9681476403781325 0
    outer loop
      vertex -77.53527618041008 -80.36370330515628 -0.5
      vertex -77.46768758239867 -80.38118290510398 -0.5
      vertex -77.53527618041008 -80.36370330515628 0.4900000000000002
    endloop
  endfacet
  facet normal -0.2503800040543463 -0.9681476403781325 0
    outer loop
      vertex -77.53527618041008 -80.36370330515628 0.4900000000000002
      vertex -77.46768758239867 -80.38118290510398 -0.5
      vertex -77.46768758239867 -80.38118290510398 0.4900000000000002
    endloop
  endfacet
  facet normal -0.2503800040543463 -0.9681476403781324 0
    outer loop
      vertex -77.53527618041008 -80.36370330515628 0.4900000000000002
      vertex -77.46768758239867 -80.38118290510398 0.4900000000000002
      vertex -77.53527618041008 -80.36370330515628 0.5
    endloop
  endfacet
  facet normal -0.2503800040543463 -0.9681476403781324 0
    outer loop
      vertex -77.53527618041008 -80.36370330515628 0.5
      vertex -77.46768758239867 -80.38118290510398 0.4900000000000002
      vertex -77.46768758239867 -80.38118290510398 0.5
    endloop
  endfacet
  facet normal 0 0 1
    outer loop
      vertex -77.53527618041008 -80.36370330515628 0.5
      vertex -77.46768758239867 -80.38118290510398 0.5
      vertex -77.39980421737546 -80.39748025914093 0.5
    endloop
  endfacet
  facet normal 0 0 1
    outer loop
      vertex -77.53527618041008 -80.36370330515628 0.5
      vertex -77.39980421737546 -80.39748025914093 0.5
      vertex -77.26323598150618 -80.42650873379066 0.5
    endloop
  endfacet
  facet normal -0.2503800040543463 0.9681476403781325 0
    outer loop
      vertex -77.53527618041008 80.36370330515628 -0.5
      vertex -77.53527618041008 80.36370330515628 0.4900000000000002
      vertex -77.46768758239867 80.38118290510398 0.4900000000000002
    endloop
  endfacet
  facet normal 0 0 -1
    outer loop
      vertex -77.53527618041008 80.36370330515628 -0.5
      vertex -77.46768758239867 80.38118290510398 -0.5
      vertex -77.33164676327104 80.41259040293522 -0.5
    endloop
  endfacet
  facet normal -0.2503800040543463 0.9681476403781325 0
    outer loop
      vertex -77.53527618041008 80.36370330515628 -0.5
      vertex -77.46768758239867 80.38118290510398 0.4900000000000002
      vertex -77.46768758239867 80.38118290510398 -0.5
    endloop
  endfacet
  facet normal -0.2503800040543463 0.9681476403781324 0
    outer loop
      vertex -77.53527618041008 80.36370330515628 0.4900000000000002
      vertex -77.53527618041008 80.36370330515628 0.5
      vertex -77.46768758239867 80.38118290510398 0.4900000000000002
    endloop
  endfacet
  facet normal -0.2503800040543463 0.9681476403781324 0
    outer loop
      vertex -77.53527618041008 80.36370330515628 0.5
      vertex -77.46768758239867 80.38118290510398 0.5
      vertex -77.46768758239867 80.38118290510398 0.4900000000000002
    endloop
  endfacet
  facet normal 0 0 1
    outer loop
      vertex -77.53527618041008 80.36370330515628 0.5
      vertex -77.33164676327104 80.41259040293522 0.5
      vertex -77.46768758239867 80.38118290510398 0.5
    endloop
  endfacet
  facet normal -0.2334453638558606 -0.9723699203976874 0
    outer loop
      vertex -77.46768758239867 -80.38118290510398 -0.5
      vertex -77.39980421737546 -80.39748025914093 -0.5
      vertex -77.39980421737546 -80.39748025914093 -0.4900000000000002
    endloop
  endfacet
  facet normal -0.2334453638558606 -0.9723699203976873 0
    outer loop
      vertex -77.46768758239867 -80.38118290510398 -0.5
      vertex -77.39980421737546 -80.39748025914093 -0.4900000000000002
      vertex -77.46768758239867 -80.38118290510398 0.4900000000000002
    endloop
  endfacet
  facet normal 0 0 -1
    outer loop
      vertex -77.46768758239867 -80.38118290510398 -0.5
      vertex -77.33164676327104 -80.41259040293522 -0.5
      vertex -77.39980421737546 -80.39748025914093 -0.5
    endloop
  endfacet
  facet normal -0.2334453638558606 -0.9723699203976873 0
    outer loop
      vertex -77.46768758239867 -80.38118290510398 0.4900000000000002
      vertex -77.39980421737546 -80.39748025914093 -0.4900000000000002
      vertex -77.39980421737546 -80.39748025914093 0.5
    endloop
  endfacet
  facet normal -0.2334453638558606 -0.9723699203976874 0
    outer loop
      vertex -77.46768758239867 -80.38118290510398 0.4900000000000002
      vertex -77.39980421737546 -80.39748025914093 0.5
      vertex -77.46768758239867 -80.38118290510398 0.5
    endloop
  endfacet
  facet normal -0.2334453638558606 0.9723699203976873 0
    outer loop
      vertex -77.46768758239867 80.38118290510398 -0.5
      vertex -77.46768758239867 80.38118290510398 0.4900000000000002
      vertex -77.39980421737546 80.39748025914093 0.4900000000000002
    endloop
  endfacet
  facet normal 0 0 -1
    outer loop
      vertex -77.46768758239867 80.38118290510398 -0.5
      vertex -77.39980421737546 80.39748025914093 -0.5
      vertex -77.33164676327104 80.41259040293522 -0.5
    endloop
  endfacet
  facet normal -0.2334453638558606 0.9723699203976873 0
    outer loop
      vertex -77.46768758239867 80.38118290510398 -0.5
      vertex -77.39980421737546 80.39748025914093 0.4900000000000002
      vertex -77.39980421737546 80.39748025914093 -0.5
    endloop
  endfacet
  facet normal -0.2334453638558606 0.9723699203976874 0
    outer loop
      vertex -77.46768758239867 80.38118290510398 0.4900000000000002
      vertex -77.46768758239867 80.38118290510398 0.5
      vertex -77.39980421737546 80.39748025914093 0.4900000000000002
    endloop
  endfacet
  facet normal -0.2334453638558606 0.9723699203976874 0
    outer loop
      vertex -77.46768758239867 80.38118290510398 0.5
      vertex -77.39980421737546 80.39748025914093 0.5
      vertex -77.39980421737546 80.39748025914093 0.4900000000000002
    endloop
  endfacet
  facet normal 0 0 1
    outer loop
      vertex -77.46768758239867 80.38118290510398 0.5
      vertex -77.33164676327104 80.41259040293522 0.5
      vertex -77.39980421737546 80.39748025914093 0.5
    endloop
  endfacet
  facet normal -0.2164396139381953 -0.9762960071199128 0
    outer loop
      vertex -77.39980421737546 -80.39748025914093 -0.5
      vertex -77.33164676327104 -80.41259040293522 -0.5
      vertex -77.39980421737546 -80.39748025914093 -0.4900000000000002
    endloop
  endfacet
  facet normal -0.21643961393819533 -0.9762960071199129 0
    outer loop
      vertex -77.39980421737546 -80.39748025914093 -0.4900000000000002
      vertex -77.33164676327104 -80.41259040293522 -0.5
      vertex -77.39980421737546 -80.39748025914093 0.5
    endloop
  endfacet
  facet normal -0.21643961393819533 -0.9762960071199128 0
    outer loop
      vertex -77.39980421737546 -80.39748025914093 0.5
      vertex -77.33164676327104 -80.41259040293522 -0.5
      vertex -77.33164676327104 -80.41259040293522 0.5
    endloop
  endfacet
  facet normal 0 0 1
    outer loop
      vertex -77.39980421737546 -80.39748025914093 0.5
      vertex -77.33164676327104 -80.41259040293522 0.5
      vertex -77.26323598150618 -80.42650873379066 0.5
    endloop
  endfacet
  facet normal -0.21643961393819533 0.9762960071199129 0
    outer loop
      vertex -77.39980421737546 80.39748025914093 -0.5
      vertex -77.39980421737546 80.39748025914093 0.4900000000000002
      vertex -77.33164676327104 80.41259040293522 -0.5
    endloop
  endfacet
  facet normal -0.2164396139381953 0.9762960071199128 0
    outer loop
      vertex -77.39980421737546 80.39748025914093 0.4900000000000002
      vertex -77.39980421737546 80.39748025914093 0.5
      vertex -77.33164676327104 80.41259040293522 0.5
    endloop
  endfacet
  facet normal -0.21643961393819533 0.9762960071199129 0
    outer loop
      vertex -77.39980421737546 80.39748025914093 0.4900000000000002
      vertex -77.33164676327104 80.41259040293522 0.4900000000000002
      vertex -77.33164676327104 80.41259040293522 -0.5
    endloop
  endfacet
  facet normal -0.2164396139381953 0.9762960071199128 0
    outer loop
      vertex -77.39980421737546 80.39748025914093 0.4900000000000002
      vertex -77.33164676327104 80.41259040293522 0.5
      vertex -77.33164676327104 80.41259040293522 0.4900000000000002
    endloop
  endfacet
  facet normal -0.19936793441719536 -0.9799247046208301 0
    outer loop
      vertex -77.33164676327104 -80.41259040293522 -0.5
      vertex -77.26323598150618 -80.42650873379066 -0.5
      vertex -77.26323598150618 -80.42650873379066 0.4900000000000002
    endloop
  endfacet
  facet normal -0.19936793441719686 -0.9799247046208297 0
    outer loop
      vertex -77.33164676327104 -80.41259040293522 -0.5
      vertex -77.26323598150618 -80.42650873379066 0.4900000000000002
      vertex -77.26323598150618 -80.42650873379066 0.5
    endloop
  endfacet
  facet normal -0.19936793441719536 -0.9799247046208299 0
    outer loop
      vertex -77.33164676327104 -80.41259040293522 -0.5
      vertex -77.26323598150618 -80.42650873379066 0.5
      vertex -77.33164676327104 -80.41259040293522 0.5
    endloop
  endfacet
  facet normal 0 0 -1
    outer loop
      vertex -77.33164676327104 -80.41259040293522 -0.5
      vertex -77.19459271066772 -80.43923101204884 -0.5
      vertex -77.26323598150618 -80.42650873379066 -0.5
    endloop
  endfacet
  facet normal -0.19936793441719536 0.9799247046208301 0
    outer loop
      vertex -77.33164676327104 80.41259040293522 -0.5
      vertex -77.33164676327104 80.41259040293522 0.4900000000000002
      vertex -77.26323598150618 80.42650873379066 -0.4900000000000002
    endloop
  endfacet
  facet normal 0 0 -1
    outer loop
      vertex -77.33164676327104 80.41259040293522 -0.5
      vertex -77.26323598150618 80.42650873379066 -0.5
      vertex -77.19459271066772 80.43923101204884 -0.5
    endloop
  endfacet
  facet normal -0.19936793441719533 0.9799247046208299 0
    outer loop
      vertex -77.33164676327104 80.41259040293522 -0.5
      vertex -77.26323598150618 80.42650873379066 -0.4900000000000002
      vertex -77.26323598150618 80.42650873379066 -0.5
    endloop
  endfacet
  facet normal 0 0 -1
    outer loop
      vertex -77.33164676327104 80.41259040293522 -0.5
      vertex -77.19459271066772 80.43923101204884 -0.5
      vertex -76.91811385307061 80.47808758147309 -0.5
    endloop
  endfacet
  facet normal 0 0 -1
    outer loop
      vertex -77.33164676327104 80.41259040293522 -0.5
      vertex -76.91811385307061 80.47808758147309 -0.5
      vertex -76.5 80.5 -0.5
    endloop
  endfacet
  facet normal -0.19936793441719533 0.9799247046208299 0
    outer loop
      vertex -77.33164676327104 80.41259040293522 0.4900000000000002
      vertex -77.33164676327104 80.41259040293522 0.5
      vertex -77.26323598150618 80.42650873379066 -0.4900000000000002
    endloop
  endfacet
  facet normal -0.19936793441719533 0.97992470462083 0
    outer loop
      vertex -77.33164676327104 80.41259040293522 0.5
      vertex -77.26323598150618 80.42650873379066 0.4900000000000002
      vertex -77.26323598150618 80.42650873379066 -0.4900000000000002
    endloop
  endfacet
  facet normal -0.19936793441719533 0.9799247046208299 0
    outer loop
      vertex -77.33164676327104 80.41259040293522 0.5
      vertex -77.26323598150618 80.42650873379066 0.5
      vertex -77.26323598150618 80.42650873379066 0.4900000000000002
    endloop
  endfacet
  facet normal 0 0 1
    outer loop
      vertex -77.33164676327104 80.41259040293522 0.5
      vertex -77.19459271066772 80.43923101204884 0.5
      vertex -77.26323598150618 80.42650873379066 0.5
    endloop
  endfacet
  facet normal 0 0 1
    outer loop
      vertex -77.33164676327104 80.41259040293522 0.5
      vertex -77.12573786016092 80.45075336238055 0.5
      vertex -77.19459271066772 80.43923101204884 0.5
    endloop
  endfacet
  facet normal 0 0 1
    outer loop
      vertex -77.33164676327104 80.41259040293522 0.5
      vertex -77.05669240384026 80.46107227496628 0.5
      vertex -77.12573786016092 80.45075336238055 0.5
    endloop
  endfacet
  facet normal 0 0 1
    outer loop
      vertex -77.33164676327104 80.41259040293522 0.5
      vertex -76.91811385307061 80.47808758147309 0.5
      vertex -77.05669240384026 80.46107227496628 0.5
    endloop
  endfacet
  facet normal 0 0 1
    outer loop
      vertex -77.33164676327104 80.41259040293522 0.5
      vertex -76.5 80.5 0.5
      vertex -76.91811385307061 80.47808758147309 0.5
    endloop
  endfacet
  facet normal -0.1822355254921951 -0.9832549075639458 0
    outer loop
      vertex -77.26323598150618 -80.42650873379066 -0.5
      vertex -77.19459271066772 -80.43923101204884 -0.5
      vertex -77.26323598150618 -80.42650873379066 0.4900000000000002
    endloop
  endfacet
  facet normal -0.18223552549219507 -0.9832549075639457 0
    outer loop
      vertex -77.26323598150618 -80.42650873379066 0.4900000000000002
      vertex -77.19459271066772 -80.43923101204884 -0.5
      vertex -77.26323598150618 -80.42650873379066 0.5
    endloop
  endfacet
  facet normal -0.18223552549219518 -0.9832549075639457 0
    outer loop
      vertex -77.26323598150618 -80.42650873379066 0.5
      vertex -77.19459271066772 -80.43923101204884 -0.5
      vertex -77.19459271066772 -80.43923101204884 -0.4900000000000002
    endloop
  endfacet
  facet normal -0.1822355254921951 -0.9832549075639458 0
    outer loop
      vertex -77.26323598150618 -80.42650873379066 0.5
      vertex -77.19459271066772 -80.43923101204884 -0.4900000000000002
      vertex -77.19459271066772 -80.43923101204884 0.5
    endloop
  endfacet
  facet normal 0 0 1
    outer loop
      vertex -77.26323598150618 -80.42650873379066 0.5
      vertex -77.19459271066772 -80.43923101204884 0.5
      vertex -77.12573786016092 -80.45075336238055 0.5
    endloop
  endfacet
  facet normal 0 0 1
    outer loop
      vertex -77.26323598150618 -80.42650873379066 0.5
      vertex -77.12573786016092 -80.45075336238055 0.5
      vertex -76.91811385307061 -80.47808758147309 0.5
    endloop
  endfacet
  facet normal 0 0 1
    outer loop
      vertex -77.26323598150618 -80.42650873379066 0.5
      vertex -76.91811385307061 -80.47808758147309 0.5
      vertex -76.5 -80.5 0.5
    endloop
  endfacet
  facet normal -0.18223552549219507 0.9832549075639457 0
    outer loop
      vertex -77.26323598150618 80.42650873379066 -0.5
      vertex -77.26323598150618 80.42650873379066 -0.4900000000000002
      vertex -77.19459271066772 80.43923101204884 -0.5
    endloop
  endfacet
  facet normal -0.1822355254921951 0.9832549075639458 0
    outer loop
      vertex -77.26323598150618 80.42650873379066 -0.4900000000000002
      vertex -77.26323598150618 80.42650873379066 0.4900000000000002
      vertex -77.19459271066772 80.43923101204884 0.5
    endloop
  endfacet
  facet normal -0.18223552549219507 0.9832549075639457 0
    outer loop
      vertex -77.26323598150618 80.42650873379066 -0.4900000000000002
      vertex -77.19459271066772 80.43923101204884 -0.4900000000000002
      vertex -77.19459271066772 80.43923101204884 -0.5
    endloop
  endfacet
  facet normal -0.1822355254921951 0.9832549075639458 0
    outer loop
      vertex -77.26323598150618 80.42650873379066 -0.4900000000000002
      vertex -77.19459271066772 80.43923101204884 0.5
      vertex -77.19459271066772 80.43923101204884 -0.4900000000000002
    endloop
  endfacet
  facet normal -0.18223552549219507 0.9832549075639457 0
    outer loop
      vertex -77.26323598150618 80.42650873379066 0.4900000000000002
      vertex -77.26323598150618 80.42650873379066 0.5
      vertex -77.19459271066772 80.43923101204884 0.5
    endloop
  endfacet
  facet normal -0.16504760586065667 -0.986285601537235 0
    outer loop
      vertex -77.19459271066772 -80.43923101204884 -0.5
      vertex -77.12573786016092 -80.45075336238055 -0.5
      vertex -77.19459271066772 -80.43923101204884 -0.4900000000000002
    endloop
  endfacet
  facet normal -0.1650476058606567 -0.9862856015372349 0
    outer loop
      vertex -77.19459271066772 -80.43923101204884 -0.4900000000000002
      vertex -77.12573786016092 -80.45075336238055 -0.5
      vertex -77.12573786016092 -80.45075336238055 0.5
    endloop
  endfacet
  facet normal -0.1650476058606567 -0.9862856015372349 0
    outer loop
      vertex -77.19459271066772 -80.43923101204884 -0.4900000000000002
      vertex -77.12573786016092 -80.45075336238055 0.5
      vertex -77.19459271066772 -80.43923101204884 0.5
    endloop
  endfacet
  facet normal -0.16504760586065667 0.986285601537235 0
    outer loop
      vertex -77.19459271066772 80.43923101204884 -0.5
      vertex -77.19459271066772 80.43923101204884 -0.4900000000000002
      vertex -77.12573786016092 80.45075336238055 -0.4900000000000002
    endloop
  endfacet
  facet normal 0 0 -1
    outer loop
      vertex -77.19459271066772 80.43923101204884 -0.5
      vertex -77.12573786016092 80.45075336238055 -0.5
      vertex -76.91811385307061 80.47808758147309 -0.5
    endloop
  endfacet
  facet normal -0.16504760586065667 0.986285601537235 0
    outer loop
      vertex -77.19459271066772 80.43923101204884 -0.5
      vertex -77.12573786016092 80.45075336238055 -0.4900000000000002
      vertex -77.12573786016092 80.45075336238055 -0.5
    endloop
  endfacet
  facet normal -0.1650476058606567 0.9862856015372349 0
    outer loop
      vertex -77.19459271066772 80.43923101204884 -0.4900000000000002
      vertex -77.19459271066772 80.43923101204884 0.5
      vertex -77.12573786016092 80.45075336238055 0.5
    endloop
  endfacet
  facet normal -0.1650476058606567 0.9862856015372349 0
    outer loop
      vertex -77.19459271066772 80.43923101204884 -0.4900000000000002
      vertex -77.12573786016092 80.45075336238055 0.5
      vertex -77.12573786016092 80.45075336238055 -0.4900000000000002
    endloop
  endfacet
  facet normal -0.1478094111296148 -0.9890158633619163 0
    outer loop
      vertex -77.12573786016092 -80.45075336238055 -0.5
      vertex -77.05669240384026 -80.46107227496628 -0.5
      vertex -77.12573786016092 -80.45075336238055 0.5
    endloop
  endfacet
  facet normal 0 0 -1
    outer loop
      vertex -77.12573786016092 -80.45075336238055 -0.5
      vertex -76.91811385307061 -80.47808758147309 -0.5
      vertex -77.05669240384026 -80.46107227496628 -0.5
    endloop
  endfacet
  facet normal -0.1478094111296148 -0.9890158633619163 0
    outer loop
      vertex -77.12573786016092 -80.45075336238055 0.5
      vertex -77.05669240384026 -80.46107227496628 -0.5
      vertex -77.05669240384026 -80.46107227496628 0.5
    endloop
  endfacet
  facet normal 0 0 1
    outer loop
      vertex -77.12573786016092 -80.45075336238055 0.5
      vertex -77.05669240384026 -80.46107227496628 0.5
      vertex -76.91811385307061 -80.47808758147309 0.5
    endloop
  endfacet
  facet normal -0.1478094111296148 0.9890158633619162 0
    outer loop
      vertex -77.12573786016092 80.45075336238055 -0.5
      vertex -77.12573786016092 80.45075336238055 -0.4900000000000002
      vertex -77.05669240384026 80.46107227496628 -0.4900000000000002
    endloop
  endfacet
  facet normal 0 0 -1
    outer loop
      vertex -77.12573786016092 80.45075336238055 -0.5
      vertex -77.05669240384026 80.46107227496628 -0.5
      vertex -76.91811385307061 80.47808758147309 -0.5
    endloop
  endfacet
  facet normal -0.1478094111296148 0.9890158633619162 0
    outer loop
      vertex -77.12573786016092 80.45075336238055 -0.5
      vertex -77.05669240384026 80.46107227496628 -0.4900000000000002
      vertex -77.05669240384026 80.46107227496628 -0.5
    endloop
  endfacet
  facet normal -0.1478094111296148 0.9890158633619162 0
    outer loop
      vertex -77.12573786016092 80.45075336238055 -0.4900000000000002
      vertex -77.12573786016092 80.45075336238055 0.5
      vertex -77.05669240384026 80.46107227496628 0.5
    endloop
  endfacet
  facet normal -0.1478094111296148 0.9890158633619162 0
    outer loop
      vertex -77.12573786016092 80.45075336238055 -0.4900000000000002
      vertex -77.05669240384026 80.46107227496628 0.5
      vertex -77.05669240384026 80.46107227496628 -0.4900000000000002
    endloop
  endfacet
  facet normal -0.13052619221994952 -0.9914448613738239 0
    outer loop
      vertex -77.05669240384026 -80.46107227496628 -0.5
      vertex -76.98747737362059 -80.47018460656528 -0.5
      vertex -77.05669240384026 -80.46107227496628 0.5
    endloop
  endfacet
  facet normal 0 0 -1
    outer loop
      vertex -77.05669240384026 -80.46107227496628 -0.5
      vertex -76.91811385307061 -80.47808758147309 -0.5
      vertex -76.98747737362059 -80.47018460656528 -0.5
    endloop
  endfacet
  facet normal -0.13052619221994952 -0.9914448613738239 0
    outer loop
      vertex -77.05669240384026 -80.46107227496628 0.5
      vertex -76.98747737362059 -80.47018460656528 -0.5
      vertex -76.98747737362059 -80.47018460656528 0.5
    endloop
  endfacet
  facet normal 0 0 1
    outer loop
      vertex -77.05669240384026 -80.46107227496628 0.5
      vertex -76.98747737362059 -80.47018460656528 0.5
      vertex -76.91811385307061 -80.47808758147309 0.5
    endloop
  endfacet
  facet normal -0.13052619221994954 0.9914448613738239 0
    outer loop
      vertex -77.05669240384026 80.46107227496628 -0.5
      vertex -77.05669240384026 80.46107227496628 -0.4900000000000002
      vertex -76.98747737362059 80.47018460656528 0.5
    endloop
  endfacet
  facet normal 0 0 -1
    outer loop
      vertex -77.05669240384026 80.46107227496628 -0.5
      vertex -76.98747737362059 80.47018460656528 -0.5
      vertex -76.91811385307061 80.47808758147309 -0.5
    endloop
  endfacet
  facet normal -0.13052619221994952 0.9914448613738239 0
    outer loop
      vertex -77.05669240384026 80.46107227496628 -0.5
      vertex -76.98747737362059 80.47018460656528 0.5
      vertex -76.98747737362059 80.47018460656528 -0.5
    endloop
  endfacet
  facet normal -0.1305261922199495 0.9914448613738238 0
    outer loop
      vertex -77.05669240384026 80.46107227496628 -0.4900000000000002
      vertex -77.05669240384026 80.46107227496628 0.5
      vertex -76.98747737362059 80.47018460656528 0.5
    endloop
  endfacet
  facet normal 0 0 1
    outer loop
      vertex -77.05669240384026 80.46107227496628 0.5
      vertex -76.91811385307061 80.47808758147309 0.5
      vertex -76.98747737362059 80.47018460656528 0.5
    endloop
  endfacet
  facet normal -0.11320321376792473 -0.9935718556765855 0
    outer loop
      vertex -76.98747737362059 -80.47018460656528 -0.5
      vertex -76.91811385307061 -80.47808758147309 -0.5
      vertex -76.91811385307061 -80.47808758147309 0.5
    endloop
  endfacet
  facet normal -0.11320321376792473 -0.9935718556765855 0
    outer loop
      vertex -76.98747737362059 -80.47018460656528 -0.5
      vertex -76.91811385307061 -80.47808758147309 0.5
      vertex -76.98747737362059 -80.47018460656528 0.5
    endloop
  endfacet
  facet normal -0.11320321376792473 0.9935718556765855 0
    outer loop
      vertex -76.98747737362059 80.47018460656528 -0.5
      vertex -76.98747737362059 80.47018460656528 0.5
      vertex -76.91811385307061 80.47808758147309 -0.5
    endloop
  endfacet
  facet normal -0.1132032137679247 0.9935718556765855 0
    outer loop
      vertex -76.98747737362059 80.47018460656528 0.5
      vertex -76.91811385307061 80.47808758147309 0.4900000000000002
      vertex -76.91811385307061 80.47808758147309 -0.5
    endloop
  endfacet
  facet normal -0.11320321376792473 0.9935718556765855 0
    outer loop
      vertex -76.98747737362059 80.47018460656528 0.5
      vertex -76.91811385307061 80.47808758147309 0.5
      vertex -76.91811385307061 80.47808758147309 0.4900000000000002
    endloop
  endfacet
  facet normal -0.0958457525202606 -0.9953961983671753 0
    outer loop
      vertex -76.91811385307061 -80.47808758147309 -0.5
      vertex -76.84862297099063 -80.48477879236698 -0.5
      vertex -76.91811385307061 -80.47808758147309 0.5
    endloop
  endfacet
  facet normal 0 0 -1
    outer loop
      vertex -76.91811385307061 -80.47808758147309 -0.5
      vertex -76.70934382497178 -80.4945181390183 -0.5
      vertex -76.84862297099063 -80.48477879236698 -0.5
    endloop
  endfacet
  facet normal 0 0 -1
    outer loop
      vertex -76.91811385307061 -80.47808758147309 -0.5
      vertex -76.5 -80.5 -0.5
      vertex -76.70934382497178 -80.4945181390183 -0.5
    endloop
  endfacet
  facet normal -0.0958457525202606 -0.9953961983671753 0
    outer loop
      vertex -76.91811385307061 -80.47808758147309 0.5
      vertex -76.84862297099063 -80.48477879236698 -0.5
      vertex -76.84862297099063 -80.48477879236698 0.5
    endloop
  endfacet
  facet normal 0 0 1
    outer loop
      vertex -76.91811385307061 -80.47808758147309 0.5
      vertex -76.84862297099063 -80.48477879236698 0.5
      vertex -76.7790258949765 -80.4902562010393 0.5
    endloop
  endfacet
  facet normal 0 0 1
    outer loop
      vertex -76.91811385307061 -80.47808758147309 0.5
      vertex -76.7790258949765 -80.4902562010393 0.5
      vertex -76.70934382497178 -80.4945181390183 0.5
    endloop
  endfacet
  facet normal 0 0 1
    outer loop
      vertex -76.91811385307061 -80.47808758147309 0.5
      vertex -76.70934382497178 -80.4945181390183 0.5
      vertex -76.5 -80.5 0.5
    endloop
  endfacet
  facet normal -0.09584575252026062 0.9953961983671753 0
    outer loop
      vertex -76.91811385307061 80.47808758147309 -0.5
      vertex -76.91811385307061 80.47808758147309 0.4900000000000002
      vertex -76.84862297099063 80.48477879236698 0.4900000000000002
    endloop
  endfacet
  facet normal 0 0 -1
    outer loop
      vertex -76.91811385307061 80.47808758147309 -0.5
      vertex -76.84862297099063 80.48477879236698 -0.5
      vertex -76.7790258949765 80.4902562010393 -0.5
    endloop
  endfacet
  facet normal -0.09584575252026062 0.9953961983671753 0
    outer loop
      vertex -76.91811385307061 80.47808758147309 -0.5
      vertex -76.84862297099063 80.48477879236698 0.4900000000000002
      vertex -76.84862297099063 80.48477879236698 -0.5
    endloop
  endfacet
  facet normal 0 0 -1
    outer loop
      vertex -76.91811385307061 80.47808758147309 -0.5
      vertex -76.7790258949765 80.4902562010393 -0.5
      vertex -76.70934382497178 80.4945181390183 -0.5
    endloop
  endfacet
  facet normal 0 0 -1
    outer loop
      vertex -76.91811385307061 80.47808758147309 -0.5
      vertex -76.70934382497178 80.4945181390183 -0.5
      vertex -76.5 80.5 -0.5
    endloop
  endfacet
  facet normal -0.09584575252026059 0.9953961983671752 0
    outer loop
      vertex -76.91811385307061 80.47808758147309 0.4900000000000002
      vertex -76.91811385307061 80.47808758147309 0.5
      vertex -76.84862297099063 80.48477879236698 0.4900000000000002
    endloop
  endfacet
  facet normal -0.09584575252026059 0.9953961983671752 0
    outer loop
      vertex -76.91811385307061 80.47808758147309 0.5
      vertex -76.84862297099063 80.48477879236698 0.5
      vertex -76.84862297099063 80.48477879236698 0.4900000000000002
    endloop
  endfacet
  facet normal 0 0 1
    outer loop
      vertex -76.91811385307061 80.47808758147309 0.5
      vertex -76.7790258949765 80.4902562010393 0.5
      vertex -76.84862297099063 80.48477879236698 0.5
    endloop
  endfacet
  facet normal 0 0 1
    outer loop
      vertex -76.91811385307061 80.47808758147309 0.5
      vertex -76.70934382497178 80.4945181390183 0.5
      vertex -76.7790258949765 80.4902562010393 0.5
    endloop
  endfacet
  facet normal 0 0 1
    outer loop
      vertex -76.91811385307061 80.47808758147309 0.5
      vertex -76.5 80.5 0.5
      vertex -76.70934382497178 80.4945181390183 0.5
    endloop
  endfacet
  facet normal -0.0784590957279149 -0.9969173337331224 0
    outer loop
      vertex -76.84862297099063 -80.48477879236698 -0.5
      vertex -76.7790258949765 -80.4902562010393 -0.5
      vertex -76.7790258949765 -80.4902562010393 0.5
    endloop
  endfacet
  facet normal -0.0784590957279149 -0.9969173337331224 0
    outer loop
      vertex -76.84862297099063 -80.48477879236698 -0.5
      vertex -76.7790258949765 -80.4902562010393 0.5
      vertex -76.84862297099063 -80.48477879236698 0.5
    endloop
  endfacet
  facet normal 0 0 -1
    outer loop
      vertex -76.84862297099063 -80.48477879236698 -0.5
      vertex -76.70934382497178 -80.4945181390183 -0.5
      vertex -76.7790258949765 -80.4902562010393 -0.5
    endloop
  endfacet
  facet normal -0.07845909572791489 0.9969173337331224 0
    outer loop
      vertex -76.84862297099063 80.48477879236698 -0.5
      vertex -76.84862297099063 80.48477879236698 0.4900000000000002
      vertex -76.7790258949765 80.4902562010393 -0.5
    endloop
  endfacet
  facet normal -0.0784590957279149 0.9969173337331224 0
    outer loop
      vertex -76.84862297099063 80.48477879236698 0.4900000000000002
      vertex -76.84862297099063 80.48477879236698 0.5
      vertex -76.7790258949765 80.4902562010393 0.5
    endloop
  endfacet
  facet normal -0.0784590957279149 0.9969173337331224 0
    outer loop
      vertex -76.84862297099063 80.48477879236698 0.4900000000000002
      vertex -76.7790258949765 80.4902562010393 0.5
      vertex -76.7790258949765 80.4902562010393 -0.5
    endloop
  endfacet
  facet normal -0.061048539534820846 -0.9981347984218691 0
    outer loop
      vertex -76.7790258949765 -80.4902562010393 -0.5
      vertex -76.70934382497178 -80.4945181390183 -0.5
      vertex -76.70934382497178 -80.4945181390183 0.5
    endloop
  endfacet
  facet normal -0.061048539534820846 -0.9981347984218691 0
    outer loop
      vertex -76.7790258949765 -80.4902562010393 -0.5
      vertex -76.70934382497178 -80.4945181390183 0.5
      vertex -76.7790258949765 -80.4902562010393 0.5
    endloop
  endfacet
  facet normal -0.061048539534820846 0.9981347984218691 0
    outer loop
      vertex -76.7790258949765 80.4902562010393 -0.5
      vertex -76.7790258949765 80.4902562010393 0.5
      vertex -76.70934382497178 80.4945181390183 0.5
    endloop
  endfacet
  facet normal -0.061048539534820846 0.9981347984218691 0
    outer loop
      vertex -76.7790258949765 80.4902562010393 -0.5
      vertex -76.70934382497178 80.4945181390183 -0.4900000000000002
      vertex -76.70934382497178 80.4945181390183 -0.5
    endloop
  endfacet
  facet normal -0.06104853953482085 0.9981347984218691 0
    outer loop
      vertex -76.7790258949765 80.4902562010393 -0.5
      vertex -76.70934382497178 80.4945181390183 0.4900000000000002
      vertex -76.70934382497178 80.4945181390183 -0.4900000000000002
    endloop
  endfacet
  facet normal -0.061048539534820694 0.9981347984218694 0
    outer loop
      vertex -76.7790258949765 80.4902562010393 -0.5
      vertex -76.70934382497178 80.4945181390183 0.5
      vertex -76.70934382497178 80.4945181390183 0.4900000000000002
    endloop
  endfacet
  facet normal -0.04361938736527178 -0.9990482215818606 0
    outer loop
      vertex -76.70934382497178 -80.4945181390183 -0.5
      vertex -76.63959798681 -80.49756330807638 -0.5
      vertex -76.70934382497178 -80.4945181390183 0.5
    endloop
  endfacet
  facet normal 0 0 -1
    outer loop
      vertex -76.70934382497178 -80.4945181390183 -0.5
      vertex -76.5 -80.5 -0.5
      vertex -76.63959798681 -80.49756330807638 -0.5
    endloop
  endfacet
  facet normal -0.04361938736527178 -0.9990482215818606 0
    outer loop
      vertex -76.70934382497178 -80.4945181390183 0.5
      vertex -76.63959798681 -80.49756330807638 -0.5
      vertex -76.63959798681 -80.49756330807638 0.5
    endloop
  endfacet
  facet normal 0 0 1
    outer loop
      vertex -76.70934382497178 -80.4945181390183 0.5
      vertex -76.63959798681 -80.49756330807638 0.5
      vertex -76.5 -80.5 0.5
    endloop
  endfacet
  facet normal -0.04361938736527178 0.9990482215818605 0
    outer loop
      vertex -76.70934382497178 80.4945181390183 -0.5
      vertex -76.70934382497178 80.4945181390183 -0.4900000000000002
      vertex -76.63959798681 80.49756330807638 -0.4900000000000002
    endloop
  endfacet
  facet normal 0 0 -1
    outer loop
      vertex -76.70934382497178 80.4945181390183 -0.5
      vertex -76.63959798681 80.49756330807638 -0.5
      vertex -76.5 80.5 -0.5
    endloop
  endfacet
  facet normal -0.04361938736527178 0.9990482215818605 0
    outer loop
      vertex -76.70934382497178 80.4945181390183 -0.5
      vertex -76.63959798681 80.49756330807638 -0.4900000000000002
      vertex -76.63959798681 80.49756330807638 -0.5
    endloop
  endfacet
  facet normal -0.043619387365271794 0.9990482215818607 0
    outer loop
      vertex -76.70934382497178 80.4945181390183 -0.4900000000000002
      vertex -76.70934382497178 80.4945181390183 0.4900000000000002
      vertex -76.63959798681 80.49756330807638 -0.4900000000000002
    endloop
  endfacet
  facet normal -0.04361938736527178 0.9990482215818605 0
    outer loop
      vertex -76.70934382497178 80.4945181390183 0.4900000000000002
      vertex -76.70934382497178 80.4945181390183 0.5
      vertex -76.63959798681 80.49756330807638 0.4900000000000002
    endloop
  endfacet
  facet normal -0.043619387365271794 0.9990482215818607 0
    outer loop
      vertex -76.70934382497178 80.4945181390183 0.4900000000000002
      vertex -76.63959798681 80.49756330807638 0.4900000000000002
      vertex -76.63959798681 80.49756330807638 -0.4900000000000002
    endloop
  endfacet
  facet normal -0.04361938736527178 0.9990482215818605 0
    outer loop
      vertex -76.70934382497178 80.4945181390183 0.5
      vertex -76.63959798681 80.49756330807638 0.5
      vertex -76.63959798681 80.49756330807638 0.4900000000000002
    endloop
  endfacet
  facet normal 0 0 1
    outer loop
      vertex -76.70934382497178 80.4945181390183 0.5
      vertex -76.5 80.5 0.5
      vertex -76.63959798681 80.49756330807638 0.5
    endloop
  endfacet
  facet normal -0.026176948307852905 -0.9996573249755578 0
    outer loop
      vertex -76.63959798681 -80.49756330807638 -0.5
      vertex -76.56980962574913 -80.49939078062556 -0.5
      vertex -76.56980962574913 -80.49939078062556 0.5
    endloop
  endfacet
  facet normal -0.026176948307852905 -0.9996573249755578 0
    outer loop
      vertex -76.63959798681 -80.49756330807638 -0.5
      vertex -76.56980962574913 -80.49939078062556 0.5
      vertex -76.63959798681 -80.49756330807638 0.5
    endloop
  endfacet
  facet normal 0 0 -1
    outer loop
      vertex -76.63959798681 -80.49756330807638 -0.5
      vertex -76.5 -80.5 -0.5
      vertex -76.56980962574913 -80.49939078062556 -0.5
    endloop
  endfacet
  facet normal 0 0 1
    outer loop
      vertex -76.63959798681 -80.49756330807638 0.5
      vertex -76.56980962574913 -80.49939078062556 0.5
      vertex -76.5 -80.5 0.5
    endloop
  endfacet
  facet normal -0.0261769483078529 0.9996573249755578 0
    outer loop
      vertex -76.63959798681 80.49756330807638 -0.5
      vertex -76.63959798681 80.49756330807638 -0.4900000000000002
      vertex -76.56980962574913 80.49939078062556 -0.5
    endloop
  endfacet
  facet normal 0 0 -1
    outer loop
      vertex -76.63959798681 80.49756330807638 -0.5
      vertex -76.56980962574913 80.49939078062556 -0.5
      vertex -76.5 80.5 -0.5
    endloop
  endfacet
  facet normal -0.026176948307852905 0.9996573249755578 0
    outer loop
      vertex -76.63959798681 80.49756330807638 -0.4900000000000002
      vertex -76.63959798681 80.49756330807638 0.4900000000000002
      vertex -76.56980962574913 80.49939078062556 -0.4900000000000002
    endloop
  endfacet
  facet normal -0.0261769483078529 0.9996573249755578 0
    outer loop
      vertex -76.63959798681 80.49756330807638 -0.4900000000000002
      vertex -76.56980962574913 80.49939078062556 -0.4900000000000002
      vertex -76.56980962574913 80.49939078062556 -0.5
    endloop
  endfacet
  facet normal -0.0261769483078529 0.9996573249755578 0
    outer loop
      vertex -76.63959798681 80.49756330807638 0.4900000000000002
      vertex -76.63959798681 80.49756330807638 0.5
      vertex -76.56980962574913 80.49939078062556 0.5
    endloop
  endfacet
  facet normal -0.02617694830785291 0.9996573249755579 0
    outer loop
      vertex -76.63959798681 80.49756330807638 0.4900000000000002
      vertex -76.56980962574913 80.49939078062556 0.5
      vertex -76.56980962574913 80.49939078062556 -0.4900000000000002
    endloop
  endfacet
  facet normal 0 0 1
    outer loop
      vertex -76.63959798681 80.49756330807638 0.5
      vertex -76.5 80.5 0.5
      vertex -76.56980962574913 80.49939078062556 0.5
    endloop
  endfacet
  facet normal -0.008726535498436295 -0.9999619230641706 0
    outer loop
      vertex -76.56980962574913 -80.49939078062556 -0.5
      vertex -76.5 -80.5 -0.5
      vertex -76.5 -80.5 0.4900000000000002
    endloop
  endfacet
  facet normal -0.008726535498436345 -0.9999619230641709 0
    outer loop
      vertex -76.56980962574913 -80.49939078062556 -0.5
      vertex -76.5 -80.5 0.4900000000000002
      vertex -76.5 -80.5 0.5
    endloop
  endfacet
  facet normal -0.008726535498436295 -0.9999619230641706 0
    outer loop
      vertex -76.56980962574913 -80.49939078062556 -0.5
      vertex -76.5 -80.5 0.5
      vertex -76.56980962574913 -80.49939078062556 0.5
    endloop
  endfacet
  facet normal -0.008726535498436296 0.9999619230641709 0
    outer loop
      vertex -76.56980962574913 80.49939078062556 -0.5
      vertex -76.56980962574913 80.49939078062556 -0.4900000000000002
      vertex -76.5 80.5 -0.5
    endloop
  endfacet
  facet normal -0.008726535498436295 0.9999619230641706 0
    outer loop
      vertex -76.56980962574913 80.49939078062556 -0.4900000000000002
      vertex -76.56980962574913 80.49939078062556 0.5
      vertex -76.5 80.5 0.5
    endloop
  endfacet
  facet normal -0.008726535498436295 0.9999619230641706 0
    outer loop
      vertex -76.56980962574913 80.49939078062556 -0.4900000000000002
      vertex -76.5 80.5 0.5
      vertex -76.5 80.5 -0.5
    endloop
  endfacet
  facet normal 0 -1 0
    outer loop
      vertex -76.5 -80.5 -0.5
      vertex 76.5 -80.5 -0.5
      vertex 76.5 -80.5 0.4900000000000002
    endloop
  endfacet
  facet normal 0 -1 0
    outer loop
      vertex -76.5 -80.5 -0.5
      vertex 76.5 -80.5 0.4900000000000002
      vertex -76.5 -80.5 0.4900000000000002
    endloop
  endfacet
  facet normal 0 0 -1
    outer loop
      vertex -76.5 -80.5 -0.5
      vertex 77.26323598150618 -80.42650873379066 -0.5
      vertex 76.5 -80.5 -0.5
    endloop
  endfacet
  facet normal 0 0 -1
    outer loop
      vertex -76.5 -80.5 -0.5
      vertex 79.32842712474618 -79.32842712474618 -0.5
      vertex 77.26323598150618 -80.42650873379066 -0.5
    endloop
  endfacet
  facet normal 0 -1 0
    outer loop
      vertex -76.5 -80.5 0.4900000000000002
      vertex 76.5 -80.5 0.4900000000000002
      vertex -76.5 -80.5 0.5
    endloop
  endfacet
  facet normal 0 -1 0
    outer loop
      vertex -76.5 -80.5 0.5
      vertex 76.5 -80.5 0.4900000000000002
      vertex 76.5 -80.5 0.5
    endloop
  endfacet
  facet normal 0 0 1
    outer loop
      vertex -76.5 -80.5 0.5
      vertex 76.5 -80.5 0.5
      vertex 79.32842712474618 -79.32842712474618 0.5
    endloop
  endfacet
  facet normal 0 1 0
    outer loop
      vertex -76.5 80.5 -0.5
      vertex -76.5 80.5 0.5
      vertex 76.5 80.5 -0.5
    endloop
  endfacet
  facet normal 0 0 -1
    outer loop
      vertex -76.5 80.5 -0.5
      vertex -67.5 -63.5 -0.5
      vertex -67.49939078062556 -63.56980962574914 -0.5
    endloop
  endfacet
  facet normal 0 0 -1
    outer loop
      vertex -76.5 80.5 -0.5
      vertex -67.5 63.5 -0.5
      vertex -67.5 -63.5 -0.5
    endloop
  endfacet
  facet normal 0 0 -1
    outer loop
      vertex -76.5 80.5 -0.5
      vertex -67.49939078062556 -63.56980962574914 -0.5
      vertex -67.49756330807638 -63.63959798681 -0.5
    endloop
  endfacet
  facet normal 0 0 -1
    outer loop
      vertex -76.5 80.5 -0.5
      vertex -67.49939078062556 63.56980962574914 -0.5
      vertex -67.5 63.5 -0.5
    endloop
  endfacet
  facet normal 0 0 -1
    outer loop
      vertex -76.5 80.5 -0.5
      vertex -67.49756330807638 -63.63959798681 -0.5
      vertex -67.4945181390183 -63.709343824971775 -0.5
    endloop
  endfacet
  facet normal 0 0 -1
    outer loop
      vertex -76.5 80.5 -0.5
      vertex -67.49756330807638 63.63959798681 -0.5
      vertex -67.49939078062556 63.56980962574914 -0.5
    endloop
  endfacet
  facet normal 0 0 -1
    outer loop
      vertex -76.5 80.5 -0.5
      vertex -67.4945181390183 -63.709343824971775 -0.5
      vertex -67.4902562010393 -63.7790258949765 -0.5
    endloop
  endfacet
  facet normal 0 0 -1
    outer loop
      vertex -76.5 80.5 -0.5
      vertex -67.4945181390183 63.709343824971775 -0.5
      vertex -67.49756330807638 63.63959798681 -0.5
    endloop
  endfacet
  facet normal 0 0 -1
    outer loop
      vertex -76.5 80.5 -0.5
      vertex -67.4902562010393 63.7790258949765 -0.5
      vertex -67.4945181390183 63.709343824971775 -0.5
    endloop
  endfacet
  facet normal 0 0 -1
    outer loop
      vertex -76.5 80.5 -0.5
      vertex -67.48477879236698 63.84862297099063 -0.5
      vertex -67.4902562010393 63.7790258949765 -0.5
    endloop
  endfacet
  facet normal 0 0 -1
    outer loop
      vertex -76.5 80.5 -0.5
      vertex -67.47808758147309 63.918113853070615 -0.5
      vertex -67.48477879236698 63.84862297099063 -0.5
    endloop
  endfacet
  facet normal 0 0 -1
    outer loop
      vertex -76.5 80.5 -0.5
      vertex -67.47018460656528 63.98747737362059 -0.5
      vertex -67.47808758147309 63.918113853070615 -0.5
    endloop
  endfacet
  facet normal 0 0 -1
    outer loop
      vertex -76.5 80.5 -0.5
      vertex -67.46107227496628 64.05669240384026 -0.5
      vertex -67.47018460656528 63.98747737362059 -0.5
    endloop
  endfacet
  facet normal 0 0 -1
    outer loop
      vertex -76.5 80.5 -0.5
      vertex -67.45075336238055 64.12573786016092 -0.5
      vertex -67.46107227496628 64.05669240384026 -0.5
    endloop
  endfacet
  facet normal 0 0 -1
    outer loop
      vertex -76.5 80.5 -0.5
      vertex -67.43923101204884 64.19459271066772 -0.5
      vertex -67.45075336238055 64.12573786016092 -0.5
    endloop
  endfacet
  facet normal 0 0 -1
    outer loop
      vertex -76.5 80.5 -0.5
      vertex -67.42650873379066 64.26323598150618 -0.5
      vertex -67.43923101204884 64.19459271066772 -0.5
    endloop
  endfacet
  facet normal 0 0 -1
    outer loop
      vertex -76.5 80.5 -0.5
      vertex -67.41259040293522 64.33164676327104 -0.5
      vertex -67.42650873379066 64.26323598150618 -0.5
    endloop
  endfacet
  facet normal 0 0 -1
    outer loop
      vertex -76.5 80.5 -0.5
      vertex -67.39748025914093 64.39980421737546 -0.5
      vertex -67.41259040293522 64.33164676327104 -0.5
    endloop
  endfacet
  facet normal 0 0 -1
    outer loop
      vertex -76.5 80.5 -0.5
      vertex -67.38118290510398 64.46768758239867 -0.5
      vertex -67.39748025914093 64.39980421737546 -0.5
    endloop
  endfacet
  facet normal 0 0 -1
    outer loop
      vertex -76.5 80.5 -0.5
      vertex -67.36370330515628 64.53527618041008 -0.5
      vertex -67.38118290510398 64.46768758239867 -0.5
    endloop
  endfacet
  facet normal 0 0 -1
    outer loop
      vertex -76.5 80.5 -0.5
      vertex -67.34504678375328 64.602549423268 -0.5
      vertex -67.36370330515628 64.53527618041008 -0.5
    endloop
  endfacet
  facet normal 0 0 -1
    outer loop
      vertex -76.5 80.5 -0.5
      vertex -67.32521902385214 64.66948681889095 -0.5
      vertex -67.34504678375328 64.602549423268 -0.5
    endloop
  endfacet
  facet normal 0 0 -1
    outer loop
      vertex -76.5 80.5 -0.5
      vertex -67.30422606518061 64.73606797749979 -0.5
      vertex -67.32521902385214 64.66948681889095 -0.5
    endloop
  endfacet
  facet normal 0 0 -1
    outer loop
      vertex -76.5 80.5 -0.5
      vertex -67.28207430239726 64.80227261782862 -0.5
      vertex -67.30422606518061 64.73606797749979 -0.5
    endloop
  endfacet
  facet normal 0 0 -1
    outer loop
      vertex -76.5 80.5 -0.5
      vertex -67.25877048314364 64.86808057330268 -0.5
      vertex -67.28207430239726 64.80227261782862 -0.5
    endloop
  endfacet
  facet normal 0 0 -1
    outer loop
      vertex -76.5 80.5 -0.5
      vertex -67.2343217059888 64.9334717981812 -0.5
      vertex -67.25877048314364 64.86808057330268 -0.5
    endloop
  endfacet
  facet normal 0 0 -1
    outer loop
      vertex -76.5 80.5 -0.5
      vertex -67.20873541826715 64.99842637366365 -0.5
      vertex -67.2343217059888 64.9334717981812 -0.5
    endloop
  endfacet
  facet normal 0 0 -1
    outer loop
      vertex -76.5 80.5 -0.5
      vertex -67.18201941380975 65.0629245139571 -0.5
      vertex -67.20873541826715 64.99842637366365 -0.5
    endloop
  endfacet
  facet normal 0 0 -1
    outer loop
      vertex -76.5 80.5 -0.5
      vertex -67.15418183057041 65.1269465723032 -0.5
      vertex -67.18201941380975 65.0629245139571 -0.5
    endloop
  endfacet
  facet normal 0 0 -1
    outer loop
      vertex -76.5 80.5 -0.5
      vertex -67.1252311481466 65.1904730469628 -0.5
      vertex -67.15418183057041 65.1269465723032 -0.5
    endloop
  endfacet
  facet normal 0 0 -1
    outer loop
      vertex -76.5 80.5 -0.5
      vertex -67.09517618519666 65.25348458715631 -0.5
      vertex -67.1252311481466 65.1904730469628 -0.5
    endloop
  endfacet
  facet normal 0 0 -1
    outer loop
      vertex -76.5 80.5 -0.5
      vertex -67.06402609675347 65.31596199895819 -0.5
      vertex -67.09517618519666 65.25348458715631 -0.5
    endloop
  endfacet
  facet normal 0 0 -1
    outer loop
      vertex -76.5 80.5 -0.5
      vertex -67.0317903714357 65.37788625114356 -0.5
      vertex -67.06402609675347 65.31596199895819 -0.5
    endloop
  endfacet
  facet normal 0 0 -1
    outer loop
      vertex -76.5 80.5 -0.5
      vertex -66.99847882855758 65.43923848098535 -0.5
      vertex -67.0317903714357 65.37788625114356 -0.5
    endloop
  endfacet
  facet normal 0 0 -1
    outer loop
      vertex -76.5 80.5 -0.5
      vertex -66.96410161513775 65.5 -0.5
      vertex -66.99847882855758 65.43923848098535 -0.5
    endloop
  endfacet
  facet normal 0 0 -1
    outer loop
      vertex -76.5 80.5 -0.5
      vertex -66.92866920280845 65.56015229964022 -0.5
      vertex -66.96410161513775 65.5 -0.5
    endloop
  endfacet
  facet normal 0 0 -1
    outer loop
      vertex -76.5 80.5 -0.5
      vertex -66.8921923846257 65.61967705693282 -0.5
      vertex -66.92866920280845 65.56015229964022 -0.5
    endloop
  endfacet
  facet normal 0 0 -1
    outer loop
      vertex -76.5 80.5 -0.5
      vertex -66.8546822717817 65.67855614006011 -0.5
      vertex -66.8921923846257 65.61967705693282 -0.5
    endloop
  endfacet
  facet normal 0 0 -1
    outer loop
      vertex -76.5 80.5 -0.5
      vertex -66.81615029022016 65.736771613883 -0.5
      vertex -66.8546822717817 65.67855614006011 -0.5
    endloop
  endfacet
  facet normal 0 0 -1
    outer loop
      vertex -76.5 80.5 -0.5
      vertex -66.77660817715596 65.79430574540419 -0.5
      vertex -66.81615029022016 65.736771613883 -0.5
    endloop
  endfacet
  facet normal 0 0 -1
    outer loop
      vertex -76.5 80.5 -0.5
      vertex -66.73606797749979 65.8511410091699 -0.5
      vertex -66.77660817715596 65.79430574540419 -0.5
    endloop
  endfacet
  facet normal 0 0 -1
    outer loop
      vertex -76.5 80.5 -0.5
      vertex -66.69454204018918 65.9072600926082 -0.5
      vertex -66.73606797749979 65.8511410091699 -0.5
    endloop
  endfacet
  facet normal 0 0 -1
    outer loop
      vertex -76.5 80.5 -0.5
      vertex -66.6520430144269 65.96264590130264 -0.5
      vertex -66.69454204018918 65.9072600926082 -0.5
    endloop
  endfacet
  facet normal 0 0 -1
    outer loop
      vertex -76.5 80.5 -0.5
      vertex -66.60858384582788 66.01728156419935 -0.5
      vertex -66.6520430144269 65.96264590130264 -0.5
    endloop
  endfacet
  facet normal 0 0 -1
    outer loop
      vertex -76.5 80.5 -0.5
      vertex -66.56417777247592 66.07115043874616 -0.5
      vertex -66.60858384582788 66.01728156419935 -0.5
    endloop
  endfacet
  facet normal 0 0 -1
    outer loop
      vertex -76.5 80.5 -0.5
      vertex -66.51883832089109 66.12423611596203 -0.5
      vertex -66.56417777247592 66.07115043874616 -0.5
    endloop
  endfacet
  facet normal 0 0 -1
    outer loop
      vertex -76.5 80.5 -0.5
      vertex -66.47257930190958 66.17652242543544 -0.5
      vertex -66.51883832089109 66.12423611596203 -0.5
    endloop
  endfacet
  facet normal 0 0 -1
    outer loop
      vertex -76.5 80.5 -0.5
      vertex -66.42541480647668 66.22799344024999 -0.5
      vertex -66.47257930190958 66.17652242543544 -0.5
    endloop
  endfacet
  facet normal 0 0 -1
    outer loop
      vertex -76.5 80.5 -0.5
      vertex -66.37735920135461 66.27863348183598 -0.5
      vertex -66.42541480647668 66.22799344024999 -0.5
    endloop
  endfacet
  facet normal 0 0 -1
    outer loop
      vertex -76.5 80.5 -0.5
      vertex -66.32842712474618 66.32842712474618 -0.5
      vertex -66.37735920135461 66.27863348183598 -0.5
    endloop
  endfacet
  facet normal 0 0 -1
    outer loop
      vertex -76.5 80.5 -0.5
      vertex -66.27863348183598 66.37735920135461 -0.5
      vertex -66.32842712474618 66.32842712474618 -0.5
    endloop
  endfacet
  facet normal 0 0 -1
    outer loop
      vertex -76.5 80.5 -0.5
      vertex -66.22799344024999 66.42541480647668 -0.5
      vertex -66.27863348183598 66.37735920135461 -0.5
    endloop
  endfacet
  facet normal 0 0 -1
    outer loop
      vertex -76.5 80.5 -0.5
      vertex -66.17652242543544 66.47257930190958 -0.5
      vertex -66.22799344024999 66.42541480647668 -0.5
    endloop
  endfacet
  facet normal 0 0 -1
    outer loop
      vertex -76.5 80.5 -0.5
      vertex -66.12423611596203 66.51883832089109 -0.5
      vertex -66.17652242543544 66.47257930190958 -0.5
    endloop
  endfacet
  facet normal 0 0 -1
    outer loop
      vertex -76.5 80.5 -0.5
      vertex -66.07115043874616 66.56417777247592 -0.5
      vertex -66.12423611596203 66.51883832089109 -0.5
    endloop
  endfacet
  facet normal 0 0 -1
    outer loop
      vertex -76.5 80.5 -0.5
      vertex -66.01728156419935 66.60858384582788 -0.5
      vertex -66.07115043874616 66.56417777247592 -0.5
    endloop
  endfacet
  facet normal 0 0 -1
    outer loop
      vertex -76.5 80.5 -0.5
      vertex -65.96264590130264 66.6520430144269 -0.5
      vertex -66.01728156419935 66.60858384582788 -0.5
    endloop
  endfacet
  facet normal 0 0 -1
    outer loop
      vertex -76.5 80.5 -0.5
      vertex -65.9072600926082 66.69454204018918 -0.5
      vertex -65.96264590130264 66.6520430144269 -0.5
    endloop
  endfacet
  facet normal 0 0 -1
    outer loop
      vertex -76.5 80.5 -0.5
      vertex -65.8511410091699 66.73606797749979 -0.5
      vertex -65.9072600926082 66.69454204018918 -0.5
    endloop
  endfacet
  facet normal 0 0 -1
    outer loop
      vertex -76.5 80.5 -0.5
      vertex -65.79430574540419 66.77660817715596 -0.5
      vertex -65.8511410091699 66.73606797749979 -0.5
    endloop
  endfacet
  facet normal 0 0 -1
    outer loop
      vertex -76.5 80.5 -0.5
      vertex -65.736771613883 66.81615029022016 -0.5
      vertex -65.79430574540419 66.77660817715596 -0.5
    endloop
  endfacet
  facet normal 0 0 -1
    outer loop
      vertex -76.5 80.5 -0.5
      vertex -65.67855614006011 66.8546822717817 -0.5
      vertex -65.736771613883 66.81615029022016 -0.5
    endloop
  endfacet
  facet normal 0 0 -1
    outer loop
      vertex -76.5 80.5 -0.5
      vertex -65.61967705693282 66.8921923846257 -0.5
      vertex -65.67855614006011 66.8546822717817 -0.5
    endloop
  endfacet
  facet normal 0 0 -1
    outer loop
      vertex -76.5 80.5 -0.5
      vertex -65.56015229964022 66.92866920280845 -0.5
      vertex -65.61967705693282 66.8921923846257 -0.5
    endloop
  endfacet
  facet normal 0 0 -1
    outer loop
      vertex -76.5 80.5 -0.5
      vertex -65.5 66.96410161513775 -0.5
      vertex -65.56015229964022 66.92866920280845 -0.5
    endloop
  endfacet
  facet normal 0 0 -1
    outer loop
      vertex -76.5 80.5 -0.5
      vertex -65.43923848098535 66.99847882855758 -0.5
      vertex -65.5 66.96410161513775 -0.5
    endloop
  endfacet
  facet normal 0 0 -1
    outer loop
      vertex -76.5 80.5 -0.5
      vertex -65.37788625114356 67.0317903714357 -0.5
      vertex -65.43923848098535 66.99847882855758 -0.5
    endloop
  endfacet
  facet normal 0 0 -1
    outer loop
      vertex -76.5 80.5 -0.5
      vertex -65.31596199895819 67.06402609675347 -0.5
      vertex -65.37788625114356 67.0317903714357 -0.5
    endloop
  endfacet
  facet normal 0 0 -1
    outer loop
      vertex -76.5 80.5 -0.5
      vertex -65.25348458715631 67.09517618519666 -0.5
      vertex -65.31596199895819 67.06402609675347 -0.5
    endloop
  endfacet
  facet normal 0 0 -1
    outer loop
      vertex -76.5 80.5 -0.5
      vertex -65.1904730469628 67.1252311481466 -0.5
      vertex -65.25348458715631 67.09517618519666 -0.5
    endloop
  endfacet
  facet normal 0 0 -1
    outer loop
      vertex -76.5 80.5 -0.5
      vertex -65.1269465723032 67.15418183057041 -0.5
      vertex -65.1904730469628 67.1252311481466 -0.5
    endloop
  endfacet
  facet normal 0 0 -1
    outer loop
      vertex -76.5 80.5 -0.5
      vertex -65.0629245139571 67.18201941380975 -0.5
      vertex -65.1269465723032 67.15418183057041 -0.5
    endloop
  endfacet
  facet normal 0 0 -1
    outer loop
      vertex -76.5 80.5 -0.5
      vertex -64.99842637366365 67.20873541826715 -0.5
      vertex -65.0629245139571 67.18201941380975 -0.5
    endloop
  endfacet
  facet normal 0 0 -1
    outer loop
      vertex -76.5 80.5 -0.5
      vertex -64.9334717981812 67.2343217059888 -0.5
      vertex -64.99842637366365 67.20873541826715 -0.5
    endloop
  endfacet
  facet normal 0 0 -1
    outer loop
      vertex -76.5 80.5 -0.5
      vertex -64.86808057330268 67.25877048314364 -0.5
      vertex -64.9334717981812 67.2343217059888 -0.5
    endloop
  endfacet
  facet normal 0 0 -1
    outer loop
      vertex -76.5 80.5 -0.5
      vertex -64.80227261782862 67.28207430239726 -0.5
      vertex -64.86808057330268 67.25877048314364 -0.5
    endloop
  endfacet
  facet normal 0 0 -1
    outer loop
      vertex -76.5 80.5 -0.5
      vertex -64.73606797749979 67.30422606518061 -0.5
      vertex -64.80227261782862 67.28207430239726 -0.5
    endloop
  endfacet
  facet normal 0 0 -1
    outer loop
      vertex -76.5 80.5 -0.5
      vertex -64.66948681889095 67.32521902385214 -0.5
      vertex -64.73606797749979 67.30422606518061 -0.5
    endloop
  endfacet
  facet normal 0 0 -1
    outer loop
      vertex -76.5 80.5 -0.5
      vertex -64.602549423268 67.34504678375328 -0.5
      vertex -64.66948681889095 67.32521902385214 -0.5
    endloop
  endfacet
  facet normal 0 0 -1
    outer loop
      vertex -76.5 80.5 -0.5
      vertex -64.53527618041008 67.36370330515628 -0.5
      vertex -64.602549423268 67.34504678375328 -0.5
    endloop
  endfacet
  facet normal 0 0 -1
    outer loop
      vertex -76.5 80.5 -0.5
      vertex -64.46768758239867 67.38118290510398 -0.5
      vertex -64.53527618041008 67.36370330515628 -0.5
    endloop
  endfacet
  facet normal 0 0 -1
    outer loop
      vertex -76.5 80.5 -0.5
      vertex -64.39980421737546 67.39748025914093 -0.5
      vertex -64.46768758239867 67.38118290510398 -0.5
    endloop
  endfacet
  facet normal 0 0 -1
    outer loop
      vertex -76.5 80.5 -0.5
      vertex -64.33164676327104 67.41259040293522 -0.5
      vertex -64.39980421737546 67.39748025914093 -0.5
    endloop
  endfacet
  facet normal 0 0 -1
    outer loop
      vertex -76.5 80.5 -0.5
      vertex -64.26323598150618 67.42650873379066 -0.5
      vertex -64.33164676327104 67.41259040293522 -0.5
    endloop
  endfacet
  facet normal 0 0 -1
    outer loop
      vertex -76.5 80.5 -0.5
      vertex -64.19459271066772 67.43923101204884 -0.5
      vertex -64.26323598150618 67.42650873379066 -0.5
    endloop
  endfacet
  facet normal 0 0 -1
    outer loop
      vertex -76.5 80.5 -0.5
      vertex -64.12573786016092 67.45075336238055 -0.5
      vertex -64.19459271066772 67.43923101204884 -0.5
    endloop
  endfacet
  facet normal 0 0 -1
    outer loop
      vertex -76.5 80.5 -0.5
      vertex -64.05669240384026 67.46107227496628 -0.5
      vertex -64.12573786016092 67.45075336238055 -0.5
    endloop
  endfacet
  facet normal 0 0 -1
    outer loop
      vertex -76.5 80.5 -0.5
      vertex -63.98747737362059 67.47018460656528 -0.5
      vertex -64.05669240384026 67.46107227496628 -0.5
    endloop
  endfacet
  facet normal 0 0 -1
    outer loop
      vertex -76.5 80.5 -0.5
      vertex -63.918113853070615 67.47808758147309 -0.5
      vertex -63.98747737362059 67.47018460656528 -0.5
    endloop
  endfacet
  facet normal 0 0 -1
    outer loop
      vertex -76.5 80.5 -0.5
      vertex -63.84862297099063 67.48477879236698 -0.5
      vertex -63.918113853070615 67.47808758147309 -0.5
    endloop
  endfacet
  facet normal 0 0 -1
    outer loop
      vertex -76.5 80.5 -0.5
      vertex -63.7790258949765 67.4902562010393 -0.5
      vertex -63.84862297099063 67.48477879236698 -0.5
    endloop
  endfacet
  facet normal 0 0 -1
    outer loop
      vertex -76.5 80.5 -0.5
      vertex -63.709343824971775 67.4945181390183 -0.5
      vertex -63.7790258949765 67.4902562010393 -0.5
    endloop
  endfacet
  facet normal 0 0 -1
    outer loop
      vertex -76.5 80.5 -0.5
      vertex -63.63959798681 67.49756330807638 -0.5
      vertex -63.709343824971775 67.4945181390183 -0.5
    endloop
  endfacet
  facet normal 0 0 -1
    outer loop
      vertex -76.5 80.5 -0.5
      vertex -63.56980962574914 67.49939078062556 -0.5
      vertex -63.63959798681 67.49756330807638 -0.5
    endloop
  endfacet
  facet normal 0 0 -1
    outer loop
      vertex -76.5 80.5 -0.5
      vertex -63.5 67.5 -0.5
      vertex -63.56980962574914 67.49939078062556 -0.5
    endloop
  endfacet
  facet normal 0 0 -1
    outer loop
      vertex -76.5 80.5 -0.5
      vertex 76.5 80.5 -0.5
      vertex 79.32842712474618 79.32842712474618 -0.5
    endloop
  endfacet
  facet normal 0 0 -1
    outer loop
      vertex -76.5 80.5 -0.5
      vertex 79.32842712474618 79.32842712474618 -0.5
      vertex -63.5 67.5 -0.5
    endloop
  endfacet
  facet normal 0 1 0
    outer loop
      vertex -76.5 80.5 0.5
      vertex 76.5 80.5 0.5
      vertex 76.5 80.5 -0.5
    endloop
  endfacet
  facet normal 0 0 1
    outer loop
      vertex -76.5 80.5 0.5
      vertex 79.32842712474618 79.32842712474618 0.5
      vertex 76.5 80.5 0.5
    endloop
  endfacet
  facet normal 0.9999619230641709 0.008726535498435408 0
    outer loop
      vertex -67.5 -63.5 -0.5
      vertex -67.5 -63.5 0.5
      vertex -67.49939078062556 -63.56980962574914 0.5
    endloop
  endfacet
  facet normal 1 0 0
    outer loop
      vertex -67.5 -63.5 -0.5
      vertex -67.5 63.5 -0.5
      vertex -67.5 63.5 0.4900000000000002
    endloop
  endfacet
  facet normal 1 0 0
    outer loop
      vertex -67.5 -63.5 -0.5
      vertex -67.5 63.5 0.4900000000000002
      vertex -67.5 63.5 0.5
    endloop
  endfacet
  facet normal 1 0 0
    outer loop
      vertex -67.5 -63.5 -0.5
      vertex -67.5 63.5 0.5
      vertex -67.5 -63.5 0.5
    endloop
  endfacet
  facet normal 0.9999619230641709 0.008726535498435408 0
    outer loop
      vertex -67.5 -63.5 -0.5
      vertex -67.49939078062556 -63.56980962574914 0.5
      vertex -67.49939078062556 -63.56980962574914 -0.5
    endloop
  endfacet
  facet normal 0.9999619230641709 -0.008726535498435408 0
    outer loop
      vertex -67.5 63.5 -0.5
      vertex -67.49939078062556 63.56980962574914 -0.5
      vertex -67.5 63.5 0.4900000000000002
    endloop
  endfacet
  facet normal 0.9999619230641709 -0.008726535498435408 0
    outer loop
      vertex -67.5 63.5 0.4900000000000002
      vertex -67.49939078062556 63.56980962574914 -0.5
      vertex -67.49939078062556 63.56980962574914 0.5
    endloop
  endfacet
  facet normal 0.9999619230641706 -0.008726535498435408 0
    outer loop
      vertex -67.5 63.5 0.4900000000000002
      vertex -67.49939078062556 63.56980962574914 0.5
      vertex -67.5 63.5 0.5
    endloop
  endfacet
  facet normal 0.9996573249755578 0.02617694830785557 0
    outer loop
      vertex -67.49939078062556 -63.56980962574914 -0.5
      vertex -67.49939078062556 -63.56980962574914 0.5
      vertex -67.49756330807638 -63.63959798681 -0.5
    endloop
  endfacet
  facet normal 0.9996573249755578 0.02617694830785557 0
    outer loop
      vertex -67.49939078062556 -63.56980962574914 0.5
      vertex -67.49756330807638 -63.63959798681 0.5
      vertex -67.49756330807638 -63.63959798681 -0.5
    endloop
  endfacet
  facet normal 0.9996573249755577 -0.026176948307855566 0
    outer loop
      vertex -67.49939078062556 63.56980962574914 -0.5
      vertex -67.49756330807638 63.63959798681 -0.5
      vertex -67.49756330807638 63.63959798681 0.4900000000000002
    endloop
  endfacet
  facet normal 0.9996573249755578 -0.02617694830785557 0
    outer loop
      vertex -67.49939078062556 63.56980962574914 -0.5
      vertex -67.49756330807638 63.63959798681 0.4900000000000002
      vertex -67.49939078062556 63.56980962574914 0.5
    endloop
  endfacet
  facet normal 0.9996573249755579 -0.02617694830785557 0
    outer loop
      vertex -67.49939078062556 63.56980962574914 0.5
      vertex -67.49756330807638 63.63959798681 0.4900000000000002
      vertex -67.49756330807638 63.63959798681 0.5
    endloop
  endfacet
  facet normal 0.9990482215818602 0.043619387365276215 0
    outer loop
      vertex -67.49756330807638 -63.63959798681 -0.5
      vertex -67.49756330807638 -63.63959798681 0.5
      vertex -67.4945181390183 -63.709343824971775 0.5
    endloop
  endfacet
  facet normal 0.9990482215818602 0.043619387365276215 0
    outer loop
      vertex -67.49756330807638 -63.63959798681 -0.5
      vertex -67.4945181390183 -63.709343824971775 0.5
      vertex -67.4945181390183 -63.709343824971775 -0.5
    endloop
  endfacet
  facet normal 0.9990482215818605 -0.04361938736527622 0
    outer loop
      vertex -67.49756330807638 63.63959798681 -0.5
      vertex -67.4945181390183 63.709343824971775 -0.5
      vertex -67.49756330807638 63.63959798681 0.4900000000000002
    endloop
  endfacet
  facet normal 0.9990482215818605 -0.04361938736527622 0
    outer loop
      vertex -67.49756330807638 63.63959798681 0.4900000000000002
      vertex -67.4945181390183 63.709343824971775 -0.5
      vertex -67.4945181390183 63.709343824971775 0.4900000000000002
    endloop
  endfacet
  facet normal 0.9990482215818605 -0.04361938736527622 0
    outer loop
      vertex -67.49756330807638 63.63959798681 0.4900000000000002
      vertex -67.4945181390183 63.709343824971775 0.4900000000000002
      vertex -67.4945181390183 63.709343824971775 0.5
    endloop
  endfacet
  facet normal 0.9990482215818605 -0.04361938736527622 0
    outer loop
      vertex -67.49756330807638 63.63959798681 0.4900000000000002
      vertex -67.4945181390183 63.709343824971775 0.5
      vertex -67.49756330807638 63.63959798681 0.5
    endloop
  endfacet
  facet normal 0.9981347984218695 0.06104853953481464 0
    outer loop
      vertex -67.4945181390183 -63.709343824971775 -0.5
      vertex -67.4945181390183 -63.709343824971775 0.5
      vertex -67.4902562010393 -63.7790258949765 0.5
    endloop
  endfacet
  facet normal 0.9981347984218695 0.06104853953481464 0
    outer loop
      vertex -67.4945181390183 -63.709343824971775 -0.5
      vertex -67.4902562010393 -63.7790258949765 0.5
      vertex -67.4902562010393 -63.7790258949765 -0.5
    endloop
  endfacet
  facet normal 0.9981347984218696 -0.06104853953481465 0
    outer loop
      vertex -67.4945181390183 63.709343824971775 -0.5
      vertex -67.4902562010393 63.7790258949765 -0.5
      vertex -67.4902562010393 63.7790258949765 0.4900000000000002
    endloop
  endfacet
  facet normal 0.9981347984218696 -0.06104853953481465 0
    outer loop
      vertex -67.4945181390183 63.709343824971775 -0.5
      vertex -67.4902562010393 63.7790258949765 0.4900000000000002
      vertex -67.4945181390183 63.709343824971775 0.4900000000000002
    endloop
  endfacet
  facet normal 0.9981347984218696 -0.06104853953481464 0
    outer loop
      vertex -67.4945181390183 63.709343824971775 0.4900000000000002
      vertex -67.4902562010393 63.7790258949765 0.4900000000000002
      vertex -67.4945181390183 63.709343824971775 0.5
    endloop
  endfacet
  facet normal 0.9981347984218696 -0.06104853953481464 0
    outer loop
      vertex -67.4945181390183 63.709343824971775 0.5
      vertex -67.4902562010393 63.7790258949765 0.4900000000000002
      vertex -67.4902562010393 63.7790258949765 0.5
    endloop
  endfacet
  facet normal 0.9969173337331224 0.0784590957279149 0
    outer loop
      vertex -67.4902562010393 -63.7790258949765 -0.5
      vertex -67.4902562010393 -63.7790258949765 0.5
      vertex -67.48477879236698 -63.84862297099063 -0.5
    endloop
  endfacet
  facet normal 0.9969173337331224 0.0784590957279149 0
    outer loop
      vertex -67.4902562010393 -63.7790258949765 0.5
      vertex -67.48477879236698 -63.84862297099063 0.5
      vertex -67.48477879236698 -63.84862297099063 -0.5
    endloop
  endfacet
  facet normal 0.9969173337331224 -0.07845909572791489 0
    outer loop
      vertex -67.4902562010393 63.7790258949765 -0.5
      vertex -67.48477879236698 63.84862297099063 -0.5
      vertex -67.48477879236698 63.84862297099063 0.4900000000000002
    endloop
  endfacet
  facet normal 0.9969173337331224 -0.07845909572791489 0
    outer loop
      vertex -67.4902562010393 63.7790258949765 -0.5
      vertex -67.48477879236698 63.84862297099063 0.4900000000000002
      vertex -67.4902562010393 63.7790258949765 0.4900000000000002
    endloop
  endfacet
  facet normal 0.9969173337331224 -0.0784590957279149 0
    outer loop
      vertex -67.4902562010393 63.7790258949765 0.4900000000000002
      vertex -67.48477879236698 63.84862297099063 0.4900000000000002
      vertex -67.4902562010393 63.7790258949765 0.5
    endloop
  endfacet
  facet normal 0.9969173337331224 -0.0784590957279149 0
    outer loop
      vertex -67.4902562010393 63.7790258949765 0.5
      vertex -67.48477879236698 63.84862297099063 0.4900000000000002
      vertex -67.48477879236698 63.84862297099063 0.5
    endloop
  endfacet
  facet normal 0.9953961983671762 0.09584575252025089 0
    outer loop
      vertex -67.48477879236698 -63.84862297099063 -0.5
      vertex -67.48477879236698 -63.84862297099063 0.5
      vertex -67.47808758147309 -63.918113853070615 0.5
    endloop
  endfacet
  facet normal 0.9953961983671762 0.09584575252025089 0
    outer loop
      vertex -67.48477879236698 -63.84862297099063 -0.5
      vertex -67.47808758147309 -63.918113853070615 0.5
      vertex -67.47808758147309 -63.918113853070615 -0.5
    endloop
  endfacet
  facet normal 0.9953961983671762 -0.0958457525202509 0
    outer loop
      vertex -67.48477879236698 63.84862297099063 -0.5
      vertex -67.47808758147309 63.918113853070615 -0.5
      vertex -67.48477879236698 63.84862297099063 0.4900000000000002
    endloop
  endfacet
  facet normal 0.9953961983671762 -0.0958457525202509 0
    outer loop
      vertex -67.48477879236698 63.84862297099063 0.4900000000000002
      vertex -67.47808758147309 63.918113853070615 -0.5
      vertex -67.47808758147309 63.918113853070615 0.4900000000000002
    endloop
  endfacet
  facet normal 0.9953961983671762 -0.09584575252025089 0
    outer loop
      vertex -67.48477879236698 63.84862297099063 0.4900000000000002
      vertex -67.47808758147309 63.918113853070615 0.4900000000000002
      vertex -67.47808758147309 63.918113853070615 0.5
    endloop
  endfacet
  facet normal 0.9953961983671762 -0.09584575252025089 0
    outer loop
      vertex -67.48477879236698 63.84862297099063 0.4900000000000002
      vertex -67.47808758147309 63.918113853070615 0.5
      vertex -67.48477879236698 63.84862297099063 0.5
    endloop
  endfacet
  facet normal 0.993571855676584 0.11320321376793617 0
    outer loop
      vertex -67.47808758147309 -63.918113853070615 -0.5
      vertex -67.47808758147309 -63.918113853070615 0.5
      vertex -67.47018460656528 -63.98747737362059 0.5
    endloop
  endfacet
  facet normal 0.993571855676584 0.11320321376793617 0
    outer loop
      vertex -67.47808758147309 -63.918113853070615 -0.5
      vertex -67.47018460656528 -63.98747737362059 0.5
      vertex -67.47018460656528 -63.98747737362059 -0.5
    endloop
  endfacet
  facet normal 0.9935718556765841 -0.11320321376793617 0
    outer loop
      vertex -67.47808758147309 63.918113853070615 -0.5
      vertex -67.47018460656528 63.98747737362059 -0.5
      vertex -67.47018460656528 63.98747737362059 0.4900000000000002
    endloop
  endfacet
  facet normal 0.9935718556765841 -0.11320321376793617 0
    outer loop
      vertex -67.47808758147309 63.918113853070615 -0.5
      vertex -67.47018460656528 63.98747737362059 0.4900000000000002
      vertex -67.47808758147309 63.918113853070615 0.4900000000000002
    endloop
  endfacet
  facet normal 0.9935718556765841 -0.11320321376793617 0
    outer loop
      vertex -67.47808758147309 63.918113853070615 0.4900000000000002
      vertex -67.47018460656528 63.98747737362059 0.4900000000000002
      vertex -67.47808758147309 63.918113853070615 0.5
    endloop
  endfacet
  facet normal 0.9935718556765841 -0.11320321376793617 0
    outer loop
      vertex -67.47808758147309 63.918113853070615 0.5
      vertex -67.47018460656528 63.98747737362059 0.4900000000000002
      vertex -67.47018460656528 63.98747737362059 0.5
    endloop
  endfacet
  facet normal 0.9914448613738239 0.13052619221994952 0
    outer loop
      vertex -67.47018460656528 -63.98747737362059 -0.5
      vertex -67.47018460656528 -63.98747737362059 0.5
      vertex -67.46107227496628 -64.05669240384026 -0.5
    endloop
  endfacet
  facet normal 0.9914448613738239 0.13052619221994952 0
    outer loop
      vertex -67.47018460656528 -63.98747737362059 0.5
      vertex -67.46107227496628 -64.05669240384026 0.5
      vertex -67.46107227496628 -64.05669240384026 -0.5
    endloop
  endfacet
  facet normal 0.9914448613738238 -0.1305261922199495 0
    outer loop
      vertex -67.47018460656528 63.98747737362059 -0.5
      vertex -67.46107227496628 64.05669240384026 -0.5
      vertex -67.47018460656528 63.98747737362059 0.4900000000000002
    endloop
  endfacet
  facet normal 0.9914448613738238 -0.1305261922199495 0
    outer loop
      vertex -67.47018460656528 63.98747737362059 0.4900000000000002
      vertex -67.46107227496628 64.05669240384026 -0.5
      vertex -67.46107227496628 64.05669240384026 0.4900000000000002
    endloop
  endfacet
  facet normal 0.9914448613738239 -0.13052619221994954 0
    outer loop
      vertex -67.47018460656528 63.98747737362059 0.4900000000000002
      vertex -67.46107227496628 64.05669240384026 0.4900000000000002
      vertex -67.46107227496628 64.05669240384026 0.5
    endloop
  endfacet
  facet normal 0.9914448613738239 -0.13052619221994954 0
    outer loop
      vertex -67.47018460656528 63.98747737362059 0.4900000000000002
      vertex -67.46107227496628 64.05669240384026 0.5
      vertex -67.47018460656528 63.98747737362059 0.5
    endloop
  endfacet
  facet normal 0.9890158633619163 0.1478094111296148 0
    outer loop
      vertex -67.46107227496628 -64.05669240384026 -0.5
      vertex -67.46107227496628 -64.05669240384026 0.5
      vertex -67.45075336238055 -64.12573786016092 0.5
    endloop
  endfacet
  facet normal 0.9890158633619163 0.1478094111296148 0
    outer loop
      vertex -67.46107227496628 -64.05669240384026 -0.5
      vertex -67.45075336238055 -64.12573786016092 0.5
      vertex -67.45075336238055 -64.12573786016092 -0.5
    endloop
  endfacet
  facet normal 0.9890158633619162 -0.1478094111296148 0
    outer loop
      vertex -67.46107227496628 64.05669240384026 -0.5
      vertex -67.45075336238055 64.12573786016092 -0.5
      vertex -67.46107227496628 64.05669240384026 0.4900000000000002
    endloop
  endfacet
  facet normal 0.9890158633619162 -0.1478094111296148 0
    outer loop
      vertex -67.46107227496628 64.05669240384026 0.4900000000000002
      vertex -67.45075336238055 64.12573786016092 -0.5
      vertex -67.46107227496628 64.05669240384026 0.5
    endloop
  endfacet
  facet normal 0.9890158633619162 -0.1478094111296148 0
    outer loop
      vertex -67.46107227496628 64.05669240384026 0.5
      vertex -67.45075336238055 64.12573786016092 -0.5
      vertex -67.45075336238055 64.12573786016092 0.4900000000000002
    endloop
  endfacet
  facet normal 0.9890158633619162 -0.1478094111296148 0
    outer loop
      vertex -67.46107227496628 64.05669240384026 0.5
      vertex -67.45075336238055 64.12573786016092 0.4900000000000002
      vertex -67.45075336238055 64.12573786016092 0.5
    endloop
  endfacet
  facet normal 0.9862856015372349 0.1650476058606567 0
    outer loop
      vertex -67.45075336238055 -64.12573786016092 -0.5
      vertex -67.45075336238055 -64.12573786016092 0.5
      vertex -67.43923101204884 -64.19459271066772 0.5
    endloop
  endfacet
  facet normal 0.9862856015372349 0.1650476058606567 0
    outer loop
      vertex -67.45075336238055 -64.12573786016092 -0.5
      vertex -67.43923101204884 -64.19459271066772 0.5
      vertex -67.43923101204884 -64.19459271066772 -0.5
    endloop
  endfacet
  facet normal 0.9862856015372349 -0.1650476058606567 0
    outer loop
      vertex -67.45075336238055 64.12573786016092 -0.5
      vertex -67.43923101204884 64.19459271066772 -0.5
      vertex -67.45075336238055 64.12573786016092 0.4900000000000002
    endloop
  endfacet
  facet normal 0.986285601537235 -0.16504760586065667 0
    outer loop
      vertex -67.45075336238055 64.12573786016092 0.4900000000000002
      vertex -67.43923101204884 64.19459271066772 -0.5
      vertex -67.45075336238055 64.12573786016092 0.5
    endloop
  endfacet
  facet normal 0.9862856015372349 -0.1650476058606567 0
    outer loop
      vertex -67.45075336238055 64.12573786016092 0.5
      vertex -67.43923101204884 64.19459271066772 -0.5
      vertex -67.43923101204884 64.19459271066772 0.5
    endloop
  endfacet
  facet normal 0.9832549075639457 0.1822355254921951 0
    outer loop
      vertex -67.43923101204884 -64.19459271066772 -0.5
      vertex -67.43923101204884 -64.19459271066772 0.5
      vertex -67.42650873379066 -64.26323598150618 -0.5
    endloop
  endfacet
  facet normal 0.9832549075639457 0.1822355254921951 0
    outer loop
      vertex -67.43923101204884 -64.19459271066772 0.5
      vertex -67.42650873379066 -64.26323598150618 0.5
      vertex -67.42650873379066 -64.26323598150618 -0.5
    endloop
  endfacet
  facet normal 0.9832549075639458 -0.1822355254921951 0
    outer loop
      vertex -67.43923101204884 64.19459271066772 -0.5
      vertex -67.42650873379066 64.26323598150618 -0.5
      vertex -67.42650873379066 64.26323598150618 0.4900000000000002
    endloop
  endfacet
  facet normal 0.9832549075639457 -0.1822355254921951 0
    outer loop
      vertex -67.43923101204884 64.19459271066772 -0.5
      vertex -67.42650873379066 64.26323598150618 0.4900000000000002
      vertex -67.43923101204884 64.19459271066772 0.5
    endloop
  endfacet
  facet normal 0.9832549075639457 -0.18223552549219507 0
    outer loop
      vertex -67.43923101204884 64.19459271066772 0.5
      vertex -67.42650873379066 64.26323598150618 0.4900000000000002
      vertex -67.42650873379066 64.26323598150618 0.5
    endloop
  endfacet
  facet normal 0.9799247046208299 0.19936793441719536 0
    outer loop
      vertex -67.42650873379066 -64.26323598150618 -0.5
      vertex -67.42650873379066 -64.26323598150618 0.5
      vertex -67.41259040293522 -64.33164676327104 0.5
    endloop
  endfacet
  facet normal 0.9799247046208299 0.19936793441719536 0
    outer loop
      vertex -67.42650873379066 -64.26323598150618 -0.5
      vertex -67.41259040293522 -64.33164676327104 0.5
      vertex -67.41259040293522 -64.33164676327104 -0.5
    endloop
  endfacet
  facet normal 0.9799247046208301 -0.19936793441719536 0
    outer loop
      vertex -67.42650873379066 64.26323598150618 -0.5
      vertex -67.41259040293522 64.33164676327104 -0.5
      vertex -67.42650873379066 64.26323598150618 0.4900000000000002
    endloop
  endfacet
  facet normal 0.9799247046208301 -0.19936793441719536 0
    outer loop
      vertex -67.42650873379066 64.26323598150618 0.4900000000000002
      vertex -67.41259040293522 64.33164676327104 -0.5
      vertex -67.41259040293522 64.33164676327104 0.4900000000000002
    endloop
  endfacet
  facet normal 0.9799247046208299 -0.19936793441719533 0
    outer loop
      vertex -67.42650873379066 64.26323598150618 0.4900000000000002
      vertex -67.41259040293522 64.33164676327104 0.4900000000000002
      vertex -67.41259040293522 64.33164676327104 0.5
    endloop
  endfacet
  facet normal 0.9799247046208299 -0.19936793441719533 0
    outer loop
      vertex -67.42650873379066 64.26323598150618 0.4900000000000002
      vertex -67.41259040293522 64.33164676327104 0.5
      vertex -67.42650873379066 64.26323598150618 0.5
    endloop
  endfacet
  facet normal 0.9762960071199128 0.21643961393819533 0
    outer loop
      vertex -67.41259040293522 -64.33164676327104 -0.5
      vertex -67.41259040293522 -64.33164676327104 0.5
      vertex -67.39748025914093 -64.39980421737546 -0.5
    endloop
  endfacet
  facet normal 0.9762960071199128 0.21643961393819533 0
    outer loop
      vertex -67.41259040293522 -64.33164676327104 0.5
      vertex -67.39748025914093 -64.39980421737546 0.5
      vertex -67.39748025914093 -64.39980421737546 -0.5
    endloop
  endfacet
  facet normal 0.9762960071199129 -0.21643961393819533 0
    outer loop
      vertex -67.41259040293522 64.33164676327104 -0.5
      vertex -67.39748025914093 64.39980421737546 -0.5
      vertex -67.39748025914093 64.39980421737546 0.4900000000000002
    endloop
  endfacet
  facet normal 0.9762960071199129 -0.21643961393819533 0
    outer loop
      vertex -67.41259040293522 64.33164676327104 -0.5
      vertex -67.39748025914093 64.39980421737546 0.4900000000000002
      vertex -67.41259040293522 64.33164676327104 0.4900000000000002
    endloop
  endfacet
  facet normal 0.9762960071199128 -0.2164396139381953 0
    outer loop
      vertex -67.41259040293522 64.33164676327104 0.4900000000000002
      vertex -67.39748025914093 64.39980421737546 0.4900000000000002
      vertex -67.41259040293522 64.33164676327104 0.5
    endloop
  endfacet
  facet normal 0.9762960071199128 -0.2164396139381953 0
    outer loop
      vertex -67.41259040293522 64.33164676327104 0.5
      vertex -67.39748025914093 64.39980421737546 0.4900000000000002
      vertex -67.39748025914093 64.39980421737546 0.5
    endloop
  endfacet
  facet normal 0.9723699203976873 0.2334453638558606 0
    outer loop
      vertex -67.39748025914093 -64.39980421737546 -0.5
      vertex -67.39748025914093 -64.39980421737546 0.5
      vertex -67.38118290510398 -64.46768758239867 0.5
    endloop
  endfacet
  facet normal 0.9723699203976873 0.2334453638558606 0
    outer loop
      vertex -67.39748025914093 -64.39980421737546 -0.5
      vertex -67.38118290510398 -64.46768758239867 0.5
      vertex -67.38118290510398 -64.46768758239867 -0.5
    endloop
  endfacet
  facet normal 0.9723699203976873 -0.2334453638558606 0
    outer loop
      vertex -67.39748025914093 64.39980421737546 -0.5
      vertex -67.38118290510398 64.46768758239867 -0.5
      vertex -67.39748025914093 64.39980421737546 0.4900000000000002
    endloop
  endfacet
  facet normal 0.9723699203976873 -0.2334453638558606 0
    outer loop
      vertex -67.39748025914093 64.39980421737546 0.4900000000000002
      vertex -67.38118290510398 64.46768758239867 -0.5
      vertex -67.38118290510398 64.46768758239867 0.4900000000000002
    endloop
  endfacet
  facet normal 0.9723699203976874 -0.2334453638558606 0
    outer loop
      vertex -67.39748025914093 64.39980421737546 0.4900000000000002
      vertex -67.38118290510398 64.46768758239867 0.4900000000000002
      vertex -67.38118290510398 64.46768758239867 0.5
    endloop
  endfacet
  facet normal 0.9723699203976874 -0.2334453638558606 0
    outer loop
      vertex -67.39748025914093 64.39980421737546 0.4900000000000002
      vertex -67.38118290510398 64.46768758239867 0.5
      vertex -67.39748025914093 64.39980421737546 0.5
    endloop
  endfacet
  facet normal 0.9681476403781323 0.25038000405434624 0
    outer loop
      vertex -67.38118290510398 -64.46768758239867 -0.5
      vertex -67.38118290510398 -64.46768758239867 0.5
      vertex -67.36370330515628 -64.53527618041008 0.5
    endloop
  endfacet
  facet normal 0.9681476403781323 0.25038000405434624 0
    outer loop
      vertex -67.38118290510398 -64.46768758239867 -0.5
      vertex -67.36370330515628 -64.53527618041008 0.5
      vertex -67.36370330515628 -64.53527618041008 -0.5
    endloop
  endfacet
  facet normal 0.9681476403781325 -0.2503800040543463 0
    outer loop
      vertex -67.38118290510398 64.46768758239867 -0.5
      vertex -67.36370330515628 64.53527618041008 -0.5
      vertex -67.36370330515628 64.53527618041008 0.4900000000000002
    endloop
  endfacet
  facet normal 0.9681476403781325 -0.2503800040543463 0
    outer loop
      vertex -67.38118290510398 64.46768758239867 -0.5
      vertex -67.36370330515628 64.53527618041008 0.4900000000000002
      vertex -67.38118290510398 64.46768758239867 0.4900000000000002
    endloop
  endfacet
  facet normal 0.9681476403781324 -0.2503800040543463 0
    outer loop
      vertex -67.38118290510398 64.46768758239867 0.4900000000000002
      vertex -67.36370330515628 64.53527618041008 0.4900000000000002
      vertex -67.38118290510398 64.46768758239867 0.5
    endloop
  endfacet
  facet normal 0.9681476403781324 -0.2503800040543463 0
    outer loop
      vertex -67.38118290510398 64.46768758239867 0.5
      vertex -67.36370330515628 64.53527618041008 0.4900000000000002
      vertex -67.36370330515628 64.53527618041008 0.5
    endloop
  endfacet
  facet normal 0.963630453208614 0.26723837607828954 0
    outer loop
      vertex -67.36370330515628 -64.53527618041008 -0.5
      vertex -67.36370330515628 -64.53527618041008 0.5
      vertex -67.34504678375328 -64.602549423268 -0.5
    endloop
  endfacet
  facet normal 0.963630453208614 0.26723837607828954 0
    outer loop
      vertex -67.36370330515628 -64.53527618041008 0.5
      vertex -67.34504678375328 -64.602549423268 0.5
      vertex -67.34504678375328 -64.602549423268 -0.5
    endloop
  endfacet
  facet normal 0.9636304532086138 -0.2672383760782895 0
    outer loop
      vertex -67.36370330515628 64.53527618041008 -0.5
      vertex -67.34504678375328 64.602549423268 -0.5
      vertex -67.34504678375328 64.602549423268 0.4900000000000002
    endloop
  endfacet
  facet normal 0.9636304532086138 -0.2672383760782895 0
    outer loop
      vertex -67.36370330515628 64.53527618041008 -0.5
      vertex -67.34504678375328 64.602549423268 0.4900000000000002
      vertex -67.36370330515628 64.53527618041008 0.4900000000000002
    endloop
  endfacet
  facet normal 0.963630453208614 -0.26723837607828954 0
    outer loop
      vertex -67.36370330515628 64.53527618041008 0.4900000000000002
      vertex -67.34504678375328 64.602549423268 0.4900000000000002
      vertex -67.36370330515628 64.53527618041008 0.5
    endloop
  endfacet
  facet normal 0.963630453208614 -0.26723837607828954 0
    outer loop
      vertex -67.36370330515628 64.53527618041008 0.5
      vertex -67.34504678375328 64.602549423268 0.4900000000000002
      vertex -67.34504678375328 64.602549423268 0.5
    endloop
  endfacet
  facet normal 0.9588197348681858 0.28401534470394674 0
    outer loop
      vertex -67.34504678375328 -64.602549423268 -0.5
      vertex -67.34504678375328 -64.602549423268 0.5
      vertex -67.32521902385214 -64.66948681889095 0.5
    endloop
  endfacet
  facet normal 0.9588197348681858 0.28401534470394674 0
    outer loop
      vertex -67.34504678375328 -64.602549423268 -0.5
      vertex -67.32521902385214 -64.66948681889095 0.5
      vertex -67.32521902385214 -64.66948681889095 -0.5
    endloop
  endfacet
  facet normal 0.9588197348681858 -0.2840153447039467 0
    outer loop
      vertex -67.34504678375328 64.602549423268 -0.5
      vertex -67.32521902385214 64.66948681889095 -0.5
      vertex -67.34504678375328 64.602549423268 0.4900000000000002
    endloop
  endfacet
  facet normal 0.9588197348681858 -0.2840153447039467 0
    outer loop
      vertex -67.34504678375328 64.602549423268 0.4900000000000002
      vertex -67.32521902385214 64.66948681889095 -0.5
      vertex -67.32521902385214 64.66948681889095 0.4900000000000002
    endloop
  endfacet
  facet normal 0.958819734868186 -0.28401534470394674 0
    outer loop
      vertex -67.34504678375328 64.602549423268 0.4900000000000002
      vertex -67.32521902385214 64.66948681889095 0.4900000000000002
      vertex -67.32521902385214 64.66948681889095 0.5
    endloop
  endfacet
  facet normal 0.958819734868186 -0.28401534470394674 0
    outer loop
      vertex -67.34504678375328 64.602549423268 0.4900000000000002
      vertex -67.32521902385214 64.66948681889095 0.5
      vertex -67.34504678375328 64.602549423268 0.5
    endloop
  endfacet
  facet normal 0.9537169507482246 0.3007057995042804 0
    outer loop
      vertex -67.32521902385214 -64.66948681889095 -0.5
      vertex -67.32521902385214 -64.66948681889095 0.5
      vertex -67.30422606518061 -64.73606797749979 -0.5
    endloop
  endfacet
  facet normal 0.9537169507482246 0.3007057995042804 0
    outer loop
      vertex -67.32521902385214 -64.66948681889095 0.5
      vertex -67.30422606518061 -64.73606797749979 0.5
      vertex -67.30422606518061 -64.73606797749979 -0.5
    endloop
  endfacet
  facet normal 0.9537169507482246 -0.3007057995042804 0
    outer loop
      vertex -67.32521902385214 64.66948681889095 -0.5
      vertex -67.30422606518061 64.73606797749979 -0.5
      vertex -67.30422606518061 64.73606797749979 0.4900000000000002
    endloop
  endfacet
  facet normal 0.9537169507482246 -0.3007057995042804 0
    outer loop
      vertex -67.32521902385214 64.66948681889095 -0.5
      vertex -67.30422606518061 64.73606797749979 0.4900000000000002
      vertex -67.32521902385214 64.66948681889095 0.4900000000000002
    endloop
  endfacet
  facet normal 0.9537169507482246 -0.3007057995042804 0
    outer loop
      vertex -67.32521902385214 64.66948681889095 0.4900000000000002
      vertex -67.30422606518061 64.73606797749979 0.4900000000000002
      vertex -67.32521902385214 64.66948681889095 0.5
    endloop
  endfacet
  facet normal 0.9537169507482246 -0.3007057995042804 0
    outer loop
      vertex -67.32521902385214 64.66948681889095 0.5
      vertex -67.30422606518061 64.73606797749979 0.4900000000000002
      vertex -67.30422606518061 64.73606797749979 0.5
    endloop
  endfacet
  facet normal 0.9483236552061739 0.31730465640516825 0
    outer loop
      vertex -67.30422606518061 -64.73606797749979 -0.5
      vertex -67.30422606518061 -64.73606797749979 0.5
      vertex -67.28207430239726 -64.80227261782862 -0.5
    endloop
  endfacet
  facet normal 0.9483236552061739 0.31730465640516825 0
    outer loop
      vertex -67.30422606518061 -64.73606797749979 0.5
      vertex -67.28207430239726 -64.80227261782862 0.5
      vertex -67.28207430239726 -64.80227261782862 -0.5
    endloop
  endfacet
  facet normal 0.9483236552061738 -0.31730465640516825 0
    outer loop
      vertex -67.30422606518061 64.73606797749979 -0.5
      vertex -67.28207430239726 64.80227261782862 -0.5
      vertex -67.28207430239726 64.80227261782862 0.4900000000000002
    endloop
  endfacet
  facet normal 0.9483236552061738 -0.31730465640516825 0
    outer loop
      vertex -67.30422606518061 64.73606797749979 -0.5
      vertex -67.28207430239726 64.80227261782862 0.4900000000000002
      vertex -67.30422606518061 64.73606797749979 0.4900000000000002
    endloop
  endfacet
  facet normal 0.9483236552061738 -0.3173046564051682 0
    outer loop
      vertex -67.30422606518061 64.73606797749979 0.4900000000000002
      vertex -67.28207430239726 64.80227261782862 0.4900000000000002
      vertex -67.30422606518061 64.73606797749979 0.5
    endloop
  endfacet
  facet normal 0.9483236552061738 -0.3173046564051682 0
    outer loop
      vertex -67.30422606518061 64.73606797749979 0.5
      vertex -67.28207430239726 64.80227261782862 0.4900000000000002
      vertex -67.28207430239726 64.80227261782862 0.5
    endloop
  endfacet
  facet normal 0.9426414910922222 0.33380685923364767 0
    outer loop
      vertex -67.28207430239726 -64.80227261782862 -0.5
      vertex -67.28207430239726 -64.80227261782862 0.5
      vertex -67.25877048314364 -64.86808057330268 0.5
    endloop
  endfacet
  facet normal 0.9426414910922222 0.33380685923364767 0
    outer loop
      vertex -67.28207430239726 -64.80227261782862 -0.5
      vertex -67.25877048314364 -64.86808057330268 0.5
      vertex -67.25877048314364 -64.86808057330268 -0.5
    endloop
  endfacet
  facet normal 0.9426414910922221 -0.3338068592336476 0
    outer loop
      vertex -67.28207430239726 64.80227261782862 -0.5
      vertex -67.25877048314364 64.86808057330268 -0.5
      vertex -67.28207430239726 64.80227261782862 0.4900000000000002
    endloop
  endfacet
  facet normal 0.9426414910922221 -0.3338068592336476 0
    outer loop
      vertex -67.28207430239726 64.80227261782862 0.4900000000000002
      vertex -67.25877048314364 64.86808057330268 -0.5
      vertex -67.25877048314364 64.86808057330268 0.4900000000000002
    endloop
  endfacet
  facet normal 0.9426414910922221 -0.3338068592336476 0
    outer loop
      vertex -67.28207430239726 64.80227261782862 0.4900000000000002
      vertex -67.25877048314364 64.86808057330268 0.4900000000000002
      vertex -67.25877048314364 64.86808057330268 0.5
    endloop
  endfacet
  facet normal 0.9426414910922221 -0.3338068592336476 0
    outer loop
      vertex -67.28207430239726 64.80227261782862 0.4900000000000002
      vertex -67.25877048314364 64.86808057330268 0.5
      vertex -67.28207430239726 64.80227261782862 0.5
    endloop
  endfacet
  facet normal 0.9366721892483754 0.3502073812595272 0
    outer loop
      vertex -67.25877048314364 -64.86808057330268 -0.5
      vertex -67.25877048314364 -64.86808057330268 0.5
      vertex -67.2343217059888 -64.9334717981812 -0.5
    endloop
  endfacet
  facet normal 0.9366721892483754 0.3502073812595272 0
    outer loop
      vertex -67.25877048314364 -64.86808057330268 0.5
      vertex -67.2343217059888 -64.9334717981812 0.5
      vertex -67.2343217059888 -64.9334717981812 -0.5
    endloop
  endfacet
  facet normal 0.9366721892483754 -0.3502073812595273 0
    outer loop
      vertex -67.25877048314364 64.86808057330268 -0.5
      vertex -67.2343217059888 64.9334717981812 -0.5
      vertex -67.25877048314364 64.86808057330268 0.4900000000000002
    endloop
  endfacet
  facet normal 0.9366721892483753 -0.35020738125952716 0
    outer loop
      vertex -67.25877048314364 64.86808057330268 0.4900000000000002
      vertex -67.2343217059888 64.9334717981812 -0.5
      vertex -67.25877048314364 64.86808057330268 0.5
    endloop
  endfacet
  facet normal 0.9366721892483754 -0.3502073812595272 0
    outer loop
      vertex -67.25877048314364 64.86808057330268 0.5
      vertex -67.2343217059888 64.9334717981812 -0.5
      vertex -67.2343217059888 64.9334717981812 0.5
    endloop
  endfacet
  facet normal 0.930417567982051 0.36650122672422997 0
    outer loop
      vertex -67.2343217059888 -64.9334717981812 -0.5
      vertex -67.2343217059888 -64.9334717981812 0.5
      vertex -67.20873541826715 -64.99842637366365 0.5
    endloop
  endfacet
  facet normal 0.930417567982051 0.36650122672422997 0
    outer loop
      vertex -67.2343217059888 -64.9334717981812 -0.5
      vertex -67.20873541826715 -64.99842637366365 0.5
      vertex -67.20873541826715 -64.99842637366365 -0.5
    endloop
  endfacet
  facet normal 0.9304175679820511 -0.3665012267242299 0
    outer loop
      vertex -67.2343217059888 64.9334717981812 -0.5
      vertex -67.20873541826715 64.99842637366365 -0.5
      vertex -67.20873541826715 64.99842637366365 0.4900000000000002
    endloop
  endfacet
  facet normal 0.9304175679820498 -0.366501226724233 0
    outer loop
      vertex -67.2343217059888 64.9334717981812 -0.5
      vertex -67.20873541826715 64.99842637366365 0.4900000000000002
      vertex -67.20873541826715 64.99842637366365 0.5
    endloop
  endfacet
  facet normal 0.930417567982051 -0.36650122672422997 0
    outer loop
      vertex -67.2343217059888 64.9334717981812 -0.5
      vertex -67.20873541826715 64.99842637366365 0.5
      vertex -67.2343217059888 64.9334717981812 0.5
    endloop
  endfacet
  facet normal 0.9238795325112461 0.38268343236518804 0
    outer loop
      vertex -67.20873541826715 -64.99842637366365 -0.5
      vertex -67.20873541826715 -64.99842637366365 0.5
      vertex -67.18201941380975 -65.0629245139571 0.5
    endloop
  endfacet
  facet normal 0.9238795325112461 0.38268343236518804 0
    outer loop
      vertex -67.20873541826715 -64.99842637366365 -0.5
      vertex -67.18201941380975 -65.0629245139571 0.5
      vertex -67.18201941380975 -65.0629245139571 -0.5
    endloop
  endfacet
  facet normal 0.9238795325112461 -0.38268343236518804 0
    outer loop
      vertex -67.20873541826715 64.99842637366365 -0.5
      vertex -67.18201941380975 65.0629245139571 -0.5
      vertex -67.20873541826715 64.99842637366365 0.4900000000000002
    endloop
  endfacet
  facet normal 0.9238795325112461 -0.38268343236518804 0
    outer loop
      vertex -67.20873541826715 64.99842637366365 0.4900000000000002
      vertex -67.18201941380975 65.0629245139571 -0.5
      vertex -67.18201941380975 65.0629245139571 0.4900000000000002
    endloop
  endfacet
  facet normal 0.923879532511246 -0.3826834323651879 0
    outer loop
      vertex -67.20873541826715 64.99842637366365 0.4900000000000002
      vertex -67.18201941380975 65.0629245139571 0.4900000000000002
      vertex -67.18201941380975 65.0629245139571 0.5
    endloop
  endfacet
  facet normal 0.923879532511246 -0.3826834323651879 0
    outer loop
      vertex -67.20873541826715 64.99842637366365 0.4900000000000002
      vertex -67.18201941380975 65.0629245139571 0.5
      vertex -67.20873541826715 64.99842637366365 0.5
    endloop
  endfacet
  facet normal 0.9170600743851635 0.39874906892515527 0
    outer loop
      vertex -67.18201941380975 -65.0629245139571 -0.5
      vertex -67.18201941380975 -65.0629245139571 0.5
      vertex -67.15418183057041 -65.1269465723032 -0.5
    endloop
  endfacet
  facet normal 0.9170600743851635 0.39874906892515527 0
    outer loop
      vertex -67.18201941380975 -65.0629245139571 0.5
      vertex -67.15418183057041 -65.1269465723032 0.5
      vertex -67.15418183057041 -65.1269465723032 -0.5
    endloop
  endfacet
  facet normal 0.9170600743851636 -0.39874906892515527 0
    outer loop
      vertex -67.18201941380975 65.0629245139571 -0.5
      vertex -67.15418183057041 65.1269465723032 -0.5
      vertex -67.15418183057041 65.1269465723032 0.4900000000000002
    endloop
  endfacet
  facet normal 0.9170600743851636 -0.39874906892515527 0
    outer loop
      vertex -67.18201941380975 65.0629245139571 -0.5
      vertex -67.15418183057041 65.1269465723032 0.4900000000000002
      vertex -67.18201941380975 65.0629245139571 0.4900000000000002
    endloop
  endfacet
  facet normal 0.9170600743851636 -0.3987490689251553 0
    outer loop
      vertex -67.18201941380975 65.0629245139571 0.4900000000000002
      vertex -67.15418183057041 65.1269465723032 0.4900000000000002
      vertex -67.18201941380975 65.0629245139571 0.5
    endloop
  endfacet
  facet normal 0.9170600743851636 -0.3987490689251553 0
    outer loop
      vertex -67.18201941380975 65.0629245139571 0.5
      vertex -67.15418183057041 65.1269465723032 0.4900000000000002
      vertex -67.15418183057041 65.1269465723032 0.5
    endloop
  endfacet
  facet normal 0.9099612708764989 0.41469324265633606 0
    outer loop
      vertex -67.15418183057041 -65.1269465723032 -0.5
      vertex -67.15418183057041 -65.1269465723032 0.5
      vertex -67.1252311481466 -65.1904730469628 -0.5
    endloop
  endfacet
  facet normal 0.9099612708764989 0.41469324265633606 0
    outer loop
      vertex -67.15418183057041 -65.1269465723032 0.5
      vertex -67.1252311481466 -65.1904730469628 0.5
      vertex -67.1252311481466 -65.1904730469628 -0.5
    endloop
  endfacet
  facet normal 0.9099612708764989 -0.414693242656336 0
    outer loop
      vertex -67.15418183057041 65.1269465723032 -0.5
      vertex -67.1252311481466 65.1904730469628 -0.5
      vertex -67.1252311481466 65.1904730469628 0.4900000000000002
    endloop
  endfacet
  facet normal 0.9099612708764989 -0.414693242656336 0
    outer loop
      vertex -67.15418183057041 65.1269465723032 -0.5
      vertex -67.1252311481466 65.1904730469628 0.4900000000000002
      vertex -67.15418183057041 65.1269465723032 0.4900000000000002
    endloop
  endfacet
  facet normal 0.909961270876499 -0.414693242656336 0
    outer loop
      vertex -67.15418183057041 65.1269465723032 0.4900000000000002
      vertex -67.1252311481466 65.1904730469628 0.4900000000000002
      vertex -67.15418183057041 65.1269465723032 0.5
    endloop
  endfacet
  facet normal 0.909961270876499 -0.414693242656336 0
    outer loop
      vertex -67.15418183057041 65.1269465723032 0.5
      vertex -67.1252311481466 65.1904730469628 0.4900000000000002
      vertex -67.1252311481466 65.1904730469628 0.5
    endloop
  endfacet
  facet normal 0.9025852843498612 0.43051109680829425 0
    outer loop
      vertex -67.1252311481466 -65.1904730469628 -0.5
      vertex -67.1252311481466 -65.1904730469628 0.5
      vertex -67.09517618519666 -65.25348458715631 0.5
    endloop
  endfacet
  facet normal 0.9025852843498612 0.43051109680829425 0
    outer loop
      vertex -67.1252311481466 -65.1904730469628 -0.5
      vertex -67.09517618519666 -65.25348458715631 0.5
      vertex -67.09517618519666 -65.25348458715631 -0.5
    endloop
  endfacet
  facet normal 0.9025852843498611 -0.4305110968082942 0
    outer loop
      vertex -67.1252311481466 65.1904730469628 -0.5
      vertex -67.09517618519666 65.25348458715631 -0.5
      vertex -67.1252311481466 65.1904730469628 0.4900000000000002
    endloop
  endfacet
  facet normal 0.9025852843498611 -0.4305110968082942 0
    outer loop
      vertex -67.1252311481466 65.1904730469628 0.4900000000000002
      vertex -67.09517618519666 65.25348458715631 -0.5
      vertex -67.09517618519666 65.25348458715631 0.4900000000000002
    endloop
  endfacet
  facet normal 0.9025852843498611 -0.4305110968082942 0
    outer loop
      vertex -67.1252311481466 65.1904730469628 0.4900000000000002
      vertex -67.09517618519666 65.25348458715631 0.4900000000000002
      vertex -67.09517618519666 65.25348458715631 0.5
    endloop
  endfacet
  facet normal 0.9025852843498611 -0.4305110968082942 0
    outer loop
      vertex -67.1252311481466 65.1904730469628 0.4900000000000002
      vertex -67.09517618519666 65.25348458715631 0.5
      vertex -67.1252311481466 65.1904730469628 0.5
    endloop
  endfacet
  facet normal 0.894934361602022 0.446197813109815 0
    outer loop
      vertex -67.09517618519666 -65.25348458715631 -0.5
      vertex -67.09517618519666 -65.25348458715631 0.5
      vertex -67.06402609675347 -65.31596199895819 -0.5
    endloop
  endfacet
  facet normal 0.894934361602022 0.446197813109815 0
    outer loop
      vertex -67.09517618519666 -65.25348458715631 0.5
      vertex -67.06402609675347 -65.31596199895819 0.5
      vertex -67.06402609675347 -65.31596199895819 -0.5
    endloop
  endfacet
  facet normal 0.894934361602022 -0.446197813109815 0
    outer loop
      vertex -67.09517618519666 65.25348458715631 -0.5
      vertex -67.06402609675347 65.31596199895819 -0.5
      vertex -67.06402609675347 65.31596199895819 0.4900000000000002
    endloop
  endfacet
  facet normal 0.894934361602022 -0.446197813109815 0
    outer loop
      vertex -67.09517618519666 65.25348458715631 -0.5
      vertex -67.06402609675347 65.31596199895819 0.4900000000000002
      vertex -67.09517618519666 65.25348458715631 0.4900000000000002
    endloop
  endfacet
  facet normal 0.8949343616020219 -0.44619781310981493 0
    outer loop
      vertex -67.09517618519666 65.25348458715631 0.4900000000000002
      vertex -67.06402609675347 65.31596199895819 0.4900000000000002
      vertex -67.09517618519666 65.25348458715631 0.5
    endloop
  endfacet
  facet normal 0.8949343616020219 -0.44619781310981493 0
    outer loop
      vertex -67.09517618519666 65.25348458715631 0.5
      vertex -67.06402609675347 65.31596199895819 0.4900000000000002
      vertex -67.06402609675347 65.31596199895819 0.5
    endloop
  endfacet
  facet normal 0.8870108331782406 0.4617486132349976 0
    outer loop
      vertex -67.06402609675347 -65.31596199895819 -0.5
      vertex -67.06402609675347 -65.31596199895819 0.5
      vertex -67.0317903714357 -65.37788625114356 0.5
    endloop
  endfacet
  facet normal 0.8870108331782406 0.4617486132349976 0
    outer loop
      vertex -67.06402609675347 -65.31596199895819 -0.5
      vertex -67.0317903714357 -65.37788625114356 0.5
      vertex -67.0317903714357 -65.37788625114356 -0.5
    endloop
  endfacet
  facet normal 0.8870108331782407 -0.4617486132349977 0
    outer loop
      vertex -67.06402609675347 65.31596199895819 -0.5
      vertex -67.0317903714357 65.37788625114356 -0.5
      vertex -67.06402609675347 65.31596199895819 0.4900000000000002
    endloop
  endfacet
  facet normal 0.8870108331782407 -0.4617486132349977 0
    outer loop
      vertex -67.06402609675347 65.31596199895819 0.4900000000000002
      vertex -67.0317903714357 65.37788625114356 -0.5
      vertex -67.0317903714357 65.37788625114356 0.4900000000000002
    endloop
  endfacet
  facet normal 0.8870108331782406 -0.46174861323499766 0
    outer loop
      vertex -67.06402609675347 65.31596199895819 0.4900000000000002
      vertex -67.0317903714357 65.37788625114356 0.4900000000000002
      vertex -67.0317903714357 65.37788625114356 0.5
    endloop
  endfacet
  facet normal 0.8870108331782406 -0.46174861323499766 0
    outer loop
      vertex -67.06402609675347 65.31596199895819 0.4900000000000002
      vertex -67.0317903714357 65.37788625114356 0.5
      vertex -67.06402609675347 65.31596199895819 0.5
    endloop
  endfacet
  facet normal 0.8788171126619768 0.47715876025958726 0
    outer loop
      vertex -67.0317903714357 -65.37788625114356 -0.5
      vertex -67.0317903714357 -65.37788625114356 0.5
      vertex -66.99847882855758 -65.43923848098535 -0.5
    endloop
  endfacet
  facet normal 0.8788171126619768 0.47715876025958726 0
    outer loop
      vertex -67.0317903714357 -65.37788625114356 0.5
      vertex -66.99847882855758 -65.43923848098535 0.5
      vertex -66.99847882855758 -65.43923848098535 -0.5
    endloop
  endfacet
  facet normal 0.8788171126619769 -0.4771587602595873 0
    outer loop
      vertex -67.0317903714357 65.37788625114356 -0.5
      vertex -66.99847882855758 65.43923848098535 -0.5
      vertex -67.0317903714357 65.37788625114356 0.4900000000000002
    endloop
  endfacet
  facet normal 0.8788171126619769 -0.4771587602595873 0
    outer loop
      vertex -67.0317903714357 65.37788625114356 0.4900000000000002
      vertex -66.99847882855758 65.43923848098535 -0.5
      vertex -66.99847882855758 65.43923848098535 0.4900000000000002
    endloop
  endfacet
  facet normal 0.8788171126619768 -0.47715876025958726 0
    outer loop
      vertex -67.0317903714357 65.37788625114356 0.4900000000000002
      vertex -66.99847882855758 65.43923848098535 0.4900000000000002
      vertex -66.99847882855758 65.43923848098535 0.5
    endloop
  endfacet
  facet normal 0.8788171126619768 -0.47715876025958726 0
    outer loop
      vertex -67.0317903714357 65.37788625114356 0.4900000000000002
      vertex -66.99847882855758 65.43923848098535 0.5
      vertex -67.0317903714357 65.37788625114356 0.5
    endloop
  endfacet
  facet normal 0.8703556959398739 0.4924235601035126 0
    outer loop
      vertex -66.99847882855758 -65.43923848098535 -0.5
      vertex -66.99847882855758 -65.43923848098535 0.5
      vertex -66.96410161513775 -65.5 -0.5
    endloop
  endfacet
  facet normal 0.8703556959398739 0.4924235601035126 0
    outer loop
      vertex -66.99847882855758 -65.43923848098535 0.5
      vertex -66.96410161513775 -65.5 0.5
      vertex -66.96410161513775 -65.5 -0.5
    endloop
  endfacet
  facet normal 0.8703556959398738 -0.49242356010351257 0
    outer loop
      vertex -66.99847882855758 65.43923848098535 -0.5
      vertex -66.96410161513775 65.5 -0.5
      vertex -66.96410161513775 65.5 0.4900000000000002
    endloop
  endfacet
  facet normal 0.8703556959398738 -0.49242356010351257 0
    outer loop
      vertex -66.99847882855758 65.43923848098535 -0.5
      vertex -66.96410161513775 65.5 0.4900000000000002
      vertex -66.99847882855758 65.43923848098535 0.4900000000000002
    endloop
  endfacet
  facet normal 0.8703556959398739 -0.4924235601035126 0
    outer loop
      vertex -66.99847882855758 65.43923848098535 0.4900000000000002
      vertex -66.96410161513775 65.5 0.4900000000000002
      vertex -66.99847882855758 65.43923848098535 0.5
    endloop
  endfacet
  facet normal 0.8703556959398739 -0.4924235601035126 0
    outer loop
      vertex -66.99847882855758 65.43923848098535 0.5
      vertex -66.96410161513775 65.5 0.4900000000000002
      vertex -66.96410161513775 65.5 0.5
    endloop
  endfacet
  facet normal 0.861629160441582 0.5075383629606086 0
    outer loop
      vertex -66.96410161513775 -65.5 -0.5
      vertex -66.96410161513775 -65.5 0.5
      vertex -66.92866920280845 -65.56015229964022 0.5
    endloop
  endfacet
  facet normal 0.861629160441582 0.5075383629606086 0
    outer loop
      vertex -66.96410161513775 -65.5 -0.5
      vertex -66.92866920280845 -65.56015229964022 0.5
      vertex -66.92866920280845 -65.56015229964022 -0.5
    endloop
  endfacet
  facet normal 0.8616291604415821 -0.5075383629606086 0
    outer loop
      vertex -66.96410161513775 65.5 -0.5
      vertex -66.92866920280845 65.56015229964022 -0.5
      vertex -66.96410161513775 65.5 0.4900000000000002
    endloop
  endfacet
  facet normal 0.8616291604415821 -0.5075383629606086 0
    outer loop
      vertex -66.96410161513775 65.5 0.4900000000000002
      vertex -66.92866920280845 65.56015229964022 -0.5
      vertex -66.92866920280845 65.56015229964022 0.4900000000000002
    endloop
  endfacet
  facet normal 0.8616291604415819 -0.5075383629606086 0
    outer loop
      vertex -66.96410161513775 65.5 0.4900000000000002
      vertex -66.92866920280845 65.56015229964022 0.4900000000000002
      vertex -66.92866920280845 65.56015229964022 0.5
    endloop
  endfacet
  facet normal 0.8616291604415819 -0.5075383629606086 0
    outer loop
      vertex -66.96410161513775 65.5 0.4900000000000002
      vertex -66.92866920280845 65.56015229964022 0.5
      vertex -66.96410161513775 65.5 0.5
    endloop
  endfacet
  facet normal 0.8526401643540309 0.5224985647160488 0
    outer loop
      vertex -66.92866920280845 -65.56015229964022 -0.5
      vertex -66.92866920280845 -65.56015229964022 0.5
      vertex -66.8921923846257 -65.61967705693282 -0.5
    endloop
  endfacet
  facet normal 0.8526401643540309 0.5224985647160488 0
    outer loop
      vertex -66.92866920280845 -65.56015229964022 0.5
      vertex -66.8921923846257 -65.61967705693282 0.5
      vertex -66.8921923846257 -65.61967705693282 -0.5
    endloop
  endfacet
  facet normal 0.852640164354031 -0.5224985647160489 0
    outer loop
      vertex -66.92866920280845 65.56015229964022 -0.5
      vertex -66.8921923846257 65.61967705693282 -0.5
      vertex -66.8921923846257 65.61967705693282 0.4900000000000002
    endloop
  endfacet
  facet normal 0.852640164354031 -0.5224985647160489 0
    outer loop
      vertex -66.92866920280845 65.56015229964022 -0.5
      vertex -66.8921923846257 65.61967705693282 0.4900000000000002
      vertex -66.92866920280845 65.56015229964022 0.4900000000000002
    endloop
  endfacet
  facet normal 0.852640164354031 -0.5224985647160489 0
    outer loop
      vertex -66.92866920280845 65.56015229964022 0.4900000000000002
      vertex -66.8921923846257 65.61967705693282 0.4900000000000002
      vertex -66.92866920280845 65.56015229964022 0.5
    endloop
  endfacet
  facet normal 0.852640164354031 -0.5224985647160489 0
    outer loop
      vertex -66.92866920280845 65.56015229964022 0.5
      vertex -66.8921923846257 65.61967705693282 0.4900000000000002
      vertex -66.8921923846257 65.61967705693282 0.5
    endloop
  endfacet
  facet normal 0.8433914458129373 0.5372996083467428 0
    outer loop
      vertex -66.8921923846257 -65.61967705693282 -0.5
      vertex -66.8921923846257 -65.61967705693282 0.5
      vertex -66.8546822717817 -65.67855614006011 -0.5
    endloop
  endfacet
  facet normal 0.8433914458129373 0.5372996083467428 0
    outer loop
      vertex -66.8921923846257 -65.61967705693282 0.5
      vertex -66.8546822717817 -65.67855614006011 0.5
      vertex -66.8546822717817 -65.67855614006011 -0.5
    endloop
  endfacet
  facet normal 0.8433914458129373 -0.5372996083467428 0
    outer loop
      vertex -66.8921923846257 65.61967705693282 -0.5
      vertex -66.8546822717817 65.67855614006011 -0.5
      vertex -66.8546822717817 65.67855614006011 0.4900000000000002
    endloop
  endfacet
  facet normal 0.8433914458129373 -0.5372996083467428 0
    outer loop
      vertex -66.8921923846257 65.61967705693282 -0.5
      vertex -66.8546822717817 65.67855614006011 0.4900000000000002
      vertex -66.8921923846257 65.61967705693282 0.4900000000000002
    endloop
  endfacet
  facet normal 0.8433914458129373 -0.5372996083467428 0
    outer loop
      vertex -66.8921923846257 65.61967705693282 0.4900000000000002
      vertex -66.8546822717817 65.67855614006011 0.4900000000000002
      vertex -66.8921923846257 65.61967705693282 0.5
    endloop
  endfacet
  facet normal 0.8433914458129373 -0.5372996083467428 0
    outer loop
      vertex -66.8921923846257 65.61967705693282 0.5
      vertex -66.8546822717817 65.67855614006011 0.4900000000000002
      vertex -66.8546822717817 65.67855614006011 0.5
    endloop
  endfacet
  facet normal 0.833885822067163 0.5519369853120659 0
    outer loop
      vertex -66.8546822717817 -65.67855614006011 -0.5
      vertex -66.8546822717817 -65.67855614006011 0.5
      vertex -66.81615029022016 -65.736771613883 0.5
    endloop
  endfacet
  facet normal 0.833885822067163 0.5519369853120659 0
    outer loop
      vertex -66.8546822717817 -65.67855614006011 -0.5
      vertex -66.81615029022016 -65.736771613883 0.5
      vertex -66.81615029022016 -65.736771613883 -0.5
    endloop
  endfacet
  facet normal 0.833885822067163 -0.5519369853120658 0
    outer loop
      vertex -66.8546822717817 65.67855614006011 -0.5
      vertex -66.81615029022016 65.736771613883 -0.5
      vertex -66.8546822717817 65.67855614006011 0.4900000000000002
    endloop
  endfacet
  facet normal 0.833885822067163 -0.5519369853120658 0
    outer loop
      vertex -66.8546822717817 65.67855614006011 0.4900000000000002
      vertex -66.81615029022016 65.736771613883 -0.5
      vertex -66.81615029022016 65.736771613883 0.4900000000000002
    endloop
  endfacet
  facet normal 0.8338858220671631 -0.5519369853120659 0
    outer loop
      vertex -66.8546822717817 65.67855614006011 0.4900000000000002
      vertex -66.81615029022016 65.736771613883 0.4900000000000002
      vertex -66.81615029022016 65.736771613883 0.5
    endloop
  endfacet
  facet normal 0.8338858220671631 -0.5519369853120659 0
    outer loop
      vertex -66.8546822717817 65.67855614006011 0.4900000000000002
      vertex -66.81615029022016 65.736771613883 0.5
      vertex -66.8546822717817 65.67855614006011 0.5
    endloop
  endfacet
  facet normal 0.8241261886219964 0.5664062369248609 0
    outer loop
      vertex -66.81615029022016 -65.736771613883 -0.5
      vertex -66.81615029022016 -65.736771613883 0.5
      vertex -66.77660817715596 -65.79430574540419 -0.5
    endloop
  endfacet
  facet normal 0.8241261886219964 0.5664062369248609 0
    outer loop
      vertex -66.81615029022016 -65.736771613883 0.5
      vertex -66.77660817715596 -65.79430574540419 0.5
      vertex -66.77660817715596 -65.79430574540419 -0.5
    endloop
  endfacet
  facet normal 0.8241261886219964 -0.566406236924861 0
    outer loop
      vertex -66.81615029022016 65.736771613883 -0.5
      vertex -66.77660817715596 65.79430574540419 -0.5
      vertex -66.77660817715596 65.79430574540419 0.4900000000000002
    endloop
  endfacet
  facet normal 0.8241261886219964 -0.566406236924861 0
    outer loop
      vertex -66.81615029022016 65.736771613883 -0.5
      vertex -66.77660817715596 65.79430574540419 0.4900000000000002
      vertex -66.81615029022016 65.736771613883 0.4900000000000002
    endloop
  endfacet
  facet normal 0.8241261886219964 -0.5664062369248609 0
    outer loop
      vertex -66.81615029022016 65.736771613883 0.4900000000000002
      vertex -66.77660817715596 65.79430574540419 0.4900000000000002
      vertex -66.81615029022016 65.736771613883 0.5
    endloop
  endfacet
  facet normal 0.8241261886219964 -0.5664062369248609 0
    outer loop
      vertex -66.81615029022016 65.736771613883 0.5
      vertex -66.77660817715596 65.79430574540419 0.4900000000000002
      vertex -66.77660817715596 65.79430574540419 0.5
    endloop
  endfacet
  facet normal 0.814115518356305 0.5807029557109599 0
    outer loop
      vertex -66.77660817715596 -65.79430574540419 -0.5
      vertex -66.77660817715596 -65.79430574540419 0.5
      vertex -66.73606797749979 -65.8511410091699 -0.5
    endloop
  endfacet
  facet normal 0.814115518356305 0.5807029557109599 0
    outer loop
      vertex -66.77660817715596 -65.79430574540419 0.5
      vertex -66.73606797749979 -65.8511410091699 0.5
      vertex -66.73606797749979 -65.8511410091699 -0.5
    endloop
  endfacet
  facet normal 0.8141155183563049 -0.5807029557109599 0
    outer loop
      vertex -66.77660817715596 65.79430574540419 -0.5
      vertex -66.73606797749979 65.8511410091699 -0.5
      vertex -66.73606797749979 65.8511410091699 0.4900000000000002
    endloop
  endfacet
  facet normal 0.8141155183563049 -0.5807029557109599 0
    outer loop
      vertex -66.77660817715596 65.79430574540419 -0.5
      vertex -66.73606797749979 65.8511410091699 0.4900000000000002
      vertex -66.77660817715596 65.79430574540419 0.4900000000000002
    endloop
  endfacet
  facet normal 0.8141155183563049 -0.5807029557109598 0
    outer loop
      vertex -66.77660817715596 65.79430574540419 0.4900000000000002
      vertex -66.73606797749979 65.8511410091699 0.4900000000000002
      vertex -66.73606797749979 65.8511410091699 0.5
    endloop
  endfacet
  facet normal 0.8141155183563049 -0.5807029557109598 0
    outer loop
      vertex -66.77660817715596 65.79430574540419 0.4900000000000002
      vertex -66.73606797749979 65.8511410091699 0.5
      vertex -66.77660817715596 65.79430574540419 0.5
    endloop
  endfacet
  facet normal 0.8038568606172946 0.594822786751237 0
    outer loop
      vertex -66.73606797749979 -65.8511410091699 -0.5
      vertex -66.73606797749979 -65.8511410091699 0.5
      vertex -66.69454204018918 -65.9072600926082 0.5
    endloop
  endfacet
  facet normal 0.8038568606172946 0.594822786751237 0
    outer loop
      vertex -66.73606797749979 -65.8511410091699 -0.5
      vertex -66.69454204018918 -65.9072600926082 0.5
      vertex -66.69454204018918 -65.9072600926082 -0.5
    endloop
  endfacet
  facet normal 0.8038568606172946 -0.5948227867512369 0
    outer loop
      vertex -66.73606797749979 65.8511410091699 -0.5
      vertex -66.69454204018918 65.9072600926082 -0.5
      vertex -66.73606797749979 65.8511410091699 0.4900000000000002
    endloop
  endfacet
  facet normal 0.8038568606172946 -0.5948227867512369 0
    outer loop
      vertex -66.73606797749979 65.8511410091699 0.4900000000000002
      vertex -66.69454204018918 65.9072600926082 -0.5
      vertex -66.69454204018918 65.9072600926082 0.4900000000000002
    endloop
  endfacet
  facet normal 0.8038568606172947 -0.594822786751237 0
    outer loop
      vertex -66.73606797749979 65.8511410091699 0.4900000000000002
      vertex -66.69454204018918 65.9072600926082 0.4900000000000002
      vertex -66.73606797749979 65.8511410091699 0.5
    endloop
  endfacet
  facet normal 0.8038568606172947 -0.594822786751237 0
    outer loop
      vertex -66.73606797749979 65.8511410091699 0.5
      vertex -66.69454204018918 65.9072600926082 0.4900000000000002
      vertex -66.69454204018918 65.9072600926082 0.5
    endloop
  endfacet
  facet normal 0.7933533402912369 0.6087614290087185 0
    outer loop
      vertex -66.69454204018918 -65.9072600926082 -0.5
      vertex -66.69454204018918 -65.9072600926082 0.5
      vertex -66.6520430144269 -65.96264590130264 -0.5
    endloop
  endfacet
  facet normal 0.7933533402912369 0.6087614290087185 0
    outer loop
      vertex -66.69454204018918 -65.9072600926082 0.5
      vertex -66.6520430144269 -65.96264590130264 0.5
      vertex -66.6520430144269 -65.96264590130264 -0.5
    endloop
  endfacet
  facet normal 0.7933533402912367 -0.6087614290087184 0
    outer loop
      vertex -66.69454204018918 65.9072600926082 -0.5
      vertex -66.6520430144269 65.96264590130264 -0.5
      vertex -66.6520430144269 65.96264590130264 0.4900000000000002
    endloop
  endfacet
  facet normal 0.7933533402912367 -0.6087614290087184 0
    outer loop
      vertex -66.69454204018918 65.9072600926082 -0.5
      vertex -66.6520430144269 65.96264590130264 0.4900000000000002
      vertex -66.69454204018918 65.9072600926082 0.4900000000000002
    endloop
  endfacet
  facet normal 0.7933533402912368 -0.6087614290087185 0
    outer loop
      vertex -66.69454204018918 65.9072600926082 0.4900000000000002
      vertex -66.6520430144269 65.96264590130264 0.4900000000000002
      vertex -66.69454204018918 65.9072600926082 0.5
    endloop
  endfacet
  facet normal 0.7933533402912368 -0.6087614290087185 0
    outer loop
      vertex -66.69454204018918 65.9072600926082 0.5
      vertex -66.6520430144269 65.96264590130264 0.4900000000000002
      vertex -66.6520430144269 65.96264590130264 0.5
    endloop
  endfacet
  facet normal 0.7826081568523332 0.622514636637721 0
    outer loop
      vertex -66.6520430144269 -65.96264590130264 -0.5
      vertex -66.6520430144269 -65.96264590130264 0.5
      vertex -66.60858384582788 -66.01728156419935 0.5
    endloop
  endfacet
  facet normal 0.7826081568523332 0.622514636637721 0
    outer loop
      vertex -66.6520430144269 -65.96264590130264 -0.5
      vertex -66.60858384582788 -66.01728156419935 0.5
      vertex -66.60858384582788 -66.01728156419935 -0.5
    endloop
  endfacet
  facet normal 0.7826081568523333 -0.622514636637721 0
    outer loop
      vertex -66.6520430144269 65.96264590130264 -0.5
      vertex -66.60858384582788 66.01728156419935 -0.5
      vertex -66.6520430144269 65.96264590130264 0.4900000000000002
    endloop
  endfacet
  facet normal 0.7826081568523333 -0.622514636637721 0
    outer loop
      vertex -66.6520430144269 65.96264590130264 0.4900000000000002
      vertex -66.60858384582788 66.01728156419935 -0.5
      vertex -66.60858384582788 66.01728156419935 0.4900000000000002
    endloop
  endfacet
  facet normal 0.7826081568523332 -0.622514636637721 0
    outer loop
      vertex -66.6520430144269 65.96264590130264 0.4900000000000002
      vertex -66.60858384582788 66.01728156419935 0.4900000000000002
      vertex -66.60858384582788 66.01728156419935 0.5
    endloop
  endfacet
  facet normal 0.7826081568523332 -0.622514636637721 0
    outer loop
      vertex -66.6520430144269 65.96264590130264 0.4900000000000002
      vertex -66.60858384582788 66.01728156419935 0.5
      vertex -66.6520430144269 65.96264590130264 0.5
    endloop
  endfacet
  facet normal 0.7716245833877678 0.6360782202777058 0
    outer loop
      vertex -66.60858384582788 -66.01728156419935 -0.5
      vertex -66.60858384582788 -66.01728156419935 0.5
      vertex -66.56417777247592 -66.07115043874616 0.5
    endloop
  endfacet
  facet normal 0.7716245833877678 0.6360782202777058 0
    outer loop
      vertex -66.60858384582788 -66.01728156419935 -0.5
      vertex -66.56417777247592 -66.07115043874616 0.5
      vertex -66.56417777247592 -66.07115043874616 -0.5
    endloop
  endfacet
  facet normal 0.7716245833877678 -0.6360782202777059 0
    outer loop
      vertex -66.60858384582788 66.01728156419935 -0.5
      vertex -66.56417777247592 66.07115043874616 -0.5
      vertex -66.56417777247592 66.07115043874616 0.4900000000000002
    endloop
  endfacet
  facet normal 0.7716245833877678 -0.6360782202777059 0
    outer loop
      vertex -66.60858384582788 66.01728156419935 -0.5
      vertex -66.56417777247592 66.07115043874616 0.4900000000000002
      vertex -66.60858384582788 66.01728156419935 0.4900000000000002
    endloop
  endfacet
  facet normal 0.7716245833877678 -0.6360782202777059 0
    outer loop
      vertex -66.60858384582788 66.01728156419935 0.4900000000000002
      vertex -66.56417777247592 66.07115043874616 0.4900000000000002
      vertex -66.60858384582788 66.01728156419935 0.5
    endloop
  endfacet
  facet normal 0.7716245833877678 -0.6360782202777059 0
    outer loop
      vertex -66.60858384582788 66.01728156419935 0.5
      vertex -66.56417777247592 66.07115043874616 0.4900000000000002
      vertex -66.56417777247592 66.07115043874616 0.5
    endloop
  endfacet
  facet normal 0.7604059656000612 0.649448048330148 0
    outer loop
      vertex -66.56417777247592 -66.07115043874616 -0.5
      vertex -66.56417777247592 -66.07115043874616 0.5
      vertex -66.51883832089109 -66.12423611596203 -0.5
    endloop
  endfacet
  facet normal 0.7604059656000612 0.649448048330148 0
    outer loop
      vertex -66.56417777247592 -66.07115043874616 0.5
      vertex -66.51883832089109 -66.12423611596203 0.5
      vertex -66.51883832089109 -66.12423611596203 -0.5
    endloop
  endfacet
  facet normal 0.7604059656000615 -0.6494480483301481 0
    outer loop
      vertex -66.56417777247592 66.07115043874616 -0.5
      vertex -66.51883832089109 66.12423611596203 -0.5
      vertex -66.51883832089109 66.12423611596203 0.4900000000000002
    endloop
  endfacet
  facet normal 0.7604059656000615 -0.6494480483301481 0
    outer loop
      vertex -66.56417777247592 66.07115043874616 -0.5
      vertex -66.51883832089109 66.12423611596203 0.4900000000000002
      vertex -66.56417777247592 66.07115043874616 0.4900000000000002
    endloop
  endfacet
  facet normal 0.7604059656000614 -0.6494480483301481 0
    outer loop
      vertex -66.56417777247592 66.07115043874616 0.4900000000000002
      vertex -66.51883832089109 66.12423611596203 0.4900000000000002
      vertex -66.51883832089109 66.12423611596203 0.5
    endloop
  endfacet
  facet normal 0.7604059656000614 -0.6494480483301481 0
    outer loop
      vertex -66.56417777247592 66.07115043874616 0.4900000000000002
      vertex -66.51883832089109 66.12423611596203 0.5
      vertex -66.56417777247592 66.07115043874616 0.5
    endloop
  endfacet
  facet normal 0.7489557207889569 0.6626200482157887 0
    outer loop
      vertex -66.51883832089109 -66.12423611596203 -0.5
      vertex -66.51883832089109 -66.12423611596203 0.5
      vertex -66.47257930190958 -66.17652242543544 0.5
    endloop
  endfacet
  facet normal 0.7489557207889569 0.6626200482157887 0
    outer loop
      vertex -66.51883832089109 -66.12423611596203 -0.5
      vertex -66.47257930190958 -66.17652242543544 0.5
      vertex -66.47257930190958 -66.17652242543544 -0.5
    endloop
  endfacet
  facet normal 0.7489557207889568 -0.6626200482157887 0
    outer loop
      vertex -66.51883832089109 66.12423611596203 -0.5
      vertex -66.47257930190958 66.17652242543544 -0.5
      vertex -66.51883832089109 66.12423611596203 0.4900000000000002
    endloop
  endfacet
  facet normal 0.7489557207889568 -0.6626200482157887 0
    outer loop
      vertex -66.51883832089109 66.12423611596203 0.4900000000000002
      vertex -66.47257930190958 66.17652242543544 -0.5
      vertex -66.47257930190958 66.17652242543544 0.4900000000000002
    endloop
  endfacet
  facet normal 0.7489557207889568 -0.6626200482157887 0
    outer loop
      vertex -66.51883832089109 66.12423611596203 0.4900000000000002
      vertex -66.47257930190958 66.17652242543544 0.4900000000000002
      vertex -66.47257930190958 66.17652242543544 0.5
    endloop
  endfacet
  facet normal 0.7489557207889568 -0.6626200482157887 0
    outer loop
      vertex -66.51883832089109 66.12423611596203 0.4900000000000002
      vertex -66.47257930190958 66.17652242543544 0.5
      vertex -66.51883832089109 66.12423611596203 0.5
    endloop
  endfacet
  facet normal 0.7372773368100667 0.6755902076157229 0
    outer loop
      vertex -66.47257930190958 -66.17652242543544 -0.5
      vertex -66.47257930190958 -66.17652242543544 0.5
      vertex -66.42541480647668 -66.22799344024999 -0.5
    endloop
  endfacet
  facet normal 0.7372773368100667 0.6755902076157229 0
    outer loop
      vertex -66.47257930190958 -66.17652242543544 0.5
      vertex -66.42541480647668 -66.22799344024999 0.5
      vertex -66.42541480647668 -66.22799344024999 -0.5
    endloop
  endfacet
  facet normal 0.7372773368100668 -0.6755902076157229 0
    outer loop
      vertex -66.47257930190958 66.17652242543544 -0.5
      vertex -66.42541480647668 66.22799344024999 -0.5
      vertex -66.42541480647668 66.22799344024999 0.4900000000000002
    endloop
  endfacet
  facet normal 0.7372773368100668 -0.6755902076157229 0
    outer loop
      vertex -66.47257930190958 66.17652242543544 -0.5
      vertex -66.42541480647668 66.22799344024999 0.4900000000000002
      vertex -66.47257930190958 66.17652242543544 0.4900000000000002
    endloop
  endfacet
  facet normal 0.7372773368100668 -0.6755902076157229 0
    outer loop
      vertex -66.47257930190958 66.17652242543544 0.4900000000000002
      vertex -66.42541480647668 66.22799344024999 0.4900000000000002
      vertex -66.47257930190958 66.17652242543544 0.5
    endloop
  endfacet
  facet normal 0.7372773368100668 -0.6755902076157229 0
    outer loop
      vertex -66.47257930190958 66.17652242543544 0.5
      vertex -66.42541480647668 66.22799344024999 0.4900000000000002
      vertex -66.42541480647668 66.22799344024999 0.5
    endloop
  endfacet
  facet normal 0.7253743710123031 0.6883545756937377 0
    outer loop
      vertex -66.42541480647668 -66.22799344024999 -0.5
      vertex -66.42541480647668 -66.22799344024999 0.5
      vertex -66.37735920135461 -66.27863348183598 0.5
    endloop
  endfacet
  facet normal 0.7253743710123031 0.6883545756937377 0
    outer loop
      vertex -66.42541480647668 -66.22799344024999 -0.5
      vertex -66.37735920135461 -66.27863348183598 0.5
      vertex -66.37735920135461 -66.27863348183598 -0.5
    endloop
  endfacet
  facet normal 0.7253743710123031 -0.6883545756937377 0
    outer loop
      vertex -66.42541480647668 66.22799344024999 -0.5
      vertex -66.37735920135461 66.27863348183598 -0.5
      vertex -66.37735920135461 66.27863348183598 0.5
    endloop
  endfacet
  facet normal 0.7253743710123031 -0.6883545756937376 0
    outer loop
      vertex -66.42541480647668 66.22799344024999 -0.5
      vertex -66.37735920135461 66.27863348183598 0.5
      vertex -66.42541480647668 66.22799344024999 0.4900000000000002
    endloop
  endfacet
  facet normal 0.7253743710123031 -0.6883545756937377 0
    outer loop
      vertex -66.42541480647668 66.22799344024999 0.4900000000000002
      vertex -66.37735920135461 66.27863348183598 0.5
      vertex -66.42541480647668 66.22799344024999 0.5
    endloop
  endfacet
  facet normal 0.7132504491541296 0.700909264299904 0
    outer loop
      vertex -66.37735920135461 -66.27863348183598 -0.5
      vertex -66.37735920135461 -66.27863348183598 0.5
      vertex -66.32842712474618 -66.32842712474618 0.5
    endloop
  endfacet
  facet normal 0.7132504491541296 0.700909264299904 0
    outer loop
      vertex -66.37735920135461 -66.27863348183598 -0.5
      vertex -66.32842712474618 -66.32842712474618 0.5
      vertex -66.32842712474618 -66.32842712474618 -0.5
    endloop
  endfacet
  facet normal 0.7132504491541296 -0.700909264299904 0
    outer loop
      vertex -66.37735920135461 66.27863348183598 -0.5
      vertex -66.32842712474618 66.32842712474618 -0.5
      vertex -66.37735920135461 66.27863348183598 0.5
    endloop
  endfacet
  facet normal 0.7132504491541296 -0.700909264299904 0
    outer loop
      vertex -66.37735920135461 66.27863348183598 0.5
      vertex -66.32842712474618 66.32842712474618 -0.5
      vertex -66.32842712474618 66.32842712474618 0.5
    endloop
  endfacet
  facet normal 0.700909264299904 0.7132504491541296 0
    outer loop
      vertex -66.32842712474618 -66.32842712474618 -0.5
      vertex -66.32842712474618 -66.32842712474618 0.5
      vertex -66.27863348183598 -66.37735920135461 -0.5
    endloop
  endfacet
  facet normal 0.700909264299904 0.7132504491541296 0
    outer loop
      vertex -66.32842712474618 -66.32842712474618 0.5
      vertex -66.27863348183598 -66.37735920135461 0.5
      vertex -66.27863348183598 -66.37735920135461 -0.5
    endloop
  endfacet
  facet normal 0.7009092642999039 -0.7132504491541295 0
    outer loop
      vertex -66.32842712474618 66.32842712474618 -0.5
      vertex -66.27863348183598 66.37735920135461 -0.5
      vertex -66.27863348183598 66.37735920135461 0.4900000000000002
    endloop
  endfacet
  facet normal 0.700909264299904 -0.7132504491541296 0
    outer loop
      vertex -66.32842712474618 66.32842712474618 -0.5
      vertex -66.27863348183598 66.37735920135461 0.4900000000000002
      vertex -66.32842712474618 66.32842712474618 0.5
    endloop
  endfacet
  facet normal 0.7009092642999039 -0.7132504491541295 0
    outer loop
      vertex -66.32842712474618 66.32842712474618 0.5
      vertex -66.27863348183598 66.37735920135461 0.4900000000000002
      vertex -66.27863348183598 66.37735920135461 0.5
    endloop
  endfacet
  facet normal 0.6883545756937377 0.7253743710123031 0
    outer loop
      vertex -66.27863348183598 -66.37735920135461 -0.5
      vertex -66.27863348183598 -66.37735920135461 0.5
      vertex -66.22799344024999 -66.42541480647668 -0.5
    endloop
  endfacet
  facet normal 0.6883545756937377 0.7253743710123031 0
    outer loop
      vertex -66.27863348183598 -66.37735920135461 0.5
      vertex -66.22799344024999 -66.42541480647668 0.5
      vertex -66.22799344024999 -66.42541480647668 -0.5
    endloop
  endfacet
  facet normal 0.6883545756937376 -0.7253743710123031 0
    outer loop
      vertex -66.27863348183598 66.37735920135461 -0.5
      vertex -66.22799344024999 66.42541480647668 -0.5
      vertex -66.22799344024999 66.42541480647668 0.4900000000000002
    endloop
  endfacet
  facet normal 0.6883545756937376 -0.7253743710123031 0
    outer loop
      vertex -66.27863348183598 66.37735920135461 -0.5
      vertex -66.22799344024999 66.42541480647668 0.4900000000000002
      vertex -66.27863348183598 66.37735920135461 0.4900000000000002
    endloop
  endfacet
  facet normal 0.6883545756937377 -0.7253743710123031 0
    outer loop
      vertex -66.27863348183598 66.37735920135461 0.4900000000000002
      vertex -66.22799344024999 66.42541480647668 0.4900000000000002
      vertex -66.22799344024999 66.42541480647668 0.5
    endloop
  endfacet
  facet normal 0.6883545756937377 -0.7253743710123031 0
    outer loop
      vertex -66.27863348183598 66.37735920135461 0.4900000000000002
      vertex -66.22799344024999 66.42541480647668 0.5
      vertex -66.27863348183598 66.37735920135461 0.5
    endloop
  endfacet
  facet normal 0.6755902076157229 0.7372773368100667 0
    outer loop
      vertex -66.22799344024999 -66.42541480647668 -0.5
      vertex -66.22799344024999 -66.42541480647668 0.5
      vertex -66.17652242543544 -66.47257930190958 0.5
    endloop
  endfacet
  facet normal 0.6755902076157229 0.7372773368100667 0
    outer loop
      vertex -66.22799344024999 -66.42541480647668 -0.5
      vertex -66.17652242543544 -66.47257930190958 0.5
      vertex -66.17652242543544 -66.47257930190958 -0.5
    endloop
  endfacet
  facet normal 0.6755902076157229 -0.7372773368100668 0
    outer loop
      vertex -66.22799344024999 66.42541480647668 -0.5
      vertex -66.17652242543544 66.47257930190958 -0.5
      vertex -66.22799344024999 66.42541480647668 0.4900000000000002
    endloop
  endfacet
  facet normal 0.6755902076157229 -0.7372773368100668 0
    outer loop
      vertex -66.22799344024999 66.42541480647668 0.4900000000000002
      vertex -66.17652242543544 66.47257930190958 -0.5
      vertex -66.22799344024999 66.42541480647668 0.5
    endloop
  endfacet
  facet normal 0.6755902076157229 -0.7372773368100667 0
    outer loop
      vertex -66.22799344024999 66.42541480647668 0.5
      vertex -66.17652242543544 66.47257930190958 -0.5
      vertex -66.17652242543544 66.47257930190958 0.5
    endloop
  endfacet
  facet normal 0.6626200482157887 0.7489557207889569 0
    outer loop
      vertex -66.17652242543544 -66.47257930190958 -0.5
      vertex -66.17652242543544 -66.47257930190958 0.5
      vertex -66.12423611596203 -66.51883832089109 -0.5
    endloop
  endfacet
  facet normal 0.6626200482157887 0.7489557207889569 0
    outer loop
      vertex -66.17652242543544 -66.47257930190958 0.5
      vertex -66.12423611596203 -66.51883832089109 0.5
      vertex -66.12423611596203 -66.51883832089109 -0.5
    endloop
  endfacet
  facet normal 0.6626200482157887 -0.7489557207889569 0
    outer loop
      vertex -66.17652242543544 66.47257930190958 -0.5
      vertex -66.12423611596203 66.51883832089109 -0.5
      vertex -66.17652242543544 66.47257930190958 0.5
    endloop
  endfacet
  facet normal 0.6626200482157887 -0.7489557207889569 0
    outer loop
      vertex -66.17652242543544 66.47257930190958 0.5
      vertex -66.12423611596203 66.51883832089109 -0.5
      vertex -66.12423611596203 66.51883832089109 0.5
    endloop
  endfacet
  facet normal 0.649448048330148 0.7604059656000612 0
    outer loop
      vertex -66.12423611596203 -66.51883832089109 -0.5
      vertex -66.12423611596203 -66.51883832089109 0.5
      vertex -66.07115043874616 -66.56417777247592 0.5
    endloop
  endfacet
  facet normal 0.649448048330148 0.7604059656000612 0
    outer loop
      vertex -66.12423611596203 -66.51883832089109 -0.5
      vertex -66.07115043874616 -66.56417777247592 0.5
      vertex -66.07115043874616 -66.56417777247592 -0.5
    endloop
  endfacet
  facet normal 0.6494480483301481 -0.7604059656000615 0
    outer loop
      vertex -66.12423611596203 66.51883832089109 -0.5
      vertex -66.07115043874616 66.56417777247592 -0.5
      vertex -66.07115043874616 66.56417777247592 0.4900000000000002
    endloop
  endfacet
  facet normal 0.6494480483301494 -0.7604059656000601 0
    outer loop
      vertex -66.12423611596203 66.51883832089109 -0.5
      vertex -66.07115043874616 66.56417777247592 0.4900000000000002
      vertex -66.07115043874616 66.56417777247592 0.5
    endloop
  endfacet
  facet normal 0.649448048330148 -0.7604059656000612 0
    outer loop
      vertex -66.12423611596203 66.51883832089109 -0.5
      vertex -66.07115043874616 66.56417777247592 0.5
      vertex -66.12423611596203 66.51883832089109 0.5
    endloop
  endfacet
  facet normal 0.6360782202777058 0.7716245833877678 0
    outer loop
      vertex -66.07115043874616 -66.56417777247592 -0.5
      vertex -66.07115043874616 -66.56417777247592 0.5
      vertex -66.01728156419935 -66.60858384582788 0.5
    endloop
  endfacet
  facet normal 0.6360782202777058 0.7716245833877678 0
    outer loop
      vertex -66.07115043874616 -66.56417777247592 -0.5
      vertex -66.01728156419935 -66.60858384582788 0.5
      vertex -66.01728156419935 -66.60858384582788 -0.5
    endloop
  endfacet
  facet normal 0.6360782202777059 -0.7716245833877678 0
    outer loop
      vertex -66.07115043874616 66.56417777247592 -0.5
      vertex -66.01728156419935 66.60858384582788 -0.5
      vertex -66.07115043874616 66.56417777247592 0.4900000000000002
    endloop
  endfacet
  facet normal 0.6360782202777059 -0.7716245833877678 0
    outer loop
      vertex -66.07115043874616 66.56417777247592 0.4900000000000002
      vertex -66.01728156419935 66.60858384582788 -0.5
      vertex -66.07115043874616 66.56417777247592 0.5
    endloop
  endfacet
  facet normal 0.6360782202777058 -0.7716245833877678 0
    outer loop
      vertex -66.07115043874616 66.56417777247592 0.5
      vertex -66.01728156419935 66.60858384582788 -0.5
      vertex -66.01728156419935 66.60858384582788 0.5
    endloop
  endfacet
  facet normal 0.622514636637721 0.7826081568523332 0
    outer loop
      vertex -66.01728156419935 -66.60858384582788 -0.5
      vertex -66.01728156419935 -66.60858384582788 0.5
      vertex -65.96264590130264 -66.6520430144269 -0.5
    endloop
  endfacet
  facet normal 0.622514636637721 0.7826081568523332 0
    outer loop
      vertex -66.01728156419935 -66.60858384582788 0.5
      vertex -65.96264590130264 -66.6520430144269 0.5
      vertex -65.96264590130264 -66.6520430144269 -0.5
    endloop
  endfacet
  facet normal 0.622514636637721 -0.7826081568523333 0
    outer loop
      vertex -66.01728156419935 66.60858384582788 -0.5
      vertex -65.96264590130264 66.6520430144269 -0.5
      vertex -65.96264590130264 66.6520430144269 0.4900000000000002
    endloop
  endfacet
  facet normal 0.6225146366377201 -0.7826081568523339 0
    outer loop
      vertex -66.01728156419935 66.60858384582788 -0.5
      vertex -65.96264590130264 66.6520430144269 0.4900000000000002
      vertex -65.96264590130264 66.6520430144269 0.5
    endloop
  endfacet
  facet normal 0.622514636637721 -0.7826081568523332 0
    outer loop
      vertex -66.01728156419935 66.60858384582788 -0.5
      vertex -65.96264590130264 66.6520430144269 0.5
      vertex -66.01728156419935 66.60858384582788 0.5
    endloop
  endfacet
  facet normal 0.6087614290087185 0.7933533402912369 0
    outer loop
      vertex -65.96264590130264 -66.6520430144269 -0.5
      vertex -65.96264590130264 -66.6520430144269 0.5
      vertex -65.9072600926082 -66.69454204018918 0.5
    endloop
  endfacet
  facet normal 0.6087614290087185 0.7933533402912369 0
    outer loop
      vertex -65.96264590130264 -66.6520430144269 -0.5
      vertex -65.9072600926082 -66.69454204018918 0.5
      vertex -65.9072600926082 -66.69454204018918 -0.5
    endloop
  endfacet
  facet normal 0.6087614290087184 -0.7933533402912367 0
    outer loop
      vertex -65.96264590130264 66.6520430144269 -0.5
      vertex -65.9072600926082 66.69454204018918 -0.5
      vertex -65.96264590130264 66.6520430144269 0.4900000000000002
    endloop
  endfacet
  facet normal 0.6087614290087184 -0.7933533402912367 0
    outer loop
      vertex -65.96264590130264 66.6520430144269 0.4900000000000002
      vertex -65.9072600926082 66.69454204018918 -0.5
      vertex -65.9072600926082 66.69454204018918 0.4900000000000002
    endloop
  endfacet
  facet normal 0.6087614290087185 -0.7933533402912368 0
    outer loop
      vertex -65.96264590130264 66.6520430144269 0.4900000000000002
      vertex -65.9072600926082 66.69454204018918 0.4900000000000002
      vertex -65.9072600926082 66.69454204018918 0.5
    endloop
  endfacet
  facet normal 0.6087614290087185 -0.7933533402912368 0
    outer loop
      vertex -65.96264590130264 66.6520430144269 0.4900000000000002
      vertex -65.9072600926082 66.69454204018918 0.5
      vertex -65.96264590130264 66.6520430144269 0.5
    endloop
  endfacet
  facet normal 0.594822786751237 0.8038568606172946 0
    outer loop
      vertex -65.9072600926082 -66.69454204018918 -0.5
      vertex -65.9072600926082 -66.69454204018918 0.5
      vertex -65.8511410091699 -66.73606797749979 -0.5
    endloop
  endfacet
  facet normal 0.594822786751237 0.8038568606172946 0
    outer loop
      vertex -65.9072600926082 -66.69454204018918 0.5
      vertex -65.8511410091699 -66.73606797749979 0.5
      vertex -65.8511410091699 -66.73606797749979 -0.5
    endloop
  endfacet
  facet normal 0.5948227867512369 -0.8038568606172946 0
    outer loop
      vertex -65.9072600926082 66.69454204018918 -0.5
      vertex -65.8511410091699 66.73606797749979 -0.5
      vertex -65.8511410091699 66.73606797749979 0.4900000000000002
    endloop
  endfacet
  facet normal 0.5948227867512369 -0.8038568606172946 0
    outer loop
      vertex -65.9072600926082 66.69454204018918 -0.5
      vertex -65.8511410091699 66.73606797749979 0.4900000000000002
      vertex -65.9072600926082 66.69454204018918 0.4900000000000002
    endloop
  endfacet
  facet normal 0.594822786751237 -0.8038568606172947 0
    outer loop
      vertex -65.9072600926082 66.69454204018918 0.4900000000000002
      vertex -65.8511410091699 66.73606797749979 0.4900000000000002
      vertex -65.9072600926082 66.69454204018918 0.5
    endloop
  endfacet
  facet normal 0.594822786751237 -0.8038568606172947 0
    outer loop
      vertex -65.9072600926082 66.69454204018918 0.5
      vertex -65.8511410091699 66.73606797749979 0.4900000000000002
      vertex -65.8511410091699 66.73606797749979 0.5
    endloop
  endfacet
  facet normal 0.5807029557109599 0.814115518356305 0
    outer loop
      vertex -65.8511410091699 -66.73606797749979 -0.5
      vertex -65.8511410091699 -66.73606797749979 0.5
      vertex -65.79430574540419 -66.77660817715596 0.5
    endloop
  endfacet
  facet normal 0.5807029557109599 0.814115518356305 0
    outer loop
      vertex -65.8511410091699 -66.73606797749979 -0.5
      vertex -65.79430574540419 -66.77660817715596 0.5
      vertex -65.79430574540419 -66.77660817715596 -0.5
    endloop
  endfacet
  facet normal 0.5807029557109599 -0.8141155183563049 0
    outer loop
      vertex -65.8511410091699 66.73606797749979 -0.5
      vertex -65.79430574540419 66.77660817715596 -0.5
      vertex -65.79430574540419 66.77660817715596 0.4900000000000002
    endloop
  endfacet
  facet normal 0.5807029557109599 -0.8141155183563049 0
    outer loop
      vertex -65.8511410091699 66.73606797749979 -0.5
      vertex -65.79430574540419 66.77660817715596 0.4900000000000002
      vertex -65.8511410091699 66.73606797749979 0.4900000000000002
    endloop
  endfacet
  facet normal 0.5807029557109598 -0.8141155183563049 0
    outer loop
      vertex -65.8511410091699 66.73606797749979 0.4900000000000002
      vertex -65.79430574540419 66.77660817715596 0.4900000000000002
      vertex -65.8511410091699 66.73606797749979 0.5
    endloop
  endfacet
  facet normal 0.5807029557109598 -0.8141155183563049 0
    outer loop
      vertex -65.8511410091699 66.73606797749979 0.5
      vertex -65.79430574540419 66.77660817715596 0.4900000000000002
      vertex -65.79430574540419 66.77660817715596 0.5
    endloop
  endfacet
  facet normal 0.5664062369248609 0.8241261886219964 0
    outer loop
      vertex -65.79430574540419 -66.77660817715596 -0.5
      vertex -65.79430574540419 -66.77660817715596 0.5
      vertex -65.736771613883 -66.81615029022016 0.5
    endloop
  endfacet
  facet normal 0.5664062369248609 0.8241261886219964 0
    outer loop
      vertex -65.79430574540419 -66.77660817715596 -0.5
      vertex -65.736771613883 -66.81615029022016 0.5
      vertex -65.736771613883 -66.81615029022016 -0.5
    endloop
  endfacet
  facet normal 0.566406236924861 -0.8241261886219964 0
    outer loop
      vertex -65.79430574540419 66.77660817715596 -0.5
      vertex -65.736771613883 66.81615029022016 -0.5
      vertex -65.79430574540419 66.77660817715596 0.4900000000000002
    endloop
  endfacet
  facet normal 0.566406236924861 -0.8241261886219964 0
    outer loop
      vertex -65.79430574540419 66.77660817715596 0.4900000000000002
      vertex -65.736771613883 66.81615029022016 -0.5
      vertex -65.736771613883 66.81615029022016 0.4900000000000002
    endloop
  endfacet
  facet normal 0.5664062369248609 -0.8241261886219964 0
    outer loop
      vertex -65.79430574540419 66.77660817715596 0.4900000000000002
      vertex -65.736771613883 66.81615029022016 0.4900000000000002
      vertex -65.736771613883 66.81615029022016 0.5
    endloop
  endfacet
  facet normal 0.5664062369248609 -0.8241261886219964 0
    outer loop
      vertex -65.79430574540419 66.77660817715596 0.4900000000000002
      vertex -65.736771613883 66.81615029022016 0.5
      vertex -65.79430574540419 66.77660817715596 0.5
    endloop
  endfacet
  facet normal 0.5519369853120659 0.833885822067163 0
    outer loop
      vertex -65.736771613883 -66.81615029022016 -0.5
      vertex -65.736771613883 -66.81615029022016 0.5
      vertex -65.67855614006011 -66.8546822717817 -0.4900000000000002
    endloop
  endfacet
  facet normal 0.5519369853120659 0.8338858220671631 0
    outer loop
      vertex -65.736771613883 -66.81615029022016 -0.5
      vertex -65.67855614006011 -66.8546822717817 -0.4900000000000002
      vertex -65.67855614006011 -66.8546822717817 -0.5
    endloop
  endfacet
  facet normal 0.5519369853120659 0.8338858220671631 0
    outer loop
      vertex -65.736771613883 -66.81615029022016 0.5
      vertex -65.67855614006011 -66.8546822717817 0.4900000000000002
      vertex -65.67855614006011 -66.8546822717817 -0.4900000000000002
    endloop
  endfacet
  facet normal 0.5519369853120659 0.8338858220671631 0
    outer loop
      vertex -65.736771613883 -66.81615029022016 0.5
      vertex -65.67855614006011 -66.8546822717817 0.5
      vertex -65.67855614006011 -66.8546822717817 0.4900000000000002
    endloop
  endfacet
  facet normal 0.5519369853120658 -0.833885822067163 0
    outer loop
      vertex -65.736771613883 66.81615029022016 -0.5
      vertex -65.67855614006011 66.8546822717817 -0.5
      vertex -65.67855614006011 66.8546822717817 0.4900000000000002
    endloop
  endfacet
  facet normal 0.5519369853120658 -0.833885822067163 0
    outer loop
      vertex -65.736771613883 66.81615029022016 -0.5
      vertex -65.67855614006011 66.8546822717817 0.4900000000000002
      vertex -65.736771613883 66.81615029022016 0.4900000000000002
    endloop
  endfacet
  facet normal 0.5519369853120659 -0.8338858220671631 0
    outer loop
      vertex -65.736771613883 66.81615029022016 0.4900000000000002
      vertex -65.67855614006011 66.8546822717817 0.4900000000000002
      vertex -65.736771613883 66.81615029022016 0.5
    endloop
  endfacet
  facet normal 0.5519369853120659 -0.8338858220671631 0
    outer loop
      vertex -65.736771613883 66.81615029022016 0.5
      vertex -65.67855614006011 66.8546822717817 0.4900000000000002
      vertex -65.67855614006011 66.8546822717817 0.5
    endloop
  endfacet
  facet normal 0.5372996083467428 0.8433914458129373 0
    outer loop
      vertex -65.67855614006011 -66.8546822717817 -0.5
      vertex -65.67855614006011 -66.8546822717817 -0.4900000000000002
      vertex -65.61967705693282 -66.8921923846257 0.4900000000000002
    endloop
  endfacet
  facet normal 0.5372996083467428 0.8433914458129373 0
    outer loop
      vertex -65.67855614006011 -66.8546822717817 -0.5
      vertex -65.61967705693282 -66.8921923846257 0.4900000000000002
      vertex -65.61967705693282 -66.8921923846257 -0.5
    endloop
  endfacet
  facet normal 0.5372996083467428 0.8433914458129373 0
    outer loop
      vertex -65.67855614006011 -66.8546822717817 -0.4900000000000002
      vertex -65.67855614006011 -66.8546822717817 0.4900000000000002
      vertex -65.61967705693282 -66.8921923846257 0.4900000000000002
    endloop
  endfacet
  facet normal 0.5372996083467428 0.8433914458129373 0
    outer loop
      vertex -65.67855614006011 -66.8546822717817 0.4900000000000002
      vertex -65.67855614006011 -66.8546822717817 0.5
      vertex -65.61967705693282 -66.8921923846257 0.5
    endloop
  endfacet
  facet normal 0.5372996083467428 0.8433914458129373 0
    outer loop
      vertex -65.67855614006011 -66.8546822717817 0.4900000000000002
      vertex -65.61967705693282 -66.8921923846257 0.5
      vertex -65.61967705693282 -66.8921923846257 0.4900000000000002
    endloop
  endfacet
  facet normal 0.5372996083467428 -0.8433914458129373 0
    outer loop
      vertex -65.67855614006011 66.8546822717817 -0.5
      vertex -65.61967705693282 66.8921923846257 -0.5
      vertex -65.67855614006011 66.8546822717817 0.4900000000000002
    endloop
  endfacet
  facet normal 0.5372996083467428 -0.8433914458129373 0
    outer loop
      vertex -65.67855614006011 66.8546822717817 0.4900000000000002
      vertex -65.61967705693282 66.8921923846257 -0.5
      vertex -65.67855614006011 66.8546822717817 0.5
    endloop
  endfacet
  facet normal 0.5372996083467428 -0.8433914458129373 0
    outer loop
      vertex -65.67855614006011 66.8546822717817 0.5
      vertex -65.61967705693282 66.8921923846257 -0.5
      vertex -65.61967705693282 66.8921923846257 0.5
    endloop
  endfacet
  facet normal 0.5224985647160489 0.852640164354031 0
    outer loop
      vertex -65.61967705693282 -66.8921923846257 -0.5
      vertex -65.61967705693282 -66.8921923846257 0.4900000000000002
      vertex -65.56015229964022 -66.92866920280845 -0.5
    endloop
  endfacet
  facet normal 0.5224985647160489 0.852640164354031 0
    outer loop
      vertex -65.61967705693282 -66.8921923846257 0.4900000000000002
      vertex -65.61967705693282 -66.8921923846257 0.5
      vertex -65.56015229964022 -66.92866920280845 0.4900000000000002
    endloop
  endfacet
  facet normal 0.5224985647160489 0.852640164354031 0
    outer loop
      vertex -65.61967705693282 -66.8921923846257 0.4900000000000002
      vertex -65.56015229964022 -66.92866920280845 0.4900000000000002
      vertex -65.56015229964022 -66.92866920280845 -0.5
    endloop
  endfacet
  facet normal 0.5224985647160489 0.852640164354031 0
    outer loop
      vertex -65.61967705693282 -66.8921923846257 0.5
      vertex -65.56015229964022 -66.92866920280845 0.5
      vertex -65.56015229964022 -66.92866920280845 0.4900000000000002
    endloop
  endfacet
  facet normal 0.5224985647160489 -0.852640164354031 0
    outer loop
      vertex -65.61967705693282 66.8921923846257 -0.5
      vertex -65.56015229964022 66.92866920280845 -0.5
      vertex -65.56015229964022 66.92866920280845 0.4900000000000002
    endloop
  endfacet
  facet normal 0.5224985647160485 -0.8526401643540312 0
    outer loop
      vertex -65.61967705693282 66.8921923846257 -0.5
      vertex -65.56015229964022 66.92866920280845 0.4900000000000002
      vertex -65.56015229964022 66.92866920280845 0.5
    endloop
  endfacet
  facet normal 0.5224985647160488 -0.8526401643540309 0
    outer loop
      vertex -65.61967705693282 66.8921923846257 -0.5
      vertex -65.56015229964022 66.92866920280845 0.5
      vertex -65.61967705693282 66.8921923846257 0.5
    endloop
  endfacet
  facet normal 0.5075383629606086 0.8616291604415821 0
    outer loop
      vertex -65.56015229964022 -66.92866920280845 -0.5
      vertex -65.56015229964022 -66.92866920280845 0.4900000000000002
      vertex -65.5 -66.96410161513775 0.5
    endloop
  endfacet
  facet normal 0.5075383629606086 0.861629160441582 0
    outer loop
      vertex -65.56015229964022 -66.92866920280845 -0.5
      vertex -65.5 -66.96410161513775 0.5
      vertex -65.5 -66.96410161513775 -0.5
    endloop
  endfacet
  facet normal 0.5075383629606086 0.8616291604415819 0
    outer loop
      vertex -65.56015229964022 -66.92866920280845 0.4900000000000002
      vertex -65.56015229964022 -66.92866920280845 0.5
      vertex -65.5 -66.96410161513775 0.5
    endloop
  endfacet
  facet normal 0.5075383629606086 -0.8616291604415821 0
    outer loop
      vertex -65.56015229964022 66.92866920280845 -0.5
      vertex -65.5 66.96410161513775 -0.5
      vertex -65.5 66.96410161513775 0.4900000000000002
    endloop
  endfacet
  facet normal 0.5075383629606086 -0.8616291604415821 0
    outer loop
      vertex -65.56015229964022 66.92866920280845 -0.5
      vertex -65.5 66.96410161513775 0.4900000000000002
      vertex -65.56015229964022 66.92866920280845 0.4900000000000002
    endloop
  endfacet
  facet normal 0.5075383629606086 -0.8616291604415819 0
    outer loop
      vertex -65.56015229964022 66.92866920280845 0.4900000000000002
      vertex -65.5 66.96410161513775 0.4900000000000002
      vertex -65.56015229964022 66.92866920280845 0.5
    endloop
  endfacet
  facet normal 0.5075383629606086 -0.8616291604415819 0
    outer loop
      vertex -65.56015229964022 66.92866920280845 0.5
      vertex -65.5 66.96410161513775 0.4900000000000002
      vertex -65.5 66.96410161513775 0.5
    endloop
  endfacet
  facet normal 0.4924235601035126 0.8703556959398739 0
    outer loop
      vertex -65.5 -66.96410161513775 -0.5
      vertex -65.5 -66.96410161513775 0.5
      vertex -65.43923848098535 -66.99847882855758 0.4900000000000002
    endloop
  endfacet
  facet normal 0.49242356010351257 0.8703556959398738 0
    outer loop
      vertex -65.5 -66.96410161513775 -0.5
      vertex -65.43923848098535 -66.99847882855758 0.4900000000000002
      vertex -65.43923848098535 -66.99847882855758 -0.5
    endloop
  endfacet
  facet normal 0.4924235601035126 0.8703556959398739 0
    outer loop
      vertex -65.5 -66.96410161513775 0.5
      vertex -65.43923848098535 -66.99847882855758 0.5
      vertex -65.43923848098535 -66.99847882855758 0.4900000000000002
    endloop
  endfacet
  facet normal 0.49242356010351257 -0.8703556959398738 0
    outer loop
      vertex -65.5 66.96410161513775 -0.5
      vertex -65.43923848098535 66.99847882855758 -0.5
      vertex -65.5 66.96410161513775 0.4900000000000002
    endloop
  endfacet
  facet normal 0.49242356010351257 -0.8703556959398738 0
    outer loop
      vertex -65.5 66.96410161513775 0.4900000000000002
      vertex -65.43923848098535 66.99847882855758 -0.5
      vertex -65.43923848098535 66.99847882855758 0.4900000000000002
    endloop
  endfacet
  facet normal 0.4924235601035126 -0.8703556959398739 0
    outer loop
      vertex -65.5 66.96410161513775 0.4900000000000002
      vertex -65.43923848098535 66.99847882855758 0.4900000000000002
      vertex -65.43923848098535 66.99847882855758 0.5
    endloop
  endfacet
  facet normal 0.4924235601035126 -0.8703556959398739 0
    outer loop
      vertex -65.5 66.96410161513775 0.4900000000000002
      vertex -65.43923848098535 66.99847882855758 0.5
      vertex -65.5 66.96410161513775 0.5
    endloop
  endfacet
  facet normal 0.4771587602595873 0.8788171126619769 0
    outer loop
      vertex -65.43923848098535 -66.99847882855758 -0.5
      vertex -65.43923848098535 -66.99847882855758 0.4900000000000002
      vertex -65.37788625114356 -67.0317903714357 -0.5
    endloop
  endfacet
  facet normal 0.47715876025958726 0.8788171126619768 0
    outer loop
      vertex -65.43923848098535 -66.99847882855758 0.4900000000000002
      vertex -65.43923848098535 -66.99847882855758 0.5
      vertex -65.37788625114356 -67.0317903714357 0.5
    endloop
  endfacet
  facet normal 0.4771587602595873 0.8788171126619769 0
    outer loop
      vertex -65.43923848098535 -66.99847882855758 0.4900000000000002
      vertex -65.37788625114356 -67.0317903714357 0.4900000000000002
      vertex -65.37788625114356 -67.0317903714357 -0.5
    endloop
  endfacet
  facet normal 0.47715876025958726 0.8788171126619768 0
    outer loop
      vertex -65.43923848098535 -66.99847882855758 0.4900000000000002
      vertex -65.37788625114356 -67.0317903714357 0.5
      vertex -65.37788625114356 -67.0317903714357 0.4900000000000002
    endloop
  endfacet
  facet normal 0.4771587602595873 -0.8788171126619769 0
    outer loop
      vertex -65.43923848098535 66.99847882855758 -0.5
      vertex -65.37788625114356 67.0317903714357 -0.5
      vertex -65.37788625114356 67.0317903714357 0.4900000000000002
    endloop
  endfacet
  facet normal 0.4771587602595873 -0.8788171126619769 0
    outer loop
      vertex -65.43923848098535 66.99847882855758 -0.5
      vertex -65.37788625114356 67.0317903714357 0.4900000000000002
      vertex -65.43923848098535 66.99847882855758 0.4900000000000002
    endloop
  endfacet
  facet normal 0.47715876025958726 -0.8788171126619768 0
    outer loop
      vertex -65.43923848098535 66.99847882855758 0.4900000000000002
      vertex -65.37788625114356 67.0317903714357 0.4900000000000002
      vertex -65.43923848098535 66.99847882855758 0.5
    endloop
  endfacet
  facet normal 0.47715876025958726 -0.8788171126619768 0
    outer loop
      vertex -65.43923848098535 66.99847882855758 0.5
      vertex -65.37788625114356 67.0317903714357 0.4900000000000002
      vertex -65.37788625114356 67.0317903714357 0.5
    endloop
  endfacet
  facet normal 0.4617486132349977 0.8870108331782407 0
    outer loop
      vertex -65.37788625114356 -67.0317903714357 -0.5
      vertex -65.37788625114356 -67.0317903714357 0.4900000000000002
      vertex -65.31596199895819 -67.06402609675347 0.4900000000000002
    endloop
  endfacet
  facet normal 0.4617486132349977 0.8870108331782407 0
    outer loop
      vertex -65.37788625114356 -67.0317903714357 -0.5
      vertex -65.31596199895819 -67.06402609675347 0.4900000000000002
      vertex -65.31596199895819 -67.06402609675347 -0.5
    endloop
  endfacet
  facet normal 0.46174861323499766 0.8870108331782406 0
    outer loop
      vertex -65.37788625114356 -67.0317903714357 0.4900000000000002
      vertex -65.37788625114356 -67.0317903714357 0.5
      vertex -65.31596199895819 -67.06402609675347 0.4900000000000002
    endloop
  endfacet
  facet normal 0.46174861323499766 0.8870108331782406 0
    outer loop
      vertex -65.37788625114356 -67.0317903714357 0.5
      vertex -65.31596199895819 -67.06402609675347 0.5
      vertex -65.31596199895819 -67.06402609675347 0.4900000000000002
    endloop
  endfacet
  facet normal 0.4617486132349977 -0.8870108331782407 0
    outer loop
      vertex -65.37788625114356 67.0317903714357 -0.5
      vertex -65.31596199895819 67.06402609675347 -0.5
      vertex -65.31596199895819 67.06402609675347 0.4900000000000002
    endloop
  endfacet
  facet normal 0.4617486132349977 -0.8870108331782407 0
    outer loop
      vertex -65.37788625114356 67.0317903714357 -0.5
      vertex -65.31596199895819 67.06402609675347 0.4900000000000002
      vertex -65.37788625114356 67.0317903714357 0.4900000000000002
    endloop
  endfacet
  facet normal 0.46174861323499766 -0.8870108331782406 0
    outer loop
      vertex -65.37788625114356 67.0317903714357 0.4900000000000002
      vertex -65.31596199895819 67.06402609675347 0.4900000000000002
      vertex -65.37788625114356 67.0317903714357 0.5
    endloop
  endfacet
  facet normal 0.46174861323499766 -0.8870108331782406 0
    outer loop
      vertex -65.37788625114356 67.0317903714357 0.5
      vertex -65.31596199895819 67.06402609675347 0.4900000000000002
      vertex -65.31596199895819 67.06402609675347 0.5
    endloop
  endfacet
  facet normal 0.446197813109815 0.894934361602022 0
    outer loop
      vertex -65.31596199895819 -67.06402609675347 -0.5
      vertex -65.31596199895819 -67.06402609675347 0.4900000000000002
      vertex -65.25348458715631 -67.09517618519666 -0.5
    endloop
  endfacet
  facet normal 0.44619781310981493 0.8949343616020219 0
    outer loop
      vertex -65.31596199895819 -67.06402609675347 0.4900000000000002
      vertex -65.31596199895819 -67.06402609675347 0.5
      vertex -65.25348458715631 -67.09517618519666 0.5
    endloop
  endfacet
  facet normal 0.446197813109815 0.894934361602022 0
    outer loop
      vertex -65.31596199895819 -67.06402609675347 0.4900000000000002
      vertex -65.25348458715631 -67.09517618519666 0.4900000000000002
      vertex -65.25348458715631 -67.09517618519666 -0.5
    endloop
  endfacet
  facet normal 0.44619781310981493 0.8949343616020219 0
    outer loop
      vertex -65.31596199895819 -67.06402609675347 0.4900000000000002
      vertex -65.25348458715631 -67.09517618519666 0.5
      vertex -65.25348458715631 -67.09517618519666 0.4900000000000002
    endloop
  endfacet
  facet normal 0.446197813109815 -0.894934361602022 0
    outer loop
      vertex -65.31596199895819 67.06402609675347 -0.5
      vertex -65.25348458715631 67.09517618519666 -0.5
      vertex -65.31596199895819 67.06402609675347 0.4900000000000002
    endloop
  endfacet
  facet normal 0.446197813109815 -0.894934361602022 0
    outer loop
      vertex -65.31596199895819 67.06402609675347 0.4900000000000002
      vertex -65.25348458715631 67.09517618519666 -0.5
      vertex -65.25348458715631 67.09517618519666 0.4900000000000002
    endloop
  endfacet
  facet normal 0.44619781310981493 -0.8949343616020219 0
    outer loop
      vertex -65.31596199895819 67.06402609675347 0.4900000000000002
      vertex -65.25348458715631 67.09517618519666 0.4900000000000002
      vertex -65.25348458715631 67.09517618519666 0.5
    endloop
  endfacet
  facet normal 0.44619781310981493 -0.8949343616020219 0
    outer loop
      vertex -65.31596199895819 67.06402609675347 0.4900000000000002
      vertex -65.25348458715631 67.09517618519666 0.5
      vertex -65.31596199895819 67.06402609675347 0.5
    endloop
  endfacet
  facet normal 0.4305110968082942 0.9025852843498611 0
    outer loop
      vertex -65.25348458715631 -67.09517618519666 -0.5
      vertex -65.25348458715631 -67.09517618519666 0.4900000000000002
      vertex -65.1904730469628 -67.1252311481466 0.5
    endloop
  endfacet
  facet normal 0.43051109680829425 0.9025852843498612 0
    outer loop
      vertex -65.25348458715631 -67.09517618519666 -0.5
      vertex -65.1904730469628 -67.1252311481466 0.5
      vertex -65.1904730469628 -67.1252311481466 -0.5
    endloop
  endfacet
  facet normal 0.4305110968082942 0.9025852843498611 0
    outer loop
      vertex -65.25348458715631 -67.09517618519666 0.4900000000000002
      vertex -65.25348458715631 -67.09517618519666 0.5
      vertex -65.1904730469628 -67.1252311481466 0.5
    endloop
  endfacet
  facet normal 0.43051109680829425 -0.9025852843498612 0
    outer loop
      vertex -65.25348458715631 67.09517618519666 -0.5
      vertex -65.1904730469628 67.1252311481466 -0.5
      vertex -65.1904730469628 67.1252311481466 0.5
    endloop
  endfacet
  facet normal 0.4305110968082942 -0.9025852843498611 0
    outer loop
      vertex -65.25348458715631 67.09517618519666 -0.5
      vertex -65.1904730469628 67.1252311481466 0.5
      vertex -65.25348458715631 67.09517618519666 0.4900000000000002
    endloop
  endfacet
  facet normal 0.4305110968082942 -0.9025852843498611 0
    outer loop
      vertex -65.25348458715631 67.09517618519666 0.4900000000000002
      vertex -65.1904730469628 67.1252311481466 0.5
      vertex -65.25348458715631 67.09517618519666 0.5
    endloop
  endfacet
  facet normal 0.41469324265633606 0.9099612708764989 0
    outer loop
      vertex -65.1904730469628 -67.1252311481466 -0.5
      vertex -65.1904730469628 -67.1252311481466 0.5
      vertex -65.1269465723032 -67.15418183057041 -0.5
    endloop
  endfacet
  facet normal 0.41469324265633606 0.9099612708764989 0
    outer loop
      vertex -65.1904730469628 -67.1252311481466 0.5
      vertex -65.1269465723032 -67.15418183057041 0.5
      vertex -65.1269465723032 -67.15418183057041 -0.5
    endloop
  endfacet
  facet normal 0.41469324265633606 -0.9099612708764989 0
    outer loop
      vertex -65.1904730469628 67.1252311481466 -0.5
      vertex -65.1269465723032 67.15418183057041 -0.5
      vertex -65.1904730469628 67.1252311481466 0.5
    endloop
  endfacet
  facet normal 0.414693242656336 -0.9099612708764989 0
    outer loop
      vertex -65.1904730469628 67.1252311481466 0.5
      vertex -65.1269465723032 67.15418183057041 -0.5
      vertex -65.1269465723032 67.15418183057041 0.4900000000000002
    endloop
  endfacet
  facet normal 0.414693242656336 -0.909961270876499 0
    outer loop
      vertex -65.1904730469628 67.1252311481466 0.5
      vertex -65.1269465723032 67.15418183057041 0.4900000000000002
      vertex -65.1269465723032 67.15418183057041 0.5
    endloop
  endfacet
  facet normal 0.39874906892515527 0.9170600743851635 0
    outer loop
      vertex -65.1269465723032 -67.15418183057041 -0.5
      vertex -65.1269465723032 -67.15418183057041 0.5
      vertex -65.0629245139571 -67.18201941380975 -0.5
    endloop
  endfacet
  facet normal 0.39874906892515527 0.9170600743851635 0
    outer loop
      vertex -65.1269465723032 -67.15418183057041 0.5
      vertex -65.0629245139571 -67.18201941380975 0.5
      vertex -65.0629245139571 -67.18201941380975 -0.5
    endloop
  endfacet
  facet normal 0.39874906892515527 -0.9170600743851636 0
    outer loop
      vertex -65.1269465723032 67.15418183057041 -0.5
      vertex -65.0629245139571 67.18201941380975 -0.5
      vertex -65.1269465723032 67.15418183057041 0.4900000000000002
    endloop
  endfacet
  facet normal 0.39874906892515527 -0.9170600743851636 0
    outer loop
      vertex -65.1269465723032 67.15418183057041 0.4900000000000002
      vertex -65.0629245139571 67.18201941380975 -0.5
      vertex -65.0629245139571 67.18201941380975 0.4900000000000002
    endloop
  endfacet
  facet normal 0.3987490689251553 -0.9170600743851636 0
    outer loop
      vertex -65.1269465723032 67.15418183057041 0.4900000000000002
      vertex -65.0629245139571 67.18201941380975 0.4900000000000002
      vertex -65.0629245139571 67.18201941380975 0.5
    endloop
  endfacet
  facet normal 0.3987490689251553 -0.9170600743851636 0
    outer loop
      vertex -65.1269465723032 67.15418183057041 0.4900000000000002
      vertex -65.0629245139571 67.18201941380975 0.5
      vertex -65.1269465723032 67.15418183057041 0.5
    endloop
  endfacet
  facet normal 0.38268343236518804 0.9238795325112461 0
    outer loop
      vertex -65.0629245139571 -67.18201941380975 -0.5
      vertex -65.0629245139571 -67.18201941380975 0.5
      vertex -64.99842637366365 -67.20873541826715 0.5
    endloop
  endfacet
  facet normal 0.38268343236518804 0.9238795325112461 0
    outer loop
      vertex -65.0629245139571 -67.18201941380975 -0.5
      vertex -64.99842637366365 -67.20873541826715 0.5
      vertex -64.99842637366365 -67.20873541826715 -0.5
    endloop
  endfacet
  facet normal 0.38268343236518804 -0.9238795325112461 0
    outer loop
      vertex -65.0629245139571 67.18201941380975 -0.5
      vertex -64.99842637366365 67.20873541826715 -0.5
      vertex -65.0629245139571 67.18201941380975 0.4900000000000002
    endloop
  endfacet
  facet normal 0.3826834323651879 -0.923879532511246 0
    outer loop
      vertex -65.0629245139571 67.18201941380975 0.4900000000000002
      vertex -64.99842637366365 67.20873541826715 -0.5
      vertex -65.0629245139571 67.18201941380975 0.5
    endloop
  endfacet
  facet normal 0.38268343236518804 -0.9238795325112461 0
    outer loop
      vertex -65.0629245139571 67.18201941380975 0.5
      vertex -64.99842637366365 67.20873541826715 -0.5
      vertex -64.99842637366365 67.20873541826715 0.5
    endloop
  endfacet
  facet normal 0.36650122672422997 0.930417567982051 0
    outer loop
      vertex -64.99842637366365 -67.20873541826715 -0.5
      vertex -64.99842637366365 -67.20873541826715 0.5
      vertex -64.9334717981812 -67.2343217059888 -0.4900000000000002
    endloop
  endfacet
  facet normal 0.36650122672422997 0.9304175679820511 0
    outer loop
      vertex -64.99842637366365 -67.20873541826715 -0.5
      vertex -64.9334717981812 -67.2343217059888 -0.4900000000000002
      vertex -64.9334717981812 -67.2343217059888 -0.5
    endloop
  endfacet
  facet normal 0.3665012267242299 0.9304175679820511 0
    outer loop
      vertex -64.99842637366365 -67.20873541826715 0.5
      vertex -64.9334717981812 -67.2343217059888 0.5
      vertex -64.9334717981812 -67.2343217059888 -0.4900000000000002
    endloop
  endfacet
  facet normal 0.36650122672422997 -0.930417567982051 0
    outer loop
      vertex -64.99842637366365 67.20873541826715 -0.5
      vertex -64.9334717981812 67.2343217059888 -0.5
      vertex -64.9334717981812 67.2343217059888 0.5
    endloop
  endfacet
  facet normal 0.36650122672422997 -0.930417567982051 0
    outer loop
      vertex -64.99842637366365 67.20873541826715 -0.5
      vertex -64.9334717981812 67.2343217059888 0.5
      vertex -64.99842637366365 67.20873541826715 0.5
    endloop
  endfacet
  facet normal 0.35020738125952716 0.9366721892483753 0
    outer loop
      vertex -64.9334717981812 -67.2343217059888 -0.5
      vertex -64.9334717981812 -67.2343217059888 -0.4900000000000002
      vertex -64.86808057330268 -67.25877048314364 0.5
    endloop
  endfacet
  facet normal 0.3502073812595272 0.9366721892483754 0
    outer loop
      vertex -64.9334717981812 -67.2343217059888 -0.5
      vertex -64.86808057330268 -67.25877048314364 0.5
      vertex -64.86808057330268 -67.25877048314364 -0.5
    endloop
  endfacet
  facet normal 0.3502073812595273 0.9366721892483754 0
    outer loop
      vertex -64.9334717981812 -67.2343217059888 -0.4900000000000002
      vertex -64.9334717981812 -67.2343217059888 0.5
      vertex -64.86808057330268 -67.25877048314364 0.5
    endloop
  endfacet
  facet normal 0.3502073812595272 -0.9366721892483754 0
    outer loop
      vertex -64.9334717981812 67.2343217059888 -0.5
      vertex -64.86808057330268 67.25877048314364 -0.5
      vertex -64.9334717981812 67.2343217059888 0.5
    endloop
  endfacet
  facet normal 0.3502073812595272 -0.9366721892483754 0
    outer loop
      vertex -64.9334717981812 67.2343217059888 0.5
      vertex -64.86808057330268 67.25877048314364 -0.5
      vertex -64.86808057330268 67.25877048314364 0.5
    endloop
  endfacet
  facet normal 0.33380685923364767 0.9426414910922222 0
    outer loop
      vertex -64.86808057330268 -67.25877048314364 -0.5
      vertex -64.86808057330268 -67.25877048314364 0.5
      vertex -64.80227261782862 -67.28207430239726 -0.5
    endloop
  endfacet
  facet normal 0.33380685923364767 0.9426414910922222 0
    outer loop
      vertex -64.86808057330268 -67.25877048314364 0.5
      vertex -64.80227261782862 -67.28207430239726 0.5
      vertex -64.80227261782862 -67.28207430239726 -0.5
    endloop
  endfacet
  facet normal 0.33380685923364767 -0.9426414910922222 0
    outer loop
      vertex -64.86808057330268 67.25877048314364 -0.5
      vertex -64.80227261782862 67.28207430239726 -0.5
      vertex -64.86808057330268 67.25877048314364 0.5
    endloop
  endfacet
  facet normal 0.33380685923364767 -0.9426414910922222 0
    outer loop
      vertex -64.86808057330268 67.25877048314364 0.5
      vertex -64.80227261782862 67.28207430239726 -0.5
      vertex -64.80227261782862 67.28207430239726 0.5
    endloop
  endfacet
  facet normal 0.31730465640516825 0.9483236552061739 0
    outer loop
      vertex -64.80227261782862 -67.28207430239726 -0.5
      vertex -64.80227261782862 -67.28207430239726 0.5
      vertex -64.73606797749979 -67.30422606518061 0.5
    endloop
  endfacet
  facet normal 0.31730465640516825 0.9483236552061739 0
    outer loop
      vertex -64.80227261782862 -67.28207430239726 -0.5
      vertex -64.73606797749979 -67.30422606518061 0.5
      vertex -64.73606797749979 -67.30422606518061 -0.5
    endloop
  endfacet
  facet normal 0.31730465640516825 -0.9483236552061739 0
    outer loop
      vertex -64.80227261782862 67.28207430239726 -0.5
      vertex -64.73606797749979 67.30422606518061 -0.5
      vertex -64.73606797749979 67.30422606518061 0.5
    endloop
  endfacet
  facet normal 0.31730465640516825 -0.9483236552061739 0
    outer loop
      vertex -64.80227261782862 67.28207430239726 -0.5
      vertex -64.73606797749979 67.30422606518061 0.5
      vertex -64.80227261782862 67.28207430239726 0.5
    endloop
  endfacet
  facet normal 0.3007057995042804 0.9537169507482246 0
    outer loop
      vertex -64.73606797749979 -67.30422606518061 -0.5
      vertex -64.73606797749979 -67.30422606518061 0.5
      vertex -64.66948681889095 -67.32521902385214 -0.5
    endloop
  endfacet
  facet normal 0.3007057995042804 0.9537169507482246 0
    outer loop
      vertex -64.73606797749979 -67.30422606518061 0.5
      vertex -64.66948681889095 -67.32521902385214 0.4900000000000002
      vertex -64.66948681889095 -67.32521902385214 -0.5
    endloop
  endfacet
  facet normal 0.3007057995042804 0.9537169507482246 0
    outer loop
      vertex -64.73606797749979 -67.30422606518061 0.5
      vertex -64.66948681889095 -67.32521902385214 0.5
      vertex -64.66948681889095 -67.32521902385214 0.4900000000000002
    endloop
  endfacet
  facet normal 0.3007057995042804 -0.9537169507482246 0
    outer loop
      vertex -64.73606797749979 67.30422606518061 -0.5
      vertex -64.66948681889095 67.32521902385214 -0.5
      vertex -64.66948681889095 67.32521902385214 0.4900000000000002
    endloop
  endfacet
  facet normal 0.3007057995042825 -0.9537169507482238 0
    outer loop
      vertex -64.73606797749979 67.30422606518061 -0.5
      vertex -64.66948681889095 67.32521902385214 0.4900000000000002
      vertex -64.66948681889095 67.32521902385214 0.5
    endloop
  endfacet
  facet normal 0.3007057995042804 -0.9537169507482246 0
    outer loop
      vertex -64.73606797749979 67.30422606518061 -0.5
      vertex -64.66948681889095 67.32521902385214 0.5
      vertex -64.73606797749979 67.30422606518061 0.5
    endloop
  endfacet
  facet normal 0.2840153447039467 0.9588197348681858 0
    outer loop
      vertex -64.66948681889095 -67.32521902385214 -0.5
      vertex -64.66948681889095 -67.32521902385214 0.4900000000000002
      vertex -64.602549423268 -67.34504678375328 -0.5
    endloop
  endfacet
  facet normal 0.28401534470394674 0.958819734868186 0
    outer loop
      vertex -64.66948681889095 -67.32521902385214 0.4900000000000002
      vertex -64.66948681889095 -67.32521902385214 0.5
      vertex -64.602549423268 -67.34504678375328 0.4900000000000002
    endloop
  endfacet
  facet normal 0.2840153447039467 0.9588197348681858 0
    outer loop
      vertex -64.66948681889095 -67.32521902385214 0.4900000000000002
      vertex -64.602549423268 -67.34504678375328 0.4900000000000002
      vertex -64.602549423268 -67.34504678375328 -0.5
    endloop
  endfacet
  facet normal 0.28401534470394674 0.958819734868186 0
    outer loop
      vertex -64.66948681889095 -67.32521902385214 0.5
      vertex -64.602549423268 -67.34504678375328 0.5
      vertex -64.602549423268 -67.34504678375328 0.4900000000000002
    endloop
  endfacet
  facet normal 0.2840153447039467 -0.9588197348681858 0
    outer loop
      vertex -64.66948681889095 67.32521902385214 -0.5
      vertex -64.602549423268 67.34504678375328 -0.5
      vertex -64.66948681889095 67.32521902385214 0.4900000000000002
    endloop
  endfacet
  facet normal 0.2840153447039467 -0.9588197348681858 0
    outer loop
      vertex -64.66948681889095 67.32521902385214 0.4900000000000002
      vertex -64.602549423268 67.34504678375328 -0.5
      vertex -64.602549423268 67.34504678375328 0.4900000000000002
    endloop
  endfacet
  facet normal 0.28401534470394674 -0.958819734868186 0
    outer loop
      vertex -64.66948681889095 67.32521902385214 0.4900000000000002
      vertex -64.602549423268 67.34504678375328 0.4900000000000002
      vertex -64.66948681889095 67.32521902385214 0.5
    endloop
  endfacet
  facet normal 0.28401534470394674 -0.958819734868186 0
    outer loop
      vertex -64.66948681889095 67.32521902385214 0.5
      vertex -64.602549423268 67.34504678375328 0.4900000000000002
      vertex -64.602549423268 67.34504678375328 0.5
    endloop
  endfacet
  facet normal 0.2672383760782895 0.9636304532086138 0
    outer loop
      vertex -64.602549423268 -67.34504678375328 -0.5
      vertex -64.602549423268 -67.34504678375328 0.4900000000000002
      vertex -64.53527618041008 -67.36370330515628 -0.5
    endloop
  endfacet
  facet normal 0.26723837607828954 0.963630453208614 0
    outer loop
      vertex -64.602549423268 -67.34504678375328 0.4900000000000002
      vertex -64.602549423268 -67.34504678375328 0.5
      vertex -64.53527618041008 -67.36370330515628 0.5
    endloop
  endfacet
  facet normal 0.2672383760782895 0.9636304532086138 0
    outer loop
      vertex -64.602549423268 -67.34504678375328 0.4900000000000002
      vertex -64.53527618041008 -67.36370330515628 0.4900000000000002
      vertex -64.53527618041008 -67.36370330515628 -0.5
    endloop
  endfacet
  facet normal 0.26723837607828954 0.963630453208614 0
    outer loop
      vertex -64.602549423268 -67.34504678375328 0.4900000000000002
      vertex -64.53527618041008 -67.36370330515628 0.5
      vertex -64.53527618041008 -67.36370330515628 0.4900000000000002
    endloop
  endfacet
  facet normal 0.2672383760782895 -0.9636304532086138 0
    outer loop
      vertex -64.602549423268 67.34504678375328 -0.5
      vertex -64.53527618041008 67.36370330515628 -0.5
      vertex -64.602549423268 67.34504678375328 0.4900000000000002
    endloop
  endfacet
  facet normal 0.2672383760782895 -0.9636304532086138 0
    outer loop
      vertex -64.602549423268 67.34504678375328 0.4900000000000002
      vertex -64.53527618041008 67.36370330515628 -0.5
      vertex -64.53527618041008 67.36370330515628 0.4900000000000002
    endloop
  endfacet
  facet normal 0.26723837607828954 -0.963630453208614 0
    outer loop
      vertex -64.602549423268 67.34504678375328 0.4900000000000002
      vertex -64.53527618041008 67.36370330515628 0.4900000000000002
      vertex -64.53527618041008 67.36370330515628 0.5
    endloop
  endfacet
  facet normal 0.26723837607828954 -0.963630453208614 0
    outer loop
      vertex -64.602549423268 67.34504678375328 0.4900000000000002
      vertex -64.53527618041008 67.36370330515628 0.5
      vertex -64.602549423268 67.34504678375328 0.5
    endloop
  endfacet
  facet normal 0.2503800040543463 0.9681476403781325 0
    outer loop
      vertex -64.53527618041008 -67.36370330515628 -0.5
      vertex -64.53527618041008 -67.36370330515628 0.4900000000000002
      vertex -64.46768758239867 -67.38118290510398 0.4900000000000002
    endloop
  endfacet
  facet normal 0.2503800040543463 0.9681476403781325 0
    outer loop
      vertex -64.53527618041008 -67.36370330515628 -0.5
      vertex -64.46768758239867 -67.38118290510398 0.4900000000000002
      vertex -64.46768758239867 -67.38118290510398 -0.5
    endloop
  endfacet
  facet normal 0.2503800040543463 0.9681476403781324 0
    outer loop
      vertex -64.53527618041008 -67.36370330515628 0.4900000000000002
      vertex -64.53527618041008 -67.36370330515628 0.5
      vertex -64.46768758239867 -67.38118290510398 0.5
    endloop
  endfacet
  facet normal 0.2503800040543463 0.9681476403781324 0
    outer loop
      vertex -64.53527618041008 -67.36370330515628 0.4900000000000002
      vertex -64.46768758239867 -67.38118290510398 0.5
      vertex -64.46768758239867 -67.38118290510398 0.4900000000000002
    endloop
  endfacet
  facet normal 0.2503800040543463 -0.9681476403781325 0
    outer loop
      vertex -64.53527618041008 67.36370330515628 -0.5
      vertex -64.46768758239867 67.38118290510398 -0.5
      vertex -64.46768758239867 67.38118290510398 0.4900000000000002
    endloop
  endfacet
  facet normal 0.2503800040543463 -0.9681476403781325 0
    outer loop
      vertex -64.53527618041008 67.36370330515628 -0.5
      vertex -64.46768758239867 67.38118290510398 0.4900000000000002
      vertex -64.53527618041008 67.36370330515628 0.4900000000000002
    endloop
  endfacet
  facet normal 0.2503800040543463 -0.9681476403781324 0
    outer loop
      vertex -64.53527618041008 67.36370330515628 0.4900000000000002
      vertex -64.46768758239867 67.38118290510398 0.4900000000000002
      vertex -64.53527618041008 67.36370330515628 0.5
    endloop
  endfacet
  facet normal 0.2503800040543463 -0.9681476403781324 0
    outer loop
      vertex -64.53527618041008 67.36370330515628 0.5
      vertex -64.46768758239867 67.38118290510398 0.4900000000000002
      vertex -64.46768758239867 67.38118290510398 0.5
    endloop
  endfacet
  facet normal 0.2334453638558606 0.9723699203976873 0
    outer loop
      vertex -64.46768758239867 -67.38118290510398 -0.5
      vertex -64.46768758239867 -67.38118290510398 0.4900000000000002
      vertex -64.39980421737546 -67.39748025914093 -0.5
    endloop
  endfacet
  facet normal 0.2334453638558606 0.9723699203976874 0
    outer loop
      vertex -64.46768758239867 -67.38118290510398 0.4900000000000002
      vertex -64.46768758239867 -67.38118290510398 0.5
      vertex -64.39980421737546 -67.39748025914093 -0.5
    endloop
  endfacet
  facet normal 0.2334453638558606 0.9723699203976873 0
    outer loop
      vertex -64.46768758239867 -67.38118290510398 0.5
      vertex -64.39980421737546 -67.39748025914093 0.5
      vertex -64.39980421737546 -67.39748025914093 -0.5
    endloop
  endfacet
  facet normal 0.2334453638558606 -0.9723699203976873 0
    outer loop
      vertex -64.46768758239867 67.38118290510398 -0.5
      vertex -64.39980421737546 67.39748025914093 -0.5
      vertex -64.39980421737546 67.39748025914093 0.4900000000000002
    endloop
  endfacet
  facet normal 0.2334453638558606 -0.9723699203976873 0
    outer loop
      vertex -64.46768758239867 67.38118290510398 -0.5
      vertex -64.39980421737546 67.39748025914093 0.4900000000000002
      vertex -64.46768758239867 67.38118290510398 0.4900000000000002
    endloop
  endfacet
  facet normal 0.2334453638558606 -0.9723699203976874 0
    outer loop
      vertex -64.46768758239867 67.38118290510398 0.4900000000000002
      vertex -64.39980421737546 67.39748025914093 0.4900000000000002
      vertex -64.46768758239867 67.38118290510398 0.5
    endloop
  endfacet
  facet normal 0.2334453638558606 -0.9723699203976874 0
    outer loop
      vertex -64.46768758239867 67.38118290510398 0.5
      vertex -64.39980421737546 67.39748025914093 0.4900000000000002
      vertex -64.39980421737546 67.39748025914093 0.5
    endloop
  endfacet
  facet normal 0.21643961393819533 0.9762960071199128 0
    outer loop
      vertex -64.39980421737546 -67.39748025914093 -0.5
      vertex -64.39980421737546 -67.39748025914093 0.5
      vertex -64.33164676327104 -67.41259040293522 -0.5
    endloop
  endfacet
  facet normal 0.21643961393819533 0.9762960071199128 0
    outer loop
      vertex -64.39980421737546 -67.39748025914093 0.5
      vertex -64.33164676327104 -67.41259040293522 0.5
      vertex -64.33164676327104 -67.41259040293522 -0.5
    endloop
  endfacet
  facet normal 0.21643961393819533 -0.9762960071199129 0
    outer loop
      vertex -64.39980421737546 67.39748025914093 -0.5
      vertex -64.33164676327104 67.41259040293522 -0.5
      vertex -64.39980421737546 67.39748025914093 0.4900000000000002
    endloop
  endfacet
  facet normal 0.21643961393819533 -0.9762960071199129 0
    outer loop
      vertex -64.39980421737546 67.39748025914093 0.4900000000000002
      vertex -64.33164676327104 67.41259040293522 -0.5
      vertex -64.33164676327104 67.41259040293522 0.4900000000000002
    endloop
  endfacet
  facet normal 0.2164396139381953 -0.9762960071199128 0
    outer loop
      vertex -64.39980421737546 67.39748025914093 0.4900000000000002
      vertex -64.33164676327104 67.41259040293522 0.4900000000000002
      vertex -64.33164676327104 67.41259040293522 0.5
    endloop
  endfacet
  facet normal 0.2164396139381953 -0.9762960071199128 0
    outer loop
      vertex -64.39980421737546 67.39748025914093 0.4900000000000002
      vertex -64.33164676327104 67.41259040293522 0.5
      vertex -64.39980421737546 67.39748025914093 0.5
    endloop
  endfacet
  facet normal 0.19936793441719536 0.9799247046208299 0
    outer loop
      vertex -64.33164676327104 -67.41259040293522 -0.5
      vertex -64.33164676327104 -67.41259040293522 0.5
      vertex -64.26323598150618 -67.42650873379066 0.5
    endloop
  endfacet
  facet normal 0.19936793441719536 0.9799247046208301 0
    outer loop
      vertex -64.33164676327104 -67.41259040293522 -0.5
      vertex -64.26323598150618 -67.42650873379066 0.4900000000000002
      vertex -64.26323598150618 -67.42650873379066 -0.5
    endloop
  endfacet
  facet normal 0.19936793441719686 0.9799247046208297 0
    outer loop
      vertex -64.33164676327104 -67.41259040293522 -0.5
      vertex -64.26323598150618 -67.42650873379066 0.5
      vertex -64.26323598150618 -67.42650873379066 0.4900000000000002
    endloop
  endfacet
  facet normal 0.19936793441719533 -0.9799247046208299 0
    outer loop
      vertex -64.33164676327104 67.41259040293522 -0.5
      vertex -64.26323598150618 67.42650873379066 -0.5
      vertex -64.26323598150618 67.42650873379066 -0.4900000000000002
    endloop
  endfacet
  facet normal 0.19936793441719536 -0.9799247046208301 0
    outer loop
      vertex -64.33164676327104 67.41259040293522 -0.5
      vertex -64.26323598150618 67.42650873379066 -0.4900000000000002
      vertex -64.33164676327104 67.41259040293522 0.4900000000000002
    endloop
  endfacet
  facet normal 0.19936793441719533 -0.9799247046208299 0
    outer loop
      vertex -64.33164676327104 67.41259040293522 0.4900000000000002
      vertex -64.26323598150618 67.42650873379066 -0.4900000000000002
      vertex -64.33164676327104 67.41259040293522 0.5
    endloop
  endfacet
  facet normal 0.19936793441719536 -0.9799247046208301 0
    outer loop
      vertex -64.33164676327104 67.41259040293522 0.5
      vertex -64.26323598150618 67.42650873379066 -0.4900000000000002
      vertex -64.26323598150618 67.42650873379066 0.5
    endloop
  endfacet
  facet normal 0.1822355254921951 0.9832549075639458 0
    outer loop
      vertex -64.26323598150618 -67.42650873379066 -0.5
      vertex -64.26323598150618 -67.42650873379066 0.4900000000000002
      vertex -64.19459271066772 -67.43923101204884 0.4900000000000002
    endloop
  endfacet
  facet normal 0.1822355254921951 0.9832549075639458 0
    outer loop
      vertex -64.26323598150618 -67.42650873379066 -0.5
      vertex -64.19459271066772 -67.43923101204884 0.4900000000000002
      vertex -64.19459271066772 -67.43923101204884 -0.5
    endloop
  endfacet
  facet normal 0.18223552549219507 0.9832549075639457 0
    outer loop
      vertex -64.26323598150618 -67.42650873379066 0.4900000000000002
      vertex -64.26323598150618 -67.42650873379066 0.5
      vertex -64.19459271066772 -67.43923101204884 0.4900000000000002
    endloop
  endfacet
  facet normal 0.18223552549219507 0.9832549075639457 0
    outer loop
      vertex -64.26323598150618 -67.42650873379066 0.5
      vertex -64.19459271066772 -67.43923101204884 0.5
      vertex -64.19459271066772 -67.43923101204884 0.4900000000000002
    endloop
  endfacet
  facet normal 0.18223552549219507 -0.9832549075639457 0
    outer loop
      vertex -64.26323598150618 67.42650873379066 -0.5
      vertex -64.19459271066772 67.43923101204884 -0.5
      vertex -64.26323598150618 67.42650873379066 -0.4900000000000002
    endloop
  endfacet
  facet normal 0.18223552549219507 -0.9832549075639457 0
    outer loop
      vertex -64.26323598150618 67.42650873379066 -0.4900000000000002
      vertex -64.19459271066772 67.43923101204884 -0.5
      vertex -64.19459271066772 67.43923101204884 -0.4900000000000002
    endloop
  endfacet
  facet normal 0.1822355254921951 -0.9832549075639458 0
    outer loop
      vertex -64.26323598150618 67.42650873379066 -0.4900000000000002
      vertex -64.19459271066772 67.43923101204884 -0.4900000000000002
      vertex -64.19459271066772 67.43923101204884 0.5
    endloop
  endfacet
  facet normal 0.1822355254921951 -0.9832549075639458 0
    outer loop
      vertex -64.26323598150618 67.42650873379066 -0.4900000000000002
      vertex -64.19459271066772 67.43923101204884 0.5
      vertex -64.26323598150618 67.42650873379066 0.5
    endloop
  endfacet
  facet normal 0.1650476058606567 0.9862856015372349 0
    outer loop
      vertex -64.19459271066772 -67.43923101204884 -0.5
      vertex -64.19459271066772 -67.43923101204884 0.4900000000000002
      vertex -64.12573786016092 -67.45075336238055 -0.5
    endloop
  endfacet
  facet normal 0.16504760586065667 0.986285601537235 0
    outer loop
      vertex -64.19459271066772 -67.43923101204884 0.4900000000000002
      vertex -64.19459271066772 -67.43923101204884 0.5
      vertex -64.12573786016092 -67.45075336238055 -0.5
    endloop
  endfacet
  facet normal 0.1650476058606567 0.9862856015372349 0
    outer loop
      vertex -64.19459271066772 -67.43923101204884 0.5
      vertex -64.12573786016092 -67.45075336238055 0.5
      vertex -64.12573786016092 -67.45075336238055 -0.5
    endloop
  endfacet
  facet normal 0.16504760586065667 -0.986285601537235 0
    outer loop
      vertex -64.19459271066772 67.43923101204884 -0.5
      vertex -64.12573786016092 67.45075336238055 -0.5
      vertex -64.12573786016092 67.45075336238055 -0.4900000000000002
    endloop
  endfacet
  facet normal 0.16504760586065667 -0.986285601537235 0
    outer loop
      vertex -64.19459271066772 67.43923101204884 -0.5
      vertex -64.12573786016092 67.45075336238055 -0.4900000000000002
      vertex -64.19459271066772 67.43923101204884 -0.4900000000000002
    endloop
  endfacet
  facet normal 0.1650476058606567 -0.9862856015372349 0
    outer loop
      vertex -64.19459271066772 67.43923101204884 -0.4900000000000002
      vertex -64.12573786016092 67.45075336238055 -0.4900000000000002
      vertex -64.12573786016092 67.45075336238055 0.5
    endloop
  endfacet
  facet normal 0.1650476058606567 -0.9862856015372349 0
    outer loop
      vertex -64.19459271066772 67.43923101204884 -0.4900000000000002
      vertex -64.12573786016092 67.45075336238055 0.5
      vertex -64.19459271066772 67.43923101204884 0.5
    endloop
  endfacet
  facet normal 0.1478094111296148 0.9890158633619163 0
    outer loop
      vertex -64.12573786016092 -67.45075336238055 -0.5
      vertex -64.12573786016092 -67.45075336238055 0.5
      vertex -64.05669240384026 -67.46107227496628 0.5
    endloop
  endfacet
  facet normal 0.1478094111296148 0.9890158633619162 0
    outer loop
      vertex -64.12573786016092 -67.45075336238055 -0.5
      vertex -64.05669240384026 -67.46107227496628 0.4900000000000002
      vertex -64.05669240384026 -67.46107227496628 -0.5
    endloop
  endfacet
  facet normal 0.14780941112961565 0.9890158633619162 0
    outer loop
      vertex -64.12573786016092 -67.45075336238055 -0.5
      vertex -64.05669240384026 -67.46107227496628 0.5
      vertex -64.05669240384026 -67.46107227496628 0.4900000000000002
    endloop
  endfacet
  facet normal 0.1478094111296148 -0.9890158633619162 0
    outer loop
      vertex -64.12573786016092 67.45075336238055 -0.5
      vertex -64.05669240384026 67.46107227496628 -0.5
      vertex -64.05669240384026 67.46107227496628 -0.4900000000000002
    endloop
  endfacet
  facet normal 0.1478094111296148 -0.9890158633619162 0
    outer loop
      vertex -64.12573786016092 67.45075336238055 -0.5
      vertex -64.05669240384026 67.46107227496628 -0.4900000000000002
      vertex -64.05669240384026 67.46107227496628 0.5
    endloop
  endfacet
  facet normal 0.1478094111296148 -0.9890158633619162 0
    outer loop
      vertex -64.12573786016092 67.45075336238055 -0.5
      vertex -64.05669240384026 67.46107227496628 0.5
      vertex -64.12573786016092 67.45075336238055 -0.4900000000000002
    endloop
  endfacet
  facet normal 0.1478094111296148 -0.9890158633619162 0
    outer loop
      vertex -64.12573786016092 67.45075336238055 -0.4900000000000002
      vertex -64.05669240384026 67.46107227496628 0.5
      vertex -64.12573786016092 67.45075336238055 0.5
    endloop
  endfacet
  facet normal 0.1305261922199495 0.9914448613738238 0
    outer loop
      vertex -64.05669240384026 -67.46107227496628 -0.5
      vertex -64.05669240384026 -67.46107227496628 0.4900000000000002
      vertex -63.98747737362059 -67.47018460656528 -0.5
    endloop
  endfacet
  facet normal 0.13052619221994954 0.9914448613738239 0
    outer loop
      vertex -64.05669240384026 -67.46107227496628 0.4900000000000002
      vertex -64.05669240384026 -67.46107227496628 0.5
      vertex -63.98747737362059 -67.47018460656528 -0.5
    endloop
  endfacet
  facet normal 0.13052619221994952 0.9914448613738239 0
    outer loop
      vertex -64.05669240384026 -67.46107227496628 0.5
      vertex -63.98747737362059 -67.47018460656528 0.5
      vertex -63.98747737362059 -67.47018460656528 -0.5
    endloop
  endfacet
  facet normal 0.13052619221994952 -0.9914448613738239 0
    outer loop
      vertex -64.05669240384026 67.46107227496628 -0.5
      vertex -63.98747737362059 67.47018460656528 -0.5
      vertex -63.98747737362059 67.47018460656528 0.5
    endloop
  endfacet
  facet normal 0.13052619221994954 -0.9914448613738239 0
    outer loop
      vertex -64.05669240384026 67.46107227496628 -0.5
      vertex -63.98747737362059 67.47018460656528 0.5
      vertex -64.05669240384026 67.46107227496628 -0.4900000000000002
    endloop
  endfacet
  facet normal 0.1305261922199495 -0.9914448613738238 0
    outer loop
      vertex -64.05669240384026 67.46107227496628 -0.4900000000000002
      vertex -63.98747737362059 67.47018460656528 0.5
      vertex -64.05669240384026 67.46107227496628 0.5
    endloop
  endfacet
  facet normal 0.11320321376793617 0.993571855676584 0
    outer loop
      vertex -63.98747737362059 -67.47018460656528 -0.5
      vertex -63.98747737362059 -67.47018460656528 0.5
      vertex -63.918113853070615 -67.47808758147309 -0.5
    endloop
  endfacet
  facet normal 0.11320321376793617 0.9935718556765841 0
    outer loop
      vertex -63.98747737362059 -67.47018460656528 0.5
      vertex -63.918113853070615 -67.47808758147309 0.4900000000000002
      vertex -63.918113853070615 -67.47808758147309 -0.5
    endloop
  endfacet
  facet normal 0.11320321376793617 0.9935718556765841 0
    outer loop
      vertex -63.98747737362059 -67.47018460656528 0.5
      vertex -63.918113853070615 -67.47808758147309 0.5
      vertex -63.918113853070615 -67.47808758147309 0.4900000000000002
    endloop
  endfacet
  facet normal 0.11320321376793617 -0.993571855676584 0
    outer loop
      vertex -63.98747737362059 67.47018460656528 -0.5
      vertex -63.918113853070615 67.47808758147309 -0.5
      vertex -63.98747737362059 67.47018460656528 0.5
    endloop
  endfacet
  facet normal 0.11320321376793617 -0.9935718556765841 0
    outer loop
      vertex -63.98747737362059 67.47018460656528 0.5
      vertex -63.918113853070615 67.47808758147309 -0.5
      vertex -63.918113853070615 67.47808758147309 0.4900000000000002
    endloop
  endfacet
  facet normal 0.11320321376793617 -0.9935718556765841 0
    outer loop
      vertex -63.98747737362059 67.47018460656528 0.5
      vertex -63.918113853070615 67.47808758147309 0.4900000000000002
      vertex -63.918113853070615 67.47808758147309 0.5
    endloop
  endfacet
  facet normal 0.0958457525202509 0.9953961983671762 0
    outer loop
      vertex -63.918113853070615 -67.47808758147309 -0.5
      vertex -63.918113853070615 -67.47808758147309 0.4900000000000002
      vertex -63.84862297099063 -67.48477879236698 0.4900000000000002
    endloop
  endfacet
  facet normal 0.0958457525202509 0.9953961983671762 0
    outer loop
      vertex -63.918113853070615 -67.47808758147309 -0.5
      vertex -63.84862297099063 -67.48477879236698 0.4900000000000002
      vertex -63.84862297099063 -67.48477879236698 -0.5
    endloop
  endfacet
  facet normal 0.09584575252025089 0.9953961983671762 0
    outer loop
      vertex -63.918113853070615 -67.47808758147309 0.4900000000000002
      vertex -63.918113853070615 -67.47808758147309 0.5
      vertex -63.84862297099063 -67.48477879236698 0.5
    endloop
  endfacet
  facet normal 0.09584575252025089 0.9953961983671762 0
    outer loop
      vertex -63.918113853070615 -67.47808758147309 0.4900000000000002
      vertex -63.84862297099063 -67.48477879236698 0.5
      vertex -63.84862297099063 -67.48477879236698 0.4900000000000002
    endloop
  endfacet
  facet normal 0.0958457525202509 -0.9953961983671762 0
    outer loop
      vertex -63.918113853070615 67.47808758147309 -0.5
      vertex -63.84862297099063 67.48477879236698 -0.5
      vertex -63.84862297099063 67.48477879236698 0.4900000000000002
    endloop
  endfacet
  facet normal 0.0958457525202509 -0.9953961983671762 0
    outer loop
      vertex -63.918113853070615 67.47808758147309 -0.5
      vertex -63.84862297099063 67.48477879236698 0.4900000000000002
      vertex -63.918113853070615 67.47808758147309 0.4900000000000002
    endloop
  endfacet
  facet normal 0.09584575252025089 -0.9953961983671762 0
    outer loop
      vertex -63.918113853070615 67.47808758147309 0.4900000000000002
      vertex -63.84862297099063 67.48477879236698 0.4900000000000002
      vertex -63.918113853070615 67.47808758147309 0.5
    endloop
  endfacet
  facet normal 0.09584575252025089 -0.9953961983671762 0
    outer loop
      vertex -63.918113853070615 67.47808758147309 0.5
      vertex -63.84862297099063 67.48477879236698 0.4900000000000002
      vertex -63.84862297099063 67.48477879236698 0.5
    endloop
  endfacet
  facet normal 0.07845909572791489 0.9969173337331224 0
    outer loop
      vertex -63.84862297099063 -67.48477879236698 -0.5
      vertex -63.84862297099063 -67.48477879236698 0.4900000000000002
      vertex -63.7790258949765 -67.4902562010393 -0.5
    endloop
  endfacet
  facet normal 0.0784590957279149 0.9969173337331224 0
    outer loop
      vertex -63.84862297099063 -67.48477879236698 0.4900000000000002
      vertex -63.84862297099063 -67.48477879236698 0.5
      vertex -63.7790258949765 -67.4902562010393 0.5
    endloop
  endfacet
  facet normal 0.0784590957279149 0.9969173337331224 0
    outer loop
      vertex -63.84862297099063 -67.48477879236698 0.4900000000000002
      vertex -63.7790258949765 -67.4902562010393 0.5
      vertex -63.7790258949765 -67.4902562010393 -0.5
    endloop
  endfacet
  facet normal 0 0 1
    outer loop
      vertex -63.84862297099063 -67.48477879236698 0.5
      vertex 79.32842712474618 -79.32842712474618 0.5
      vertex -63.7790258949765 -67.4902562010393 0.5
    endloop
  endfacet
  facet normal 0.07845909572791489 -0.9969173337331224 0
    outer loop
      vertex -63.84862297099063 67.48477879236698 -0.5
      vertex -63.7790258949765 67.4902562010393 -0.5
      vertex -63.84862297099063 67.48477879236698 0.4900000000000002
    endloop
  endfacet
  facet normal 0.0784590957279149 -0.9969173337331224 0
    outer loop
      vertex -63.84862297099063 67.48477879236698 0.4900000000000002
      vertex -63.7790258949765 67.4902562010393 -0.5
      vertex -63.7790258949765 67.4902562010393 0.5
    endloop
  endfacet
  facet normal 0.0784590957279149 -0.9969173337331224 0
    outer loop
      vertex -63.84862297099063 67.48477879236698 0.4900000000000002
      vertex -63.7790258949765 67.4902562010393 0.5
      vertex -63.84862297099063 67.48477879236698 0.5
    endloop
  endfacet
  facet normal 0.06104853953481464 0.9981347984218695 0
    outer loop
      vertex -63.7790258949765 -67.4902562010393 -0.5
      vertex -63.7790258949765 -67.4902562010393 0.5
      vertex -63.709343824971775 -67.4945181390183 -0.5
    endloop
  endfacet
  facet normal 0.06104853953481464 0.9981347984218695 0
    outer loop
      vertex -63.7790258949765 -67.4902562010393 0.5
      vertex -63.709343824971775 -67.4945181390183 0.5
      vertex -63.709343824971775 -67.4945181390183 -0.5
    endloop
  endfacet
  facet normal 0 0 1
    outer loop
      vertex -63.7790258949765 -67.4902562010393 0.5
      vertex 79.32842712474618 -79.32842712474618 0.5
      vertex -63.709343824971775 -67.4945181390183 0.5
    endloop
  endfacet
  facet normal 0.06104853953481464 -0.9981347984218696 0
    outer loop
      vertex -63.7790258949765 67.4902562010393 -0.5
      vertex -63.709343824971775 67.4945181390183 -0.5
      vertex -63.709343824971775 67.4945181390183 -0.4900000000000002
    endloop
  endfacet
  facet normal 0.06104853953481465 -0.9981347984218696 0
    outer loop
      vertex -63.7790258949765 67.4902562010393 -0.5
      vertex -63.709343824971775 67.4945181390183 -0.4900000000000002
      vertex -63.709343824971775 67.4945181390183 0.4900000000000002
    endloop
  endfacet
  facet normal 0.06104853953481462 -0.9981347984218696 0
    outer loop
      vertex -63.7790258949765 67.4902562010393 -0.5
      vertex -63.709343824971775 67.4945181390183 0.4900000000000002
      vertex -63.709343824971775 67.4945181390183 0.5
    endloop
  endfacet
  facet normal 0.06104853953481464 -0.9981347984218695 0
    outer loop
      vertex -63.7790258949765 67.4902562010393 -0.5
      vertex -63.709343824971775 67.4945181390183 0.5
      vertex -63.7790258949765 67.4902562010393 0.5
    endloop
  endfacet
  facet normal 0.043619387365276215 0.9990482215818602 0
    outer loop
      vertex -63.709343824971775 -67.4945181390183 -0.5
      vertex -63.709343824971775 -67.4945181390183 0.5
      vertex -63.63959798681 -67.49756330807638 0.5
    endloop
  endfacet
  facet normal 0.04361938736527622 0.9990482215818605 0
    outer loop
      vertex -63.709343824971775 -67.4945181390183 -0.5
      vertex -63.63959798681 -67.49756330807638 -0.4900000000000002
      vertex -63.63959798681 -67.49756330807638 -0.5
    endloop
  endfacet
  facet normal 0.04361938736527622 0.9990482215818605 0
    outer loop
      vertex -63.709343824971775 -67.4945181390183 -0.5
      vertex -63.63959798681 -67.49756330807638 0.5
      vertex -63.63959798681 -67.49756330807638 -0.4900000000000002
    endloop
  endfacet
  facet normal 0 0 1
    outer loop
      vertex -63.709343824971775 -67.4945181390183 0.5
      vertex 79.32842712474618 -79.32842712474618 0.5
      vertex -63.63959798681 -67.49756330807638 0.5
    endloop
  endfacet
  facet normal 0.04361938736527622 -0.9990482215818605 0
    outer loop
      vertex -63.709343824971775 67.4945181390183 -0.5
      vertex -63.63959798681 67.49756330807638 -0.5
      vertex -63.63959798681 67.49756330807638 0.4900000000000002
    endloop
  endfacet
  facet normal 0.04361938736527622 -0.9990482215818605 0
    outer loop
      vertex -63.709343824971775 67.4945181390183 -0.5
      vertex -63.63959798681 67.49756330807638 0.4900000000000002
      vertex -63.709343824971775 67.4945181390183 -0.4900000000000002
    endloop
  endfacet
  facet normal 0.04361938736527623 -0.9990482215818605 0
    outer loop
      vertex -63.709343824971775 67.4945181390183 -0.4900000000000002
      vertex -63.63959798681 67.49756330807638 0.4900000000000002
      vertex -63.709343824971775 67.4945181390183 0.4900000000000002
    endloop
  endfacet
  facet normal 0.04361938736527622 -0.9990482215818605 0
    outer loop
      vertex -63.709343824971775 67.4945181390183 0.4900000000000002
      vertex -63.63959798681 67.49756330807638 0.4900000000000002
      vertex -63.709343824971775 67.4945181390183 0.5
    endloop
  endfacet
  facet normal 0.04361938736527622 -0.9990482215818605 0
    outer loop
      vertex -63.709343824971775 67.4945181390183 0.5
      vertex -63.63959798681 67.49756330807638 0.4900000000000002
      vertex -63.63959798681 67.49756330807638 0.5
    endloop
  endfacet
  facet normal 0.02617694830785557 0.9996573249755579 0
    outer loop
      vertex -63.63959798681 -67.49756330807638 -0.5
      vertex -63.63959798681 -67.49756330807638 -0.4900000000000002
      vertex -63.56980962574914 -67.49939078062556 -0.5
    endloop
  endfacet
  facet normal 0.026176948307855566 0.9996573249755577 0
    outer loop
      vertex -63.63959798681 -67.49756330807638 -0.4900000000000002
      vertex -63.63959798681 -67.49756330807638 0.5
      vertex -63.56980962574914 -67.49939078062556 0.5
    endloop
  endfacet
  facet normal 0.02617694830785557 0.9996573249755578 0
    outer loop
      vertex -63.63959798681 -67.49756330807638 -0.4900000000000002
      vertex -63.56980962574914 -67.49939078062556 0.5
      vertex -63.56980962574914 -67.49939078062556 -0.5
    endloop
  endfacet
  facet normal 0 0 1
    outer loop
      vertex -63.63959798681 -67.49756330807638 0.5
      vertex 79.32842712474618 -79.32842712474618 0.5
      vertex -63.56980962574914 -67.49939078062556 0.5
    endloop
  endfacet
  facet normal 0.026176948307855566 -0.9996573249755577 0
    outer loop
      vertex -63.63959798681 67.49756330807638 -0.5
      vertex -63.56980962574914 67.49939078062556 -0.5
      vertex -63.63959798681 67.49756330807638 0.4900000000000002
    endloop
  endfacet
  facet normal 0.02617694830785549 -0.9996573249755577 0
    outer loop
      vertex -63.63959798681 67.49756330807638 0.4900000000000002
      vertex -63.56980962574914 67.49939078062556 -0.5
      vertex -63.56980962574914 67.49939078062556 -0.4900000000000002
    endloop
  endfacet
  facet normal 0.026176948307855566 -0.9996573249755577 0
    outer loop
      vertex -63.63959798681 67.49756330807638 0.4900000000000002
      vertex -63.56980962574914 67.49939078062556 -0.4900000000000002
      vertex -63.56980962574914 67.49939078062556 0.5
    endloop
  endfacet
  facet normal 0.02617694830785557 -0.9996573249755579 0
    outer loop
      vertex -63.63959798681 67.49756330807638 0.4900000000000002
      vertex -63.56980962574914 67.49939078062556 0.5
      vertex -63.63959798681 67.49756330807638 0.5
    endloop
  endfacet
  facet normal 0.008726535498435408 0.9999619230641709 0
    outer loop
      vertex -63.56980962574914 -67.49939078062556 -0.5
      vertex -63.56980962574914 -67.49939078062556 0.5
      vertex -63.5 -67.5 0.5
    endloop
  endfacet
  facet normal 0.008726535498435408 0.9999619230641709 0
    outer loop
      vertex -63.56980962574914 -67.49939078062556 -0.5
      vertex -63.5 -67.5 0.4900000000000002
      vertex -63.5 -67.5 -0.5
    endloop
  endfacet
  facet normal 0.008726535498435477 0.9999619230641709 0
    outer loop
      vertex -63.56980962574914 -67.49939078062556 -0.5
      vertex -63.5 -67.5 0.5
      vertex -63.5 -67.5 0.4900000000000002
    endloop
  endfacet
  facet normal 0 0 1
    outer loop
      vertex -63.56980962574914 -67.49939078062556 0.5
      vertex 79.32842712474618 -79.32842712474618 0.5
      vertex -63.5 -67.5 0.5
    endloop
  endfacet
  facet normal 0.008726535498435408 -0.9999619230641706 0
    outer loop
      vertex -63.56980962574914 67.49939078062556 -0.5
      vertex -63.5 67.5 -0.5
      vertex -63.56980962574914 67.49939078062556 -0.4900000000000002
    endloop
  endfacet
  facet normal 0.008726535498435408 -0.9999619230641709 0
    outer loop
      vertex -63.56980962574914 67.49939078062556 -0.4900000000000002
      vertex -63.5 67.5 -0.5
      vertex -63.5 67.5 0.5
    endloop
  endfacet
  facet normal 0.008726535498435408 -0.9999619230641709 0
    outer loop
      vertex -63.56980962574914 67.49939078062556 -0.4900000000000002
      vertex -63.5 67.5 0.5
      vertex -63.56980962574914 67.49939078062556 0.5
    endloop
  endfacet
  facet normal 0 1 0
    outer loop
      vertex -63.5 -67.5 -0.5
      vertex -63.5 -67.5 0.4900000000000002
      vertex 63.5 -67.5 -0.5
    endloop
  endfacet
  facet normal 0 1 0
    outer loop
      vertex -63.5 -67.5 0.4900000000000002
      vertex -63.5 -67.5 0.5
      vertex 63.5 -67.5 0.4900000000000002
    endloop
  endfacet
  facet normal 0 1 0
    outer loop
      vertex -63.5 -67.5 0.4900000000000002
      vertex 63.5 -67.5 0.4900000000000002
      vertex 63.5 -67.5 -0.5
    endloop
  endfacet
  facet normal 0 1 0
    outer loop
      vertex -63.5 -67.5 0.5
      vertex 63.5 -67.5 0.5
      vertex 63.5 -67.5 0.4900000000000002
    endloop
  endfacet
  facet normal 0 0 1
    outer loop
      vertex -63.5 -67.5 0.5
      vertex 79.32842712474618 -79.32842712474618 0.5
      vertex 63.5 -67.5 0.5
    endloop
  endfacet
  facet normal 0 -1 0
    outer loop
      vertex -63.5 67.5 -0.5
      vertex 63.5 67.5 -0.5
      vertex -63.5 67.5 0.5
    endloop
  endfacet
  facet normal 0 0 -1
    outer loop
      vertex -63.5 67.5 -0.5
      vertex 79.32842712474618 79.32842712474618 -0.5
      vertex 63.5 67.5 -0.5
    endloop
  endfacet
  facet normal 0 -1 0
    outer loop
      vertex -63.5 67.5 0.5
      vertex 63.5 67.5 -0.5
      vertex 63.5 67.5 0.5
    endloop
  endfacet
  facet normal -0.008726535498435408 0.9999619230641709 0
    outer loop
      vertex 63.5 -67.5 -0.5
      vertex 63.5 -67.5 0.4900000000000002
      vertex 63.56980962574914 -67.49939078062556 0.4900000000000002
    endloop
  endfacet
  facet normal -0.008726535498435408 0.9999619230641709 0
    outer loop
      vertex 63.5 -67.5 -0.5
      vertex 63.56980962574914 -67.49939078062556 0.4900000000000002
      vertex 63.56980962574914 -67.49939078062556 -0.5
    endloop
  endfacet
  facet normal -0.008726535498435408 0.9999619230641706 0
    outer loop
      vertex 63.5 -67.5 0.4900000000000002
      vertex 63.5 -67.5 0.5
      vertex 63.56980962574914 -67.49939078062556 0.5
    endloop
  endfacet
  facet normal -0.008726535498435408 0.9999619230641706 0
    outer loop
      vertex 63.5 -67.5 0.4900000000000002
      vertex 63.56980962574914 -67.49939078062556 0.5
      vertex 63.56980962574914 -67.49939078062556 0.4900000000000002
    endloop
  endfacet
  facet normal 0 0 1
    outer loop
      vertex 63.5 -67.5 0.5
      vertex 79.32842712474618 -79.32842712474618 0.5
      vertex 63.56980962574914 -67.49939078062556 0.5
    endloop
  endfacet
  facet normal -0.008726535498435408 -0.9999619230641709 0
    outer loop
      vertex 63.5 67.5 -0.5
      vertex 63.56980962574914 67.49939078062556 -0.5
      vertex 63.5 67.5 0.5
    endloop
  endfacet
  facet normal 0 0 -1
    outer loop
      vertex 63.5 67.5 -0.5
      vertex 79.32842712474618 79.32842712474618 -0.5
      vertex 63.56980962574914 67.49939078062556 -0.5
    endloop
  endfacet
  facet normal -0.008726535498435408 -0.9999619230641709 0
    outer loop
      vertex 63.5 67.5 0.5
      vertex 63.56980962574914 67.49939078062556 -0.5
      vertex 63.56980962574914 67.49939078062556 0.5
    endloop
  endfacet
  facet normal -0.026176948307855566 0.9996573249755577 0
    outer loop
      vertex 63.56980962574914 -67.49939078062556 -0.5
      vertex 63.56980962574914 -67.49939078062556 0.4900000000000002
      vertex 63.63959798681 -67.49756330807638 0.4900000000000002
    endloop
  endfacet
  facet normal -0.026176948307855566 0.9996573249755577 0
    outer loop
      vertex 63.56980962574914 -67.49939078062556 -0.5
      vertex 63.63959798681 -67.49756330807638 0.4900000000000002
      vertex 63.63959798681 -67.49756330807638 -0.5
    endloop
  endfacet
  facet normal -0.02617694830785557 0.9996573249755579 0
    outer loop
      vertex 63.56980962574914 -67.49939078062556 0.4900000000000002
      vertex 63.56980962574914 -67.49939078062556 0.5
      vertex 63.63959798681 -67.49756330807638 0.4900000000000002
    endloop
  endfacet
  facet normal -0.02617694830785557 0.9996573249755579 0
    outer loop
      vertex 63.56980962574914 -67.49939078062556 0.5
      vertex 63.63959798681 -67.49756330807638 0.5
      vertex 63.63959798681 -67.49756330807638 0.4900000000000002
    endloop
  endfacet
  facet normal 0 0 1
    outer loop
      vertex 63.56980962574914 -67.49939078062556 0.5
      vertex 79.32842712474618 -79.32842712474618 0.5
      vertex 63.63959798681 -67.49756330807638 0.5
    endloop
  endfacet
  facet normal -0.02617694830785557 -0.9996573249755578 0
    outer loop
      vertex 63.56980962574914 67.49939078062556 -0.5
      vertex 63.63959798681 67.49756330807638 -0.5
      vertex 63.56980962574914 67.49939078062556 0.5
    endloop
  endfacet
  facet normal 0 0 -1
    outer loop
      vertex 63.56980962574914 67.49939078062556 -0.5
      vertex 79.32842712474618 79.32842712474618 -0.5
      vertex 63.63959798681 67.49756330807638 -0.5
    endloop
  endfacet
  facet normal -0.02617694830785557 -0.9996573249755578 0
    outer loop
      vertex 63.56980962574914 67.49939078062556 0.5
      vertex 63.63959798681 67.49756330807638 -0.5
      vertex 63.63959798681 67.49756330807638 0.5
    endloop
  endfacet
  facet normal -0.04361938736527622 0.9990482215818605 0
    outer loop
      vertex 63.63959798681 -67.49756330807638 -0.5
      vertex 63.63959798681 -67.49756330807638 0.4900000000000002
      vertex 63.709343824971775 -67.4945181390183 -0.5
    endloop
  endfacet
  facet normal -0.04361938736527622 0.9990482215818605 0
    outer loop
      vertex 63.63959798681 -67.49756330807638 0.4900000000000002
      vertex 63.63959798681 -67.49756330807638 0.5
      vertex 63.709343824971775 -67.4945181390183 0.5
    endloop
  endfacet
  facet normal -0.04361938736527622 0.9990482215818605 0
    outer loop
      vertex 63.63959798681 -67.49756330807638 0.4900000000000002
      vertex 63.709343824971775 -67.4945181390183 0.4900000000000002
      vertex 63.709343824971775 -67.4945181390183 -0.5
    endloop
  endfacet
  facet normal -0.04361938736527622 0.9990482215818605 0
    outer loop
      vertex 63.63959798681 -67.49756330807638 0.4900000000000002
      vertex 63.709343824971775 -67.4945181390183 0.5
      vertex 63.709343824971775 -67.4945181390183 0.4900000000000002
    endloop
  endfacet
  facet normal 0 0 1
    outer loop
      vertex 63.63959798681 -67.49756330807638 0.5
      vertex 79.32842712474618 -79.32842712474618 0.5
      vertex 63.709343824971775 -67.4945181390183 0.5
    endloop
  endfacet
  facet normal -0.043619387365276215 -0.9990482215818602 0
    outer loop
      vertex 63.63959798681 67.49756330807638 -0.5
      vertex 63.709343824971775 67.4945181390183 -0.5
      vertex 63.709343824971775 67.4945181390183 0.5
    endloop
  endfacet
  facet normal -0.043619387365276215 -0.9990482215818602 0
    outer loop
      vertex 63.63959798681 67.49756330807638 -0.5
      vertex 63.709343824971775 67.4945181390183 0.5
      vertex 63.63959798681 67.49756330807638 0.5
    endloop
  endfacet
  facet normal 0 0 -1
    outer loop
      vertex 63.63959798681 67.49756330807638 -0.5
      vertex 79.32842712474618 79.32842712474618 -0.5
      vertex 63.709343824971775 67.4945181390183 -0.5
    endloop
  endfacet
  facet normal -0.06104853953481465 0.9981347984218696 0
    outer loop
      vertex 63.709343824971775 -67.4945181390183 -0.5
      vertex 63.709343824971775 -67.4945181390183 0.4900000000000002
      vertex 63.7790258949765 -67.4902562010393 0.4900000000000002
    endloop
  endfacet
  facet normal -0.06104853953481465 0.9981347984218696 0
    outer loop
      vertex 63.709343824971775 -67.4945181390183 -0.5
      vertex 63.7790258949765 -67.4902562010393 0.4900000000000002
      vertex 63.7790258949765 -67.4902562010393 -0.5
    endloop
  endfacet
  facet normal -0.06104853953481464 0.9981347984218696 0
    outer loop
      vertex 63.709343824971775 -67.4945181390183 0.4900000000000002
      vertex 63.709343824971775 -67.4945181390183 0.5
      vertex 63.7790258949765 -67.4902562010393 0.4900000000000002
    endloop
  endfacet
  facet normal -0.06104853953481464 0.9981347984218696 0
    outer loop
      vertex 63.709343824971775 -67.4945181390183 0.5
      vertex 63.7790258949765 -67.4902562010393 0.5
      vertex 63.7790258949765 -67.4902562010393 0.4900000000000002
    endloop
  endfacet
  facet normal 0 0 1
    outer loop
      vertex 63.709343824971775 -67.4945181390183 0.5
      vertex 79.32842712474618 -79.32842712474618 0.5
      vertex 63.7790258949765 -67.4902562010393 0.5
    endloop
  endfacet
  facet normal -0.06104853953481464 -0.9981347984218695 0
    outer loop
      vertex 63.709343824971775 67.4945181390183 -0.5
      vertex 63.7790258949765 67.4902562010393 -0.5
      vertex 63.709343824971775 67.4945181390183 0.5
    endloop
  endfacet
  facet normal 0 0 -1
    outer loop
      vertex 63.709343824971775 67.4945181390183 -0.5
      vertex 79.32842712474618 79.32842712474618 -0.5
      vertex 63.7790258949765 67.4902562010393 -0.5
    endloop
  endfacet
  facet normal -0.06104853953481464 -0.9981347984218695 0
    outer loop
      vertex 63.709343824971775 67.4945181390183 0.5
      vertex 63.7790258949765 67.4902562010393 -0.5
      vertex 63.7790258949765 67.4902562010393 0.5
    endloop
  endfacet
  facet normal -0.07845909572791489 0.9969173337331224 0
    outer loop
      vertex 63.7790258949765 -67.4902562010393 -0.5
      vertex 63.7790258949765 -67.4902562010393 0.4900000000000002
      vertex 63.84862297099063 -67.48477879236698 -0.5
    endloop
  endfacet
  facet normal -0.0784590957279149 0.9969173337331224 0
    outer loop
      vertex 63.7790258949765 -67.4902562010393 0.4900000000000002
      vertex 63.7790258949765 -67.4902562010393 0.5
      vertex 63.84862297099063 -67.48477879236698 0.4900000000000002
    endloop
  endfacet
  facet normal -0.07845909572791489 0.9969173337331224 0
    outer loop
      vertex 63.7790258949765 -67.4902562010393 0.4900000000000002
      vertex 63.84862297099063 -67.48477879236698 0.4900000000000002
      vertex 63.84862297099063 -67.48477879236698 -0.5
    endloop
  endfacet
  facet normal -0.0784590957279149 0.9969173337331224 0
    outer loop
      vertex 63.7790258949765 -67.4902562010393 0.5
      vertex 63.84862297099063 -67.48477879236698 0.5
      vertex 63.84862297099063 -67.48477879236698 0.4900000000000002
    endloop
  endfacet
  facet normal 0 0 1
    outer loop
      vertex 63.7790258949765 -67.4902562010393 0.5
      vertex 79.32842712474618 -79.32842712474618 0.5
      vertex 63.84862297099063 -67.48477879236698 0.5
    endloop
  endfacet
  facet normal -0.0784590957279149 -0.9969173337331224 0
    outer loop
      vertex 63.7790258949765 67.4902562010393 -0.5
      vertex 63.84862297099063 67.48477879236698 -0.5
      vertex 63.7790258949765 67.4902562010393 0.5
    endloop
  endfacet
  facet normal 0 0 -1
    outer loop
      vertex 63.7790258949765 67.4902562010393 -0.5
      vertex 79.32842712474618 79.32842712474618 -0.5
      vertex 63.84862297099063 67.48477879236698 -0.5
    endloop
  endfacet
  facet normal -0.0784590957279149 -0.9969173337331224 0
    outer loop
      vertex 63.7790258949765 67.4902562010393 0.5
      vertex 63.84862297099063 67.48477879236698 -0.5
      vertex 63.84862297099063 67.48477879236698 0.5
    endloop
  endfacet
  facet normal -0.0958457525202509 0.9953961983671762 0
    outer loop
      vertex 63.84862297099063 -67.48477879236698 -0.5
      vertex 63.84862297099063 -67.48477879236698 0.4900000000000002
      vertex 63.918113853070615 -67.47808758147309 -0.5
    endloop
  endfacet
  facet normal 0 0 -1
    outer loop
      vertex 63.84862297099063 -67.48477879236698 -0.5
      vertex 63.918113853070615 -67.47808758147309 -0.5
      vertex 80.5 -76.5 -0.5
    endloop
  endfacet
  facet normal -0.09584575252025089 0.9953961983671762 0
    outer loop
      vertex 63.84862297099063 -67.48477879236698 0.4900000000000002
      vertex 63.84862297099063 -67.48477879236698 0.5
      vertex 63.918113853070615 -67.47808758147309 0.5
    endloop
  endfacet
  facet normal -0.0958457525202509 0.9953961983671762 0
    outer loop
      vertex 63.84862297099063 -67.48477879236698 0.4900000000000002
      vertex 63.918113853070615 -67.47808758147309 0.4900000000000002
      vertex 63.918113853070615 -67.47808758147309 -0.5
    endloop
  endfacet
  facet normal -0.09584575252025089 0.9953961983671762 0
    outer loop
      vertex 63.84862297099063 -67.48477879236698 0.4900000000000002
      vertex 63.918113853070615 -67.47808758147309 0.5
      vertex 63.918113853070615 -67.47808758147309 0.4900000000000002
    endloop
  endfacet
  facet normal 0 0 1
    outer loop
      vertex 63.84862297099063 -67.48477879236698 0.5
      vertex 79.32842712474618 -79.32842712474618 0.5
      vertex 63.918113853070615 -67.47808758147309 0.5
    endloop
  endfacet
  facet normal -0.09584575252025089 -0.9953961983671762 0
    outer loop
      vertex 63.84862297099063 67.48477879236698 -0.5
      vertex 63.918113853070615 67.47808758147309 -0.5
      vertex 63.918113853070615 67.47808758147309 0.5
    endloop
  endfacet
  facet normal -0.09584575252025089 -0.9953961983671762 0
    outer loop
      vertex 63.84862297099063 67.48477879236698 -0.5
      vertex 63.918113853070615 67.47808758147309 0.5
      vertex 63.84862297099063 67.48477879236698 0.5
    endloop
  endfacet
  facet normal 0 0 -1
    outer loop
      vertex 63.84862297099063 67.48477879236698 -0.5
      vertex 79.32842712474618 79.32842712474618 -0.5
      vertex 63.918113853070615 67.47808758147309 -0.5
    endloop
  endfacet
  facet normal 0 0 1
    outer loop
      vertex 63.84862297099063 67.48477879236698 0.5
      vertex 63.918113853070615 67.47808758147309 0.5
      vertex 79.32842712474618 79.32842712474618 0.5
    endloop
  endfacet
  facet normal -0.11320321376793617 0.9935718556765841 0
    outer loop
      vertex 63.918113853070615 -67.47808758147309 -0.5
      vertex 63.918113853070615 -67.47808758147309 0.4900000000000002
      vertex 63.98747737362059 -67.47018460656528 0.4900000000000002
    endloop
  endfacet
  facet normal 0 0 -1
    outer loop
      vertex 63.918113853070615 -67.47808758147309 -0.5
      vertex 63.98747737362059 -67.47018460656528 -0.5
      vertex 80.5 -76.5 -0.5
    endloop
  endfacet
  facet normal -0.11320321376793617 0.9935718556765841 0
    outer loop
      vertex 63.918113853070615 -67.47808758147309 -0.5
      vertex 63.98747737362059 -67.47018460656528 0.4900000000000002
      vertex 63.98747737362059 -67.47018460656528 -0.5
    endloop
  endfacet
  facet normal -0.11320321376793617 0.9935718556765841 0
    outer loop
      vertex 63.918113853070615 -67.47808758147309 0.4900000000000002
      vertex 63.918113853070615 -67.47808758147309 0.5
      vertex 63.98747737362059 -67.47018460656528 0.4900000000000002
    endloop
  endfacet
  facet normal -0.11320321376793617 0.9935718556765841 0
    outer loop
      vertex 63.918113853070615 -67.47808758147309 0.5
      vertex 63.98747737362059 -67.47018460656528 0.5
      vertex 63.98747737362059 -67.47018460656528 0.4900000000000002
    endloop
  endfacet
  facet normal 0 0 1
    outer loop
      vertex 63.918113853070615 -67.47808758147309 0.5
      vertex 79.32842712474618 -79.32842712474618 0.5
      vertex 63.98747737362059 -67.47018460656528 0.5
    endloop
  endfacet
  facet normal -0.11320321376793617 -0.993571855676584 0
    outer loop
      vertex 63.918113853070615 67.47808758147309 -0.5
      vertex 63.98747737362059 67.47018460656528 -0.5
      vertex 63.918113853070615 67.47808758147309 0.5
    endloop
  endfacet
  facet normal 0 0 -1
    outer loop
      vertex 63.918113853070615 67.47808758147309 -0.5
      vertex 79.32842712474618 79.32842712474618 -0.5
      vertex 63.98747737362059 67.47018460656528 -0.5
    endloop
  endfacet
  facet normal -0.11320321376793617 -0.993571855676584 0
    outer loop
      vertex 63.918113853070615 67.47808758147309 0.5
      vertex 63.98747737362059 67.47018460656528 -0.5
      vertex 63.98747737362059 67.47018460656528 0.5
    endloop
  endfacet
  facet normal 0 0 1
    outer loop
      vertex 63.918113853070615 67.47808758147309 0.5
      vertex 63.98747737362059 67.47018460656528 0.5
      vertex 79.32842712474618 79.32842712474618 0.5
    endloop
  endfacet
  facet normal -0.1305261922199495 0.9914448613738238 0
    outer loop
      vertex 63.98747737362059 -67.47018460656528 -0.5
      vertex 63.98747737362059 -67.47018460656528 0.4900000000000002
      vertex 64.05669240384026 -67.46107227496628 0.4900000000000002
    endloop
  endfacet
  facet normal 0 0 -1
    outer loop
      vertex 63.98747737362059 -67.47018460656528 -0.5
      vertex 64.05669240384026 -67.46107227496628 -0.5
      vertex 80.5 -76.5 -0.5
    endloop
  endfacet
  facet normal -0.1305261922199495 0.9914448613738238 0
    outer loop
      vertex 63.98747737362059 -67.47018460656528 -0.5
      vertex 64.05669240384026 -67.46107227496628 0.4900000000000002
      vertex 64.05669240384026 -67.46107227496628 -0.5
    endloop
  endfacet
  facet normal -0.13052619221994954 0.9914448613738239 0
    outer loop
      vertex 63.98747737362059 -67.47018460656528 0.4900000000000002
      vertex 63.98747737362059 -67.47018460656528 0.5
      vertex 64.05669240384026 -67.46107227496628 0.4900000000000002
    endloop
  endfacet
  facet normal -0.13052619221994954 0.9914448613738239 0
    outer loop
      vertex 63.98747737362059 -67.47018460656528 0.5
      vertex 64.05669240384026 -67.46107227496628 0.5
      vertex 64.05669240384026 -67.46107227496628 0.4900000000000002
    endloop
  endfacet
  facet normal 0 0 1
    outer loop
      vertex 63.98747737362059 -67.47018460656528 0.5
      vertex 79.32842712474618 -79.32842712474618 0.5
      vertex 64.05669240384026 -67.46107227496628 0.5
    endloop
  endfacet
  facet normal -0.13052619221994952 -0.9914448613738239 0
    outer loop
      vertex 63.98747737362059 67.47018460656528 -0.5
      vertex 64.05669240384026 67.46107227496628 -0.5
      vertex 64.05669240384026 67.46107227496628 0.5
    endloop
  endfacet
  facet normal -0.13052619221994952 -0.9914448613738239 0
    outer loop
      vertex 63.98747737362059 67.47018460656528 -0.5
      vertex 64.05669240384026 67.46107227496628 0.5
      vertex 63.98747737362059 67.47018460656528 0.5
    endloop
  endfacet
  facet normal 0 0 -1
    outer loop
      vertex 63.98747737362059 67.47018460656528 -0.5
      vertex 79.32842712474618 79.32842712474618 -0.5
      vertex 64.05669240384026 67.46107227496628 -0.5
    endloop
  endfacet
  facet normal 0 0 1
    outer loop
      vertex 63.98747737362059 67.47018460656528 0.5
      vertex 64.05669240384026 67.46107227496628 0.5
      vertex 79.32842712474618 79.32842712474618 0.5
    endloop
  endfacet
  facet normal -0.1478094111296148 0.9890158633619162 0
    outer loop
      vertex 64.05669240384026 -67.46107227496628 -0.5
      vertex 64.05669240384026 -67.46107227496628 0.4900000000000002
      vertex 64.12573786016092 -67.45075336238055 0.5
    endloop
  endfacet
  facet normal 0 0 -1
    outer loop
      vertex 64.05669240384026 -67.46107227496628 -0.5
      vertex 64.12573786016092 -67.45075336238055 -0.5
      vertex 80.5 -76.5 -0.5
    endloop
  endfacet
  facet normal -0.1478094111296148 0.9890158633619163 0
    outer loop
      vertex 64.05669240384026 -67.46107227496628 -0.5
      vertex 64.12573786016092 -67.45075336238055 0.5
      vertex 64.12573786016092 -67.45075336238055 -0.5
    endloop
  endfacet
  facet normal -0.1478094111296148 0.9890158633619162 0
    outer loop
      vertex 64.05669240384026 -67.46107227496628 0.4900000000000002
      vertex 64.05669240384026 -67.46107227496628 0.5
      vertex 64.12573786016092 -67.45075336238055 0.5
    endloop
  endfacet
  facet normal 0 0 1
    outer loop
      vertex 64.05669240384026 -67.46107227496628 0.5
      vertex 79.32842712474618 -79.32842712474618 0.5
      vertex 64.12573786016092 -67.45075336238055 0.5
    endloop
  endfacet
  facet normal -0.1478094111296148 -0.9890158633619163 0
    outer loop
      vertex 64.05669240384026 67.46107227496628 -0.5
      vertex 64.12573786016092 67.45075336238055 -0.5
      vertex 64.05669240384026 67.46107227496628 0.5
    endloop
  endfacet
  facet normal 0 0 -1
    outer loop
      vertex 64.05669240384026 67.46107227496628 -0.5
      vertex 79.32842712474618 79.32842712474618 -0.5
      vertex 64.12573786016092 67.45075336238055 -0.5
    endloop
  endfacet
  facet normal -0.1478094111296148 -0.9890158633619163 0
    outer loop
      vertex 64.05669240384026 67.46107227496628 0.5
      vertex 64.12573786016092 67.45075336238055 -0.5
      vertex 64.12573786016092 67.45075336238055 0.5
    endloop
  endfacet
  facet normal 0 0 1
    outer loop
      vertex 64.05669240384026 67.46107227496628 0.5
      vertex 64.12573786016092 67.45075336238055 0.5
      vertex 79.32842712474618 79.32842712474618 0.5
    endloop
  endfacet
  facet normal -0.1650476058606567 0.9862856015372349 0
    outer loop
      vertex 64.12573786016092 -67.45075336238055 -0.5
      vertex 64.12573786016092 -67.45075336238055 0.5
      vertex 64.19459271066772 -67.43923101204884 0.5
    endloop
  endfacet
  facet normal 0 0 -1
    outer loop
      vertex 64.12573786016092 -67.45075336238055 -0.5
      vertex 64.19459271066772 -67.43923101204884 -0.5
      vertex 80.5 -76.5 -0.5
    endloop
  endfacet
  facet normal -0.1650476058606567 0.9862856015372349 0
    outer loop
      vertex 64.12573786016092 -67.45075336238055 -0.5
      vertex 64.19459271066772 -67.43923101204884 0.5
      vertex 64.19459271066772 -67.43923101204884 -0.5
    endloop
  endfacet
  facet normal 0 0 1
    outer loop
      vertex 64.12573786016092 -67.45075336238055 0.5
      vertex 79.32842712474618 -79.32842712474618 0.5
      vertex 64.19459271066772 -67.43923101204884 0.5
    endloop
  endfacet
  facet normal -0.1650476058606567 -0.9862856015372349 0
    outer loop
      vertex 64.12573786016092 67.45075336238055 -0.5
      vertex 64.19459271066772 67.43923101204884 -0.5
      vertex 64.12573786016092 67.45075336238055 0.5
    endloop
  endfacet
  facet normal 0 0 -1
    outer loop
      vertex 64.12573786016092 67.45075336238055 -0.5
      vertex 79.32842712474618 79.32842712474618 -0.5
      vertex 64.19459271066772 67.43923101204884 -0.5
    endloop
  endfacet
  facet normal -0.1650476058606567 -0.9862856015372349 0
    outer loop
      vertex 64.12573786016092 67.45075336238055 0.5
      vertex 64.19459271066772 67.43923101204884 -0.5
      vertex 64.19459271066772 67.43923101204884 0.5
    endloop
  endfacet
  facet normal 0 0 1
    outer loop
      vertex 64.12573786016092 67.45075336238055 0.5
      vertex 64.19459271066772 67.43923101204884 0.5
      vertex 79.32842712474618 79.32842712474618 0.5
    endloop
  endfacet
  facet normal -0.1822355254921951 0.9832549075639457 0
    outer loop
      vertex 64.19459271066772 -67.43923101204884 -0.5
      vertex 64.19459271066772 -67.43923101204884 0.5
      vertex 64.26323598150618 -67.42650873379066 0.5
    endloop
  endfacet
  facet normal 0 0 -1
    outer loop
      vertex 64.19459271066772 -67.43923101204884 -0.5
      vertex 64.26323598150618 -67.42650873379066 -0.5
      vertex 80.5 -76.5 -0.5
    endloop
  endfacet
  facet normal -0.1822355254921951 0.9832549075639457 0
    outer loop
      vertex 64.19459271066772 -67.43923101204884 -0.5
      vertex 64.26323598150618 -67.42650873379066 0.5
      vertex 64.26323598150618 -67.42650873379066 -0.5
    endloop
  endfacet
  facet normal 0 0 1
    outer loop
      vertex 64.19459271066772 -67.43923101204884 0.5
      vertex 79.32842712474618 -79.32842712474618 0.5
      vertex 64.26323598150618 -67.42650873379066 0.5
    endloop
  endfacet
  facet normal -0.1822355254921951 -0.9832549075639457 0
    outer loop
      vertex 64.19459271066772 67.43923101204884 -0.5
      vertex 64.26323598150618 67.42650873379066 -0.5
      vertex 64.19459271066772 67.43923101204884 0.5
    endloop
  endfacet
  facet normal 0 0 -1
    outer loop
      vertex 64.19459271066772 67.43923101204884 -0.5
      vertex 79.32842712474618 79.32842712474618 -0.5
      vertex 64.26323598150618 67.42650873379066 -0.5
    endloop
  endfacet
  facet normal -0.1822355254921951 -0.9832549075639457 0
    outer loop
      vertex 64.19459271066772 67.43923101204884 0.5
      vertex 64.26323598150618 67.42650873379066 -0.5
      vertex 64.26323598150618 67.42650873379066 0.5
    endloop
  endfacet
  facet normal 0 0 1
    outer loop
      vertex 64.19459271066772 67.43923101204884 0.5
      vertex 64.26323598150618 67.42650873379066 0.5
      vertex 79.32842712474618 79.32842712474618 0.5
    endloop
  endfacet
  facet normal -0.19936793441719536 0.9799247046208299 0
    outer loop
      vertex 64.26323598150618 -67.42650873379066 -0.5
      vertex 64.26323598150618 -67.42650873379066 0.5
      vertex 64.33164676327104 -67.41259040293522 -0.5
    endloop
  endfacet
  facet normal 0 0 -1
    outer loop
      vertex 64.26323598150618 -67.42650873379066 -0.5
      vertex 64.33164676327104 -67.41259040293522 -0.5
      vertex 80.5 -76.5 -0.5
    endloop
  endfacet
  facet normal -0.19936793441719536 0.9799247046208299 0
    outer loop
      vertex 64.26323598150618 -67.42650873379066 0.5
      vertex 64.33164676327104 -67.41259040293522 0.5
      vertex 64.33164676327104 -67.41259040293522 -0.5
    endloop
  endfacet
  facet normal 0 0 1
    outer loop
      vertex 64.26323598150618 -67.42650873379066 0.5
      vertex 79.32842712474618 -79.32842712474618 0.5
      vertex 64.33164676327104 -67.41259040293522 0.5
    endloop
  endfacet
  facet normal -0.19936793441719536 -0.9799247046208299 0
    outer loop
      vertex 64.26323598150618 67.42650873379066 -0.5
      vertex 64.33164676327104 67.41259040293522 -0.5
      vertex 64.33164676327104 67.41259040293522 0.5
    endloop
  endfacet
  facet normal -0.19936793441719536 -0.9799247046208299 0
    outer loop
      vertex 64.26323598150618 67.42650873379066 -0.5
      vertex 64.33164676327104 67.41259040293522 0.5
      vertex 64.26323598150618 67.42650873379066 0.5
    endloop
  endfacet
  facet normal 0 0 -1
    outer loop
      vertex 64.26323598150618 67.42650873379066 -0.5
      vertex 79.32842712474618 79.32842712474618 -0.5
      vertex 64.33164676327104 67.41259040293522 -0.5
    endloop
  endfacet
  facet normal 0 0 1
    outer loop
      vertex 64.26323598150618 67.42650873379066 0.5
      vertex 64.33164676327104 67.41259040293522 0.5
      vertex 79.32842712474618 79.32842712474618 0.5
    endloop
  endfacet
  facet normal -0.21643961393819533 0.9762960071199128 0
    outer loop
      vertex 64.33164676327104 -67.41259040293522 -0.5
      vertex 64.33164676327104 -67.41259040293522 0.5
      vertex 64.39980421737546 -67.39748025914093 0.5
    endloop
  endfacet
  facet normal 0 0 -1
    outer loop
      vertex 64.33164676327104 -67.41259040293522 -0.5
      vertex 64.39980421737546 -67.39748025914093 -0.5
      vertex 80.5 -76.5 -0.5
    endloop
  endfacet
  facet normal -0.21643961393819533 0.9762960071199128 0
    outer loop
      vertex 64.33164676327104 -67.41259040293522 -0.5
      vertex 64.39980421737546 -67.39748025914093 0.5
      vertex 64.39980421737546 -67.39748025914093 -0.5
    endloop
  endfacet
  facet normal 0 0 1
    outer loop
      vertex 64.33164676327104 -67.41259040293522 0.5
      vertex 79.32842712474618 -79.32842712474618 0.5
      vertex 64.39980421737546 -67.39748025914093 0.5
    endloop
  endfacet
  facet normal -0.21643961393819533 -0.9762960071199128 0
    outer loop
      vertex 64.33164676327104 67.41259040293522 -0.5
      vertex 64.39980421737546 67.39748025914093 -0.5
      vertex 64.33164676327104 67.41259040293522 0.5
    endloop
  endfacet
  facet normal 0 0 -1
    outer loop
      vertex 64.33164676327104 67.41259040293522 -0.5
      vertex 79.32842712474618 79.32842712474618 -0.5
      vertex 64.39980421737546 67.39748025914093 -0.5
    endloop
  endfacet
  facet normal -0.21643961393819533 -0.9762960071199128 0
    outer loop
      vertex 64.33164676327104 67.41259040293522 0.5
      vertex 64.39980421737546 67.39748025914093 -0.5
      vertex 64.39980421737546 67.39748025914093 0.5
    endloop
  endfacet
  facet normal 0 0 1
    outer loop
      vertex 64.33164676327104 67.41259040293522 0.5
      vertex 64.39980421737546 67.39748025914093 0.5
      vertex 79.32842712474618 79.32842712474618 0.5
    endloop
  endfacet
  facet normal -0.2334453638558606 0.9723699203976873 0
    outer loop
      vertex 64.39980421737546 -67.39748025914093 -0.5
      vertex 64.39980421737546 -67.39748025914093 0.5
      vertex 64.46768758239867 -67.38118290510398 -0.5
    endloop
  endfacet
  facet normal 0 0 -1
    outer loop
      vertex 64.39980421737546 -67.39748025914093 -0.5
      vertex 64.46768758239867 -67.38118290510398 -0.5
      vertex 80.5 -76.5 -0.5
    endloop
  endfacet
  facet normal -0.2334453638558606 0.9723699203976873 0
    outer loop
      vertex 64.39980421737546 -67.39748025914093 0.5
      vertex 64.46768758239867 -67.38118290510398 0.5
      vertex 64.46768758239867 -67.38118290510398 -0.5
    endloop
  endfacet
  facet normal 0 0 1
    outer loop
      vertex 64.39980421737546 -67.39748025914093 0.5
      vertex 79.32842712474618 -79.32842712474618 0.5
      vertex 64.46768758239867 -67.38118290510398 0.5
    endloop
  endfacet
  facet normal -0.2334453638558606 -0.9723699203976873 0
    outer loop
      vertex 64.39980421737546 67.39748025914093 -0.5
      vertex 64.46768758239867 67.38118290510398 -0.5
      vertex 64.46768758239867 67.38118290510398 0.5
    endloop
  endfacet
  facet normal -0.2334453638558606 -0.9723699203976873 0
    outer loop
      vertex 64.39980421737546 67.39748025914093 -0.5
      vertex 64.46768758239867 67.38118290510398 0.5
      vertex 64.39980421737546 67.39748025914093 0.5
    endloop
  endfacet
  facet normal 0 0 -1
    outer loop
      vertex 64.39980421737546 67.39748025914093 -0.5
      vertex 79.32842712474618 79.32842712474618 -0.5
      vertex 64.46768758239867 67.38118290510398 -0.5
    endloop
  endfacet
  facet normal 0 0 1
    outer loop
      vertex 64.39980421737546 67.39748025914093 0.5
      vertex 64.46768758239867 67.38118290510398 0.5
      vertex 79.32842712474618 79.32842712474618 0.5
    endloop
  endfacet
  facet normal -0.25038000405434624 0.9681476403781323 0
    outer loop
      vertex 64.46768758239867 -67.38118290510398 -0.5
      vertex 64.46768758239867 -67.38118290510398 0.5
      vertex 64.53527618041008 -67.36370330515628 0.5
    endloop
  endfacet
  facet normal 0 0 -1
    outer loop
      vertex 64.46768758239867 -67.38118290510398 -0.5
      vertex 64.53527618041008 -67.36370330515628 -0.5
      vertex 80.5 -76.5 -0.5
    endloop
  endfacet
  facet normal -0.25038000405434624 0.9681476403781323 0
    outer loop
      vertex 64.46768758239867 -67.38118290510398 -0.5
      vertex 64.53527618041008 -67.36370330515628 0.5
      vertex 64.53527618041008 -67.36370330515628 -0.5
    endloop
  endfacet
  facet normal 0 0 1
    outer loop
      vertex 64.46768758239867 -67.38118290510398 0.5
      vertex 79.32842712474618 -79.32842712474618 0.5
      vertex 64.53527618041008 -67.36370330515628 0.5
    endloop
  endfacet
  facet normal -0.25038000405434624 -0.9681476403781323 0
    outer loop
      vertex 64.46768758239867 67.38118290510398 -0.5
      vertex 64.53527618041008 67.36370330515628 -0.5
      vertex 64.53527618041008 67.36370330515628 0.5
    endloop
  endfacet
  facet normal -0.25038000405434624 -0.9681476403781323 0
    outer loop
      vertex 64.46768758239867 67.38118290510398 -0.5
      vertex 64.53527618041008 67.36370330515628 0.5
      vertex 64.46768758239867 67.38118290510398 0.5
    endloop
  endfacet
  facet normal 0 0 -1
    outer loop
      vertex 64.46768758239867 67.38118290510398 -0.5
      vertex 79.32842712474618 79.32842712474618 -0.5
      vertex 64.53527618041008 67.36370330515628 -0.5
    endloop
  endfacet
  facet normal 0 0 1
    outer loop
      vertex 64.46768758239867 67.38118290510398 0.5
      vertex 64.53527618041008 67.36370330515628 0.5
      vertex 79.32842712474618 79.32842712474618 0.5
    endloop
  endfacet
  facet normal -0.26723837607828954 0.963630453208614 0
    outer loop
      vertex 64.53527618041008 -67.36370330515628 -0.5
      vertex 64.53527618041008 -67.36370330515628 0.5
      vertex 64.602549423268 -67.34504678375328 -0.5
    endloop
  endfacet
  facet normal 0 0 -1
    outer loop
      vertex 64.53527618041008 -67.36370330515628 -0.5
      vertex 64.602549423268 -67.34504678375328 -0.5
      vertex 80.5 -76.5 -0.5
    endloop
  endfacet
  facet normal -0.26723837607828954 0.963630453208614 0
    outer loop
      vertex 64.53527618041008 -67.36370330515628 0.5
      vertex 64.602549423268 -67.34504678375328 0.5
      vertex 64.602549423268 -67.34504678375328 -0.5
    endloop
  endfacet
  facet normal 0 0 1
    outer loop
      vertex 64.53527618041008 -67.36370330515628 0.5
      vertex 79.32842712474618 -79.32842712474618 0.5
      vertex 64.602549423268 -67.34504678375328 0.5
    endloop
  endfacet
  facet normal -0.26723837607828954 -0.963630453208614 0
    outer loop
      vertex 64.53527618041008 67.36370330515628 -0.5
      vertex 64.602549423268 67.34504678375328 -0.5
      vertex 64.53527618041008 67.36370330515628 0.5
    endloop
  endfacet
  facet normal 0 0 -1
    outer loop
      vertex 64.53527618041008 67.36370330515628 -0.5
      vertex 79.32842712474618 79.32842712474618 -0.5
      vertex 64.602549423268 67.34504678375328 -0.5
    endloop
  endfacet
  facet normal -0.2672383760782895 -0.9636304532086138 0
    outer loop
      vertex 64.53527618041008 67.36370330515628 0.5
      vertex 64.602549423268 67.34504678375328 -0.5
      vertex 64.602549423268 67.34504678375328 0.4900000000000002
    endloop
  endfacet
  facet normal -0.26723837607828954 -0.963630453208614 0
    outer loop
      vertex 64.53527618041008 67.36370330515628 0.5
      vertex 64.602549423268 67.34504678375328 0.4900000000000002
      vertex 64.602549423268 67.34504678375328 0.5
    endloop
  endfacet
  facet normal 0 0 1
    outer loop
      vertex 64.53527618041008 67.36370330515628 0.5
      vertex 64.602549423268 67.34504678375328 0.5
      vertex 79.32842712474618 79.32842712474618 0.5
    endloop
  endfacet
  facet normal -0.28401534470394674 0.9588197348681858 0
    outer loop
      vertex 64.602549423268 -67.34504678375328 -0.5
      vertex 64.602549423268 -67.34504678375328 0.5
      vertex 64.66948681889095 -67.32521902385214 0.5
    endloop
  endfacet
  facet normal 0 0 -1
    outer loop
      vertex 64.602549423268 -67.34504678375328 -0.5
      vertex 64.66948681889095 -67.32521902385214 -0.5
      vertex 80.5 -76.5 -0.5
    endloop
  endfacet
  facet normal -0.2840153447039467 0.9588197348681858 0
    outer loop
      vertex 64.602549423268 -67.34504678375328 -0.5
      vertex 64.66948681889095 -67.32521902385214 0.4900000000000002
      vertex 64.66948681889095 -67.32521902385214 -0.5
    endloop
  endfacet
  facet normal -0.28401534470394957 0.958819734868185 0
    outer loop
      vertex 64.602549423268 -67.34504678375328 -0.5
      vertex 64.66948681889095 -67.32521902385214 0.5
      vertex 64.66948681889095 -67.32521902385214 0.4900000000000002
    endloop
  endfacet
  facet normal 0 0 1
    outer loop
      vertex 64.602549423268 -67.34504678375328 0.5
      vertex 79.32842712474618 -79.32842712474618 0.5
      vertex 64.66948681889095 -67.32521902385214 0.5
    endloop
  endfacet
  facet normal -0.2840153447039467 -0.9588197348681858 0
    outer loop
      vertex 64.602549423268 67.34504678375328 -0.5
      vertex 64.66948681889095 67.32521902385214 -0.5
      vertex 64.602549423268 67.34504678375328 0.4900000000000002
    endloop
  endfacet
  facet normal 0 0 -1
    outer loop
      vertex 64.602549423268 67.34504678375328 -0.5
      vertex 79.32842712474618 79.32842712474618 -0.5
      vertex 64.66948681889095 67.32521902385214 -0.5
    endloop
  endfacet
  facet normal -0.28401534470394674 -0.9588197348681858 0
    outer loop
      vertex 64.602549423268 67.34504678375328 0.4900000000000002
      vertex 64.66948681889095 67.32521902385214 -0.5
      vertex 64.66948681889095 67.32521902385214 0.5
    endloop
  endfacet
  facet normal -0.28401534470394674 -0.958819734868186 0
    outer loop
      vertex 64.602549423268 67.34504678375328 0.4900000000000002
      vertex 64.66948681889095 67.32521902385214 0.5
      vertex 64.602549423268 67.34504678375328 0.5
    endloop
  endfacet
  facet normal 0 0 1
    outer loop
      vertex 64.602549423268 67.34504678375328 0.5
      vertex 64.66948681889095 67.32521902385214 0.5
      vertex 79.32842712474618 79.32842712474618 0.5
    endloop
  endfacet
  facet normal -0.3007057995042804 0.9537169507482246 0
    outer loop
      vertex 64.66948681889095 -67.32521902385214 -0.5
      vertex 64.66948681889095 -67.32521902385214 0.4900000000000002
      vertex 64.73606797749979 -67.30422606518061 -0.5
    endloop
  endfacet
  facet normal 0 0 -1
    outer loop
      vertex 64.66948681889095 -67.32521902385214 -0.5
      vertex 64.73606797749979 -67.30422606518061 -0.5
      vertex 80.5 -76.5 -0.5
    endloop
  endfacet
  facet normal -0.3007057995042804 0.9537169507482246 0
    outer loop
      vertex 64.66948681889095 -67.32521902385214 0.4900000000000002
      vertex 64.66948681889095 -67.32521902385214 0.5
      vertex 64.73606797749979 -67.30422606518061 -0.5
    endloop
  endfacet
  facet normal -0.3007057995042804 0.9537169507482246 0
    outer loop
      vertex 64.66948681889095 -67.32521902385214 0.5
      vertex 64.73606797749979 -67.30422606518061 0.5
      vertex 64.73606797749979 -67.30422606518061 -0.5
    endloop
  endfacet
  facet normal 0 0 1
    outer loop
      vertex 64.66948681889095 -67.32521902385214 0.5
      vertex 79.32842712474618 -79.32842712474618 0.5
      vertex 64.73606797749979 -67.30422606518061 0.5
    endloop
  endfacet
  facet normal -0.3007057995042804 -0.9537169507482246 0
    outer loop
      vertex 64.66948681889095 67.32521902385214 -0.5
      vertex 64.73606797749979 67.30422606518061 -0.5
      vertex 64.66948681889095 67.32521902385214 0.5
    endloop
  endfacet
  facet normal 0 0 -1
    outer loop
      vertex 64.66948681889095 67.32521902385214 -0.5
      vertex 79.32842712474618 79.32842712474618 -0.5
      vertex 64.73606797749979 67.30422606518061 -0.5
    endloop
  endfacet
  facet normal -0.3007057995042804 -0.9537169507482246 0
    outer loop
      vertex 64.66948681889095 67.32521902385214 0.5
      vertex 64.73606797749979 67.30422606518061 -0.5
      vertex 64.73606797749979 67.30422606518061 0.5
    endloop
  endfacet
  facet normal 0 0 1
    outer loop
      vertex 64.66948681889095 67.32521902385214 0.5
      vertex 64.73606797749979 67.30422606518061 0.5
      vertex 79.32842712474618 79.32842712474618 0.5
    endloop
  endfacet
  facet normal -0.31730465640516825 0.9483236552061739 0
    outer loop
      vertex 64.73606797749979 -67.30422606518061 -0.5
      vertex 64.73606797749979 -67.30422606518061 0.5
      vertex 64.80227261782862 -67.28207430239726 -0.5
    endloop
  endfacet
  facet normal 0 0 -1
    outer loop
      vertex 64.73606797749979 -67.30422606518061 -0.5
      vertex 64.80227261782862 -67.28207430239726 -0.5
      vertex 80.5 -76.5 -0.5
    endloop
  endfacet
  facet normal -0.31730465640516825 0.9483236552061739 0
    outer loop
      vertex 64.73606797749979 -67.30422606518061 0.5
      vertex 64.80227261782862 -67.28207430239726 0.5
      vertex 64.80227261782862 -67.28207430239726 -0.5
    endloop
  endfacet
  facet normal 0 0 1
    outer loop
      vertex 64.73606797749979 -67.30422606518061 0.5
      vertex 79.32842712474618 -79.32842712474618 0.5
      vertex 64.80227261782862 -67.28207430239726 0.5
    endloop
  endfacet
  facet normal -0.31730465640516825 -0.9483236552061739 0
    outer loop
      vertex 64.73606797749979 67.30422606518061 -0.5
      vertex 64.80227261782862 67.28207430239726 -0.5
      vertex 64.73606797749979 67.30422606518061 0.5
    endloop
  endfacet
  facet normal 0 0 -1
    outer loop
      vertex 64.73606797749979 67.30422606518061 -0.5
      vertex 79.32842712474618 79.32842712474618 -0.5
      vertex 64.80227261782862 67.28207430239726 -0.5
    endloop
  endfacet
  facet normal -0.31730465640516825 -0.9483236552061739 0
    outer loop
      vertex 64.73606797749979 67.30422606518061 0.5
      vertex 64.80227261782862 67.28207430239726 -0.5
      vertex 64.80227261782862 67.28207430239726 0.5
    endloop
  endfacet
  facet normal 0 0 1
    outer loop
      vertex 64.73606797749979 67.30422606518061 0.5
      vertex 64.80227261782862 67.28207430239726 0.5
      vertex 79.32842712474618 79.32842712474618 0.5
    endloop
  endfacet
  facet normal -0.33380685923364767 0.9426414910922222 0
    outer loop
      vertex 64.80227261782862 -67.28207430239726 -0.5
      vertex 64.80227261782862 -67.28207430239726 0.5
      vertex 64.86808057330268 -67.25877048314364 0.5
    endloop
  endfacet
  facet normal 0 0 -1
    outer loop
      vertex 64.80227261782862 -67.28207430239726 -0.5
      vertex 64.86808057330268 -67.25877048314364 -0.5
      vertex 80.5 -76.5 -0.5
    endloop
  endfacet
  facet normal -0.33380685923364767 0.9426414910922222 0
    outer loop
      vertex 64.80227261782862 -67.28207430239726 -0.5
      vertex 64.86808057330268 -67.25877048314364 0.5
      vertex 64.86808057330268 -67.25877048314364 -0.5
    endloop
  endfacet
  facet normal 0 0 1
    outer loop
      vertex 64.80227261782862 -67.28207430239726 0.5
      vertex 79.32842712474618 -79.32842712474618 0.5
      vertex 64.86808057330268 -67.25877048314364 0.5
    endloop
  endfacet
  facet normal -0.33380685923364767 -0.9426414910922222 0
    outer loop
      vertex 64.80227261782862 67.28207430239726 -0.5
      vertex 64.86808057330268 67.25877048314364 -0.5
      vertex 64.86808057330268 67.25877048314364 0.5
    endloop
  endfacet
  facet normal -0.33380685923364767 -0.9426414910922222 0
    outer loop
      vertex 64.80227261782862 67.28207430239726 -0.5
      vertex 64.86808057330268 67.25877048314364 0.5
      vertex 64.80227261782862 67.28207430239726 0.5
    endloop
  endfacet
  facet normal 0 0 -1
    outer loop
      vertex 64.80227261782862 67.28207430239726 -0.5
      vertex 79.32842712474618 79.32842712474618 -0.5
      vertex 64.86808057330268 67.25877048314364 -0.5
    endloop
  endfacet
  facet normal 0 0 1
    outer loop
      vertex 64.80227261782862 67.28207430239726 0.5
      vertex 64.86808057330268 67.25877048314364 0.5
      vertex 79.32842712474618 79.32842712474618 0.5
    endloop
  endfacet
  facet normal -0.3502073812595272 0.9366721892483754 0
    outer loop
      vertex 64.86808057330268 -67.25877048314364 -0.5
      vertex 64.86808057330268 -67.25877048314364 0.5
      vertex 64.9334717981812 -67.2343217059888 -0.5
    endloop
  endfacet
  facet normal 0 0 -1
    outer loop
      vertex 64.86808057330268 -67.25877048314364 -0.5
      vertex 64.9334717981812 -67.2343217059888 -0.5
      vertex 80.5 -76.5 -0.5
    endloop
  endfacet
  facet normal -0.3502073812595272 0.9366721892483754 0
    outer loop
      vertex 64.86808057330268 -67.25877048314364 0.5
      vertex 64.9334717981812 -67.2343217059888 0.5
      vertex 64.9334717981812 -67.2343217059888 -0.5
    endloop
  endfacet
  facet normal 0 0 1
    outer loop
      vertex 64.86808057330268 -67.25877048314364 0.5
      vertex 79.32842712474618 -79.32842712474618 0.5
      vertex 64.9334717981812 -67.2343217059888 0.5
    endloop
  endfacet
  facet normal -0.3502073812595272 -0.9366721892483754 0
    outer loop
      vertex 64.86808057330268 67.25877048314364 -0.5
      vertex 64.9334717981812 67.2343217059888 -0.5
      vertex 64.86808057330268 67.25877048314364 0.5
    endloop
  endfacet
  facet normal 0 0 -1
    outer loop
      vertex 64.86808057330268 67.25877048314364 -0.5
      vertex 79.32842712474618 79.32842712474618 -0.5
      vertex 64.9334717981812 67.2343217059888 -0.5
    endloop
  endfacet
  facet normal -0.3502073812595272 -0.9366721892483754 0
    outer loop
      vertex 64.86808057330268 67.25877048314364 0.5
      vertex 64.9334717981812 67.2343217059888 -0.5
      vertex 64.9334717981812 67.2343217059888 0.5
    endloop
  endfacet
  facet normal 0 0 1
    outer loop
      vertex 64.86808057330268 67.25877048314364 0.5
      vertex 64.9334717981812 67.2343217059888 0.5
      vertex 79.32842712474618 79.32842712474618 0.5
    endloop
  endfacet
  facet normal -0.36650122672422997 0.930417567982051 0
    outer loop
      vertex 64.9334717981812 -67.2343217059888 -0.5
      vertex 64.9334717981812 -67.2343217059888 0.5
      vertex 64.99842637366365 -67.20873541826715 0.5
    endloop
  endfacet
  facet normal 0 0 -1
    outer loop
      vertex 64.9334717981812 -67.2343217059888 -0.5
      vertex 64.99842637366365 -67.20873541826715 -0.5
      vertex 80.5 -76.5 -0.5
    endloop
  endfacet
  facet normal -0.3665012267242299 0.9304175679820511 0
    outer loop
      vertex 64.9334717981812 -67.2343217059888 -0.5
      vertex 64.99842637366365 -67.20873541826715 0.4900000000000002
      vertex 64.99842637366365 -67.20873541826715 -0.5
    endloop
  endfacet
  facet normal -0.366501226724233 0.9304175679820498 0
    outer loop
      vertex 64.9334717981812 -67.2343217059888 -0.5
      vertex 64.99842637366365 -67.20873541826715 0.5
      vertex 64.99842637366365 -67.20873541826715 0.4900000000000002
    endloop
  endfacet
  facet normal 0 0 1
    outer loop
      vertex 64.9334717981812 -67.2343217059888 0.5
      vertex 79.32842712474618 -79.32842712474618 0.5
      vertex 64.99842637366365 -67.20873541826715 0.5
    endloop
  endfacet
  facet normal -0.36650122672422997 -0.930417567982051 0
    outer loop
      vertex 64.9334717981812 67.2343217059888 -0.5
      vertex 64.99842637366365 67.20873541826715 -0.5
      vertex 64.99842637366365 67.20873541826715 0.5
    endloop
  endfacet
  facet normal -0.36650122672422997 -0.930417567982051 0
    outer loop
      vertex 64.9334717981812 67.2343217059888 -0.5
      vertex 64.99842637366365 67.20873541826715 0.5
      vertex 64.9334717981812 67.2343217059888 0.5
    endloop
  endfacet
  facet normal 0 0 -1
    outer loop
      vertex 64.9334717981812 67.2343217059888 -0.5
      vertex 79.32842712474618 79.32842712474618 -0.5
      vertex 64.99842637366365 67.20873541826715 -0.5
    endloop
  endfacet
  facet normal 0 0 1
    outer loop
      vertex 64.9334717981812 67.2343217059888 0.5
      vertex 64.99842637366365 67.20873541826715 0.5
      vertex 79.32842712474618 79.32842712474618 0.5
    endloop
  endfacet
  facet normal -0.38268343236518804 0.9238795325112461 0
    outer loop
      vertex 64.99842637366365 -67.20873541826715 -0.5
      vertex 64.99842637366365 -67.20873541826715 0.4900000000000002
      vertex 65.0629245139571 -67.18201941380975 0.4900000000000002
    endloop
  endfacet
  facet normal 0 0 -1
    outer loop
      vertex 64.99842637366365 -67.20873541826715 -0.5
      vertex 65.0629245139571 -67.18201941380975 -0.5
      vertex 80.5 -76.5 -0.5
    endloop
  endfacet
  facet normal -0.38268343236518804 0.9238795325112461 0
    outer loop
      vertex 64.99842637366365 -67.20873541826715 -0.5
      vertex 65.0629245139571 -67.18201941380975 0.4900000000000002
      vertex 65.0629245139571 -67.18201941380975 -0.5
    endloop
  endfacet
  facet normal -0.3826834323651879 0.923879532511246 0
    outer loop
      vertex 64.99842637366365 -67.20873541826715 0.4900000000000002
      vertex 64.99842637366365 -67.20873541826715 0.5
      vertex 65.0629245139571 -67.18201941380975 0.5
    endloop
  endfacet
  facet normal -0.3826834323651879 0.923879532511246 0
    outer loop
      vertex 64.99842637366365 -67.20873541826715 0.4900000000000002
      vertex 65.0629245139571 -67.18201941380975 0.5
      vertex 65.0629245139571 -67.18201941380975 0.4900000000000002
    endloop
  endfacet
  facet normal 0 0 1
    outer loop
      vertex 64.99842637366365 -67.20873541826715 0.5
      vertex 79.32842712474618 -79.32842712474618 0.5
      vertex 65.0629245139571 -67.18201941380975 0.5
    endloop
  endfacet
  facet normal -0.38268343236518804 -0.9238795325112461 0
    outer loop
      vertex 64.99842637366365 67.20873541826715 -0.5
      vertex 65.0629245139571 67.18201941380975 -0.5
      vertex 65.0629245139571 67.18201941380975 0.5
    endloop
  endfacet
  facet normal -0.38268343236518804 -0.9238795325112461 0
    outer loop
      vertex 64.99842637366365 67.20873541826715 -0.5
      vertex 65.0629245139571 67.18201941380975 0.5
      vertex 64.99842637366365 67.20873541826715 0.5
    endloop
  endfacet
  facet normal 0 0 -1
    outer loop
      vertex 64.99842637366365 67.20873541826715 -0.5
      vertex 79.32842712474618 79.32842712474618 -0.5
      vertex 65.0629245139571 67.18201941380975 -0.5
    endloop
  endfacet
  facet normal 0 0 1
    outer loop
      vertex 64.99842637366365 67.20873541826715 0.5
      vertex 65.0629245139571 67.18201941380975 0.5
      vertex 79.32842712474618 79.32842712474618 0.5
    endloop
  endfacet
  facet normal -0.39874906892515527 0.9170600743851636 0
    outer loop
      vertex 65.0629245139571 -67.18201941380975 -0.5
      vertex 65.0629245139571 -67.18201941380975 0.4900000000000002
      vertex 65.1269465723032 -67.15418183057041 -0.5
    endloop
  endfacet
  facet normal 0 0 -1
    outer loop
      vertex 65.0629245139571 -67.18201941380975 -0.5
      vertex 65.1269465723032 -67.15418183057041 -0.5
      vertex 80.5 -76.5 -0.5
    endloop
  endfacet
  facet normal -0.3987490689251553 0.9170600743851636 0
    outer loop
      vertex 65.0629245139571 -67.18201941380975 0.4900000000000002
      vertex 65.0629245139571 -67.18201941380975 0.5
      vertex 65.1269465723032 -67.15418183057041 -0.5
    endloop
  endfacet
  facet normal -0.39874906892515527 0.9170600743851635 0
    outer loop
      vertex 65.0629245139571 -67.18201941380975 0.5
      vertex 65.1269465723032 -67.15418183057041 0.5
      vertex 65.1269465723032 -67.15418183057041 -0.5
    endloop
  endfacet
  facet normal 0 0 1
    outer loop
      vertex 65.0629245139571 -67.18201941380975 0.5
      vertex 79.32842712474618 -79.32842712474618 0.5
      vertex 65.1269465723032 -67.15418183057041 0.5
    endloop
  endfacet
  facet normal -0.39874906892515527 -0.9170600743851635 0
    outer loop
      vertex 65.0629245139571 67.18201941380975 -0.5
      vertex 65.1269465723032 67.15418183057041 -0.5
      vertex 65.0629245139571 67.18201941380975 0.5
    endloop
  endfacet
  facet normal 0 0 -1
    outer loop
      vertex 65.0629245139571 67.18201941380975 -0.5
      vertex 79.32842712474618 79.32842712474618 -0.5
      vertex 65.1269465723032 67.15418183057041 -0.5
    endloop
  endfacet
  facet normal -0.39874906892515527 -0.9170600743851635 0
    outer loop
      vertex 65.0629245139571 67.18201941380975 0.5
      vertex 65.1269465723032 67.15418183057041 -0.5
      vertex 65.1269465723032 67.15418183057041 0.5
    endloop
  endfacet
  facet normal 0 0 1
    outer loop
      vertex 65.0629245139571 67.18201941380975 0.5
      vertex 65.1269465723032 67.15418183057041 0.5
      vertex 79.32842712474618 79.32842712474618 0.5
    endloop
  endfacet
  facet normal -0.41469324265633606 0.9099612708764989 0
    outer loop
      vertex 65.1269465723032 -67.15418183057041 -0.5
      vertex 65.1269465723032 -67.15418183057041 0.5
      vertex 65.1904730469628 -67.1252311481466 -0.5
    endloop
  endfacet
  facet normal 0 0 -1
    outer loop
      vertex 65.1269465723032 -67.15418183057041 -0.5
      vertex 65.1904730469628 -67.1252311481466 -0.5
      vertex 80.5 -76.5 -0.5
    endloop
  endfacet
  facet normal -0.41469324265633606 0.9099612708764989 0
    outer loop
      vertex 65.1269465723032 -67.15418183057041 0.5
      vertex 65.1904730469628 -67.1252311481466 0.5
      vertex 65.1904730469628 -67.1252311481466 -0.5
    endloop
  endfacet
  facet normal 0 0 1
    outer loop
      vertex 65.1269465723032 -67.15418183057041 0.5
      vertex 79.32842712474618 -79.32842712474618 0.5
      vertex 65.1904730469628 -67.1252311481466 0.5
    endloop
  endfacet
  facet normal -0.41469324265633606 -0.9099612708764989 0
    outer loop
      vertex 65.1269465723032 67.15418183057041 -0.5
      vertex 65.1904730469628 67.1252311481466 -0.5
      vertex 65.1269465723032 67.15418183057041 0.5
    endloop
  endfacet
  facet normal 0 0 -1
    outer loop
      vertex 65.1269465723032 67.15418183057041 -0.5
      vertex 79.32842712474618 79.32842712474618 -0.5
      vertex 65.1904730469628 67.1252311481466 -0.5
    endloop
  endfacet
  facet normal -0.41469324265633606 -0.9099612708764989 0
    outer loop
      vertex 65.1269465723032 67.15418183057041 0.5
      vertex 65.1904730469628 67.1252311481466 -0.5
      vertex 65.1904730469628 67.1252311481466 0.5
    endloop
  endfacet
  facet normal 0 0 1
    outer loop
      vertex 65.1269465723032 67.15418183057041 0.5
      vertex 65.1904730469628 67.1252311481466 0.5
      vertex 79.32842712474618 79.32842712474618 0.5
    endloop
  endfacet
  facet normal -0.43051109680829425 0.9025852843498612 0
    outer loop
      vertex 65.1904730469628 -67.1252311481466 -0.5
      vertex 65.1904730469628 -67.1252311481466 0.5
      vertex 65.25348458715631 -67.09517618519666 0.5
    endloop
  endfacet
  facet normal 0 0 -1
    outer loop
      vertex 65.1904730469628 -67.1252311481466 -0.5
      vertex 65.25348458715631 -67.09517618519666 -0.5
      vertex 80.5 -76.5 -0.5
    endloop
  endfacet
  facet normal -0.43051109680829425 0.9025852843498612 0
    outer loop
      vertex 65.1904730469628 -67.1252311481466 -0.5
      vertex 65.25348458715631 -67.09517618519666 0.5
      vertex 65.25348458715631 -67.09517618519666 -0.5
    endloop
  endfacet
  facet normal 0 0 1
    outer loop
      vertex 65.1904730469628 -67.1252311481466 0.5
      vertex 79.32842712474618 -79.32842712474618 0.5
      vertex 65.25348458715631 -67.09517618519666 0.5
    endloop
  endfacet
  facet normal -0.43051109680829425 -0.9025852843498612 0
    outer loop
      vertex 65.1904730469628 67.1252311481466 -0.5
      vertex 65.25348458715631 67.09517618519666 -0.5
      vertex 65.25348458715631 67.09517618519666 0.5
    endloop
  endfacet
  facet normal -0.43051109680829425 -0.9025852843498612 0
    outer loop
      vertex 65.1904730469628 67.1252311481466 -0.5
      vertex 65.25348458715631 67.09517618519666 0.5
      vertex 65.1904730469628 67.1252311481466 0.5
    endloop
  endfacet
  facet normal 0 0 -1
    outer loop
      vertex 65.1904730469628 67.1252311481466 -0.5
      vertex 79.32842712474618 79.32842712474618 -0.5
      vertex 65.25348458715631 67.09517618519666 -0.5
    endloop
  endfacet
  facet normal 0 0 1
    outer loop
      vertex 65.1904730469628 67.1252311481466 0.5
      vertex 65.25348458715631 67.09517618519666 0.5
      vertex 79.32842712474618 79.32842712474618 0.5
    endloop
  endfacet
  facet normal -0.446197813109815 0.894934361602022 0
    outer loop
      vertex 65.25348458715631 -67.09517618519666 -0.5
      vertex 65.25348458715631 -67.09517618519666 0.5
      vertex 65.31596199895819 -67.06402609675347 0.4900000000000002
    endloop
  endfacet
  facet normal 0 0 -1
    outer loop
      vertex 65.25348458715631 -67.09517618519666 -0.5
      vertex 65.31596199895819 -67.06402609675347 -0.5
      vertex 80.5 -76.5 -0.5
    endloop
  endfacet
  facet normal -0.446197813109815 0.894934361602022 0
    outer loop
      vertex 65.25348458715631 -67.09517618519666 -0.5
      vertex 65.31596199895819 -67.06402609675347 0.4900000000000002
      vertex 65.31596199895819 -67.06402609675347 -0.5
    endloop
  endfacet
  facet normal -0.44619781310981493 0.8949343616020219 0
    outer loop
      vertex 65.25348458715631 -67.09517618519666 0.5
      vertex 65.31596199895819 -67.06402609675347 0.5
      vertex 65.31596199895819 -67.06402609675347 0.4900000000000002
    endloop
  endfacet
  facet normal 0 0 1
    outer loop
      vertex 65.25348458715631 -67.09517618519666 0.5
      vertex 79.32842712474618 -79.32842712474618 0.5
      vertex 65.31596199895819 -67.06402609675347 0.5
    endloop
  endfacet
  facet normal -0.446197813109815 -0.894934361602022 0
    outer loop
      vertex 65.25348458715631 67.09517618519666 -0.5
      vertex 65.31596199895819 67.06402609675347 -0.5
      vertex 65.25348458715631 67.09517618519666 0.5
    endloop
  endfacet
  facet normal 0 0 -1
    outer loop
      vertex 65.25348458715631 67.09517618519666 -0.5
      vertex 79.32842712474618 79.32842712474618 -0.5
      vertex 65.31596199895819 67.06402609675347 -0.5
    endloop
  endfacet
  facet normal -0.446197813109815 -0.894934361602022 0
    outer loop
      vertex 65.25348458715631 67.09517618519666 0.5
      vertex 65.31596199895819 67.06402609675347 -0.5
      vertex 65.31596199895819 67.06402609675347 0.5
    endloop
  endfacet
  facet normal 0 0 1
    outer loop
      vertex 65.25348458715631 67.09517618519666 0.5
      vertex 65.31596199895819 67.06402609675347 0.5
      vertex 79.32842712474618 79.32842712474618 0.5
    endloop
  endfacet
  facet normal -0.4617486132349977 0.8870108331782407 0
    outer loop
      vertex 65.31596199895819 -67.06402609675347 -0.5
      vertex 65.31596199895819 -67.06402609675347 0.4900000000000002
      vertex 65.37788625114356 -67.0317903714357 -0.5
    endloop
  endfacet
  facet normal 0 0 -1
    outer loop
      vertex 65.31596199895819 -67.06402609675347 -0.5
      vertex 65.37788625114356 -67.0317903714357 -0.5
      vertex 80.5 -76.5 -0.5
    endloop
  endfacet
  facet normal -0.46174861323499766 0.8870108331782406 0
    outer loop
      vertex 65.31596199895819 -67.06402609675347 0.4900000000000002
      vertex 65.31596199895819 -67.06402609675347 0.5
      vertex 65.37788625114356 -67.0317903714357 0.5
    endloop
  endfacet
  facet normal -0.4617486132349976 0.8870108331782406 0
    outer loop
      vertex 65.31596199895819 -67.06402609675347 0.4900000000000002
      vertex 65.37788625114356 -67.0317903714357 0.5
      vertex 65.37788625114356 -67.0317903714357 -0.5
    endloop
  endfacet
  facet normal 0 0 1
    outer loop
      vertex 65.31596199895819 -67.06402609675347 0.5
      vertex 79.32842712474618 -79.32842712474618 0.5
      vertex 65.37788625114356 -67.0317903714357 0.5
    endloop
  endfacet
  facet normal -0.4617486132349976 -0.8870108331782406 0
    outer loop
      vertex 65.31596199895819 67.06402609675347 -0.5
      vertex 65.37788625114356 67.0317903714357 -0.5
      vertex 65.37788625114356 67.0317903714357 0.5
    endloop
  endfacet
  facet normal -0.4617486132349976 -0.8870108331782406 0
    outer loop
      vertex 65.31596199895819 67.06402609675347 -0.5
      vertex 65.37788625114356 67.0317903714357 0.5
      vertex 65.31596199895819 67.06402609675347 0.5
    endloop
  endfacet
  facet normal 0 0 -1
    outer loop
      vertex 65.31596199895819 67.06402609675347 -0.5
      vertex 79.32842712474618 79.32842712474618 -0.5
      vertex 65.37788625114356 67.0317903714357 -0.5
    endloop
  endfacet
  facet normal 0 0 1
    outer loop
      vertex 65.31596199895819 67.06402609675347 0.5
      vertex 65.37788625114356 67.0317903714357 0.5
      vertex 79.32842712474618 79.32842712474618 0.5
    endloop
  endfacet
  facet normal -0.47715876025958726 0.8788171126619768 0
    outer loop
      vertex 65.37788625114356 -67.0317903714357 -0.5
      vertex 65.37788625114356 -67.0317903714357 0.5
      vertex 65.43923848098535 -66.99847882855758 0.5
    endloop
  endfacet
  facet normal 0 0 -1
    outer loop
      vertex 65.37788625114356 -67.0317903714357 -0.5
      vertex 65.43923848098535 -66.99847882855758 -0.5
      vertex 80.5 -76.5 -0.5
    endloop
  endfacet
  facet normal -0.47715876025958726 0.8788171126619768 0
    outer loop
      vertex 65.37788625114356 -67.0317903714357 -0.5
      vertex 65.43923848098535 -66.99847882855758 0.5
      vertex 65.43923848098535 -66.99847882855758 -0.5
    endloop
  endfacet
  facet normal 0 0 1
    outer loop
      vertex 65.37788625114356 -67.0317903714357 0.5
      vertex 79.32842712474618 -79.32842712474618 0.5
      vertex 65.43923848098535 -66.99847882855758 0.5
    endloop
  endfacet
  facet normal -0.47715876025958726 -0.8788171126619768 0
    outer loop
      vertex 65.37788625114356 67.0317903714357 -0.5
      vertex 65.43923848098535 66.99847882855758 -0.5
      vertex 65.43923848098535 66.99847882855758 0.5
    endloop
  endfacet
  facet normal -0.47715876025958726 -0.8788171126619768 0
    outer loop
      vertex 65.37788625114356 67.0317903714357 -0.5
      vertex 65.43923848098535 66.99847882855758 0.5
      vertex 65.37788625114356 67.0317903714357 0.5
    endloop
  endfacet
  facet normal 0 0 -1
    outer loop
      vertex 65.37788625114356 67.0317903714357 -0.5
      vertex 79.32842712474618 79.32842712474618 -0.5
      vertex 65.43923848098535 66.99847882855758 -0.5
    endloop
  endfacet
  facet normal 0 0 1
    outer loop
      vertex 65.37788625114356 67.0317903714357 0.5
      vertex 65.43923848098535 66.99847882855758 0.5
      vertex 79.32842712474618 79.32842712474618 0.5
    endloop
  endfacet
  facet normal -0.4924235601035126 0.8703556959398739 0
    outer loop
      vertex 65.43923848098535 -66.99847882855758 -0.5
      vertex 65.43923848098535 -66.99847882855758 0.5
      vertex 65.5 -66.96410161513775 0.4900000000000002
    endloop
  endfacet
  facet normal 0 0 -1
    outer loop
      vertex 65.43923848098535 -66.99847882855758 -0.5
      vertex 65.5 -66.96410161513775 -0.5
      vertex 80.5 -76.5 -0.5
    endloop
  endfacet
  facet normal -0.49242356010351257 0.8703556959398738 0
    outer loop
      vertex 65.43923848098535 -66.99847882855758 -0.5
      vertex 65.5 -66.96410161513775 0.4900000000000002
      vertex 65.5 -66.96410161513775 -0.5
    endloop
  endfacet
  facet normal -0.4924235601035126 0.8703556959398739 0
    outer loop
      vertex 65.43923848098535 -66.99847882855758 0.5
      vertex 65.5 -66.96410161513775 0.5
      vertex 65.5 -66.96410161513775 0.4900000000000002
    endloop
  endfacet
  facet normal 0 0 1
    outer loop
      vertex 65.43923848098535 -66.99847882855758 0.5
      vertex 79.32842712474618 -79.32842712474618 0.5
      vertex 65.5 -66.96410161513775 0.5
    endloop
  endfacet
  facet normal -0.4924235601035126 -0.8703556959398739 0
    outer loop
      vertex 65.43923848098535 66.99847882855758 -0.5
      vertex 65.5 66.96410161513775 -0.5
      vertex 65.43923848098535 66.99847882855758 0.5
    endloop
  endfacet
  facet normal 0 0 -1
    outer loop
      vertex 65.43923848098535 66.99847882855758 -0.5
      vertex 79.32842712474618 79.32842712474618 -0.5
      vertex 65.5 66.96410161513775 -0.5
    endloop
  endfacet
  facet normal -0.4924235601035126 -0.8703556959398739 0
    outer loop
      vertex 65.43923848098535 66.99847882855758 0.5
      vertex 65.5 66.96410161513775 -0.5
      vertex 65.5 66.96410161513775 0.5
    endloop
  endfacet
  facet normal 0 0 1
    outer loop
      vertex 65.43923848098535 66.99847882855758 0.5
      vertex 65.5 66.96410161513775 0.5
      vertex 79.32842712474618 79.32842712474618 0.5
    endloop
  endfacet
  facet normal -0.5075383629606086 0.8616291604415821 0
    outer loop
      vertex 65.5 -66.96410161513775 -0.5
      vertex 65.5 -66.96410161513775 0.4900000000000002
      vertex 65.56015229964022 -66.92866920280845 -0.5
    endloop
  endfacet
  facet normal 0 0 -1
    outer loop
      vertex 65.5 -66.96410161513775 -0.5
      vertex 65.56015229964022 -66.92866920280845 -0.5
      vertex 80.5 -76.5 -0.5
    endloop
  endfacet
  facet normal -0.5075383629606086 0.8616291604415819 0
    outer loop
      vertex 65.5 -66.96410161513775 0.4900000000000002
      vertex 65.5 -66.96410161513775 0.5
      vertex 65.56015229964022 -66.92866920280845 0.5
    endloop
  endfacet
  facet normal -0.5075383629606086 0.8616291604415821 0
    outer loop
      vertex 65.5 -66.96410161513775 0.4900000000000002
      vertex 65.56015229964022 -66.92866920280845 0.4900000000000002
      vertex 65.56015229964022 -66.92866920280845 -0.5
    endloop
  endfacet
  facet normal -0.5075383629606086 0.8616291604415819 0
    outer loop
      vertex 65.5 -66.96410161513775 0.4900000000000002
      vertex 65.56015229964022 -66.92866920280845 0.5
      vertex 65.56015229964022 -66.92866920280845 0.4900000000000002
    endloop
  endfacet
  facet normal 0 0 1
    outer loop
      vertex 65.5 -66.96410161513775 0.5
      vertex 79.32842712474618 -79.32842712474618 0.5
      vertex 65.56015229964022 -66.92866920280845 0.5
    endloop
  endfacet
  facet normal -0.5075383629606086 -0.861629160441582 0
    outer loop
      vertex 65.5 66.96410161513775 -0.5
      vertex 65.56015229964022 66.92866920280845 -0.5
      vertex 65.56015229964022 66.92866920280845 0.5
    endloop
  endfacet
  facet normal -0.5075383629606086 -0.861629160441582 0
    outer loop
      vertex 65.5 66.96410161513775 -0.5
      vertex 65.56015229964022 66.92866920280845 0.5
      vertex 65.5 66.96410161513775 0.5
    endloop
  endfacet
  facet normal 0 0 -1
    outer loop
      vertex 65.5 66.96410161513775 -0.5
      vertex 79.32842712474618 79.32842712474618 -0.5
      vertex 65.56015229964022 66.92866920280845 -0.5
    endloop
  endfacet
  facet normal 0 0 1
    outer loop
      vertex 65.5 66.96410161513775 0.5
      vertex 65.56015229964022 66.92866920280845 0.5
      vertex 79.32842712474618 79.32842712474618 0.5
    endloop
  endfacet
  facet normal -0.5224985647160489 0.852640164354031 0
    outer loop
      vertex 65.56015229964022 -66.92866920280845 -0.5
      vertex 65.56015229964022 -66.92866920280845 0.4900000000000002
      vertex 65.61967705693282 -66.8921923846257 -0.5
    endloop
  endfacet
  facet normal 0 0 -1
    outer loop
      vertex 65.56015229964022 -66.92866920280845 -0.5
      vertex 65.61967705693282 -66.8921923846257 -0.5
      vertex 80.5 -76.5 -0.5
    endloop
  endfacet
  facet normal -0.5224985647160489 0.852640164354031 0
    outer loop
      vertex 65.56015229964022 -66.92866920280845 0.4900000000000002
      vertex 65.56015229964022 -66.92866920280845 0.5
      vertex 65.61967705693282 -66.8921923846257 -0.5
    endloop
  endfacet
  facet normal -0.5224985647160488 0.8526401643540309 0
    outer loop
      vertex 65.56015229964022 -66.92866920280845 0.5
      vertex 65.61967705693282 -66.8921923846257 0.5
      vertex 65.61967705693282 -66.8921923846257 -0.5
    endloop
  endfacet
  facet normal 0 0 1
    outer loop
      vertex 65.56015229964022 -66.92866920280845 0.5
      vertex 79.32842712474618 -79.32842712474618 0.5
      vertex 65.61967705693282 -66.8921923846257 0.5
    endloop
  endfacet
  facet normal -0.5224985647160488 -0.8526401643540309 0
    outer loop
      vertex 65.56015229964022 66.92866920280845 -0.5
      vertex 65.61967705693282 66.8921923846257 -0.5
      vertex 65.56015229964022 66.92866920280845 0.5
    endloop
  endfacet
  facet normal 0 0 -1
    outer loop
      vertex 65.56015229964022 66.92866920280845 -0.5
      vertex 79.32842712474618 79.32842712474618 -0.5
      vertex 65.61967705693282 66.8921923846257 -0.5
    endloop
  endfacet
  facet normal -0.5224985647160488 -0.8526401643540309 0
    outer loop
      vertex 65.56015229964022 66.92866920280845 0.5
      vertex 65.61967705693282 66.8921923846257 -0.5
      vertex 65.61967705693282 66.8921923846257 0.5
    endloop
  endfacet
  facet normal 0 0 1
    outer loop
      vertex 65.56015229964022 66.92866920280845 0.5
      vertex 65.61967705693282 66.8921923846257 0.5
      vertex 79.32842712474618 79.32842712474618 0.5
    endloop
  endfacet
  facet normal -0.5372996083467428 0.8433914458129373 0
    outer loop
      vertex 65.61967705693282 -66.8921923846257 -0.5
      vertex 65.61967705693282 -66.8921923846257 0.5
      vertex 65.67855614006011 -66.8546822717817 0.5
    endloop
  endfacet
  facet normal 0 0 -1
    outer loop
      vertex 65.61967705693282 -66.8921923846257 -0.5
      vertex 65.67855614006011 -66.8546822717817 -0.5
      vertex 80.5 -76.5 -0.5
    endloop
  endfacet
  facet normal -0.5372996083467428 0.8433914458129373 0
    outer loop
      vertex 65.61967705693282 -66.8921923846257 -0.5
      vertex 65.67855614006011 -66.8546822717817 0.4900000000000002
      vertex 65.67855614006011 -66.8546822717817 -0.5
    endloop
  endfacet
  facet normal -0.5372996083467405 0.8433914458129388 0
    outer loop
      vertex 65.61967705693282 -66.8921923846257 -0.5
      vertex 65.67855614006011 -66.8546822717817 0.5
      vertex 65.67855614006011 -66.8546822717817 0.4900000000000002
    endloop
  endfacet
  facet normal 0 0 1
    outer loop
      vertex 65.61967705693282 -66.8921923846257 0.5
      vertex 79.32842712474618 -79.32842712474618 0.5
      vertex 65.67855614006011 -66.8546822717817 0.5
    endloop
  endfacet
  facet normal -0.5372996083467428 -0.8433914458129373 0
    outer loop
      vertex 65.61967705693282 66.8921923846257 -0.5
      vertex 65.67855614006011 66.8546822717817 -0.5
      vertex 65.61967705693282 66.8921923846257 0.5
    endloop
  endfacet
  facet normal 0 0 -1
    outer loop
      vertex 65.61967705693282 66.8921923846257 -0.5
      vertex 79.32842712474618 79.32842712474618 -0.5
      vertex 65.67855614006011 66.8546822717817 -0.5
    endloop
  endfacet
  facet normal -0.5372996083467428 -0.8433914458129373 0
    outer loop
      vertex 65.61967705693282 66.8921923846257 0.5
      vertex 65.67855614006011 66.8546822717817 -0.5
      vertex 65.67855614006011 66.8546822717817 0.5
    endloop
  endfacet
  facet normal 0 0 1
    outer loop
      vertex 65.61967705693282 66.8921923846257 0.5
      vertex 65.67855614006011 66.8546822717817 0.5
      vertex 79.32842712474618 79.32842712474618 0.5
    endloop
  endfacet
  facet normal -0.5519369853120658 0.833885822067163 0
    outer loop
      vertex 65.67855614006011 -66.8546822717817 -0.5
      vertex 65.67855614006011 -66.8546822717817 0.4900000000000002
      vertex 65.736771613883 -66.81615029022016 -0.5
    endloop
  endfacet
  facet normal 0 0 -1
    outer loop
      vertex 65.67855614006011 -66.8546822717817 -0.5
      vertex 65.736771613883 -66.81615029022016 -0.5
      vertex 80.5 -76.5 -0.5
    endloop
  endfacet
  facet normal -0.5519369853120659 0.8338858220671631 0
    outer loop
      vertex 65.67855614006011 -66.8546822717817 0.4900000000000002
      vertex 65.67855614006011 -66.8546822717817 0.5
      vertex 65.736771613883 -66.81615029022016 0.5
    endloop
  endfacet
  facet normal -0.5519369853120658 0.833885822067163 0
    outer loop
      vertex 65.67855614006011 -66.8546822717817 0.4900000000000002
      vertex 65.736771613883 -66.81615029022016 0.4900000000000002
      vertex 65.736771613883 -66.81615029022016 -0.5
    endloop
  endfacet
  facet normal -0.5519369853120659 0.8338858220671631 0
    outer loop
      vertex 65.67855614006011 -66.8546822717817 0.4900000000000002
      vertex 65.736771613883 -66.81615029022016 0.5
      vertex 65.736771613883 -66.81615029022016 0.4900000000000002
    endloop
  endfacet
  facet normal 0 0 1
    outer loop
      vertex 65.67855614006011 -66.8546822717817 0.5
      vertex 79.32842712474618 -79.32842712474618 0.5
      vertex 65.736771613883 -66.81615029022016 0.5
    endloop
  endfacet
  facet normal -0.5519369853120659 -0.833885822067163 0
    outer loop
      vertex 65.67855614006011 66.8546822717817 -0.5
      vertex 65.736771613883 66.81615029022016 -0.5
      vertex 65.736771613883 66.81615029022016 0.5
    endloop
  endfacet
  facet normal -0.5519369853120659 -0.833885822067163 0
    outer loop
      vertex 65.67855614006011 66.8546822717817 -0.5
      vertex 65.736771613883 66.81615029022016 0.5
      vertex 65.67855614006011 66.8546822717817 0.5
    endloop
  endfacet
  facet normal 0 0 -1
    outer loop
      vertex 65.67855614006011 66.8546822717817 -0.5
      vertex 79.32842712474618 79.32842712474618 -0.5
      vertex 65.736771613883 66.81615029022016 -0.5
    endloop
  endfacet
  facet normal 0 0 1
    outer loop
      vertex 65.67855614006011 66.8546822717817 0.5
      vertex 65.736771613883 66.81615029022016 0.5
      vertex 79.32842712474618 79.32842712474618 0.5
    endloop
  endfacet
  facet normal -0.566406236924861 0.8241261886219964 0
    outer loop
      vertex 65.736771613883 -66.81615029022016 -0.5
      vertex 65.736771613883 -66.81615029022016 0.4900000000000002
      vertex 65.79430574540419 -66.77660817715596 0.4900000000000002
    endloop
  endfacet
  facet normal 0 0 -1
    outer loop
      vertex 65.736771613883 -66.81615029022016 -0.5
      vertex 65.79430574540419 -66.77660817715596 -0.5
      vertex 80.5 -76.5 -0.5
    endloop
  endfacet
  facet normal -0.566406236924861 0.8241261886219964 0
    outer loop
      vertex 65.736771613883 -66.81615029022016 -0.5
      vertex 65.79430574540419 -66.77660817715596 0.4900000000000002
      vertex 65.79430574540419 -66.77660817715596 -0.5
    endloop
  endfacet
  facet normal -0.5664062369248609 0.8241261886219964 0
    outer loop
      vertex 65.736771613883 -66.81615029022016 0.4900000000000002
      vertex 65.736771613883 -66.81615029022016 0.5
      vertex 65.79430574540419 -66.77660817715596 0.4900000000000002
    endloop
  endfacet
  facet normal -0.5664062369248609 0.8241261886219964 0
    outer loop
      vertex 65.736771613883 -66.81615029022016 0.5
      vertex 65.79430574540419 -66.77660817715596 0.5
      vertex 65.79430574540419 -66.77660817715596 0.4900000000000002
    endloop
  endfacet
  facet normal 0 0 1
    outer loop
      vertex 65.736771613883 -66.81615029022016 0.5
      vertex 79.32842712474618 -79.32842712474618 0.5
      vertex 65.79430574540419 -66.77660817715596 0.5
    endloop
  endfacet
  facet normal -0.566406236924861 -0.8241261886219964 0
    outer loop
      vertex 65.736771613883 66.81615029022016 -0.5
      vertex 65.79430574540419 66.77660817715596 -0.5
      vertex 65.79430574540419 66.77660817715596 0.4900000000000002
    endloop
  endfacet
  facet normal -0.5664062369248609 -0.8241261886219964 0
    outer loop
      vertex 65.736771613883 66.81615029022016 -0.5
      vertex 65.79430574540419 66.77660817715596 0.4900000000000002
      vertex 65.736771613883 66.81615029022016 0.5
    endloop
  endfacet
  facet normal 0 0 -1
    outer loop
      vertex 65.736771613883 66.81615029022016 -0.5
      vertex 79.32842712474618 79.32842712474618 -0.5
      vertex 65.79430574540419 66.77660817715596 -0.5
    endloop
  endfacet
  facet normal -0.5664062369248609 -0.8241261886219964 0
    outer loop
      vertex 65.736771613883 66.81615029022016 0.5
      vertex 65.79430574540419 66.77660817715596 0.4900000000000002
      vertex 65.79430574540419 66.77660817715596 0.5
    endloop
  endfacet
  facet normal 0 0 1
    outer loop
      vertex 65.736771613883 66.81615029022016 0.5
      vertex 65.79430574540419 66.77660817715596 0.5
      vertex 79.32842712474618 79.32842712474618 0.5
    endloop
  endfacet
  facet normal -0.5807029557109599 0.8141155183563049 0
    outer loop
      vertex 65.79430574540419 -66.77660817715596 -0.5
      vertex 65.79430574540419 -66.77660817715596 0.4900000000000002
      vertex 65.8511410091699 -66.73606797749979 0.4900000000000002
    endloop
  endfacet
  facet normal 0 0 -1
    outer loop
      vertex 65.79430574540419 -66.77660817715596 -0.5
      vertex 65.8511410091699 -66.73606797749979 -0.5
      vertex 80.5 -76.5 -0.5
    endloop
  endfacet
  facet normal -0.5807029557109599 0.8141155183563049 0
    outer loop
      vertex 65.79430574540419 -66.77660817715596 -0.5
      vertex 65.8511410091699 -66.73606797749979 0.4900000000000002
      vertex 65.8511410091699 -66.73606797749979 -0.5
    endloop
  endfacet
  facet normal -0.5807029557109598 0.8141155183563049 0
    outer loop
      vertex 65.79430574540419 -66.77660817715596 0.4900000000000002
      vertex 65.79430574540419 -66.77660817715596 0.5
      vertex 65.8511410091699 -66.73606797749979 0.4900000000000002
    endloop
  endfacet
  facet normal -0.5807029557109598 0.8141155183563049 0
    outer loop
      vertex 65.79430574540419 -66.77660817715596 0.5
      vertex 65.8511410091699 -66.73606797749979 0.5
      vertex 65.8511410091699 -66.73606797749979 0.4900000000000002
    endloop
  endfacet
  facet normal 0 0 1
    outer loop
      vertex 65.79430574540419 -66.77660817715596 0.5
      vertex 79.32842712474618 -79.32842712474618 0.5
      vertex 65.8511410091699 -66.73606797749979 0.5
    endloop
  endfacet
  facet normal -0.5807029557109599 -0.8141155183563049 0
    outer loop
      vertex 65.79430574540419 66.77660817715596 -0.5
      vertex 65.8511410091699 66.73606797749979 -0.5
      vertex 65.79430574540419 66.77660817715596 0.4900000000000002
    endloop
  endfacet
  facet normal 0 0 -1
    outer loop
      vertex 65.79430574540419 66.77660817715596 -0.5
      vertex 79.32842712474618 79.32842712474618 -0.5
      vertex 65.8511410091699 66.73606797749979 -0.5
    endloop
  endfacet
  facet normal -0.5807029557109599 -0.814115518356305 0
    outer loop
      vertex 65.79430574540419 66.77660817715596 0.4900000000000002
      vertex 65.8511410091699 66.73606797749979 -0.5
      vertex 65.8511410091699 66.73606797749979 0.5
    endloop
  endfacet
  facet normal -0.5807029557109598 -0.8141155183563049 0
    outer loop
      vertex 65.79430574540419 66.77660817715596 0.4900000000000002
      vertex 65.8511410091699 66.73606797749979 0.5
      vertex 65.79430574540419 66.77660817715596 0.5
    endloop
  endfacet
  facet normal 0 0 1
    outer loop
      vertex 65.79430574540419 66.77660817715596 0.5
      vertex 65.8511410091699 66.73606797749979 0.5
      vertex 79.32842712474618 79.32842712474618 0.5
    endloop
  endfacet
  facet normal -0.5948227867512369 0.8038568606172946 0
    outer loop
      vertex 65.8511410091699 -66.73606797749979 -0.5
      vertex 65.8511410091699 -66.73606797749979 0.4900000000000002
      vertex 65.9072600926082 -66.69454204018918 -0.5
    endloop
  endfacet
  facet normal 0 0 -1
    outer loop
      vertex 65.8511410091699 -66.73606797749979 -0.5
      vertex 65.9072600926082 -66.69454204018918 -0.5
      vertex 80.5 -76.5 -0.5
    endloop
  endfacet
  facet normal -0.594822786751237 0.8038568606172947 0
    outer loop
      vertex 65.8511410091699 -66.73606797749979 0.4900000000000002
      vertex 65.8511410091699 -66.73606797749979 0.5
      vertex 65.9072600926082 -66.69454204018918 0.5
    endloop
  endfacet
  facet normal -0.594822786751237 0.8038568606172946 0
    outer loop
      vertex 65.8511410091699 -66.73606797749979 0.4900000000000002
      vertex 65.9072600926082 -66.69454204018918 0.5
      vertex 65.9072600926082 -66.69454204018918 -0.5
    endloop
  endfacet
  facet normal 0 0 1
    outer loop
      vertex 65.8511410091699 -66.73606797749979 0.5
      vertex 79.32842712474618 -79.32842712474618 0.5
      vertex 65.9072600926082 -66.69454204018918 0.5
    endloop
  endfacet
  facet normal -0.594822786751237 -0.8038568606172946 0
    outer loop
      vertex 65.8511410091699 66.73606797749979 -0.5
      vertex 65.9072600926082 66.69454204018918 -0.5
      vertex 65.9072600926082 66.69454204018918 0.5
    endloop
  endfacet
  facet normal -0.594822786751237 -0.8038568606172946 0
    outer loop
      vertex 65.8511410091699 66.73606797749979 -0.5
      vertex 65.9072600926082 66.69454204018918 0.5
      vertex 65.8511410091699 66.73606797749979 0.5
    endloop
  endfacet
  facet normal 0 0 -1
    outer loop
      vertex 65.8511410091699 66.73606797749979 -0.5
      vertex 79.32842712474618 79.32842712474618 -0.5
      vertex 65.9072600926082 66.69454204018918 -0.5
    endloop
  endfacet
  facet normal 0 0 1
    outer loop
      vertex 65.8511410091699 66.73606797749979 0.5
      vertex 65.9072600926082 66.69454204018918 0.5
      vertex 79.32842712474618 79.32842712474618 0.5
    endloop
  endfacet
  facet normal -0.6087614290087185 0.7933533402912369 0
    outer loop
      vertex 65.9072600926082 -66.69454204018918 -0.5
      vertex 65.9072600926082 -66.69454204018918 0.5
      vertex 65.96264590130264 -66.6520430144269 -0.5
    endloop
  endfacet
  facet normal 0 0 -1
    outer loop
      vertex 65.9072600926082 -66.69454204018918 -0.5
      vertex 65.96264590130264 -66.6520430144269 -0.5
      vertex 80.5 -76.5 -0.5
    endloop
  endfacet
  facet normal -0.6087614290087185 0.7933533402912369 0
    outer loop
      vertex 65.9072600926082 -66.69454204018918 0.5
      vertex 65.96264590130264 -66.6520430144269 0.5
      vertex 65.96264590130264 -66.6520430144269 -0.5
    endloop
  endfacet
  facet normal 0 0 1
    outer loop
      vertex 65.9072600926082 -66.69454204018918 0.5
      vertex 79.32842712474618 -79.32842712474618 0.5
      vertex 65.96264590130264 -66.6520430144269 0.5
    endloop
  endfacet
  facet normal -0.6087614290087185 -0.7933533402912369 0
    outer loop
      vertex 65.9072600926082 66.69454204018918 -0.5
      vertex 65.96264590130264 66.6520430144269 -0.5
      vertex 65.96264590130264 66.6520430144269 0.5
    endloop
  endfacet
  facet normal -0.6087614290087185 -0.7933533402912369 0
    outer loop
      vertex 65.9072600926082 66.69454204018918 -0.5
      vertex 65.96264590130264 66.6520430144269 0.5
      vertex 65.9072600926082 66.69454204018918 0.5
    endloop
  endfacet
  facet normal 0 0 -1
    outer loop
      vertex 65.9072600926082 66.69454204018918 -0.5
      vertex 79.32842712474618 79.32842712474618 -0.5
      vertex 65.96264590130264 66.6520430144269 -0.5
    endloop
  endfacet
  facet normal 0 0 1
    outer loop
      vertex 65.9072600926082 66.69454204018918 0.5
      vertex 65.96264590130264 66.6520430144269 0.5
      vertex 79.32842712474618 79.32842712474618 0.5
    endloop
  endfacet
  facet normal -0.622514636637721 0.7826081568523332 0
    outer loop
      vertex 65.96264590130264 -66.6520430144269 -0.5
      vertex 65.96264590130264 -66.6520430144269 0.5
      vertex 66.01728156419935 -66.60858384582788 0.5
    endloop
  endfacet
  facet normal 0 0 -1
    outer loop
      vertex 65.96264590130264 -66.6520430144269 -0.5
      vertex 66.01728156419935 -66.60858384582788 -0.5
      vertex 80.5 -76.5 -0.5
    endloop
  endfacet
  facet normal -0.622514636637721 0.7826081568523332 0
    outer loop
      vertex 65.96264590130264 -66.6520430144269 -0.5
      vertex 66.01728156419935 -66.60858384582788 0.5
      vertex 66.01728156419935 -66.60858384582788 -0.5
    endloop
  endfacet
  facet normal 0 0 1
    outer loop
      vertex 65.96264590130264 -66.6520430144269 0.5
      vertex 79.32842712474618 -79.32842712474618 0.5
      vertex 66.01728156419935 -66.60858384582788 0.5
    endloop
  endfacet
  facet normal -0.622514636637721 -0.7826081568523332 0
    outer loop
      vertex 65.96264590130264 66.6520430144269 -0.5
      vertex 66.01728156419935 66.60858384582788 -0.5
      vertex 65.96264590130264 66.6520430144269 0.5
    endloop
  endfacet
  facet normal 0 0 -1
    outer loop
      vertex 65.96264590130264 66.6520430144269 -0.5
      vertex 79.32842712474618 79.32842712474618 -0.5
      vertex 66.01728156419935 66.60858384582788 -0.5
    endloop
  endfacet
  facet normal -0.622514636637721 -0.7826081568523332 0
    outer loop
      vertex 65.96264590130264 66.6520430144269 0.5
      vertex 66.01728156419935 66.60858384582788 -0.5
      vertex 66.01728156419935 66.60858384582788 0.5
    endloop
  endfacet
  facet normal 0 0 1
    outer loop
      vertex 65.96264590130264 66.6520430144269 0.5
      vertex 66.01728156419935 66.60858384582788 0.5
      vertex 79.32842712474618 79.32842712474618 0.5
    endloop
  endfacet
  facet normal -0.6360782202777058 0.7716245833877678 0
    outer loop
      vertex 66.01728156419935 -66.60858384582788 -0.5
      vertex 66.01728156419935 -66.60858384582788 0.5
      vertex 66.07115043874616 -66.56417777247592 0.5
    endloop
  endfacet
  facet normal 0 0 -1
    outer loop
      vertex 66.01728156419935 -66.60858384582788 -0.5
      vertex 66.07115043874616 -66.56417777247592 -0.5
      vertex 80.5 -76.5 -0.5
    endloop
  endfacet
  facet normal -0.6360782202777058 0.7716245833877678 0
    outer loop
      vertex 66.01728156419935 -66.60858384582788 -0.5
      vertex 66.07115043874616 -66.56417777247592 0.5
      vertex 66.07115043874616 -66.56417777247592 -0.5
    endloop
  endfacet
  facet normal 0 0 1
    outer loop
      vertex 66.01728156419935 -66.60858384582788 0.5
      vertex 79.32842712474618 -79.32842712474618 0.5
      vertex 66.07115043874616 -66.56417777247592 0.5
    endloop
  endfacet
  facet normal -0.6360782202777058 -0.7716245833877678 0
    outer loop
      vertex 66.01728156419935 66.60858384582788 -0.5
      vertex 66.07115043874616 66.56417777247592 -0.5
      vertex 66.07115043874616 66.56417777247592 0.5
    endloop
  endfacet
  facet normal -0.6360782202777058 -0.7716245833877678 0
    outer loop
      vertex 66.01728156419935 66.60858384582788 -0.5
      vertex 66.07115043874616 66.56417777247592 0.5
      vertex 66.01728156419935 66.60858384582788 0.5
    endloop
  endfacet
  facet normal 0 0 -1
    outer loop
      vertex 66.01728156419935 66.60858384582788 -0.5
      vertex 79.32842712474618 79.32842712474618 -0.5
      vertex 66.07115043874616 66.56417777247592 -0.5
    endloop
  endfacet
  facet normal 0 0 1
    outer loop
      vertex 66.01728156419935 66.60858384582788 0.5
      vertex 66.07115043874616 66.56417777247592 0.5
      vertex 79.32842712474618 79.32842712474618 0.5
    endloop
  endfacet
  facet normal -0.649448048330148 0.7604059656000612 0
    outer loop
      vertex 66.07115043874616 -66.56417777247592 -0.5
      vertex 66.07115043874616 -66.56417777247592 0.5
      vertex 66.12423611596203 -66.51883832089109 0.5
    endloop
  endfacet
  facet normal 0 0 -1
    outer loop
      vertex 66.07115043874616 -66.56417777247592 -0.5
      vertex 66.12423611596203 -66.51883832089109 -0.5
      vertex 80.5 -76.5 -0.5
    endloop
  endfacet
  facet normal -0.649448048330148 0.7604059656000612 0
    outer loop
      vertex 66.07115043874616 -66.56417777247592 -0.5
      vertex 66.12423611596203 -66.51883832089109 0.5
      vertex 66.12423611596203 -66.51883832089109 -0.5
    endloop
  endfacet
  facet normal 0 0 1
    outer loop
      vertex 66.07115043874616 -66.56417777247592 0.5
      vertex 79.32842712474618 -79.32842712474618 0.5
      vertex 66.12423611596203 -66.51883832089109 0.5
    endloop
  endfacet
  facet normal -0.649448048330148 -0.7604059656000612 0
    outer loop
      vertex 66.07115043874616 66.56417777247592 -0.5
      vertex 66.12423611596203 66.51883832089109 -0.5
      vertex 66.12423611596203 66.51883832089109 0.5
    endloop
  endfacet
  facet normal -0.649448048330148 -0.7604059656000612 0
    outer loop
      vertex 66.07115043874616 66.56417777247592 -0.5
      vertex 66.12423611596203 66.51883832089109 0.5
      vertex 66.07115043874616 66.56417777247592 0.5
    endloop
  endfacet
  facet normal 0 0 -1
    outer loop
      vertex 66.07115043874616 66.56417777247592 -0.5
      vertex 79.32842712474618 79.32842712474618 -0.5
      vertex 66.12423611596203 66.51883832089109 -0.5
    endloop
  endfacet
  facet normal 0 0 1
    outer loop
      vertex 66.07115043874616 66.56417777247592 0.5
      vertex 66.12423611596203 66.51883832089109 0.5
      vertex 79.32842712474618 79.32842712474618 0.5
    endloop
  endfacet
  facet normal -0.6626200482157887 0.7489557207889569 0
    outer loop
      vertex 66.12423611596203 -66.51883832089109 -0.5
      vertex 66.12423611596203 -66.51883832089109 0.5
      vertex 66.17652242543544 -66.47257930190958 0.5
    endloop
  endfacet
  facet normal 0 0 -1
    outer loop
      vertex 66.12423611596203 -66.51883832089109 -0.5
      vertex 66.17652242543544 -66.47257930190958 -0.5
      vertex 80.5 -76.5 -0.5
    endloop
  endfacet
  facet normal -0.6626200482157887 0.7489557207889569 0
    outer loop
      vertex 66.12423611596203 -66.51883832089109 -0.5
      vertex 66.17652242543544 -66.47257930190958 0.5
      vertex 66.17652242543544 -66.47257930190958 -0.5
    endloop
  endfacet
  facet normal 0 0 1
    outer loop
      vertex 66.12423611596203 -66.51883832089109 0.5
      vertex 79.32842712474618 -79.32842712474618 0.5
      vertex 66.17652242543544 -66.47257930190958 0.5
    endloop
  endfacet
  facet normal -0.6626200482157887 -0.7489557207889569 0
    outer loop
      vertex 66.12423611596203 66.51883832089109 -0.5
      vertex 66.17652242543544 66.47257930190958 -0.5
      vertex 66.12423611596203 66.51883832089109 0.5
    endloop
  endfacet
  facet normal 0 0 -1
    outer loop
      vertex 66.12423611596203 66.51883832089109 -0.5
      vertex 79.32842712474618 79.32842712474618 -0.5
      vertex 66.17652242543544 66.47257930190958 -0.5
    endloop
  endfacet
  facet normal -0.6626200482157887 -0.7489557207889568 0
    outer loop
      vertex 66.12423611596203 66.51883832089109 0.5
      vertex 66.17652242543544 66.47257930190958 -0.5
      vertex 66.17652242543544 66.47257930190958 0.4900000000000002
    endloop
  endfacet
  facet normal -0.6626200482157887 -0.7489557207889568 0
    outer loop
      vertex 66.12423611596203 66.51883832089109 0.5
      vertex 66.17652242543544 66.47257930190958 0.4900000000000002
      vertex 66.17652242543544 66.47257930190958 0.5
    endloop
  endfacet
  facet normal 0 0 1
    outer loop
      vertex 66.12423611596203 66.51883832089109 0.5
      vertex 66.17652242543544 66.47257930190958 0.5
      vertex 79.32842712474618 79.32842712474618 0.5
    endloop
  endfacet
  facet normal -0.6755902076157229 0.7372773368100667 0
    outer loop
      vertex 66.17652242543544 -66.47257930190958 -0.5
      vertex 66.17652242543544 -66.47257930190958 0.5
      vertex 66.22799344024999 -66.42541480647668 -0.5
    endloop
  endfacet
  facet normal 0 0 -1
    outer loop
      vertex 66.17652242543544 -66.47257930190958 -0.5
      vertex 66.22799344024999 -66.42541480647668 -0.5
      vertex 80.5 -76.5 -0.5
    endloop
  endfacet
  facet normal -0.6755902076157229 0.7372773368100667 0
    outer loop
      vertex 66.17652242543544 -66.47257930190958 0.5
      vertex 66.22799344024999 -66.42541480647668 0.5
      vertex 66.22799344024999 -66.42541480647668 -0.5
    endloop
  endfacet
  facet normal 0 0 1
    outer loop
      vertex 66.17652242543544 -66.47257930190958 0.5
      vertex 79.32842712474618 -79.32842712474618 0.5
      vertex 66.22799344024999 -66.42541480647668 0.5
    endloop
  endfacet
  facet normal -0.6755902076157229 -0.7372773368100668 0
    outer loop
      vertex 66.17652242543544 66.47257930190958 -0.5
      vertex 66.22799344024999 66.42541480647668 -0.5
      vertex 66.22799344024999 66.42541480647668 0.4900000000000002
    endloop
  endfacet
  facet normal -0.6755902076157229 -0.7372773368100668 0
    outer loop
      vertex 66.17652242543544 66.47257930190958 -0.5
      vertex 66.22799344024999 66.42541480647668 0.4900000000000002
      vertex 66.17652242543544 66.47257930190958 0.4900000000000002
    endloop
  endfacet
  facet normal 0 0 -1
    outer loop
      vertex 66.17652242543544 66.47257930190958 -0.5
      vertex 79.32842712474618 79.32842712474618 -0.5
      vertex 66.22799344024999 66.42541480647668 -0.5
    endloop
  endfacet
  facet normal -0.6755902076157229 -0.7372773368100668 0
    outer loop
      vertex 66.17652242543544 66.47257930190958 0.4900000000000002
      vertex 66.22799344024999 66.42541480647668 0.4900000000000002
      vertex 66.17652242543544 66.47257930190958 0.5
    endloop
  endfacet
  facet normal -0.6755902076157229 -0.7372773368100668 0
    outer loop
      vertex 66.17652242543544 66.47257930190958 0.5
      vertex 66.22799344024999 66.42541480647668 0.4900000000000002
      vertex 66.22799344024999 66.42541480647668 0.5
    endloop
  endfacet
  facet normal 0 0 1
    outer loop
      vertex 66.17652242543544 66.47257930190958 0.5
      vertex 66.22799344024999 66.42541480647668 0.5
      vertex 79.32842712474618 79.32842712474618 0.5
    endloop
  endfacet
  facet normal -0.6883545756937377 0.7253743710123031 0
    outer loop
      vertex 66.22799344024999 -66.42541480647668 -0.5
      vertex 66.22799344024999 -66.42541480647668 0.5
      vertex 66.27863348183598 -66.37735920135461 -0.5
    endloop
  endfacet
  facet normal 0 0 -1
    outer loop
      vertex 66.22799344024999 -66.42541480647668 -0.5
      vertex 66.27863348183598 -66.37735920135461 -0.5
      vertex 80.5 -76.5 -0.5
    endloop
  endfacet
  facet normal -0.6883545756937377 0.7253743710123031 0
    outer loop
      vertex 66.22799344024999 -66.42541480647668 0.5
      vertex 66.27863348183598 -66.37735920135461 0.5
      vertex 66.27863348183598 -66.37735920135461 -0.5
    endloop
  endfacet
  facet normal 0 0 1
    outer loop
      vertex 66.22799344024999 -66.42541480647668 0.5
      vertex 79.32842712474618 -79.32842712474618 0.5
      vertex 66.27863348183598 -66.37735920135461 0.5
    endloop
  endfacet
  facet normal -0.6883545756937377 -0.7253743710123031 0
    outer loop
      vertex 66.22799344024999 66.42541480647668 -0.5
      vertex 66.27863348183598 66.37735920135461 -0.5
      vertex 66.27863348183598 66.37735920135461 0.5
    endloop
  endfacet
  facet normal -0.6883545756937376 -0.7253743710123031 0
    outer loop
      vertex 66.22799344024999 66.42541480647668 -0.5
      vertex 66.27863348183598 66.37735920135461 0.5
      vertex 66.22799344024999 66.42541480647668 0.4900000000000002
    endloop
  endfacet
  facet normal 0 0 -1
    outer loop
      vertex 66.22799344024999 66.42541480647668 -0.5
      vertex 79.32842712474618 79.32842712474618 -0.5
      vertex 66.27863348183598 66.37735920135461 -0.5
    endloop
  endfacet
  facet normal -0.6883545756937377 -0.7253743710123031 0
    outer loop
      vertex 66.22799344024999 66.42541480647668 0.4900000000000002
      vertex 66.27863348183598 66.37735920135461 0.5
      vertex 66.22799344024999 66.42541480647668 0.5
    endloop
  endfacet
  facet normal 0 0 1
    outer loop
      vertex 66.22799344024999 66.42541480647668 0.5
      vertex 66.27863348183598 66.37735920135461 0.5
      vertex 79.32842712474618 79.32842712474618 0.5
    endloop
  endfacet
  facet normal -0.700909264299904 0.7132504491541296 0
    outer loop
      vertex 66.27863348183598 -66.37735920135461 -0.5
      vertex 66.27863348183598 -66.37735920135461 0.5
      vertex 66.32842712474618 -66.32842712474618 0.5
    endloop
  endfacet
  facet normal 0 0 -1
    outer loop
      vertex 66.27863348183598 -66.37735920135461 -0.5
      vertex 66.32842712474618 -66.32842712474618 -0.5
      vertex 80.5 -76.5 -0.5
    endloop
  endfacet
  facet normal -0.700909264299904 0.7132504491541296 0
    outer loop
      vertex 66.27863348183598 -66.37735920135461 -0.5
      vertex 66.32842712474618 -66.32842712474618 0.5
      vertex 66.32842712474618 -66.32842712474618 -0.5
    endloop
  endfacet
  facet normal 0 0 1
    outer loop
      vertex 66.27863348183598 -66.37735920135461 0.5
      vertex 79.32842712474618 -79.32842712474618 0.5
      vertex 66.32842712474618 -66.32842712474618 0.5
    endloop
  endfacet
  facet normal -0.700909264299904 -0.7132504491541296 0
    outer loop
      vertex 66.27863348183598 66.37735920135461 -0.5
      vertex 66.32842712474618 66.32842712474618 -0.5
      vertex 66.27863348183598 66.37735920135461 0.5
    endloop
  endfacet
  facet normal 0 0 -1
    outer loop
      vertex 66.27863348183598 66.37735920135461 -0.5
      vertex 79.32842712474618 79.32842712474618 -0.5
      vertex 66.32842712474618 66.32842712474618 -0.5
    endloop
  endfacet
  facet normal -0.700909264299904 -0.7132504491541296 0
    outer loop
      vertex 66.27863348183598 66.37735920135461 0.5
      vertex 66.32842712474618 66.32842712474618 -0.5
      vertex 66.32842712474618 66.32842712474618 0.5
    endloop
  endfacet
  facet normal 0 0 1
    outer loop
      vertex 66.27863348183598 66.37735920135461 0.5
      vertex 66.32842712474618 66.32842712474618 0.5
      vertex 79.32842712474618 79.32842712474618 0.5
    endloop
  endfacet
  facet normal -0.7132504491541296 0.700909264299904 0
    outer loop
      vertex 66.32842712474618 -66.32842712474618 -0.5
      vertex 66.32842712474618 -66.32842712474618 0.5
      vertex 66.37735920135461 -66.27863348183598 0.4900000000000002
    endloop
  endfacet
  facet normal 0 0 -1
    outer loop
      vertex 66.32842712474618 -66.32842712474618 -0.5
      vertex 66.37735920135461 -66.27863348183598 -0.5
      vertex 80.5 -76.5 -0.5
    endloop
  endfacet
  facet normal -0.7132504491541295 0.7009092642999039 0
    outer loop
      vertex 66.32842712474618 -66.32842712474618 -0.5
      vertex 66.37735920135461 -66.27863348183598 0.4900000000000002
      vertex 66.37735920135461 -66.27863348183598 -0.5
    endloop
  endfacet
  facet normal -0.7132504491541295 0.7009092642999039 0
    outer loop
      vertex 66.32842712474618 -66.32842712474618 0.5
      vertex 66.37735920135461 -66.27863348183598 0.5
      vertex 66.37735920135461 -66.27863348183598 0.4900000000000002
    endloop
  endfacet
  facet normal 0 0 1
    outer loop
      vertex 66.32842712474618 -66.32842712474618 0.5
      vertex 79.32842712474618 -79.32842712474618 0.5
      vertex 66.37735920135461 -66.27863348183598 0.5
    endloop
  endfacet
  facet normal -0.7132504491541296 -0.700909264299904 0
    outer loop
      vertex 66.32842712474618 66.32842712474618 -0.5
      vertex 66.37735920135461 66.27863348183598 -0.5
      vertex 66.32842712474618 66.32842712474618 0.5
    endloop
  endfacet
  facet normal 0 0 -1
    outer loop
      vertex 66.32842712474618 66.32842712474618 -0.5
      vertex 79.32842712474618 79.32842712474618 -0.5
      vertex 66.37735920135461 66.27863348183598 -0.5
    endloop
  endfacet
  facet normal -0.7132504491541296 -0.700909264299904 0
    outer loop
      vertex 66.32842712474618 66.32842712474618 0.5
      vertex 66.37735920135461 66.27863348183598 -0.5
      vertex 66.37735920135461 66.27863348183598 0.5
    endloop
  endfacet
  facet normal 0 0 1
    outer loop
      vertex 66.32842712474618 66.32842712474618 0.5
      vertex 66.37735920135461 66.27863348183598 0.5
      vertex 79.32842712474618 79.32842712474618 0.5
    endloop
  endfacet
  facet normal -0.7253743710123031 0.6883545756937376 0
    outer loop
      vertex 66.37735920135461 -66.27863348183598 -0.5
      vertex 66.37735920135461 -66.27863348183598 0.4900000000000002
      vertex 66.42541480647668 -66.22799344024999 -0.5
    endloop
  endfacet
  facet normal 0 0 -1
    outer loop
      vertex 66.37735920135461 -66.27863348183598 -0.5
      vertex 66.42541480647668 -66.22799344024999 -0.5
      vertex 80.5 -76.5 -0.5
    endloop
  endfacet
  facet normal -0.7253743710123031 0.6883545756937377 0
    outer loop
      vertex 66.37735920135461 -66.27863348183598 0.4900000000000002
      vertex 66.37735920135461 -66.27863348183598 0.5
      vertex 66.42541480647668 -66.22799344024999 0.5
    endloop
  endfacet
  facet normal -0.7253743710123031 0.6883545756937376 0
    outer loop
      vertex 66.37735920135461 -66.27863348183598 0.4900000000000002
      vertex 66.42541480647668 -66.22799344024999 0.4900000000000002
      vertex 66.42541480647668 -66.22799344024999 -0.5
    endloop
  endfacet
  facet normal -0.7253743710123031 0.6883545756937377 0
    outer loop
      vertex 66.37735920135461 -66.27863348183598 0.4900000000000002
      vertex 66.42541480647668 -66.22799344024999 0.5
      vertex 66.42541480647668 -66.22799344024999 0.4900000000000002
    endloop
  endfacet
  facet normal 0 0 1
    outer loop
      vertex 66.37735920135461 -66.27863348183598 0.5
      vertex 79.32842712474618 -79.32842712474618 0.5
      vertex 66.42541480647668 -66.22799344024999 0.5
    endloop
  endfacet
  facet normal -0.7253743710123031 -0.6883545756937377 0
    outer loop
      vertex 66.37735920135461 66.27863348183598 -0.5
      vertex 66.42541480647668 66.22799344024999 -0.5
      vertex 66.42541480647668 66.22799344024999 0.5
    endloop
  endfacet
  facet normal -0.7253743710123031 -0.6883545756937377 0
    outer loop
      vertex 66.37735920135461 66.27863348183598 -0.5
      vertex 66.42541480647668 66.22799344024999 0.5
      vertex 66.37735920135461 66.27863348183598 0.5
    endloop
  endfacet
  facet normal 0 0 -1
    outer loop
      vertex 66.37735920135461 66.27863348183598 -0.5
      vertex 79.32842712474618 79.32842712474618 -0.5
      vertex 66.42541480647668 66.22799344024999 -0.5
    endloop
  endfacet
  facet normal 0 0 1
    outer loop
      vertex 66.37735920135461 66.27863348183598 0.5
      vertex 66.42541480647668 66.22799344024999 0.5
      vertex 79.32842712474618 79.32842712474618 0.5
    endloop
  endfacet
  facet normal -0.7372773368100668 0.6755902076157229 0
    outer loop
      vertex 66.42541480647668 -66.22799344024999 -0.5
      vertex 66.42541480647668 -66.22799344024999 0.4900000000000002
      vertex 66.47257930190958 -66.17652242543544 -0.5
    endloop
  endfacet
  facet normal 0 0 -1
    outer loop
      vertex 66.42541480647668 -66.22799344024999 -0.5
      vertex 66.47257930190958 -66.17652242543544 -0.5
      vertex 80.5 -76.5 -0.5
    endloop
  endfacet
  facet normal -0.7372773368100668 0.6755902076157229 0
    outer loop
      vertex 66.42541480647668 -66.22799344024999 0.4900000000000002
      vertex 66.42541480647668 -66.22799344024999 0.5
      vertex 66.47257930190958 -66.17652242543544 -0.5
    endloop
  endfacet
  facet normal -0.7372773368100667 0.6755902076157229 0
    outer loop
      vertex 66.42541480647668 -66.22799344024999 0.5
      vertex 66.47257930190958 -66.17652242543544 0.5
      vertex 66.47257930190958 -66.17652242543544 -0.5
    endloop
  endfacet
  facet normal 0 0 1
    outer loop
      vertex 66.42541480647668 -66.22799344024999 0.5
      vertex 79.32842712474618 -79.32842712474618 0.5
      vertex 66.47257930190958 -66.17652242543544 0.5
    endloop
  endfacet
  facet normal -0.7372773368100667 -0.6755902076157229 0
    outer loop
      vertex 66.42541480647668 66.22799344024999 -0.5
      vertex 66.47257930190958 66.17652242543544 -0.5
      vertex 66.42541480647668 66.22799344024999 0.5
    endloop
  endfacet
  facet normal 0 0 -1
    outer loop
      vertex 66.42541480647668 66.22799344024999 -0.5
      vertex 79.32842712474618 79.32842712474618 -0.5
      vertex 66.47257930190958 66.17652242543544 -0.5
    endloop
  endfacet
  facet normal -0.7372773368100667 -0.6755902076157229 0
    outer loop
      vertex 66.42541480647668 66.22799344024999 0.5
      vertex 66.47257930190958 66.17652242543544 -0.5
      vertex 66.47257930190958 66.17652242543544 0.5
    endloop
  endfacet
  facet normal 0 0 1
    outer loop
      vertex 66.42541480647668 66.22799344024999 0.5
      vertex 66.47257930190958 66.17652242543544 0.5
      vertex 79.32842712474618 79.32842712474618 0.5
    endloop
  endfacet
  facet normal -0.7489557207889569 0.6626200482157887 0
    outer loop
      vertex 66.47257930190958 -66.17652242543544 -0.5
      vertex 66.47257930190958 -66.17652242543544 0.5
      vertex 66.51883832089109 -66.12423611596203 -0.5
    endloop
  endfacet
  facet normal 0 0 -1
    outer loop
      vertex 66.47257930190958 -66.17652242543544 -0.5
      vertex 66.51883832089109 -66.12423611596203 -0.5
      vertex 80.5 -76.5 -0.5
    endloop
  endfacet
  facet normal -0.7489557207889569 0.6626200482157887 0
    outer loop
      vertex 66.47257930190958 -66.17652242543544 0.5
      vertex 66.51883832089109 -66.12423611596203 0.5
      vertex 66.51883832089109 -66.12423611596203 -0.5
    endloop
  endfacet
  facet normal 0 0 1
    outer loop
      vertex 66.47257930190958 -66.17652242543544 0.5
      vertex 79.32842712474618 -79.32842712474618 0.5
      vertex 66.51883832089109 -66.12423611596203 0.5
    endloop
  endfacet
  facet normal -0.7489557207889569 -0.6626200482157887 0
    outer loop
      vertex 66.47257930190958 66.17652242543544 -0.5
      vertex 66.51883832089109 66.12423611596203 -0.5
      vertex 66.51883832089109 66.12423611596203 0.5
    endloop
  endfacet
  facet normal -0.7489557207889569 -0.6626200482157887 0
    outer loop
      vertex 66.47257930190958 66.17652242543544 -0.5
      vertex 66.51883832089109 66.12423611596203 0.5
      vertex 66.47257930190958 66.17652242543544 0.5
    endloop
  endfacet
  facet normal 0 0 -1
    outer loop
      vertex 66.47257930190958 66.17652242543544 -0.5
      vertex 79.32842712474618 79.32842712474618 -0.5
      vertex 66.51883832089109 66.12423611596203 -0.5
    endloop
  endfacet
  facet normal 0 0 1
    outer loop
      vertex 66.47257930190958 66.17652242543544 0.5
      vertex 66.51883832089109 66.12423611596203 0.5
      vertex 79.32842712474618 79.32842712474618 0.5
    endloop
  endfacet
  facet normal -0.7604059656000612 0.649448048330148 0
    outer loop
      vertex 66.51883832089109 -66.12423611596203 -0.5
      vertex 66.51883832089109 -66.12423611596203 0.5
      vertex 66.56417777247592 -66.07115043874616 0.5
    endloop
  endfacet
  facet normal 0 0 -1
    outer loop
      vertex 66.51883832089109 -66.12423611596203 -0.5
      vertex 66.56417777247592 -66.07115043874616 -0.5
      vertex 80.5 -76.5 -0.5
    endloop
  endfacet
  facet normal -0.7604059656000615 0.6494480483301481 0
    outer loop
      vertex 66.51883832089109 -66.12423611596203 -0.5
      vertex 66.56417777247592 -66.07115043874616 0.4900000000000002
      vertex 66.56417777247592 -66.07115043874616 -0.5
    endloop
  endfacet
  facet normal -0.7604059656000601 0.6494480483301494 0
    outer loop
      vertex 66.51883832089109 -66.12423611596203 -0.5
      vertex 66.56417777247592 -66.07115043874616 0.5
      vertex 66.56417777247592 -66.07115043874616 0.4900000000000002
    endloop
  endfacet
  facet normal 0 0 1
    outer loop
      vertex 66.51883832089109 -66.12423611596203 0.5
      vertex 79.32842712474618 -79.32842712474618 0.5
      vertex 66.56417777247592 -66.07115043874616 0.5
    endloop
  endfacet
  facet normal -0.7604059656000615 -0.6494480483301481 0
    outer loop
      vertex 66.51883832089109 66.12423611596203 -0.5
      vertex 66.56417777247592 66.07115043874616 -0.5
      vertex 66.56417777247592 66.07115043874616 0.4900000000000002
    endloop
  endfacet
  facet normal -0.7604059656000612 -0.649448048330148 0
    outer loop
      vertex 66.51883832089109 66.12423611596203 -0.5
      vertex 66.56417777247592 66.07115043874616 0.4900000000000002
      vertex 66.51883832089109 66.12423611596203 0.5
    endloop
  endfacet
  facet normal 0 0 -1
    outer loop
      vertex 66.51883832089109 66.12423611596203 -0.5
      vertex 79.32842712474618 79.32842712474618 -0.5
      vertex 66.56417777247592 66.07115043874616 -0.5
    endloop
  endfacet
  facet normal -0.7604059656000614 -0.6494480483301481 0
    outer loop
      vertex 66.51883832089109 66.12423611596203 0.5
      vertex 66.56417777247592 66.07115043874616 0.4900000000000002
      vertex 66.56417777247592 66.07115043874616 0.5
    endloop
  endfacet
  facet normal 0 0 1
    outer loop
      vertex 66.51883832089109 66.12423611596203 0.5
      vertex 66.56417777247592 66.07115043874616 0.5
      vertex 79.32842712474618 79.32842712474618 0.5
    endloop
  endfacet
  facet normal -0.7716245833877678 0.6360782202777059 0
    outer loop
      vertex 66.56417777247592 -66.07115043874616 -0.5
      vertex 66.56417777247592 -66.07115043874616 0.4900000000000002
      vertex 66.60858384582788 -66.01728156419935 0.5
    endloop
  endfacet
  facet normal 0 0 -1
    outer loop
      vertex 66.56417777247592 -66.07115043874616 -0.5
      vertex 66.60858384582788 -66.01728156419935 -0.5
      vertex 80.5 -76.5 -0.5
    endloop
  endfacet
  facet normal -0.7716245833877678 0.6360782202777058 0
    outer loop
      vertex 66.56417777247592 -66.07115043874616 -0.5
      vertex 66.60858384582788 -66.01728156419935 0.5
      vertex 66.60858384582788 -66.01728156419935 -0.5
    endloop
  endfacet
  facet normal -0.7716245833877678 0.6360782202777059 0
    outer loop
      vertex 66.56417777247592 -66.07115043874616 0.4900000000000002
      vertex 66.56417777247592 -66.07115043874616 0.5
      vertex 66.60858384582788 -66.01728156419935 0.5
    endloop
  endfacet
  facet normal 0 0 1
    outer loop
      vertex 66.56417777247592 -66.07115043874616 0.5
      vertex 79.32842712474618 -79.32842712474618 0.5
      vertex 66.60858384582788 -66.01728156419935 0.5
    endloop
  endfacet
  facet normal -0.7716245833877678 -0.6360782202777059 0
    outer loop
      vertex 66.56417777247592 66.07115043874616 -0.5
      vertex 66.60858384582788 66.01728156419935 -0.5
      vertex 66.56417777247592 66.07115043874616 0.4900000000000002
    endloop
  endfacet
  facet normal 0 0 -1
    outer loop
      vertex 66.56417777247592 66.07115043874616 -0.5
      vertex 79.32842712474618 79.32842712474618 -0.5
      vertex 66.60858384582788 66.01728156419935 -0.5
    endloop
  endfacet
  facet normal -0.7716245833877678 -0.6360782202777058 0
    outer loop
      vertex 66.56417777247592 66.07115043874616 0.4900000000000002
      vertex 66.60858384582788 66.01728156419935 -0.5
      vertex 66.60858384582788 66.01728156419935 0.5
    endloop
  endfacet
  facet normal -0.7716245833877678 -0.6360782202777059 0
    outer loop
      vertex 66.56417777247592 66.07115043874616 0.4900000000000002
      vertex 66.60858384582788 66.01728156419935 0.5
      vertex 66.56417777247592 66.07115043874616 0.5
    endloop
  endfacet
  facet normal 0 0 1
    outer loop
      vertex 66.56417777247592 66.07115043874616 0.5
      vertex 66.60858384582788 66.01728156419935 0.5
      vertex 79.32842712474618 79.32842712474618 0.5
    endloop
  endfacet
  facet normal -0.7826081568523332 0.622514636637721 0
    outer loop
      vertex 66.60858384582788 -66.01728156419935 -0.5
      vertex 66.60858384582788 -66.01728156419935 0.5
      vertex 66.6520430144269 -65.96264590130264 -0.5
    endloop
  endfacet
  facet normal 0 0 -1
    outer loop
      vertex 66.60858384582788 -66.01728156419935 -0.5
      vertex 66.6520430144269 -65.96264590130264 -0.5
      vertex 80.5 -76.5 -0.5
    endloop
  endfacet
  facet normal -0.7826081568523333 0.622514636637721 0
    outer loop
      vertex 66.60858384582788 -66.01728156419935 0.5
      vertex 66.6520430144269 -65.96264590130264 0.4900000000000002
      vertex 66.6520430144269 -65.96264590130264 -0.5
    endloop
  endfacet
  facet normal -0.7826081568523332 0.622514636637721 0
    outer loop
      vertex 66.60858384582788 -66.01728156419935 0.5
      vertex 66.6520430144269 -65.96264590130264 0.5
      vertex 66.6520430144269 -65.96264590130264 0.4900000000000002
    endloop
  endfacet
  facet normal 0 0 1
    outer loop
      vertex 66.60858384582788 -66.01728156419935 0.5
      vertex 79.32842712474618 -79.32842712474618 0.5
      vertex 66.6520430144269 -65.96264590130264 0.5
    endloop
  endfacet
  facet normal -0.7826081568523332 -0.622514636637721 0
    outer loop
      vertex 66.60858384582788 66.01728156419935 -0.5
      vertex 66.6520430144269 65.96264590130264 -0.5
      vertex 66.60858384582788 66.01728156419935 0.5
    endloop
  endfacet
  facet normal 0 0 -1
    outer loop
      vertex 66.60858384582788 66.01728156419935 -0.5
      vertex 79.32842712474618 79.32842712474618 -0.5
      vertex 66.6520430144269 65.96264590130264 -0.5
    endloop
  endfacet
  facet normal -0.7826081568523332 -0.622514636637721 0
    outer loop
      vertex 66.60858384582788 66.01728156419935 0.5
      vertex 66.6520430144269 65.96264590130264 -0.5
      vertex 66.6520430144269 65.96264590130264 0.5
    endloop
  endfacet
  facet normal 0 0 1
    outer loop
      vertex 66.60858384582788 66.01728156419935 0.5
      vertex 66.6520430144269 65.96264590130264 0.5
      vertex 79.32842712474618 79.32842712474618 0.5
    endloop
  endfacet
  facet normal -0.7933533402912367 0.6087614290087184 0
    outer loop
      vertex 66.6520430144269 -65.96264590130264 -0.5
      vertex 66.6520430144269 -65.96264590130264 0.4900000000000002
      vertex 66.69454204018918 -65.9072600926082 -0.5
    endloop
  endfacet
  facet normal 0 0 -1
    outer loop
      vertex 66.6520430144269 -65.96264590130264 -0.5
      vertex 66.69454204018918 -65.9072600926082 -0.5
      vertex 80.5 -76.5 -0.5
    endloop
  endfacet
  facet normal -0.7933533402912368 0.6087614290087185 0
    outer loop
      vertex 66.6520430144269 -65.96264590130264 0.4900000000000002
      vertex 66.6520430144269 -65.96264590130264 0.5
      vertex 66.69454204018918 -65.9072600926082 0.5
    endloop
  endfacet
  facet normal -0.7933533402912367 0.6087614290087184 0
    outer loop
      vertex 66.6520430144269 -65.96264590130264 0.4900000000000002
      vertex 66.69454204018918 -65.9072600926082 0.4900000000000002
      vertex 66.69454204018918 -65.9072600926082 -0.5
    endloop
  endfacet
  facet normal -0.7933533402912368 0.6087614290087185 0
    outer loop
      vertex 66.6520430144269 -65.96264590130264 0.4900000000000002
      vertex 66.69454204018918 -65.9072600926082 0.5
      vertex 66.69454204018918 -65.9072600926082 0.4900000000000002
    endloop
  endfacet
  facet normal 0 0 1
    outer loop
      vertex 66.6520430144269 -65.96264590130264 0.5
      vertex 79.32842712474618 -79.32842712474618 0.5
      vertex 66.69454204018918 -65.9072600926082 0.5
    endloop
  endfacet
  facet normal -0.7933533402912369 -0.6087614290087185 0
    outer loop
      vertex 66.6520430144269 65.96264590130264 -0.5
      vertex 66.69454204018918 65.9072600926082 -0.5
      vertex 66.69454204018918 65.9072600926082 0.5
    endloop
  endfacet
  facet normal -0.7933533402912369 -0.6087614290087185 0
    outer loop
      vertex 66.6520430144269 65.96264590130264 -0.5
      vertex 66.69454204018918 65.9072600926082 0.5
      vertex 66.6520430144269 65.96264590130264 0.5
    endloop
  endfacet
  facet normal 0 0 -1
    outer loop
      vertex 66.6520430144269 65.96264590130264 -0.5
      vertex 79.32842712474618 79.32842712474618 -0.5
      vertex 66.69454204018918 65.9072600926082 -0.5
    endloop
  endfacet
  facet normal 0 0 1
    outer loop
      vertex 66.6520430144269 65.96264590130264 0.5
      vertex 66.69454204018918 65.9072600926082 0.5
      vertex 79.32842712474618 79.32842712474618 0.5
    endloop
  endfacet
  facet normal -0.8038568606172946 0.5948227867512369 0
    outer loop
      vertex 66.69454204018918 -65.9072600926082 -0.5
      vertex 66.69454204018918 -65.9072600926082 0.4900000000000002
      vertex 66.73606797749979 -65.8511410091699 0.4900000000000002
    endloop
  endfacet
  facet normal 0 0 -1
    outer loop
      vertex 66.69454204018918 -65.9072600926082 -0.5
      vertex 66.73606797749979 -65.8511410091699 -0.5
      vertex 80.5 -76.5 -0.5
    endloop
  endfacet
  facet normal -0.8038568606172946 0.5948227867512369 0
    outer loop
      vertex 66.69454204018918 -65.9072600926082 -0.5
      vertex 66.73606797749979 -65.8511410091699 0.4900000000000002
      vertex 66.73606797749979 -65.8511410091699 -0.5
    endloop
  endfacet
  facet normal -0.8038568606172947 0.594822786751237 0
    outer loop
      vertex 66.69454204018918 -65.9072600926082 0.4900000000000002
      vertex 66.69454204018918 -65.9072600926082 0.5
      vertex 66.73606797749979 -65.8511410091699 0.4900000000000002
    endloop
  endfacet
  facet normal -0.8038568606172947 0.594822786751237 0
    outer loop
      vertex 66.69454204018918 -65.9072600926082 0.5
      vertex 66.73606797749979 -65.8511410091699 0.5
      vertex 66.73606797749979 -65.8511410091699 0.4900000000000002
    endloop
  endfacet
  facet normal 0 0 1
    outer loop
      vertex 66.69454204018918 -65.9072600926082 0.5
      vertex 79.32842712474618 -79.32842712474618 0.5
      vertex 66.73606797749979 -65.8511410091699 0.5
    endloop
  endfacet
  facet normal -0.8038568606172946 -0.594822786751237 0
    outer loop
      vertex 66.69454204018918 65.9072600926082 -0.5
      vertex 66.73606797749979 65.8511410091699 -0.5
      vertex 66.69454204018918 65.9072600926082 0.5
    endloop
  endfacet
  facet normal 0 0 -1
    outer loop
      vertex 66.69454204018918 65.9072600926082 -0.5
      vertex 79.32842712474618 79.32842712474618 -0.5
      vertex 66.73606797749979 65.8511410091699 -0.5
    endloop
  endfacet
  facet normal -0.8038568606172946 -0.594822786751237 0
    outer loop
      vertex 66.69454204018918 65.9072600926082 0.5
      vertex 66.73606797749979 65.8511410091699 -0.5
      vertex 66.73606797749979 65.8511410091699 0.5
    endloop
  endfacet
  facet normal 0 0 1
    outer loop
      vertex 66.69454204018918 65.9072600926082 0.5
      vertex 66.73606797749979 65.8511410091699 0.5
      vertex 79.32842712474618 79.32842712474618 0.5
    endloop
  endfacet
  facet normal -0.8141155183563049 0.5807029557109599 0
    outer loop
      vertex 66.73606797749979 -65.8511410091699 -0.5
      vertex 66.73606797749979 -65.8511410091699 0.4900000000000002
      vertex 66.77660817715596 -65.79430574540419 0.4900000000000002
    endloop
  endfacet
  facet normal 0 0 -1
    outer loop
      vertex 66.73606797749979 -65.8511410091699 -0.5
      vertex 66.77660817715596 -65.79430574540419 -0.5
      vertex 80.5 -76.5 -0.5
    endloop
  endfacet
  facet normal -0.8141155183563049 0.5807029557109599 0
    outer loop
      vertex 66.73606797749979 -65.8511410091699 -0.5
      vertex 66.77660817715596 -65.79430574540419 0.4900000000000002
      vertex 66.77660817715596 -65.79430574540419 -0.5
    endloop
  endfacet
  facet normal -0.8141155183563049 0.5807029557109598 0
    outer loop
      vertex 66.73606797749979 -65.8511410091699 0.4900000000000002
      vertex 66.73606797749979 -65.8511410091699 0.5
      vertex 66.77660817715596 -65.79430574540419 0.5
    endloop
  endfacet
  facet normal -0.8141155183563049 0.5807029557109598 0
    outer loop
      vertex 66.73606797749979 -65.8511410091699 0.4900000000000002
      vertex 66.77660817715596 -65.79430574540419 0.5
      vertex 66.77660817715596 -65.79430574540419 0.4900000000000002
    endloop
  endfacet
  facet normal 0 0 1
    outer loop
      vertex 66.73606797749979 -65.8511410091699 0.5
      vertex 79.32842712474618 -79.32842712474618 0.5
      vertex 66.77660817715596 -65.79430574540419 0.5
    endloop
  endfacet
  facet normal -0.814115518356305 -0.5807029557109599 0
    outer loop
      vertex 66.73606797749979 65.8511410091699 -0.5
      vertex 66.77660817715596 65.79430574540419 -0.5
      vertex 66.77660817715596 65.79430574540419 0.5
    endloop
  endfacet
  facet normal -0.814115518356305 -0.5807029557109599 0
    outer loop
      vertex 66.73606797749979 65.8511410091699 -0.5
      vertex 66.77660817715596 65.79430574540419 0.5
      vertex 66.73606797749979 65.8511410091699 0.5
    endloop
  endfacet
  facet normal 0 0 -1
    outer loop
      vertex 66.73606797749979 65.8511410091699 -0.5
      vertex 79.32842712474618 79.32842712474618 -0.5
      vertex 66.77660817715596 65.79430574540419 -0.5
    endloop
  endfacet
  facet normal 0 0 1
    outer loop
      vertex 66.73606797749979 65.8511410091699 0.5
      vertex 66.77660817715596 65.79430574540419 0.5
      vertex 79.32842712474618 79.32842712474618 0.5
    endloop
  endfacet
  facet normal -0.8241261886219964 0.566406236924861 0
    outer loop
      vertex 66.77660817715596 -65.79430574540419 -0.5
      vertex 66.77660817715596 -65.79430574540419 0.4900000000000002
      vertex 66.81615029022016 -65.736771613883 -0.5
    endloop
  endfacet
  facet normal 0 0 -1
    outer loop
      vertex 66.77660817715596 -65.79430574540419 -0.5
      vertex 66.81615029022016 -65.736771613883 -0.5
      vertex 80.5 -76.5 -0.5
    endloop
  endfacet
  facet normal -0.8241261886219964 0.5664062369248609 0
    outer loop
      vertex 66.77660817715596 -65.79430574540419 0.4900000000000002
      vertex 66.77660817715596 -65.79430574540419 0.5
      vertex 66.81615029022016 -65.736771613883 0.5
    endloop
  endfacet
  facet normal -0.8241261886219964 0.566406236924861 0
    outer loop
      vertex 66.77660817715596 -65.79430574540419 0.4900000000000002
      vertex 66.81615029022016 -65.736771613883 0.4900000000000002
      vertex 66.81615029022016 -65.736771613883 -0.5
    endloop
  endfacet
  facet normal -0.8241261886219964 0.5664062369248609 0
    outer loop
      vertex 66.77660817715596 -65.79430574540419 0.4900000000000002
      vertex 66.81615029022016 -65.736771613883 0.5
      vertex 66.81615029022016 -65.736771613883 0.4900000000000002
    endloop
  endfacet
  facet normal 0 0 1
    outer loop
      vertex 66.77660817715596 -65.79430574540419 0.5
      vertex 79.32842712474618 -79.32842712474618 0.5
      vertex 66.81615029022016 -65.736771613883 0.5
    endloop
  endfacet
  facet normal -0.8241261886219964 -0.5664062369248609 0
    outer loop
      vertex 66.77660817715596 65.79430574540419 -0.5
      vertex 66.81615029022016 65.736771613883 -0.5
      vertex 66.77660817715596 65.79430574540419 0.5
    endloop
  endfacet
  facet normal 0 0 -1
    outer loop
      vertex 66.77660817715596 65.79430574540419 -0.5
      vertex 79.32842712474618 79.32842712474618 -0.5
      vertex 66.81615029022016 65.736771613883 -0.5
    endloop
  endfacet
  facet normal -0.8241261886219964 -0.5664062369248609 0
    outer loop
      vertex 66.77660817715596 65.79430574540419 0.5
      vertex 66.81615029022016 65.736771613883 -0.5
      vertex 66.81615029022016 65.736771613883 0.5
    endloop
  endfacet
  facet normal 0 0 1
    outer loop
      vertex 66.77660817715596 65.79430574540419 0.5
      vertex 66.81615029022016 65.736771613883 0.5
      vertex 79.32842712474618 79.32842712474618 0.5
    endloop
  endfacet
  facet normal -0.833885822067163 0.5519369853120658 0
    outer loop
      vertex 66.81615029022016 -65.736771613883 -0.5
      vertex 66.81615029022016 -65.736771613883 0.4900000000000002
      vertex 66.8546822717817 -65.67855614006011 -0.5
    endloop
  endfacet
  facet normal 0 0 -1
    outer loop
      vertex 66.81615029022016 -65.736771613883 -0.5
      vertex 66.8546822717817 -65.67855614006011 -0.5
      vertex 80.5 -76.5 -0.5
    endloop
  endfacet
  facet normal -0.8338858220671631 0.5519369853120659 0
    outer loop
      vertex 66.81615029022016 -65.736771613883 0.4900000000000002
      vertex 66.81615029022016 -65.736771613883 0.5
      vertex 66.8546822717817 -65.67855614006011 -0.5
    endloop
  endfacet
  facet normal -0.833885822067163 0.5519369853120659 0
    outer loop
      vertex 66.81615029022016 -65.736771613883 0.5
      vertex 66.8546822717817 -65.67855614006011 0.5
      vertex 66.8546822717817 -65.67855614006011 -0.5
    endloop
  endfacet
  facet normal 0 0 1
    outer loop
      vertex 66.81615029022016 -65.736771613883 0.5
      vertex 79.32842712474618 -79.32842712474618 0.5
      vertex 66.8546822717817 -65.67855614006011 0.5
    endloop
  endfacet
  facet normal -0.833885822067163 -0.5519369853120659 0
    outer loop
      vertex 66.81615029022016 65.736771613883 -0.5
      vertex 66.8546822717817 65.67855614006011 -0.5
      vertex 66.8546822717817 65.67855614006011 0.5
    endloop
  endfacet
  facet normal -0.833885822067163 -0.5519369853120659 0
    outer loop
      vertex 66.81615029022016 65.736771613883 -0.5
      vertex 66.8546822717817 65.67855614006011 0.5
      vertex 66.81615029022016 65.736771613883 0.5
    endloop
  endfacet
  facet normal 0 0 -1
    outer loop
      vertex 66.81615029022016 65.736771613883 -0.5
      vertex 79.32842712474618 79.32842712474618 -0.5
      vertex 66.8546822717817 65.67855614006011 -0.5
    endloop
  endfacet
  facet normal 0 0 1
    outer loop
      vertex 66.81615029022016 65.736771613883 0.5
      vertex 66.8546822717817 65.67855614006011 0.5
      vertex 79.32842712474618 79.32842712474618 0.5
    endloop
  endfacet
  facet normal -0.8433914458129373 0.5372996083467428 0
    outer loop
      vertex 66.8546822717817 -65.67855614006011 -0.5
      vertex 66.8546822717817 -65.67855614006011 0.5
      vertex 66.8921923846257 -65.61967705693282 0.5
    endloop
  endfacet
  facet normal 0 0 -1
    outer loop
      vertex 66.8546822717817 -65.67855614006011 -0.5
      vertex 66.8921923846257 -65.61967705693282 -0.5
      vertex 80.5 -76.5 -0.5
    endloop
  endfacet
  facet normal -0.8433914458129373 0.5372996083467428 0
    outer loop
      vertex 66.8546822717817 -65.67855614006011 -0.5
      vertex 66.8921923846257 -65.61967705693282 0.5
      vertex 66.8921923846257 -65.61967705693282 -0.5
    endloop
  endfacet
  facet normal 0 0 1
    outer loop
      vertex 66.8546822717817 -65.67855614006011 0.5
      vertex 79.32842712474618 -79.32842712474618 0.5
      vertex 66.8921923846257 -65.61967705693282 0.5
    endloop
  endfacet
  facet normal -0.8433914458129373 -0.5372996083467428 0
    outer loop
      vertex 66.8546822717817 65.67855614006011 -0.5
      vertex 66.8921923846257 65.61967705693282 -0.5
      vertex 66.8546822717817 65.67855614006011 0.5
    endloop
  endfacet
  facet normal 0 0 -1
    outer loop
      vertex 66.8546822717817 65.67855614006011 -0.5
      vertex 79.32842712474618 79.32842712474618 -0.5
      vertex 66.8921923846257 65.61967705693282 -0.5
    endloop
  endfacet
  facet normal -0.8433914458129373 -0.5372996083467428 0
    outer loop
      vertex 66.8546822717817 65.67855614006011 0.5
      vertex 66.8921923846257 65.61967705693282 -0.5
      vertex 66.8921923846257 65.61967705693282 0.5
    endloop
  endfacet
  facet normal 0 0 1
    outer loop
      vertex 66.8546822717817 65.67855614006011 0.5
      vertex 66.8921923846257 65.61967705693282 0.5
      vertex 79.32842712474618 79.32842712474618 0.5
    endloop
  endfacet
  facet normal -0.8526401643540309 0.5224985647160488 0
    outer loop
      vertex 66.8921923846257 -65.61967705693282 -0.5
      vertex 66.8921923846257 -65.61967705693282 0.5
      vertex 66.92866920280845 -65.56015229964022 -0.5
    endloop
  endfacet
  facet normal 0 0 -1
    outer loop
      vertex 66.8921923846257 -65.61967705693282 -0.5
      vertex 66.92866920280845 -65.56015229964022 -0.5
      vertex 80.5 -76.5 -0.5
    endloop
  endfacet
  facet normal -0.8526401643540309 0.5224985647160488 0
    outer loop
      vertex 66.8921923846257 -65.61967705693282 0.5
      vertex 66.92866920280845 -65.56015229964022 0.5
      vertex 66.92866920280845 -65.56015229964022 -0.5
    endloop
  endfacet
  facet normal 0 0 1
    outer loop
      vertex 66.8921923846257 -65.61967705693282 0.5
      vertex 79.32842712474618 -79.32842712474618 0.5
      vertex 66.92866920280845 -65.56015229964022 0.5
    endloop
  endfacet
  facet normal -0.8526401643540309 -0.5224985647160488 0
    outer loop
      vertex 66.8921923846257 65.61967705693282 -0.5
      vertex 66.92866920280845 65.56015229964022 -0.5
      vertex 66.92866920280845 65.56015229964022 0.5
    endloop
  endfacet
  facet normal -0.8526401643540309 -0.5224985647160488 0
    outer loop
      vertex 66.8921923846257 65.61967705693282 -0.5
      vertex 66.92866920280845 65.56015229964022 0.5
      vertex 66.8921923846257 65.61967705693282 0.5
    endloop
  endfacet
  facet normal 0 0 -1
    outer loop
      vertex 66.8921923846257 65.61967705693282 -0.5
      vertex 79.32842712474618 79.32842712474618 -0.5
      vertex 66.92866920280845 65.56015229964022 -0.5
    endloop
  endfacet
  facet normal 0 0 1
    outer loop
      vertex 66.8921923846257 65.61967705693282 0.5
      vertex 66.92866920280845 65.56015229964022 0.5
      vertex 79.32842712474618 79.32842712474618 0.5
    endloop
  endfacet
  facet normal -0.861629160441582 0.5075383629606086 0
    outer loop
      vertex 66.92866920280845 -65.56015229964022 -0.5
      vertex 66.92866920280845 -65.56015229964022 0.5
      vertex 66.96410161513775 -65.5 -0.5
    endloop
  endfacet
  facet normal 0 0 -1
    outer loop
      vertex 66.92866920280845 -65.56015229964022 -0.5
      vertex 66.96410161513775 -65.5 -0.5
      vertex 80.5 -76.5 -0.5
    endloop
  endfacet
  facet normal -0.861629160441582 0.5075383629606086 0
    outer loop
      vertex 66.92866920280845 -65.56015229964022 0.5
      vertex 66.96410161513775 -65.5 0.5
      vertex 66.96410161513775 -65.5 -0.5
    endloop
  endfacet
  facet normal 0 0 1
    outer loop
      vertex 66.92866920280845 -65.56015229964022 0.5
      vertex 79.32842712474618 -79.32842712474618 0.5
      vertex 66.96410161513775 -65.5 0.5
    endloop
  endfacet
  facet normal -0.861629160441582 -0.5075383629606086 0
    outer loop
      vertex 66.92866920280845 65.56015229964022 -0.5
      vertex 66.96410161513775 65.5 -0.5
      vertex 66.92866920280845 65.56015229964022 0.5
    endloop
  endfacet
  facet normal 0 0 -1
    outer loop
      vertex 66.92866920280845 65.56015229964022 -0.5
      vertex 79.32842712474618 79.32842712474618 -0.5
      vertex 66.96410161513775 65.5 -0.5
    endloop
  endfacet
  facet normal -0.861629160441582 -0.5075383629606086 0
    outer loop
      vertex 66.92866920280845 65.56015229964022 0.5
      vertex 66.96410161513775 65.5 -0.5
      vertex 66.96410161513775 65.5 0.5
    endloop
  endfacet
  facet normal 0 0 1
    outer loop
      vertex 66.92866920280845 65.56015229964022 0.5
      vertex 66.96410161513775 65.5 0.5
      vertex 79.32842712474618 79.32842712474618 0.5
    endloop
  endfacet
  facet normal -0.8703556959398739 0.4924235601035126 0
    outer loop
      vertex 66.96410161513775 -65.5 -0.5
      vertex 66.96410161513775 -65.5 0.5
      vertex 66.99847882855758 -65.43923848098535 0.5
    endloop
  endfacet
  facet normal 0 0 -1
    outer loop
      vertex 66.96410161513775 -65.5 -0.5
      vertex 66.99847882855758 -65.43923848098535 -0.5
      vertex 80.5 -76.5 -0.5
    endloop
  endfacet
  facet normal -0.8703556959398739 0.4924235601035126 0
    outer loop
      vertex 66.96410161513775 -65.5 -0.5
      vertex 66.99847882855758 -65.43923848098535 0.5
      vertex 66.99847882855758 -65.43923848098535 -0.5
    endloop
  endfacet
  facet normal 0 0 1
    outer loop
      vertex 66.96410161513775 -65.5 0.5
      vertex 79.32842712474618 -79.32842712474618 0.5
      vertex 66.99847882855758 -65.43923848098535 0.5
    endloop
  endfacet
  facet normal -0.8703556959398739 -0.4924235601035126 0
    outer loop
      vertex 66.96410161513775 65.5 -0.5
      vertex 66.99847882855758 65.43923848098535 -0.5
      vertex 66.99847882855758 65.43923848098535 0.5
    endloop
  endfacet
  facet normal -0.8703556959398739 -0.4924235601035126 0
    outer loop
      vertex 66.96410161513775 65.5 -0.5
      vertex 66.99847882855758 65.43923848098535 0.5
      vertex 66.96410161513775 65.5 0.5
    endloop
  endfacet
  facet normal 0 0 -1
    outer loop
      vertex 66.96410161513775 65.5 -0.5
      vertex 79.32842712474618 79.32842712474618 -0.5
      vertex 66.99847882855758 65.43923848098535 -0.5
    endloop
  endfacet
  facet normal 0 0 1
    outer loop
      vertex 66.96410161513775 65.5 0.5
      vertex 66.99847882855758 65.43923848098535 0.5
      vertex 79.32842712474618 79.32842712474618 0.5
    endloop
  endfacet
  facet normal -0.8788171126619768 0.47715876025958726 0
    outer loop
      vertex 66.99847882855758 -65.43923848098535 -0.5
      vertex 66.99847882855758 -65.43923848098535 0.5
      vertex 67.0317903714357 -65.37788625114356 -0.5
    endloop
  endfacet
  facet normal 0 0 -1
    outer loop
      vertex 66.99847882855758 -65.43923848098535 -0.5
      vertex 67.0317903714357 -65.37788625114356 -0.5
      vertex 80.5 -76.5 -0.5
    endloop
  endfacet
  facet normal -0.8788171126619769 0.4771587602595873 0
    outer loop
      vertex 66.99847882855758 -65.43923848098535 0.5
      vertex 67.0317903714357 -65.37788625114356 0.4900000000000002
      vertex 67.0317903714357 -65.37788625114356 -0.5
    endloop
  endfacet
  facet normal -0.8788171126619768 0.47715876025958726 0
    outer loop
      vertex 66.99847882855758 -65.43923848098535 0.5
      vertex 67.0317903714357 -65.37788625114356 0.5
      vertex 67.0317903714357 -65.37788625114356 0.4900000000000002
    endloop
  endfacet
  facet normal 0 0 1
    outer loop
      vertex 66.99847882855758 -65.43923848098535 0.5
      vertex 79.32842712474618 -79.32842712474618 0.5
      vertex 67.0317903714357 -65.37788625114356 0.5
    endloop
  endfacet
  facet normal -0.8788171126619768 -0.47715876025958726 0
    outer loop
      vertex 66.99847882855758 65.43923848098535 -0.5
      vertex 67.0317903714357 65.37788625114356 -0.5
      vertex 66.99847882855758 65.43923848098535 0.5
    endloop
  endfacet
  facet normal 0 0 -1
    outer loop
      vertex 66.99847882855758 65.43923848098535 -0.5
      vertex 79.32842712474618 79.32842712474618 -0.5
      vertex 67.0317903714357 65.37788625114356 -0.5
    endloop
  endfacet
  facet normal -0.8788171126619768 -0.47715876025958726 0
    outer loop
      vertex 66.99847882855758 65.43923848098535 0.5
      vertex 67.0317903714357 65.37788625114356 -0.5
      vertex 67.0317903714357 65.37788625114356 0.5
    endloop
  endfacet
  facet normal 0 0 1
    outer loop
      vertex 66.99847882855758 65.43923848098535 0.5
      vertex 67.0317903714357 65.37788625114356 0.5
      vertex 79.32842712474618 79.32842712474618 0.5
    endloop
  endfacet
  facet normal -0.8870108331782407 0.4617486132349977 0
    outer loop
      vertex 67.0317903714357 -65.37788625114356 -0.5
      vertex 67.0317903714357 -65.37788625114356 0.4900000000000002
      vertex 67.06402609675347 -65.31596199895819 0.4900000000000002
    endloop
  endfacet
  facet normal 0 0 -1
    outer loop
      vertex 67.0317903714357 -65.37788625114356 -0.5
      vertex 67.06402609675347 -65.31596199895819 -0.5
      vertex 80.5 -76.5 -0.5
    endloop
  endfacet
  facet normal -0.8870108331782407 0.4617486132349977 0
    outer loop
      vertex 67.0317903714357 -65.37788625114356 -0.5
      vertex 67.06402609675347 -65.31596199895819 0.4900000000000002
      vertex 67.06402609675347 -65.31596199895819 -0.5
    endloop
  endfacet
  facet normal -0.8870108331782406 0.46174861323499766 0
    outer loop
      vertex 67.0317903714357 -65.37788625114356 0.4900000000000002
      vertex 67.0317903714357 -65.37788625114356 0.5
      vertex 67.06402609675347 -65.31596199895819 0.5
    endloop
  endfacet
  facet normal -0.8870108331782406 0.46174861323499766 0
    outer loop
      vertex 67.0317903714357 -65.37788625114356 0.4900000000000002
      vertex 67.06402609675347 -65.31596199895819 0.5
      vertex 67.06402609675347 -65.31596199895819 0.4900000000000002
    endloop
  endfacet
  facet normal 0 0 1
    outer loop
      vertex 67.0317903714357 -65.37788625114356 0.5
      vertex 79.32842712474618 -79.32842712474618 0.5
      vertex 67.06402609675347 -65.31596199895819 0.5
    endloop
  endfacet
  facet normal -0.8870108331782406 -0.4617486132349976 0
    outer loop
      vertex 67.0317903714357 65.37788625114356 -0.5
      vertex 67.06402609675347 65.31596199895819 -0.5
      vertex 67.06402609675347 65.31596199895819 0.5
    endloop
  endfacet
  facet normal -0.8870108331782406 -0.4617486132349976 0
    outer loop
      vertex 67.0317903714357 65.37788625114356 -0.5
      vertex 67.06402609675347 65.31596199895819 0.5
      vertex 67.0317903714357 65.37788625114356 0.5
    endloop
  endfacet
  facet normal 0 0 -1
    outer loop
      vertex 67.0317903714357 65.37788625114356 -0.5
      vertex 79.32842712474618 79.32842712474618 -0.5
      vertex 67.06402609675347 65.31596199895819 -0.5
    endloop
  endfacet
  facet normal 0 0 1
    outer loop
      vertex 67.0317903714357 65.37788625114356 0.5
      vertex 67.06402609675347 65.31596199895819 0.5
      vertex 79.32842712474618 79.32842712474618 0.5
    endloop
  endfacet
  facet normal -0.894934361602022 0.446197813109815 0
    outer loop
      vertex 67.06402609675347 -65.31596199895819 -0.5
      vertex 67.06402609675347 -65.31596199895819 0.4900000000000002
      vertex 67.09517618519666 -65.25348458715631 -0.5
    endloop
  endfacet
  facet normal 0 0 -1
    outer loop
      vertex 67.06402609675347 -65.31596199895819 -0.5
      vertex 67.09517618519666 -65.25348458715631 -0.5
      vertex 80.5 -76.5 -0.5
    endloop
  endfacet
  facet normal -0.8949343616020219 0.44619781310981493 0
    outer loop
      vertex 67.06402609675347 -65.31596199895819 0.4900000000000002
      vertex 67.06402609675347 -65.31596199895819 0.5
      vertex 67.09517618519666 -65.25348458715631 -0.5
    endloop
  endfacet
  facet normal -0.894934361602022 0.446197813109815 0
    outer loop
      vertex 67.06402609675347 -65.31596199895819 0.5
      vertex 67.09517618519666 -65.25348458715631 0.5
      vertex 67.09517618519666 -65.25348458715631 -0.5
    endloop
  endfacet
  facet normal 0 0 1
    outer loop
      vertex 67.06402609675347 -65.31596199895819 0.5
      vertex 79.32842712474618 -79.32842712474618 0.5
      vertex 67.09517618519666 -65.25348458715631 0.5
    endloop
  endfacet
  facet normal -0.894934361602022 -0.446197813109815 0
    outer loop
      vertex 67.06402609675347 65.31596199895819 -0.5
      vertex 67.09517618519666 65.25348458715631 -0.5
      vertex 67.06402609675347 65.31596199895819 0.5
    endloop
  endfacet
  facet normal 0 0 -1
    outer loop
      vertex 67.06402609675347 65.31596199895819 -0.5
      vertex 79.32842712474618 79.32842712474618 -0.5
      vertex 67.09517618519666 65.25348458715631 -0.5
    endloop
  endfacet
  facet normal -0.894934361602022 -0.446197813109815 0
    outer loop
      vertex 67.06402609675347 65.31596199895819 0.5
      vertex 67.09517618519666 65.25348458715631 -0.5
      vertex 67.09517618519666 65.25348458715631 0.5
    endloop
  endfacet
  facet normal 0 0 1
    outer loop
      vertex 67.06402609675347 65.31596199895819 0.5
      vertex 67.09517618519666 65.25348458715631 0.5
      vertex 79.32842712474618 79.32842712474618 0.5
    endloop
  endfacet
  facet normal -0.9025852843498612 0.43051109680829425 0
    outer loop
      vertex 67.09517618519666 -65.25348458715631 -0.5
      vertex 67.09517618519666 -65.25348458715631 0.5
      vertex 67.1252311481466 -65.1904730469628 0.5
    endloop
  endfacet
  facet normal 0 0 -1
    outer loop
      vertex 67.09517618519666 -65.25348458715631 -0.5
      vertex 67.1252311481466 -65.1904730469628 -0.5
      vertex 80.5 -76.5 -0.5
    endloop
  endfacet
  facet normal -0.9025852843498612 0.43051109680829425 0
    outer loop
      vertex 67.09517618519666 -65.25348458715631 -0.5
      vertex 67.1252311481466 -65.1904730469628 0.5
      vertex 67.1252311481466 -65.1904730469628 -0.5
    endloop
  endfacet
  facet normal 0 0 1
    outer loop
      vertex 67.09517618519666 -65.25348458715631 0.5
      vertex 79.32842712474618 -79.32842712474618 0.5
      vertex 67.1252311481466 -65.1904730469628 0.5
    endloop
  endfacet
  facet normal -0.9025852843498612 -0.43051109680829425 0
    outer loop
      vertex 67.09517618519666 65.25348458715631 -0.5
      vertex 67.1252311481466 65.1904730469628 -0.5
      vertex 67.1252311481466 65.1904730469628 0.5
    endloop
  endfacet
  facet normal -0.9025852843498612 -0.43051109680829425 0
    outer loop
      vertex 67.09517618519666 65.25348458715631 -0.5
      vertex 67.1252311481466 65.1904730469628 0.5
      vertex 67.09517618519666 65.25348458715631 0.5
    endloop
  endfacet
  facet normal 0 0 -1
    outer loop
      vertex 67.09517618519666 65.25348458715631 -0.5
      vertex 79.32842712474618 79.32842712474618 -0.5
      vertex 67.1252311481466 65.1904730469628 -0.5
    endloop
  endfacet
  facet normal 0 0 1
    outer loop
      vertex 67.09517618519666 65.25348458715631 0.5
      vertex 67.1252311481466 65.1904730469628 0.5
      vertex 79.32842712474618 79.32842712474618 0.5
    endloop
  endfacet
  facet normal -0.9099612708764989 0.41469324265633606 0
    outer loop
      vertex 67.1252311481466 -65.1904730469628 -0.5
      vertex 67.1252311481466 -65.1904730469628 0.5
      vertex 67.15418183057041 -65.1269465723032 0.5
    endloop
  endfacet
  facet normal 0 0 -1
    outer loop
      vertex 67.1252311481466 -65.1904730469628 -0.5
      vertex 67.15418183057041 -65.1269465723032 -0.5
      vertex 80.5 -76.5 -0.5
    endloop
  endfacet
  facet normal -0.9099612708764989 0.41469324265633606 0
    outer loop
      vertex 67.1252311481466 -65.1904730469628 -0.5
      vertex 67.15418183057041 -65.1269465723032 0.5
      vertex 67.15418183057041 -65.1269465723032 -0.5
    endloop
  endfacet
  facet normal 0 0 1
    outer loop
      vertex 67.1252311481466 -65.1904730469628 0.5
      vertex 79.32842712474618 -79.32842712474618 0.5
      vertex 67.15418183057041 -65.1269465723032 0.5
    endloop
  endfacet
  facet normal -0.9099612708764989 -0.41469324265633606 0
    outer loop
      vertex 67.1252311481466 65.1904730469628 -0.5
      vertex 67.15418183057041 65.1269465723032 -0.5
      vertex 67.15418183057041 65.1269465723032 0.5
    endloop
  endfacet
  facet normal -0.9099612708764989 -0.41469324265633606 0
    outer loop
      vertex 67.1252311481466 65.1904730469628 -0.5
      vertex 67.15418183057041 65.1269465723032 0.5
      vertex 67.1252311481466 65.1904730469628 0.5
    endloop
  endfacet
  facet normal 0 0 -1
    outer loop
      vertex 67.1252311481466 65.1904730469628 -0.5
      vertex 79.32842712474618 79.32842712474618 -0.5
      vertex 67.15418183057041 65.1269465723032 -0.5
    endloop
  endfacet
  facet normal 0 0 1
    outer loop
      vertex 67.1252311481466 65.1904730469628 0.5
      vertex 67.15418183057041 65.1269465723032 0.5
      vertex 79.32842712474618 79.32842712474618 0.5
    endloop
  endfacet
  facet normal -0.9170600743851635 0.39874906892515527 0
    outer loop
      vertex 67.15418183057041 -65.1269465723032 -0.5
      vertex 67.15418183057041 -65.1269465723032 0.5
      vertex 67.18201941380975 -65.0629245139571 0.5
    endloop
  endfacet
  facet normal 0 0 -1
    outer loop
      vertex 67.15418183057041 -65.1269465723032 -0.5
      vertex 67.18201941380975 -65.0629245139571 -0.5
      vertex 80.5 -76.5 -0.5
    endloop
  endfacet
  facet normal -0.9170600743851636 0.39874906892515527 0
    outer loop
      vertex 67.15418183057041 -65.1269465723032 -0.5
      vertex 67.18201941380975 -65.0629245139571 0.4900000000000002
      vertex 67.18201941380975 -65.0629245139571 -0.5
    endloop
  endfacet
  facet normal -0.9170600743851621 0.39874906892515855 0
    outer loop
      vertex 67.15418183057041 -65.1269465723032 -0.5
      vertex 67.18201941380975 -65.0629245139571 0.5
      vertex 67.18201941380975 -65.0629245139571 0.4900000000000002
    endloop
  endfacet
  facet normal 0 0 1
    outer loop
      vertex 67.15418183057041 -65.1269465723032 0.5
      vertex 79.32842712474618 -79.32842712474618 0.5
      vertex 67.18201941380975 -65.0629245139571 0.5
    endloop
  endfacet
  facet normal -0.9170600743851635 -0.39874906892515527 0
    outer loop
      vertex 67.15418183057041 65.1269465723032 -0.5
      vertex 67.18201941380975 65.0629245139571 -0.5
      vertex 67.18201941380975 65.0629245139571 0.5
    endloop
  endfacet
  facet normal -0.9170600743851635 -0.39874906892515527 0
    outer loop
      vertex 67.15418183057041 65.1269465723032 -0.5
      vertex 67.18201941380975 65.0629245139571 0.5
      vertex 67.15418183057041 65.1269465723032 0.5
    endloop
  endfacet
  facet normal 0 0 -1
    outer loop
      vertex 67.15418183057041 65.1269465723032 -0.5
      vertex 79.32842712474618 79.32842712474618 -0.5
      vertex 67.18201941380975 65.0629245139571 -0.5
    endloop
  endfacet
  facet normal 0 0 1
    outer loop
      vertex 67.15418183057041 65.1269465723032 0.5
      vertex 67.18201941380975 65.0629245139571 0.5
      vertex 79.32842712474618 79.32842712474618 0.5
    endloop
  endfacet
  facet normal -0.9238795325112461 0.38268343236518804 0
    outer loop
      vertex 67.18201941380975 -65.0629245139571 -0.5
      vertex 67.18201941380975 -65.0629245139571 0.4900000000000002
      vertex 67.20873541826715 -64.99842637366365 -0.5
    endloop
  endfacet
  facet normal 0 0 -1
    outer loop
      vertex 67.18201941380975 -65.0629245139571 -0.5
      vertex 67.20873541826715 -64.99842637366365 -0.5
      vertex 80.5 -76.5 -0.5
    endloop
  endfacet
  facet normal -0.923879532511246 0.3826834323651879 0
    outer loop
      vertex 67.18201941380975 -65.0629245139571 0.4900000000000002
      vertex 67.18201941380975 -65.0629245139571 0.5
      vertex 67.20873541826715 -64.99842637366365 -0.5
    endloop
  endfacet
  facet normal -0.9238795325112461 0.38268343236518804 0
    outer loop
      vertex 67.18201941380975 -65.0629245139571 0.5
      vertex 67.20873541826715 -64.99842637366365 0.5
      vertex 67.20873541826715 -64.99842637366365 -0.5
    endloop
  endfacet
  facet normal 0 0 1
    outer loop
      vertex 67.18201941380975 -65.0629245139571 0.5
      vertex 79.32842712474618 -79.32842712474618 0.5
      vertex 67.20873541826715 -64.99842637366365 0.5
    endloop
  endfacet
  facet normal -0.9238795325112461 -0.38268343236518804 0
    outer loop
      vertex 67.18201941380975 65.0629245139571 -0.5
      vertex 67.20873541826715 64.99842637366365 -0.5
      vertex 67.20873541826715 64.99842637366365 0.5
    endloop
  endfacet
  facet normal -0.9238795325112461 -0.38268343236518804 0
    outer loop
      vertex 67.18201941380975 65.0629245139571 -0.5
      vertex 67.20873541826715 64.99842637366365 0.5
      vertex 67.18201941380975 65.0629245139571 0.5
    endloop
  endfacet
  facet normal 0 0 -1
    outer loop
      vertex 67.18201941380975 65.0629245139571 -0.5
      vertex 79.32842712474618 79.32842712474618 -0.5
      vertex 67.20873541826715 64.99842637366365 -0.5
    endloop
  endfacet
  facet normal 0 0 1
    outer loop
      vertex 67.18201941380975 65.0629245139571 0.5
      vertex 67.20873541826715 64.99842637366365 0.5
      vertex 79.32842712474618 79.32842712474618 0.5
    endloop
  endfacet
  facet normal -0.930417567982051 0.36650122672422997 0
    outer loop
      vertex 67.20873541826715 -64.99842637366365 -0.5
      vertex 67.20873541826715 -64.99842637366365 0.5
      vertex 67.2343217059888 -64.9334717981812 0.4900000000000002
    endloop
  endfacet
  facet normal 0 0 -1
    outer loop
      vertex 67.20873541826715 -64.99842637366365 -0.5
      vertex 67.2343217059888 -64.9334717981812 -0.5
      vertex 80.5 -76.5 -0.5
    endloop
  endfacet
  facet normal -0.9304175679820511 0.3665012267242299 0
    outer loop
      vertex 67.20873541826715 -64.99842637366365 -0.5
      vertex 67.2343217059888 -64.9334717981812 0.4900000000000002
      vertex 67.2343217059888 -64.9334717981812 -0.5
    endloop
  endfacet
  facet normal -0.9304175679820511 0.36650122672422997 0
    outer loop
      vertex 67.20873541826715 -64.99842637366365 0.5
      vertex 67.2343217059888 -64.9334717981812 0.5
      vertex 67.2343217059888 -64.9334717981812 0.4900000000000002
    endloop
  endfacet
  facet normal 0 0 1
    outer loop
      vertex 67.20873541826715 -64.99842637366365 0.5
      vertex 79.32842712474618 -79.32842712474618 0.5
      vertex 67.2343217059888 -64.9334717981812 0.5
    endloop
  endfacet
  facet normal -0.930417567982051 -0.36650122672422997 0
    outer loop
      vertex 67.20873541826715 64.99842637366365 -0.5
      vertex 67.2343217059888 64.9334717981812 -0.5
      vertex 67.2343217059888 64.9334717981812 0.5
    endloop
  endfacet
  facet normal -0.930417567982051 -0.36650122672422997 0
    outer loop
      vertex 67.20873541826715 64.99842637366365 -0.5
      vertex 67.2343217059888 64.9334717981812 0.5
      vertex 67.20873541826715 64.99842637366365 0.5
    endloop
  endfacet
  facet normal 0 0 -1
    outer loop
      vertex 67.20873541826715 64.99842637366365 -0.5
      vertex 79.32842712474618 79.32842712474618 -0.5
      vertex 67.2343217059888 64.9334717981812 -0.5
    endloop
  endfacet
  facet normal 0 0 1
    outer loop
      vertex 67.20873541826715 64.99842637366365 0.5
      vertex 67.2343217059888 64.9334717981812 0.5
      vertex 79.32842712474618 79.32842712474618 0.5
    endloop
  endfacet
  facet normal -0.9366721892483754 0.3502073812595273 0
    outer loop
      vertex 67.2343217059888 -64.9334717981812 -0.5
      vertex 67.2343217059888 -64.9334717981812 0.4900000000000002
      vertex 67.25877048314364 -64.86808057330268 -0.5
    endloop
  endfacet
  facet normal 0 0 -1
    outer loop
      vertex 67.2343217059888 -64.9334717981812 -0.5
      vertex 67.25877048314364 -64.86808057330268 -0.5
      vertex 80.5 -76.5 -0.5
    endloop
  endfacet
  facet normal -0.9366721892483753 0.35020738125952716 0
    outer loop
      vertex 67.2343217059888 -64.9334717981812 0.4900000000000002
      vertex 67.2343217059888 -64.9334717981812 0.5
      vertex 67.25877048314364 -64.86808057330268 0.5
    endloop
  endfacet
  facet normal -0.9366721892483754 0.3502073812595272 0
    outer loop
      vertex 67.2343217059888 -64.9334717981812 0.4900000000000002
      vertex 67.25877048314364 -64.86808057330268 0.5
      vertex 67.25877048314364 -64.86808057330268 -0.5
    endloop
  endfacet
  facet normal 0 0 1
    outer loop
      vertex 67.2343217059888 -64.9334717981812 0.5
      vertex 79.32842712474618 -79.32842712474618 0.5
      vertex 67.25877048314364 -64.86808057330268 0.5
    endloop
  endfacet
  facet normal -0.9366721892483754 -0.3502073812595272 0
    outer loop
      vertex 67.2343217059888 64.9334717981812 -0.5
      vertex 67.25877048314364 64.86808057330268 -0.5
      vertex 67.2343217059888 64.9334717981812 0.5
    endloop
  endfacet
  facet normal 0 0 -1
    outer loop
      vertex 67.2343217059888 64.9334717981812 -0.5
      vertex 79.32842712474618 79.32842712474618 -0.5
      vertex 67.25877048314364 64.86808057330268 -0.5
    endloop
  endfacet
  facet normal -0.9366721892483754 -0.3502073812595272 0
    outer loop
      vertex 67.2343217059888 64.9334717981812 0.5
      vertex 67.25877048314364 64.86808057330268 -0.5
      vertex 67.25877048314364 64.86808057330268 0.5
    endloop
  endfacet
  facet normal 0 0 1
    outer loop
      vertex 67.2343217059888 64.9334717981812 0.5
      vertex 67.25877048314364 64.86808057330268 0.5
      vertex 79.32842712474618 79.32842712474618 0.5
    endloop
  endfacet
  facet normal -0.9426414910922222 0.33380685923364767 0
    outer loop
      vertex 67.25877048314364 -64.86808057330268 -0.5
      vertex 67.25877048314364 -64.86808057330268 0.5
      vertex 67.28207430239726 -64.80227261782862 -0.5
    endloop
  endfacet
  facet normal 0 0 -1
    outer loop
      vertex 67.25877048314364 -64.86808057330268 -0.5
      vertex 67.28207430239726 -64.80227261782862 -0.5
      vertex 80.5 -76.5 -0.5
    endloop
  endfacet
  facet normal -0.9426414910922222 0.33380685923364767 0
    outer loop
      vertex 67.25877048314364 -64.86808057330268 0.5
      vertex 67.28207430239726 -64.80227261782862 0.5
      vertex 67.28207430239726 -64.80227261782862 -0.5
    endloop
  endfacet
  facet normal 0 0 1
    outer loop
      vertex 67.25877048314364 -64.86808057330268 0.5
      vertex 79.32842712474618 -79.32842712474618 0.5
      vertex 67.28207430239726 -64.80227261782862 0.5
    endloop
  endfacet
  facet normal -0.9426414910922222 -0.33380685923364767 0
    outer loop
      vertex 67.25877048314364 64.86808057330268 -0.5
      vertex 67.28207430239726 64.80227261782862 -0.5
      vertex 67.25877048314364 64.86808057330268 0.5
    endloop
  endfacet
  facet normal 0 0 -1
    outer loop
      vertex 67.25877048314364 64.86808057330268 -0.5
      vertex 79.32842712474618 79.32842712474618 -0.5
      vertex 67.28207430239726 64.80227261782862 -0.5
    endloop
  endfacet
  facet normal -0.9426414910922222 -0.33380685923364767 0
    outer loop
      vertex 67.25877048314364 64.86808057330268 0.5
      vertex 67.28207430239726 64.80227261782862 -0.5
      vertex 67.28207430239726 64.80227261782862 0.5
    endloop
  endfacet
  facet normal 0 0 1
    outer loop
      vertex 67.25877048314364 64.86808057330268 0.5
      vertex 67.28207430239726 64.80227261782862 0.5
      vertex 79.32842712474618 79.32842712474618 0.5
    endloop
  endfacet
  facet normal -0.9483236552061739 0.31730465640516825 0
    outer loop
      vertex 67.28207430239726 -64.80227261782862 -0.5
      vertex 67.28207430239726 -64.80227261782862 0.5
      vertex 67.30422606518061 -64.73606797749979 0.4900000000000002
    endloop
  endfacet
  facet normal 0 0 -1
    outer loop
      vertex 67.28207430239726 -64.80227261782862 -0.5
      vertex 67.30422606518061 -64.73606797749979 -0.5
      vertex 80.5 -76.5 -0.5
    endloop
  endfacet
  facet normal -0.9483236552061738 0.31730465640516825 0
    outer loop
      vertex 67.28207430239726 -64.80227261782862 -0.5
      vertex 67.30422606518061 -64.73606797749979 0.4900000000000002
      vertex 67.30422606518061 -64.73606797749979 -0.5
    endloop
  endfacet
  facet normal -0.9483236552061738 0.3173046564051682 0
    outer loop
      vertex 67.28207430239726 -64.80227261782862 0.5
      vertex 67.30422606518061 -64.73606797749979 0.5
      vertex 67.30422606518061 -64.73606797749979 0.4900000000000002
    endloop
  endfacet
  facet normal 0 0 1
    outer loop
      vertex 67.28207430239726 -64.80227261782862 0.5
      vertex 79.32842712474618 -79.32842712474618 0.5
      vertex 67.30422606518061 -64.73606797749979 0.5
    endloop
  endfacet
  facet normal -0.9483236552061739 -0.31730465640516825 0
    outer loop
      vertex 67.28207430239726 64.80227261782862 -0.5
      vertex 67.30422606518061 64.73606797749979 -0.5
      vertex 67.30422606518061 64.73606797749979 0.5
    endloop
  endfacet
  facet normal -0.9483236552061739 -0.31730465640516825 0
    outer loop
      vertex 67.28207430239726 64.80227261782862 -0.5
      vertex 67.30422606518061 64.73606797749979 0.5
      vertex 67.28207430239726 64.80227261782862 0.5
    endloop
  endfacet
  facet normal 0 0 -1
    outer loop
      vertex 67.28207430239726 64.80227261782862 -0.5
      vertex 79.32842712474618 79.32842712474618 -0.5
      vertex 67.30422606518061 64.73606797749979 -0.5
    endloop
  endfacet
  facet normal 0 0 1
    outer loop
      vertex 67.28207430239726 64.80227261782862 0.5
      vertex 67.30422606518061 64.73606797749979 0.5
      vertex 79.32842712474618 79.32842712474618 0.5
    endloop
  endfacet
  facet normal -0.9537169507482246 0.3007057995042804 0
    outer loop
      vertex 67.30422606518061 -64.73606797749979 -0.5
      vertex 67.30422606518061 -64.73606797749979 0.4900000000000002
      vertex 67.32521902385214 -64.66948681889095 -0.5
    endloop
  endfacet
  facet normal 0 0 -1
    outer loop
      vertex 67.30422606518061 -64.73606797749979 -0.5
      vertex 67.32521902385214 -64.66948681889095 -0.5
      vertex 80.5 -76.5 -0.5
    endloop
  endfacet
  facet normal -0.9537169507482246 0.3007057995042804 0
    outer loop
      vertex 67.30422606518061 -64.73606797749979 0.4900000000000002
      vertex 67.30422606518061 -64.73606797749979 0.5
      vertex 67.32521902385214 -64.66948681889095 0.5
    endloop
  endfacet
  facet normal -0.9537169507482246 0.3007057995042804 0
    outer loop
      vertex 67.30422606518061 -64.73606797749979 0.4900000000000002
      vertex 67.32521902385214 -64.66948681889095 0.5
      vertex 67.32521902385214 -64.66948681889095 -0.5
    endloop
  endfacet
  facet normal 0 0 1
    outer loop
      vertex 67.30422606518061 -64.73606797749979 0.5
      vertex 79.32842712474618 -79.32842712474618 0.5
      vertex 67.32521902385214 -64.66948681889095 0.5
    endloop
  endfacet
  facet normal -0.9537169507482246 -0.3007057995042804 0
    outer loop
      vertex 67.30422606518061 64.73606797749979 -0.5
      vertex 67.32521902385214 64.66948681889095 -0.5
      vertex 67.32521902385214 64.66948681889095 0.5
    endloop
  endfacet
  facet normal -0.9537169507482246 -0.3007057995042804 0
    outer loop
      vertex 67.30422606518061 64.73606797749979 -0.5
      vertex 67.32521902385214 64.66948681889095 0.5
      vertex 67.30422606518061 64.73606797749979 0.5
    endloop
  endfacet
  facet normal 0 0 -1
    outer loop
      vertex 67.30422606518061 64.73606797749979 -0.5
      vertex 79.32842712474618 79.32842712474618 -0.5
      vertex 67.32521902385214 64.66948681889095 -0.5
    endloop
  endfacet
  facet normal 0 0 1
    outer loop
      vertex 67.30422606518061 64.73606797749979 0.5
      vertex 67.32521902385214 64.66948681889095 0.5
      vertex 79.32842712474618 79.32842712474618 0.5
    endloop
  endfacet
  facet normal -0.9588197348681858 0.28401534470394674 0
    outer loop
      vertex 67.32521902385214 -64.66948681889095 -0.5
      vertex 67.32521902385214 -64.66948681889095 0.5
      vertex 67.34504678375328 -64.602549423268 0.5
    endloop
  endfacet
  facet normal 0 0 -1
    outer loop
      vertex 67.32521902385214 -64.66948681889095 -0.5
      vertex 67.34504678375328 -64.602549423268 -0.5
      vertex 80.5 -76.5 -0.5
    endloop
  endfacet
  facet normal -0.9588197348681858 0.28401534470394674 0
    outer loop
      vertex 67.32521902385214 -64.66948681889095 -0.5
      vertex 67.34504678375328 -64.602549423268 0.5
      vertex 67.34504678375328 -64.602549423268 -0.5
    endloop
  endfacet
  facet normal 0 0 1
    outer loop
      vertex 67.32521902385214 -64.66948681889095 0.5
      vertex 79.32842712474618 -79.32842712474618 0.5
      vertex 67.34504678375328 -64.602549423268 0.5
    endloop
  endfacet
  facet normal -0.9588197348681858 -0.28401534470394674 0
    outer loop
      vertex 67.32521902385214 64.66948681889095 -0.5
      vertex 67.34504678375328 64.602549423268 -0.5
      vertex 67.34504678375328 64.602549423268 0.5
    endloop
  endfacet
  facet normal -0.9588197348681858 -0.28401534470394674 0
    outer loop
      vertex 67.32521902385214 64.66948681889095 -0.5
      vertex 67.34504678375328 64.602549423268 0.5
      vertex 67.32521902385214 64.66948681889095 0.5
    endloop
  endfacet
  facet normal 0 0 -1
    outer loop
      vertex 67.32521902385214 64.66948681889095 -0.5
      vertex 79.32842712474618 79.32842712474618 -0.5
      vertex 67.34504678375328 64.602549423268 -0.5
    endloop
  endfacet
  facet normal 0 0 1
    outer loop
      vertex 67.32521902385214 64.66948681889095 0.5
      vertex 67.34504678375328 64.602549423268 0.5
      vertex 79.32842712474618 79.32842712474618 0.5
    endloop
  endfacet
  facet normal -0.963630453208614 0.26723837607828954 0
    outer loop
      vertex 67.34504678375328 -64.602549423268 -0.5
      vertex 67.34504678375328 -64.602549423268 0.5
      vertex 67.36370330515628 -64.53527618041008 -0.5
    endloop
  endfacet
  facet normal 0 0 -1
    outer loop
      vertex 67.34504678375328 -64.602549423268 -0.5
      vertex 67.36370330515628 -64.53527618041008 -0.5
      vertex 80.5 -76.5 -0.5
    endloop
  endfacet
  facet normal -0.9636304532086138 0.2672383760782895 0
    outer loop
      vertex 67.34504678375328 -64.602549423268 0.5
      vertex 67.36370330515628 -64.53527618041008 0.4900000000000002
      vertex 67.36370330515628 -64.53527618041008 -0.5
    endloop
  endfacet
  facet normal -0.963630453208614 0.26723837607828954 0
    outer loop
      vertex 67.34504678375328 -64.602549423268 0.5
      vertex 67.36370330515628 -64.53527618041008 0.5
      vertex 67.36370330515628 -64.53527618041008 0.4900000000000002
    endloop
  endfacet
  facet normal 0 0 1
    outer loop
      vertex 67.34504678375328 -64.602549423268 0.5
      vertex 79.32842712474618 -79.32842712474618 0.5
      vertex 67.36370330515628 -64.53527618041008 0.5
    endloop
  endfacet
  facet normal -0.963630453208614 -0.26723837607828954 0
    outer loop
      vertex 67.34504678375328 64.602549423268 -0.5
      vertex 67.36370330515628 64.53527618041008 -0.5
      vertex 67.36370330515628 64.53527618041008 0.5
    endloop
  endfacet
  facet normal -0.963630453208614 -0.26723837607828954 0
    outer loop
      vertex 67.34504678375328 64.602549423268 -0.5
      vertex 67.36370330515628 64.53527618041008 0.5
      vertex 67.34504678375328 64.602549423268 0.5
    endloop
  endfacet
  facet normal 0 0 -1
    outer loop
      vertex 67.34504678375328 64.602549423268 -0.5
      vertex 79.32842712474618 79.32842712474618 -0.5
      vertex 67.36370330515628 64.53527618041008 -0.5
    endloop
  endfacet
  facet normal 0 0 1
    outer loop
      vertex 67.34504678375328 64.602549423268 0.5
      vertex 67.36370330515628 64.53527618041008 0.5
      vertex 79.32842712474618 79.32842712474618 0.5
    endloop
  endfacet
  facet normal -0.9681476403781325 0.2503800040543463 0
    outer loop
      vertex 67.36370330515628 -64.53527618041008 -0.5
      vertex 67.36370330515628 -64.53527618041008 0.4900000000000002
      vertex 67.38118290510398 -64.46768758239867 -0.5
    endloop
  endfacet
  facet normal 0 0 -1
    outer loop
      vertex 67.36370330515628 -64.53527618041008 -0.5
      vertex 67.38118290510398 -64.46768758239867 -0.5
      vertex 80.5 -76.5 -0.5
    endloop
  endfacet
  facet normal -0.9681476403781324 0.2503800040543463 0
    outer loop
      vertex 67.36370330515628 -64.53527618041008 0.4900000000000002
      vertex 67.36370330515628 -64.53527618041008 0.5
      vertex 67.38118290510398 -64.46768758239867 0.5
    endloop
  endfacet
  facet normal -0.9681476403781323 0.25038000405434624 0
    outer loop
      vertex 67.36370330515628 -64.53527618041008 0.4900000000000002
      vertex 67.38118290510398 -64.46768758239867 0.5
      vertex 67.38118290510398 -64.46768758239867 -0.5
    endloop
  endfacet
  facet normal 0 0 1
    outer loop
      vertex 67.36370330515628 -64.53527618041008 0.5
      vertex 79.32842712474618 -79.32842712474618 0.5
      vertex 67.38118290510398 -64.46768758239867 0.5
    endloop
  endfacet
  facet normal -0.9681476403781323 -0.25038000405434624 0
    outer loop
      vertex 67.36370330515628 64.53527618041008 -0.5
      vertex 67.38118290510398 64.46768758239867 -0.5
      vertex 67.36370330515628 64.53527618041008 0.5
    endloop
  endfacet
  facet normal 0 0 -1
    outer loop
      vertex 67.36370330515628 64.53527618041008 -0.5
      vertex 79.32842712474618 79.32842712474618 -0.5
      vertex 67.38118290510398 64.46768758239867 -0.5
    endloop
  endfacet
  facet normal -0.9681476403781323 -0.25038000405434624 0
    outer loop
      vertex 67.36370330515628 64.53527618041008 0.5
      vertex 67.38118290510398 64.46768758239867 -0.5
      vertex 67.38118290510398 64.46768758239867 0.5
    endloop
  endfacet
  facet normal 0 0 1
    outer loop
      vertex 67.36370330515628 64.53527618041008 0.5
      vertex 67.38118290510398 64.46768758239867 0.5
      vertex 79.32842712474618 79.32842712474618 0.5
    endloop
  endfacet
  facet normal -0.9723699203976873 0.2334453638558606 0
    outer loop
      vertex 67.38118290510398 -64.46768758239867 -0.5
      vertex 67.38118290510398 -64.46768758239867 0.5
      vertex 67.39748025914093 -64.39980421737546 -0.5
    endloop
  endfacet
  facet normal 0 0 -1
    outer loop
      vertex 67.38118290510398 -64.46768758239867 -0.5
      vertex 67.39748025914093 -64.39980421737546 -0.5
      vertex 80.5 -76.5 -0.5
    endloop
  endfacet
  facet normal -0.9723699203976873 0.2334453638558606 0
    outer loop
      vertex 67.38118290510398 -64.46768758239867 0.5
      vertex 67.39748025914093 -64.39980421737546 0.5
      vertex 67.39748025914093 -64.39980421737546 -0.5
    endloop
  endfacet
  facet normal 0 0 1
    outer loop
      vertex 67.38118290510398 -64.46768758239867 0.5
      vertex 79.32842712474618 -79.32842712474618 0.5
      vertex 67.39748025914093 -64.39980421737546 0.5
    endloop
  endfacet
  facet normal -0.9723699203976873 -0.2334453638558606 0
    outer loop
      vertex 67.38118290510398 64.46768758239867 -0.5
      vertex 67.39748025914093 64.39980421737546 -0.5
      vertex 67.39748025914093 64.39980421737546 0.5
    endloop
  endfacet
  facet normal -0.9723699203976873 -0.2334453638558606 0
    outer loop
      vertex 67.38118290510398 64.46768758239867 -0.5
      vertex 67.39748025914093 64.39980421737546 0.5
      vertex 67.38118290510398 64.46768758239867 0.5
    endloop
  endfacet
  facet normal 0 0 -1
    outer loop
      vertex 67.38118290510398 64.46768758239867 -0.5
      vertex 79.32842712474618 79.32842712474618 -0.5
      vertex 67.39748025914093 64.39980421737546 -0.5
    endloop
  endfacet
  facet normal 0 0 1
    outer loop
      vertex 67.38118290510398 64.46768758239867 0.5
      vertex 67.39748025914093 64.39980421737546 0.5
      vertex 79.32842712474618 79.32842712474618 0.5
    endloop
  endfacet
  facet normal -0.9762960071199128 0.21643961393819533 0
    outer loop
      vertex 67.39748025914093 -64.39980421737546 -0.5
      vertex 67.39748025914093 -64.39980421737546 0.5
      vertex 67.41259040293522 -64.33164676327104 0.5
    endloop
  endfacet
  facet normal 0 0 -1
    outer loop
      vertex 67.39748025914093 -64.39980421737546 -0.5
      vertex 67.41259040293522 -64.33164676327104 -0.5
      vertex 80.5 -76.5 -0.5
    endloop
  endfacet
  facet normal -0.9762960071199128 0.21643961393819533 0
    outer loop
      vertex 67.39748025914093 -64.39980421737546 -0.5
      vertex 67.41259040293522 -64.33164676327104 0.5
      vertex 67.41259040293522 -64.33164676327104 -0.5
    endloop
  endfacet
  facet normal 0 0 1
    outer loop
      vertex 67.39748025914093 -64.39980421737546 0.5
      vertex 79.32842712474618 -79.32842712474618 0.5
      vertex 67.41259040293522 -64.33164676327104 0.5
    endloop
  endfacet
  facet normal -0.9762960071199128 -0.21643961393819533 0
    outer loop
      vertex 67.39748025914093 64.39980421737546 -0.5
      vertex 67.41259040293522 64.33164676327104 -0.5
      vertex 67.39748025914093 64.39980421737546 0.5
    endloop
  endfacet
  facet normal 0 0 -1
    outer loop
      vertex 67.39748025914093 64.39980421737546 -0.5
      vertex 79.32842712474618 79.32842712474618 -0.5
      vertex 67.41259040293522 64.33164676327104 -0.5
    endloop
  endfacet
  facet normal -0.9762960071199128 -0.21643961393819533 0
    outer loop
      vertex 67.39748025914093 64.39980421737546 0.5
      vertex 67.41259040293522 64.33164676327104 -0.5
      vertex 67.41259040293522 64.33164676327104 0.5
    endloop
  endfacet
  facet normal 0 0 1
    outer loop
      vertex 67.39748025914093 64.39980421737546 0.5
      vertex 67.41259040293522 64.33164676327104 0.5
      vertex 79.32842712474618 79.32842712474618 0.5
    endloop
  endfacet
  facet normal -0.9799247046208299 0.19936793441719536 0
    outer loop
      vertex 67.41259040293522 -64.33164676327104 -0.5
      vertex 67.41259040293522 -64.33164676327104 0.5
      vertex 67.42650873379066 -64.26323598150618 0.5
    endloop
  endfacet
  facet normal 0 0 -1
    outer loop
      vertex 67.41259040293522 -64.33164676327104 -0.5
      vertex 67.42650873379066 -64.26323598150618 -0.5
      vertex 80.5 -76.5 -0.5
    endloop
  endfacet
  facet normal -0.9799247046208299 0.19936793441719533 0
    outer loop
      vertex 67.41259040293522 -64.33164676327104 -0.5
      vertex 67.42650873379066 -64.26323598150618 -0.4900000000000002
      vertex 67.42650873379066 -64.26323598150618 -0.5
    endloop
  endfacet
  facet normal -0.9799247046208301 0.19936793441719536 0
    outer loop
      vertex 67.41259040293522 -64.33164676327104 -0.5
      vertex 67.42650873379066 -64.26323598150618 0.5
      vertex 67.42650873379066 -64.26323598150618 -0.4900000000000002
    endloop
  endfacet
  facet normal 0 0 1
    outer loop
      vertex 67.41259040293522 -64.33164676327104 0.5
      vertex 79.32842712474618 -79.32842712474618 0.5
      vertex 67.42650873379066 -64.26323598150618 0.5
    endloop
  endfacet
  facet normal -0.9799247046208299 -0.19936793441719536 0
    outer loop
      vertex 67.41259040293522 64.33164676327104 -0.5
      vertex 67.42650873379066 64.26323598150618 -0.5
      vertex 67.42650873379066 64.26323598150618 0.5
    endloop
  endfacet
  facet normal -0.9799247046208299 -0.19936793441719536 0
    outer loop
      vertex 67.41259040293522 64.33164676327104 -0.5
      vertex 67.42650873379066 64.26323598150618 0.5
      vertex 67.41259040293522 64.33164676327104 0.5
    endloop
  endfacet
  facet normal 0 0 -1
    outer loop
      vertex 67.41259040293522 64.33164676327104 -0.5
      vertex 79.32842712474618 79.32842712474618 -0.5
      vertex 67.42650873379066 64.26323598150618 -0.5
    endloop
  endfacet
  facet normal 0 0 1
    outer loop
      vertex 67.41259040293522 64.33164676327104 0.5
      vertex 67.42650873379066 64.26323598150618 0.5
      vertex 79.32842712474618 79.32842712474618 0.5
    endloop
  endfacet
  facet normal -0.9832549075639457 0.18223552549219507 0
    outer loop
      vertex 67.42650873379066 -64.26323598150618 -0.5
      vertex 67.42650873379066 -64.26323598150618 -0.4900000000000002
      vertex 67.43923101204884 -64.19459271066772 -0.4900000000000002
    endloop
  endfacet
  facet normal 0 0 -1
    outer loop
      vertex 67.42650873379066 -64.26323598150618 -0.5
      vertex 67.43923101204884 -64.19459271066772 -0.5
      vertex 80.5 -76.5 -0.5
    endloop
  endfacet
  facet normal -0.9832549075639457 0.18223552549219507 0
    outer loop
      vertex 67.42650873379066 -64.26323598150618 -0.5
      vertex 67.43923101204884 -64.19459271066772 -0.4900000000000002
      vertex 67.43923101204884 -64.19459271066772 -0.5
    endloop
  endfacet
  facet normal -0.9832549075639458 0.1822355254921951 0
    outer loop
      vertex 67.42650873379066 -64.26323598150618 -0.4900000000000002
      vertex 67.42650873379066 -64.26323598150618 0.5
      vertex 67.43923101204884 -64.19459271066772 -0.4900000000000002
    endloop
  endfacet
  facet normal -0.9832549075639458 0.1822355254921951 0
    outer loop
      vertex 67.42650873379066 -64.26323598150618 0.5
      vertex 67.43923101204884 -64.19459271066772 0.5
      vertex 67.43923101204884 -64.19459271066772 -0.4900000000000002
    endloop
  endfacet
  facet normal 0 0 1
    outer loop
      vertex 67.42650873379066 -64.26323598150618 0.5
      vertex 79.32842712474618 -79.32842712474618 0.5
      vertex 67.43923101204884 -64.19459271066772 0.5
    endloop
  endfacet
  facet normal -0.9832549075639457 -0.1822355254921951 0
    outer loop
      vertex 67.42650873379066 64.26323598150618 -0.5
      vertex 67.43923101204884 64.19459271066772 -0.5
      vertex 67.42650873379066 64.26323598150618 0.5
    endloop
  endfacet
  facet normal 0 0 -1
    outer loop
      vertex 67.42650873379066 64.26323598150618 -0.5
      vertex 79.32842712474618 79.32842712474618 -0.5
      vertex 67.43923101204884 64.19459271066772 -0.5
    endloop
  endfacet
  facet normal -0.9832549075639457 -0.1822355254921951 0
    outer loop
      vertex 67.42650873379066 64.26323598150618 0.5
      vertex 67.43923101204884 64.19459271066772 -0.5
      vertex 67.43923101204884 64.19459271066772 0.5
    endloop
  endfacet
  facet normal 0 0 1
    outer loop
      vertex 67.42650873379066 64.26323598150618 0.5
      vertex 67.43923101204884 64.19459271066772 0.5
      vertex 79.32842712474618 79.32842712474618 0.5
    endloop
  endfacet
  facet normal -0.986285601537235 0.16504760586065667 0
    outer loop
      vertex 67.43923101204884 -64.19459271066772 -0.5
      vertex 67.43923101204884 -64.19459271066772 -0.4900000000000002
      vertex 67.45075336238055 -64.12573786016092 -0.5
    endloop
  endfacet
  facet normal 0 0 -1
    outer loop
      vertex 67.43923101204884 -64.19459271066772 -0.5
      vertex 67.45075336238055 -64.12573786016092 -0.5
      vertex 80.5 -76.5 -0.5
    endloop
  endfacet
  facet normal -0.9862856015372349 0.1650476058606567 0
    outer loop
      vertex 67.43923101204884 -64.19459271066772 -0.4900000000000002
      vertex 67.43923101204884 -64.19459271066772 0.5
      vertex 67.45075336238055 -64.12573786016092 0.5
    endloop
  endfacet
  facet normal -0.986285601537235 0.16504760586065667 0
    outer loop
      vertex 67.43923101204884 -64.19459271066772 -0.4900000000000002
      vertex 67.45075336238055 -64.12573786016092 -0.4900000000000002
      vertex 67.45075336238055 -64.12573786016092 -0.5
    endloop
  endfacet
  facet normal -0.9862856015372349 0.1650476058606567 0
    outer loop
      vertex 67.43923101204884 -64.19459271066772 -0.4900000000000002
      vertex 67.45075336238055 -64.12573786016092 0.5
      vertex 67.45075336238055 -64.12573786016092 -0.4900000000000002
    endloop
  endfacet
  facet normal 0 0 1
    outer loop
      vertex 67.43923101204884 -64.19459271066772 0.5
      vertex 79.32842712474618 -79.32842712474618 0.5
      vertex 67.45075336238055 -64.12573786016092 0.5
    endloop
  endfacet
  facet normal -0.9862856015372349 -0.1650476058606567 0
    outer loop
      vertex 67.43923101204884 64.19459271066772 -0.5
      vertex 67.45075336238055 64.12573786016092 -0.5
      vertex 67.43923101204884 64.19459271066772 0.5
    endloop
  endfacet
  facet normal 0 0 -1
    outer loop
      vertex 67.43923101204884 64.19459271066772 -0.5
      vertex 79.32842712474618 79.32842712474618 -0.5
      vertex 67.45075336238055 64.12573786016092 -0.5
    endloop
  endfacet
  facet normal -0.9862856015372349 -0.1650476058606567 0
    outer loop
      vertex 67.43923101204884 64.19459271066772 0.5
      vertex 67.45075336238055 64.12573786016092 -0.5
      vertex 67.45075336238055 64.12573786016092 0.5
    endloop
  endfacet
  facet normal 0 0 1
    outer loop
      vertex 67.43923101204884 64.19459271066772 0.5
      vertex 67.45075336238055 64.12573786016092 0.5
      vertex 79.32842712474618 79.32842712474618 0.5
    endloop
  endfacet
  facet normal -0.9890158633619162 0.1478094111296148 0
    outer loop
      vertex 67.45075336238055 -64.12573786016092 -0.5
      vertex 67.45075336238055 -64.12573786016092 -0.4900000000000002
      vertex 67.46107227496628 -64.05669240384026 0.5
    endloop
  endfacet
  facet normal 0 0 -1
    outer loop
      vertex 67.45075336238055 -64.12573786016092 -0.5
      vertex 67.46107227496628 -64.05669240384026 -0.5
      vertex 80.5 -76.5 -0.5
    endloop
  endfacet
  facet normal -0.9890158633619162 0.1478094111296148 0
    outer loop
      vertex 67.45075336238055 -64.12573786016092 -0.5
      vertex 67.46107227496628 -64.05669240384026 -0.4900000000000002
      vertex 67.46107227496628 -64.05669240384026 -0.5
    endloop
  endfacet
  facet normal -0.9890158633619162 0.1478094111296148 0
    outer loop
      vertex 67.45075336238055 -64.12573786016092 -0.5
      vertex 67.46107227496628 -64.05669240384026 0.5
      vertex 67.46107227496628 -64.05669240384026 -0.4900000000000002
    endloop
  endfacet
  facet normal -0.9890158633619162 0.1478094111296148 0
    outer loop
      vertex 67.45075336238055 -64.12573786016092 -0.4900000000000002
      vertex 67.45075336238055 -64.12573786016092 0.5
      vertex 67.46107227496628 -64.05669240384026 0.5
    endloop
  endfacet
  facet normal 0 0 1
    outer loop
      vertex 67.45075336238055 -64.12573786016092 0.5
      vertex 79.32842712474618 -79.32842712474618 0.5
      vertex 67.46107227496628 -64.05669240384026 0.5
    endloop
  endfacet
  facet normal -0.9890158633619163 -0.1478094111296148 0
    outer loop
      vertex 67.45075336238055 64.12573786016092 -0.5
      vertex 67.46107227496628 64.05669240384026 -0.5
      vertex 67.45075336238055 64.12573786016092 0.5
    endloop
  endfacet
  facet normal 0 0 -1
    outer loop
      vertex 67.45075336238055 64.12573786016092 -0.5
      vertex 79.32842712474618 79.32842712474618 -0.5
      vertex 67.46107227496628 64.05669240384026 -0.5
    endloop
  endfacet
  facet normal -0.9890158633619163 -0.1478094111296148 0
    outer loop
      vertex 67.45075336238055 64.12573786016092 0.5
      vertex 67.46107227496628 64.05669240384026 -0.5
      vertex 67.46107227496628 64.05669240384026 0.5
    endloop
  endfacet
  facet normal 0 0 1
    outer loop
      vertex 67.45075336238055 64.12573786016092 0.5
      vertex 67.46107227496628 64.05669240384026 0.5
      vertex 79.32842712474618 79.32842712474618 0.5
    endloop
  endfacet
  facet normal -0.9914448613738239 0.13052619221994954 0
    outer loop
      vertex 67.46107227496628 -64.05669240384026 -0.5
      vertex 67.46107227496628 -64.05669240384026 -0.4900000000000002
      vertex 67.47018460656528 -63.98747737362059 -0.4900000000000002
    endloop
  endfacet
  facet normal 0 0 -1
    outer loop
      vertex 67.46107227496628 -64.05669240384026 -0.5
      vertex 67.47018460656528 -63.98747737362059 -0.5
      vertex 80.5 -76.5 -0.5
    endloop
  endfacet
  facet normal -0.9914448613738239 0.13052619221994954 0
    outer loop
      vertex 67.46107227496628 -64.05669240384026 -0.5
      vertex 67.47018460656528 -63.98747737362059 -0.4900000000000002
      vertex 67.47018460656528 -63.98747737362059 -0.5
    endloop
  endfacet
  facet normal -0.9914448613738238 0.1305261922199495 0
    outer loop
      vertex 67.46107227496628 -64.05669240384026 -0.4900000000000002
      vertex 67.46107227496628 -64.05669240384026 0.5
      vertex 67.47018460656528 -63.98747737362059 0.5
    endloop
  endfacet
  facet normal -0.9914448613738238 0.1305261922199495 0
    outer loop
      vertex 67.46107227496628 -64.05669240384026 -0.4900000000000002
      vertex 67.47018460656528 -63.98747737362059 0.5
      vertex 67.47018460656528 -63.98747737362059 -0.4900000000000002
    endloop
  endfacet
  facet normal 0 0 1
    outer loop
      vertex 67.46107227496628 -64.05669240384026 0.5
      vertex 79.32842712474618 -79.32842712474618 0.5
      vertex 67.47018460656528 -63.98747737362059 0.5
    endloop
  endfacet
  facet normal -0.9914448613738239 -0.13052619221994952 0
    outer loop
      vertex 67.46107227496628 64.05669240384026 -0.5
      vertex 67.47018460656528 63.98747737362059 -0.5
      vertex 67.47018460656528 63.98747737362059 0.5
    endloop
  endfacet
  facet normal -0.9914448613738239 -0.13052619221994952 0
    outer loop
      vertex 67.46107227496628 64.05669240384026 -0.5
      vertex 67.47018460656528 63.98747737362059 0.5
      vertex 67.46107227496628 64.05669240384026 0.5
    endloop
  endfacet
  facet normal 0 0 -1
    outer loop
      vertex 67.46107227496628 64.05669240384026 -0.5
      vertex 79.32842712474618 79.32842712474618 -0.5
      vertex 67.47018460656528 63.98747737362059 -0.5
    endloop
  endfacet
  facet normal 0 0 1
    outer loop
      vertex 67.46107227496628 64.05669240384026 0.5
      vertex 67.47018460656528 63.98747737362059 0.5
      vertex 79.32842712474618 79.32842712474618 0.5
    endloop
  endfacet
  facet normal -0.9935718556765841 0.11320321376793617 0
    outer loop
      vertex 67.47018460656528 -63.98747737362059 -0.5
      vertex 67.47018460656528 -63.98747737362059 -0.4900000000000002
      vertex 67.47808758147309 -63.918113853070615 -0.5
    endloop
  endfacet
  facet normal 0 0 -1
    outer loop
      vertex 67.47018460656528 -63.98747737362059 -0.5
      vertex 67.47808758147309 -63.918113853070615 -0.5
      vertex 80.5 -76.5 -0.5
    endloop
  endfacet
  facet normal -0.9935718556765841 0.11320321376793617 0
    outer loop
      vertex 67.47018460656528 -63.98747737362059 -0.4900000000000002
      vertex 67.47018460656528 -63.98747737362059 0.5
      vertex 67.47808758147309 -63.918113853070615 0.5
    endloop
  endfacet
  facet normal -0.9935718556765841 0.11320321376793617 0
    outer loop
      vertex 67.47018460656528 -63.98747737362059 -0.4900000000000002
      vertex 67.47808758147309 -63.918113853070615 -0.4900000000000002
      vertex 67.47808758147309 -63.918113853070615 -0.5
    endloop
  endfacet
  facet normal -0.9935718556765841 0.11320321376793617 0
    outer loop
      vertex 67.47018460656528 -63.98747737362059 -0.4900000000000002
      vertex 67.47808758147309 -63.918113853070615 0.5
      vertex 67.47808758147309 -63.918113853070615 -0.4900000000000002
    endloop
  endfacet
  facet normal 0 0 1
    outer loop
      vertex 67.47018460656528 -63.98747737362059 0.5
      vertex 79.32842712474618 -79.32842712474618 0.5
      vertex 67.47808758147309 -63.918113853070615 0.5
    endloop
  endfacet
  facet normal -0.993571855676584 -0.11320321376793617 0
    outer loop
      vertex 67.47018460656528 63.98747737362059 -0.5
      vertex 67.47808758147309 63.918113853070615 -0.5
      vertex 67.47018460656528 63.98747737362059 0.5
    endloop
  endfacet
  facet normal 0 0 -1
    outer loop
      vertex 67.47018460656528 63.98747737362059 -0.5
      vertex 79.32842712474618 79.32842712474618 -0.5
      vertex 67.47808758147309 63.918113853070615 -0.5
    endloop
  endfacet
  facet normal -0.993571855676584 -0.11320321376793617 0
    outer loop
      vertex 67.47018460656528 63.98747737362059 0.5
      vertex 67.47808758147309 63.918113853070615 -0.5
      vertex 67.47808758147309 63.918113853070615 0.5
    endloop
  endfacet
  facet normal 0 0 1
    outer loop
      vertex 67.47018460656528 63.98747737362059 0.5
      vertex 67.47808758147309 63.918113853070615 0.5
      vertex 79.32842712474618 79.32842712474618 0.5
    endloop
  endfacet
  facet normal -0.9953961983671762 0.09584575252025089 0
    outer loop
      vertex 67.47808758147309 -63.918113853070615 -0.5
      vertex 67.47808758147309 -63.918113853070615 -0.4900000000000002
      vertex 67.48477879236698 -63.84862297099063 -0.4900000000000002
    endloop
  endfacet
  facet normal 0 0 -1
    outer loop
      vertex 67.47808758147309 -63.918113853070615 -0.5
      vertex 67.48477879236698 -63.84862297099063 -0.5
      vertex 80.5 -76.5 -0.5
    endloop
  endfacet
  facet normal -0.9953961983671762 0.09584575252025089 0
    outer loop
      vertex 67.47808758147309 -63.918113853070615 -0.5
      vertex 67.48477879236698 -63.84862297099063 -0.4900000000000002
      vertex 67.48477879236698 -63.84862297099063 -0.5
    endloop
  endfacet
  facet normal -0.9953961983671762 0.0958457525202509 0
    outer loop
      vertex 67.47808758147309 -63.918113853070615 -0.4900000000000002
      vertex 67.47808758147309 -63.918113853070615 0.5
      vertex 67.48477879236698 -63.84862297099063 -0.4900000000000002
    endloop
  endfacet
  facet normal -0.9953961983671762 0.0958457525202509 0
    outer loop
      vertex 67.47808758147309 -63.918113853070615 0.5
      vertex 67.48477879236698 -63.84862297099063 0.5
      vertex 67.48477879236698 -63.84862297099063 -0.4900000000000002
    endloop
  endfacet
  facet normal 0 0 1
    outer loop
      vertex 67.47808758147309 -63.918113853070615 0.5
      vertex 79.32842712474618 -79.32842712474618 0.5
      vertex 67.48477879236698 -63.84862297099063 0.5
    endloop
  endfacet
  facet normal -0.9953961983671762 -0.09584575252025089 0
    outer loop
      vertex 67.47808758147309 63.918113853070615 -0.5
      vertex 67.48477879236698 63.84862297099063 -0.5
      vertex 67.48477879236698 63.84862297099063 0.5
    endloop
  endfacet
  facet normal -0.9953961983671762 -0.09584575252025089 0
    outer loop
      vertex 67.47808758147309 63.918113853070615 -0.5
      vertex 67.48477879236698 63.84862297099063 0.5
      vertex 67.47808758147309 63.918113853070615 0.5
    endloop
  endfacet
  facet normal 0 0 -1
    outer loop
      vertex 67.47808758147309 63.918113853070615 -0.5
      vertex 79.32842712474618 79.32842712474618 -0.5
      vertex 67.48477879236698 63.84862297099063 -0.5
    endloop
  endfacet
  facet normal 0 0 1
    outer loop
      vertex 67.47808758147309 63.918113853070615 0.5
      vertex 67.48477879236698 63.84862297099063 0.5
      vertex 79.32842712474618 79.32842712474618 0.5
    endloop
  endfacet
  facet normal -0.9969173337331224 0.0784590957279149 0
    outer loop
      vertex 67.48477879236698 -63.84862297099063 -0.5
      vertex 67.48477879236698 -63.84862297099063 -0.4900000000000002
      vertex 67.4902562010393 -63.7790258949765 -0.4900000000000002
    endloop
  endfacet
  facet normal 0 0 -1
    outer loop
      vertex 67.48477879236698 -63.84862297099063 -0.5
      vertex 67.4902562010393 -63.7790258949765 -0.5
      vertex 80.5 -76.5 -0.5
    endloop
  endfacet
  facet normal -0.9969173337331224 0.0784590957279149 0
    outer loop
      vertex 67.48477879236698 -63.84862297099063 -0.5
      vertex 67.4902562010393 -63.7790258949765 -0.4900000000000002
      vertex 67.4902562010393 -63.7790258949765 -0.5
    endloop
  endfacet
  facet normal -0.9969173337331224 0.07845909572791489 0
    outer loop
      vertex 67.48477879236698 -63.84862297099063 -0.4900000000000002
      vertex 67.48477879236698 -63.84862297099063 0.5
      vertex 67.4902562010393 -63.7790258949765 -0.4900000000000002
    endloop
  endfacet
  facet normal -0.9969173337331224 0.07845909572791489 0
    outer loop
      vertex 67.48477879236698 -63.84862297099063 0.5
      vertex 67.4902562010393 -63.7790258949765 0.5
      vertex 67.4902562010393 -63.7790258949765 -0.4900000000000002
    endloop
  endfacet
  facet normal 0 0 1
    outer loop
      vertex 67.48477879236698 -63.84862297099063 0.5
      vertex 79.32842712474618 -79.32842712474618 0.5
      vertex 67.4902562010393 -63.7790258949765 0.5
    endloop
  endfacet
  facet normal -0.9969173337331224 -0.0784590957279149 0
    outer loop
      vertex 67.48477879236698 63.84862297099063 -0.5
      vertex 67.4902562010393 63.7790258949765 -0.5
      vertex 67.48477879236698 63.84862297099063 0.5
    endloop
  endfacet
  facet normal 0 0 -1
    outer loop
      vertex 67.48477879236698 63.84862297099063 -0.5
      vertex 79.32842712474618 79.32842712474618 -0.5
      vertex 67.4902562010393 63.7790258949765 -0.5
    endloop
  endfacet
  facet normal -0.9969173337331224 -0.0784590957279149 0
    outer loop
      vertex 67.48477879236698 63.84862297099063 0.5
      vertex 67.4902562010393 63.7790258949765 -0.5
      vertex 67.4902562010393 63.7790258949765 0.5
    endloop
  endfacet
  facet normal 0 0 1
    outer loop
      vertex 67.48477879236698 63.84862297099063 0.5
      vertex 67.4902562010393 63.7790258949765 0.5
      vertex 79.32842712474618 -79.32842712474618 0.5
    endloop
  endfacet
  facet normal 0 0 1
    outer loop
      vertex 67.48477879236698 63.84862297099063 0.5
      vertex 79.32842712474618 -79.32842712474618 0.5
      vertex 79.32842712474618 79.32842712474618 0.5
    endloop
  endfacet
  facet normal -0.9981347984218696 0.06104853953481464 0
    outer loop
      vertex 67.4902562010393 -63.7790258949765 -0.5
      vertex 67.4902562010393 -63.7790258949765 -0.4900000000000002
      vertex 67.4945181390183 -63.709343824971775 -0.5
    endloop
  endfacet
  facet normal 0 0 -1
    outer loop
      vertex 67.4902562010393 -63.7790258949765 -0.5
      vertex 67.4945181390183 -63.709343824971775 -0.5
      vertex 80.5 -76.5 -0.5
    endloop
  endfacet
  facet normal -0.9981347984218696 0.06104853953481465 0
    outer loop
      vertex 67.4902562010393 -63.7790258949765 -0.4900000000000002
      vertex 67.4902562010393 -63.7790258949765 0.5
      vertex 67.4945181390183 -63.709343824971775 0.5
    endloop
  endfacet
  facet normal -0.9981347984218696 0.06104853953481464 0
    outer loop
      vertex 67.4902562010393 -63.7790258949765 -0.4900000000000002
      vertex 67.4945181390183 -63.709343824971775 -0.4900000000000002
      vertex 67.4945181390183 -63.709343824971775 -0.5
    endloop
  endfacet
  facet normal -0.9981347984218696 0.06104853953481465 0
    outer loop
      vertex 67.4902562010393 -63.7790258949765 -0.4900000000000002
      vertex 67.4945181390183 -63.709343824971775 0.5
      vertex 67.4945181390183 -63.709343824971775 -0.4900000000000002
    endloop
  endfacet
  facet normal 0 0 1
    outer loop
      vertex 67.4902562010393 -63.7790258949765 0.5
      vertex 79.32842712474618 -79.32842712474618 0.5
      vertex 67.4945181390183 -63.709343824971775 0.5
    endloop
  endfacet
  facet normal -0.9981347984218695 -0.06104853953481464 0
    outer loop
      vertex 67.4902562010393 63.7790258949765 -0.5
      vertex 67.4945181390183 63.709343824971775 -0.5
      vertex 67.4902562010393 63.7790258949765 0.5
    endloop
  endfacet
  facet normal 0 0 -1
    outer loop
      vertex 67.4902562010393 63.7790258949765 -0.5
      vertex 79.32842712474618 79.32842712474618 -0.5
      vertex 67.4945181390183 63.709343824971775 -0.5
    endloop
  endfacet
  facet normal -0.9981347984218695 -0.06104853953481464 0
    outer loop
      vertex 67.4902562010393 63.7790258949765 0.5
      vertex 67.4945181390183 63.709343824971775 -0.5
      vertex 67.4945181390183 63.709343824971775 0.5
    endloop
  endfacet
  facet normal 0 0 1
    outer loop
      vertex 67.4902562010393 63.7790258949765 0.5
      vertex 67.4945181390183 63.709343824971775 0.5
      vertex 79.32842712474618 -79.32842712474618 0.5
    endloop
  endfacet
  facet normal -0.9990482215818605 0.04361938736527622 0
    outer loop
      vertex 67.4945181390183 -63.709343824971775 -0.5
      vertex 67.4945181390183 -63.709343824971775 -0.4900000000000002
      vertex 67.49756330807638 -63.63959798681 0.5
    endloop
  endfacet
  facet normal 0 0 -1
    outer loop
      vertex 67.4945181390183 -63.709343824971775 -0.5
      vertex 67.49756330807638 -63.63959798681 -0.5
      vertex 80.5 -76.5 -0.5
    endloop
  endfacet
  facet normal -0.9990482215818602 0.043619387365276215 0
    outer loop
      vertex 67.4945181390183 -63.709343824971775 -0.5
      vertex 67.49756330807638 -63.63959798681 0.5
      vertex 67.49756330807638 -63.63959798681 -0.5
    endloop
  endfacet
  facet normal -0.9990482215818605 0.04361938736527622 0
    outer loop
      vertex 67.4945181390183 -63.709343824971775 -0.4900000000000002
      vertex 67.4945181390183 -63.709343824971775 0.5
      vertex 67.49756330807638 -63.63959798681 0.5
    endloop
  endfacet
  facet normal 0 0 1
    outer loop
      vertex 67.4945181390183 -63.709343824971775 0.5
      vertex 79.32842712474618 -79.32842712474618 0.5
      vertex 67.49756330807638 -63.63959798681 0.5
    endloop
  endfacet
  facet normal -0.9990482215818602 -0.043619387365276215 0
    outer loop
      vertex 67.4945181390183 63.709343824971775 -0.5
      vertex 67.49756330807638 63.63959798681 -0.5
      vertex 67.49756330807638 63.63959798681 0.5
    endloop
  endfacet
  facet normal -0.9990482215818602 -0.043619387365276215 0
    outer loop
      vertex 67.4945181390183 63.709343824971775 -0.5
      vertex 67.49756330807638 63.63959798681 0.5
      vertex 67.4945181390183 63.709343824971775 0.5
    endloop
  endfacet
  facet normal 0 0 -1
    outer loop
      vertex 67.4945181390183 63.709343824971775 -0.5
      vertex 79.32842712474618 79.32842712474618 -0.5
      vertex 67.49756330807638 63.63959798681 -0.5
    endloop
  endfacet
  facet normal 0 0 1
    outer loop
      vertex 67.4945181390183 63.709343824971775 0.5
      vertex 67.49756330807638 63.63959798681 0.5
      vertex 79.32842712474618 -79.32842712474618 0.5
    endloop
  endfacet
  facet normal -0.9996573249755578 0.02617694830785557 0
    outer loop
      vertex 67.49756330807638 -63.63959798681 -0.5
      vertex 67.49756330807638 -63.63959798681 0.5
      vertex 67.49939078062556 -63.56980962574914 -0.4900000000000002
    endloop
  endfacet
  facet normal 0 0 -1
    outer loop
      vertex 67.49756330807638 -63.63959798681 -0.5
      vertex 67.49939078062556 -63.56980962574914 -0.5
      vertex 80.5 -76.5 -0.5
    endloop
  endfacet
  facet normal -0.9996573249755579 0.02617694830785557 0
    outer loop
      vertex 67.49756330807638 -63.63959798681 -0.5
      vertex 67.49939078062556 -63.56980962574914 -0.4900000000000002
      vertex 67.49939078062556 -63.56980962574914 -0.5
    endloop
  endfacet
  facet normal -0.9996573249755577 0.026176948307855566 0
    outer loop
      vertex 67.49756330807638 -63.63959798681 0.5
      vertex 67.49939078062556 -63.56980962574914 0.5
      vertex 67.49939078062556 -63.56980962574914 -0.4900000000000002
    endloop
  endfacet
  facet normal 0 0 1
    outer loop
      vertex 67.49756330807638 -63.63959798681 0.5
      vertex 79.32842712474618 -79.32842712474618 0.5
      vertex 67.49939078062556 -63.56980962574914 0.5
    endloop
  endfacet
  facet normal -0.9996573249755578 -0.02617694830785557 0
    outer loop
      vertex 67.49756330807638 63.63959798681 -0.5
      vertex 67.49939078062556 63.56980962574914 -0.5
      vertex 67.49756330807638 63.63959798681 0.5
    endloop
  endfacet
  facet normal 0 0 -1
    outer loop
      vertex 67.49756330807638 63.63959798681 -0.5
      vertex 79.32842712474618 79.32842712474618 -0.5
      vertex 67.49939078062556 63.56980962574914 -0.5
    endloop
  endfacet
  facet normal -0.9996573249755578 -0.02617694830785557 0
    outer loop
      vertex 67.49756330807638 63.63959798681 0.5
      vertex 67.49939078062556 63.56980962574914 -0.5
      vertex 67.49939078062556 63.56980962574914 0.5
    endloop
  endfacet
  facet normal 0 0 1
    outer loop
      vertex 67.49756330807638 63.63959798681 0.5
      vertex 67.49939078062556 63.56980962574914 0.5
      vertex 79.32842712474618 -79.32842712474618 0.5
    endloop
  endfacet
  facet normal -0.9999619230641706 0.008726535498435408 0
    outer loop
      vertex 67.49939078062556 -63.56980962574914 -0.5
      vertex 67.49939078062556 -63.56980962574914 -0.4900000000000002
      vertex 67.5 -63.5 -0.5
    endloop
  endfacet
  facet normal 0 0 -1
    outer loop
      vertex 67.49939078062556 -63.56980962574914 -0.5
      vertex 67.5 -63.5 -0.5
      vertex 80.5 -76.5 -0.5
    endloop
  endfacet
  facet normal -0.9999619230641709 0.008726535498435408 0
    outer loop
      vertex 67.49939078062556 -63.56980962574914 -0.4900000000000002
      vertex 67.49939078062556 -63.56980962574914 0.5
      vertex 67.5 -63.5 0.5
    endloop
  endfacet
  facet normal -0.9999619230641709 0.008726535498435408 0
    outer loop
      vertex 67.49939078062556 -63.56980962574914 -0.4900000000000002
      vertex 67.5 -63.5 0.5
      vertex 67.5 -63.5 -0.5
    endloop
  endfacet
  facet normal 0 0 1
    outer loop
      vertex 67.49939078062556 -63.56980962574914 0.5
      vertex 79.32842712474618 -79.32842712474618 0.5
      vertex 67.5 -63.5 0.5
    endloop
  endfacet
  facet normal -0.9999619230641709 -0.008726535498435408 0
    outer loop
      vertex 67.49939078062556 63.56980962574914 -0.5
      vertex 67.5 63.5 -0.5
      vertex 67.5 63.5 0.4900000000000002
    endloop
  endfacet
  facet normal -0.9999619230641709 -0.008726535498435477 0
    outer loop
      vertex 67.49939078062556 63.56980962574914 -0.5
      vertex 67.5 63.5 0.4900000000000002
      vertex 67.5 63.5 0.5
    endloop
  endfacet
  facet normal -0.9999619230641709 -0.008726535498435408 0
    outer loop
      vertex 67.49939078062556 63.56980962574914 -0.5
      vertex 67.5 63.5 0.5
      vertex 67.49939078062556 63.56980962574914 0.5
    endloop
  endfacet
  facet normal 0 0 -1
    outer loop
      vertex 67.49939078062556 63.56980962574914 -0.5
      vertex 79.32842712474618 79.32842712474618 -0.5
      vertex 67.5 63.5 -0.5
    endloop
  endfacet
  facet normal 0 0 1
    outer loop
      vertex 67.49939078062556 63.56980962574914 0.5
      vertex 67.5 63.5 0.5
      vertex 79.32842712474618 -79.32842712474618 0.5
    endloop
  endfacet
  facet normal -1 0 0
    outer loop
      vertex 67.5 -63.5 -0.5
      vertex 67.5 -63.5 0.5
      vertex 67.5 63.5 0.4900000000000002
    endloop
  endfacet
  facet normal 0 0 -1
    outer loop
      vertex 67.5 -63.5 -0.5
      vertex 67.5 63.5 -0.5
      vertex 79.32842712474618 79.32842712474618 -0.5
    endloop
  endfacet
  facet normal -1 0 0
    outer loop
      vertex 67.5 -63.5 -0.5
      vertex 67.5 63.5 0.4900000000000002
      vertex 67.5 63.5 -0.5
    endloop
  endfacet
  facet normal 0 0 -1
    outer loop
      vertex 67.5 -63.5 -0.5
      vertex 79.32842712474618 79.32842712474618 -0.5
      vertex 80.5 -76.5 -0.5
    endloop
  endfacet
  facet normal -1 0 0
    outer loop
      vertex 67.5 -63.5 0.5
      vertex 67.5 63.5 0.5
      vertex 67.5 63.5 0.4900000000000002
    endloop
  endfacet
  facet normal 0 0 1
    outer loop
      vertex 67.5 -63.5 0.5
      vertex 79.32842712474618 -79.32842712474618 0.5
      vertex 67.5 63.5 0.5
    endloop
  endfacet
  facet normal 0.008726535498436295 -0.9999619230641706 0
    outer loop
      vertex 76.5 -80.5 -0.5
      vertex 76.56980962574913 -80.49939078062556 -0.5
      vertex 76.56980962574913 -80.49939078062556 0.4900000000000002
    endloop
  endfacet
  facet normal 0.008726535498436295 -0.9999619230641706 0
    outer loop
      vertex 76.5 -80.5 -0.5
      vertex 76.56980962574913 -80.49939078062556 0.4900000000000002
      vertex 76.5 -80.5 0.4900000000000002
    endloop
  endfacet
  facet normal 0 0 -1
    outer loop
      vertex 76.5 -80.5 -0.5
      vertex 76.63959798681 -80.49756330807638 -0.5
      vertex 76.56980962574913 -80.49939078062556 -0.5
    endloop
  endfacet
  facet normal 0 0 -1
    outer loop
      vertex 76.5 -80.5 -0.5
      vertex 76.70934382497178 -80.4945181390183 -0.5
      vertex 76.63959798681 -80.49756330807638 -0.5
    endloop
  endfacet
  facet normal 0 0 -1
    outer loop
      vertex 76.5 -80.5 -0.5
      vertex 76.91811385307061 -80.47808758147309 -0.5
      vertex 76.70934382497178 -80.4945181390183 -0.5
    endloop
  endfacet
  facet normal 0 0 -1
    outer loop
      vertex 76.5 -80.5 -0.5
      vertex 77.26323598150618 -80.42650873379066 -0.5
      vertex 76.91811385307061 -80.47808758147309 -0.5
    endloop
  endfacet
  facet normal 0.008726535498436296 -0.9999619230641709 0
    outer loop
      vertex 76.5 -80.5 0.4900000000000002
      vertex 76.56980962574913 -80.49939078062556 0.4900000000000002
      vertex 76.5 -80.5 0.5
    endloop
  endfacet
  facet normal 0.008726535498436296 -0.9999619230641709 0
    outer loop
      vertex 76.5 -80.5 0.5
      vertex 76.56980962574913 -80.49939078062556 0.4900000000000002
      vertex 76.56980962574913 -80.49939078062556 0.5
    endloop
  endfacet
  facet normal 0 0 1
    outer loop
      vertex 76.5 -80.5 0.5
      vertex 76.56980962574913 -80.49939078062556 0.5
      vertex 76.70934382497178 -80.4945181390183 0.5
    endloop
  endfacet
  facet normal 0 0 1
    outer loop
      vertex 76.5 -80.5 0.5
      vertex 76.70934382497178 -80.4945181390183 0.5
      vertex 76.84862297099063 -80.48477879236698 0.5
    endloop
  endfacet
  facet normal 0 0 1
    outer loop
      vertex 76.5 -80.5 0.5
      vertex 76.84862297099063 -80.48477879236698 0.5
      vertex 77.19459271066772 -80.43923101204884 0.5
    endloop
  endfacet
  facet normal 0 0 1
    outer loop
      vertex 76.5 -80.5 0.5
      vertex 77.19459271066772 -80.43923101204884 0.5
      vertex 77.99842637366365 -80.20873541826715 0.5
    endloop
  endfacet
  facet normal 0 0 1
    outer loop
      vertex 76.5 -80.5 0.5
      vertex 77.99842637366365 -80.20873541826715 0.5
      vertex 79.32842712474618 -79.32842712474618 0.5
    endloop
  endfacet
  facet normal 0.008726535498436295 0.9999619230641706 0
    outer loop
      vertex 76.5 80.5 -0.5
      vertex 76.5 80.5 0.5
      vertex 76.56980962574913 80.49939078062556 -0.5
    endloop
  endfacet
  facet normal 0 0 -1
    outer loop
      vertex 76.5 80.5 -0.5
      vertex 76.56980962574913 80.49939078062556 -0.5
      vertex 76.63959798681 80.49756330807638 -0.5
    endloop
  endfacet
  facet normal 0 0 -1
    outer loop
      vertex 76.5 80.5 -0.5
      vertex 76.63959798681 80.49756330807638 -0.5
      vertex 76.84862297099063 80.48477879236698 -0.5
    endloop
  endfacet
  facet normal 0 0 -1
    outer loop
      vertex 76.5 80.5 -0.5
      vertex 76.84862297099063 80.48477879236698 -0.5
      vertex 77.26323598150618 80.42650873379066 -0.5
    endloop
  endfacet
  facet normal 0 0 -1
    outer loop
      vertex 76.5 80.5 -0.5
      vertex 77.26323598150618 80.42650873379066 -0.5
      vertex 77.99842637366365 80.20873541826715 -0.5
    endloop
  endfacet
  facet normal 0 0 -1
    outer loop
      vertex 76.5 80.5 -0.5
      vertex 77.99842637366365 80.20873541826715 -0.5
      vertex 79.32842712474618 79.32842712474618 -0.5
    endloop
  endfacet
  facet normal 0.008726535498436295 0.9999619230641706 0
    outer loop
      vertex 76.5 80.5 0.5
      vertex 76.56980962574913 80.49939078062556 0.5
      vertex 76.56980962574913 80.49939078062556 -0.5
    endloop
  endfacet
  facet normal 0 0 1
    outer loop
      vertex 76.5 80.5 0.5
      vertex 76.63959798681 80.49756330807638 0.5
      vertex 76.56980962574913 80.49939078062556 0.5
    endloop
  endfacet
  facet normal 0 0 1
    outer loop
      vertex 76.5 80.5 0.5
      vertex 76.84862297099063 80.48477879236698 0.5
      vertex 76.63959798681 80.49756330807638 0.5
    endloop
  endfacet
  facet normal 0 0 1
    outer loop
      vertex 76.5 80.5 0.5
      vertex 77.26323598150618 80.42650873379066 0.5
      vertex 76.84862297099063 80.48477879236698 0.5
    endloop
  endfacet
  facet normal 0 0 1
    outer loop
      vertex 76.5 80.5 0.5
      vertex 77.99842637366365 80.20873541826715 0.5
      vertex 77.26323598150618 80.42650873379066 0.5
    endloop
  endfacet
  facet normal 0 0 1
    outer loop
      vertex 76.5 80.5 0.5
      vertex 79.32842712474618 79.32842712474618 0.5
      vertex 77.99842637366365 80.20873541826715 0.5
    endloop
  endfacet
  facet normal 0.02617694830785291 -0.9996573249755579 0
    outer loop
      vertex 76.56980962574913 -80.49939078062556 -0.5
      vertex 76.63959798681 -80.49756330807638 -0.5
      vertex 76.56980962574913 -80.49939078062556 0.4900000000000002
    endloop
  endfacet
  facet normal 0.02617694830785291 -0.9996573249755579 0
    outer loop
      vertex 76.56980962574913 -80.49939078062556 0.4900000000000002
      vertex 76.63959798681 -80.49756330807638 -0.5
      vertex 76.63959798681 -80.49756330807638 0.4900000000000002
    endloop
  endfacet
  facet normal 0.0261769483078529 -0.9996573249755578 0
    outer loop
      vertex 76.56980962574913 -80.49939078062556 0.4900000000000002
      vertex 76.63959798681 -80.49756330807638 0.4900000000000002
      vertex 76.56980962574913 -80.49939078062556 0.5
    endloop
  endfacet
  facet normal 0.0261769483078529 -0.9996573249755578 0
    outer loop
      vertex 76.56980962574913 -80.49939078062556 0.5
      vertex 76.63959798681 -80.49756330807638 0.4900000000000002
      vertex 76.63959798681 -80.49756330807638 0.5
    endloop
  endfacet
  facet normal 0 0 1
    outer loop
      vertex 76.56980962574913 -80.49939078062556 0.5
      vertex 76.63959798681 -80.49756330807638 0.5
      vertex 76.70934382497178 -80.4945181390183 0.5
    endloop
  endfacet
  facet normal 0.026176948307852905 0.9996573249755578 0
    outer loop
      vertex 76.56980962574913 80.49939078062556 -0.5
      vertex 76.56980962574913 80.49939078062556 0.5
      vertex 76.63959798681 80.49756330807638 -0.5
    endloop
  endfacet
  facet normal 0.026176948307852905 0.9996573249755578 0
    outer loop
      vertex 76.56980962574913 80.49939078062556 0.5
      vertex 76.63959798681 80.49756330807638 0.5
      vertex 76.63959798681 80.49756330807638 -0.5
    endloop
  endfacet
  facet normal 0.04361938736527178 -0.9990482215818606 0
    outer loop
      vertex 76.63959798681 -80.49756330807638 -0.5
      vertex 76.70934382497178 -80.4945181390183 -0.5
      vertex 76.63959798681 -80.49756330807638 0.4900000000000002
    endloop
  endfacet
  facet normal 0.04361938736527178 -0.9990482215818605 0
    outer loop
      vertex 76.63959798681 -80.49756330807638 0.4900000000000002
      vertex 76.70934382497178 -80.4945181390183 -0.5
      vertex 76.63959798681 -80.49756330807638 0.5
    endloop
  endfacet
  facet normal 0.04361938736527178 -0.9990482215818606 0
    outer loop
      vertex 76.63959798681 -80.49756330807638 0.5
      vertex 76.70934382497178 -80.4945181390183 -0.5
      vertex 76.70934382497178 -80.4945181390183 0.5
    endloop
  endfacet
  facet normal 0.04361938736527178 0.9990482215818606 0
    outer loop
      vertex 76.63959798681 80.49756330807638 -0.5
      vertex 76.63959798681 80.49756330807638 0.5
      vertex 76.70934382497178 80.4945181390183 -0.5
    endloop
  endfacet
  facet normal 0 0 -1
    outer loop
      vertex 76.63959798681 80.49756330807638 -0.5
      vertex 76.70934382497178 80.4945181390183 -0.5
      vertex 76.84862297099063 80.48477879236698 -0.5
    endloop
  endfacet
  facet normal 0.04361938736527178 0.9990482215818606 0
    outer loop
      vertex 76.63959798681 80.49756330807638 0.5
      vertex 76.70934382497178 80.4945181390183 0.5
      vertex 76.70934382497178 80.4945181390183 -0.5
    endloop
  endfacet
  facet normal 0 0 1
    outer loop
      vertex 76.63959798681 80.49756330807638 0.5
      vertex 76.84862297099063 80.48477879236698 0.5
      vertex 76.70934382497178 80.4945181390183 0.5
    endloop
  endfacet
  facet normal 0.061048539534820846 -0.9981347984218691 0
    outer loop
      vertex 76.70934382497178 -80.4945181390183 -0.5
      vertex 76.7790258949765 -80.4902562010393 -0.5
      vertex 76.70934382497178 -80.4945181390183 0.5
    endloop
  endfacet
  facet normal 0 0 -1
    outer loop
      vertex 76.70934382497178 -80.4945181390183 -0.5
      vertex 76.91811385307061 -80.47808758147309 -0.5
      vertex 76.7790258949765 -80.4902562010393 -0.5
    endloop
  endfacet
  facet normal 0.06104853953482085 -0.9981347984218693 0
    outer loop
      vertex 76.70934382497178 -80.4945181390183 0.5
      vertex 76.7790258949765 -80.4902562010393 -0.5
      vertex 76.7790258949765 -80.4902562010393 0.4900000000000002
    endloop
  endfacet
  facet normal 0.061048539534820846 -0.9981347984218691 0
    outer loop
      vertex 76.70934382497178 -80.4945181390183 0.5
      vertex 76.7790258949765 -80.4902562010393 0.4900000000000002
      vertex 76.7790258949765 -80.4902562010393 0.5
    endloop
  endfacet
  facet normal 0 0 1
    outer loop
      vertex 76.70934382497178 -80.4945181390183 0.5
      vertex 76.7790258949765 -80.4902562010393 0.5
      vertex 76.84862297099063 -80.48477879236698 0.5
    endloop
  endfacet
  facet normal 0.061048539534820846 0.9981347984218691 0
    outer loop
      vertex 76.70934382497178 80.4945181390183 -0.5
      vertex 76.70934382497178 80.4945181390183 0.5
      vertex 76.7790258949765 80.4902562010393 0.5
    endloop
  endfacet
  facet normal 0 0 -1
    outer loop
      vertex 76.70934382497178 80.4945181390183 -0.5
      vertex 76.7790258949765 80.4902562010393 -0.5
      vertex 76.84862297099063 80.48477879236698 -0.5
    endloop
  endfacet
  facet normal 0.061048539534820846 0.9981347984218691 0
    outer loop
      vertex 76.70934382497178 80.4945181390183 -0.5
      vertex 76.7790258949765 80.4902562010393 0.5
      vertex 76.7790258949765 80.4902562010393 -0.5
    endloop
  endfacet
  facet normal 0 0 1
    outer loop
      vertex 76.70934382497178 80.4945181390183 0.5
      vertex 76.84862297099063 80.48477879236698 0.5
      vertex 76.7790258949765 80.4902562010393 0.5
    endloop
  endfacet
  facet normal 0.07845909572791489 -0.9969173337331224 0
    outer loop
      vertex 76.7790258949765 -80.4902562010393 -0.5
      vertex 76.84862297099063 -80.48477879236698 -0.5
      vertex 76.84862297099063 -80.48477879236698 0.4900000000000002
    endloop
  endfacet
  facet normal 0.07845909572791489 -0.9969173337331224 0
    outer loop
      vertex 76.7790258949765 -80.4902562010393 -0.5
      vertex 76.84862297099063 -80.48477879236698 0.4900000000000002
      vertex 76.7790258949765 -80.4902562010393 0.4900000000000002
    endloop
  endfacet
  facet normal 0 0 -1
    outer loop
      vertex 76.7790258949765 -80.4902562010393 -0.5
      vertex 76.91811385307061 -80.47808758147309 -0.5
      vertex 76.84862297099063 -80.48477879236698 -0.5
    endloop
  endfacet
  facet normal 0.0784590957279149 -0.9969173337331224 0
    outer loop
      vertex 76.7790258949765 -80.4902562010393 0.4900000000000002
      vertex 76.84862297099063 -80.48477879236698 0.4900000000000002
      vertex 76.84862297099063 -80.48477879236698 0.5
    endloop
  endfacet
  facet normal 0.0784590957279149 -0.9969173337331224 0
    outer loop
      vertex 76.7790258949765 -80.4902562010393 0.4900000000000002
      vertex 76.84862297099063 -80.48477879236698 0.5
      vertex 76.7790258949765 -80.4902562010393 0.5
    endloop
  endfacet
  facet normal 0.0784590957279149 0.9969173337331224 0
    outer loop
      vertex 76.7790258949765 80.4902562010393 -0.5
      vertex 76.7790258949765 80.4902562010393 0.5
      vertex 76.84862297099063 80.48477879236698 0.5
    endloop
  endfacet
  facet normal 0.0784590957279149 0.9969173337331224 0
    outer loop
      vertex 76.7790258949765 80.4902562010393 -0.5
      vertex 76.84862297099063 80.48477879236698 0.5
      vertex 76.84862297099063 80.48477879236698 -0.5
    endloop
  endfacet
  facet normal 0.09584575252026062 -0.9953961983671753 0
    outer loop
      vertex 76.84862297099063 -80.48477879236698 -0.5
      vertex 76.91811385307061 -80.47808758147309 -0.5
      vertex 76.84862297099063 -80.48477879236698 0.4900000000000002
    endloop
  endfacet
  facet normal 0.09584575252026059 -0.9953961983671752 0
    outer loop
      vertex 76.84862297099063 -80.48477879236698 0.4900000000000002
      vertex 76.91811385307061 -80.47808758147309 -0.5
      vertex 76.84862297099063 -80.48477879236698 0.5
    endloop
  endfacet
  facet normal 0.0958457525202606 -0.9953961983671753 0
    outer loop
      vertex 76.84862297099063 -80.48477879236698 0.5
      vertex 76.91811385307061 -80.47808758147309 -0.5
      vertex 76.91811385307061 -80.47808758147309 0.5
    endloop
  endfacet
  facet normal 0 0 1
    outer loop
      vertex 76.84862297099063 -80.48477879236698 0.5
      vertex 76.91811385307061 -80.47808758147309 0.5
      vertex 76.98747737362059 -80.47018460656528 0.5
    endloop
  endfacet
  facet normal 0 0 1
    outer loop
      vertex 76.84862297099063 -80.48477879236698 0.5
      vertex 76.98747737362059 -80.47018460656528 0.5
      vertex 77.19459271066772 -80.43923101204884 0.5
    endloop
  endfacet
  facet normal 0.0958457525202606 0.9953961983671753 0
    outer loop
      vertex 76.84862297099063 80.48477879236698 -0.5
      vertex 76.84862297099063 80.48477879236698 0.5
      vertex 76.91811385307061 80.47808758147309 -0.5
    endloop
  endfacet
  facet normal 0 0 -1
    outer loop
      vertex 76.84862297099063 80.48477879236698 -0.5
      vertex 76.91811385307061 80.47808758147309 -0.5
      vertex 77.05669240384026 80.46107227496628 -0.5
    endloop
  endfacet
  facet normal 0 0 -1
    outer loop
      vertex 76.84862297099063 80.48477879236698 -0.5
      vertex 77.05669240384026 80.46107227496628 -0.5
      vertex 77.26323598150618 80.42650873379066 -0.5
    endloop
  endfacet
  facet normal 0.0958457525202606 0.9953961983671753 0
    outer loop
      vertex 76.84862297099063 80.48477879236698 0.5
      vertex 76.91811385307061 80.47808758147309 0.5
      vertex 76.91811385307061 80.47808758147309 -0.5
    endloop
  endfacet
  facet normal 0 0 1
    outer loop
      vertex 76.84862297099063 80.48477879236698 0.5
      vertex 76.98747737362059 80.47018460656528 0.5
      vertex 76.91811385307061 80.47808758147309 0.5
    endloop
  endfacet
  facet normal 0 0 1
    outer loop
      vertex 76.84862297099063 80.48477879236698 0.5
      vertex 77.05669240384026 80.46107227496628 0.5
      vertex 76.98747737362059 80.47018460656528 0.5
    endloop
  endfacet
  facet normal 0 0 1
    outer loop
      vertex 76.84862297099063 80.48477879236698 0.5
      vertex 77.26323598150618 80.42650873379066 0.5
      vertex 77.05669240384026 80.46107227496628 0.5
    endloop
  endfacet
  facet normal 0.11320321376792473 -0.9935718556765855 0
    outer loop
      vertex 76.91811385307061 -80.47808758147309 -0.5
      vertex 76.98747737362059 -80.47018460656528 -0.5
      vertex 76.98747737362059 -80.47018460656528 0.5
    endloop
  endfacet
  facet normal 0.11320321376792473 -0.9935718556765855 0
    outer loop
      vertex 76.91811385307061 -80.47808758147309 -0.5
      vertex 76.98747737362059 -80.47018460656528 0.5
      vertex 76.91811385307061 -80.47808758147309 0.5
    endloop
  endfacet
  facet normal 0 0 -1
    outer loop
      vertex 76.91811385307061 -80.47808758147309 -0.5
      vertex 77.05669240384026 -80.46107227496628 -0.5
      vertex 76.98747737362059 -80.47018460656528 -0.5
    endloop
  endfacet
  facet normal 0 0 -1
    outer loop
      vertex 76.91811385307061 -80.47808758147309 -0.5
      vertex 77.26323598150618 -80.42650873379066 -0.5
      vertex 77.05669240384026 -80.46107227496628 -0.5
    endloop
  endfacet
  facet normal 0.11320321376792473 0.9935718556765855 0
    outer loop
      vertex 76.91811385307061 80.47808758147309 -0.5
      vertex 76.91811385307061 80.47808758147309 0.5
      vertex 76.98747737362059 80.47018460656528 -0.5
    endloop
  endfacet
  facet normal 0 0 -1
    outer loop
      vertex 76.91811385307061 80.47808758147309 -0.5
      vertex 76.98747737362059 80.47018460656528 -0.5
      vertex 77.05669240384026 80.46107227496628 -0.5
    endloop
  endfacet
  facet normal 0.11320321376792473 0.9935718556765855 0
    outer loop
      vertex 76.91811385307061 80.47808758147309 0.5
      vertex 76.98747737362059 80.47018460656528 0.5
      vertex 76.98747737362059 80.47018460656528 -0.5
    endloop
  endfacet
  facet normal 0.13052619221994952 -0.9914448613738239 0
    outer loop
      vertex 76.98747737362059 -80.47018460656528 -0.5
      vertex 77.05669240384026 -80.46107227496628 -0.5
      vertex 76.98747737362059 -80.47018460656528 0.5
    endloop
  endfacet
  facet normal 0.13052619221994952 -0.9914448613738239 0
    outer loop
      vertex 76.98747737362059 -80.47018460656528 0.5
      vertex 77.05669240384026 -80.46107227496628 -0.5
      vertex 77.05669240384026 -80.46107227496628 0.5
    endloop
  endfacet
  facet normal 0 0 1
    outer loop
      vertex 76.98747737362059 -80.47018460656528 0.5
      vertex 77.05669240384026 -80.46107227496628 0.5
      vertex 77.19459271066772 -80.43923101204884 0.5
    endloop
  endfacet
  facet normal 0.13052619221994952 0.9914448613738239 0
    outer loop
      vertex 76.98747737362059 80.47018460656528 -0.5
      vertex 76.98747737362059 80.47018460656528 0.5
      vertex 77.05669240384026 80.46107227496628 -0.5
    endloop
  endfacet
  facet normal 0.13052619221994952 0.9914448613738239 0
    outer loop
      vertex 76.98747737362059 80.47018460656528 0.5
      vertex 77.05669240384026 80.46107227496628 0.5
      vertex 77.05669240384026 80.46107227496628 -0.5
    endloop
  endfacet
  facet normal 0.1478094111296148 -0.9890158633619163 0
    outer loop
      vertex 77.05669240384026 -80.46107227496628 -0.5
      vertex 77.12573786016092 -80.45075336238055 -0.5
      vertex 77.05669240384026 -80.46107227496628 0.5
    endloop
  endfacet
  facet normal 0 0 -1
    outer loop
      vertex 77.05669240384026 -80.46107227496628 -0.5
      vertex 77.26323598150618 -80.42650873379066 -0.5
      vertex 77.12573786016092 -80.45075336238055 -0.5
    endloop
  endfacet
  facet normal 0.1478094111296148 -0.9890158633619163 0
    outer loop
      vertex 77.05669240384026 -80.46107227496628 0.5
      vertex 77.12573786016092 -80.45075336238055 -0.5
      vertex 77.12573786016092 -80.45075336238055 0.5
    endloop
  endfacet
  facet normal 0 0 1
    outer loop
      vertex 77.05669240384026 -80.46107227496628 0.5
      vertex 77.12573786016092 -80.45075336238055 0.5
      vertex 77.19459271066772 -80.43923101204884 0.5
    endloop
  endfacet
  facet normal 0.1478094111296148 0.9890158633619163 0
    outer loop
      vertex 77.05669240384026 80.46107227496628 -0.5
      vertex 77.05669240384026 80.46107227496628 0.5
      vertex 77.12573786016092 80.45075336238055 -0.5
    endloop
  endfacet
  facet normal 0 0 -1
    outer loop
      vertex 77.05669240384026 80.46107227496628 -0.5
      vertex 77.12573786016092 80.45075336238055 -0.5
      vertex 77.26323598150618 80.42650873379066 -0.5
    endloop
  endfacet
  facet normal 0.1478094111296148 0.9890158633619163 0
    outer loop
      vertex 77.05669240384026 80.46107227496628 0.5
      vertex 77.12573786016092 80.45075336238055 0.5
      vertex 77.12573786016092 80.45075336238055 -0.5
    endloop
  endfacet
  facet normal 0 0 1
    outer loop
      vertex 77.05669240384026 80.46107227496628 0.5
      vertex 77.26323598150618 80.42650873379066 0.5
      vertex 77.12573786016092 80.45075336238055 0.5
    endloop
  endfacet
  facet normal 0.1650476058606567 -0.9862856015372349 0
    outer loop
      vertex 77.12573786016092 -80.45075336238055 -0.5
      vertex 77.19459271066772 -80.43923101204884 -0.5
      vertex 77.12573786016092 -80.45075336238055 0.5
    endloop
  endfacet
  facet normal 0 0 -1
    outer loop
      vertex 77.12573786016092 -80.45075336238055 -0.5
      vertex 77.26323598150618 -80.42650873379066 -0.5
      vertex 77.19459271066772 -80.43923101204884 -0.5
    endloop
  endfacet
  facet normal 0.1650476058606567 -0.9862856015372349 0
    outer loop
      vertex 77.12573786016092 -80.45075336238055 0.5
      vertex 77.19459271066772 -80.43923101204884 -0.5
      vertex 77.19459271066772 -80.43923101204884 0.5
    endloop
  endfacet
  facet normal 0.1650476058606567 0.9862856015372349 0
    outer loop
      vertex 77.12573786016092 80.45075336238055 -0.5
      vertex 77.12573786016092 80.45075336238055 0.5
      vertex 77.19459271066772 80.43923101204884 -0.5
    endloop
  endfacet
  facet normal 0 0 -1
    outer loop
      vertex 77.12573786016092 80.45075336238055 -0.5
      vertex 77.19459271066772 80.43923101204884 -0.5
      vertex 77.26323598150618 80.42650873379066 -0.5
    endloop
  endfacet
  facet normal 0.1650476058606567 0.9862856015372349 0
    outer loop
      vertex 77.12573786016092 80.45075336238055 0.5
      vertex 77.19459271066772 80.43923101204884 0.5
      vertex 77.19459271066772 80.43923101204884 -0.5
    endloop
  endfacet
  facet normal 0 0 1
    outer loop
      vertex 77.12573786016092 80.45075336238055 0.5
      vertex 77.26323598150618 80.42650873379066 0.5
      vertex 77.19459271066772 80.43923101204884 0.5
    endloop
  endfacet
  facet normal 0.1822355254921951 -0.9832549075639457 0
    outer loop
      vertex 77.19459271066772 -80.43923101204884 -0.5
      vertex 77.26323598150618 -80.42650873379066 -0.5
      vertex 77.19459271066772 -80.43923101204884 0.5
    endloop
  endfacet
  facet normal 0.1822355254921951 -0.9832549075639457 0
    outer loop
      vertex 77.19459271066772 -80.43923101204884 0.5
      vertex 77.26323598150618 -80.42650873379066 -0.5
      vertex 77.26323598150618 -80.42650873379066 0.5
    endloop
  endfacet
  facet normal 0 0 1
    outer loop
      vertex 77.19459271066772 -80.43923101204884 0.5
      vertex 77.26323598150618 -80.42650873379066 0.5
      vertex 77.33164676327104 -80.41259040293522 0.5
    endloop
  endfacet
  facet normal 0 0 1
    outer loop
      vertex 77.19459271066772 -80.43923101204884 0.5
      vertex 77.33164676327104 -80.41259040293522 0.5
      vertex 77.39980421737546 -80.39748025914093 0.5
    endloop
  endfacet
  facet normal 0 0 1
    outer loop
      vertex 77.19459271066772 -80.43923101204884 0.5
      vertex 77.39980421737546 -80.39748025914093 0.5
      vertex 77.602549423268 -80.34504678375328 0.5
    endloop
  endfacet
  facet normal 0 0 1
    outer loop
      vertex 77.19459271066772 -80.43923101204884 0.5
      vertex 77.602549423268 -80.34504678375328 0.5
      vertex 77.99842637366365 -80.20873541826715 0.5
    endloop
  endfacet
  facet normal 0.1822355254921951 0.9832549075639457 0
    outer loop
      vertex 77.19459271066772 80.43923101204884 -0.5
      vertex 77.19459271066772 80.43923101204884 0.5
      vertex 77.26323598150618 80.42650873379066 0.5
    endloop
  endfacet
  facet normal 0.1822355254921951 0.9832549075639457 0
    outer loop
      vertex 77.19459271066772 80.43923101204884 -0.5
      vertex 77.26323598150618 80.42650873379066 0.5
      vertex 77.26323598150618 80.42650873379066 -0.5
    endloop
  endfacet
  facet normal 0.19936793441719536 -0.9799247046208299 0
    outer loop
      vertex 77.26323598150618 -80.42650873379066 -0.5
      vertex 77.33164676327104 -80.41259040293522 -0.5
      vertex 77.33164676327104 -80.41259040293522 0.5
    endloop
  endfacet
  facet normal 0.19936793441719536 -0.9799247046208299 0
    outer loop
      vertex 77.26323598150618 -80.42650873379066 -0.5
      vertex 77.33164676327104 -80.41259040293522 0.5
      vertex 77.26323598150618 -80.42650873379066 0.5
    endloop
  endfacet
  facet normal 0 0 -1
    outer loop
      vertex 77.26323598150618 -80.42650873379066 -0.5
      vertex 77.46768758239867 -80.38118290510398 -0.5
      vertex 77.33164676327104 -80.41259040293522 -0.5
    endloop
  endfacet
  facet normal 0 0 -1
    outer loop
      vertex 77.26323598150618 -80.42650873379066 -0.5
      vertex 77.73606797749979 -80.30422606518061 -0.5
      vertex 77.46768758239867 -80.38118290510398 -0.5
    endloop
  endfacet
  facet normal 0 0 -1
    outer loop
      vertex 77.26323598150618 -80.42650873379066 -0.5
      vertex 78.37788625114356 -80.0317903714357 -0.5
      vertex 77.73606797749979 -80.30422606518061 -0.5
    endloop
  endfacet
  facet normal 0 0 -1
    outer loop
      vertex 77.26323598150618 -80.42650873379066 -0.5
      vertex 79.32842712474618 -79.32842712474618 -0.5
      vertex 78.37788625114356 -80.0317903714357 -0.5
    endloop
  endfacet
  facet normal 0.19936793441719536 0.9799247046208299 0
    outer loop
      vertex 77.26323598150618 80.42650873379066 -0.5
      vertex 77.26323598150618 80.42650873379066 0.5
      vertex 77.33164676327104 80.41259040293522 -0.5
    endloop
  endfacet
  facet normal 0 0 -1
    outer loop
      vertex 77.26323598150618 80.42650873379066 -0.5
      vertex 77.33164676327104 80.41259040293522 -0.5
      vertex 77.39980421737546 80.39748025914093 -0.5
    endloop
  endfacet
  facet normal 0 0 -1
    outer loop
      vertex 77.26323598150618 80.42650873379066 -0.5
      vertex 77.39980421737546 80.39748025914093 -0.5
      vertex 77.602549423268 80.34504678375328 -0.5
    endloop
  endfacet
  facet normal 0 0 -1
    outer loop
      vertex 77.26323598150618 80.42650873379066 -0.5
      vertex 77.602549423268 80.34504678375328 -0.5
      vertex 77.99842637366365 80.20873541826715 -0.5
    endloop
  endfacet
  facet normal 0.19936793441719536 0.9799247046208299 0
    outer loop
      vertex 77.26323598150618 80.42650873379066 0.5
      vertex 77.33164676327104 80.41259040293522 0.5
      vertex 77.33164676327104 80.41259040293522 -0.5
    endloop
  endfacet
  facet normal 0 0 1
    outer loop
      vertex 77.26323598150618 80.42650873379066 0.5
      vertex 77.39980421737546 80.39748025914093 0.5
      vertex 77.33164676327104 80.41259040293522 0.5
    endloop
  endfacet
  facet normal 0 0 1
    outer loop
      vertex 77.26323598150618 80.42650873379066 0.5
      vertex 77.602549423268 80.34504678375328 0.5
      vertex 77.39980421737546 80.39748025914093 0.5
    endloop
  endfacet
  facet normal 0 0 1
    outer loop
      vertex 77.26323598150618 80.42650873379066 0.5
      vertex 77.99842637366365 80.20873541826715 0.5
      vertex 77.602549423268 80.34504678375328 0.5
    endloop
  endfacet
  facet normal 0.21643961393819533 -0.9762960071199128 0
    outer loop
      vertex 77.33164676327104 -80.41259040293522 -0.5
      vertex 77.39980421737546 -80.39748025914093 -0.5
      vertex 77.39980421737546 -80.39748025914093 0.5
    endloop
  endfacet
  facet normal 0.21643961393819533 -0.9762960071199128 0
    outer loop
      vertex 77.33164676327104 -80.41259040293522 -0.5
      vertex 77.39980421737546 -80.39748025914093 0.5
      vertex 77.33164676327104 -80.41259040293522 0.5
    endloop
  endfacet
  facet normal 0 0 -1
    outer loop
      vertex 77.33164676327104 -80.41259040293522 -0.5
      vertex 77.46768758239867 -80.38118290510398 -0.5
      vertex 77.39980421737546 -80.39748025914093 -0.5
    endloop
  endfacet
  facet normal 0.21643961393819533 0.9762960071199128 0
    outer loop
      vertex 77.33164676327104 80.41259040293522 -0.5
      vertex 77.33164676327104 80.41259040293522 0.5
      vertex 77.39980421737546 80.39748025914093 0.5
    endloop
  endfacet
  facet normal 0.21643961393819533 0.9762960071199128 0
    outer loop
      vertex 77.33164676327104 80.41259040293522 -0.5
      vertex 77.39980421737546 80.39748025914093 0.5
      vertex 77.39980421737546 80.39748025914093 -0.5
    endloop
  endfacet
  facet normal 0.2334453638558606 -0.9723699203976873 0
    outer loop
      vertex 77.39980421737546 -80.39748025914093 -0.5
      vertex 77.46768758239867 -80.38118290510398 -0.5
      vertex 77.39980421737546 -80.39748025914093 0.5
    endloop
  endfacet
  facet normal 0.2334453638558606 -0.9723699203976873 0
    outer loop
      vertex 77.39980421737546 -80.39748025914093 0.5
      vertex 77.46768758239867 -80.38118290510398 -0.5
      vertex 77.46768758239867 -80.38118290510398 0.5
    endloop
  endfacet
  facet normal 0 0 1
    outer loop
      vertex 77.39980421737546 -80.39748025914093 0.5
      vertex 77.46768758239867 -80.38118290510398 0.5
      vertex 77.53527618041008 -80.36370330515628 0.5
    endloop
  endfacet
  facet normal 0 0 1
    outer loop
      vertex 77.39980421737546 -80.39748025914093 0.5
      vertex 77.53527618041008 -80.36370330515628 0.5
      vertex 77.602549423268 -80.34504678375328 0.5
    endloop
  endfacet
  facet normal 0.2334453638558606 0.9723699203976873 0
    outer loop
      vertex 77.39980421737546 80.39748025914093 -0.5
      vertex 77.39980421737546 80.39748025914093 0.5
      vertex 77.46768758239867 80.38118290510398 -0.5
    endloop
  endfacet
  facet normal 0 0 -1
    outer loop
      vertex 77.39980421737546 80.39748025914093 -0.5
      vertex 77.46768758239867 80.38118290510398 -0.5
      vertex 77.602549423268 80.34504678375328 -0.5
    endloop
  endfacet
  facet normal 0.2334453638558606 0.9723699203976873 0
    outer loop
      vertex 77.39980421737546 80.39748025914093 0.5
      vertex 77.46768758239867 80.38118290510398 0.5
      vertex 77.46768758239867 80.38118290510398 -0.5
    endloop
  endfacet
  facet normal 0 0 1
    outer loop
      vertex 77.39980421737546 80.39748025914093 0.5
      vertex 77.602549423268 80.34504678375328 0.5
      vertex 77.46768758239867 80.38118290510398 0.5
    endloop
  endfacet
  facet normal 0.2503800040543463 -0.9681476403781325 0
    outer loop
      vertex 77.46768758239867 -80.38118290510398 -0.5
      vertex 77.53527618041008 -80.36370330515628 -0.5
      vertex 77.53527618041008 -80.36370330515628 0.4900000000000002
    endloop
  endfacet
  facet normal 0.2503800040543464 -0.9681476403781322 0
    outer loop
      vertex 77.46768758239867 -80.38118290510398 -0.5
      vertex 77.53527618041008 -80.36370330515628 0.4900000000000002
      vertex 77.53527618041008 -80.36370330515628 0.5
    endloop
  endfacet
  facet normal 0.25038000405434624 -0.9681476403781323 0
    outer loop
      vertex 77.46768758239867 -80.38118290510398 -0.5
      vertex 77.53527618041008 -80.36370330515628 0.5
      vertex 77.46768758239867 -80.38118290510398 0.5
    endloop
  endfacet
  facet normal 0 0 -1
    outer loop
      vertex 77.46768758239867 -80.38118290510398 -0.5
      vertex 77.602549423268 -80.34504678375328 -0.5
      vertex 77.53527618041008 -80.36370330515628 -0.5
    endloop
  endfacet
  facet normal 0 0 -1
    outer loop
      vertex 77.46768758239867 -80.38118290510398 -0.5
      vertex 77.73606797749979 -80.30422606518061 -0.5
      vertex 77.602549423268 -80.34504678375328 -0.5
    endloop
  endfacet
  facet normal 0.25038000405434624 0.9681476403781323 0
    outer loop
      vertex 77.46768758239867 80.38118290510398 -0.5
      vertex 77.46768758239867 80.38118290510398 0.5
      vertex 77.53527618041008 80.36370330515628 -0.5
    endloop
  endfacet
  facet normal 0 0 -1
    outer loop
      vertex 77.46768758239867 80.38118290510398 -0.5
      vertex 77.53527618041008 80.36370330515628 -0.5
      vertex 77.602549423268 80.34504678375328 -0.5
    endloop
  endfacet
  facet normal 0.25038000405434624 0.9681476403781323 0
    outer loop
      vertex 77.46768758239867 80.38118290510398 0.5
      vertex 77.53527618041008 80.36370330515628 0.5
      vertex 77.53527618041008 80.36370330515628 -0.5
    endloop
  endfacet
  facet normal 0 0 1
    outer loop
      vertex 77.46768758239867 80.38118290510398 0.5
      vertex 77.602549423268 80.34504678375328 0.5
      vertex 77.53527618041008 80.36370330515628 0.5
    endloop
  endfacet
  facet normal 0.2672383760782895 -0.9636304532086138 0
    outer loop
      vertex 77.53527618041008 -80.36370330515628 -0.5
      vertex 77.602549423268 -80.34504678375328 -0.5
      vertex 77.53527618041008 -80.36370330515628 0.4900000000000002
    endloop
  endfacet
  facet normal 0.2672383760782895 -0.9636304532086138 0
    outer loop
      vertex 77.53527618041008 -80.36370330515628 0.4900000000000002
      vertex 77.602549423268 -80.34504678375328 -0.5
      vertex 77.602549423268 -80.34504678375328 0.4900000000000002
    endloop
  endfacet
  facet normal 0.26723837607828954 -0.963630453208614 0
    outer loop
      vertex 77.53527618041008 -80.36370330515628 0.4900000000000002
      vertex 77.602549423268 -80.34504678375328 0.4900000000000002
      vertex 77.53527618041008 -80.36370330515628 0.5
    endloop
  endfacet
  facet normal 0.26723837607828954 -0.963630453208614 0
    outer loop
      vertex 77.53527618041008 -80.36370330515628 0.5
      vertex 77.602549423268 -80.34504678375328 0.4900000000000002
      vertex 77.602549423268 -80.34504678375328 0.5
    endloop
  endfacet
  facet normal 0.26723837607828954 0.963630453208614 0
    outer loop
      vertex 77.53527618041008 80.36370330515628 -0.5
      vertex 77.53527618041008 80.36370330515628 0.5
      vertex 77.602549423268 80.34504678375328 0.5
    endloop
  endfacet
  facet normal 0.26723837607828954 0.963630453208614 0
    outer loop
      vertex 77.53527618041008 80.36370330515628 -0.5
      vertex 77.602549423268 80.34504678375328 0.5
      vertex 77.602549423268 80.34504678375328 -0.5
    endloop
  endfacet
  facet normal 0.28401534470394674 -0.958819734868186 0
    outer loop
      vertex 77.602549423268 -80.34504678375328 -0.5
      vertex 77.66948681889095 -80.32521902385214 -0.5
      vertex 77.66948681889095 -80.32521902385214 -0.4900000000000002
    endloop
  endfacet
  facet normal 0.2840153447039467 -0.9588197348681858 0
    outer loop
      vertex 77.602549423268 -80.34504678375328 -0.5
      vertex 77.66948681889095 -80.32521902385214 -0.4900000000000002
      vertex 77.602549423268 -80.34504678375328 0.4900000000000002
    endloop
  endfacet
  facet normal 0 0 -1
    outer loop
      vertex 77.602549423268 -80.34504678375328 -0.5
      vertex 77.73606797749979 -80.30422606518061 -0.5
      vertex 77.66948681889095 -80.32521902385214 -0.5
    endloop
  endfacet
  facet normal 0.28401534470394674 -0.958819734868186 0
    outer loop
      vertex 77.602549423268 -80.34504678375328 0.4900000000000002
      vertex 77.66948681889095 -80.32521902385214 -0.4900000000000002
      vertex 77.66948681889095 -80.32521902385214 0.4900000000000002
    endloop
  endfacet
  facet normal 0.28401534470394674 -0.958819734868186 0
    outer loop
      vertex 77.602549423268 -80.34504678375328 0.4900000000000002
      vertex 77.66948681889095 -80.32521902385214 0.4900000000000002
      vertex 77.602549423268 -80.34504678375328 0.5
    endloop
  endfacet
  facet normal 0.28401534470394674 -0.958819734868186 0
    outer loop
      vertex 77.602549423268 -80.34504678375328 0.5
      vertex 77.66948681889095 -80.32521902385214 0.4900000000000002
      vertex 77.66948681889095 -80.32521902385214 0.5
    endloop
  endfacet
  facet normal 0 0 1
    outer loop
      vertex 77.602549423268 -80.34504678375328 0.5
      vertex 77.66948681889095 -80.32521902385214 0.5
      vertex 77.73606797749979 -80.30422606518061 0.5
    endloop
  endfacet
  facet normal 0 0 1
    outer loop
      vertex 77.602549423268 -80.34504678375328 0.5
      vertex 77.73606797749979 -80.30422606518061 0.5
      vertex 77.99842637366365 -80.20873541826715 0.5
    endloop
  endfacet
  facet normal 0.28401534470394674 0.9588197348681858 0
    outer loop
      vertex 77.602549423268 80.34504678375328 -0.5
      vertex 77.602549423268 80.34504678375328 0.5
      vertex 77.66948681889095 80.32521902385214 -0.5
    endloop
  endfacet
  facet normal 0 0 -1
    outer loop
      vertex 77.602549423268 80.34504678375328 -0.5
      vertex 77.66948681889095 80.32521902385214 -0.5
      vertex 77.80227261782862 80.28207430239726 -0.5
    endloop
  endfacet
  facet normal 0 0 -1
    outer loop
      vertex 77.602549423268 80.34504678375328 -0.5
      vertex 77.80227261782862 80.28207430239726 -0.5
      vertex 77.99842637366365 80.20873541826715 -0.5
    endloop
  endfacet
  facet normal 0.28401534470394674 0.9588197348681858 0
    outer loop
      vertex 77.602549423268 80.34504678375328 0.5
      vertex 77.66948681889095 80.32521902385214 0.5
      vertex 77.66948681889095 80.32521902385214 -0.5
    endloop
  endfacet
  facet normal 0 0 1
    outer loop
      vertex 77.602549423268 80.34504678375328 0.5
      vertex 77.80227261782862 80.28207430239726 0.5
      vertex 77.66948681889095 80.32521902385214 0.5
    endloop
  endfacet
  facet normal 0 0 1
    outer loop
      vertex 77.602549423268 80.34504678375328 0.5
      vertex 77.99842637366365 80.20873541826715 0.5
      vertex 77.80227261782862 80.28207430239726 0.5
    endloop
  endfacet
  facet normal 0.3007057995042804 -0.9537169507482246 0
    outer loop
      vertex 77.66948681889095 -80.32521902385214 -0.5
      vertex 77.73606797749979 -80.30422606518061 -0.5
      vertex 77.66948681889095 -80.32521902385214 -0.4900000000000002
    endloop
  endfacet
  facet normal 0.3007057995042804 -0.9537169507482246 0
    outer loop
      vertex 77.66948681889095 -80.32521902385214 -0.4900000000000002
      vertex 77.73606797749979 -80.30422606518061 -0.5
      vertex 77.73606797749979 -80.30422606518061 0.5
    endloop
  endfacet
  facet normal 0.3007057995042804 -0.9537169507482246 0
    outer loop
      vertex 77.66948681889095 -80.32521902385214 -0.4900000000000002
      vertex 77.73606797749979 -80.30422606518061 0.5
      vertex 77.66948681889095 -80.32521902385214 0.4900000000000002
    endloop
  endfacet
  facet normal 0.3007057995042804 -0.9537169507482246 0
    outer loop
      vertex 77.66948681889095 -80.32521902385214 0.4900000000000002
      vertex 77.73606797749979 -80.30422606518061 0.5
      vertex 77.66948681889095 -80.32521902385214 0.5
    endloop
  endfacet
  facet normal 0.3007057995042804 0.9537169507482246 0
    outer loop
      vertex 77.66948681889095 80.32521902385214 -0.5
      vertex 77.66948681889095 80.32521902385214 0.5
      vertex 77.73606797749979 80.30422606518061 -0.5
    endloop
  endfacet
  facet normal 0 0 -1
    outer loop
      vertex 77.66948681889095 80.32521902385214 -0.5
      vertex 77.73606797749979 80.30422606518061 -0.5
      vertex 77.80227261782862 80.28207430239726 -0.5
    endloop
  endfacet
  facet normal 0.3007057995042804 0.9537169507482246 0
    outer loop
      vertex 77.66948681889095 80.32521902385214 0.5
      vertex 77.73606797749979 80.30422606518061 0.5
      vertex 77.73606797749979 80.30422606518061 -0.5
    endloop
  endfacet
  facet normal 0 0 1
    outer loop
      vertex 77.66948681889095 80.32521902385214 0.5
      vertex 77.80227261782862 80.28207430239726 0.5
      vertex 77.73606797749979 80.30422606518061 0.5
    endloop
  endfacet
  facet normal 0.31730465640516825 -0.9483236552061738 0
    outer loop
      vertex 77.73606797749979 -80.30422606518061 -0.5
      vertex 77.80227261782862 -80.28207430239726 -0.5
      vertex 77.80227261782862 -80.28207430239726 0.4900000000000002
    endloop
  endfacet
  facet normal 0.31730465640516825 -0.9483236552061739 0
    outer loop
      vertex 77.73606797749979 -80.30422606518061 -0.5
      vertex 77.80227261782862 -80.28207430239726 0.4900000000000002
      vertex 77.73606797749979 -80.30422606518061 0.5
    endloop
  endfacet
  facet normal 0 0 -1
    outer loop
      vertex 77.73606797749979 -80.30422606518061 -0.5
      vertex 77.9334717981812 -80.2343217059888 -0.5
      vertex 77.80227261782862 -80.28207430239726 -0.5
    endloop
  endfacet
  facet normal 0 0 -1
    outer loop
      vertex 77.73606797749979 -80.30422606518061 -0.5
      vertex 78.0629245139571 -80.18201941380975 -0.5
      vertex 77.9334717981812 -80.2343217059888 -0.5
    endloop
  endfacet
  facet normal 0 0 -1
    outer loop
      vertex 77.73606797749979 -80.30422606518061 -0.5
      vertex 78.37788625114356 -80.0317903714357 -0.5
      vertex 78.0629245139571 -80.18201941380975 -0.5
    endloop
  endfacet
  facet normal 0.3173046564051682 -0.9483236552061738 0
    outer loop
      vertex 77.73606797749979 -80.30422606518061 0.5
      vertex 77.80227261782862 -80.28207430239726 0.4900000000000002
      vertex 77.80227261782862 -80.28207430239726 0.5
    endloop
  endfacet
  facet normal 0 0 1
    outer loop
      vertex 77.73606797749979 -80.30422606518061 0.5
      vertex 77.80227261782862 -80.28207430239726 0.5
      vertex 77.86808057330268 -80.25877048314364 0.5
    endloop
  endfacet
  facet normal 0 0 1
    outer loop
      vertex 77.73606797749979 -80.30422606518061 0.5
      vertex 77.86808057330268 -80.25877048314364 0.5
      vertex 77.99842637366365 -80.20873541826715 0.5
    endloop
  endfacet
  facet normal 0.31730465640516825 0.9483236552061739 0
    outer loop
      vertex 77.73606797749979 80.30422606518061 -0.5
      vertex 77.73606797749979 80.30422606518061 0.5
      vertex 77.80227261782862 80.28207430239726 0.5
    endloop
  endfacet
  facet normal 0.31730465640516825 0.9483236552061739 0
    outer loop
      vertex 77.73606797749979 80.30422606518061 -0.5
      vertex 77.80227261782862 80.28207430239726 0.5
      vertex 77.80227261782862 80.28207430239726 -0.5
    endloop
  endfacet
  facet normal 0.3338068592336476 -0.9426414910922221 0
    outer loop
      vertex 77.80227261782862 -80.28207430239726 -0.5
      vertex 77.86808057330268 -80.25877048314364 -0.5
      vertex 77.86808057330268 -80.25877048314364 0.4900000000000002
    endloop
  endfacet
  facet normal 0.3338068592336476 -0.9426414910922221 0
    outer loop
      vertex 77.80227261782862 -80.28207430239726 -0.5
      vertex 77.86808057330268 -80.25877048314364 0.4900000000000002
      vertex 77.80227261782862 -80.28207430239726 0.4900000000000002
    endloop
  endfacet
  facet normal 0 0 -1
    outer loop
      vertex 77.80227261782862 -80.28207430239726 -0.5
      vertex 77.9334717981812 -80.2343217059888 -0.5
      vertex 77.86808057330268 -80.25877048314364 -0.5
    endloop
  endfacet
  facet normal 0.3338068592336476 -0.9426414910922221 0
    outer loop
      vertex 77.80227261782862 -80.28207430239726 0.4900000000000002
      vertex 77.86808057330268 -80.25877048314364 0.4900000000000002
      vertex 77.86808057330268 -80.25877048314364 0.5
    endloop
  endfacet
  facet normal 0.3338068592336476 -0.9426414910922221 0
    outer loop
      vertex 77.80227261782862 -80.28207430239726 0.4900000000000002
      vertex 77.86808057330268 -80.25877048314364 0.5
      vertex 77.80227261782862 -80.28207430239726 0.5
    endloop
  endfacet
  facet normal 0.33380685923364767 0.9426414910922222 0
    outer loop
      vertex 77.80227261782862 80.28207430239726 -0.5
      vertex 77.80227261782862 80.28207430239726 0.5
      vertex 77.86808057330268 80.25877048314364 -0.5
    endloop
  endfacet
  facet normal 0 0 -1
    outer loop
      vertex 77.80227261782862 80.28207430239726 -0.5
      vertex 77.86808057330268 80.25877048314364 -0.5
      vertex 77.99842637366365 80.20873541826715 -0.5
    endloop
  endfacet
  facet normal 0.33380685923364767 0.9426414910922222 0
    outer loop
      vertex 77.80227261782862 80.28207430239726 0.5
      vertex 77.86808057330268 80.25877048314364 0.5
      vertex 77.86808057330268 80.25877048314364 -0.5
    endloop
  endfacet
  facet normal 0 0 1
    outer loop
      vertex 77.80227261782862 80.28207430239726 0.5
      vertex 77.99842637366365 80.20873541826715 0.5
      vertex 77.86808057330268 80.25877048314364 0.5
    endloop
  endfacet
  facet normal 0.3502073812595273 -0.9366721892483754 0
    outer loop
      vertex 77.86808057330268 -80.25877048314364 -0.5
      vertex 77.9334717981812 -80.2343217059888 -0.5
      vertex 77.86808057330268 -80.25877048314364 0.4900000000000002
    endloop
  endfacet
  facet normal 0.35020738125952716 -0.9366721892483753 0
    outer loop
      vertex 77.86808057330268 -80.25877048314364 0.4900000000000002
      vertex 77.9334717981812 -80.2343217059888 -0.5
      vertex 77.86808057330268 -80.25877048314364 0.5
    endloop
  endfacet
  facet normal 0.3502073812595272 -0.9366721892483754 0
    outer loop
      vertex 77.86808057330268 -80.25877048314364 0.5
      vertex 77.9334717981812 -80.2343217059888 -0.5
      vertex 77.9334717981812 -80.2343217059888 0.5
    endloop
  endfacet
  facet normal 0 0 1
    outer loop
      vertex 77.86808057330268 -80.25877048314364 0.5
      vertex 77.9334717981812 -80.2343217059888 0.5
      vertex 77.99842637366365 -80.20873541826715 0.5
    endloop
  endfacet
  facet normal 0.3502073812595272 0.9366721892483754 0
    outer loop
      vertex 77.86808057330268 80.25877048314364 -0.5
      vertex 77.86808057330268 80.25877048314364 0.5
      vertex 77.9334717981812 80.2343217059888 -0.5
    endloop
  endfacet
  facet normal 0 0 -1
    outer loop
      vertex 77.86808057330268 80.25877048314364 -0.5
      vertex 77.9334717981812 80.2343217059888 -0.5
      vertex 77.99842637366365 80.20873541826715 -0.5
    endloop
  endfacet
  facet normal 0.3502073812595272 0.9366721892483754 0
    outer loop
      vertex 77.86808057330268 80.25877048314364 0.5
      vertex 77.9334717981812 80.2343217059888 0.5
      vertex 77.9334717981812 80.2343217059888 -0.5
    endloop
  endfacet
  facet normal 0 0 1
    outer loop
      vertex 77.86808057330268 80.25877048314364 0.5
      vertex 77.99842637366365 80.20873541826715 0.5
      vertex 77.9334717981812 80.2343217059888 0.5
    endloop
  endfacet
  facet normal 0.3665012267242299 -0.9304175679820511 0
    outer loop
      vertex 77.9334717981812 -80.2343217059888 -0.5
      vertex 77.99842637366365 -80.20873541826715 -0.5
      vertex 77.99842637366365 -80.20873541826715 0.4900000000000002
    endloop
  endfacet
  facet normal 0.366501226724233 -0.9304175679820498 0
    outer loop
      vertex 77.9334717981812 -80.2343217059888 -0.5
      vertex 77.99842637366365 -80.20873541826715 0.4900000000000002
      vertex 77.99842637366365 -80.20873541826715 0.5
    endloop
  endfacet
  facet normal 0.36650122672422997 -0.930417567982051 0
    outer loop
      vertex 77.9334717981812 -80.2343217059888 -0.5
      vertex 77.99842637366365 -80.20873541826715 0.5
      vertex 77.9334717981812 -80.2343217059888 0.5
    endloop
  endfacet
  facet normal 0 0 -1
    outer loop
      vertex 77.9334717981812 -80.2343217059888 -0.5
      vertex 78.0629245139571 -80.18201941380975 -0.5
      vertex 77.99842637366365 -80.20873541826715 -0.5
    endloop
  endfacet
  facet normal 0.36650122672422997 0.930417567982051 0
    outer loop
      vertex 77.9334717981812 80.2343217059888 -0.5
      vertex 77.9334717981812 80.2343217059888 0.5
      vertex 77.99842637366365 80.20873541826715 0.5
    endloop
  endfacet
  facet normal 0.36650122672422997 0.930417567982051 0
    outer loop
      vertex 77.9334717981812 80.2343217059888 -0.5
      vertex 77.99842637366365 80.20873541826715 0.5
      vertex 77.99842637366365 80.20873541826715 -0.5
    endloop
  endfacet
  facet normal 0.38268343236518804 -0.9238795325112461 0
    outer loop
      vertex 77.99842637366365 -80.20873541826715 -0.5
      vertex 78.0629245139571 -80.18201941380975 -0.5
      vertex 77.99842637366365 -80.20873541826715 0.4900000000000002
    endloop
  endfacet
  facet normal 0.3826834323651879 -0.923879532511246 0
    outer loop
      vertex 77.99842637366365 -80.20873541826715 0.4900000000000002
      vertex 78.0629245139571 -80.18201941380975 -0.5
      vertex 77.99842637366365 -80.20873541826715 0.5
    endloop
  endfacet
  facet normal 0.38268343236518804 -0.9238795325112461 0
    outer loop
      vertex 77.99842637366365 -80.20873541826715 0.5
      vertex 78.0629245139571 -80.18201941380975 -0.5
      vertex 78.0629245139571 -80.18201941380975 0.4900000000000002
    endloop
  endfacet
  facet normal 0.3826834323651879 -0.923879532511246 0
    outer loop
      vertex 77.99842637366365 -80.20873541826715 0.5
      vertex 78.0629245139571 -80.18201941380975 0.4900000000000002
      vertex 78.0629245139571 -80.18201941380975 0.5
    endloop
  endfacet
  facet normal 0 0 1
    outer loop
      vertex 77.99842637366365 -80.20873541826715 0.5
      vertex 78.0629245139571 -80.18201941380975 0.5
      vertex 78.1269465723032 -80.15418183057041 0.5
    endloop
  endfacet
  facet normal 0 0 1
    outer loop
      vertex 77.99842637366365 -80.20873541826715 0.5
      vertex 78.1269465723032 -80.15418183057041 0.5
      vertex 78.1904730469628 -80.1252311481466 0.5
    endloop
  endfacet
  facet normal 0 0 1
    outer loop
      vertex 77.99842637366365 -80.20873541826715 0.5
      vertex 78.1904730469628 -80.1252311481466 0.5
      vertex 78.43923848098535 -79.99847882855758 0.5
    endloop
  endfacet
  facet normal 0 0 1
    outer loop
      vertex 77.99842637366365 -80.20873541826715 0.5
      vertex 78.43923848098535 -79.99847882855758 0.5
      vertex 78.67855614006011 -79.8546822717817 0.5
    endloop
  endfacet
  facet normal 0 0 1
    outer loop
      vertex 77.99842637366365 -80.20873541826715 0.5
      vertex 78.67855614006011 -79.8546822717817 0.5
      vertex 79.32842712474618 -79.32842712474618 0.5
    endloop
  endfacet
  facet normal 0.38268343236518804 0.9238795325112461 0
    outer loop
      vertex 77.99842637366365 80.20873541826715 -0.5
      vertex 77.99842637366365 80.20873541826715 0.5
      vertex 78.0629245139571 80.18201941380975 -0.5
    endloop
  endfacet
  facet normal 0 0 -1
    outer loop
      vertex 77.99842637366365 80.20873541826715 -0.5
      vertex 78.0629245139571 80.18201941380975 -0.5
      vertex 78.1269465723032 80.15418183057041 -0.5
    endloop
  endfacet
  facet normal 0 0 -1
    outer loop
      vertex 77.99842637366365 80.20873541826715 -0.5
      vertex 78.1269465723032 80.15418183057041 -0.5
      vertex 78.31596199895819 80.06402609675347 -0.5
    endloop
  endfacet
  facet normal 0 0 -1
    outer loop
      vertex 77.99842637366365 80.20873541826715 -0.5
      vertex 78.31596199895819 80.06402609675347 -0.5
      vertex 78.67855614006011 79.8546822717817 -0.5
    endloop
  endfacet
  facet normal 0 0 -1
    outer loop
      vertex 77.99842637366365 80.20873541826715 -0.5
      vertex 78.67855614006011 79.8546822717817 -0.5
      vertex 79.32842712474618 79.32842712474618 -0.5
    endloop
  endfacet
  facet normal 0.38268343236518804 0.9238795325112461 0
    outer loop
      vertex 77.99842637366365 80.20873541826715 0.5
      vertex 78.0629245139571 80.18201941380975 0.5
      vertex 78.0629245139571 80.18201941380975 -0.5
    endloop
  endfacet
  facet normal 0 0 1
    outer loop
      vertex 77.99842637366365 80.20873541826715 0.5
      vertex 78.1269465723032 80.15418183057041 0.5
      vertex 78.0629245139571 80.18201941380975 0.5
    endloop
  endfacet
  facet normal 0 0 1
    outer loop
      vertex 77.99842637366365 80.20873541826715 0.5
      vertex 78.1904730469628 80.1252311481466 0.5
      vertex 78.1269465723032 80.15418183057041 0.5
    endloop
  endfacet
  facet normal 0 0 1
    outer loop
      vertex 77.99842637366365 80.20873541826715 0.5
      vertex 78.37788625114356 80.0317903714357 0.5
      vertex 78.1904730469628 80.1252311481466 0.5
    endloop
  endfacet
  facet normal 0 0 1
    outer loop
      vertex 77.99842637366365 80.20873541826715 0.5
      vertex 78.736771613883 79.81615029022016 0.5
      vertex 78.37788625114356 80.0317903714357 0.5
    endloop
  endfacet
  facet normal 0 0 1
    outer loop
      vertex 77.99842637366365 80.20873541826715 0.5
      vertex 79.32842712474618 79.32842712474618 0.5
      vertex 78.736771613883 79.81615029022016 0.5
    endloop
  endfacet
  facet normal 0.39874906892515527 -0.9170600743851636 0
    outer loop
      vertex 78.0629245139571 -80.18201941380975 -0.5
      vertex 78.1269465723032 -80.15418183057041 -0.5
      vertex 78.1269465723032 -80.15418183057041 0.4900000000000002
    endloop
  endfacet
  facet normal 0.39874906892515527 -0.9170600743851636 0
    outer loop
      vertex 78.0629245139571 -80.18201941380975 -0.5
      vertex 78.1269465723032 -80.15418183057041 0.4900000000000002
      vertex 78.0629245139571 -80.18201941380975 0.4900000000000002
    endloop
  endfacet
  facet normal 0 0 -1
    outer loop
      vertex 78.0629245139571 -80.18201941380975 -0.5
      vertex 78.1904730469628 -80.1252311481466 -0.5
      vertex 78.1269465723032 -80.15418183057041 -0.5
    endloop
  endfacet
  facet normal 0 0 -1
    outer loop
      vertex 78.0629245139571 -80.18201941380975 -0.5
      vertex 78.37788625114356 -80.0317903714357 -0.5
      vertex 78.1904730469628 -80.1252311481466 -0.5
    endloop
  endfacet
  facet normal 0.3987490689251553 -0.9170600743851636 0
    outer loop
      vertex 78.0629245139571 -80.18201941380975 0.4900000000000002
      vertex 78.1269465723032 -80.15418183057041 0.4900000000000002
      vertex 78.1269465723032 -80.15418183057041 0.5
    endloop
  endfacet
  facet normal 0.3987490689251553 -0.9170600743851636 0
    outer loop
      vertex 78.0629245139571 -80.18201941380975 0.4900000000000002
      vertex 78.1269465723032 -80.15418183057041 0.5
      vertex 78.0629245139571 -80.18201941380975 0.5
    endloop
  endfacet
  facet normal 0.39874906892515527 0.9170600743851635 0
    outer loop
      vertex 78.0629245139571 80.18201941380975 -0.5
      vertex 78.0629245139571 80.18201941380975 0.5
      vertex 78.1269465723032 80.15418183057041 -0.5
    endloop
  endfacet
  facet normal 0.39874906892515527 0.9170600743851635 0
    outer loop
      vertex 78.0629245139571 80.18201941380975 0.5
      vertex 78.1269465723032 80.15418183057041 0.5
      vertex 78.1269465723032 80.15418183057041 -0.5
    endloop
  endfacet
  facet normal 0.414693242656336 -0.9099612708764989 0
    outer loop
      vertex 78.1269465723032 -80.15418183057041 -0.5
      vertex 78.1904730469628 -80.1252311481466 -0.5
      vertex 78.1269465723032 -80.15418183057041 0.4900000000000002
    endloop
  endfacet
  facet normal 0.414693242656336 -0.9099612708764989 0
    outer loop
      vertex 78.1269465723032 -80.15418183057041 0.4900000000000002
      vertex 78.1904730469628 -80.1252311481466 -0.5
      vertex 78.1904730469628 -80.1252311481466 0.4900000000000002
    endloop
  endfacet
  facet normal 0.414693242656336 -0.909961270876499 0
    outer loop
      vertex 78.1269465723032 -80.15418183057041 0.4900000000000002
      vertex 78.1904730469628 -80.1252311481466 0.4900000000000002
      vertex 78.1904730469628 -80.1252311481466 0.5
    endloop
  endfacet
  facet normal 0.414693242656336 -0.909961270876499 0
    outer loop
      vertex 78.1269465723032 -80.15418183057041 0.4900000000000002
      vertex 78.1904730469628 -80.1252311481466 0.5
      vertex 78.1269465723032 -80.15418183057041 0.5
    endloop
  endfacet
  facet normal 0.41469324265633606 0.9099612708764989 0
    outer loop
      vertex 78.1269465723032 80.15418183057041 -0.5
      vertex 78.1269465723032 80.15418183057041 0.5
      vertex 78.1904730469628 80.1252311481466 0.5
    endloop
  endfacet
  facet normal 0 0 -1
    outer loop
      vertex 78.1269465723032 80.15418183057041 -0.5
      vertex 78.1904730469628 80.1252311481466 -0.5
      vertex 78.31596199895819 80.06402609675347 -0.5
    endloop
  endfacet
  facet normal 0.41469324265633606 0.9099612708764989 0
    outer loop
      vertex 78.1269465723032 80.15418183057041 -0.5
      vertex 78.1904730469628 80.1252311481466 0.5
      vertex 78.1904730469628 80.1252311481466 -0.5
    endloop
  endfacet
  facet normal 0.43051109680829425 -0.9025852843498612 0
    outer loop
      vertex 78.1904730469628 -80.1252311481466 -0.5
      vertex 78.25348458715631 -80.09517618519666 -0.5
      vertex 78.25348458715631 -80.09517618519666 0.5
    endloop
  endfacet
  facet normal 0.4305110968082942 -0.9025852843498611 0
    outer loop
      vertex 78.1904730469628 -80.1252311481466 -0.5
      vertex 78.25348458715631 -80.09517618519666 0.5
      vertex 78.1904730469628 -80.1252311481466 0.4900000000000002
    endloop
  endfacet
  facet normal 0 0 -1
    outer loop
      vertex 78.1904730469628 -80.1252311481466 -0.5
      vertex 78.37788625114356 -80.0317903714357 -0.5
      vertex 78.25348458715631 -80.09517618519666 -0.5
    endloop
  endfacet
  facet normal 0.4305110968082942 -0.9025852843498611 0
    outer loop
      vertex 78.1904730469628 -80.1252311481466 0.4900000000000002
      vertex 78.25348458715631 -80.09517618519666 0.5
      vertex 78.1904730469628 -80.1252311481466 0.5
    endloop
  endfacet
  facet normal 0 0 1
    outer loop
      vertex 78.1904730469628 -80.1252311481466 0.5
      vertex 78.25348458715631 -80.09517618519666 0.5
      vertex 78.43923848098535 -79.99847882855758 0.5
    endloop
  endfacet
  facet normal 0.43051109680829425 0.9025852843498612 0
    outer loop
      vertex 78.1904730469628 80.1252311481466 -0.5
      vertex 78.1904730469628 80.1252311481466 0.5
      vertex 78.25348458715631 80.09517618519666 0.5
    endloop
  endfacet
  facet normal 0 0 -1
    outer loop
      vertex 78.1904730469628 80.1252311481466 -0.5
      vertex 78.25348458715631 80.09517618519666 -0.5
      vertex 78.31596199895819 80.06402609675347 -0.5
    endloop
  endfacet
  facet normal 0.43051109680829425 0.9025852843498612 0
    outer loop
      vertex 78.1904730469628 80.1252311481466 -0.5
      vertex 78.25348458715631 80.09517618519666 0.5
      vertex 78.25348458715631 80.09517618519666 -0.5
    endloop
  endfacet
  facet normal 0 0 1
    outer loop
      vertex 78.1904730469628 80.1252311481466 0.5
      vertex 78.37788625114356 80.0317903714357 0.5
      vertex 78.25348458715631 80.09517618519666 0.5
    endloop
  endfacet
  facet normal 0.446197813109815 -0.894934361602022 0
    outer loop
      vertex 78.25348458715631 -80.09517618519666 -0.5
      vertex 78.31596199895819 -80.06402609675347 -0.5
      vertex 78.31596199895819 -80.06402609675347 0.4900000000000002
    endloop
  endfacet
  facet normal 0.446197813109815 -0.894934361602022 0
    outer loop
      vertex 78.25348458715631 -80.09517618519666 -0.5
      vertex 78.31596199895819 -80.06402609675347 0.4900000000000002
      vertex 78.25348458715631 -80.09517618519666 0.5
    endloop
  endfacet
  facet normal 0 0 -1
    outer loop
      vertex 78.25348458715631 -80.09517618519666 -0.5
      vertex 78.37788625114356 -80.0317903714357 -0.5
      vertex 78.31596199895819 -80.06402609675347 -0.5
    endloop
  endfacet
  facet normal 0.44619781310981493 -0.8949343616020219 0
    outer loop
      vertex 78.25348458715631 -80.09517618519666 0.5
      vertex 78.31596199895819 -80.06402609675347 0.4900000000000002
      vertex 78.31596199895819 -80.06402609675347 0.5
    endloop
  endfacet
  facet normal 0 0 1
    outer loop
      vertex 78.25348458715631 -80.09517618519666 0.5
      vertex 78.31596199895819 -80.06402609675347 0.5
      vertex 78.37788625114356 -80.0317903714357 0.5
    endloop
  endfacet
  facet normal 0 0 1
    outer loop
      vertex 78.25348458715631 -80.09517618519666 0.5
      vertex 78.37788625114356 -80.0317903714357 0.5
      vertex 78.43923848098535 -79.99847882855758 0.5
    endloop
  endfacet
  facet normal 0.446197813109815 0.894934361602022 0
    outer loop
      vertex 78.25348458715631 80.09517618519666 -0.5
      vertex 78.25348458715631 80.09517618519666 0.5
      vertex 78.31596199895819 80.06402609675347 -0.5
    endloop
  endfacet
  facet normal 0.446197813109815 0.894934361602022 0
    outer loop
      vertex 78.25348458715631 80.09517618519666 0.5
      vertex 78.31596199895819 80.06402609675347 0.5
      vertex 78.31596199895819 80.06402609675347 -0.5
    endloop
  endfacet
  facet normal 0 0 1
    outer loop
      vertex 78.25348458715631 80.09517618519666 0.5
      vertex 78.37788625114356 80.0317903714357 0.5
      vertex 78.31596199895819 80.06402609675347 0.5
    endloop
  endfacet
  facet normal 0.4617486132349977 -0.8870108331782407 0
    outer loop
      vertex 78.31596199895819 -80.06402609675347 -0.5
      vertex 78.37788625114356 -80.0317903714357 -0.5
      vertex 78.31596199895819 -80.06402609675347 0.4900000000000002
    endloop
  endfacet
  facet normal 0.4617486132349976 -0.8870108331782406 0
    outer loop
      vertex 78.31596199895819 -80.06402609675347 0.4900000000000002
      vertex 78.37788625114356 -80.0317903714357 -0.5
      vertex 78.37788625114356 -80.0317903714357 0.5
    endloop
  endfacet
  facet normal 0.46174861323499766 -0.8870108331782406 0
    outer loop
      vertex 78.31596199895819 -80.06402609675347 0.4900000000000002
      vertex 78.37788625114356 -80.0317903714357 0.5
      vertex 78.31596199895819 -80.06402609675347 0.5
    endloop
  endfacet
  facet normal 0.4617486132349976 0.8870108331782406 0
    outer loop
      vertex 78.31596199895819 80.06402609675347 -0.5
      vertex 78.31596199895819 80.06402609675347 0.5
      vertex 78.37788625114356 80.0317903714357 0.5
    endloop
  endfacet
  facet normal 0 0 -1
    outer loop
      vertex 78.31596199895819 80.06402609675347 -0.5
      vertex 78.37788625114356 80.0317903714357 -0.5
      vertex 78.43923848098535 79.99847882855758 -0.5
    endloop
  endfacet
  facet normal 0.4617486132349976 0.8870108331782406 0
    outer loop
      vertex 78.31596199895819 80.06402609675347 -0.5
      vertex 78.37788625114356 80.0317903714357 0.5
      vertex 78.37788625114356 80.0317903714357 -0.5
    endloop
  endfacet
  facet normal 0 0 -1
    outer loop
      vertex 78.31596199895819 80.06402609675347 -0.5
      vertex 78.43923848098535 79.99847882855758 -0.5
      vertex 78.5 79.96410161513775 -0.5
    endloop
  endfacet
  facet normal 0 0 -1
    outer loop
      vertex 78.31596199895819 80.06402609675347 -0.5
      vertex 78.5 79.96410161513775 -0.5
      vertex 78.67855614006011 79.8546822717817 -0.5
    endloop
  endfacet
  facet normal 0.47715876025958726 -0.8788171126619768 0
    outer loop
      vertex 78.37788625114356 -80.0317903714357 -0.5
      vertex 78.43923848098535 -79.99847882855758 -0.5
      vertex 78.43923848098535 -79.99847882855758 0.5
    endloop
  endfacet
  facet normal 0.47715876025958726 -0.8788171126619768 0
    outer loop
      vertex 78.37788625114356 -80.0317903714357 -0.5
      vertex 78.43923848098535 -79.99847882855758 0.5
      vertex 78.37788625114356 -80.0317903714357 0.5
    endloop
  endfacet
  facet normal 0 0 -1
    outer loop
      vertex 78.37788625114356 -80.0317903714357 -0.5
      vertex 78.5 -79.96410161513775 -0.5
      vertex 78.43923848098535 -79.99847882855758 -0.5
    endloop
  endfacet
  facet normal 0 0 -1
    outer loop
      vertex 78.37788625114356 -80.0317903714357 -0.5
      vertex 78.56015229964022 -79.92866920280845 -0.5
      vertex 78.5 -79.96410161513775 -0.5
    endloop
  endfacet
  facet normal 0 0 -1
    outer loop
      vertex 78.37788625114356 -80.0317903714357 -0.5
      vertex 78.67855614006011 -79.8546822717817 -0.5
      vertex 78.56015229964022 -79.92866920280845 -0.5
    endloop
  endfacet
  facet normal 0 0 -1
    outer loop
      vertex 78.37788625114356 -80.0317903714357 -0.5
      vertex 78.9072600926082 -79.69454204018918 -0.5
      vertex 78.67855614006011 -79.8546822717817 -0.5
    endloop
  endfacet
  facet normal 0 0 -1
    outer loop
      vertex 78.37788625114356 -80.0317903714357 -0.5
      vertex 79.32842712474618 -79.32842712474618 -0.5
      vertex 78.9072600926082 -79.69454204018918 -0.5
    endloop
  endfacet
  facet normal 0.47715876025958726 0.8788171126619768 0
    outer loop
      vertex 78.37788625114356 80.0317903714357 -0.5
      vertex 78.37788625114356 80.0317903714357 0.5
      vertex 78.43923848098535 79.99847882855758 -0.5
    endloop
  endfacet
  facet normal 0.47715876025958726 0.8788171126619768 0
    outer loop
      vertex 78.37788625114356 80.0317903714357 0.5
      vertex 78.43923848098535 79.99847882855758 0.5
      vertex 78.43923848098535 79.99847882855758 -0.5
    endloop
  endfacet
  facet normal 0 0 1
    outer loop
      vertex 78.37788625114356 80.0317903714357 0.5
      vertex 78.5 79.96410161513775 0.5
      vertex 78.43923848098535 79.99847882855758 0.5
    endloop
  endfacet
  facet normal 0 0 1
    outer loop
      vertex 78.37788625114356 80.0317903714357 0.5
      vertex 78.56015229964022 79.92866920280845 0.5
      vertex 78.5 79.96410161513775 0.5
    endloop
  endfacet
  facet normal 0 0 1
    outer loop
      vertex 78.37788625114356 80.0317903714357 0.5
      vertex 78.736771613883 79.81615029022016 0.5
      vertex 78.56015229964022 79.92866920280845 0.5
    endloop
  endfacet
  facet normal 0.4924235601035126 -0.8703556959398739 0
    outer loop
      vertex 78.43923848098535 -79.99847882855758 -0.5
      vertex 78.5 -79.96410161513775 -0.5
      vertex 78.43923848098535 -79.99847882855758 0.5
    endloop
  endfacet
  facet normal 0.4924235601035126 -0.8703556959398739 0
    outer loop
      vertex 78.43923848098535 -79.99847882855758 0.5
      vertex 78.5 -79.96410161513775 -0.5
      vertex 78.5 -79.96410161513775 0.5
    endloop
  endfacet
  facet normal 0 0 1
    outer loop
      vertex 78.43923848098535 -79.99847882855758 0.5
      vertex 78.5 -79.96410161513775 0.5
      vertex 78.56015229964022 -79.92866920280845 0.5
    endloop
  endfacet
  facet normal 0 0 1
    outer loop
      vertex 78.43923848098535 -79.99847882855758 0.5
      vertex 78.56015229964022 -79.92866920280845 0.5
      vertex 78.67855614006011 -79.8546822717817 0.5
    endloop
  endfacet
  facet normal 0.4924235601035126 0.8703556959398739 0
    outer loop
      vertex 78.43923848098535 79.99847882855758 -0.5
      vertex 78.43923848098535 79.99847882855758 0.5
      vertex 78.5 79.96410161513775 0.5
    endloop
  endfacet
  facet normal 0.4924235601035126 0.8703556959398739 0
    outer loop
      vertex 78.43923848098535 79.99847882855758 -0.5
      vertex 78.5 79.96410161513775 0.5
      vertex 78.5 79.96410161513775 -0.5
    endloop
  endfacet
  facet normal 0.5075383629606086 -0.861629160441582 0
    outer loop
      vertex 78.5 -79.96410161513775 -0.5
      vertex 78.56015229964022 -79.92866920280845 -0.5
      vertex 78.56015229964022 -79.92866920280845 0.5
    endloop
  endfacet
  facet normal 0.5075383629606086 -0.861629160441582 0
    outer loop
      vertex 78.5 -79.96410161513775 -0.5
      vertex 78.56015229964022 -79.92866920280845 0.5
      vertex 78.5 -79.96410161513775 0.5
    endloop
  endfacet
  facet normal 0.5075383629606086 0.861629160441582 0
    outer loop
      vertex 78.5 79.96410161513775 -0.5
      vertex 78.5 79.96410161513775 0.5
      vertex 78.56015229964022 79.92866920280845 0.5
    endloop
  endfacet
  facet normal 0 0 -1
    outer loop
      vertex 78.5 79.96410161513775 -0.5
      vertex 78.56015229964022 79.92866920280845 -0.5
      vertex 78.67855614006011 79.8546822717817 -0.5
    endloop
  endfacet
  facet normal 0.5075383629606086 0.861629160441582 0
    outer loop
      vertex 78.5 79.96410161513775 -0.5
      vertex 78.56015229964022 79.92866920280845 0.5
      vertex 78.56015229964022 79.92866920280845 -0.5
    endloop
  endfacet
  facet normal 0.5224985647160488 -0.8526401643540309 0
    outer loop
      vertex 78.56015229964022 -79.92866920280845 -0.5
      vertex 78.61967705693282 -79.8921923846257 -0.5
      vertex 78.56015229964022 -79.92866920280845 0.5
    endloop
  endfacet
  facet normal 0 0 -1
    outer loop
      vertex 78.56015229964022 -79.92866920280845 -0.5
      vertex 78.67855614006011 -79.8546822717817 -0.5
      vertex 78.61967705693282 -79.8921923846257 -0.5
    endloop
  endfacet
  facet normal 0.5224985647160488 -0.8526401643540309 0
    outer loop
      vertex 78.56015229964022 -79.92866920280845 0.5
      vertex 78.61967705693282 -79.8921923846257 -0.5
      vertex 78.61967705693282 -79.8921923846257 0.5
    endloop
  endfacet
  facet normal 0 0 1
    outer loop
      vertex 78.56015229964022 -79.92866920280845 0.5
      vertex 78.61967705693282 -79.8921923846257 0.5
      vertex 78.67855614006011 -79.8546822717817 0.5
    endloop
  endfacet
  facet normal 0.5224985647160488 0.8526401643540309 0
    outer loop
      vertex 78.56015229964022 79.92866920280845 -0.5
      vertex 78.56015229964022 79.92866920280845 0.5
      vertex 78.61967705693282 79.8921923846257 0.4900000000000002
    endloop
  endfacet
  facet normal 0 0 -1
    outer loop
      vertex 78.56015229964022 79.92866920280845 -0.5
      vertex 78.61967705693282 79.8921923846257 -0.5
      vertex 78.67855614006011 79.8546822717817 -0.5
    endloop
  endfacet
  facet normal 0.5224985647160489 0.852640164354031 0
    outer loop
      vertex 78.56015229964022 79.92866920280845 -0.5
      vertex 78.61967705693282 79.8921923846257 0.4900000000000002
      vertex 78.61967705693282 79.8921923846257 -0.5
    endloop
  endfacet
  facet normal 0.5224985647160489 0.852640164354031 0
    outer loop
      vertex 78.56015229964022 79.92866920280845 0.5
      vertex 78.61967705693282 79.8921923846257 0.5
      vertex 78.61967705693282 79.8921923846257 0.4900000000000002
    endloop
  endfacet
  facet normal 0 0 1
    outer loop
      vertex 78.56015229964022 79.92866920280845 0.5
      vertex 78.67855614006011 79.8546822717817 0.5
      vertex 78.61967705693282 79.8921923846257 0.5
    endloop
  endfacet
  facet normal 0 0 1
    outer loop
      vertex 78.56015229964022 79.92866920280845 0.5
      vertex 78.736771613883 79.81615029022016 0.5
      vertex 78.67855614006011 79.8546822717817 0.5
    endloop
  endfacet
  facet normal 0.5372996083467428 -0.8433914458129373 0
    outer loop
      vertex 78.61967705693282 -79.8921923846257 -0.5
      vertex 78.67855614006011 -79.8546822717817 -0.5
      vertex 78.67855614006011 -79.8546822717817 0.5
    endloop
  endfacet
  facet normal 0.5372996083467428 -0.8433914458129373 0
    outer loop
      vertex 78.61967705693282 -79.8921923846257 -0.5
      vertex 78.67855614006011 -79.8546822717817 0.5
      vertex 78.61967705693282 -79.8921923846257 0.5
    endloop
  endfacet
  facet normal 0.5372996083467428 0.8433914458129373 0
    outer loop
      vertex 78.61967705693282 79.8921923846257 -0.5
      vertex 78.61967705693282 79.8921923846257 0.4900000000000002
      vertex 78.67855614006011 79.8546822717817 -0.5
    endloop
  endfacet
  facet normal 0.5372996083467428 0.8433914458129373 0
    outer loop
      vertex 78.61967705693282 79.8921923846257 0.4900000000000002
      vertex 78.61967705693282 79.8921923846257 0.5
      vertex 78.67855614006011 79.8546822717817 0.5
    endloop
  endfacet
  facet normal 0.5372996083467428 0.8433914458129373 0
    outer loop
      vertex 78.61967705693282 79.8921923846257 0.4900000000000002
      vertex 78.67855614006011 79.8546822717817 0.5
      vertex 78.67855614006011 79.8546822717817 -0.5
    endloop
  endfacet
  facet normal 0 0 0
    outer loop
      vertex 78.67855614006011 -79.8546822717817 -0.5
      vertex 78.67855614006011 -79.8546822717817 0.4900000000000002
      vertex 78.67855614006011 -79.8546822717817 0.5
    endloop
  endfacet
  facet normal 0.5519369853120658 -0.833885822067163 0
    outer loop
      vertex 78.67855614006011 -79.8546822717817 -0.5
      vertex 78.736771613883 -79.81615029022016 -0.5
      vertex 78.67855614006011 -79.8546822717817 0.4900000000000002
    endloop
  endfacet
  facet normal 0 0 -1
    outer loop
      vertex 78.67855614006011 -79.8546822717817 -0.5
      vertex 78.9072600926082 -79.69454204018918 -0.5
      vertex 78.736771613883 -79.81615029022016 -0.5
    endloop
  endfacet
  facet normal 0.5519369853120659 -0.8338858220671631 0
    outer loop
      vertex 78.67855614006011 -79.8546822717817 0.4900000000000002
      vertex 78.736771613883 -79.81615029022016 -0.5
      vertex 78.67855614006011 -79.8546822717817 0.5
    endloop
  endfacet
  facet normal 0.5519369853120658 -0.833885822067163 0
    outer loop
      vertex 78.67855614006011 -79.8546822717817 0.5
      vertex 78.736771613883 -79.81615029022016 -0.5
      vertex 78.736771613883 -79.81615029022016 0.4900000000000002
    endloop
  endfacet
  facet normal 0.5519369853120659 -0.8338858220671631 0
    outer loop
      vertex 78.67855614006011 -79.8546822717817 0.5
      vertex 78.736771613883 -79.81615029022016 0.4900000000000002
      vertex 78.736771613883 -79.81615029022016 0.5
    endloop
  endfacet
  facet normal 0 0 1
    outer loop
      vertex 78.67855614006011 -79.8546822717817 0.5
      vertex 78.736771613883 -79.81615029022016 0.5
      vertex 78.79430574540419 -79.77660817715596 0.5
    endloop
  endfacet
  facet normal 0 0 1
    outer loop
      vertex 78.67855614006011 -79.8546822717817 0.5
      vertex 78.79430574540419 -79.77660817715596 0.5
      vertex 78.9072600926082 -79.69454204018918 0.5
    endloop
  endfacet
  facet normal 0 0 1
    outer loop
      vertex 78.67855614006011 -79.8546822717817 0.5
      vertex 78.9072600926082 -79.69454204018918 0.5
      vertex 79.01728156419935 -79.60858384582788 0.5
    endloop
  endfacet
  facet normal 0 0 1
    outer loop
      vertex 78.67855614006011 -79.8546822717817 0.5
      vertex 79.01728156419935 -79.60858384582788 0.5
      vertex 79.32842712474618 -79.32842712474618 0.5
    endloop
  endfacet
  facet normal 0.5519369853120659 0.833885822067163 0
    outer loop
      vertex 78.67855614006011 79.8546822717817 -0.5
      vertex 78.67855614006011 79.8546822717817 0.5
      vertex 78.736771613883 79.81615029022016 0.5
    endloop
  endfacet
  facet normal 0 0 -1
    outer loop
      vertex 78.67855614006011 79.8546822717817 -0.5
      vertex 78.736771613883 79.81615029022016 -0.5
      vertex 78.79430574540419 79.77660817715596 -0.5
    endloop
  endfacet
  facet normal 0.5519369853120658 0.833885822067163 0
    outer loop
      vertex 78.67855614006011 79.8546822717817 -0.5
      vertex 78.736771613883 79.81615029022016 0.4900000000000002
      vertex 78.736771613883 79.81615029022016 -0.5
    endloop
  endfacet
  facet normal 0.5519369853120676 0.833885822067162 0
    outer loop
      vertex 78.67855614006011 79.8546822717817 -0.5
      vertex 78.736771613883 79.81615029022016 0.5
      vertex 78.736771613883 79.81615029022016 0.4900000000000002
    endloop
  endfacet
  facet normal 0 0 -1
    outer loop
      vertex 78.67855614006011 79.8546822717817 -0.5
      vertex 78.79430574540419 79.77660817715596 -0.5
      vertex 78.8511410091699 79.73606797749979 -0.5
    endloop
  endfacet
  facet normal 0 0 -1
    outer loop
      vertex 78.67855614006011 79.8546822717817 -0.5
      vertex 78.8511410091699 79.73606797749979 -0.5
      vertex 79.01728156419935 79.60858384582788 -0.5
    endloop
  endfacet
  facet normal 0 0 -1
    outer loop
      vertex 78.67855614006011 79.8546822717817 -0.5
      vertex 79.01728156419935 79.60858384582788 -0.5
      vertex 79.32842712474618 79.32842712474618 -0.5
    endloop
  endfacet
  facet normal 0.566406236924861 -0.8241261886219964 0
    outer loop
      vertex 78.736771613883 -79.81615029022016 -0.5
      vertex 78.79430574540419 -79.77660817715596 -0.5
      vertex 78.79430574540419 -79.77660817715596 0.4900000000000002
    endloop
  endfacet
  facet normal 0.566406236924861 -0.8241261886219964 0
    outer loop
      vertex 78.736771613883 -79.81615029022016 -0.5
      vertex 78.79430574540419 -79.77660817715596 0.4900000000000002
      vertex 78.736771613883 -79.81615029022016 0.4900000000000002
    endloop
  endfacet
  facet normal 0 0 -1
    outer loop
      vertex 78.736771613883 -79.81615029022016 -0.5
      vertex 78.9072600926082 -79.69454204018918 -0.5
      vertex 78.79430574540419 -79.77660817715596 -0.5
    endloop
  endfacet
  facet normal 0.5664062369248609 -0.8241261886219964 0
    outer loop
      vertex 78.736771613883 -79.81615029022016 0.4900000000000002
      vertex 78.79430574540419 -79.77660817715596 0.4900000000000002
      vertex 78.79430574540419 -79.77660817715596 0.5
    endloop
  endfacet
  facet normal 0.5664062369248609 -0.8241261886219964 0
    outer loop
      vertex 78.736771613883 -79.81615029022016 0.4900000000000002
      vertex 78.79430574540419 -79.77660817715596 0.5
      vertex 78.736771613883 -79.81615029022016 0.5
    endloop
  endfacet
  facet normal 0.566406236924861 0.8241261886219964 0
    outer loop
      vertex 78.736771613883 79.81615029022016 -0.5
      vertex 78.736771613883 79.81615029022016 0.4900000000000002
      vertex 78.79430574540419 79.77660817715596 -0.5
    endloop
  endfacet
  facet normal 0.5664062369248609 0.8241261886219964 0
    outer loop
      vertex 78.736771613883 79.81615029022016 0.4900000000000002
      vertex 78.736771613883 79.81615029022016 0.5
      vertex 78.79430574540419 79.77660817715596 0.4900000000000002
    endloop
  endfacet
  facet normal 0.566406236924861 0.8241261886219964 0
    outer loop
      vertex 78.736771613883 79.81615029022016 0.4900000000000002
      vertex 78.79430574540419 79.77660817715596 0.4900000000000002
      vertex 78.79430574540419 79.77660817715596 -0.5
    endloop
  endfacet
  facet normal 0.5664062369248609 0.8241261886219964 0
    outer loop
      vertex 78.736771613883 79.81615029022016 0.5
      vertex 78.79430574540419 79.77660817715596 0.5
      vertex 78.79430574540419 79.77660817715596 0.4900000000000002
    endloop
  endfacet
  facet normal 0 0 1
    outer loop
      vertex 78.736771613883 79.81615029022016 0.5
      vertex 78.9072600926082 79.69454204018918 0.5
      vertex 78.79430574540419 79.77660817715596 0.5
    endloop
  endfacet
  facet normal 0 0 1
    outer loop
      vertex 78.736771613883 79.81615029022016 0.5
      vertex 79.07115043874616 79.56417777247592 0.5
      vertex 78.9072600926082 79.69454204018918 0.5
    endloop
  endfacet
  facet normal 0 0 1
    outer loop
      vertex 78.736771613883 79.81615029022016 0.5
      vertex 79.32842712474618 79.32842712474618 0.5
      vertex 79.07115043874616 79.56417777247592 0.5
    endloop
  endfacet
  facet normal 0.5807029557109599 -0.8141155183563049 0
    outer loop
      vertex 78.79430574540419 -79.77660817715596 -0.5
      vertex 78.8511410091699 -79.73606797749979 -0.5
      vertex 78.8511410091699 -79.73606797749979 0.4900000000000002
    endloop
  endfacet
  facet normal 0.5807029557109599 -0.8141155183563049 0
    outer loop
      vertex 78.79430574540419 -79.77660817715596 -0.5
      vertex 78.8511410091699 -79.73606797749979 0.4900000000000002
      vertex 78.79430574540419 -79.77660817715596 0.4900000000000002
    endloop
  endfacet
  facet normal 0 0 -1
    outer loop
      vertex 78.79430574540419 -79.77660817715596 -0.5
      vertex 78.9072600926082 -79.69454204018918 -0.5
      vertex 78.8511410091699 -79.73606797749979 -0.5
    endloop
  endfacet
  facet normal 0.5807029557109598 -0.8141155183563049 0
    outer loop
      vertex 78.79430574540419 -79.77660817715596 0.4900000000000002
      vertex 78.8511410091699 -79.73606797749979 0.4900000000000002
      vertex 78.79430574540419 -79.77660817715596 0.5
    endloop
  endfacet
  facet normal 0.5807029557109598 -0.8141155183563049 0
    outer loop
      vertex 78.79430574540419 -79.77660817715596 0.5
      vertex 78.8511410091699 -79.73606797749979 0.4900000000000002
      vertex 78.8511410091699 -79.73606797749979 0.5
    endloop
  endfacet
  facet normal 0 0 1
    outer loop
      vertex 78.79430574540419 -79.77660817715596 0.5
      vertex 78.8511410091699 -79.73606797749979 0.5
      vertex 78.9072600926082 -79.69454204018918 0.5
    endloop
  endfacet
  facet normal 0.5807029557109599 0.8141155183563049 0
    outer loop
      vertex 78.79430574540419 79.77660817715596 -0.5
      vertex 78.79430574540419 79.77660817715596 0.4900000000000002
      vertex 78.8511410091699 79.73606797749979 0.5
    endloop
  endfacet
  facet normal 0.5807029557109599 0.814115518356305 0
    outer loop
      vertex 78.79430574540419 79.77660817715596 -0.5
      vertex 78.8511410091699 79.73606797749979 0.5
      vertex 78.8511410091699 79.73606797749979 -0.5
    endloop
  endfacet
  facet normal 0.5807029557109598 0.8141155183563049 0
    outer loop
      vertex 78.79430574540419 79.77660817715596 0.4900000000000002
      vertex 78.79430574540419 79.77660817715596 0.5
      vertex 78.8511410091699 79.73606797749979 0.5
    endloop
  endfacet
  facet normal 0 0 1
    outer loop
      vertex 78.79430574540419 79.77660817715596 0.5
      vertex 78.9072600926082 79.69454204018918 0.5
      vertex 78.8511410091699 79.73606797749979 0.5
    endloop
  endfacet
  facet normal 0.5948227867512369 -0.8038568606172946 0
    outer loop
      vertex 78.8511410091699 -79.73606797749979 -0.5
      vertex 78.9072600926082 -79.69454204018918 -0.5
      vertex 78.8511410091699 -79.73606797749979 0.4900000000000002
    endloop
  endfacet
  facet normal 0.594822786751237 -0.8038568606172946 0
    outer loop
      vertex 78.8511410091699 -79.73606797749979 0.4900000000000002
      vertex 78.9072600926082 -79.69454204018918 -0.5
      vertex 78.9072600926082 -79.69454204018918 0.5
    endloop
  endfacet
  facet normal 0.594822786751237 -0.8038568606172947 0
    outer loop
      vertex 78.8511410091699 -79.73606797749979 0.4900000000000002
      vertex 78.9072600926082 -79.69454204018918 0.5
      vertex 78.8511410091699 -79.73606797749979 0.5
    endloop
  endfacet
  facet normal 0.594822786751237 0.8038568606172946 0
    outer loop
      vertex 78.8511410091699 79.73606797749979 -0.5
      vertex 78.8511410091699 79.73606797749979 0.5
      vertex 78.9072600926082 79.69454204018918 -0.5
    endloop
  endfacet
  facet normal 0 0 -1
    outer loop
      vertex 78.8511410091699 79.73606797749979 -0.5
      vertex 78.9072600926082 79.69454204018918 -0.5
      vertex 79.01728156419935 79.60858384582788 -0.5
    endloop
  endfacet
  facet normal 0.594822786751237 0.8038568606172946 0
    outer loop
      vertex 78.8511410091699 79.73606797749979 0.5
      vertex 78.9072600926082 79.69454204018918 0.5
      vertex 78.9072600926082 79.69454204018918 -0.5
    endloop
  endfacet
  facet normal 0.6087614290087185 -0.7933533402912369 0
    outer loop
      vertex 78.9072600926082 -79.69454204018918 -0.5
      vertex 78.96264590130264 -79.6520430144269 -0.5
      vertex 78.9072600926082 -79.69454204018918 0.5
    endloop
  endfacet
  facet normal 0 0 -1
    outer loop
      vertex 78.9072600926082 -79.69454204018918 -0.5
      vertex 79.07115043874616 -79.56417777247592 -0.5
      vertex 78.96264590130264 -79.6520430144269 -0.5
    endloop
  endfacet
  facet normal 0 0 -1
    outer loop
      vertex 78.9072600926082 -79.69454204018918 -0.5
      vertex 79.12423611596203 -79.51883832089109 -0.5
      vertex 79.07115043874616 -79.56417777247592 -0.5
    endloop
  endfacet
  facet normal 0 0 -1
    outer loop
      vertex 78.9072600926082 -79.69454204018918 -0.5
      vertex 79.32842712474618 -79.32842712474618 -0.5
      vertex 79.12423611596203 -79.51883832089109 -0.5
    endloop
  endfacet
  facet normal 0.6087614290087185 -0.7933533402912369 0
    outer loop
      vertex 78.9072600926082 -79.69454204018918 0.5
      vertex 78.96264590130264 -79.6520430144269 -0.5
      vertex 78.96264590130264 -79.6520430144269 0.5
    endloop
  endfacet
  facet normal 0 0 1
    outer loop
      vertex 78.9072600926082 -79.69454204018918 0.5
      vertex 78.96264590130264 -79.6520430144269 0.5
      vertex 79.01728156419935 -79.60858384582788 0.5
    endloop
  endfacet
  facet normal 0.6087614290087185 0.7933533402912369 0
    outer loop
      vertex 78.9072600926082 79.69454204018918 -0.5
      vertex 78.9072600926082 79.69454204018918 0.5
      vertex 78.96264590130264 79.6520430144269 0.4900000000000002
    endloop
  endfacet
  facet normal 0 0 -1
    outer loop
      vertex 78.9072600926082 79.69454204018918 -0.5
      vertex 78.96264590130264 79.6520430144269 -0.5
      vertex 79.01728156419935 79.60858384582788 -0.5
    endloop
  endfacet
  facet normal 0.6087614290087184 0.7933533402912367 0
    outer loop
      vertex 78.9072600926082 79.69454204018918 -0.5
      vertex 78.96264590130264 79.6520430144269 0.4900000000000002
      vertex 78.96264590130264 79.6520430144269 -0.5
    endloop
  endfacet
  facet normal 0.6087614290087185 0.7933533402912368 0
    outer loop
      vertex 78.9072600926082 79.69454204018918 0.5
      vertex 78.96264590130264 79.6520430144269 0.5
      vertex 78.96264590130264 79.6520430144269 0.4900000000000002
    endloop
  endfacet
  facet normal 0 0 1
    outer loop
      vertex 78.9072600926082 79.69454204018918 0.5
      vertex 79.07115043874616 79.56417777247592 0.5
      vertex 78.96264590130264 79.6520430144269 0.5
    endloop
  endfacet
  facet normal 0.622514636637721 -0.7826081568523333 0
    outer loop
      vertex 78.96264590130264 -79.6520430144269 -0.5
      vertex 79.01728156419935 -79.60858384582788 -0.5
      vertex 79.01728156419935 -79.60858384582788 0.4900000000000002
    endloop
  endfacet
  facet normal 0.6225146366377201 -0.7826081568523339 0
    outer loop
      vertex 78.96264590130264 -79.6520430144269 -0.5
      vertex 79.01728156419935 -79.60858384582788 0.4900000000000002
      vertex 79.01728156419935 -79.60858384582788 0.5
    endloop
  endfacet
  facet normal 0.622514636637721 -0.7826081568523332 0
    outer loop
      vertex 78.96264590130264 -79.6520430144269 -0.5
      vertex 79.01728156419935 -79.60858384582788 0.5
      vertex 78.96264590130264 -79.6520430144269 0.5
    endloop
  endfacet
  facet normal 0 0 -1
    outer loop
      vertex 78.96264590130264 -79.6520430144269 -0.5
      vertex 79.07115043874616 -79.56417777247592 -0.5
      vertex 79.01728156419935 -79.60858384582788 -0.5
    endloop
  endfacet
  facet normal 0.622514636637721 0.7826081568523333 0
    outer loop
      vertex 78.96264590130264 79.6520430144269 -0.5
      vertex 78.96264590130264 79.6520430144269 0.4900000000000002
      vertex 79.01728156419935 79.60858384582788 -0.5
    endloop
  endfacet
  facet normal 0.622514636637721 0.7826081568523332 0
    outer loop
      vertex 78.96264590130264 79.6520430144269 0.4900000000000002
      vertex 78.96264590130264 79.6520430144269 0.5
      vertex 79.01728156419935 79.60858384582788 -0.5
    endloop
  endfacet
  facet normal 0.622514636637721 0.7826081568523333 0
    outer loop
      vertex 78.96264590130264 79.6520430144269 0.5
      vertex 79.01728156419935 79.60858384582788 0.4900000000000002
      vertex 79.01728156419935 79.60858384582788 -0.5
    endloop
  endfacet
  facet normal 0.622514636637721 0.7826081568523332 0
    outer loop
      vertex 78.96264590130264 79.6520430144269 0.5
      vertex 79.01728156419935 79.60858384582788 0.5
      vertex 79.01728156419935 79.60858384582788 0.4900000000000002
    endloop
  endfacet
  facet normal 0 0 1
    outer loop
      vertex 78.96264590130264 79.6520430144269 0.5
      vertex 79.07115043874616 79.56417777247592 0.5
      vertex 79.01728156419935 79.60858384582788 0.5
    endloop
  endfacet
  facet normal 0.6360782202777059 -0.7716245833877678 0
    outer loop
      vertex 79.01728156419935 -79.60858384582788 -0.5
      vertex 79.07115043874616 -79.56417777247592 -0.5
      vertex 79.01728156419935 -79.60858384582788 0.4900000000000002
    endloop
  endfacet
  facet normal 0.6360782202777059 -0.7716245833877678 0
    outer loop
      vertex 79.01728156419935 -79.60858384582788 0.4900000000000002
      vertex 79.07115043874616 -79.56417777247592 -0.5
      vertex 79.01728156419935 -79.60858384582788 0.5
    endloop
  endfacet
  facet normal 0.6360782202777058 -0.7716245833877678 0
    outer loop
      vertex 79.01728156419935 -79.60858384582788 0.5
      vertex 79.07115043874616 -79.56417777247592 -0.5
      vertex 79.07115043874616 -79.56417777247592 0.5
    endloop
  endfacet
  facet normal 0 0 1
    outer loop
      vertex 79.01728156419935 -79.60858384582788 0.5
      vertex 79.07115043874616 -79.56417777247592 0.5
      vertex 79.17652242543544 -79.47257930190958 0.5
    endloop
  endfacet
  facet normal 0 0 1
    outer loop
      vertex 79.01728156419935 -79.60858384582788 0.5
      vertex 79.17652242543544 -79.47257930190958 0.5
      vertex 79.32842712474618 -79.32842712474618 0.5
    endloop
  endfacet
  facet normal 0.6360782202777059 0.7716245833877678 0
    outer loop
      vertex 79.01728156419935 79.60858384582788 -0.5
      vertex 79.01728156419935 79.60858384582788 0.4900000000000002
      vertex 79.07115043874616 79.56417777247592 0.5
    endloop
  endfacet
  facet normal 0 0 -1
    outer loop
      vertex 79.01728156419935 79.60858384582788 -0.5
      vertex 79.07115043874616 79.56417777247592 -0.5
      vertex 79.12423611596203 79.51883832089109 -0.5
    endloop
  endfacet
  facet normal 0.6360782202777058 0.7716245833877678 0
    outer loop
      vertex 79.01728156419935 79.60858384582788 -0.5
      vertex 79.07115043874616 79.56417777247592 0.5
      vertex 79.07115043874616 79.56417777247592 -0.5
    endloop
  endfacet
  facet normal 0 0 -1
    outer loop
      vertex 79.01728156419935 79.60858384582788 -0.5
      vertex 79.12423611596203 79.51883832089109 -0.5
      vertex 79.17652242543544 79.47257930190958 -0.5
    endloop
  endfacet
  facet normal 0 0 -1
    outer loop
      vertex 79.01728156419935 79.60858384582788 -0.5
      vertex 79.17652242543544 79.47257930190958 -0.5
      vertex 79.32842712474618 79.32842712474618 -0.5
    endloop
  endfacet
  facet normal 0.6360782202777059 0.7716245833877678 0
    outer loop
      vertex 79.01728156419935 79.60858384582788 0.4900000000000002
      vertex 79.01728156419935 79.60858384582788 0.5
      vertex 79.07115043874616 79.56417777247592 0.5
    endloop
  endfacet
  facet normal 0.649448048330148 -0.7604059656000612 0
    outer loop
      vertex 79.07115043874616 -79.56417777247592 -0.5
      vertex 79.12423611596203 -79.51883832089109 -0.5
      vertex 79.07115043874616 -79.56417777247592 0.5
    endloop
  endfacet
  facet normal 0.649448048330148 -0.7604059656000612 0
    outer loop
      vertex 79.07115043874616 -79.56417777247592 0.5
      vertex 79.12423611596203 -79.51883832089109 -0.5
      vertex 79.12423611596203 -79.51883832089109 0.5
    endloop
  endfacet
  facet normal 0 0 1
    outer loop
      vertex 79.07115043874616 -79.56417777247592 0.5
      vertex 79.12423611596203 -79.51883832089109 0.5
      vertex 79.17652242543544 -79.47257930190958 0.5
    endloop
  endfacet
  facet normal 0.649448048330148 0.7604059656000612 0
    outer loop
      vertex 79.07115043874616 79.56417777247592 -0.5
      vertex 79.07115043874616 79.56417777247592 0.5
      vertex 79.12423611596203 79.51883832089109 -0.5
    endloop
  endfacet
  facet normal 0.649448048330148 0.7604059656000612 0
    outer loop
      vertex 79.07115043874616 79.56417777247592 0.5
      vertex 79.12423611596203 79.51883832089109 0.5
      vertex 79.12423611596203 79.51883832089109 -0.5
    endloop
  endfacet
  facet normal 0 0 1
    outer loop
      vertex 79.07115043874616 79.56417777247592 0.5
      vertex 79.17652242543544 79.47257930190958 0.5
      vertex 79.12423611596203 79.51883832089109 0.5
    endloop
  endfacet
  facet normal 0 0 1
    outer loop
      vertex 79.07115043874616 79.56417777247592 0.5
      vertex 79.32842712474618 79.32842712474618 0.5
      vertex 79.17652242543544 79.47257930190958 0.5
    endloop
  endfacet
  facet normal 0.6626200482157887 -0.7489557207889568 0
    outer loop
      vertex 79.12423611596203 -79.51883832089109 -0.5
      vertex 79.17652242543544 -79.47257930190958 -0.5
      vertex 79.17652242543544 -79.47257930190958 0.4900000000000002
    endloop
  endfacet
  facet normal 0.6626200482157869 -0.7489557207889586 0
    outer loop
      vertex 79.12423611596203 -79.51883832089109 -0.5
      vertex 79.17652242543544 -79.47257930190958 0.4900000000000002
      vertex 79.17652242543544 -79.47257930190958 0.5
    endloop
  endfacet
  facet normal 0.6626200482157887 -0.7489557207889569 0
    outer loop
      vertex 79.12423611596203 -79.51883832089109 -0.5
      vertex 79.17652242543544 -79.47257930190958 0.5
      vertex 79.12423611596203 -79.51883832089109 0.5
    endloop
  endfacet
  facet normal 0 0 -1
    outer loop
      vertex 79.12423611596203 -79.51883832089109 -0.5
      vertex 79.22799344024999 -79.42541480647668 -0.5
      vertex 79.17652242543544 -79.47257930190958 -0.5
    endloop
  endfacet
  facet normal 0 0 -1
    outer loop
      vertex 79.12423611596203 -79.51883832089109 -0.5
      vertex 79.32842712474618 -79.32842712474618 -0.5
      vertex 79.22799344024999 -79.42541480647668 -0.5
    endloop
  endfacet
  facet normal 0.6626200482157887 0.7489557207889569 0
    outer loop
      vertex 79.12423611596203 79.51883832089109 -0.5
      vertex 79.12423611596203 79.51883832089109 0.5
      vertex 79.17652242543544 79.47257930190958 0.5
    endloop
  endfacet
  facet normal 0.6626200482157887 0.7489557207889569 0
    outer loop
      vertex 79.12423611596203 79.51883832089109 -0.5
      vertex 79.17652242543544 79.47257930190958 0.5
      vertex 79.17652242543544 79.47257930190958 -0.5
    endloop
  endfacet
  facet normal 0.6755902076157229 -0.7372773368100668 0
    outer loop
      vertex 79.17652242543544 -79.47257930190958 -0.5
      vertex 79.22799344024999 -79.42541480647668 -0.5
      vertex 79.17652242543544 -79.47257930190958 0.4900000000000002
    endloop
  endfacet
  facet normal 0.6755902076157229 -0.7372773368100668 0
    outer loop
      vertex 79.17652242543544 -79.47257930190958 0.4900000000000002
      vertex 79.22799344024999 -79.42541480647668 -0.5
      vertex 79.22799344024999 -79.42541480647668 0.4900000000000002
    endloop
  endfacet
  facet normal 0.6755902076157229 -0.7372773368100668 0
    outer loop
      vertex 79.17652242543544 -79.47257930190958 0.4900000000000002
      vertex 79.22799344024999 -79.42541480647668 0.4900000000000002
      vertex 79.17652242543544 -79.47257930190958 0.5
    endloop
  endfacet
  facet normal 0.6755902076157229 -0.7372773368100668 0
    outer loop
      vertex 79.17652242543544 -79.47257930190958 0.5
      vertex 79.22799344024999 -79.42541480647668 0.4900000000000002
      vertex 79.22799344024999 -79.42541480647668 0.5
    endloop
  endfacet
  facet normal 0 0 1
    outer loop
      vertex 79.17652242543544 -79.47257930190958 0.5
      vertex 79.22799344024999 -79.42541480647668 0.5
      vertex 79.27863348183598 -79.37735920135461 0.5
    endloop
  endfacet
  facet normal 0 0 1
    outer loop
      vertex 79.17652242543544 -79.47257930190958 0.5
      vertex 79.27863348183598 -79.37735920135461 0.5
      vertex 79.32842712474618 -79.32842712474618 0.5
    endloop
  endfacet
  facet normal 0.6755902076157229 0.7372773368100667 0
    outer loop
      vertex 79.17652242543544 79.47257930190958 -0.5
      vertex 79.17652242543544 79.47257930190958 0.5
      vertex 79.22799344024999 79.42541480647668 0.5
    endloop
  endfacet
  facet normal 0 0 -1
    outer loop
      vertex 79.17652242543544 79.47257930190958 -0.5
      vertex 79.22799344024999 79.42541480647668 -0.5
      vertex 79.32842712474618 79.32842712474618 -0.5
    endloop
  endfacet
  facet normal 0.6755902076157229 0.7372773368100667 0
    outer loop
      vertex 79.17652242543544 79.47257930190958 -0.5
      vertex 79.22799344024999 79.42541480647668 0.5
      vertex 79.22799344024999 79.42541480647668 -0.5
    endloop
  endfacet
  facet normal 0 0 1
    outer loop
      vertex 79.17652242543544 79.47257930190958 0.5
      vertex 79.32842712474618 79.32842712474618 0.5
      vertex 79.22799344024999 79.42541480647668 0.5
    endloop
  endfacet
  facet normal 0.6883545756937376 -0.7253743710123031 0
    outer loop
      vertex 79.22799344024999 -79.42541480647668 -0.5
      vertex 79.27863348183598 -79.37735920135461 -0.5
      vertex 79.27863348183598 -79.37735920135461 0.4900000000000002
    endloop
  endfacet
  facet normal 0.6883545756937376 -0.7253743710123031 0
    outer loop
      vertex 79.22799344024999 -79.42541480647668 -0.5
      vertex 79.27863348183598 -79.37735920135461 0.4900000000000002
      vertex 79.22799344024999 -79.42541480647668 0.4900000000000002
    endloop
  endfacet
  facet normal 0 0 -1
    outer loop
      vertex 79.22799344024999 -79.42541480647668 -0.5
      vertex 79.32842712474618 -79.32842712474618 -0.5
      vertex 79.27863348183598 -79.37735920135461 -0.5
    endloop
  endfacet
  facet normal 0.6883545756937377 -0.7253743710123031 0
    outer loop
      vertex 79.22799344024999 -79.42541480647668 0.4900000000000002
      vertex 79.27863348183598 -79.37735920135461 0.4900000000000002
      vertex 79.27863348183598 -79.37735920135461 0.5
    endloop
  endfacet
  facet normal 0.6883545756937377 -0.7253743710123031 0
    outer loop
      vertex 79.22799344024999 -79.42541480647668 0.4900000000000002
      vertex 79.27863348183598 -79.37735920135461 0.5
      vertex 79.22799344024999 -79.42541480647668 0.5
    endloop
  endfacet
  facet normal 0.6883545756937377 0.7253743710123031 0
    outer loop
      vertex 79.22799344024999 79.42541480647668 -0.5
      vertex 79.22799344024999 79.42541480647668 0.5
      vertex 79.27863348183598 79.37735920135461 0.5
    endloop
  endfacet
  facet normal 0 0 -1
    outer loop
      vertex 79.22799344024999 79.42541480647668 -0.5
      vertex 79.27863348183598 79.37735920135461 -0.5
      vertex 79.32842712474618 79.32842712474618 -0.5
    endloop
  endfacet
  facet normal 0.6883545756937377 0.7253743710123031 0
    outer loop
      vertex 79.22799344024999 79.42541480647668 -0.5
      vertex 79.27863348183598 79.37735920135461 0.5
      vertex 79.27863348183598 79.37735920135461 -0.5
    endloop
  endfacet
  facet normal 0 0 1
    outer loop
      vertex 79.22799344024999 79.42541480647668 0.5
      vertex 79.32842712474618 79.32842712474618 0.5
      vertex 79.27863348183598 79.37735920135461 0.5
    endloop
  endfacet
  facet normal 0.7009092642999039 -0.7132504491541295 0
    outer loop
      vertex 79.27863348183598 -79.37735920135461 -0.5
      vertex 79.32842712474618 -79.32842712474618 -0.5
      vertex 79.27863348183598 -79.37735920135461 0.4900000000000002
    endloop
  endfacet
  facet normal 0.700909264299904 -0.7132504491541296 0
    outer loop
      vertex 79.27863348183598 -79.37735920135461 0.4900000000000002
      vertex 79.32842712474618 -79.32842712474618 -0.5
      vertex 79.32842712474618 -79.32842712474618 0.5
    endloop
  endfacet
  facet normal 0.7009092642999039 -0.7132504491541295 0
    outer loop
      vertex 79.27863348183598 -79.37735920135461 0.4900000000000002
      vertex 79.32842712474618 -79.32842712474618 0.5
      vertex 79.27863348183598 -79.37735920135461 0.5
    endloop
  endfacet
  facet normal 0.700909264299904 0.7132504491541296 0
    outer loop
      vertex 79.27863348183598 79.37735920135461 -0.5
      vertex 79.27863348183598 79.37735920135461 0.5
      vertex 79.32842712474618 79.32842712474618 -0.5
    endloop
  endfacet
  facet normal 0.700909264299904 0.7132504491541296 0
    outer loop
      vertex 79.27863348183598 79.37735920135461 0.5
      vertex 79.32842712474618 79.32842712474618 0.5
      vertex 79.32842712474618 79.32842712474618 -0.5
    endloop
  endfacet
  facet normal 0.7132504491541295 -0.7009092642999039 0
    outer loop
      vertex 79.32842712474618 -79.32842712474618 -0.5
      vertex 79.37735920135461 -79.27863348183598 -0.5
      vertex 79.37735920135461 -79.27863348183598 0.4900000000000002
    endloop
  endfacet
  facet normal 0.7132504491541296 -0.700909264299904 0
    outer loop
      vertex 79.32842712474618 -79.32842712474618 -0.5
      vertex 79.37735920135461 -79.27863348183598 0.4900000000000002
      vertex 79.32842712474618 -79.32842712474618 0.5
    endloop
  endfacet
  facet normal 0 0 -1
    outer loop
      vertex 79.32842712474618 -79.32842712474618 -0.5
      vertex 79.42541480647668 -79.22799344024999 -0.5
      vertex 79.37735920135461 -79.27863348183598 -0.5
    endloop
  endfacet
  facet normal 0 0 -1
    outer loop
      vertex 79.32842712474618 -79.32842712474618 -0.5
      vertex 79.47257930190958 -79.17652242543544 -0.5
      vertex 79.42541480647668 -79.22799344024999 -0.5
    endloop
  endfacet
  facet normal 0 0 -1
    outer loop
      vertex 79.32842712474618 -79.32842712474618 -0.5
      vertex 79.56417777247592 -79.07115043874616 -0.5
      vertex 79.47257930190958 -79.17652242543544 -0.5
    endloop
  endfacet
  facet normal 0 0 -1
    outer loop
      vertex 79.32842712474618 -79.32842712474618 -0.5
      vertex 79.81615029022016 -78.736771613883 -0.5
      vertex 79.56417777247592 -79.07115043874616 -0.5
    endloop
  endfacet
  facet normal 0 0 -1
    outer loop
      vertex 79.32842712474618 -79.32842712474618 -0.5
      vertex 80.20873541826715 -77.99842637366365 -0.5
      vertex 79.81615029022016 -78.736771613883 -0.5
    endloop
  endfacet
  facet normal 0 0 -1
    outer loop
      vertex 79.32842712474618 -79.32842712474618 -0.5
      vertex 80.5 -76.5 -0.5
      vertex 80.20873541826715 -77.99842637366365 -0.5
    endloop
  endfacet
  facet normal 0.7132504491541295 -0.7009092642999039 0
    outer loop
      vertex 79.32842712474618 -79.32842712474618 0.5
      vertex 79.37735920135461 -79.27863348183598 0.4900000000000002
      vertex 79.37735920135461 -79.27863348183598 0.5
    endloop
  endfacet
  facet normal 0 0 1
    outer loop
      vertex 79.32842712474618 -79.32842712474618 0.5
      vertex 79.37735920135461 -79.27863348183598 0.5
      vertex 79.42541480647668 -79.22799344024999 0.5
    endloop
  endfacet
  facet normal 0 0 1
    outer loop
      vertex 79.32842712474618 -79.32842712474618 0.5
      vertex 79.42541480647668 -79.22799344024999 0.5
      vertex 79.56417777247592 -79.07115043874616 0.5
    endloop
  endfacet
  facet normal 0 0 1
    outer loop
      vertex 79.32842712474618 -79.32842712474618 0.5
      vertex 79.56417777247592 -79.07115043874616 0.5
      vertex 79.81615029022016 -78.736771613883 0.5
    endloop
  endfacet
  facet normal 0 0 1
    outer loop
      vertex 79.32842712474618 -79.32842712474618 0.5
      vertex 79.81615029022016 -78.736771613883 0.5
      vertex 80.20873541826715 -77.99842637366365 0.5
    endloop
  endfacet
  facet normal 0 0 1
    outer loop
      vertex 79.32842712474618 -79.32842712474618 0.5
      vertex 80.20873541826715 -77.99842637366365 0.5
      vertex 80.5 -76.5 0.5
    endloop
  endfacet
  facet normal 0 0 1
    outer loop
      vertex 79.32842712474618 -79.32842712474618 0.5
      vertex 80.5 -76.5 0.5
      vertex 79.32842712474618 79.32842712474618 0.5
    endloop
  endfacet
  facet normal 0.7132504491541296 0.700909264299904 0
    outer loop
      vertex 79.32842712474618 79.32842712474618 -0.5
      vertex 79.32842712474618 79.32842712474618 0.5
      vertex 79.37735920135461 79.27863348183598 -0.5
    endloop
  endfacet
  facet normal 0 0 -1
    outer loop
      vertex 79.32842712474618 79.32842712474618 -0.5
      vertex 79.37735920135461 79.27863348183598 -0.5
      vertex 79.42541480647668 79.22799344024999 -0.5
    endloop
  endfacet
  facet normal 0 0 -1
    outer loop
      vertex 79.32842712474618 79.32842712474618 -0.5
      vertex 79.42541480647668 79.22799344024999 -0.5
      vertex 79.47257930190958 79.17652242543544 -0.5
    endloop
  endfacet
  facet normal 0 0 -1
    outer loop
      vertex 79.32842712474618 79.32842712474618 -0.5
      vertex 79.47257930190958 79.17652242543544 -0.5
      vertex 79.60858384582788 79.01728156419935 -0.5
    endloop
  endfacet
  facet normal 0 0 -1
    outer loop
      vertex 79.32842712474618 79.32842712474618 -0.5
      vertex 79.60858384582788 79.01728156419935 -0.5
      vertex 79.8546822717817 78.67855614006011 -0.5
    endloop
  endfacet
  facet normal 0 0 -1
    outer loop
      vertex 79.32842712474618 79.32842712474618 -0.5
      vertex 79.8546822717817 78.67855614006011 -0.5
      vertex 80.20873541826715 77.99842637366365 -0.5
    endloop
  endfacet
  facet normal 0 0 -1
    outer loop
      vertex 79.32842712474618 79.32842712474618 -0.5
      vertex 80.20873541826715 77.99842637366365 -0.5
      vertex 80.5 76.5 -0.5
    endloop
  endfacet
  facet normal 0 0 -1
    outer loop
      vertex 79.32842712474618 79.32842712474618 -0.5
      vertex 80.5 76.5 -0.5
      vertex 80.5 -76.5 -0.5
    endloop
  endfacet
  facet normal 0.7132504491541296 0.700909264299904 0
    outer loop
      vertex 79.32842712474618 79.32842712474618 0.5
      vertex 79.37735920135461 79.27863348183598 0.5
      vertex 79.37735920135461 79.27863348183598 -0.5
    endloop
  endfacet
  facet normal 0 0 1
    outer loop
      vertex 79.32842712474618 79.32842712474618 0.5
      vertex 79.42541480647668 79.22799344024999 0.5
      vertex 79.37735920135461 79.27863348183598 0.5
    endloop
  endfacet
  facet normal 0 0 1
    outer loop
      vertex 79.32842712474618 79.32842712474618 0.5
      vertex 79.56417777247592 79.07115043874616 0.5
      vertex 79.42541480647668 79.22799344024999 0.5
    endloop
  endfacet
  facet normal 0 0 1
    outer loop
      vertex 79.32842712474618 79.32842712474618 0.5
      vertex 80.06402609675347 78.31596199895819 0.5
      vertex 79.56417777247592 79.07115043874616 0.5
    endloop
  endfacet
  facet normal 0 0 1
    outer loop
      vertex 79.32842712474618 79.32842712474618 0.5
      vertex 80.42650873379066 77.26323598150618 0.5
      vertex 80.06402609675347 78.31596199895819 0.5
    endloop
  endfacet
  facet normal 0 0 1
    outer loop
      vertex 79.32842712474618 79.32842712474618 0.5
      vertex 80.5 -76.5 0.5
      vertex 80.5 76.5 0.5
    endloop
  endfacet
  facet normal 0 0 1
    outer loop
      vertex 79.32842712474618 79.32842712474618 0.5
      vertex 80.5 76.5 0.5
      vertex 80.42650873379066 77.26323598150618 0.5
    endloop
  endfacet
  facet normal 0.7253743710123031 -0.6883545756937376 0
    outer loop
      vertex 79.37735920135461 -79.27863348183598 -0.5
      vertex 79.42541480647668 -79.22799344024999 -0.5
      vertex 79.37735920135461 -79.27863348183598 0.4900000000000002
    endloop
  endfacet
  facet normal 0.7253743710123031 -0.6883545756937376 0
    outer loop
      vertex 79.37735920135461 -79.27863348183598 0.4900000000000002
      vertex 79.42541480647668 -79.22799344024999 -0.5
      vertex 79.42541480647668 -79.22799344024999 0.4900000000000002
    endloop
  endfacet
  facet normal 0.7253743710123031 -0.6883545756937377 0
    outer loop
      vertex 79.37735920135461 -79.27863348183598 0.4900000000000002
      vertex 79.42541480647668 -79.22799344024999 0.4900000000000002
      vertex 79.42541480647668 -79.22799344024999 0.5
    endloop
  endfacet
  facet normal 0.7253743710123031 -0.6883545756937377 0
    outer loop
      vertex 79.37735920135461 -79.27863348183598 0.4900000000000002
      vertex 79.42541480647668 -79.22799344024999 0.5
      vertex 79.37735920135461 -79.27863348183598 0.5
    endloop
  endfacet
  facet normal 0.7253743710123031 0.6883545756937377 0
    outer loop
      vertex 79.37735920135461 79.27863348183598 -0.5
      vertex 79.37735920135461 79.27863348183598 0.5
      vertex 79.42541480647668 79.22799344024999 0.5
    endloop
  endfacet
  facet normal 0.7253743710123031 0.6883545756937377 0
    outer loop
      vertex 79.37735920135461 79.27863348183598 -0.5
      vertex 79.42541480647668 79.22799344024999 0.5
      vertex 79.42541480647668 79.22799344024999 -0.5
    endloop
  endfacet
  facet normal 0.7372773368100668 -0.6755902076157229 0
    outer loop
      vertex 79.42541480647668 -79.22799344024999 -0.5
      vertex 79.47257930190958 -79.17652242543544 -0.5
      vertex 79.42541480647668 -79.22799344024999 0.4900000000000002
    endloop
  endfacet
  facet normal 0.7372773368100668 -0.6755902076157229 0
    outer loop
      vertex 79.42541480647668 -79.22799344024999 0.4900000000000002
      vertex 79.47257930190958 -79.17652242543544 -0.5
      vertex 79.42541480647668 -79.22799344024999 0.5
    endloop
  endfacet
  facet normal 0.7372773368100667 -0.6755902076157229 0
    outer loop
      vertex 79.42541480647668 -79.22799344024999 0.5
      vertex 79.47257930190958 -79.17652242543544 -0.5
      vertex 79.47257930190958 -79.17652242543544 0.5
    endloop
  endfacet
  facet normal 0 0 1
    outer loop
      vertex 79.42541480647668 -79.22799344024999 0.5
      vertex 79.47257930190958 -79.17652242543544 0.5
      vertex 79.56417777247592 -79.07115043874616 0.5
    endloop
  endfacet
  facet normal 0.7372773368100667 0.6755902076157229 0
    outer loop
      vertex 79.42541480647668 79.22799344024999 -0.5
      vertex 79.42541480647668 79.22799344024999 0.5
      vertex 79.47257930190958 79.17652242543544 -0.5
    endloop
  endfacet
  facet normal 0.7372773368100667 0.6755902076157229 0
    outer loop
      vertex 79.42541480647668 79.22799344024999 0.5
      vertex 79.47257930190958 79.17652242543544 0.5
      vertex 79.47257930190958 79.17652242543544 -0.5
    endloop
  endfacet
  facet normal 0 0 1
    outer loop
      vertex 79.42541480647668 79.22799344024999 0.5
      vertex 79.56417777247592 79.07115043874616 0.5
      vertex 79.47257930190958 79.17652242543544 0.5
    endloop
  endfacet
  facet normal 0.7489557207889569 -0.6626200482157887 0
    outer loop
      vertex 79.47257930190958 -79.17652242543544 -0.5
      vertex 79.51883832089109 -79.12423611596203 -0.5
      vertex 79.47257930190958 -79.17652242543544 0.5
    endloop
  endfacet
  facet normal 0 0 -1
    outer loop
      vertex 79.47257930190958 -79.17652242543544 -0.5
      vertex 79.56417777247592 -79.07115043874616 -0.5
      vertex 79.51883832089109 -79.12423611596203 -0.5
    endloop
  endfacet
  facet normal 0.7489557207889569 -0.6626200482157887 0
    outer loop
      vertex 79.47257930190958 -79.17652242543544 0.5
      vertex 79.51883832089109 -79.12423611596203 -0.5
      vertex 79.51883832089109 -79.12423611596203 0.5
    endloop
  endfacet
  facet normal 0 0 1
    outer loop
      vertex 79.47257930190958 -79.17652242543544 0.5
      vertex 79.51883832089109 -79.12423611596203 0.5
      vertex 79.56417777247592 -79.07115043874616 0.5
    endloop
  endfacet
  facet normal 0.7489557207889569 0.6626200482157887 0
    outer loop
      vertex 79.47257930190958 79.17652242543544 -0.5
      vertex 79.47257930190958 79.17652242543544 0.5
      vertex 79.51883832089109 79.12423611596203 -0.5
    endloop
  endfacet
  facet normal 0 0 -1
    outer loop
      vertex 79.47257930190958 79.17652242543544 -0.5
      vertex 79.51883832089109 79.12423611596203 -0.5
      vertex 79.60858384582788 79.01728156419935 -0.5
    endloop
  endfacet
  facet normal 0.7489557207889569 0.6626200482157887 0
    outer loop
      vertex 79.47257930190958 79.17652242543544 0.5
      vertex 79.51883832089109 79.12423611596203 0.5
      vertex 79.51883832089109 79.12423611596203 -0.5
    endloop
  endfacet
  facet normal 0 0 1
    outer loop
      vertex 79.47257930190958 79.17652242543544 0.5
      vertex 79.56417777247592 79.07115043874616 0.5
      vertex 79.51883832089109 79.12423611596203 0.5
    endloop
  endfacet
  facet normal 0.7604059656000615 -0.6494480483301481 0
    outer loop
      vertex 79.51883832089109 -79.12423611596203 -0.5
      vertex 79.56417777247592 -79.07115043874616 -0.5
      vertex 79.56417777247592 -79.07115043874616 0.4900000000000002
    endloop
  endfacet
  facet normal 0.7604059656000601 -0.6494480483301494 0
    outer loop
      vertex 79.51883832089109 -79.12423611596203 -0.5
      vertex 79.56417777247592 -79.07115043874616 0.4900000000000002
      vertex 79.56417777247592 -79.07115043874616 0.5
    endloop
  endfacet
  facet normal 0.7604059656000612 -0.649448048330148 0
    outer loop
      vertex 79.51883832089109 -79.12423611596203 -0.5
      vertex 79.56417777247592 -79.07115043874616 0.5
      vertex 79.51883832089109 -79.12423611596203 0.5
    endloop
  endfacet
  facet normal 0.7604059656000612 0.649448048330148 0
    outer loop
      vertex 79.51883832089109 79.12423611596203 -0.5
      vertex 79.51883832089109 79.12423611596203 0.5
      vertex 79.56417777247592 79.07115043874616 0.5
    endloop
  endfacet
  facet normal 0 0 -1
    outer loop
      vertex 79.51883832089109 79.12423611596203 -0.5
      vertex 79.56417777247592 79.07115043874616 -0.5
      vertex 79.60858384582788 79.01728156419935 -0.5
    endloop
  endfacet
  facet normal 0.7604059656000612 0.649448048330148 0
    outer loop
      vertex 79.51883832089109 79.12423611596203 -0.5
      vertex 79.56417777247592 79.07115043874616 0.5
      vertex 79.56417777247592 79.07115043874616 -0.5
    endloop
  endfacet
  facet normal 0.7716245833877678 -0.6360782202777059 0
    outer loop
      vertex 79.56417777247592 -79.07115043874616 -0.5
      vertex 79.60858384582788 -79.01728156419935 -0.5
      vertex 79.60858384582788 -79.01728156419935 0.4900000000000002
    endloop
  endfacet
  facet normal 0.7716245833877678 -0.6360782202777059 0
    outer loop
      vertex 79.56417777247592 -79.07115043874616 -0.5
      vertex 79.60858384582788 -79.01728156419935 0.4900000000000002
      vertex 79.56417777247592 -79.07115043874616 0.4900000000000002
    endloop
  endfacet
  facet normal 0 0 -1
    outer loop
      vertex 79.56417777247592 -79.07115043874616 -0.5
      vertex 79.6520430144269 -78.96264590130264 -0.5
      vertex 79.60858384582788 -79.01728156419935 -0.5
    endloop
  endfacet
  facet normal 0 0 -1
    outer loop
      vertex 79.56417777247592 -79.07115043874616 -0.5
      vertex 79.69454204018918 -78.9072600926082 -0.5
      vertex 79.6520430144269 -78.96264590130264 -0.5
    endloop
  endfacet
  facet normal 0 0 -1
    outer loop
      vertex 79.56417777247592 -79.07115043874616 -0.5
      vertex 79.81615029022016 -78.736771613883 -0.5
      vertex 79.69454204018918 -78.9072600926082 -0.5
    endloop
  endfacet
  facet normal 0.7716245833877678 -0.6360782202777059 0
    outer loop
      vertex 79.56417777247592 -79.07115043874616 0.4900000000000002
      vertex 79.60858384582788 -79.01728156419935 0.4900000000000002
      vertex 79.56417777247592 -79.07115043874616 0.5
    endloop
  endfacet
  facet normal 0.7716245833877678 -0.6360782202777059 0
    outer loop
      vertex 79.56417777247592 -79.07115043874616 0.5
      vertex 79.60858384582788 -79.01728156419935 0.4900000000000002
      vertex 79.60858384582788 -79.01728156419935 0.5
    endloop
  endfacet
  facet normal 0 0 1
    outer loop
      vertex 79.56417777247592 -79.07115043874616 0.5
      vertex 79.60858384582788 -79.01728156419935 0.5
      vertex 79.6520430144269 -78.96264590130264 0.5
    endloop
  endfacet
  facet normal 0 0 1
    outer loop
      vertex 79.56417777247592 -79.07115043874616 0.5
      vertex 79.6520430144269 -78.96264590130264 0.5
      vertex 79.69454204018918 -78.9072600926082 0.5
    endloop
  endfacet
  facet normal 0 0 1
    outer loop
      vertex 79.56417777247592 -79.07115043874616 0.5
      vertex 79.69454204018918 -78.9072600926082 0.5
      vertex 79.81615029022016 -78.736771613883 0.5
    endloop
  endfacet
  facet normal 0.7716245833877678 0.6360782202777058 0
    outer loop
      vertex 79.56417777247592 79.07115043874616 -0.5
      vertex 79.56417777247592 79.07115043874616 0.5
      vertex 79.60858384582788 79.01728156419935 -0.5
    endloop
  endfacet
  facet normal 0.7716245833877678 0.6360782202777058 0
    outer loop
      vertex 79.56417777247592 79.07115043874616 0.5
      vertex 79.60858384582788 79.01728156419935 0.5
      vertex 79.60858384582788 79.01728156419935 -0.5
    endloop
  endfacet
  facet normal 0 0 1
    outer loop
      vertex 79.56417777247592 79.07115043874616 0.5
      vertex 79.6520430144269 78.96264590130264 0.5
      vertex 79.60858384582788 79.01728156419935 0.5
    endloop
  endfacet
  facet normal 0 0 1
    outer loop
      vertex 79.56417777247592 79.07115043874616 0.5
      vertex 80.06402609675347 78.31596199895819 0.5
      vertex 79.6520430144269 78.96264590130264 0.5
    endloop
  endfacet
  facet normal 0.7826081568523333 -0.622514636637721 0
    outer loop
      vertex 79.60858384582788 -79.01728156419935 -0.5
      vertex 79.6520430144269 -78.96264590130264 -0.5
      vertex 79.60858384582788 -79.01728156419935 0.4900000000000002
    endloop
  endfacet
  facet normal 0.7826081568523333 -0.622514636637721 0
    outer loop
      vertex 79.60858384582788 -79.01728156419935 0.4900000000000002
      vertex 79.6520430144269 -78.96264590130264 -0.5
      vertex 79.6520430144269 -78.96264590130264 0.4900000000000002
    endloop
  endfacet
  facet normal 0.7826081568523332 -0.622514636637721 0
    outer loop
      vertex 79.60858384582788 -79.01728156419935 0.4900000000000002
      vertex 79.6520430144269 -78.96264590130264 0.4900000000000002
      vertex 79.6520430144269 -78.96264590130264 0.5
    endloop
  endfacet
  facet normal 0.7826081568523332 -0.622514636637721 0
    outer loop
      vertex 79.60858384582788 -79.01728156419935 0.4900000000000002
      vertex 79.6520430144269 -78.96264590130264 0.5
      vertex 79.60858384582788 -79.01728156419935 0.5
    endloop
  endfacet
  facet normal 0.7826081568523332 0.622514636637721 0
    outer loop
      vertex 79.60858384582788 79.01728156419935 -0.5
      vertex 79.60858384582788 79.01728156419935 0.5
      vertex 79.6520430144269 78.96264590130264 0.5
    endloop
  endfacet
  facet normal 0 0 -1
    outer loop
      vertex 79.60858384582788 79.01728156419935 -0.5
      vertex 79.6520430144269 78.96264590130264 -0.5
      vertex 79.73606797749979 78.8511410091699 -0.5
    endloop
  endfacet
  facet normal 0.7826081568523332 0.622514636637721 0
    outer loop
      vertex 79.60858384582788 79.01728156419935 -0.5
      vertex 79.6520430144269 78.96264590130264 0.5
      vertex 79.6520430144269 78.96264590130264 -0.5
    endloop
  endfacet
  facet normal 0 0 -1
    outer loop
      vertex 79.60858384582788 79.01728156419935 -0.5
      vertex 79.73606797749979 78.8511410091699 -0.5
      vertex 79.8546822717817 78.67855614006011 -0.5
    endloop
  endfacet
  facet normal 0.7933533402912367 -0.6087614290087184 0
    outer loop
      vertex 79.6520430144269 -78.96264590130264 -0.5
      vertex 79.69454204018918 -78.9072600926082 -0.5
      vertex 79.6520430144269 -78.96264590130264 0.4900000000000002
    endloop
  endfacet
  facet normal 0.7933533402912367 -0.6087614290087184 0
    outer loop
      vertex 79.6520430144269 -78.96264590130264 0.4900000000000002
      vertex 79.69454204018918 -78.9072600926082 -0.5
      vertex 79.69454204018918 -78.9072600926082 0.4900000000000002
    endloop
  endfacet
  facet normal 0.7933533402912368 -0.6087614290087185 0
    outer loop
      vertex 79.6520430144269 -78.96264590130264 0.4900000000000002
      vertex 79.69454204018918 -78.9072600926082 0.4900000000000002
      vertex 79.69454204018918 -78.9072600926082 0.5
    endloop
  endfacet
  facet normal 0.7933533402912368 -0.6087614290087185 0
    outer loop
      vertex 79.6520430144269 -78.96264590130264 0.4900000000000002
      vertex 79.69454204018918 -78.9072600926082 0.5
      vertex 79.6520430144269 -78.96264590130264 0.5
    endloop
  endfacet
  facet normal 0.7933533402912369 0.6087614290087185 0
    outer loop
      vertex 79.6520430144269 78.96264590130264 -0.5
      vertex 79.6520430144269 78.96264590130264 0.5
      vertex 79.69454204018918 78.9072600926082 -0.5
    endloop
  endfacet
  facet normal 0 0 -1
    outer loop
      vertex 79.6520430144269 78.96264590130264 -0.5
      vertex 79.69454204018918 78.9072600926082 -0.5
      vertex 79.73606797749979 78.8511410091699 -0.5
    endloop
  endfacet
  facet normal 0.7933533402912369 0.6087614290087185 0
    outer loop
      vertex 79.6520430144269 78.96264590130264 0.5
      vertex 79.69454204018918 78.9072600926082 0.5
      vertex 79.69454204018918 78.9072600926082 -0.5
    endloop
  endfacet
  facet normal 0 0 1
    outer loop
      vertex 79.6520430144269 78.96264590130264 0.5
      vertex 79.73606797749979 78.8511410091699 0.5
      vertex 79.69454204018918 78.9072600926082 0.5
    endloop
  endfacet
  facet normal 0 0 1
    outer loop
      vertex 79.6520430144269 78.96264590130264 0.5
      vertex 79.8546822717817 78.67855614006011 0.5
      vertex 79.73606797749979 78.8511410091699 0.5
    endloop
  endfacet
  facet normal 0 0 1
    outer loop
      vertex 79.6520430144269 78.96264590130264 0.5
      vertex 80.06402609675347 78.31596199895819 0.5
      vertex 79.8546822717817 78.67855614006011 0.5
    endloop
  endfacet
  facet normal 0.8038568606172946 -0.5948227867512369 0
    outer loop
      vertex 79.69454204018918 -78.9072600926082 -0.5
      vertex 79.73606797749979 -78.8511410091699 -0.5
      vertex 79.69454204018918 -78.9072600926082 0.4900000000000002
    endloop
  endfacet
  facet normal 0 0 -1
    outer loop
      vertex 79.69454204018918 -78.9072600926082 -0.5
      vertex 79.81615029022016 -78.736771613883 -0.5
      vertex 79.73606797749979 -78.8511410091699 -0.5
    endloop
  endfacet
  facet normal 0.8038568606172947 -0.594822786751237 0
    outer loop
      vertex 79.69454204018918 -78.9072600926082 0.4900000000000002
      vertex 79.73606797749979 -78.8511410091699 -0.5
      vertex 79.69454204018918 -78.9072600926082 0.5
    endloop
  endfacet
  facet normal 0.8038568606172946 -0.594822786751237 0
    outer loop
      vertex 79.69454204018918 -78.9072600926082 0.5
      vertex 79.73606797749979 -78.8511410091699 -0.5
      vertex 79.73606797749979 -78.8511410091699 0.5
    endloop
  endfacet
  facet normal 0 0 1
    outer loop
      vertex 79.69454204018918 -78.9072600926082 0.5
      vertex 79.73606797749979 -78.8511410091699 0.5
      vertex 79.81615029022016 -78.736771613883 0.5
    endloop
  endfacet
  facet normal 0.8038568606172946 0.594822786751237 0
    outer loop
      vertex 79.69454204018918 78.9072600926082 -0.5
      vertex 79.69454204018918 78.9072600926082 0.5
      vertex 79.73606797749979 78.8511410091699 0.5
    endloop
  endfacet
  facet normal 0.8038568606172946 0.5948227867512369 0
    outer loop
      vertex 79.69454204018918 78.9072600926082 -0.5
      vertex 79.73606797749979 78.8511410091699 0.4900000000000002
      vertex 79.73606797749979 78.8511410091699 -0.5
    endloop
  endfacet
  facet normal 0.8038568606172947 0.594822786751237 0
    outer loop
      vertex 79.69454204018918 78.9072600926082 -0.5
      vertex 79.73606797749979 78.8511410091699 0.5
      vertex 79.73606797749979 78.8511410091699 0.4900000000000002
    endloop
  endfacet
  facet normal 0.8141155183563049 -0.5807029557109599 0
    outer loop
      vertex 79.73606797749979 -78.8511410091699 -0.5
      vertex 79.77660817715596 -78.79430574540419 -0.5
      vertex 79.77660817715596 -78.79430574540419 0.4900000000000002
    endloop
  endfacet
  facet normal 0.814115518356305 -0.5807029557109599 0
    outer loop
      vertex 79.73606797749979 -78.8511410091699 -0.5
      vertex 79.77660817715596 -78.79430574540419 0.4900000000000002
      vertex 79.73606797749979 -78.8511410091699 0.5
    endloop
  endfacet
  facet normal 0 0 -1
    outer loop
      vertex 79.73606797749979 -78.8511410091699 -0.5
      vertex 79.81615029022016 -78.736771613883 -0.5
      vertex 79.77660817715596 -78.79430574540419 -0.5
    endloop
  endfacet
  facet normal 0.8141155183563049 -0.5807029557109598 0
    outer loop
      vertex 79.73606797749979 -78.8511410091699 0.5
      vertex 79.77660817715596 -78.79430574540419 0.4900000000000002
      vertex 79.77660817715596 -78.79430574540419 0.5
    endloop
  endfacet
  facet normal 0 0 1
    outer loop
      vertex 79.73606797749979 -78.8511410091699 0.5
      vertex 79.77660817715596 -78.79430574540419 0.5
      vertex 79.81615029022016 -78.736771613883 0.5
    endloop
  endfacet
  facet normal 0 0 0
    outer loop
      vertex 79.73606797749979 78.8511410091699 -0.5
      vertex 79.73606797749979 78.8511410091699 0.4900000000000002
      vertex 79.73606797749979 78.8511410091699 0.5
    endloop
  endfacet
  facet normal 0.814115518356305 0.5807029557109599 0
    outer loop
      vertex 79.73606797749979 78.8511410091699 -0.5
      vertex 79.73606797749979 78.8511410091699 0.5
      vertex 79.77660817715596 78.79430574540419 -0.5
    endloop
  endfacet
  facet normal 0 0 -1
    outer loop
      vertex 79.73606797749979 78.8511410091699 -0.5
      vertex 79.77660817715596 78.79430574540419 -0.5
      vertex 79.81615029022016 78.736771613883 -0.5
    endloop
  endfacet
  facet normal 0 0 -1
    outer loop
      vertex 79.73606797749979 78.8511410091699 -0.5
      vertex 79.81615029022016 78.736771613883 -0.5
      vertex 79.8546822717817 78.67855614006011 -0.5
    endloop
  endfacet
  facet normal 0.814115518356305 0.5807029557109599 0
    outer loop
      vertex 79.73606797749979 78.8511410091699 0.5
      vertex 79.77660817715596 78.79430574540419 0.5
      vertex 79.77660817715596 78.79430574540419 -0.5
    endloop
  endfacet
  facet normal 0 0 1
    outer loop
      vertex 79.73606797749979 78.8511410091699 0.5
      vertex 79.81615029022016 78.736771613883 0.5
      vertex 79.77660817715596 78.79430574540419 0.5
    endloop
  endfacet
  facet normal 0 0 1
    outer loop
      vertex 79.73606797749979 78.8511410091699 0.5
      vertex 79.8546822717817 78.67855614006011 0.5
      vertex 79.81615029022016 78.736771613883 0.5
    endloop
  endfacet
  facet normal 0.8241261886219964 -0.566406236924861 0
    outer loop
      vertex 79.77660817715596 -78.79430574540419 -0.5
      vertex 79.81615029022016 -78.736771613883 -0.5
      vertex 79.77660817715596 -78.79430574540419 0.4900000000000002
    endloop
  endfacet
  facet normal 0.8241261886219964 -0.566406236924861 0
    outer loop
      vertex 79.77660817715596 -78.79430574540419 0.4900000000000002
      vertex 79.81615029022016 -78.736771613883 -0.5
      vertex 79.81615029022016 -78.736771613883 0.4900000000000002
    endloop
  endfacet
  facet normal 0.8241261886219964 -0.5664062369248609 0
    outer loop
      vertex 79.77660817715596 -78.79430574540419 0.4900000000000002
      vertex 79.81615029022016 -78.736771613883 0.4900000000000002
      vertex 79.81615029022016 -78.736771613883 0.5
    endloop
  endfacet
  facet normal 0.8241261886219964 -0.5664062369248609 0
    outer loop
      vertex 79.77660817715596 -78.79430574540419 0.4900000000000002
      vertex 79.81615029022016 -78.736771613883 0.5
      vertex 79.77660817715596 -78.79430574540419 0.5
    endloop
  endfacet
  facet normal 0.8241261886219964 0.5664062369248609 0
    outer loop
      vertex 79.77660817715596 78.79430574540419 -0.5
      vertex 79.77660817715596 78.79430574540419 0.5
      vertex 79.81615029022016 78.736771613883 0.5
    endloop
  endfacet
  facet normal 0.8241261886219964 0.5664062369248609 0
    outer loop
      vertex 79.77660817715596 78.79430574540419 -0.5
      vertex 79.81615029022016 78.736771613883 0.5
      vertex 79.81615029022016 78.736771613883 -0.5
    endloop
  endfacet
  facet normal 0.833885822067163 -0.5519369853120658 0
    outer loop
      vertex 79.81615029022016 -78.736771613883 -0.5
      vertex 79.8546822717817 -78.67855614006011 -0.5
      vertex 79.8546822717817 -78.67855614006011 0.4900000000000002
    endloop
  endfacet
  facet normal 0.833885822067163 -0.5519369853120658 0
    outer loop
      vertex 79.81615029022016 -78.736771613883 -0.5
      vertex 79.8546822717817 -78.67855614006011 0.4900000000000002
      vertex 79.81615029022016 -78.736771613883 0.4900000000000002
    endloop
  endfacet
  facet normal 0 0 -1
    outer loop
      vertex 79.81615029022016 -78.736771613883 -0.5
      vertex 79.92866920280845 -78.56015229964022 -0.5
      vertex 79.8546822717817 -78.67855614006011 -0.5
    endloop
  endfacet
  facet normal 0 0 -1
    outer loop
      vertex 79.81615029022016 -78.736771613883 -0.5
      vertex 80.0317903714357 -78.37788625114356 -0.5
      vertex 79.92866920280845 -78.56015229964022 -0.5
    endloop
  endfacet
  facet normal 0 0 -1
    outer loop
      vertex 79.81615029022016 -78.736771613883 -0.5
      vertex 80.20873541826715 -77.99842637366365 -0.5
      vertex 80.0317903714357 -78.37788625114356 -0.5
    endloop
  endfacet
  facet normal 0.8338858220671631 -0.5519369853120659 0
    outer loop
      vertex 79.81615029022016 -78.736771613883 0.4900000000000002
      vertex 79.8546822717817 -78.67855614006011 0.4900000000000002
      vertex 79.81615029022016 -78.736771613883 0.5
    endloop
  endfacet
  facet normal 0.8338858220671631 -0.5519369853120659 0
    outer loop
      vertex 79.81615029022016 -78.736771613883 0.5
      vertex 79.8546822717817 -78.67855614006011 0.4900000000000002
      vertex 79.8546822717817 -78.67855614006011 0.5
    endloop
  endfacet
  facet normal 0 0 1
    outer loop
      vertex 79.81615029022016 -78.736771613883 0.5
      vertex 79.8546822717817 -78.67855614006011 0.5
      vertex 79.8921923846257 -78.61967705693282 0.5
    endloop
  endfacet
  facet normal 0 0 1
    outer loop
      vertex 79.81615029022016 -78.736771613883 0.5
      vertex 79.8921923846257 -78.61967705693282 0.5
      vertex 79.99847882855758 -78.43923848098535 0.5
    endloop
  endfacet
  facet normal 0 0 1
    outer loop
      vertex 79.81615029022016 -78.736771613883 0.5
      vertex 79.99847882855758 -78.43923848098535 0.5
      vertex 80.18201941380975 -78.0629245139571 0.5
    endloop
  endfacet
  facet normal 0 0 1
    outer loop
      vertex 79.81615029022016 -78.736771613883 0.5
      vertex 80.18201941380975 -78.0629245139571 0.5
      vertex 80.20873541826715 -77.99842637366365 0.5
    endloop
  endfacet
  facet normal 0.833885822067163 0.5519369853120659 0
    outer loop
      vertex 79.81615029022016 78.736771613883 -0.5
      vertex 79.81615029022016 78.736771613883 0.5
      vertex 79.8546822717817 78.67855614006011 0.5
    endloop
  endfacet
  facet normal 0.833885822067163 0.5519369853120659 0
    outer loop
      vertex 79.81615029022016 78.736771613883 -0.5
      vertex 79.8546822717817 78.67855614006011 0.5
      vertex 79.8546822717817 78.67855614006011 -0.5
    endloop
  endfacet
  facet normal 0.8433914458129373 -0.5372996083467428 0
    outer loop
      vertex 79.8546822717817 -78.67855614006011 -0.5
      vertex 79.8921923846257 -78.61967705693282 -0.5
      vertex 79.8921923846257 -78.61967705693282 0.5
    endloop
  endfacet
  facet normal 0.8433914458129373 -0.5372996083467428 0
    outer loop
      vertex 79.8546822717817 -78.67855614006011 -0.5
      vertex 79.8921923846257 -78.61967705693282 0.5
      vertex 79.8546822717817 -78.67855614006011 0.4900000000000002
    endloop
  endfacet
  facet normal 0 0 -1
    outer loop
      vertex 79.8546822717817 -78.67855614006011 -0.5
      vertex 79.92866920280845 -78.56015229964022 -0.5
      vertex 79.8921923846257 -78.61967705693282 -0.5
    endloop
  endfacet
  facet normal 0.8433914458129373 -0.5372996083467428 0
    outer loop
      vertex 79.8546822717817 -78.67855614006011 0.4900000000000002
      vertex 79.8921923846257 -78.61967705693282 0.5
      vertex 79.8546822717817 -78.67855614006011 0.5
    endloop
  endfacet
  facet normal 0.8433914458129373 0.5372996083467428 0
    outer loop
      vertex 79.8546822717817 78.67855614006011 -0.5
      vertex 79.8546822717817 78.67855614006011 0.5
      vertex 79.8921923846257 78.61967705693282 0.4900000000000002
    endloop
  endfacet
  facet normal 0 0 -1
    outer loop
      vertex 79.8546822717817 78.67855614006011 -0.5
      vertex 79.8921923846257 78.61967705693282 -0.5
      vertex 79.92866920280845 78.56015229964022 -0.5
    endloop
  endfacet
  facet normal 0.8433914458129373 0.5372996083467428 0
    outer loop
      vertex 79.8546822717817 78.67855614006011 -0.5
      vertex 79.8921923846257 78.61967705693282 0.4900000000000002
      vertex 79.8921923846257 78.61967705693282 -0.5
    endloop
  endfacet
  facet normal 0 0 -1
    outer loop
      vertex 79.8546822717817 78.67855614006011 -0.5
      vertex 79.92866920280845 78.56015229964022 -0.5
      vertex 80.0317903714357 78.37788625114356 -0.5
    endloop
  endfacet
  facet normal 0 0 -1
    outer loop
      vertex 79.8546822717817 78.67855614006011 -0.5
      vertex 80.0317903714357 78.37788625114356 -0.5
      vertex 80.06402609675347 78.31596199895819 -0.5
    endloop
  endfacet
  facet normal 0 0 -1
    outer loop
      vertex 79.8546822717817 78.67855614006011 -0.5
      vertex 80.06402609675347 78.31596199895819 -0.5
      vertex 80.20873541826715 77.99842637366365 -0.5
    endloop
  endfacet
  facet normal 0.8433914458129373 0.5372996083467428 0
    outer loop
      vertex 79.8546822717817 78.67855614006011 0.5
      vertex 79.8921923846257 78.61967705693282 0.5
      vertex 79.8921923846257 78.61967705693282 0.4900000000000002
    endloop
  endfacet
  facet normal 0 0 1
    outer loop
      vertex 79.8546822717817 78.67855614006011 0.5
      vertex 79.92866920280845 78.56015229964022 0.5
      vertex 79.8921923846257 78.61967705693282 0.5
    endloop
  endfacet
  facet normal 0 0 1
    outer loop
      vertex 79.8546822717817 78.67855614006011 0.5
      vertex 79.96410161513775 78.5 0.5
      vertex 79.92866920280845 78.56015229964022 0.5
    endloop
  endfacet
  facet normal 0 0 1
    outer loop
      vertex 79.8546822717817 78.67855614006011 0.5
      vertex 80.06402609675347 78.31596199895819 0.5
      vertex 79.96410161513775 78.5 0.5
    endloop
  endfacet
  facet normal 0.8526401643540309 -0.5224985647160488 0
    outer loop
      vertex 79.8921923846257 -78.61967705693282 -0.5
      vertex 79.92866920280845 -78.56015229964022 -0.5
      vertex 79.8921923846257 -78.61967705693282 0.5
    endloop
  endfacet
  facet normal 0.8526401643540309 -0.5224985647160488 0
    outer loop
      vertex 79.8921923846257 -78.61967705693282 0.5
      vertex 79.92866920280845 -78.56015229964022 -0.5
      vertex 79.92866920280845 -78.56015229964022 0.5
    endloop
  endfacet
  facet normal 0 0 1
    outer loop
      vertex 79.8921923846257 -78.61967705693282 0.5
      vertex 79.92866920280845 -78.56015229964022 0.5
      vertex 79.99847882855758 -78.43923848098535 0.5
    endloop
  endfacet
  facet normal 0.852640164354031 0.5224985647160489 0
    outer loop
      vertex 79.8921923846257 78.61967705693282 -0.5
      vertex 79.8921923846257 78.61967705693282 0.4900000000000002
      vertex 79.92866920280845 78.56015229964022 -0.5
    endloop
  endfacet
  facet normal 0.852640164354031 0.5224985647160489 0
    outer loop
      vertex 79.8921923846257 78.61967705693282 0.4900000000000002
      vertex 79.8921923846257 78.61967705693282 0.5
      vertex 79.92866920280845 78.56015229964022 0.5
    endloop
  endfacet
  facet normal 0.852640164354031 0.5224985647160489 0
    outer loop
      vertex 79.8921923846257 78.61967705693282 0.4900000000000002
      vertex 79.92866920280845 78.56015229964022 0.4900000000000002
      vertex 79.92866920280845 78.56015229964022 -0.5
    endloop
  endfacet
  facet normal 0.852640164354031 0.5224985647160489 0
    outer loop
      vertex 79.8921923846257 78.61967705693282 0.4900000000000002
      vertex 79.92866920280845 78.56015229964022 0.5
      vertex 79.92866920280845 78.56015229964022 0.4900000000000002
    endloop
  endfacet
  facet normal 0.861629160441582 -0.5075383629606086 0
    outer loop
      vertex 79.92866920280845 -78.56015229964022 -0.5
      vertex 79.96410161513775 -78.5 -0.5
      vertex 79.92866920280845 -78.56015229964022 0.5
    endloop
  endfacet
  facet normal 0 0 -1
    outer loop
      vertex 79.92866920280845 -78.56015229964022 -0.5
      vertex 80.0317903714357 -78.37788625114356 -0.5
      vertex 79.96410161513775 -78.5 -0.5
    endloop
  endfacet
  facet normal 0.861629160441582 -0.5075383629606086 0
    outer loop
      vertex 79.92866920280845 -78.56015229964022 0.5
      vertex 79.96410161513775 -78.5 -0.5
      vertex 79.96410161513775 -78.5 0.5
    endloop
  endfacet
  facet normal 0 0 1
    outer loop
      vertex 79.92866920280845 -78.56015229964022 0.5
      vertex 79.96410161513775 -78.5 0.5
      vertex 79.99847882855758 -78.43923848098535 0.5
    endloop
  endfacet
  facet normal 0.8616291604415821 0.5075383629606086 0
    outer loop
      vertex 79.92866920280845 78.56015229964022 -0.5
      vertex 79.92866920280845 78.56015229964022 0.4900000000000002
      vertex 79.96410161513775 78.5 0.5
    endloop
  endfacet
  facet normal 0 0 -1
    outer loop
      vertex 79.92866920280845 78.56015229964022 -0.5
      vertex 79.96410161513775 78.5 -0.5
      vertex 80.0317903714357 78.37788625114356 -0.5
    endloop
  endfacet
  facet normal 0.861629160441582 0.5075383629606086 0
    outer loop
      vertex 79.92866920280845 78.56015229964022 -0.5
      vertex 79.96410161513775 78.5 0.5
      vertex 79.96410161513775 78.5 -0.5
    endloop
  endfacet
  facet normal 0.8616291604415819 0.5075383629606086 0
    outer loop
      vertex 79.92866920280845 78.56015229964022 0.4900000000000002
      vertex 79.92866920280845 78.56015229964022 0.5
      vertex 79.96410161513775 78.5 0.5
    endloop
  endfacet
  facet normal 0.8703556959398739 -0.4924235601035126 0
    outer loop
      vertex 79.96410161513775 -78.5 -0.5
      vertex 79.99847882855758 -78.43923848098535 -0.5
      vertex 79.99847882855758 -78.43923848098535 0.5
    endloop
  endfacet
  facet normal 0.8703556959398739 -0.4924235601035126 0
    outer loop
      vertex 79.96410161513775 -78.5 -0.5
      vertex 79.99847882855758 -78.43923848098535 0.5
      vertex 79.96410161513775 -78.5 0.5
    endloop
  endfacet
  facet normal 0 0 -1
    outer loop
      vertex 79.96410161513775 -78.5 -0.5
      vertex 80.0317903714357 -78.37788625114356 -0.5
      vertex 79.99847882855758 -78.43923848098535 -0.5
    endloop
  endfacet
  facet normal 0.8703556959398739 0.4924235601035126 0
    outer loop
      vertex 79.96410161513775 78.5 -0.5
      vertex 79.96410161513775 78.5 0.5
      vertex 79.99847882855758 78.43923848098535 0.4900000000000002
    endloop
  endfacet
  facet normal 0 0 -1
    outer loop
      vertex 79.96410161513775 78.5 -0.5
      vertex 79.99847882855758 78.43923848098535 -0.5
      vertex 80.0317903714357 78.37788625114356 -0.5
    endloop
  endfacet
  facet normal 0.8703556959398738 0.49242356010351257 0
    outer loop
      vertex 79.96410161513775 78.5 -0.5
      vertex 79.99847882855758 78.43923848098535 0.4900000000000002
      vertex 79.99847882855758 78.43923848098535 -0.5
    endloop
  endfacet
  facet normal 0.8703556959398739 0.4924235601035126 0
    outer loop
      vertex 79.96410161513775 78.5 0.5
      vertex 79.99847882855758 78.43923848098535 0.5
      vertex 79.99847882855758 78.43923848098535 0.4900000000000002
    endloop
  endfacet
  facet normal 0 0 1
    outer loop
      vertex 79.96410161513775 78.5 0.5
      vertex 80.06402609675347 78.31596199895819 0.5
      vertex 79.99847882855758 78.43923848098535 0.5
    endloop
  endfacet
  facet normal 0.8788171126619768 -0.47715876025958726 0
    outer loop
      vertex 79.99847882855758 -78.43923848098535 -0.5
      vertex 80.0317903714357 -78.37788625114356 -0.5
      vertex 79.99847882855758 -78.43923848098535 0.5
    endloop
  endfacet
  facet normal 0.8788171126619768 -0.47715876025958726 0
    outer loop
      vertex 79.99847882855758 -78.43923848098535 0.5
      vertex 80.0317903714357 -78.37788625114356 -0.5
      vertex 80.0317903714357 -78.37788625114356 0.5
    endloop
  endfacet
  facet normal 0 0 1
    outer loop
      vertex 79.99847882855758 -78.43923848098535 0.5
      vertex 80.0317903714357 -78.37788625114356 0.5
      vertex 80.09517618519666 -78.25348458715631 0.5
    endloop
  endfacet
  facet normal 0 0 1
    outer loop
      vertex 79.99847882855758 -78.43923848098535 0.5
      vertex 80.09517618519666 -78.25348458715631 0.5
      vertex 80.15418183057041 -78.1269465723032 0.5
    endloop
  endfacet
  facet normal 0 0 1
    outer loop
      vertex 79.99847882855758 -78.43923848098535 0.5
      vertex 80.15418183057041 -78.1269465723032 0.5
      vertex 80.18201941380975 -78.0629245139571 0.5
    endloop
  endfacet
  facet normal 0.8788171126619769 0.4771587602595873 0
    outer loop
      vertex 79.99847882855758 78.43923848098535 -0.5
      vertex 79.99847882855758 78.43923848098535 0.4900000000000002
      vertex 80.0317903714357 78.37788625114356 -0.5
    endloop
  endfacet
  facet normal 0.8788171126619768 0.47715876025958726 0
    outer loop
      vertex 79.99847882855758 78.43923848098535 0.4900000000000002
      vertex 79.99847882855758 78.43923848098535 0.5
      vertex 80.0317903714357 78.37788625114356 0.4900000000000002
    endloop
  endfacet
  facet normal 0.8788171126619769 0.4771587602595873 0
    outer loop
      vertex 79.99847882855758 78.43923848098535 0.4900000000000002
      vertex 80.0317903714357 78.37788625114356 0.4900000000000002
      vertex 80.0317903714357 78.37788625114356 -0.5
    endloop
  endfacet
  facet normal 0.8788171126619768 0.47715876025958726 0
    outer loop
      vertex 79.99847882855758 78.43923848098535 0.5
      vertex 80.0317903714357 78.37788625114356 0.5
      vertex 80.0317903714357 78.37788625114356 0.4900000000000002
    endloop
  endfacet
  facet normal 0 0 1
    outer loop
      vertex 79.99847882855758 78.43923848098535 0.5
      vertex 80.06402609675347 78.31596199895819 0.5
      vertex 80.0317903714357 78.37788625114356 0.5
    endloop
  endfacet
  facet normal 0.8870108331782406 -0.4617486132349976 0
    outer loop
      vertex 80.0317903714357 -78.37788625114356 -0.5
      vertex 80.06402609675347 -78.31596199895819 -0.5
      vertex 80.0317903714357 -78.37788625114356 0.5
    endloop
  endfacet
  facet normal 0 0 -1
    outer loop
      vertex 80.0317903714357 -78.37788625114356 -0.5
      vertex 80.09517618519666 -78.25348458715631 -0.5
      vertex 80.06402609675347 -78.31596199895819 -0.5
    endloop
  endfacet
  facet normal 0 0 -1
    outer loop
      vertex 80.0317903714357 -78.37788625114356 -0.5
      vertex 80.1252311481466 -78.1904730469628 -0.5
      vertex 80.09517618519666 -78.25348458715631 -0.5
    endloop
  endfacet
  facet normal 0 0 -1
    outer loop
      vertex 80.0317903714357 -78.37788625114356 -0.5
      vertex 80.20873541826715 -77.99842637366365 -0.5
      vertex 80.1252311481466 -78.1904730469628 -0.5
    endloop
  endfacet
  facet normal 0.8870108331782406 -0.4617486132349976 0
    outer loop
      vertex 80.0317903714357 -78.37788625114356 0.5
      vertex 80.06402609675347 -78.31596199895819 -0.5
      vertex 80.06402609675347 -78.31596199895819 0.5
    endloop
  endfacet
  facet normal 0 0 1
    outer loop
      vertex 80.0317903714357 -78.37788625114356 0.5
      vertex 80.06402609675347 -78.31596199895819 0.5
      vertex 80.09517618519666 -78.25348458715631 0.5
    endloop
  endfacet
  facet normal 0.8870108331782407 0.4617486132349977 0
    outer loop
      vertex 80.0317903714357 78.37788625114356 -0.5
      vertex 80.0317903714357 78.37788625114356 0.4900000000000002
      vertex 80.06402609675347 78.31596199895819 0.5
    endloop
  endfacet
  facet normal 0.8870108331782406 0.4617486132349976 0
    outer loop
      vertex 80.0317903714357 78.37788625114356 -0.5
      vertex 80.06402609675347 78.31596199895819 0.5
      vertex 80.06402609675347 78.31596199895819 -0.5
    endloop
  endfacet
  facet normal 0.8870108331782406 0.46174861323499766 0
    outer loop
      vertex 80.0317903714357 78.37788625114356 0.4900000000000002
      vertex 80.0317903714357 78.37788625114356 0.5
      vertex 80.06402609675347 78.31596199895819 0.5
    endloop
  endfacet
  facet normal 0.894934361602022 -0.446197813109815 0
    outer loop
      vertex 80.06402609675347 -78.31596199895819 -0.5
      vertex 80.09517618519666 -78.25348458715631 -0.5
      vertex 80.09517618519666 -78.25348458715631 0.5
    endloop
  endfacet
  facet normal 0.894934361602022 -0.446197813109815 0
    outer loop
      vertex 80.06402609675347 -78.31596199895819 -0.5
      vertex 80.09517618519666 -78.25348458715631 0.5
      vertex 80.06402609675347 -78.31596199895819 0.5
    endloop
  endfacet
  facet normal 0.894934361602022 0.446197813109815 0
    outer loop
      vertex 80.06402609675347 78.31596199895819 -0.5
      vertex 80.06402609675347 78.31596199895819 0.5
      vertex 80.09517618519666 78.25348458715631 0.4900000000000002
    endloop
  endfacet
  facet normal 0 0 -1
    outer loop
      vertex 80.06402609675347 78.31596199895819 -0.5
      vertex 80.09517618519666 78.25348458715631 -0.5
      vertex 80.1252311481466 78.1904730469628 -0.5
    endloop
  endfacet
  facet normal 0.894934361602022 0.446197813109815 0
    outer loop
      vertex 80.06402609675347 78.31596199895819 -0.5
      vertex 80.09517618519666 78.25348458715631 0.4900000000000002
      vertex 80.09517618519666 78.25348458715631 -0.5
    endloop
  endfacet
  facet normal 0 0 -1
    outer loop
      vertex 80.06402609675347 78.31596199895819 -0.5
      vertex 80.1252311481466 78.1904730469628 -0.5
      vertex 80.15418183057041 78.1269465723032 -0.5
    endloop
  endfacet
  facet normal 0 0 -1
    outer loop
      vertex 80.06402609675347 78.31596199895819 -0.5
      vertex 80.15418183057041 78.1269465723032 -0.5
      vertex 80.20873541826715 77.99842637366365 -0.5
    endloop
  endfacet
  facet normal 0.8949343616020219 0.44619781310981493 0
    outer loop
      vertex 80.06402609675347 78.31596199895819 0.5
      vertex 80.09517618519666 78.25348458715631 0.5
      vertex 80.09517618519666 78.25348458715631 0.4900000000000002
    endloop
  endfacet
  facet normal 0 0 1
    outer loop
      vertex 80.06402609675347 78.31596199895819 0.5
      vertex 80.1252311481466 78.1904730469628 0.5
      vertex 80.09517618519666 78.25348458715631 0.5
    endloop
  endfacet
  facet normal 0 0 1
    outer loop
      vertex 80.06402609675347 78.31596199895819 0.5
      vertex 80.18201941380975 78.0629245139571 0.5
      vertex 80.1252311481466 78.1904730469628 0.5
    endloop
  endfacet
  facet normal 0 0 1
    outer loop
      vertex 80.06402609675347 78.31596199895819 0.5
      vertex 80.28207430239726 77.80227261782862 0.5
      vertex 80.18201941380975 78.0629245139571 0.5
    endloop
  endfacet
  facet normal 0 0 1
    outer loop
      vertex 80.06402609675347 78.31596199895819 0.5
      vertex 80.42650873379066 77.26323598150618 0.5
      vertex 80.28207430239726 77.80227261782862 0.5
    endloop
  endfacet
  facet normal 0.9025852843498612 -0.43051109680829425 0
    outer loop
      vertex 80.09517618519666 -78.25348458715631 -0.5
      vertex 80.1252311481466 -78.1904730469628 -0.5
      vertex 80.09517618519666 -78.25348458715631 0.5
    endloop
  endfacet
  facet normal 0.9025852843498612 -0.43051109680829425 0
    outer loop
      vertex 80.09517618519666 -78.25348458715631 0.5
      vertex 80.1252311481466 -78.1904730469628 -0.5
      vertex 80.1252311481466 -78.1904730469628 0.5
    endloop
  endfacet
  facet normal 0 0 1
    outer loop
      vertex 80.09517618519666 -78.25348458715631 0.5
      vertex 80.1252311481466 -78.1904730469628 0.5
      vertex 80.15418183057041 -78.1269465723032 0.5
    endloop
  endfacet
  facet normal 0.9025852843498611 0.4305110968082942 0
    outer loop
      vertex 80.09517618519666 78.25348458715631 -0.5
      vertex 80.09517618519666 78.25348458715631 0.4900000000000002
      vertex 80.1252311481466 78.1904730469628 -0.5
    endloop
  endfacet
  facet normal 0.9025852843498611 0.4305110968082942 0
    outer loop
      vertex 80.09517618519666 78.25348458715631 0.4900000000000002
      vertex 80.09517618519666 78.25348458715631 0.5
      vertex 80.1252311481466 78.1904730469628 0.5
    endloop
  endfacet
  facet normal 0.9025852843498612 0.43051109680829425 0
    outer loop
      vertex 80.09517618519666 78.25348458715631 0.4900000000000002
      vertex 80.1252311481466 78.1904730469628 0.5
      vertex 80.1252311481466 78.1904730469628 -0.5
    endloop
  endfacet
  facet normal 0.9099612708764989 -0.41469324265633606 0
    outer loop
      vertex 80.1252311481466 -78.1904730469628 -0.5
      vertex 80.15418183057041 -78.1269465723032 -0.5
      vertex 80.15418183057041 -78.1269465723032 0.5
    endloop
  endfacet
  facet normal 0.9099612708764989 -0.41469324265633606 0
    outer loop
      vertex 80.1252311481466 -78.1904730469628 -0.5
      vertex 80.15418183057041 -78.1269465723032 0.5
      vertex 80.1252311481466 -78.1904730469628 0.5
    endloop
  endfacet
  facet normal 0 0 -1
    outer loop
      vertex 80.1252311481466 -78.1904730469628 -0.5
      vertex 80.20873541826715 -77.99842637366365 -0.5
      vertex 80.15418183057041 -78.1269465723032 -0.5
    endloop
  endfacet
  facet normal 0.9099612708764989 0.41469324265633606 0
    outer loop
      vertex 80.1252311481466 78.1904730469628 -0.5
      vertex 80.1252311481466 78.1904730469628 0.5
      vertex 80.15418183057041 78.1269465723032 -0.5
    endloop
  endfacet
  facet normal 0.9099612708764989 0.41469324265633606 0
    outer loop
      vertex 80.1252311481466 78.1904730469628 0.5
      vertex 80.15418183057041 78.1269465723032 0.5
      vertex 80.15418183057041 78.1269465723032 -0.5
    endloop
  endfacet
  facet normal 0 0 1
    outer loop
      vertex 80.1252311481466 78.1904730469628 0.5
      vertex 80.18201941380975 78.0629245139571 0.5
      vertex 80.15418183057041 78.1269465723032 0.5
    endloop
  endfacet
  facet normal 0.9170600743851636 -0.39874906892515527 0
    outer loop
      vertex 80.15418183057041 -78.1269465723032 -0.5
      vertex 80.18201941380975 -78.0629245139571 -0.5
      vertex 80.18201941380975 -78.0629245139571 0.4900000000000002
    endloop
  endfacet
  facet normal 0.9170600743851621 -0.39874906892515855 0
    outer loop
      vertex 80.15418183057041 -78.1269465723032 -0.5
      vertex 80.18201941380975 -78.0629245139571 0.4900000000000002
      vertex 80.18201941380975 -78.0629245139571 0.5
    endloop
  endfacet
  facet normal 0.9170600743851635 -0.39874906892515527 0
    outer loop
      vertex 80.15418183057041 -78.1269465723032 -0.5
      vertex 80.18201941380975 -78.0629245139571 0.5
      vertex 80.15418183057041 -78.1269465723032 0.5
    endloop
  endfacet
  facet normal 0 0 -1
    outer loop
      vertex 80.15418183057041 -78.1269465723032 -0.5
      vertex 80.20873541826715 -77.99842637366365 -0.5
      vertex 80.18201941380975 -78.0629245139571 -0.5
    endloop
  endfacet
  facet normal 0.9170600743851635 0.39874906892515527 0
    outer loop
      vertex 80.15418183057041 78.1269465723032 -0.5
      vertex 80.15418183057041 78.1269465723032 0.5
      vertex 80.18201941380975 78.0629245139571 0.5
    endloop
  endfacet
  facet normal 0 0 -1
    outer loop
      vertex 80.15418183057041 78.1269465723032 -0.5
      vertex 80.18201941380975 78.0629245139571 -0.5
      vertex 80.20873541826715 77.99842637366365 -0.5
    endloop
  endfacet
  facet normal 0.9170600743851635 0.39874906892515527 0
    outer loop
      vertex 80.15418183057041 78.1269465723032 -0.5
      vertex 80.18201941380975 78.0629245139571 0.5
      vertex 80.18201941380975 78.0629245139571 -0.5
    endloop
  endfacet
  facet normal 0.9238795325112461 -0.38268343236518804 0
    outer loop
      vertex 80.18201941380975 -78.0629245139571 -0.5
      vertex 80.20873541826715 -77.99842637366365 -0.5
      vertex 80.18201941380975 -78.0629245139571 0.4900000000000002
    endloop
  endfacet
  facet normal 0.9238795325112461 -0.38268343236518804 0
    outer loop
      vertex 80.18201941380975 -78.0629245139571 0.4900000000000002
      vertex 80.20873541826715 -77.99842637366365 -0.5
      vertex 80.20873541826715 -77.99842637366365 0.5
    endloop
  endfacet
  facet normal 0.923879532511246 -0.3826834323651879 0
    outer loop
      vertex 80.18201941380975 -78.0629245139571 0.4900000000000002
      vertex 80.20873541826715 -77.99842637366365 0.5
      vertex 80.18201941380975 -78.0629245139571 0.5
    endloop
  endfacet
  facet normal 0.9238795325112461 0.38268343236518804 0
    outer loop
      vertex 80.18201941380975 78.0629245139571 -0.5
      vertex 80.18201941380975 78.0629245139571 0.5
      vertex 80.20873541826715 77.99842637366365 0.5
    endloop
  endfacet
  facet normal 0.9238795325112461 0.38268343236518804 0
    outer loop
      vertex 80.18201941380975 78.0629245139571 -0.5
      vertex 80.20873541826715 77.99842637366365 0.5
      vertex 80.20873541826715 77.99842637366365 -0.5
    endloop
  endfacet
  facet normal 0 0 1
    outer loop
      vertex 80.18201941380975 78.0629245139571 0.5
      vertex 80.2343217059888 77.9334717981812 0.5
      vertex 80.20873541826715 77.99842637366365 0.5
    endloop
  endfacet
  facet normal 0 0 1
    outer loop
      vertex 80.18201941380975 78.0629245139571 0.5
      vertex 80.28207430239726 77.80227261782862 0.5
      vertex 80.2343217059888 77.9334717981812 0.5
    endloop
  endfacet
  facet normal 0.930417567982051 -0.36650122672422997 0
    outer loop
      vertex 80.20873541826715 -77.99842637366365 -0.5
      vertex 80.2343217059888 -77.9334717981812 -0.5
      vertex 80.2343217059888 -77.9334717981812 0.5
    endloop
  endfacet
  facet normal 0.930417567982051 -0.36650122672422997 0
    outer loop
      vertex 80.20873541826715 -77.99842637366365 -0.5
      vertex 80.2343217059888 -77.9334717981812 0.5
      vertex 80.20873541826715 -77.99842637366365 0.5
    endloop
  endfacet
  facet normal 0 0 -1
    outer loop
      vertex 80.20873541826715 -77.99842637366365 -0.5
      vertex 80.25877048314364 -77.86808057330268 -0.5
      vertex 80.2343217059888 -77.9334717981812 -0.5
    endloop
  endfacet
  facet normal 0 0 -1
    outer loop
      vertex 80.20873541826715 -77.99842637366365 -0.5
      vertex 80.32521902385214 -77.66948681889095 -0.5
      vertex 80.25877048314364 -77.86808057330268 -0.5
    endloop
  endfacet
  facet normal 0 0 -1
    outer loop
      vertex 80.20873541826715 -77.99842637366365 -0.5
      vertex 80.42650873379066 -77.26323598150618 -0.5
      vertex 80.32521902385214 -77.66948681889095 -0.5
    endloop
  endfacet
  facet normal 0 0 -1
    outer loop
      vertex 80.20873541826715 -77.99842637366365 -0.5
      vertex 80.5 -76.5 -0.5
      vertex 80.42650873379066 -77.26323598150618 -0.5
    endloop
  endfacet
  facet normal 0 0 1
    outer loop
      vertex 80.20873541826715 -77.99842637366365 0.5
      vertex 80.2343217059888 -77.9334717981812 0.5
      vertex 80.25877048314364 -77.86808057330268 0.5
    endloop
  endfacet
  facet normal 0 0 1
    outer loop
      vertex 80.20873541826715 -77.99842637366365 0.5
      vertex 80.25877048314364 -77.86808057330268 0.5
      vertex 80.32521902385214 -77.66948681889095 0.5
    endloop
  endfacet
  facet normal 0 0 1
    outer loop
      vertex 80.20873541826715 -77.99842637366365 0.5
      vertex 80.32521902385214 -77.66948681889095 0.5
      vertex 80.42650873379066 -77.26323598150618 0.5
    endloop
  endfacet
  facet normal 0 0 1
    outer loop
      vertex 80.20873541826715 -77.99842637366365 0.5
      vertex 80.42650873379066 -77.26323598150618 0.5
      vertex 80.5 -76.5 0.5
    endloop
  endfacet
  facet normal 0.930417567982051 0.36650122672422997 0
    outer loop
      vertex 80.20873541826715 77.99842637366365 -0.5
      vertex 80.20873541826715 77.99842637366365 0.5
      vertex 80.2343217059888 77.9334717981812 0.5
    endloop
  endfacet
  facet normal 0 0 -1
    outer loop
      vertex 80.20873541826715 77.99842637366365 -0.5
      vertex 80.2343217059888 77.9334717981812 -0.5
      vertex 80.28207430239726 77.80227261782862 -0.5
    endloop
  endfacet
  facet normal 0.9304175679820511 0.3665012267242299 0
    outer loop
      vertex 80.20873541826715 77.99842637366365 -0.5
      vertex 80.2343217059888 77.9334717981812 0.4900000000000002
      vertex 80.2343217059888 77.9334717981812 -0.5
    endloop
  endfacet
  facet normal 0.9304175679820498 0.366501226724233 0
    outer loop
      vertex 80.20873541826715 77.99842637366365 -0.5
      vertex 80.2343217059888 77.9334717981812 0.5
      vertex 80.2343217059888 77.9334717981812 0.4900000000000002
    endloop
  endfacet
  facet normal 0 0 -1
    outer loop
      vertex 80.20873541826715 77.99842637366365 -0.5
      vertex 80.28207430239726 77.80227261782862 -0.5
      vertex 80.34504678375328 77.602549423268 -0.5
    endloop
  endfacet
  facet normal 0 0 -1
    outer loop
      vertex 80.20873541826715 77.99842637366365 -0.5
      vertex 80.34504678375328 77.602549423268 -0.5
      vertex 80.42650873379066 77.26323598150618 -0.5
    endloop
  endfacet
  facet normal 0 0 -1
    outer loop
      vertex 80.20873541826715 77.99842637366365 -0.5
      vertex 80.42650873379066 77.26323598150618 -0.5
      vertex 80.5 76.5 -0.5
    endloop
  endfacet
  facet normal 0.9366721892483754 -0.3502073812595272 0
    outer loop
      vertex 80.2343217059888 -77.9334717981812 -0.5
      vertex 80.25877048314364 -77.86808057330268 -0.5
      vertex 80.2343217059888 -77.9334717981812 0.5
    endloop
  endfacet
  facet normal 0.9366721892483754 -0.3502073812595272 0
    outer loop
      vertex 80.2343217059888 -77.9334717981812 0.5
      vertex 80.25877048314364 -77.86808057330268 -0.5
      vertex 80.25877048314364 -77.86808057330268 0.5
    endloop
  endfacet
  facet normal 0.9366721892483754 0.3502073812595273 0
    outer loop
      vertex 80.2343217059888 77.9334717981812 -0.5
      vertex 80.2343217059888 77.9334717981812 0.4900000000000002
      vertex 80.25877048314364 77.86808057330268 0.4900000000000002
    endloop
  endfacet
  facet normal 0 0 -1
    outer loop
      vertex 80.2343217059888 77.9334717981812 -0.5
      vertex 80.25877048314364 77.86808057330268 -0.5
      vertex 80.28207430239726 77.80227261782862 -0.5
    endloop
  endfacet
  facet normal 0.9366721892483754 0.3502073812595273 0
    outer loop
      vertex 80.2343217059888 77.9334717981812 -0.5
      vertex 80.25877048314364 77.86808057330268 0.4900000000000002
      vertex 80.25877048314364 77.86808057330268 -0.5
    endloop
  endfacet
  facet normal 0.9366721892483753 0.35020738125952716 0
    outer loop
      vertex 80.2343217059888 77.9334717981812 0.4900000000000002
      vertex 80.2343217059888 77.9334717981812 0.5
      vertex 80.25877048314364 77.86808057330268 0.4900000000000002
    endloop
  endfacet
  facet normal 0.9366721892483753 0.35020738125952716 0
    outer loop
      vertex 80.2343217059888 77.9334717981812 0.5
      vertex 80.25877048314364 77.86808057330268 0.5
      vertex 80.25877048314364 77.86808057330268 0.4900000000000002
    endloop
  endfacet
  facet normal 0 0 1
    outer loop
      vertex 80.2343217059888 77.9334717981812 0.5
      vertex 80.28207430239726 77.80227261782862 0.5
      vertex 80.25877048314364 77.86808057330268 0.5
    endloop
  endfacet
  facet normal 0.9426414910922222 -0.33380685923364767 0
    outer loop
      vertex 80.25877048314364 -77.86808057330268 -0.5
      vertex 80.28207430239726 -77.80227261782862 -0.5
      vertex 80.28207430239726 -77.80227261782862 0.5
    endloop
  endfacet
  facet normal 0.9426414910922222 -0.33380685923364767 0
    outer loop
      vertex 80.25877048314364 -77.86808057330268 -0.5
      vertex 80.28207430239726 -77.80227261782862 0.5
      vertex 80.25877048314364 -77.86808057330268 0.5
    endloop
  endfacet
  facet normal 0 0 -1
    outer loop
      vertex 80.25877048314364 -77.86808057330268 -0.5
      vertex 80.30422606518061 -77.73606797749979 -0.5
      vertex 80.28207430239726 -77.80227261782862 -0.5
    endloop
  endfacet
  facet normal 0 0 -1
    outer loop
      vertex 80.25877048314364 -77.86808057330268 -0.5
      vertex 80.32521902385214 -77.66948681889095 -0.5
      vertex 80.30422606518061 -77.73606797749979 -0.5
    endloop
  endfacet
  facet normal 0 0 1
    outer loop
      vertex 80.25877048314364 -77.86808057330268 0.5
      vertex 80.28207430239726 -77.80227261782862 0.5
      vertex 80.30422606518061 -77.73606797749979 0.5
    endloop
  endfacet
  facet normal 0 0 1
    outer loop
      vertex 80.25877048314364 -77.86808057330268 0.5
      vertex 80.30422606518061 -77.73606797749979 0.5
      vertex 80.32521902385214 -77.66948681889095 0.5
    endloop
  endfacet
  facet normal 0.9426414910922221 0.3338068592336476 0
    outer loop
      vertex 80.25877048314364 77.86808057330268 -0.5
      vertex 80.25877048314364 77.86808057330268 0.4900000000000002
      vertex 80.28207430239726 77.80227261782862 -0.5
    endloop
  endfacet
  facet normal 0.9426414910922221 0.3338068592336476 0
    outer loop
      vertex 80.25877048314364 77.86808057330268 0.4900000000000002
      vertex 80.25877048314364 77.86808057330268 0.5
      vertex 80.28207430239726 77.80227261782862 0.5
    endloop
  endfacet
  facet normal 0.9426414910922222 0.33380685923364767 0
    outer loop
      vertex 80.25877048314364 77.86808057330268 0.4900000000000002
      vertex 80.28207430239726 77.80227261782862 0.5
      vertex 80.28207430239726 77.80227261782862 -0.5
    endloop
  endfacet
  facet normal 0.9483236552061739 -0.31730465640516825 0
    outer loop
      vertex 80.28207430239726 -77.80227261782862 -0.5
      vertex 80.30422606518061 -77.73606797749979 -0.5
      vertex 80.28207430239726 -77.80227261782862 0.5
    endloop
  endfacet
  facet normal 0.9483236552061739 -0.31730465640516825 0
    outer loop
      vertex 80.28207430239726 -77.80227261782862 0.5
      vertex 80.30422606518061 -77.73606797749979 -0.5
      vertex 80.30422606518061 -77.73606797749979 0.5
    endloop
  endfacet
  facet normal 0.9483236552061739 0.31730465640516825 0
    outer loop
      vertex 80.28207430239726 77.80227261782862 -0.5
      vertex 80.28207430239726 77.80227261782862 0.5
      vertex 80.30422606518061 77.73606797749979 0.4900000000000002
    endloop
  endfacet
  facet normal 0 0 -1
    outer loop
      vertex 80.28207430239726 77.80227261782862 -0.5
      vertex 80.30422606518061 77.73606797749979 -0.5
      vertex 80.32521902385214 77.66948681889095 -0.5
    endloop
  endfacet
  facet normal 0.9483236552061738 0.31730465640516825 0
    outer loop
      vertex 80.28207430239726 77.80227261782862 -0.5
      vertex 80.30422606518061 77.73606797749979 0.4900000000000002
      vertex 80.30422606518061 77.73606797749979 -0.5
    endloop
  endfacet
  facet normal 0 0 -1
    outer loop
      vertex 80.28207430239726 77.80227261782862 -0.5
      vertex 80.32521902385214 77.66948681889095 -0.5
      vertex 80.34504678375328 77.602549423268 -0.5
    endloop
  endfacet
  facet normal 0.9483236552061738 0.3173046564051682 0
    outer loop
      vertex 80.28207430239726 77.80227261782862 0.5
      vertex 80.30422606518061 77.73606797749979 0.5
      vertex 80.30422606518061 77.73606797749979 0.4900000000000002
    endloop
  endfacet
  facet normal 0 0 1
    outer loop
      vertex 80.28207430239726 77.80227261782862 0.5
      vertex 80.32521902385214 77.66948681889095 0.5
      vertex 80.30422606518061 77.73606797749979 0.5
    endloop
  endfacet
  facet normal 0 0 1
    outer loop
      vertex 80.28207430239726 77.80227261782862 0.5
      vertex 80.36370330515628 77.53527618041008 0.5
      vertex 80.32521902385214 77.66948681889095 0.5
    endloop
  endfacet
  facet normal 0 0 1
    outer loop
      vertex 80.28207430239726 77.80227261782862 0.5
      vertex 80.42650873379066 77.26323598150618 0.5
      vertex 80.36370330515628 77.53527618041008 0.5
    endloop
  endfacet
  facet normal 0.9537169507482246 -0.3007057995042804 0
    outer loop
      vertex 80.30422606518061 -77.73606797749979 -0.5
      vertex 80.32521902385214 -77.66948681889095 -0.5
      vertex 80.30422606518061 -77.73606797749979 0.5
    endloop
  endfacet
  facet normal 0.9537169507482246 -0.3007057995042804 0
    outer loop
      vertex 80.30422606518061 -77.73606797749979 0.5
      vertex 80.32521902385214 -77.66948681889095 -0.5
      vertex 80.32521902385214 -77.66948681889095 0.5
    endloop
  endfacet
  facet normal 0.9537169507482246 0.3007057995042804 0
    outer loop
      vertex 80.30422606518061 77.73606797749979 -0.5
      vertex 80.30422606518061 77.73606797749979 0.4900000000000002
      vertex 80.32521902385214 77.66948681889095 -0.5
    endloop
  endfacet
  facet normal 0.9537169507482246 0.3007057995042804 0
    outer loop
      vertex 80.30422606518061 77.73606797749979 0.4900000000000002
      vertex 80.30422606518061 77.73606797749979 0.5
      vertex 80.32521902385214 77.66948681889095 -0.5
    endloop
  endfacet
  facet normal 0.9537169507482246 0.3007057995042804 0
    outer loop
      vertex 80.30422606518061 77.73606797749979 0.5
      vertex 80.32521902385214 77.66948681889095 0.5
      vertex 80.32521902385214 77.66948681889095 -0.5
    endloop
  endfacet
  facet normal 0.9588197348681858 -0.28401534470394674 0
    outer loop
      vertex 80.32521902385214 -77.66948681889095 -0.5
      vertex 80.34504678375328 -77.602549423268 -0.5
      vertex 80.34504678375328 -77.602549423268 0.5
    endloop
  endfacet
  facet normal 0.9588197348681858 -0.28401534470394674 0
    outer loop
      vertex 80.32521902385214 -77.66948681889095 -0.5
      vertex 80.34504678375328 -77.602549423268 0.5
      vertex 80.32521902385214 -77.66948681889095 0.5
    endloop
  endfacet
  facet normal 0 0 -1
    outer loop
      vertex 80.32521902385214 -77.66948681889095 -0.5
      vertex 80.38118290510398 -77.46768758239867 -0.5
      vertex 80.34504678375328 -77.602549423268 -0.5
    endloop
  endfacet
  facet normal 0 0 -1
    outer loop
      vertex 80.32521902385214 -77.66948681889095 -0.5
      vertex 80.42650873379066 -77.26323598150618 -0.5
      vertex 80.38118290510398 -77.46768758239867 -0.5
    endloop
  endfacet
  facet normal 0 0 1
    outer loop
      vertex 80.32521902385214 -77.66948681889095 0.5
      vertex 80.34504678375328 -77.602549423268 0.5
      vertex 80.38118290510398 -77.46768758239867 0.5
    endloop
  endfacet
  facet normal 0 0 1
    outer loop
      vertex 80.32521902385214 -77.66948681889095 0.5
      vertex 80.38118290510398 -77.46768758239867 0.5
      vertex 80.42650873379066 -77.26323598150618 0.5
    endloop
  endfacet
  facet normal 0.9588197348681858 0.28401534470394674 0
    outer loop
      vertex 80.32521902385214 77.66948681889095 -0.5
      vertex 80.32521902385214 77.66948681889095 0.5
      vertex 80.34504678375328 77.602549423268 -0.5
    endloop
  endfacet
  facet normal 0.9588197348681858 0.28401534470394674 0
    outer loop
      vertex 80.32521902385214 77.66948681889095 0.5
      vertex 80.34504678375328 77.602549423268 0.5
      vertex 80.34504678375328 77.602549423268 -0.5
    endloop
  endfacet
  facet normal 0 0 1
    outer loop
      vertex 80.32521902385214 77.66948681889095 0.5
      vertex 80.36370330515628 77.53527618041008 0.5
      vertex 80.34504678375328 77.602549423268 0.5
    endloop
  endfacet
  facet normal 0.963630453208614 -0.26723837607828954 0
    outer loop
      vertex 80.34504678375328 -77.602549423268 -0.5
      vertex 80.36370330515628 -77.53527618041008 -0.5
      vertex 80.36370330515628 -77.53527618041008 0.5
    endloop
  endfacet
  facet normal 0.963630453208614 -0.26723837607828954 0
    outer loop
      vertex 80.34504678375328 -77.602549423268 -0.5
      vertex 80.36370330515628 -77.53527618041008 0.5
      vertex 80.34504678375328 -77.602549423268 0.5
    endloop
  endfacet
  facet normal 0 0 -1
    outer loop
      vertex 80.34504678375328 -77.602549423268 -0.5
      vertex 80.38118290510398 -77.46768758239867 -0.5
      vertex 80.36370330515628 -77.53527618041008 -0.5
    endloop
  endfacet
  facet normal 0 0 1
    outer loop
      vertex 80.34504678375328 -77.602549423268 0.5
      vertex 80.36370330515628 -77.53527618041008 0.5
      vertex 80.38118290510398 -77.46768758239867 0.5
    endloop
  endfacet
  facet normal 0.963630453208614 0.26723837607828954 0
    outer loop
      vertex 80.34504678375328 77.602549423268 -0.5
      vertex 80.34504678375328 77.602549423268 0.5
      vertex 80.36370330515628 77.53527618041008 0.5
    endloop
  endfacet
  facet normal 0 0 -1
    outer loop
      vertex 80.34504678375328 77.602549423268 -0.5
      vertex 80.36370330515628 77.53527618041008 -0.5
      vertex 80.39748025914093 77.39980421737546 -0.5
    endloop
  endfacet
  facet normal 0.963630453208614 0.26723837607828954 0
    outer loop
      vertex 80.34504678375328 77.602549423268 -0.5
      vertex 80.36370330515628 77.53527618041008 0.5
      vertex 80.36370330515628 77.53527618041008 -0.5
    endloop
  endfacet
  facet normal 0 0 -1
    outer loop
      vertex 80.34504678375328 77.602549423268 -0.5
      vertex 80.39748025914093 77.39980421737546 -0.5
      vertex 80.42650873379066 77.26323598150618 -0.5
    endloop
  endfacet
  facet normal 0.9681476403781323 -0.25038000405434624 0
    outer loop
      vertex 80.36370330515628 -77.53527618041008 -0.5
      vertex 80.38118290510398 -77.46768758239867 -0.5
      vertex 80.36370330515628 -77.53527618041008 0.5
    endloop
  endfacet
  facet normal 0.9681476403781323 -0.25038000405434624 0
    outer loop
      vertex 80.36370330515628 -77.53527618041008 0.5
      vertex 80.38118290510398 -77.46768758239867 -0.5
      vertex 80.38118290510398 -77.46768758239867 0.5
    endloop
  endfacet
  facet normal 0.9681476403781323 0.25038000405434624 0
    outer loop
      vertex 80.36370330515628 77.53527618041008 -0.5
      vertex 80.36370330515628 77.53527618041008 0.5
      vertex 80.38118290510398 77.46768758239867 0.5
    endloop
  endfacet
  facet normal 0 0 -1
    outer loop
      vertex 80.36370330515628 77.53527618041008 -0.5
      vertex 80.38118290510398 77.46768758239867 -0.5
      vertex 80.39748025914093 77.39980421737546 -0.5
    endloop
  endfacet
  facet normal 0.9681476403781323 0.25038000405434624 0
    outer loop
      vertex 80.36370330515628 77.53527618041008 -0.5
      vertex 80.38118290510398 77.46768758239867 0.5
      vertex 80.38118290510398 77.46768758239867 -0.5
    endloop
  endfacet
  facet normal 0 0 1
    outer loop
      vertex 80.36370330515628 77.53527618041008 0.5
      vertex 80.39748025914093 77.39980421737546 0.5
      vertex 80.38118290510398 77.46768758239867 0.5
    endloop
  endfacet
  facet normal 0 0 1
    outer loop
      vertex 80.36370330515628 77.53527618041008 0.5
      vertex 80.42650873379066 77.26323598150618 0.5
      vertex 80.39748025914093 77.39980421737546 0.5
    endloop
  endfacet
  facet normal 0.9723699203976873 -0.2334453638558606 0
    outer loop
      vertex 80.38118290510398 -77.46768758239867 -0.5
      vertex 80.39748025914093 -77.39980421737546 -0.5
      vertex 80.39748025914093 -77.39980421737546 0.5
    endloop
  endfacet
  facet normal 0.9723699203976873 -0.2334453638558606 0
    outer loop
      vertex 80.38118290510398 -77.46768758239867 -0.5
      vertex 80.39748025914093 -77.39980421737546 0.5
      vertex 80.38118290510398 -77.46768758239867 0.5
    endloop
  endfacet
  facet normal 0 0 -1
    outer loop
      vertex 80.38118290510398 -77.46768758239867 -0.5
      vertex 80.42650873379066 -77.26323598150618 -0.5
      vertex 80.39748025914093 -77.39980421737546 -0.5
    endloop
  endfacet
  facet normal 0 0 1
    outer loop
      vertex 80.38118290510398 -77.46768758239867 0.5
      vertex 80.39748025914093 -77.39980421737546 0.5
      vertex 80.42650873379066 -77.26323598150618 0.5
    endloop
  endfacet
  facet normal 0.9723699203976873 0.2334453638558606 0
    outer loop
      vertex 80.38118290510398 77.46768758239867 -0.5
      vertex 80.38118290510398 77.46768758239867 0.5
      vertex 80.39748025914093 77.39980421737546 -0.5
    endloop
  endfacet
  facet normal 0.9723699203976873 0.2334453638558606 0
    outer loop
      vertex 80.38118290510398 77.46768758239867 0.5
      vertex 80.39748025914093 77.39980421737546 0.5
      vertex 80.39748025914093 77.39980421737546 -0.5
    endloop
  endfacet
  facet normal 0.9762960071199128 -0.21643961393819533 0
    outer loop
      vertex 80.39748025914093 -77.39980421737546 -0.5
      vertex 80.41259040293522 -77.33164676327104 -0.5
      vertex 80.41259040293522 -77.33164676327104 0.5
    endloop
  endfacet
  facet normal 0.9762960071199128 -0.21643961393819533 0
    outer loop
      vertex 80.39748025914093 -77.39980421737546 -0.5
      vertex 80.41259040293522 -77.33164676327104 0.5
      vertex 80.39748025914093 -77.39980421737546 0.5
    endloop
  endfacet
  facet normal 0 0 -1
    outer loop
      vertex 80.39748025914093 -77.39980421737546 -0.5
      vertex 80.42650873379066 -77.26323598150618 -0.5
      vertex 80.41259040293522 -77.33164676327104 -0.5
    endloop
  endfacet
  facet normal 0 0 1
    outer loop
      vertex 80.39748025914093 -77.39980421737546 0.5
      vertex 80.41259040293522 -77.33164676327104 0.5
      vertex 80.42650873379066 -77.26323598150618 0.5
    endloop
  endfacet
  facet normal 0.9762960071199128 0.21643961393819533 0
    outer loop
      vertex 80.39748025914093 77.39980421737546 -0.5
      vertex 80.39748025914093 77.39980421737546 0.5
      vertex 80.41259040293522 77.33164676327104 0.5
    endloop
  endfacet
  facet normal 0 0 -1
    outer loop
      vertex 80.39748025914093 77.39980421737546 -0.5
      vertex 80.41259040293522 77.33164676327104 -0.5
      vertex 80.42650873379066 77.26323598150618 -0.5
    endloop
  endfacet
  facet normal 0.9762960071199128 0.21643961393819533 0
    outer loop
      vertex 80.39748025914093 77.39980421737546 -0.5
      vertex 80.41259040293522 77.33164676327104 0.5
      vertex 80.41259040293522 77.33164676327104 -0.5
    endloop
  endfacet
  facet normal 0 0 1
    outer loop
      vertex 80.39748025914093 77.39980421737546 0.5
      vertex 80.42650873379066 77.26323598150618 0.5
      vertex 80.41259040293522 77.33164676327104 0.5
    endloop
  endfacet
  facet normal 0.9799247046208299 -0.19936793441719536 0
    outer loop
      vertex 80.41259040293522 -77.33164676327104 -0.5
      vertex 80.42650873379066 -77.26323598150618 -0.5
      vertex 80.41259040293522 -77.33164676327104 0.5
    endloop
  endfacet
  facet normal 0.9799247046208299 -0.19936793441719536 0
    outer loop
      vertex 80.41259040293522 -77.33164676327104 0.5
      vertex 80.42650873379066 -77.26323598150618 -0.5
      vertex 80.42650873379066 -77.26323598150618 0.5
    endloop
  endfacet
  facet normal 0.9799247046208299 0.19936793441719536 0
    outer loop
      vertex 80.41259040293522 77.33164676327104 -0.5
      vertex 80.41259040293522 77.33164676327104 0.5
      vertex 80.42650873379066 77.26323598150618 -0.5
    endloop
  endfacet
  facet normal 0.9799247046208299 0.19936793441719536 0
    outer loop
      vertex 80.41259040293522 77.33164676327104 0.5
      vertex 80.42650873379066 77.26323598150618 0.5
      vertex 80.42650873379066 77.26323598150618 -0.5
    endloop
  endfacet
  facet normal 0.9832549075639457 -0.1822355254921951 0
    outer loop
      vertex 80.42650873379066 -77.26323598150618 -0.5
      vertex 80.43923101204884 -77.19459271066772 -0.5
      vertex 80.43923101204884 -77.19459271066772 0.5
    endloop
  endfacet
  facet normal 0.9832549075639457 -0.1822355254921951 0
    outer loop
      vertex 80.42650873379066 -77.26323598150618 -0.5
      vertex 80.43923101204884 -77.19459271066772 0.5
      vertex 80.42650873379066 -77.26323598150618 0.5
    endloop
  endfacet
  facet normal 0 0 -1
    outer loop
      vertex 80.42650873379066 -77.26323598150618 -0.5
      vertex 80.45075336238055 -77.12573786016092 -0.5
      vertex 80.43923101204884 -77.19459271066772 -0.5
    endloop
  endfacet
  facet normal 0 0 -1
    outer loop
      vertex 80.42650873379066 -77.26323598150618 -0.5
      vertex 80.46107227496628 -77.05669240384026 -0.5
      vertex 80.45075336238055 -77.12573786016092 -0.5
    endloop
  endfacet
  facet normal 0 0 -1
    outer loop
      vertex 80.42650873379066 -77.26323598150618 -0.5
      vertex 80.47808758147309 -76.91811385307061 -0.5
      vertex 80.46107227496628 -77.05669240384026 -0.5
    endloop
  endfacet
  facet normal 0 0 -1
    outer loop
      vertex 80.42650873379066 -77.26323598150618 -0.5
      vertex 80.5 -76.5 -0.5
      vertex 80.47808758147309 -76.91811385307061 -0.5
    endloop
  endfacet
  facet normal 0 0 1
    outer loop
      vertex 80.42650873379066 -77.26323598150618 0.5
      vertex 80.43923101204884 -77.19459271066772 0.5
      vertex 80.46107227496628 -77.05669240384026 0.5
    endloop
  endfacet
  facet normal 0 0 1
    outer loop
      vertex 80.42650873379066 -77.26323598150618 0.5
      vertex 80.46107227496628 -77.05669240384026 0.5
      vertex 80.47808758147309 -76.91811385307061 0.5
    endloop
  endfacet
  facet normal 0 0 1
    outer loop
      vertex 80.42650873379066 -77.26323598150618 0.5
      vertex 80.47808758147309 -76.91811385307061 0.5
      vertex 80.5 -76.5 0.5
    endloop
  endfacet
  facet normal 0.9832549075639457 0.1822355254921951 0
    outer loop
      vertex 80.42650873379066 77.26323598150618 -0.5
      vertex 80.42650873379066 77.26323598150618 0.5
      vertex 80.43923101204884 77.19459271066772 0.5
    endloop
  endfacet
  facet normal 0 0 -1
    outer loop
      vertex 80.42650873379066 77.26323598150618 -0.5
      vertex 80.43923101204884 77.19459271066772 -0.5
      vertex 80.45075336238055 77.12573786016092 -0.5
    endloop
  endfacet
  facet normal 0.9832549075639457 0.1822355254921951 0
    outer loop
      vertex 80.42650873379066 77.26323598150618 -0.5
      vertex 80.43923101204884 77.19459271066772 0.5
      vertex 80.43923101204884 77.19459271066772 -0.5
    endloop
  endfacet
  facet normal 0 0 -1
    outer loop
      vertex 80.42650873379066 77.26323598150618 -0.5
      vertex 80.45075336238055 77.12573786016092 -0.5
      vertex 80.46107227496628 77.05669240384026 -0.5
    endloop
  endfacet
  facet normal 0 0 -1
    outer loop
      vertex 80.42650873379066 77.26323598150618 -0.5
      vertex 80.46107227496628 77.05669240384026 -0.5
      vertex 80.48477879236698 76.84862297099063 -0.5
    endloop
  endfacet
  facet normal 0 0 -1
    outer loop
      vertex 80.42650873379066 77.26323598150618 -0.5
      vertex 80.48477879236698 76.84862297099063 -0.5
      vertex 80.5 76.5 -0.5
    endloop
  endfacet
  facet normal 0 0 1
    outer loop
      vertex 80.42650873379066 77.26323598150618 0.5
      vertex 80.45075336238055 77.12573786016092 0.5
      vertex 80.43923101204884 77.19459271066772 0.5
    endloop
  endfacet
  facet normal 0 0 1
    outer loop
      vertex 80.42650873379066 77.26323598150618 0.5
      vertex 80.46107227496628 77.05669240384026 0.5
      vertex 80.45075336238055 77.12573786016092 0.5
    endloop
  endfacet
  facet normal 0 0 1
    outer loop
      vertex 80.42650873379066 77.26323598150618 0.5
      vertex 80.48477879236698 76.84862297099063 0.5
      vertex 80.46107227496628 77.05669240384026 0.5
    endloop
  endfacet
  facet normal 0 0 1
    outer loop
      vertex 80.42650873379066 77.26323598150618 0.5
      vertex 80.5 76.5 0.5
      vertex 80.48477879236698 76.84862297099063 0.5
    endloop
  endfacet
  facet normal 0.9862856015372349 -0.1650476058606567 0
    outer loop
      vertex 80.43923101204884 -77.19459271066772 -0.5
      vertex 80.45075336238055 -77.12573786016092 -0.5
      vertex 80.43923101204884 -77.19459271066772 0.5
    endloop
  endfacet
  facet normal 0.9862856015372349 -0.1650476058606567 0
    outer loop
      vertex 80.43923101204884 -77.19459271066772 0.5
      vertex 80.45075336238055 -77.12573786016092 -0.5
      vertex 80.45075336238055 -77.12573786016092 0.5
    endloop
  endfacet
  facet normal 0 0 1
    outer loop
      vertex 80.43923101204884 -77.19459271066772 0.5
      vertex 80.45075336238055 -77.12573786016092 0.5
      vertex 80.46107227496628 -77.05669240384026 0.5
    endloop
  endfacet
  facet normal 0.9862856015372349 0.1650476058606567 0
    outer loop
      vertex 80.43923101204884 77.19459271066772 -0.5
      vertex 80.43923101204884 77.19459271066772 0.5
      vertex 80.45075336238055 77.12573786016092 -0.5
    endloop
  endfacet
  facet normal 0.9862856015372349 0.1650476058606567 0
    outer loop
      vertex 80.43923101204884 77.19459271066772 0.5
      vertex 80.45075336238055 77.12573786016092 0.5
      vertex 80.45075336238055 77.12573786016092 -0.5
    endloop
  endfacet
  facet normal 0.9890158633619163 -0.1478094111296148 0
    outer loop
      vertex 80.45075336238055 -77.12573786016092 -0.5
      vertex 80.46107227496628 -77.05669240384026 -0.5
      vertex 80.46107227496628 -77.05669240384026 0.5
    endloop
  endfacet
  facet normal 0.9890158633619163 -0.1478094111296148 0
    outer loop
      vertex 80.45075336238055 -77.12573786016092 -0.5
      vertex 80.46107227496628 -77.05669240384026 0.5
      vertex 80.45075336238055 -77.12573786016092 0.5
    endloop
  endfacet
  facet normal 0.9890158633619163 0.1478094111296148 0
    outer loop
      vertex 80.45075336238055 77.12573786016092 -0.5
      vertex 80.45075336238055 77.12573786016092 0.5
      vertex 80.46107227496628 77.05669240384026 -0.5
    endloop
  endfacet
  facet normal 0.9890158633619163 0.1478094111296148 0
    outer loop
      vertex 80.45075336238055 77.12573786016092 0.5
      vertex 80.46107227496628 77.05669240384026 0.5
      vertex 80.46107227496628 77.05669240384026 -0.5
    endloop
  endfacet
  facet normal 0.9914448613738239 -0.13052619221994952 0
    outer loop
      vertex 80.46107227496628 -77.05669240384026 -0.5
      vertex 80.47018460656528 -76.98747737362059 -0.5
      vertex 80.47018460656528 -76.98747737362059 0.5
    endloop
  endfacet
  facet normal 0.9914448613738239 -0.13052619221994952 0
    outer loop
      vertex 80.46107227496628 -77.05669240384026 -0.5
      vertex 80.47018460656528 -76.98747737362059 0.5
      vertex 80.46107227496628 -77.05669240384026 0.5
    endloop
  endfacet
  facet normal 0 0 -1
    outer loop
      vertex 80.46107227496628 -77.05669240384026 -0.5
      vertex 80.47808758147309 -76.91811385307061 -0.5
      vertex 80.47018460656528 -76.98747737362059 -0.5
    endloop
  endfacet
  facet normal 0 0 1
    outer loop
      vertex 80.46107227496628 -77.05669240384026 0.5
      vertex 80.47018460656528 -76.98747737362059 0.5
      vertex 80.47808758147309 -76.91811385307061 0.5
    endloop
  endfacet
  facet normal 0.9914448613738239 0.13052619221994952 0
    outer loop
      vertex 80.46107227496628 77.05669240384026 -0.5
      vertex 80.46107227496628 77.05669240384026 0.5
      vertex 80.47018460656528 76.98747737362059 -0.5
    endloop
  endfacet
  facet normal 0 0 -1
    outer loop
      vertex 80.46107227496628 77.05669240384026 -0.5
      vertex 80.47018460656528 76.98747737362059 -0.5
      vertex 80.48477879236698 76.84862297099063 -0.5
    endloop
  endfacet
  facet normal 0.9914448613738239 0.13052619221994952 0
    outer loop
      vertex 80.46107227496628 77.05669240384026 0.5
      vertex 80.47018460656528 76.98747737362059 0.5
      vertex 80.47018460656528 76.98747737362059 -0.5
    endloop
  endfacet
  facet normal 0 0 1
    outer loop
      vertex 80.46107227496628 77.05669240384026 0.5
      vertex 80.47808758147309 76.91811385307061 0.5
      vertex 80.47018460656528 76.98747737362059 0.5
    endloop
  endfacet
  facet normal 0 0 1
    outer loop
      vertex 80.46107227496628 77.05669240384026 0.5
      vertex 80.48477879236698 76.84862297099063 0.5
      vertex 80.47808758147309 76.91811385307061 0.5
    endloop
  endfacet
  facet normal 0.9935718556765855 -0.11320321376792473 0
    outer loop
      vertex 80.47018460656528 -76.98747737362059 -0.5
      vertex 80.47808758147309 -76.91811385307061 -0.5
      vertex 80.47018460656528 -76.98747737362059 0.5
    endloop
  endfacet
  facet normal 0.9935718556765855 -0.11320321376792473 0
    outer loop
      vertex 80.47018460656528 -76.98747737362059 0.5
      vertex 80.47808758147309 -76.91811385307061 -0.5
      vertex 80.47808758147309 -76.91811385307061 0.5
    endloop
  endfacet
  facet normal 0.9935718556765855 0.11320321376792473 0
    outer loop
      vertex 80.47018460656528 76.98747737362059 -0.5
      vertex 80.47018460656528 76.98747737362059 0.5
      vertex 80.47808758147309 76.91811385307061 0.5
    endloop
  endfacet
  facet normal 0 0 -1
    outer loop
      vertex 80.47018460656528 76.98747737362059 -0.5
      vertex 80.47808758147309 76.91811385307061 -0.5
      vertex 80.48477879236698 76.84862297099063 -0.5
    endloop
  endfacet
  facet normal 0.9935718556765855 0.11320321376792473 0
    outer loop
      vertex 80.47018460656528 76.98747737362059 -0.5
      vertex 80.47808758147309 76.91811385307061 0.5
      vertex 80.47808758147309 76.91811385307061 -0.5
    endloop
  endfacet
  facet normal 0.9953961983671753 -0.0958457525202606 0
    outer loop
      vertex 80.47808758147309 -76.91811385307061 -0.5
      vertex 80.48477879236698 -76.84862297099063 -0.5
      vertex 80.48477879236698 -76.84862297099063 0.5
    endloop
  endfacet
  facet normal 0.9953961983671753 -0.0958457525202606 0
    outer loop
      vertex 80.47808758147309 -76.91811385307061 -0.5
      vertex 80.48477879236698 -76.84862297099063 0.5
      vertex 80.47808758147309 -76.91811385307061 0.5
    endloop
  endfacet
  facet normal 0 0 -1
    outer loop
      vertex 80.47808758147309 -76.91811385307061 -0.5
      vertex 80.4902562010393 -76.7790258949765 -0.5
      vertex 80.48477879236698 -76.84862297099063 -0.5
    endloop
  endfacet
  facet normal 0 0 -1
    outer loop
      vertex 80.47808758147309 -76.91811385307061 -0.5
      vertex 80.4945181390183 -76.70934382497178 -0.5
      vertex 80.4902562010393 -76.7790258949765 -0.5
    endloop
  endfacet
  facet normal 0 0 -1
    outer loop
      vertex 80.47808758147309 -76.91811385307061 -0.5
      vertex 80.5 -76.5 -0.5
      vertex 80.4945181390183 -76.70934382497178 -0.5
    endloop
  endfacet
  facet normal 0 0 1
    outer loop
      vertex 80.47808758147309 -76.91811385307061 0.5
      vertex 80.48477879236698 -76.84862297099063 0.5
      vertex 80.4945181390183 -76.70934382497178 0.5
    endloop
  endfacet
  facet normal 0 0 1
    outer loop
      vertex 80.47808758147309 -76.91811385307061 0.5
      vertex 80.4945181390183 -76.70934382497178 0.5
      vertex 80.5 -76.5 0.5
    endloop
  endfacet
  facet normal 0.9953961983671753 0.0958457525202606 0
    outer loop
      vertex 80.47808758147309 76.91811385307061 -0.5
      vertex 80.47808758147309 76.91811385307061 0.5
      vertex 80.48477879236698 76.84862297099063 -0.5
    endloop
  endfacet
  facet normal 0.9953961983671753 0.0958457525202606 0
    outer loop
      vertex 80.47808758147309 76.91811385307061 0.5
      vertex 80.48477879236698 76.84862297099063 0.5
      vertex 80.48477879236698 76.84862297099063 -0.5
    endloop
  endfacet
  facet normal 0.9969173337331224 -0.0784590957279149 0
    outer loop
      vertex 80.48477879236698 -76.84862297099063 -0.5
      vertex 80.4902562010393 -76.7790258949765 -0.5
      vertex 80.48477879236698 -76.84862297099063 0.5
    endloop
  endfacet
  facet normal 0.9969173337331224 -0.0784590957279149 0
    outer loop
      vertex 80.48477879236698 -76.84862297099063 0.5
      vertex 80.4902562010393 -76.7790258949765 -0.5
      vertex 80.4902562010393 -76.7790258949765 0.5
    endloop
  endfacet
  facet normal 0 0 1
    outer loop
      vertex 80.48477879236698 -76.84862297099063 0.5
      vertex 80.4902562010393 -76.7790258949765 0.5
      vertex 80.4945181390183 -76.70934382497178 0.5
    endloop
  endfacet
  facet normal 0.9969173337331224 0.0784590957279149 0
    outer loop
      vertex 80.48477879236698 76.84862297099063 -0.5
      vertex 80.48477879236698 76.84862297099063 0.5
      vertex 80.4902562010393 76.7790258949765 -0.5
    endloop
  endfacet
  facet normal 0 0 -1
    outer loop
      vertex 80.48477879236698 76.84862297099063 -0.5
      vertex 80.4902562010393 76.7790258949765 -0.5
      vertex 80.4945181390183 76.70934382497178 -0.5
    endloop
  endfacet
  facet normal 0 0 -1
    outer loop
      vertex 80.48477879236698 76.84862297099063 -0.5
      vertex 80.4945181390183 76.70934382497178 -0.5
      vertex 80.5 76.5 -0.5
    endloop
  endfacet
  facet normal 0.9969173337331224 0.0784590957279149 0
    outer loop
      vertex 80.48477879236698 76.84862297099063 0.5
      vertex 80.4902562010393 76.7790258949765 0.5
      vertex 80.4902562010393 76.7790258949765 -0.5
    endloop
  endfacet
  facet normal 0 0 1
    outer loop
      vertex 80.48477879236698 76.84862297099063 0.5
      vertex 80.4945181390183 76.70934382497178 0.5
      vertex 80.4902562010393 76.7790258949765 0.5
    endloop
  endfacet
  facet normal 0 0 1
    outer loop
      vertex 80.48477879236698 76.84862297099063 0.5
      vertex 80.49756330807638 76.63959798681 0.5
      vertex 80.4945181390183 76.70934382497178 0.5
    endloop
  endfacet
  facet normal 0 0 1
    outer loop
      vertex 80.48477879236698 76.84862297099063 0.5
      vertex 80.5 76.5 0.5
      vertex 80.49756330807638 76.63959798681 0.5
    endloop
  endfacet
  facet normal 0.9981347984218691 -0.061048539534820846 0
    outer loop
      vertex 80.4902562010393 -76.7790258949765 -0.5
      vertex 80.4945181390183 -76.70934382497178 -0.5
      vertex 80.4945181390183 -76.70934382497178 0.5
    endloop
  endfacet
  facet normal 0.9981347984218691 -0.061048539534820846 0
    outer loop
      vertex 80.4902562010393 -76.7790258949765 -0.5
      vertex 80.4945181390183 -76.70934382497178 0.5
      vertex 80.4902562010393 -76.7790258949765 0.5
    endloop
  endfacet
  facet normal 0.9981347984218691 0.061048539534820846 0
    outer loop
      vertex 80.4902562010393 76.7790258949765 -0.5
      vertex 80.4902562010393 76.7790258949765 0.5
      vertex 80.4945181390183 76.70934382497178 0.5
    endloop
  endfacet
  facet normal 0.9981347984218691 0.061048539534820846 0
    outer loop
      vertex 80.4902562010393 76.7790258949765 -0.5
      vertex 80.4945181390183 76.70934382497178 0.5
      vertex 80.4945181390183 76.70934382497178 -0.5
    endloop
  endfacet
  facet normal 0.9990482215818606 -0.04361938736527178 0
    outer loop
      vertex 80.4945181390183 -76.70934382497178 -0.5
      vertex 80.49756330807638 -76.63959798681 -0.5
      vertex 80.49756330807638 -76.63959798681 0.5
    endloop
  endfacet
  facet normal 0.9990482215818606 -0.04361938736527178 0
    outer loop
      vertex 80.4945181390183 -76.70934382497178 -0.5
      vertex 80.49756330807638 -76.63959798681 0.5
      vertex 80.4945181390183 -76.70934382497178 0.5
    endloop
  endfacet
  facet normal 0 0 -1
    outer loop
      vertex 80.4945181390183 -76.70934382497178 -0.5
      vertex 80.5 -76.5 -0.5
      vertex 80.49756330807638 -76.63959798681 -0.5
    endloop
  endfacet
  facet normal 0 0 1
    outer loop
      vertex 80.4945181390183 -76.70934382497178 0.5
      vertex 80.49756330807638 -76.63959798681 0.5
      vertex 80.5 -76.5 0.5
    endloop
  endfacet
  facet normal 0.9990482215818606 0.04361938736527178 0
    outer loop
      vertex 80.4945181390183 76.70934382497178 -0.5
      vertex 80.4945181390183 76.70934382497178 0.5
      vertex 80.49756330807638 76.63959798681 -0.5
    endloop
  endfacet
  facet normal 0 0 -1
    outer loop
      vertex 80.4945181390183 76.70934382497178 -0.5
      vertex 80.49756330807638 76.63959798681 -0.5
      vertex 80.5 76.5 -0.5
    endloop
  endfacet
  facet normal 0.9990482215818606 0.04361938736527178 0
    outer loop
      vertex 80.4945181390183 76.70934382497178 0.5
      vertex 80.49756330807638 76.63959798681 0.5
      vertex 80.49756330807638 76.63959798681 -0.5
    endloop
  endfacet
  facet normal 0.9996573249755578 -0.026176948307852905 0
    outer loop
      vertex 80.49756330807638 -76.63959798681 -0.5
      vertex 80.49939078062556 -76.56980962574913 -0.5
      vertex 80.49939078062556 -76.56980962574913 0.5
    endloop
  endfacet
  facet normal 0.9996573249755578 -0.026176948307852905 0
    outer loop
      vertex 80.49756330807638 -76.63959798681 -0.5
      vertex 80.49939078062556 -76.56980962574913 0.5
      vertex 80.49756330807638 -76.63959798681 0.5
    endloop
  endfacet
  facet normal 0 0 -1
    outer loop
      vertex 80.49756330807638 -76.63959798681 -0.5
      vertex 80.5 -76.5 -0.5
      vertex 80.49939078062556 -76.56980962574913 -0.5
    endloop
  endfacet
  facet normal 0 0 1
    outer loop
      vertex 80.49756330807638 -76.63959798681 0.5
      vertex 80.49939078062556 -76.56980962574913 0.5
      vertex 80.5 -76.5 0.5
    endloop
  endfacet
  facet normal 0.9996573249755578 0.026176948307852905 0
    outer loop
      vertex 80.49756330807638 76.63959798681 -0.5
      vertex 80.49756330807638 76.63959798681 0.5
      vertex 80.49939078062556 76.56980962574913 -0.5
    endloop
  endfacet
  facet normal 0 0 -1
    outer loop
      vertex 80.49756330807638 76.63959798681 -0.5
      vertex 80.49939078062556 76.56980962574913 -0.5
      vertex 80.5 76.5 -0.5
    endloop
  endfacet
  facet normal 0.9996573249755579 0.02617694830785291 0
    outer loop
      vertex 80.49756330807638 76.63959798681 0.5
      vertex 80.49939078062556 76.56980962574913 0.4900000000000002
      vertex 80.49939078062556 76.56980962574913 -0.5
    endloop
  endfacet
  facet normal 0.9996573249755578 0.0261769483078529 0
    outer loop
      vertex 80.49756330807638 76.63959798681 0.5
      vertex 80.49939078062556 76.56980962574913 0.5
      vertex 80.49939078062556 76.56980962574913 0.4900000000000002
    endloop
  endfacet
  facet normal 0 0 1
    outer loop
      vertex 80.49756330807638 76.63959798681 0.5
      vertex 80.5 76.5 0.5
      vertex 80.49939078062556 76.56980962574913 0.5
    endloop
  endfacet
  facet normal 0.9999619230641706 -0.008726535498436295 0
    outer loop
      vertex 80.49939078062556 -76.56980962574913 -0.5
      vertex 80.5 -76.5 -0.5
      vertex 80.49939078062556 -76.56980962574913 0.5
    endloop
  endfacet
  facet normal 0.9999619230641706 -0.008726535498436295 0
    outer loop
      vertex 80.49939078062556 -76.56980962574913 0.5
      vertex 80.5 -76.5 -0.5
      vertex 80.5 -76.5 0.5
    endloop
  endfacet
  facet normal 0.9999619230641706 0.008726535498436295 0
    outer loop
      vertex 80.49939078062556 76.56980962574913 -0.5
      vertex 80.49939078062556 76.56980962574913 0.4900000000000002
      vertex 80.5 76.5 -0.5
    endloop
  endfacet
  facet normal 0.9999619230641709 0.008726535498436296 0
    outer loop
      vertex 80.49939078062556 76.56980962574913 0.4900000000000002
      vertex 80.49939078062556 76.56980962574913 0.5
      vertex 80.5 76.5 0.5
    endloop
  endfacet
  facet normal 0.9999619230641706 0.008726535498436295 0
    outer loop
      vertex 80.49939078062556 76.56980962574913 0.4900000000000002
      vertex 80.5 76.5 0.5
      vertex 80.5 76.5 -0.5
    endloop
  endfacet
  facet normal 1 0 0
    outer loop
      vertex 80.5 -76.5 -0.5
      vertex 80.5 76.5 -0.5
      vertex 80.5 -76.5 0.5
    endloop
  endfacet
  facet normal 1 0 0
    outer loop
      vertex 80.5 -76.5 0.5
      vertex 80.5 76.5 -0.5
      vertex 80.5 76.5 0.5
    endloop
  endfacet
endsolid OpenSCAD_Model
